method,decay,m,trial,estimate,true_trace,relative_error
Hutchinson,0.5,20,0,62.641002341027786,61.80100876524323,0.013591907196456069
Hutch++,0.5,20,0,54.498771908573964,61.80100876524323,0.11815724374997633
NA-Hutch++,0.5,20,0,61.549573138889606,61.80100876524323,0.004068471233353599
Gaussian-Hutch++,0.5,20,0,62.16055499816141,61.80100876524323,0.005817805244635185
Hutchinson,0.5,20,1,61.399509287765525,61.80100876524323,0.006496649253782231
Hutch++,0.5,20,1,55.990633878348525,61.80100876524323,0.09401747646168601
NA-Hutch++,0.5,20,1,65.08218190416763,61.80100876524323,0.053092549854456744
Gaussian-Hutch++,0.5,20,1,61.283509658410395,61.80100876524323,0.00837363527185461
Hutchinson,0.5,20,2,62.24666307448863,61.80100876524323,0.007211117069921252
Hutch++,0.5,20,2,55.90235542440155,61.80100876524323,0.09544590709268608
NA-Hutch++,0.5,20,2,61.73635617409866,61.80100876524323,0.0010461413565296463
Gaussian-Hutch++,0.5,20,2,61.5712736861878,61.80100876524323,0.0037173354229232745
Hutchinson,0.5,20,3,61.69023728872969,61.80100876524323,0.0017923894565267827
Hutch++,0.5,20,3,56.541188040818,61.80100876524323,0.0851089784699978
NA-Hutch++,0.5,20,3,60.531126830333754,61.80100876524323,0.02054791596902957
Gaussian-Hutch++,0.5,20,3,60.19660948844607,61.80100876524323,0.025960729587628857
Hutchinson,0.5,20,4,61.24059648514909,61.80100876524323,0.009068011854352059
Hutch++,0.5,20,4,56.68863606771052,61.80100876524323,0.08272312701160797
NA-Hutch++,0.5,20,4,63.82079326190633,61.80100876524323,0.032682063562027526
Gaussian-Hutch++,0.5,20,4,62.68858468459064,61.80100876524323,0.014361835463219433
Hutchinson,0.5,20,5,62.91828434292002,61.80100876524323,0.018078597744591175
Hutch++,0.5,20,5,55.961880730791,61.80100876524323,0.09448273015465962
NA-Hutch++,0.5,20,5,59.16164553398416,61.80100876524323,0.04270744578433885
Gaussian-Hutch++,0.5,20,5,61.610495975692295,61.80100876524323,0.003082680903714968
Hutchinson,0.5,20,6,62.019571972263336,61.80100876524323,0.0035365637452672667
Hutch++,0.5,20,6,55.88505223849193,61.80100876524323,0.09572588934953477
NA-Hutch++,0.5,20,6,62.79089945150559,61.80100876524323,0.016017387192214714
Gaussian-Hutch++,0.5,20,6,61.238456403657295,61.80100876524323,0.009102640439460186
Hutchinson,0.5,20,7,61.5011216412747,61.80100876524323,0.004852463251978298
Hutch++,0.5,20,7,56.81151880171644,61.80100876524323,0.08073476571361199
NA-Hutch++,0.5,20,7,63.2262387919072,61.80100876524323,0.023061598105588117
Gaussian-Hutch++,0.5,20,7,61.574169652671635,61.80100876524323,0.0036704758887232012
Hutchinson,0.5,20,8,61.78840313315952,61.80100876524323,0.00020397129975007172
Hutch++,0.5,20,8,55.80064914479941,61.80100876524323,0.09709161290937397
NA-Hutch++,0.5,20,8,63.50444350492147,61.80100876524323,0.02756321901069429
Gaussian-Hutch++,0.5,20,8,61.631605467631275,61.80100876524323,0.0027411089397496916
Hutchinson,0.5,20,9,61.36195298227754,61.80100876524323,0.007104346542844987
Hutch++,0.5,20,9,56.187334904014385,61.80100876524323,0.09083466392195795
NA-Hutch++,0.5,20,9,61.60746156729761,61.80100876524323,0.0031317805617190855
Gaussian-Hutch++,0.5,20,9,61.230391384962836,61.80100876524323,0.009233140229926313
Hutchinson,0.5,20,10,61.917452376512266,61.80100876524323,0.0018841700741707241
Hutch++,0.5,20,10,54.5131389682696,61.80100876524323,0.11792477085054176
NA-Hutch++,0.5,20,10,61.25443033558377,61.80100876524323,0.008844166795653611
Gaussian-Hutch++,0.5,20,10,60.468755866982505,61.80100876524323,0.021557138384608102
Hutchinson,0.5,20,11,61.118095685008214,61.80100876524323,0.011050193093596991
Hutch++,0.5,20,11,54.93827967944997,61.80100876524323,0.11104558360628003
NA-Hutch++,0.5,20,11,65.67757038674006,61.80100876524323,0.06272651043969685
Gaussian-Hutch++,0.5,20,11,62.48324943799333,61.80100876524323,0.011039312891180321
Hutchinson,0.5,20,12,60.32420551795408,61.80100876524323,0.023896102617012718
Hutch++,0.5,20,12,55.326111950278964,61.80100876524323,0.10477008295381963
NA-Hutch++,0.5,20,12,58.875812592989234,61.80100876524323,0.04733249878437457
Gaussian-Hutch++,0.5,20,12,61.47820258229731,61.80100876524323,0.0052233157580345285
Hutchinson,0.5,20,13,61.77564575166216,61.80100876524323,0.00041039805154984894
Hutch++,0.5,20,13,55.13424413212319,61.80100876524323,0.10787468952884495
NA-Hutch++,0.5,20,13,63.51176608380657,61.80100876524323,0.027681705408107594
Gaussian-Hutch++,0.5,20,13,60.68460717862571,61.80100876524323,0.018064455725282313
Hutchinson,0.5,20,14,61.55646859909342,61.80100876524323,0.0039568960286509094
Hutch++,0.5,20,14,55.380200483103344,61.80100876524323,0.10389487826209946
NA-Hutch++,0.5,20,14,64.1094200159207,61.80100876524323,0.03735232315456506
Gaussian-Hutch++,0.5,20,14,62.16370587824128,61.80100876524323,0.005868789526976607
Hutchinson,0.5,20,15,61.98030061338983,61.80100876524323,0.0029011152362844743
Hutch++,0.5,20,15,54.986226692822726,61.80100876524323,0.1102697546298488
NA-Hutch++,0.5,20,15,60.32099526824564,61.80100876524323,0.023948047557274657
Gaussian-Hutch++,0.5,20,15,62.19370854623258,61.80100876524323,0.006354261667168773
Hutchinson,0.5,20,16,62.196029572853305,61.80100876524323,0.006391818119192782
Hutch++,0.5,20,16,55.602254911638596,61.80100876524323,0.10030182318141712
NA-Hutch++,0.5,20,16,66.75419517993188,61.80100876524323,0.0801473392368688
Gaussian-Hutch++,0.5,20,16,61.25922016651788,61.80100876524323,0.00876666270583685
Hutchinson,0.5,20,17,61.53266364570628,61.80100876524323,0.004342083161721295
Hutch++,0.5,20,17,55.28802746429968,61.80100876524323,0.10538632671326943
NA-Hutch++,0.5,20,17,61.196620121326625,61.80100876524323,0.009779591886799659
Gaussian-Hutch++,0.5,20,17,62.410558335447064,61.80100876524323,0.009863100657778285
Hutchinson,0.5,20,18,61.237201303047414,61.80100876524323,0.009122949179316673
Hutch++,0.5,20,18,57.092556441472816,61.80100876524323,0.07618730531820123
NA-Hutch++,0.5,20,18,62.71311661702074,61.80100876524323,0.014758785819212611
Gaussian-Hutch++,0.5,20,18,61.521246823369594,61.80100876524323,0.0045268183717896695
Hutchinson,0.5,20,19,61.72975738911716,61.80100876524323,0.0011529160696506712
Hutch++,0.5,20,19,55.434664732683835,61.80100876524323,0.10301359411045433
NA-Hutch++,0.5,20,19,63.27071073935498,61.80100876524323,0.023781197159653933
Gaussian-Hutch++,0.5,20,19,61.99110235759002,61.80100876524323,0.0030758978881538826
Hutchinson,0.5,20,20,60.90066276382424,61.80100876524323,0.014568467722574478
Hutch++,0.5,20,20,56.778546013717396,61.80100876524323,0.08126829726362751
NA-Hutch++,0.5,20,20,60.85954340998266,61.80100876524323,0.015233818574658069
Gaussian-Hutch++,0.5,20,20,61.84616027275731,61.80100876524323,0.0007305949921560295
Hutchinson,0.5,20,21,61.27416057439736,61.80100876524323,0.008524912479133733
Hutch++,0.5,20,21,54.2071749397762,61.80100876524323,0.12287556428589863
NA-Hutch++,0.5,20,21,60.41932485528597,61.80100876524323,0.02235697988694186
Gaussian-Hutch++,0.5,20,21,60.8742271109795,61.80100876524323,0.014996222113205296
Hutchinson,0.5,20,22,61.63051142487437,61.80100876524323,0.002758811608019392
Hutch++,0.5,20,22,55.58250439933802,61.80100876524323,0.10062140554253357
NA-Hutch++,0.5,20,22,62.84763892915878,61.80100876524323,0.016935486731151344
Gaussian-Hutch++,0.5,20,22,61.490028662934584,61.80100876524323,0.005031958353462059
Hutchinson,0.5,20,23,61.11218750979043,61.80100876524323,0.011145793073853397
Hutch++,0.5,20,23,55.40497184899192,61.80100876524323,0.10349405364153912
NA-Hutch++,0.5,20,23,63.0515525894433,61.80100876524323,0.020235006663893947
Gaussian-Hutch++,0.5,20,23,63.20672304650102,61.80100876524323,0.022745814499525736
Hutchinson,0.5,20,24,61.70813867025349,61.80100876524323,0.001502727816992719
Hutch++,0.5,20,24,55.715942022215216,61.80100876524323,0.09846225595026606
NA-Hutch++,0.5,20,24,61.632370055704214,61.80100876524323,0.0027287371664046277
Gaussian-Hutch++,0.5,20,24,61.51198962419299,61.80100876524323,0.004676608793686607
Hutchinson,0.5,20,25,61.39502242164688,61.80100876524323,0.006569251080326693
Hutch++,0.5,20,25,55.101274231665975,61.80100876524323,0.10840817435564537
NA-Hutch++,0.5,20,25,63.376842851111135,61.80100876524323,0.02549851721440103
Gaussian-Hutch++,0.5,20,25,62.073026250349784,61.80100876524323,0.004401505582859261
Hutchinson,0.5,20,26,61.90859594772006,61.80100876524323,0.0017408645040974462
Hutch++,0.5,20,26,55.816592122605016,61.80100876524323,0.09683364013313388
NA-Hutch++,0.5,20,26,62.755760282964395,61.80100876524323,0.015448801513060642
Gaussian-Hutch++,0.5,20,26,61.064504428281424,61.80100876524323,0.01191735137786321
Hutchinson,0.5,20,27,61.805920462557005,61.80100876524323,7.947600552007757e-05
Hutch++,0.5,20,27,57.29599528242227,61.80100876524323,0.07289546842080957
NA-Hutch++,0.5,20,27,60.801576837467195,61.80100876524323,0.01617177369341122
Gaussian-Hutch++,0.5,20,27,61.47983745604771,61.80100876524323,0.005196861922036239
Hutchinson,0.5,20,28,61.249832531683545,61.80100876524323,0.008918563702631136
Hutch++,0.5,20,28,56.27180973282078,61.80100876524323,0.08946777961870526
NA-Hutch++,0.5,20,28,60.21325004861122,61.80100876524323,0.025691469255190575
Gaussian-Hutch++,0.5,20,28,60.80671938684111,61.80100876524323,0.016088562278635633
Hutchinson,0.5,20,29,61.23944452529656,61.80100876524323,0.009086651677156636
Hutch++,0.5,20,29,55.721667396276736,61.80100876524323,0.09836961386924004
NA-Hutch++,0.5,20,29,61.642046518424316,61.80100876524323,0.002572162655511803
Gaussian-Hutch++,0.5,20,29,61.5220365982727,61.80100876524323,0.0045140390512108655
Hutchinson,0.5,20,30,60.66747834684306,61.80100876524323,0.018341616763991486
Hutch++,0.5,20,30,55.56728108276451,61.80100876524323,0.10086773350509708
NA-Hutch++,0.5,20,30,62.75346509486603,61.80100876524323,0.015411663153279428
Gaussian-Hutch++,0.5,20,30,61.24346230247327,61.80100876524323,0.009021640162668772
Hutchinson,0.5,20,31,61.71765275153514,61.80100876524323,0.0013487807945777438
Hutch++,0.5,20,31,55.311716700047036,61.80100876524323,0.1050030120033536
NA-Hutch++,0.5,20,31,60.083383166375704,61.80100876524323,0.027792840815788065
Gaussian-Hutch++,0.5,20,31,61.21311696831776,61.80100876524323,0.009512656972293596
Hutchinson,0.5,20,32,61.63070468501176,61.80100876524323,0.0027556844723747175
Hutch++,0.5,20,32,56.969978484148385,61.80100876524323,0.07817073503518294
NA-Hutch++,0.5,20,32,61.09530373075392,61.80100876524323,0.01141898892249474
Gaussian-Hutch++,0.5,20,32,61.54276878605707,61.80100876524323,0.004178572232811164
Hutchinson,0.5,20,33,62.18695633459039,61.80100876524323,0.006245004362521274
Hutch++,0.5,20,33,55.618153030050145,61.80100876524323,0.10004457627349139
NA-Hutch++,0.5,20,33,59.2674489277182,61.80100876524323,0.040995444704616246
Gaussian-Hutch++,0.5,20,33,61.67176125514416,61.80100876524323,0.002091349521332709
Hutchinson,0.5,20,34,61.579569293792716,61.80100876524323,0.0035831044812176796
Hutch++,0.5,20,34,56.101834026707905,61.80100876524323,0.09221815068074635
NA-Hutch++,0.5,20,34,59.6936288787132,61.80100876524323,0.034099441556611286
Gaussian-Hutch++,0.5,20,34,62.64078660346231,61.80100876524323,0.013588416354319566
Hutchinson,0.5,20,35,62.22351148779222,61.80100876524323,0.0068365020408308564
Hutch++,0.5,20,35,54.85080892446911,61.80100876524323,0.1124609448880533
NA-Hutch++,0.5,20,35,60.752898998502495,61.80100876524323,0.01695942813364224
Gaussian-Hutch++,0.5,20,35,61.99342979816625,61.80100876524323,0.003113558124171464
Hutchinson,0.5,20,36,61.65316353717782,61.80100876524323,0.0023922785569248147
Hutch++,0.5,20,36,54.916536088511876,61.80100876524323,0.11139741590436902
NA-Hutch++,0.5,20,36,61.674261085837976,61.80100876524323,0.0020508998467438965
Gaussian-Hutch++,0.5,20,36,62.95931931161363,61.80100876524323,0.01874258316349414
Hutchinson,0.5,20,37,61.513080717238175,61.80100876524323,0.004658953854600946
Hutch++,0.5,20,37,55.76735972768911,61.80100876524323,0.09763026782416265
NA-Hutch++,0.5,20,37,60.458036041914866,61.80100876524323,0.02173059550580752
Gaussian-Hutch++,0.5,20,37,60.23111301876783,61.80100876524323,0.025402429148669647
Hutchinson,0.5,20,38,61.675420277763614,61.80100876524323,0.002032143002012756
Hutch++,0.5,20,38,55.750197467143984,61.80100876524323,0.09790796977252922
NA-Hutch++,0.5,20,38,59.35955419059828,61.80100876524323,0.03950509260971837
Gaussian-Hutch++,0.5,20,38,60.69462916564947,61.80100876524323,0.01790229029750063
Hutchinson,0.5,20,39,61.32913940094335,61.80100876524323,0.007635301975285277
Hutch++,0.5,20,39,56.905815472721464,61.80100876524323,0.07920895451911805
NA-Hutch++,0.5,20,39,59.85333342966423,61.80100876524323,0.03151526770343542
Gaussian-Hutch++,0.5,20,39,63.50992141543181,61.80100876524323,0.027651856892498966
Hutchinson,0.5,20,40,61.98942314763836,61.80100876524323,0.0030487266496059917
Hutch++,0.5,20,40,57.30788175378322,61.80100876524323,0.07270313383601171
NA-Hutch++,0.5,20,40,60.6733526979805,61.80100876524323,0.01824656409001734
Gaussian-Hutch++,0.5,20,40,62.937357486526466,61.80100876524323,0.018387219626135202
Hutchinson,0.5,20,41,61.589908375120714,61.80100876524323,0.003415808161391047
Hutch++,0.5,20,41,54.356010443138906,61.80100876524323,0.12046726211840378
NA-Hutch++,0.5,20,41,62.29043219607464,61.80100876524323,0.007919343722859408
Gaussian-Hutch++,0.5,20,41,62.208338827212984,61.80100876524323,0.0065909937411706716
Hutchinson,0.5,20,42,61.06210569091496,61.80100876524323,0.01195616526479464
Hutch++,0.5,20,42,54.943958958685165,61.80100876524323,0.11095368738405542
NA-Hutch++,0.5,20,42,61.04082263548078,61.80100876524323,0.012300545653713982
Gaussian-Hutch++,0.5,20,42,62.12327099896806,61.80100876524323,0.005214514134372315
Hutchinson,0.5,20,43,61.87251989329828,61.80100876524323,0.0011571191066911508
Hutch++,0.5,20,43,55.51325487938465,61.80100876524323,0.10174192964621648
NA-Hutch++,0.5,20,43,59.522872420070385,61.80100876524323,0.03686244594852093
Gaussian-Hutch++,0.5,20,43,60.55452188028483,61.80100876524323,0.020169361469378193
Hutchinson,0.5,20,44,61.25463448587449,61.80100876524323,0.008840863446811915
Hutch++,0.5,20,44,55.74406125673273,61.80100876524323,0.09800725958241834
NA-Hutch++,0.5,20,44,63.82682951107546,61.80100876524323,0.03277973590249137
Gaussian-Hutch++,0.5,20,44,61.52623422131166,61.80100876524323,0.004446117457003443
Hutchinson,0.5,20,45,61.01433962043804,61.80100876524323,0.012729066410443714
Hutch++,0.5,20,45,56.1978946201521,61.80100876524323,0.09066379751785401
NA-Hutch++,0.5,20,45,59.65090126775167,61.80100876524323,0.03479081556191001
Gaussian-Hutch++,0.5,20,45,62.09694420252971,61.80100876524323,0.004788521145514284
Hutchinson,0.5,20,46,60.78383093094228,61.80100876524323,0.01645891959732882
Hutch++,0.5,20,46,55.43191969307901,61.80100876524323,0.10305801150200943
NA-Hutch++,0.5,20,46,59.94469318340259,61.80100876524323,0.030036978666351938
Gaussian-Hutch++,0.5,20,46,61.085562209404465,61.80100876524323,0.0115766161448344
Hutchinson,0.5,20,47,61.87824809833793,61.80100876524323,0.0012498069956769814
Hutch++,0.5,20,47,55.98047476792245,61.80100876524323,0.09418186067853049
NA-Hutch++,0.5,20,47,59.810039974228424,61.80100876524323,0.03221579761873604
Gaussian-Hutch++,0.5,20,47,62.66854106444091,61.80100876524323,0.014037510334063925
Hutchinson,0.5,20,48,62.0102661842311,61.80100876524323,0.0033859871087663137
Hutch++,0.5,20,48,54.42976402823853,61.80100876524323,0.11927385789130153
NA-Hutch++,0.5,20,48,60.66031789927247,61.80100876524323,0.018457479720173815
Gaussian-Hutch++,0.5,20,48,61.32539034804743,61.80100876524323,0.0076959652714162635
Hutchinson,0.5,20,49,61.3510383115716,61.80100876524323,0.007280956454624973
Hutch++,0.5,20,49,55.764283022489934,61.80100876524323,0.09768005188530743
NA-Hutch++,0.5,20,49,62.41166744124105,61.80100876524323,0.00988104706053361
Gaussian-Hutch++,0.5,20,49,61.74870127492252,61.80100876524323,0.000846385704146179
Hutchinson,0.5,40,0,62.10823294366725,61.80100876524323,0.00497118387809872
Hutch++,0.5,40,0,60.10179419163167,61.80100876524323,0.02749493264852981
NA-Hutch++,0.5,40,0,59.70595734543908,61.80100876524323,0.033899955059995775
Gaussian-Hutch++,0.5,40,0,62.99599348921608,61.80100876524323,0.0193360067715417
Hutchinson,0.5,40,1,61.320115384893214,61.80100876524323,0.007781319269022542
Hutch++,0.5,40,1,60.44510537624835,61.80100876524323,0.021939826162796223
NA-Hutch++,0.5,40,1,61.61835076603997,61.80100876524323,0.002955582810906986
Gaussian-Hutch++,0.5,40,1,62.32165754795559,61.80100876524323,0.008424600069071503
Hutchinson,0.5,40,2,61.944662317222196,61.80100876524323,0.002324453190151725
Hutch++,0.5,40,2,60.58507961138094,61.80100876524323,0.019674907872153168
NA-Hutch++,0.5,40,2,59.95739571754914,61.80100876524323,0.02983143939765165
Gaussian-Hutch++,0.5,40,2,61.2137080277324,61.80100876524323,0.009503093060207893
Hutchinson,0.5,40,3,62.09864699178267,61.80100876524323,0.004816073919926559
Hutch++,0.5,40,3,60.226721753313555,61.80100876524323,0.025473484064147716
NA-Hutch++,0.5,40,3,62.14068987508534,61.80100876524323,0.005496368370497329
Gaussian-Hutch++,0.5,40,3,62.90715267268138,61.80100876524323,0.017898476570826438
Hutchinson,0.5,40,4,61.7461446677453,61.80100876524323,0.0008877540770627193
Hutch++,0.5,40,4,60.062724741007486,61.80100876524323,0.028127114087065738
NA-Hutch++,0.5,40,4,62.46883035636803,61.80100876524323,0.010805998226688825
Gaussian-Hutch++,0.5,40,4,61.62551919260484,61.80100876524323,0.0028395907468922368
Hutchinson,0.5,40,5,61.28160599532553,61.80100876524323,0.00840443837884108
Hutch++,0.5,40,5,60.50225293870098,61.80100876524323,0.021015123417737362
NA-Hutch++,0.5,40,5,60.99894046661716,61.80100876524323,0.012978239589466974
Gaussian-Hutch++,0.5,40,5,60.82800186651852,61.80100876524323,0.01574419120601684
Hutchinson,0.5,40,6,61.80177811628569,61.80100876524323,1.2448842791220362e-05
Hutch++,0.5,40,6,59.8593960026281,61.80100876524323,0.03141716941855306
NA-Hutch++,0.5,40,6,60.03594950851144,61.80100876524323,0.028560363204369808
Gaussian-Hutch++,0.5,40,6,61.394682022803224,61.80100876524323,0.006574759062323356
Hutchinson,0.5,40,7,62.67648481490123,61.80100876524323,0.014166047887398945
Hutch++,0.5,40,7,60.27125996979469,61.80100876524323,0.024752812713129502
NA-Hutch++,0.5,40,7,62.17482993713598,61.80100876524323,0.006048787541846509
Gaussian-Hutch++,0.5,40,7,62.020689392620156,61.80100876524323,0.0035546446856782057
Hutchinson,0.5,40,8,62.480654338888804,61.80100876524323,0.010997321681710219
Hutch++,0.5,40,8,60.270048310627786,61.80100876524323,0.02477241852848938
NA-Hutch++,0.5,40,8,62.45105714919948,61.80100876524323,0.010518410571994291
Gaussian-Hutch++,0.5,40,8,61.688654333959406,61.80100876524323,0.0018180031932911456
Hutchinson,0.5,40,9,61.51984775923652,61.80100876524323,0.004549456580469878
Hutch++,0.5,40,9,60.069884342576536,61.80100876524323,0.02801126482000528
NA-Hutch++,0.5,40,9,60.86669676411667,61.80100876524323,0.015118070397129492
Gaussian-Hutch++,0.5,40,9,62.32984155116639,61.80100876524323,0.008557025143909491
Hutchinson,0.5,40,10,62.2872180602782,61.80100876524323,0.007867335901940987
Hutch++,0.5,40,10,60.01195902586608,61.80100876524323,0.028948552379994587
NA-Hutch++,0.5,40,10,60.42325366632279,61.80100876524323,0.022293407930507526
Gaussian-Hutch++,0.5,40,10,60.66927679151804,61.80100876524323,0.018312516192481292
Hutchinson,0.5,40,11,61.629637817231675,61.80100876524323,0.0027729474232779114
Hutch++,0.5,40,11,59.43115124131461,61.80100876524323,0.038346583191396486
NA-Hutch++,0.5,40,11,61.566769257825186,61.80100876524323,0.0037902214235341373
Gaussian-Hutch++,0.5,40,11,61.98625052313662,61.80100876524323,0.002997390521521168
Hutchinson,0.5,40,12,62.48001489314102,61.80100876524323,0.010986974832029888
Hutch++,0.5,40,12,60.092345006251705,61.80100876524323,0.027647829592588723
NA-Hutch++,0.5,40,12,61.580816344281196,61.80100876524323,0.003562926000099073
Gaussian-Hutch++,0.5,40,12,61.706311178335916,61.80100876524323,0.0015322984009376462
Hutchinson,0.5,40,13,61.99511439312664,61.80100876524323,0.0031408164973607084
Hutch++,0.5,40,13,60.73375610225849,61.80100876524323,0.01726917868021862
NA-Hutch++,0.5,40,13,61.271043440456765,61.80100876524323,0.008575350716354622
Gaussian-Hutch++,0.5,40,13,60.90909081584415,61.80100876524323,0.014432093702339251
Hutchinson,0.5,40,14,61.66496983620218,61.80100876524323,0.002201241237951403
Hutch++,0.5,40,14,60.70914003106865,61.80100876524323,0.017667490482593015
NA-Hutch++,0.5,40,14,61.200731599941044,61.80100876524323,0.009713064192566753
Gaussian-Hutch++,0.5,40,14,61.6600675074328,61.80100876524323,0.0022805656513765096
Hutchinson,0.5,40,15,61.31715313866262,61.80100876524323,0.007829251273528286
Hutch++,0.5,40,15,60.30486719867958,61.80100876524323,0.02420901529693279
NA-Hutch++,0.5,40,15,61.26863315377471,61.80100876524323,0.008614351482364975
Gaussian-Hutch++,0.5,40,15,61.12070446941099,61.80100876524323,0.011007980442786
Hutchinson,0.5,40,16,62.01920823938532,61.80100876524323,0.003530678196062139
Hutch++,0.5,40,16,60.02960587895322,61.80100876524323,0.028663009256351263
NA-Hutch++,0.5,40,16,63.09381855861051,61.80100876524323,0.02091891085917597
Gaussian-Hutch++,0.5,40,16,62.14534295785059,61.80100876524323,0.0055716597428909385
Hutchinson,0.5,40,17,62.104041940637465,61.80100876524323,0.004903369402032459
Hutch++,0.5,40,17,59.88332932572763,61.80100876524323,0.031029905139575997
NA-Hutch++,0.5,40,17,62.08201705921457,61.80100876524323,0.004546985552271085
Gaussian-Hutch++,0.5,40,17,61.50586002824301,61.80100876524323,0.00477579157520499
Hutchinson,0.5,40,18,61.04621740030029,61.80100876524323,0.012213253149476617
Hutch++,0.5,40,18,59.56949756215331,61.80100876524323,0.03610800612602493
NA-Hutch++,0.5,40,18,60.63282958180298,61.80100876524323,0.018902267240939172
Gaussian-Hutch++,0.5,40,18,62.31549446597497,61.80100876524323,0.008324875451241592
Hutchinson,0.5,40,19,61.531994920951355,61.80100876524323,0.004352903774010392
Hutch++,0.5,40,19,61.0057883810084,61.80100876524323,0.012867433721924318
NA-Hutch++,0.5,40,19,62.022774888576414,61.80100876524323,0.0035883900241107927
Gaussian-Hutch++,0.5,40,19,61.61964893618766,61.80100876524323,0.002934577164338611
Hutchinson,0.5,40,20,61.76104652767556,61.80100876524323,0.0006466275934017771
Hutch++,0.5,40,20,60.516132287948224,61.80100876524323,0.020790542144315607
NA-Hutch++,0.5,40,20,61.443970632119424,61.80100876524323,0.005777221768014339
Gaussian-Hutch++,0.5,40,20,60.92832258025541,61.80100876524323,0.014120905183001114
Hutchinson,0.5,40,21,61.26855907155571,61.80100876524323,0.008615550204205949
Hutch++,0.5,40,21,60.81270510866793,61.80100876524323,0.01599170751936212
NA-Hutch++,0.5,40,21,60.817174552559315,61.80100876524323,0.015919387601278492
Gaussian-Hutch++,0.5,40,21,61.979755187054764,61.80100876524323,0.002892289711491868
Hutchinson,0.5,40,22,61.35638381579531,61.80100876524323,0.0071944610343961995
Hutch++,0.5,40,22,60.74858046536752,61.80100876524323,0.017029306169960092
NA-Hutch++,0.5,40,22,63.40275677420695,61.80100876524323,0.0259178295138855
Gaussian-Hutch++,0.5,40,22,62.11301261393591,61.80100876524323,0.005048523558536901
Hutchinson,0.5,40,23,62.12160898413356,61.80100876524323,0.0051876211294245396
Hutch++,0.5,40,23,61.338422755252154,61.80100876524323,0.007485088338092559
NA-Hutch++,0.5,40,23,62.26065902153933,61.80100876524323,0.007437585008395641
Gaussian-Hutch++,0.5,40,23,61.999739659227124,61.80100876524323,0.0032156577692572944
Hutchinson,0.5,40,24,62.268386265440995,61.80100876524323,0.007562619276541896
Hutch++,0.5,40,24,59.962046388824746,61.80100876524323,0.029756187045489053
NA-Hutch++,0.5,40,24,63.8565465892386,61.80100876524323,0.033260586923483944
Gaussian-Hutch++,0.5,40,24,62.07871235331502,61.80100876524323,0.004493512219625248
Hutchinson,0.5,40,25,61.03730493896014,61.80100876524323,0.012357465380283515
Hutch++,0.5,40,25,59.39878711222444,61.80100876524323,0.03887026605251461
NA-Hutch++,0.5,40,25,61.258789808812544,61.80100876524323,0.008773626309084303
Gaussian-Hutch++,0.5,40,25,62.244795449258625,61.80100876524323,0.0071808970902264265
Hutchinson,0.5,40,26,61.85720595525238,61.80100876524323,0.0009093248011957352
Hutch++,0.5,40,26,59.71051174700978,61.80100876524323,0.033826260444621434
NA-Hutch++,0.5,40,26,61.22380844903816,61.80100876524323,0.009339658490003299
Gaussian-Hutch++,0.5,40,26,61.524819895114696,61.80100876524323,0.004469002620615213
Hutchinson,0.5,40,27,61.86925540523854,61.80100876524323,0.0011042965375298265
Hutch++,0.5,40,27,60.62895219154237,61.80100876524323,0.018965007159559934
NA-Hutch++,0.5,40,27,60.01451102653077,61.80100876524323,0.028907258544899114
Gaussian-Hutch++,0.5,40,27,62.022781212912435,61.80100876524323,0.003588492357974698
Hutchinson,0.5,40,28,61.463341016819754,61.80100876524323,0.005463790238540269
Hutch++,0.5,40,28,60.682266898875376,61.80100876524323,0.018102323711535175
NA-Hutch++,0.5,40,28,61.502719163135474,61.80100876524323,0.004826613805623111
Gaussian-Hutch++,0.5,40,28,61.76142949143017,61.80100876524323,0.0006404308700430183
Hutchinson,0.5,40,29,61.792128054167236,61.80100876524323,0.0001436984808731853
Hutch++,0.5,40,29,60.293319227371576,61.80100876524323,0.024395872624001204
NA-Hutch++,0.5,40,29,60.779963242625875,61.80100876524323,0.01652150252912361
Gaussian-Hutch++,0.5,40,29,61.10739391622386,61.80100876524323,0.011223358046696746
Hutchinson,0.5,40,30,61.30276082427309,61.80100876524323,0.008062132818297168
Hutch++,0.5,40,30,60.14443791584507,61.80100876524323,0.0268049160118211
NA-Hutch++,0.5,40,30,62.59646114948559,61.80100876524323,0.012871187706077068
Gaussian-Hutch++,0.5,40,30,61.802721176476936,61.80100876524323,2.770846735219337e-05
Hutchinson,0.5,40,31,61.31648943599765,61.80100876524323,0.007839990623552276
Hutch++,0.5,40,31,61.993645374345235,61.80100876524323,0.0031170463549187455
NA-Hutch++,0.5,40,31,62.87313590280457,61.80100876524323,0.017348052385907017
Gaussian-Hutch++,0.5,40,31,61.57431940223363,61.80100876524323,0.0036680527962044307
Hutchinson,0.5,40,32,61.270310980218554,61.80100876524323,0.008587202630309515
Hutch++,0.5,40,32,59.99472764583733,61.80100876524323,0.0292273727483515
NA-Hutch++,0.5,40,32,60.964578154507464,61.80100876524323,0.013534254981387533
Gaussian-Hutch++,0.5,40,32,61.55980066456362,61.80100876524323,0.003902979991732259
Hutchinson,0.5,40,33,62.05561581257324,61.80100876524323,0.004119787887235837
Hutch++,0.5,40,33,60.096894805307905,61.80100876524323,0.02757420945034343
NA-Hutch++,0.5,40,33,60.458240212612964,61.80100876524323,0.021727291826754754
Gaussian-Hutch++,0.5,40,33,61.80995978951961,61.80100876524323,0.0001448362163533484
Hutchinson,0.5,40,34,61.55456685944597,61.80100876524323,0.003987668012562611
Hutch++,0.5,40,34,60.384952286472235,61.80100876524323,0.022913161242238245
NA-Hutch++,0.5,40,34,61.61262373067096,61.80100876524323,0.003048251773492377
Gaussian-Hutch++,0.5,40,34,61.81762362167056,61.80100876524323,0.00026884442113953917
Hutchinson,0.5,40,35,62.605811444366694,61.80100876524323,0.013022484506370734
Hutch++,0.5,40,35,60.39053250411585,61.80100876524323,0.022822867932224232
NA-Hutch++,0.5,40,35,61.03714662426318,61.80100876524323,0.012360027064957016
Gaussian-Hutch++,0.5,40,35,61.351968442865186,61.80100876524323,0.007265906032112951
Hutchinson,0.5,40,36,61.70681149157447,61.80100876524323,0.0015242028496100877
Hutch++,0.5,40,36,59.789952097456855,61.80100876524323,0.032540838862769365
NA-Hutch++,0.5,40,36,62.84334481299016,61.80100876524323,0.01686600378492748
Gaussian-Hutch++,0.5,40,36,62.28991357743256,61.80100876524323,0.007910951972426129
Hutchinson,0.5,40,37,61.93672233767934,61.80100876524323,0.0021959766539026964
Hutch++,0.5,40,37,60.74420003274641,61.80100876524323,0.017100185799736753
NA-Hutch++,0.5,40,37,61.366687853250305,61.80100876524323,0.007027731758274927
Gaussian-Hutch++,0.5,40,37,62.44621362541108,61.80100876524323,0.01044003767994663
Hutchinson,0.5,40,38,61.9704486518418,61.80100876524323,0.0027417009848852212
Hutch++,0.5,40,38,59.810001864587676,61.80100876524323,0.03221641426952394
NA-Hutch++,0.5,40,38,61.93819279888543,61.80100876524323,0.002219770136168905
Gaussian-Hutch++,0.5,40,38,61.84260108528657,61.80100876524323,0.0006730039019480682
Hutchinson,0.5,40,39,61.47106088862105,61.80100876524323,0.005338875258096876
Hutch++,0.5,40,39,61.17527569455501,61.80100876524323,0.010124965323221893
NA-Hutch++,0.5,40,39,63.51248106634813,61.80100876524323,0.027693274516053315
Gaussian-Hutch++,0.5,40,39,61.257591942333626,61.80100876524323,0.00879300894543363
Hutchinson,0.5,40,40,61.37264804533206,61.80100876524323,0.006931290094929288
Hutch++,0.5,40,40,59.04288493795662,61.80100876524323,0.044629106909299734
NA-Hutch++,0.5,40,40,61.797141154032126,61.80100876524323,6.258168415660836e-05
Gaussian-Hutch++,0.5,40,40,60.85726725317389,61.80100876524323,0.015270648989796147
Hutchinson,0.5,40,41,62.00142768311512,61.80100876524323,0.003242971625806232
Hutch++,0.5,40,41,60.46323910366836,61.80100876524323,0.021646404942296568
NA-Hutch++,0.5,40,41,60.68392382362652,61.80100876524323,0.018075513069051335
Gaussian-Hutch++,0.5,40,41,61.28242629897629,61.80100876524323,0.00839116507364507
Hutchinson,0.5,40,42,60.80007311979985,61.80100876524323,0.0161961052973347
Hutch++,0.5,40,42,61.97583841135445,61.80100876524323,0.002828912498424205
NA-Hutch++,0.5,40,42,63.045851898796734,61.80100876524323,0.020142763984357475
Gaussian-Hutch++,0.5,40,42,62.18922961695291,61.80100876524323,0.006281788266343159
Hutchinson,0.5,40,43,61.53929293087225,61.80100876524323,0.004234814926162989
Hutch++,0.5,40,43,60.70276950862528,61.80100876524323,0.017770571687425255
NA-Hutch++,0.5,40,43,61.07669319776203,61.80100876524323,0.011720125317574952
Gaussian-Hutch++,0.5,40,43,62.29351169667582,61.80100876524323,0.007969173016307986
Hutchinson,0.5,40,44,61.53957828957882,61.80100876524323,0.004230197546733892
Hutch++,0.5,40,44,61.55276130797598,61.80100876524323,0.004016883578878866
NA-Hutch++,0.5,40,44,61.42102411361676,61.80100876524323,0.0061485185957057525
Gaussian-Hutch++,0.5,40,44,62.119313588852975,61.80100876524323,0.0051504794172349735
Hutchinson,0.5,40,45,61.692714061316735,61.80100876524323,0.001752312884371578
Hutch++,0.5,40,45,60.14745709536318,61.80100876524323,0.026756062771745668
NA-Hutch++,0.5,40,45,62.41972718779229,61.80100876524323,0.010011461542631394
Gaussian-Hutch++,0.5,40,45,61.63934548612063,61.80100876524323,0.0026158679664387407
Hutchinson,0.5,40,46,61.60717195443256,61.80100876524323,0.0031364667775404726
Hutch++,0.5,40,46,59.760565670415396,61.80100876524323,0.03301633962931973
NA-Hutch++,0.5,40,46,60.863021036509025,61.80100876524323,0.015177547219289557
Gaussian-Hutch++,0.5,40,46,61.88211546265417,61.80100876524323,0.0013123846848362814
Hutchinson,0.5,40,47,62.57355172926274,61.80100876524323,0.012500491164376982
Hutch++,0.5,40,47,61.631821068635006,61.80100876524323,0.002737620307314094
NA-Hutch++,0.5,40,47,59.98299097208915,61.80100876524323,0.02941728346312259
Gaussian-Hutch++,0.5,40,47,62.15823998927869,61.80100876524323,0.005780346165423198
Hutchinson,0.5,40,48,61.865318401813695,61.80100876524323,0.0010405920203462964
Hutch++,0.5,40,48,60.416949237685316,61.80100876524323,0.02239541967373692
NA-Hutch++,0.5,40,48,61.58373964186822,61.80100876524323,0.003515624222257084
Gaussian-Hutch++,0.5,40,48,62.516309179758956,61.80100876524323,0.011574251437106114
Hutchinson,0.5,40,49,61.65124681488537,61.80100876524323,0.0024232929745005905
Hutch++,0.5,40,49,59.22544148857609,61.80100876524323,0.04167516563444249
NA-Hutch++,0.5,40,49,63.30124320035052,61.80100876524323,0.024275241862249615
Gaussian-Hutch++,0.5,40,49,61.20369929072717,61.80100876524323,0.00966504408989494
Hutchinson,0.5,80,0,61.11003099274279,61.80100876524323,0.011180687602126059
Hutch++,0.5,80,0,59.968896297479496,61.80100876524323,0.029645348908837105
NA-Hutch++,0.5,80,0,60.866295558036335,61.80100876524323,0.01512456229893416
Gaussian-Hutch++,0.5,80,0,61.222465068259865,61.80100876524323,0.009361395688232499
Hutchinson,0.5,80,1,61.54923517227864,61.80100876524323,0.004073939859476638
Hutch++,0.5,80,1,60.45694324750537,61.80100876524323,0.021748277974610666
NA-Hutch++,0.5,80,1,62.053422363341255,61.80100876524323,0.004084295760556909
Gaussian-Hutch++,0.5,80,1,62.35215317367399,61.80100876524323,0.008918048741313118
Hutchinson,0.5,80,2,61.796511664600565,61.80100876524323,7.276743102607019e-05
Hutch++,0.5,80,2,60.184242673462975,61.80100876524323,0.026160836596077094
NA-Hutch++,0.5,80,2,62.057480283486015,61.80100876524323,0.004149956827031962
Gaussian-Hutch++,0.5,80,2,61.869772292141434,61.80100876524323,0.001112660266750768
Hutchinson,0.5,80,3,62.10404929559868,61.80100876524323,0.0049034884124072
Hutch++,0.5,80,3,60.617668056966025,61.80100876524323,0.019147595353535968
NA-Hutch++,0.5,80,3,61.85908613518223,61.80100876524323,0.0009397479280574781
Gaussian-Hutch++,0.5,80,3,61.91740837585399,61.80100876524323,0.001883458101030529
Hutchinson,0.5,80,4,61.3725746365033,61.80100876524323,0.006932477920665926
Hutch++,0.5,80,4,60.815098679181524,61.80100876524323,0.01595297723709943
NA-Hutch++,0.5,80,4,62.458732327737216,61.80100876524323,0.010642602372275305
Gaussian-Hutch++,0.5,80,4,61.167277665369184,61.80100876524323,0.010254381158749902
Hutchinson,0.5,80,5,61.68157913090014,61.80100876524323,0.0019324868109638212
Hutch++,0.5,80,5,60.37505822410718,61.80100876524323,0.02307325672551166
NA-Hutch++,0.5,80,5,62.82747273587053,61.80100876524323,0.016609178250251776
Gaussian-Hutch++,0.5,80,5,62.06477355211184,61.80100876524323,0.004267968956146663
Hutchinson,0.5,80,6,61.8472082618001,61.80100876524323,0.0007475524668595523
Hutch++,0.5,80,6,60.5305342395177,61.80100876524323,0.020557504660668986
NA-Hutch++,0.5,80,6,60.078496015716624,61.80100876524323,0.02787191963273172
Gaussian-Hutch++,0.5,80,6,61.68116632226567,61.80100876524323,0.001939166453298467
Hutchinson,0.5,80,7,61.50060878975612,61.80100876524323,0.004860761684784256
Hutch++,0.5,80,7,60.62707877462727,61.80100876524323,0.01899532085431227
NA-Hutch++,0.5,80,7,60.740805875590056,61.80100876524323,0.017155106540096356
Gaussian-Hutch++,0.5,80,7,61.783067088837335,61.80100876524323,0.00029031364963717906
Hutchinson,0.5,80,8,61.69797281368515,61.80100876524323,0.0016672211929335257
Hutch++,0.5,80,8,60.49847246261316,61.80100876524323,0.0210762951714571
NA-Hutch++,0.5,80,8,60.7368103795237,61.80100876524323,0.017219757524702926
Gaussian-Hutch++,0.5,80,8,62.05669611225246,61.80100876524323,0.004137268179237659
Hutchinson,0.5,80,9,61.85894448584139,61.80100876524323,0.0009374559049389235
Hutch++,0.5,80,9,60.76916172074738,61.80100876524323,0.016696281583613304
NA-Hutch++,0.5,80,9,61.419012179907384,61.80100876524323,0.006181073625948358
Gaussian-Hutch++,0.5,80,9,61.61960321154115,61.80100876524323,0.0029353170332732017
Hutchinson,0.5,80,10,61.63910674621036,61.80100876524323,0.0026197310087262846
Hutch++,0.5,80,10,60.482987813997745,61.80100876524323,0.021326851738813993
NA-Hutch++,0.5,80,10,61.29000651548086,61.80100876524323,0.008268509850760834
Gaussian-Hutch++,0.5,80,10,62.08339758732393,61.80100876524323,0.004569323830188234
Hutchinson,0.5,80,11,61.78138078476802,61.80100876524323,0.0003175996778591822
Hutch++,0.5,80,11,60.03900754068821,61.80100876524323,0.028510881290759245
NA-Hutch++,0.5,80,11,60.981805484367136,61.80100876524323,0.01325550014867741
Gaussian-Hutch++,0.5,80,11,60.995210864452574,61.80100876524323,0.013038588153982324
Hutchinson,0.5,80,12,61.780357627214826,61.80100876524323,0.0003341553550824842
Hutch++,0.5,80,12,59.834684975638794,61.80100876524323,0.03181701769745698
NA-Hutch++,0.5,80,12,62.04967590113969,61.80100876524323,0.004023674384362336
Gaussian-Hutch++,0.5,80,12,61.440081602098,61.80100876524323,0.005840150029205011
Hutchinson,0.5,80,13,61.68606770755637,61.80100876524323,0.0018598573062695034
Hutch++,0.5,80,13,60.386352361066,61.80100876524323,0.022890506683328274
NA-Hutch++,0.5,80,13,62.19623626830089,61.80100876524323,0.006395162651130328
Gaussian-Hutch++,0.5,80,13,61.71738142692452,61.80100876524323,0.0013531710887823767
Hutchinson,0.5,80,14,61.73553300896707,61.80100876524323,0.0010594609632486771
Hutch++,0.5,80,14,60.18603553207339,61.80100876524323,0.02613182641248567
NA-Hutch++,0.5,80,14,60.758839355749515,61.80100876524323,0.016863307417076187
Gaussian-Hutch++,0.5,80,14,61.77828609216852,61.80100876524323,0.00036767479251066415
Hutchinson,0.5,80,15,62.26549111790041,61.80100876524323,0.007515772993634408
Hutch++,0.5,80,15,60.45292485487471,61.80100876524323,0.02181329944773786
NA-Hutch++,0.5,80,15,61.82748898048537,61.80100876524323,0.0004284754532523196
Gaussian-Hutch++,0.5,80,15,61.668250886179585,61.80100876524323,0.002148150680969294
Hutchinson,0.5,80,16,61.89866392418669,61.80100876524323,0.001580154772463548
Hutch++,0.5,80,16,60.440773821286,61.80100876524323,0.022009914904855474
NA-Hutch++,0.5,80,16,61.07890631880705,61.80100876524323,0.011684314881965014
Gaussian-Hutch++,0.5,80,16,61.95582192026849,61.80100876524323,0.0025050263437176416
Hutchinson,0.5,80,17,61.83827802489343,61.80100876524323,0.0006030526102213894
Hutch++,0.5,80,17,59.66360961041655,61.80100876524323,0.03458518230577412
NA-Hutch++,0.5,80,17,63.584710563101005,61.80100876524323,0.02886201752196841
Gaussian-Hutch++,0.5,80,17,62.05283855915413,61.80100876524323,0.004074849245058424
Hutchinson,0.5,80,18,61.490526969547844,61.80100876524323,0.005023895271269461
Hutch++,0.5,80,18,60.47915645747107,61.80100876524323,0.021388846787167147
NA-Hutch++,0.5,80,18,62.694608316747875,61.80100876524323,0.014459303648247268
Gaussian-Hutch++,0.5,80,18,62.1091474950888,61.80100876524323,0.004985982203236516
Hutchinson,0.5,80,19,61.64252240394499,61.80100876524323,0.0025644623682482184
Hutch++,0.5,80,19,60.86389071357621,61.80100876524323,0.015163475004538343
NA-Hutch++,0.5,80,19,61.04296502897505,61.80100876524323,0.01226587965817327
Gaussian-Hutch++,0.5,80,19,61.696826127745375,61.80100876524323,0.0016857756787369636
Hutchinson,0.5,80,20,61.7233363476044,61.80100876524323,0.0012568147218094076
Hutch++,0.5,80,20,60.02337652055359,61.80100876524323,0.028763806290640657
NA-Hutch++,0.5,80,20,62.306594224001984,61.80100876524323,0.008180860941595052
Gaussian-Hutch++,0.5,80,20,61.78659158730489,61.80100876524323,0.0002332838609982284
Hutchinson,0.5,80,21,61.83571081576249,61.80100876524323,0.0005615126874559016
Hutch++,0.5,80,21,60.73406793984544,61.80100876524323,0.017264132846935645
NA-Hutch++,0.5,80,21,61.64351828639617,61.80100876524323,0.0025483480285135953
Gaussian-Hutch++,0.5,80,21,61.9948828290608,61.80100876524323,0.0031370695671654107
Hutchinson,0.5,80,22,62.397878886847806,61.80100876524323,0.00965793493552573
Hutch++,0.5,80,22,60.65224080402013,61.80100876524323,0.018588174921008175
NA-Hutch++,0.5,80,22,61.8156676065169,61.80100876524323,0.00023719420712609623
Gaussian-Hutch++,0.5,80,22,61.572730306324864,61.80100876524323,0.0036937659025195572
Hutchinson,0.5,80,23,61.250839996585526,61.80100876524323,0.008902261947658039
Hutch++,0.5,80,23,60.695746952536574,61.80100876524323,0.017884203426275707
NA-Hutch++,0.5,80,23,61.747086287209875,61.80100876524323,0.000872517764850512
Gaussian-Hutch++,0.5,80,23,61.70212677255789,61.80100876524323,0.0016000061270998768
Hutchinson,0.5,80,24,62.512963845075184,61.80100876524323,0.011520120691498395
Hutch++,0.5,80,24,60.99805456454648,61.80100876524323,0.012992574340442369
NA-Hutch++,0.5,80,24,61.49019528029009,61.80100876524323,0.005029262323755867
Gaussian-Hutch++,0.5,80,24,61.204157174837,61.80100876524323,0.009657635082841879
Hutchinson,0.5,80,25,62.167954636175274,61.80100876524323,0.005937538533164074
Hutch++,0.5,80,25,61.12179934932834,61.80100876524323,0.010990264228451823
NA-Hutch++,0.5,80,25,62.45795175158399,61.80100876524323,0.010629971896352324
Gaussian-Hutch++,0.5,80,25,61.52255420448316,61.80100876524323,0.004505663682898928
Hutchinson,0.5,80,26,62.156433168537184,61.80100876524323,0.005751110061068165
Hutch++,0.5,80,26,60.466969932371214,61.80100876524323,0.021586036531207546
NA-Hutch++,0.5,80,26,62.74788803520018,61.80100876524323,0.015321420942395166
Gaussian-Hutch++,0.5,80,26,61.61798109873827,61.80100876524323,0.0029615643848178866
Hutchinson,0.5,80,27,61.40287111388676,61.80100876524323,0.0064422516607913856
Hutch++,0.5,80,27,59.80489131183091,61.80100876524323,0.032299107948136556
NA-Hutch++,0.5,80,27,61.62987458424456,61.80100876524323,0.002769116304375215
Gaussian-Hutch++,0.5,80,27,61.372608254424314,61.80100876524323,0.006931933950240782
Hutchinson,0.5,80,28,61.45253084891569,61.80100876524323,0.005638709194072613
Hutch++,0.5,80,28,60.531821257277684,61.80100876524323,0.020536679470503014
NA-Hutch++,0.5,80,28,61.40218590051235,61.80100876524323,0.00645333907486602
Gaussian-Hutch++,0.5,80,28,61.83269458903353,61.80100876524323,0.0005127072263603206
Hutchinson,0.5,80,29,62.01976578191534,61.80100876524323,0.003539699772589082
Hutch++,0.5,80,29,60.9698241719212,61.80100876524323,0.013449369353813606
NA-Hutch++,0.5,80,29,60.60422144761689,61.80100876524323,0.019365174477530795
Gaussian-Hutch++,0.5,80,29,61.33837367571403,61.80100876524323,0.0074858824924130644
Hutchinson,0.5,80,30,61.57128725609239,61.80100876524323,0.0037171158487632476
Hutch++,0.5,80,30,60.42211257274579,61.80100876524323,0.0223118719264811
NA-Hutch++,0.5,80,30,61.345722239703754,61.80100876524323,0.007366975630914459
Gaussian-Hutch++,0.5,80,30,62.16976325750008,61.80100876524323,0.0059668037726956094
Hutchinson,0.5,80,31,61.93583297409896,61.80100876524323,0.002181585892357643
Hutch++,0.5,80,31,60.303554408957254,61.80100876524323,0.024230257502336164
NA-Hutch++,0.5,80,31,62.57261014931959,61.80100876524323,0.012485255491659583
Gaussian-Hutch++,0.5,80,31,61.8170238156228,61.80100876524323,0.000259138980083634
Hutchinson,0.5,80,32,61.54219488577771,61.80100876524323,0.004187858493518268
Hutch++,0.5,80,32,59.82340517081471,61.80100876524323,0.03199953583186045
NA-Hutch++,0.5,80,32,62.36000261823595,61.80100876524323,0.009045060334146164
Gaussian-Hutch++,0.5,80,32,61.986613594733925,61.80100876524323,0.003003265370565868
Hutchinson,0.5,80,33,62.48218650101777,61.80100876524323,0.011022113544490118
Hutch++,0.5,80,33,59.85091619027427,61.80100876524323,0.031554380970973586
NA-Hutch++,0.5,80,33,61.79887621028748,61.80100876524323,3.450679848691419e-05
Gaussian-Hutch++,0.5,80,33,61.89995504735474,61.80100876524323,0.0016010463920963158
Hutchinson,0.5,80,34,61.794359967384786,61.80100876524323,0.0001075839697649961
Hutch++,0.5,80,34,59.971081029865836,61.80100876524323,0.029609997829138087
NA-Hutch++,0.5,80,34,62.493395184613036,61.80100876524323,0.011203480868733011
Gaussian-Hutch++,0.5,80,34,61.66483776385037,61.80100876524323,0.002203378296139438
Hutchinson,0.5,80,35,61.59588647443669,61.80100876524323,0.003319076741703657
Hutch++,0.5,80,35,60.422644218308015,61.80100876524323,0.02230326938790045
NA-Hutch++,0.5,80,35,61.54500925581308,61.80100876524323,0.004142319268648051
Gaussian-Hutch++,0.5,80,35,61.92981327267521,61.80100876524323,0.0020841813103934168
Hutchinson,0.5,80,36,61.72631598331795,61.80100876524323,0.0012086013386772745
Hutch++,0.5,80,36,60.26677137012652,61.80100876524323,0.024825442590179273
NA-Hutch++,0.5,80,36,61.988757691707576,61.80100876524323,0.0030379589300479834
Gaussian-Hutch++,0.5,80,36,62.38777339648353,61.80100876524323,0.009494418343059393
Hutchinson,0.5,80,37,61.86877475229502,61.80100876524323,0.0010965191087608456
Hutch++,0.5,80,37,60.97091808240629,61.80100876524323,0.013431668825829596
NA-Hutch++,0.5,80,37,61.564870676018764,61.80100876524323,0.003820942310528624
Gaussian-Hutch++,0.5,80,37,61.99948569235828,61.80100876524323,0.0032115483400761017
Hutchinson,0.5,80,38,62.82927731260978,61.80100876524323,0.01663837804448343
Hutch++,0.5,80,38,60.036930095875405,61.80100876524323,0.028544496353916166
NA-Hutch++,0.5,80,38,61.88591277047059,61.80100876524323,0.0013738287921783538
Gaussian-Hutch++,0.5,80,38,61.622530728297534,61.80100876524323,0.0028879469851966866
Hutchinson,0.5,80,39,61.5527210033376,61.80100876524323,0.004017535746847973
Hutch++,0.5,80,39,60.66177342761467,61.80100876524323,0.01843392786606529
NA-Hutch++,0.5,80,39,62.554391713771274,61.80100876524323,0.012190463611845495
Gaussian-Hutch++,0.5,80,39,61.420988826014835,61.80100876524323,0.00614908958318039
Hutchinson,0.5,80,40,61.90090655405868,61.80100876524323,0.0016164426893890672
Hutch++,0.5,80,40,60.38687179672185,61.80100876524323,0.02288210171282335
NA-Hutch++,0.5,80,40,61.831224695850096,61.80100876524323,0.0004889229352492049
Gaussian-Hutch++,0.5,80,40,62.245338973298644,61.80100876524323,0.007189691834048223
Hutchinson,0.5,80,41,61.77894680096507,61.80100876524323,0.00035698388616863723
Hutch++,0.5,80,41,60.717130869340416,61.80100876524323,0.017538191002998433
NA-Hutch++,0.5,80,41,60.551897494808024,61.80100876524323,0.020211826560632216
Gaussian-Hutch++,0.5,80,41,62.07487617852346,61.80100876524323,0.004431439207093514
Hutchinson,0.5,80,42,61.161656871130035,61.80100876524323,0.010345331037262413
Hutch++,0.5,80,42,59.94060742138572,61.80100876524323,0.030103090241203265
NA-Hutch++,0.5,80,42,61.573506683620344,61.80100876524323,0.00368120336816952
Gaussian-Hutch++,0.5,80,42,61.964251672546304,61.80100876524323,0.002641427875767614
Hutchinson,0.5,80,43,61.97783199566288,61.80100876524323,0.002861170617640391
Hutch++,0.5,80,43,60.451415396368134,61.80100876524323,0.02183772394398369
NA-Hutch++,0.5,80,43,61.32514817587055,61.80100876524323,0.007699883851091806
Gaussian-Hutch++,0.5,80,43,61.71666121551068,61.80100876524323,0.0013648248049307804
Hutchinson,0.5,80,44,62.26918870947183,61.80100876524323,0.007575603595841278
Hutch++,0.5,80,44,60.030956676763594,61.80100876524323,0.028641152043380746
NA-Hutch++,0.5,80,44,61.908113228222916,61.80100876524323,0.0017330536364953285
Gaussian-Hutch++,0.5,80,44,62.2333594182837,61.80100876524323,0.006995851065842454
Hutchinson,0.5,80,45,61.66252050241824,61.80100876524323,0.002240873823776128
Hutch++,0.5,80,45,60.10062110806335,61.80100876524323,0.027513914273453996
NA-Hutch++,0.5,80,45,60.497725951292956,61.80100876524323,0.021088374445487033
Gaussian-Hutch++,0.5,80,45,61.83688634875045,61.80100876524323,0.0005805339463551384
Hutchinson,0.5,80,46,61.83707735200376,61.80100876524323,0.0005836245634361438
Hutch++,0.5,80,46,60.44062423199216,61.80100876524323,0.0220123354040808
NA-Hutch++,0.5,80,46,62.12010377440939,61.80100876524323,0.00516326538258083
Gaussian-Hutch++,0.5,80,46,61.22877035988019,61.80100876524323,0.009259369981107343
Hutchinson,0.5,80,47,62.10148179095923,61.80100876524323,0.004861943708028603
Hutch++,0.5,80,47,60.85866094758596,61.80100876524323,0.015248097668387027
NA-Hutch++,0.5,80,47,61.860040204305214,61.80100876524323,0.0009551856877647206
Gaussian-Hutch++,0.5,80,47,61.776750903530974,61.80100876524323,0.00039251562712193296
Hutchinson,0.5,80,48,61.321810555167346,61.80100876524323,0.007753889777044966
Hutch++,0.5,80,48,60.162817322074915,61.80100876524323,0.026507519470938358
NA-Hutch++,0.5,80,48,61.59014898506766,61.80100876524323,0.003411914860104388
Gaussian-Hutch++,0.5,80,48,61.9754919356448,61.80100876524323,0.002823306186867523
Hutchinson,0.5,80,49,62.25575387415504,61.80100876524323,0.007358214987059502
Hutch++,0.5,80,49,60.37944349622309,61.80100876524323,0.02300229878803577
NA-Hutch++,0.5,80,49,60.97939320315945,61.80100876524323,0.013294533188038514
Gaussian-Hutch++,0.5,80,49,61.32367380214472,61.80100876524323,0.007723740641705609
Hutchinson,0.5,160,0,62.02343001331958,61.80100876524323,0.0035989905750768345
Hutch++,0.5,160,0,61.47874932027466,61.80100876524323,0.005214469009603141
NA-Hutch++,0.5,160,0,62.039238183756666,61.80100876524323,0.00385478203791738
Gaussian-Hutch++,0.5,160,0,61.904637383903676,61.80100876524323,0.0016768111189590289
Hutchinson,0.5,160,1,61.70987099550697,61.80100876524323,0.001474697121570604
Hutch++,0.5,160,1,61.25084938796003,61.80100876524323,0.008902109986149766
NA-Hutch++,0.5,160,1,61.85235075181262,61.80100876524323,0.0008307629211105227
Gaussian-Hutch++,0.5,160,1,61.873518166013575,61.80100876524323,0.0011732721232071933
Hutchinson,0.5,160,2,62.271254777423906,61.80100876524323,0.007609034570405576
Hutch++,0.5,160,2,61.18952137318866,61.80100876524323,0.009894456486581977
NA-Hutch++,0.5,160,2,61.729624058742274,61.80100876524323,0.001155073483866885
Gaussian-Hutch++,0.5,160,2,61.86049952589422,61.80100876524323,0.0009626179546189752
Hutchinson,0.5,160,3,61.643041632538335,61.80100876524323,0.0025560607482144767
Hutch++,0.5,160,3,61.4796603936709,61.80100876524323,0.005199726962273468
NA-Hutch++,0.5,160,3,61.266344208037765,61.80100876524323,0.008651388834710434
Gaussian-Hutch++,0.5,160,3,61.77052402949939,61.80100876524323,0.0004932724619373047
Hutchinson,0.5,160,4,62.0063795051268,61.80100876524323,0.0033230968876849453
Hutch++,0.5,160,4,61.45822671028507,61.80100876524323,0.005546544656904434
NA-Hutch++,0.5,160,4,61.45465997011396,61.80100876524323,0.005604257957097608
Gaussian-Hutch++,0.5,160,4,61.5127534753706,61.80100876524323,0.004664248944019575
Hutchinson,0.5,160,5,61.72643990091608,61.80100876524323,0.0012065962322785305
Hutch++,0.5,160,5,61.7420799779039,61.80100876524323,0.0009535246837665632
NA-Hutch++,0.5,160,5,61.800879360199524,61.80100876524323,2.093898567250446e-06
Gaussian-Hutch++,0.5,160,5,61.73704723398594,61.80100876524323,0.0010349593402310816
Hutchinson,0.5,160,6,61.472260844831496,61.80100876524323,0.005319458807873429
Hutch++,0.5,160,6,61.93602304480331,61.80100876524323,0.00218466141989589
NA-Hutch++,0.5,160,6,62.44383375855555,61.80100876524323,0.010401529136104336
Gaussian-Hutch++,0.5,160,6,61.905493949069225,61.80100876524323,0.0016906711704802349
Hutchinson,0.5,160,7,62.21975488665322,61.80100876524323,0.0067757166068378215
Hutch++,0.5,160,7,61.381243869976004,61.80100876524323,0.006792201351627502
NA-Hutch++,0.5,160,7,61.34885664792188,61.80100876524323,0.007316257879202188
Gaussian-Hutch++,0.5,160,7,61.94453603629176,61.80100876524323,0.0023224098427539895
Hutchinson,0.5,160,8,61.826919579828406,61.80100876524323,0.0004192620007805807
Hutch++,0.5,160,8,61.76426936795678,61.80100876524323,0.0005944789255141662
NA-Hutch++,0.5,160,8,61.848318430606376,61.80100876524323,0.0007655160701802536
Gaussian-Hutch++,0.5,160,8,61.090290310600366,61.80100876524323,0.011500110901791174
Hutchinson,0.5,160,9,61.66574608550153,61.80100876524323,0.0021886807747023658
Hutch++,0.5,160,9,61.14988315536512,61.80100876524323,0.01053584112763393
NA-Hutch++,0.5,160,9,61.3409283676606,61.80100876524323,0.0074445451097778495
Gaussian-Hutch++,0.5,160,9,61.64063375647934,61.80100876524323,0.00259502250801588
Hutchinson,0.5,160,10,61.85093263503499,61.80100876524323,0.0008078164222431247
Hutch++,0.5,160,10,61.659728426156484,61.80100876524323,0.0022860523138613213
NA-Hutch++,0.5,160,10,61.29226588955498,61.80100876524323,0.008231950996475721
Gaussian-Hutch++,0.5,160,10,61.85232937029012,61.80100876524323,0.0008304169474293778
Hutchinson,0.5,160,11,61.510713576579654,61.80100876524323,0.004697256476286502
Hutch++,0.5,160,11,61.30406067357443,61.80100876524323,0.00804110000140129
NA-Hutch++,0.5,160,11,62.00335382071138,61.80100876524323,0.003274138392089625
Gaussian-Hutch++,0.5,160,11,61.52668462009721,61.80100876524323,0.004438829569725476
Hutchinson,0.5,160,12,61.95969292807074,61.80100876524323,0.0025676629879988135
Hutch++,0.5,160,12,61.34685111664448,61.80100876524323,0.007348709311912872
NA-Hutch++,0.5,160,12,62.629571712130804,61.80100876524323,0.01340694858290978
Gaussian-Hutch++,0.5,160,12,61.74133228115829,61.80100876524323,0.0009656231391242403
Hutchinson,0.5,160,13,61.73909482470841,61.80100876524323,0.0010018273450844125
Hutch++,0.5,160,13,61.55298677284387,61.80100876524323,0.004013235339596039
NA-Hutch++,0.5,160,13,61.71634546308722,61.80100876524323,0.001369933984048881
Gaussian-Hutch++,0.5,160,13,61.980554063733834,61.80100876524323,0.002905216307594934
Hutchinson,0.5,160,14,61.61786595373299,61.80100876524323,0.0029634275421931817
Hutch++,0.5,160,14,61.67007044371587,61.80100876524323,0.0021187084829754317
NA-Hutch++,0.5,160,14,61.576986462740074,61.80100876524323,0.0036248971817616667
Gaussian-Hutch++,0.5,160,14,61.52071111483659,61.80100876524323,0.004535486653160973
Hutchinson,0.5,160,15,62.14250538115668,61.80100876524323,0.0055257450118760265
Hutch++,0.5,160,15,61.0798359786383,61.80100876524323,0.011669272088168854
NA-Hutch++,0.5,160,15,61.25614440196439,61.80100876524323,0.008816431546426003
Gaussian-Hutch++,0.5,160,15,61.55697085805904,61.80100876524323,0.003948768993580564
Hutchinson,0.5,160,16,61.54874679092693,61.80100876524323,0.004081842341353115
Hutch++,0.5,160,16,61.345083550477234,61.80100876524323,0.007377310239350155
NA-Hutch++,0.5,160,16,60.72882223044903,61.80100876524323,0.017349013490491668
Gaussian-Hutch++,0.5,160,16,61.693707966098295,61.80100876524323,0.001736230545241246
Hutchinson,0.5,160,17,61.506570579897335,61.80100876524323,0.004764294163293462
Hutch++,0.5,160,17,61.30998615839815,61.80100876524323,0.007945219935005908
NA-Hutch++,0.5,160,17,61.63204787543096,61.80100876524323,0.002733950354339391
Gaussian-Hutch++,0.5,160,17,62.050951774469866,61.80100876524323,0.004044319246892312
Hutchinson,0.5,160,18,61.843990849960754,61.80100876524323,0.0006954916364034372
Hutch++,0.5,160,18,61.515691355959426,61.80100876524323,0.00461671119912638
NA-Hutch++,0.5,160,18,62.2277547504324,61.80100876524323,0.006905162127857897
Gaussian-Hutch++,0.5,160,18,61.74818487662407,61.80100876524323,0.0008547415272753091
Hutchinson,0.5,160,19,61.467454203353306,61.80100876524323,0.00539723490852655
Hutch++,0.5,160,19,61.89954371348743,61.80100876524323,0.0015943906129185427
NA-Hutch++,0.5,160,19,61.16589754995778,61.80100876524323,0.010276712758815575
Gaussian-Hutch++,0.5,160,19,61.844773595676,61.80100876524323,0.0007081572179349953
Hutchinson,0.5,160,20,61.76677377641395,61.80100876524323,0.0005539551782937351
Hutch++,0.5,160,20,61.47277163955115,61.80100876524323,0.0053111936560602535
NA-Hutch++,0.5,160,20,61.84971448547478,61.80100876524323,0.0007881055860521408
Gaussian-Hutch++,0.5,160,20,62.30367240901623,61.80100876524323,0.00813358315367329
Hutchinson,0.5,160,21,61.83663023262975,61.80100876524323,0.0005763897402036107
Hutch++,0.5,160,21,61.28704509951756,61.80100876524323,0.00831642842073997
NA-Hutch++,0.5,160,21,61.509166736128506,61.80100876524323,0.004722285848493416
Gaussian-Hutch++,0.5,160,21,61.90929286363942,61.80100876524323,0.001752141276649984
Hutchinson,0.5,160,22,61.89952768026719,61.80100876524323,0.0015941311799325514
Hutch++,0.5,160,22,61.89961195518307,61.80100876524323,0.0015954948294515739
NA-Hutch++,0.5,160,22,62.1996241153988,61.80100876524323,0.006449981288650854
Gaussian-Hutch++,0.5,160,22,61.920530536128744,61.80100876524323,0.0019339776691918876
Hutchinson,0.5,160,23,61.72570837403433,61.80100876524323,0.0012184330436244809
Hutch++,0.5,160,23,61.608368957225736,61.80100876524323,0.0031170981164604632
NA-Hutch++,0.5,160,23,61.73988541425644,61.80100876524323,0.0009890348427640193
Gaussian-Hutch++,0.5,160,23,61.86395174384063,61.80100876524323,0.00101847817462807
Hutchinson,0.5,160,24,61.667447903652736,61.80100876524323,0.0021611437136542394
Hutch++,0.5,160,24,61.43897207348044,61.80100876524323,0.00585810327365397
NA-Hutch++,0.5,160,24,61.08303931103698,61.80100876524323,0.01161743907665856
Gaussian-Hutch++,0.5,160,24,61.91131473953817,61.80100876524323,0.001784857181117313
Hutchinson,0.5,160,25,61.66745041969985,61.80100876524323,0.0021611030015823594
Hutch++,0.5,160,25,61.41122508194702,61.80100876524323,0.006307076390562448
NA-Hutch++,0.5,160,25,61.754403811792955,61.80100876524323,0.000754113150924614
Gaussian-Hutch++,0.5,160,25,61.60930390557523,61.80100876524323,0.003101969749332229
Hutchinson,0.5,160,26,61.93373562741522,61.80100876524323,0.0021476487977107354
Hutch++,0.5,160,26,61.69207416082555,61.80100876524323,0.0017626670922392476
NA-Hutch++,0.5,160,26,61.200961217030915,61.80100876524323,0.00970934876632276
Gaussian-Hutch++,0.5,160,26,61.75206447266956,61.80100876524323,0.0007919659169252699
Hutchinson,0.5,160,27,61.601401776629004,61.80100876524323,0.003229833826377387
Hutch++,0.5,160,27,61.59031911534337,61.80100876524323,0.0034091619879569623
NA-Hutch++,0.5,160,27,61.7193754347742,61.80100876524323,0.0013209061162597429
Gaussian-Hutch++,0.5,160,27,62.26509405439381,61.80100876524323,0.007509348122673076
Hutchinson,0.5,160,28,61.404416193856136,61.80100876524323,0.006417250774879565
Hutch++,0.5,160,28,61.50744148601607,61.80100876524323,0.004750202061301359
NA-Hutch++,0.5,160,28,61.95167005804205,61.80100876524323,0.0024378452036457276
Gaussian-Hutch++,0.5,160,28,61.9251706283974,61.80100876524323,0.002009058842806456
Hutchinson,0.5,160,29,61.94722341018096,61.80100876524323,0.002365894147345366
Hutch++,0.5,160,29,61.134143109933234,61.80100876524323,0.010790530262105394
NA-Hutch++,0.5,160,29,61.47169578482118,61.80100876524323,0.005328602024490864
Gaussian-Hutch++,0.5,160,29,61.961102163313335,61.80100876524323,0.002590465775052836
Hutchinson,0.5,160,30,61.88542571380788,61.80100876524323,0.001365947745049116
Hutch++,0.5,160,30,61.3386832658123,61.80100876524323,0.007480873025667229
NA-Hutch++,0.5,160,30,61.8456478452911,61.80100876524323,0.0007223034209268483
Gaussian-Hutch++,0.5,160,30,61.751733672195925,61.80100876524323,0.0007973185880263285
Hutchinson,0.5,160,31,61.50658326845335,61.80100876524323,0.004764088850204474
Hutch++,0.5,160,31,61.66576055687634,61.80100876524323,0.002188446613883627
NA-Hutch++,0.5,160,31,62.4923218791729,61.80100876524323,0.011186113750273601
Gaussian-Hutch++,0.5,160,31,61.69092755891341,61.80100876524323,0.0017812202183944447
Hutchinson,0.5,160,32,62.03615827459987,61.80100876524323,0.0038049461336444415
Hutch++,0.5,160,32,61.36691334000021,61.80100876524323,0.007024083164920063
NA-Hutch++,0.5,160,32,61.67356011657294,61.80100876524323,0.002062242206343487
Gaussian-Hutch++,0.5,160,32,61.369252662445305,61.80100876524323,0.006986230668790401
Hutchinson,0.5,160,33,61.690220016133296,61.80100876524323,0.001792668943815745
Hutch++,0.5,160,33,61.11100854836693,61.80100876524323,0.011164869808150353
NA-Hutch++,0.5,160,33,62.12090472590284,61.80100876524323,0.005176225551184151
Gaussian-Hutch++,0.5,160,33,61.66724302297442,61.80100876524323,0.002164458880872564
Hutchinson,0.5,160,34,61.43716450499338,61.80100876524323,0.005887351477254105
Hutch++,0.5,160,34,61.608204785555785,61.80100876524323,0.003119754572612734
NA-Hutch++,0.5,160,34,61.73527390019281,61.80100876524323,0.0010636535934247147
Gaussian-Hutch++,0.5,160,34,61.83275489302709,61.80100876524323,0.0005136830032086567
Hutchinson,0.5,160,35,61.46662369920523,61.80100876524323,0.005410673267619222
Hutch++,0.5,160,35,61.21148454395634,61.80100876524323,0.009539071174812942
NA-Hutch++,0.5,160,35,61.39101321319721,61.80100876524323,0.006634123944536656
Gaussian-Hutch++,0.5,160,35,61.657419376876774,61.80100876524323,0.0023234149609417383
Hutchinson,0.5,160,36,61.74412425238887,61.80100876524323,0.0009204463485449086
Hutch++,0.5,160,36,61.849420015917914,61.80100876524323,0.0007833407842674073
NA-Hutch++,0.5,160,36,62.22075842055939,61.80100876524323,0.00679195475450275
Gaussian-Hutch++,0.5,160,36,61.84550374677525,61.80100876524323,0.0007199717677916364
Hutchinson,0.5,160,37,61.722669326834875,61.80100876524323,0.0012676077619693223
Hutch++,0.5,160,37,61.077202651336734,61.80100876524323,0.01171188186678217
NA-Hutch++,0.5,160,37,61.65398983249996,61.80100876524323,0.002378908300700024
Gaussian-Hutch++,0.5,160,37,61.910894516132906,61.80100876524323,0.0017780575606311747
Hutchinson,0.5,160,38,61.605067001634055,61.80100876524323,0.003170526946469107
Hutch++,0.5,160,38,61.549960026303665,61.80100876524323,0.004062211021396073
NA-Hutch++,0.5,160,38,61.458298317269154,61.80100876524323,0.005545385986754595
Gaussian-Hutch++,0.5,160,38,61.63181773231532,61.80100876524323,0.002737674292188337
Hutchinson,0.5,160,39,61.39095056217218,61.80100876524323,0.006635137698620684
Hutch++,0.5,160,39,61.51930959053008,61.80100876524323,0.00455816466982301
NA-Hutch++,0.5,160,39,62.16050319451658,61.80100876524323,0.00581696701163762
Gaussian-Hutch++,0.5,160,39,61.72152090702508,61.80100876524323,0.0012861903034640252
Hutchinson,0.5,160,40,61.66828272152475,61.80100876524323,0.002147635554342757
Hutch++,0.5,160,40,61.09568339176562,61.80100876524323,0.011412845640705578
NA-Hutch++,0.5,160,40,61.779513051942125,61.80100876524323,0.0003478213985593717
Gaussian-Hutch++,0.5,160,40,61.976964042362425,61.80100876524323,0.002847126295099415
Hutchinson,0.5,160,41,62.07334493472676,61.80100876524323,0.0044066622038165144
Hutch++,0.5,160,41,61.4570611126385,61.80100876524323,0.0055654051523859336
NA-Hutch++,0.5,160,41,61.98307610547741,61.80100876524323,0.00294602537841698
Gaussian-Hutch++,0.5,160,41,61.57471645415272,61.80100876524323,0.0036616281127400787
Hutchinson,0.5,160,42,61.93335146873424,61.80100876524323,0.0021414327392894382
Hutch++,0.5,160,42,61.72712329867774,61.80100876524323,0.001195538196571408
NA-Hutch++,0.5,160,42,61.58025981512426,61.80100876524323,0.0035719311792710234
Gaussian-Hutch++,0.5,160,42,61.743343063807174,61.80100876524323,0.0009330867341519648
Hutchinson,0.5,160,43,61.88172901947987,61.80100876524323,0.001306131661107047
Hutch++,0.5,160,43,62.03413344077837,61.80100876524323,0.0037721823671306503
NA-Hutch++,0.5,160,43,61.51901552370084,61.80100876524323,0.004562922955085927
Gaussian-Hutch++,0.5,160,43,61.69708937709001,61.80100876524323,0.001681516050133907
Hutchinson,0.5,160,44,61.38188425281061,61.80100876524323,0.006781839338977574
Hutch++,0.5,160,44,61.76004085813038,61.80100876524323,0.0006629002977681342
NA-Hutch++,0.5,160,44,62.14371259027212,61.80100876524323,0.005545278821106034
Gaussian-Hutch++,0.5,160,44,61.72715468640865,61.80100876524323,0.0011950303127756406
Hutchinson,0.5,160,45,61.437483607634434,61.80100876524323,0.005882188088380266
Hutch++,0.5,160,45,61.30154612969184,61.80100876524323,0.008081787749592293
NA-Hutch++,0.5,160,45,61.86262634122442,61.80100876524323,0.0009970318804220185
Gaussian-Hutch++,0.5,160,45,61.89865050716683,61.80100876524323,0.0015799376721259814
Hutchinson,0.5,160,46,62.213682530844004,61.80100876524323,0.006677460026070948
Hutch++,0.5,160,46,61.164240720846415,61.80100876524323,0.010303521853755469
NA-Hutch++,0.5,160,46,62.422589417546455,61.80100876524323,0.010057775183967523
Gaussian-Hutch++,0.5,160,46,61.80179176207608,61.80100876524323,1.2669644856782752e-05
Hutchinson,0.5,160,47,61.916419429570645,61.80100876524323,0.0018674559951895162
Hutch++,0.5,160,47,61.55910483543832,61.80100876524323,0.00391423917890737
NA-Hutch++,0.5,160,47,61.30607537673467,61.80100876524323,0.008008500158769466
Gaussian-Hutch++,0.5,160,47,61.9320316279786,61.80100876524323,0.0021200764413583147
Hutchinson,0.5,160,48,61.73671811704448,61.80100876524323,0.0010402847701558304
Hutch++,0.5,160,48,61.34394318539236,61.80100876524323,0.00739576244761756
NA-Hutch++,0.5,160,48,61.550211804366356,61.80100876524323,0.004058137009212119
Gaussian-Hutch++,0.5,160,48,61.38635029022151,61.80100876524323,0.0067095745410377106
Hutchinson,0.5,160,49,61.58252699299601,61.80100876524323,0.0035352460520045254
Hutch++,0.5,160,49,61.968096308421565,61.80100876524323,0.002703637796804098
NA-Hutch++,0.5,160,49,61.19180511217817,61.80100876524323,0.009857503384437858
Gaussian-Hutch++,0.5,160,49,61.84537970232269,61.80100876524323,0.0007179646087655874
Hutchinson,0.5,320,0,61.76189454704702,61.80100876524323,0.0006329058210811719
Hutch++,0.5,320,0,61.46520936072757,61.80100876524323,0.005433558629944477
NA-Hutch++,0.5,320,0,61.96036140323349,61.80100876524323,0.002578479561645594
Gaussian-Hutch++,0.5,320,0,61.82318602113287,61.80100876524323,0.0003588494157737768
Hutchinson,0.5,320,1,61.61511352398592,61.80100876524323,0.0030079645133860708
Hutch++,0.5,320,1,61.73776274031235,61.80100876524323,0.0010233817569407207
NA-Hutch++,0.5,320,1,61.81816788521024,61.80100876524323,0.00027765113077984183
Gaussian-Hutch++,0.5,320,1,61.93269416379553,61.80100876524323,0.002130796910654301
Hutchinson,0.5,320,2,61.926134863076484,61.80100876524323,0.0020246610910277427
Hutch++,0.5,320,2,61.46499863432608,61.80100876524323,0.005436968386608667
NA-Hutch++,0.5,320,2,62.06791929425796,61.80100876524323,0.004318870101758597
Gaussian-Hutch++,0.5,320,2,62.01677320806354,61.80100876524323,0.003491277037886378
Hutchinson,0.5,320,3,61.886604700138676,61.80100876524323,0.0013850248823702575
Hutch++,0.5,320,3,61.70376291911814,61.80100876524323,0.0015735316958091757
NA-Hutch++,0.5,320,3,62.18957292668502,61.80100876524323,0.0062873433493259205
Gaussian-Hutch++,0.5,320,3,61.85613202946216,61.80100876524323,0.0008919476448728921
Hutchinson,0.5,320,4,61.705562331238504,61.80100876524323,0.0015444154700983937
Hutch++,0.5,320,4,61.502777974344106,61.80100876524323,0.00482566218347637
NA-Hutch++,0.5,320,4,61.641144583530604,61.80100876524323,0.0025867568330459867
Gaussian-Hutch++,0.5,320,4,61.8917856358256,61.80100876524323,0.0014688574247580858
Hutchinson,0.5,320,5,61.7983965569887,61.80100876524323,4.2268052038689204e-05
Hutch++,0.5,320,5,61.475091544623666,61.80100876524323,0.005273655351769289
NA-Hutch++,0.5,320,5,61.765857222873144,61.80100876524323,0.0005687858996543855
Gaussian-Hutch++,0.5,320,5,61.933915999183974,61.80100876524323,0.0021505673871053143
Hutchinson,0.5,320,6,61.846567552969915,61.80100876524323,0.0007371851792863586
Hutch++,0.5,320,6,61.71620855557592,61.80100876524323,0.001372149279786605
NA-Hutch++,0.5,320,6,61.64363777894002,61.80100876524323,0.0025464145237661345
Gaussian-Hutch++,0.5,320,6,61.748057690332644,61.80100876524323,0.0008567995242881493
Hutchinson,0.5,320,7,61.78646652543714,61.80100876524323,0.00023530748278446676
Hutch++,0.5,320,7,61.54954485820605,61.80100876524323,0.004068928842122834
NA-Hutch++,0.5,320,7,61.70740716724737,61.80100876524323,0.0015145642420080583
Gaussian-Hutch++,0.5,320,7,61.88383949008896,61.80100876524323,0.0013402811135392288
Hutchinson,0.5,320,8,61.82394683933594,61.80100876524323,0.000371160188983959
Hutch++,0.5,320,8,61.5917196724591,61.80100876524323,0.0033864996213756986
NA-Hutch++,0.5,320,8,61.47711848374952,61.80100876524323,0.0052408575193980626
Gaussian-Hutch++,0.5,320,8,61.838920160304085,61.80100876524323,0.0006134429812442482
Hutchinson,0.5,320,9,61.7016907152482,61.80100876524323,0.0016070619554496724
Hutch++,0.5,320,9,61.653049342139695,61.80100876524323,0.0023941263429141384
NA-Hutch++,0.5,320,9,61.54719148408016,61.80100876524323,0.004107008708016743
Gaussian-Hutch++,0.5,320,9,61.904299699287904,61.80100876524323,0.0016713470557905
Hutchinson,0.5,320,10,61.87787386092001,61.80100876524323,0.00124375147287254
Hutch++,0.5,320,10,61.474221353694254,61.80100876524323,0.005287735881307525
NA-Hutch++,0.5,320,10,61.91653193724006,61.80100876524323,0.0018692764779237236
Gaussian-Hutch++,0.5,320,10,61.64628454261979,61.80100876524323,0.0025035873315786346
Hutchinson,0.5,320,11,61.60396800595608,61.80100876524323,0.0031883097577845784
Hutch++,0.5,320,11,61.338768414435705,61.80100876524323,0.007479495238716712
NA-Hutch++,0.5,320,11,61.68518130603681,61.80100876524323,0.0018742001388100775
Gaussian-Hutch++,0.5,320,11,61.892346956917166,61.80100876524323,0.0014779401420596616
Hutchinson,0.5,320,12,61.77498250994843,61.80100876524323,0.0004211299429377468
Hutch++,0.5,320,12,61.41153014634837,61.80100876524323,0.006302140153963068
NA-Hutch++,0.5,320,12,61.967852218966485,61.80100876524323,0.002699688193715784
Gaussian-Hutch++,0.5,320,12,62.03709733283901,61.80100876524323,0.0038201410027558424
Hutchinson,0.5,320,13,61.74127018894235,61.80100876524323,0.0009666278511375538
Hutch++,0.5,320,13,61.58172366643903,61.80100876524323,0.0035482446514291392
NA-Hutch++,0.5,320,13,62.077301646116986,61.80100876524323,0.00447068561491088
Gaussian-Hutch++,0.5,320,13,61.894820037287076,61.80100876524323,0.0015179569705762355
Hutchinson,0.5,320,14,61.877009505659956,61.80100876524323,0.0012297653700996977
Hutch++,0.5,320,14,61.270516016415414,61.80100876524323,0.008583884946651004
NA-Hutch++,0.5,320,14,61.52444205710906,61.80100876524323,0.004475116404405837
Gaussian-Hutch++,0.5,320,14,61.83684380605688,61.80100876524323,0.000579845564491905
Hutchinson,0.5,320,15,61.53434616693611,61.80100876524323,0.004314858343495064
Hutch++,0.5,320,15,61.474327511221155,61.80100876524323,0.005286018150011199
NA-Hutch++,0.5,320,15,61.68243035344106,61.80100876524323,0.0019187132082681623
Gaussian-Hutch++,0.5,320,15,61.953439720091914,61.80100876524323,0.0024664800444877126
Hutchinson,0.5,320,16,61.669564327963904,61.80100876524323,0.0021268979245732253
Hutch++,0.5,320,16,61.64321687709435,61.80100876524323,0.002553225122073093
NA-Hutch++,0.5,320,16,61.398097329371254,61.80100876524323,0.00651949610405995
Gaussian-Hutch++,0.5,320,16,61.703704273898225,61.80100876524323,0.0015744806320982028
Hutchinson,0.5,320,17,61.80742398614261,61.80100876524323,0.00010380446901354504
Hutch++,0.5,320,17,61.599312142349085,61.80100876524323,0.0032636461268829775
NA-Hutch++,0.5,320,17,61.84662928726231,61.80100876524323,0.0007381840997510557
Gaussian-Hutch++,0.5,320,17,61.67648981725958,61.80100876524323,0.002014836820166628
Hutchinson,0.5,320,18,61.884056396251914,61.80100876524323,0.0013437908647113883
Hutch++,0.5,320,18,61.833550866073985,61.80100876524323,0.0005265626157392846
NA-Hutch++,0.5,320,18,61.65558794191394,61.80100876524323,0.002353049347166534
Gaussian-Hutch++,0.5,320,18,61.97166503162307,61.80100876524323,0.0027613831843439633
Hutchinson,0.5,320,19,61.818964963734444,61.80100876524323,0.0002905486310008453
Hutch++,0.5,320,19,61.236754253626195,61.80100876524323,0.00913018287064551
NA-Hutch++,0.5,320,19,61.600983281746736,61.80100876524323,0.0032366054776923033
Gaussian-Hutch++,0.5,320,19,61.7194737748645,61.80100876524323,0.001319314878636579
Hutchinson,0.5,320,20,61.929400659070666,61.80100876524323,0.0020775048238313117
Hutch++,0.5,320,20,61.43616049299443,61.80100876524323,0.005903597360921878
NA-Hutch++,0.5,320,20,61.97107676854379,61.80100876524323,0.002751864519664649
Gaussian-Hutch++,0.5,320,20,61.78695421401681,61.80100876524323,0.00022741621062869722
Hutchinson,0.5,320,21,61.94285573004853,61.80100876524323,0.0022952208651498694
Hutch++,0.5,320,21,61.78336837429876,61.80100876524323,0.00028543855993484177
NA-Hutch++,0.5,320,21,62.314775226282606,61.80100876524323,0.008313237458484907
Gaussian-Hutch++,0.5,320,21,61.91059306183046,61.80100876524323,0.0017731797389181022
Hutchinson,0.5,320,22,61.728635654117156,61.80100876524323,0.0011710668251547803
Hutch++,0.5,320,22,61.52706670493532,61.80100876524323,0.004432647068084335
NA-Hutch++,0.5,320,22,61.88860634789165,61.80100876524323,0.0014174134759056794
Gaussian-Hutch++,0.5,320,22,62.107396267168696,61.80100876524323,0.00495764564441504
Hutchinson,0.5,320,23,61.85926942192276,61.80100876524323,0.000942713684510193
Hutch++,0.5,320,23,61.81599634478315,61.80100876524323,0.00024251350972038954
NA-Hutch++,0.5,320,23,62.73945382193438,61.80100876524323,0.015184947227251907
Gaussian-Hutch++,0.5,320,23,62.06567448431629,61.80100876524323,0.004282546909200379
Hutchinson,0.5,320,24,62.0535475479468,61.80100876524323,0.004086321368359193
Hutch++,0.5,320,24,61.18373143111121,61.80100876524323,0.009988143340455877
NA-Hutch++,0.5,320,24,61.7619014418632,61.80100876524323,0.0006327942562973786
Gaussian-Hutch++,0.5,320,24,61.66093138964205,61.80100876524323,0.0022665872030224756
Hutchinson,0.5,320,25,61.749286500580716,61.80100876524323,0.0008369161878730405
Hutch++,0.5,320,25,61.481893199831084,61.80100876524323,0.005163598002491139
NA-Hutch++,0.5,320,25,61.36082287502613,61.80100876524323,0.007122632769461542
Gaussian-Hutch++,0.5,320,25,61.73950365169687,61.80100876524323,0.000995212129627091
Hutchinson,0.5,320,26,61.73076706566972,61.80100876524323,0.0011365785280355923
Hutch++,0.5,320,26,61.39549285781967,61.80100876524323,0.006561638968773996
NA-Hutch++,0.5,320,26,62.06507991916473,61.80100876524323,0.004272926270905988
Gaussian-Hutch++,0.5,320,26,61.68695299097375,61.80100876524323,0.0018455325657018358
Hutchinson,0.5,320,27,61.83883636893065,61.80100876524323,0.0006120871559088935
Hutch++,0.5,320,27,61.384015097155746,61.80100876524323,0.006747360219822204
NA-Hutch++,0.5,320,27,62.043305734504834,61.80100876524323,0.003920598936855372
Gaussian-Hutch++,0.5,320,27,61.87087062653403,61.80100876524323,0.001130432377830159
Hutchinson,0.5,320,28,61.65861667291019,61.80100876524323,0.002304041554951462
Hutch++,0.5,320,28,61.576971559848964,61.80100876524323,0.0036251383249308053
NA-Hutch++,0.5,320,28,61.825649834037655,61.80100876524323,0.0003987162877555082
Gaussian-Hutch++,0.5,320,28,61.86746849381059,61.80100876524323,0.001075382585093598
Hutchinson,0.5,320,29,61.73030178793829,61.80100876524323,0.0011441071710258147
Hutch++,0.5,320,29,61.610413771315265,61.80100876524323,0.0030840110499160134
NA-Hutch++,0.5,320,29,61.99630617125101,61.80100876524323,0.0031601006182541457
Gaussian-Hutch++,0.5,320,29,61.71016658349126,61.80100876524323,0.0014699142225500896
Hutchinson,0.5,320,30,62.06354603038368,61.80100876524323,0.004248106469227977
Hutch++,0.5,320,30,61.50924061536755,61.80100876524323,0.004721090411064117
NA-Hutch++,0.5,320,30,62.01008127888262,61.80100876524323,0.0033829951616740172
Gaussian-Hutch++,0.5,320,30,61.73606593285088,61.80100876524323,0.001050837740190386
Hutchinson,0.5,320,31,61.82540472872826,61.80100876524323,0.00039475024716339714
Hutch++,0.5,320,31,61.77846488783524,61.80100876524323,0.00036478170596899865
NA-Hutch++,0.5,320,31,61.65619459376129,61.80100876524323,0.002343233134462737
Gaussian-Hutch++,0.5,320,31,61.761940775606945,61.80100876524323,0.0006321577983409657
Hutchinson,0.5,320,32,61.8158008340892,61.80100876524323,0.00023934995789728355
Hutch++,0.5,320,32,61.243743554005476,61.80100876524323,0.009017089241286953
NA-Hutch++,0.5,320,32,61.2539174892084,61.80100876524323,0.008852465145237519
Gaussian-Hutch++,0.5,320,32,62.06230536119844,61.80100876524323,0.004228031243757969
Hutchinson,0.5,320,33,61.76617882703645,61.80100876524323,0.0005635820337348908
Hutch++,0.5,320,33,61.27932585597723,61.80100876524323,0.00844133323531441
NA-Hutch++,0.5,320,33,61.4571869415158,61.80100876524323,0.005563369119644468
Gaussian-Hutch++,0.5,320,33,61.846094824171246,61.80100876524323,0.000729535970833057
Hutchinson,0.5,320,34,61.87132445410647,61.80100876524323,0.001137775746191131
Hutch++,0.5,320,34,61.357950055053394,61.80100876524323,0.007169117770760622
NA-Hutch++,0.5,320,34,61.46970836221767,61.80100876524323,0.005360760441371325
Gaussian-Hutch++,0.5,320,34,61.81983528258063,61.80100876524323,0.0003046312303559506
Hutchinson,0.5,320,35,61.58076253433931,61.80100876524323,0.0035637966969204373
Hutch++,0.5,320,35,61.69583813703146,61.80100876524323,0.0017017623225419134
NA-Hutch++,0.5,320,35,62.19965963063123,61.80100876524323,0.0064505559594069265
Gaussian-Hutch++,0.5,320,35,61.75954538581823,61.80100876524323,0.0006709175182318802
Hutchinson,0.5,320,36,62.00327102774205,61.80100876524323,0.003272798721896787
Hutch++,0.5,320,36,61.43790596168586,61.80100876524323,0.005875353991981814
NA-Hutch++,0.5,320,36,62.19618728791878,61.80100876524323,0.0063943701012498366
Gaussian-Hutch++,0.5,320,36,62.05274589469319,61.80100876524323,0.004073349844598869
Hutchinson,0.5,320,37,61.728390088057154,61.80100876524323,0.0011750403211366152
Hutch++,0.5,320,37,61.57885505205557,61.80100876524323,0.0035946616022325766
NA-Hutch++,0.5,320,37,61.87891002705009,61.80100876524323,0.0012605176414315954
Gaussian-Hutch++,0.5,320,37,61.99470989842714,61.80100876524323,0.00313427138252223
Hutchinson,0.5,320,38,61.75076882808079,61.80100876524323,0.0008129306975115226
Hutch++,0.5,320,38,61.610916736897316,61.80100876524323,0.003075872581109439
NA-Hutch++,0.5,320,38,61.832393205071625,61.80100876524323,0.0005078305428251179
Gaussian-Hutch++,0.5,320,38,61.892786372717985,61.80100876524323,0.001485050314039035
Hutchinson,0.5,320,39,62.05242708416591,61.80100876524323,0.004068191182407988
Hutch++,0.5,320,39,61.52675923803532,61.80100876524323,0.004437622179431986
NA-Hutch++,0.5,320,39,61.54268244390163,61.80100876524323,0.00417996933226244
Gaussian-Hutch++,0.5,320,39,61.793745101160795,61.80100876524323,0.00011753309901507839
Hutchinson,0.5,320,40,61.72230998630717,61.80100876524323,0.0012734222387050288
Hutch++,0.5,320,40,61.7310609137679,61.80100876524323,0.001131823782052443
NA-Hutch++,0.5,320,40,61.893763370172266,61.80100876524323,0.001500859076287428
Gaussian-Hutch++,0.5,320,40,61.93486394384448,61.80100876524323,0.0021659060470956507
Hutchinson,0.5,320,41,61.60720851837162,61.80100876524323,0.0031358751376984574
Hutch++,0.5,320,41,61.37716222560007,61.80100876524323,0.006858246299072313
NA-Hutch++,0.5,320,41,61.87765711876091,61.80100876524323,0.0012402443754410519
Gaussian-Hutch++,0.5,320,41,61.71448750930101,61.80100876524323,0.0013999974704439234
Hutchinson,0.5,320,42,61.822410628175284,61.80100876524323,0.00034630280896140334
Hutch++,0.5,320,42,61.64749862087517,61.80100876524323,0.002483942373031246
NA-Hutch++,0.5,320,42,62.38875554096839,61.80100876524323,0.009510310389232767
Gaussian-Hutch++,0.5,320,42,61.90530197342362,61.80100876524323,0.0016875648191529392
Hutchinson,0.5,320,43,61.56395888175276,61.80100876524323,0.003835696022227185
Hutch++,0.5,320,43,61.46785853517044,61.80100876524323,0.005390692429282031
NA-Hutch++,0.5,320,43,61.880481981128526,61.80100876524323,0.0012859533763790172
Gaussian-Hutch++,0.5,320,43,61.8166140807602,61.80100876524323,0.00025250907434617683
Hutchinson,0.5,320,44,61.77678642590579,61.80100876524323,0.00039194084079521147
Hutch++,0.5,320,44,61.41412804640949,61.80100876524323,0.006260103622310533
NA-Hutch++,0.5,320,44,61.850764555628494,61.80100876524323,0.0008050967351401051
Gaussian-Hutch++,0.5,320,44,61.64120995684368,61.80100876524323,0.002585699029712616
Hutchinson,0.5,320,45,61.842907396187215,61.80100876524323,0.0006779603081098371
Hutch++,0.5,320,45,61.68848823063302,61.80100876524323,0.0018206909055098366
NA-Hutch++,0.5,320,45,61.30906390607204,61.80100876524323,0.00796014286821577
Gaussian-Hutch++,0.5,320,45,61.70501669537488,61.80100876524323,0.0015532443852654004
Hutchinson,0.5,320,46,61.95790684381004,61.80100876524323,0.002538762419927535
Hutch++,0.5,320,46,61.547314767047766,61.80100876524323,0.0041050138705525955
NA-Hutch++,0.5,320,46,61.35082708536902,61.80100876524323,0.007284374298553424
Gaussian-Hutch++,0.5,320,46,61.59609146442874,61.80100876524323,0.0033157598056835994
Hutchinson,0.5,320,47,61.58752121787133,61.80100876524323,0.0034544346708458564
Hutch++,0.5,320,47,61.561830526716314,61.80100876524323,0.003870134861964122
NA-Hutch++,0.5,320,47,61.59750135234822,61.80100876524323,0.0032929464576873777
Gaussian-Hutch++,0.5,320,47,61.73087322707504,61.80100876524323,0.001134860733982696
Hutchinson,0.5,320,48,61.68664301258302,61.80100876524323,0.001850548315394679
Hutch++,0.5,320,48,61.52834053456425,61.80100876524323,0.004412035274613984
NA-Hutch++,0.5,320,48,61.66126612936449,61.80100876524323,0.0022611707910717943
Gaussian-Hutch++,0.5,320,48,61.744664240380175,61.80100876524323,0.0009117088214059257
Hutchinson,0.5,320,49,61.781732227979774,61.80100876524323,0.0003119129873216459
Hutch++,0.5,320,49,61.36900828244189,61.80100876524323,0.006990184973231353
NA-Hutch++,0.5,320,49,61.749461696746415,61.80100876524323,0.0008340813447337517
Gaussian-Hutch++,0.5,320,49,61.71985051989948,61.80100876524323,0.0013132187801664845
Hutchinson,1.0,20,0,8.126452637512104,7.485470860550345,0.08563012119115147
Hutch++,1.0,20,0,6.825918552013813,7.485470860550345,0.08811099806860254
NA-Hutch++,1.0,20,0,7.038531218413517,7.485470860550345,0.05970761899458759
Gaussian-Hutch++,1.0,20,0,7.6656282079253515,7.485470860550345,0.02406760385969373
Hutchinson,1.0,20,1,7.318681633490881,7.485470860550345,0.02228172818606117
Hutch++,1.0,20,1,6.974532730201248,7.485470860550345,0.06825731338315999
NA-Hutch++,1.0,20,1,7.619698690046995,7.485470860550345,0.017931781713833493
Gaussian-Hutch++,1.0,20,1,7.472337648764245,7.485470860550345,0.0017544937427134719
Hutchinson,1.0,20,2,7.332096368625462,7.485470860550345,0.02048962513944073
Hutch++,1.0,20,2,7.0356102449345705,7.485470860550345,0.06009783806475201
NA-Hutch++,1.0,20,2,7.378788219631588,7.485470860550345,0.014251961286896767
Gaussian-Hutch++,1.0,20,2,7.021478091196988,7.485470860550345,0.06198578259100238
Hutchinson,1.0,20,3,7.028565980963546,7.485470860550345,0.06103889629639227
Hutch++,1.0,20,3,6.8439938549099955,7.485470860550345,0.08569627984540536
NA-Hutch++,1.0,20,3,7.879864512784696,7.485470860550345,0.05268788825468148
Gaussian-Hutch++,1.0,20,3,7.046713833232742,7.485470860550345,0.05861448604788837
Hutchinson,1.0,20,4,6.956585995921785,7.485470860550345,0.07065485585093519
Hutch++,1.0,20,4,6.493514754890797,7.485470860550345,0.13251752951004306
NA-Hutch++,1.0,20,4,7.8795156568328295,7.485470860550345,0.05264128384483666
Gaussian-Hutch++,1.0,20,4,8.00151067532526,7.485470860550345,0.06893885827470513
Hutchinson,1.0,20,5,7.568839162974295,7.485470860550345,0.011137349136353543
Hutch++,1.0,20,5,7.401241331470569,7.485470860550345,0.01125240224014223
NA-Hutch++,1.0,20,5,7.275901772143227,7.485470860550345,0.02799678100566546
Gaussian-Hutch++,1.0,20,5,6.86312281566657,7.485470860550345,0.08314080122382833
Hutchinson,1.0,20,6,6.983896036012807,7.485470860550345,0.06700644941134161
Hutch++,1.0,20,6,6.868086814938425,7.485470860550345,0.08247764998533824
NA-Hutch++,1.0,20,6,6.706026081957493,7.485470860550345,0.10412768857342744
Gaussian-Hutch++,1.0,20,6,7.675298026957625,7.485470860550345,0.025359415585691523
Hutchinson,1.0,20,7,7.033473949133068,7.485470860550345,0.060383230372236786
Hutch++,1.0,20,7,6.956047692967981,7.485470860550345,0.07072676888938424
NA-Hutch++,1.0,20,7,6.691529390801209,7.485470860550345,0.10606433243008628
Gaussian-Hutch++,1.0,20,7,7.323331318354201,7.485470860550345,0.021660566879051747
Hutchinson,1.0,20,8,7.739189644981697,7.485470860550345,0.033894832958136466
Hutch++,1.0,20,8,6.76037132951865,7.485470860550345,0.09686759116959338
NA-Hutch++,1.0,20,8,7.282915286729842,7.485470860550345,0.027059830649799783
Gaussian-Hutch++,1.0,20,8,7.025986381409002,7.485470860550345,0.061383510496701224
Hutchinson,1.0,20,9,7.681407164698852,7.485470860550345,0.026175548312013783
Hutch++,1.0,20,9,6.779909097745494,7.485470860550345,0.09425749908710172
NA-Hutch++,1.0,20,9,7.230274047927674,7.485470860550345,0.03409228589314268
Gaussian-Hutch++,1.0,20,9,7.235143476782984,7.485470860550345,0.03344176851808049
Hutchinson,1.0,20,10,7.946553688698648,7.485470860550345,0.061597037345811456
Hutch++,1.0,20,10,6.776305860482787,7.485470860550345,0.09473886322969655
NA-Hutch++,1.0,20,10,6.881697196087485,7.485470860550345,0.08065941017082119
Gaussian-Hutch++,1.0,20,10,7.520144415252583,7.485470860550345,0.004632114044418095
Hutchinson,1.0,20,11,7.252385760794264,7.485470860550345,0.031138335062457764
Hutch++,1.0,20,11,7.280251958174657,7.485470860550345,0.027415630385688287
NA-Hutch++,1.0,20,11,6.9044976086193435,7.485470860550345,0.07761345448458368
Gaussian-Hutch++,1.0,20,11,7.6474828916055415,7.485470860550345,0.02164353239407107
Hutchinson,1.0,20,12,7.707523905160583,7.485470860550345,0.02966453931181455
Hutch++,1.0,20,12,6.81096795284485,7.485470860550345,0.09010828046372282
NA-Hutch++,1.0,20,12,7.364022475682688,7.485470860550345,0.016224548479336107
Gaussian-Hutch++,1.0,20,12,7.590707331721813,7.485470860550345,0.014058764389302633
Hutchinson,1.0,20,13,8.071202349871914,7.485470860550345,0.07824911755497838
Hutch++,1.0,20,13,6.516624056721719,7.485470860550345,0.12943030864425736
NA-Hutch++,1.0,20,13,7.002233433823199,7.485470860550345,0.06455671737016387
Gaussian-Hutch++,1.0,20,13,7.502267082659017,7.485470860550345,0.002243843095721739
Hutchinson,1.0,20,14,7.55101229714146,7.485470860550345,0.008755820149742213
Hutch++,1.0,20,14,6.510340480548029,7.485470860550345,0.13026974497241214
NA-Hutch++,1.0,20,14,7.53758998157057,7.485470860550345,0.006962704416485206
Gaussian-Hutch++,1.0,20,14,7.223920801193168,7.485470860550345,0.03494102965994941
Hutchinson,1.0,20,15,8.054271135298851,7.485470860550345,0.07598724052833825
Hutch++,1.0,20,15,6.847074750960302,7.485470860550345,0.08528469637821916
NA-Hutch++,1.0,20,15,7.017522712270308,7.485470860550345,0.06251419008872243
Gaussian-Hutch++,1.0,20,15,7.6672924487063465,7.485470860550345,0.02428993333127926
Hutchinson,1.0,20,16,6.889421856015796,7.485470860550345,0.07962745639366858
Hutch++,1.0,20,16,6.874584296538339,7.485470860550345,0.08160963757557027
NA-Hutch++,1.0,20,16,7.285099846874415,7.485470860550345,0.026767990605897383
Gaussian-Hutch++,1.0,20,16,7.807796166611804,7.485470860550345,0.04306012434837815
Hutchinson,1.0,20,17,6.805098796865043,7.485470860550345,0.09089235351525762
Hutch++,1.0,20,17,6.921548666997907,7.485470860550345,0.07533556726864038
NA-Hutch++,1.0,20,17,7.238583379237294,7.485470860550345,0.032982224620522964
Gaussian-Hutch++,1.0,20,17,7.64122918535938,7.485470860550345,0.02080808645317252
Hutchinson,1.0,20,18,7.530776447137624,7.485470860550345,0.006052469835404339
Hutch++,1.0,20,18,7.183931804127928,7.485470860550345,0.040283244974150804
NA-Hutch++,1.0,20,18,8.105196972065158,7.485470860550345,0.08279053155905947
Gaussian-Hutch++,1.0,20,18,7.162008724488356,7.485470860550345,0.043211995890156715
Hutchinson,1.0,20,19,7.376672216919788,7.485470860550345,0.014534642597293868
Hutch++,1.0,20,19,7.046262168004312,7.485470860550345,0.05867482496802364
NA-Hutch++,1.0,20,19,7.810071666080072,7.485470860550345,0.04336411317027844
Gaussian-Hutch++,1.0,20,19,8.126799912375343,7.485470860550345,0.0856765143799981
Hutchinson,1.0,20,20,8.089986299568777,7.485470860550345,0.08075850541404506
Hutch++,1.0,20,20,6.995095998346051,7.485470860550345,0.06551022258180839
NA-Hutch++,1.0,20,20,6.4519204784182715,7.485470860550345,0.13807419752029934
Gaussian-Hutch++,1.0,20,20,7.610525521945399,7.485470860550345,0.01670631864377595
Hutchinson,1.0,20,21,7.601957886674439,7.485470860550345,0.015561749994646282
Hutch++,1.0,20,21,7.002627244126218,7.485470860550345,0.06450410741277367
NA-Hutch++,1.0,20,21,8.295751859005819,7.485470860550345,0.10824716488120832
Gaussian-Hutch++,1.0,20,21,7.57022505009824,7.485470860550345,0.011322492749863387
Hutchinson,1.0,20,22,6.890267180069823,7.485470860550345,0.07951452775233459
Hutch++,1.0,20,22,7.140566187602883,7.485470860550345,0.046076550075849716
NA-Hutch++,1.0,20,22,6.984201813895968,7.485470860550345,0.06696559989247261
Gaussian-Hutch++,1.0,20,22,7.6220872179186765,7.485470860550345,0.018250870240951973
Hutchinson,1.0,20,23,7.522984393756789,7.485470860550345,0.005011512823347756
Hutch++,1.0,20,23,6.5796196907450675,7.485470860550345,0.12101458768335621
NA-Hutch++,1.0,20,23,6.872009705629255,7.485470860550345,0.08195358266026133
Gaussian-Hutch++,1.0,20,23,7.5057097944574656,7.485470860550345,0.002703762299547914
Hutchinson,1.0,20,24,6.555044937438884,7.485470860550345,0.12429758133385534
Hutch++,1.0,20,24,6.821216332347992,7.485470860550345,0.08873917761180296
NA-Hutch++,1.0,20,24,7.3567341915273055,7.485470860550345,0.017198205887287984
Gaussian-Hutch++,1.0,20,24,7.9140182607947835,7.485470860550345,0.05725056021565101
Hutchinson,1.0,20,25,7.836643006409676,7.485470860550345,0.046913835134949955
Hutch++,1.0,20,25,6.778731422770303,7.485470860550345,0.09441482719606518
NA-Hutch++,1.0,20,25,6.879904695402593,7.485470860550345,0.08089887415622504
Gaussian-Hutch++,1.0,20,25,7.854063519958217,7.485470860550345,0.049241078654171974
Hutchinson,1.0,20,26,7.107996893349354,7.485470860550345,0.05042755148381393
Hutch++,1.0,20,26,7.348114960049294,7.485470860550345,0.018349667383643024
NA-Hutch++,1.0,20,26,7.146239269924525,7.485470860550345,0.04531867092204259
Gaussian-Hutch++,1.0,20,26,8.509880653141305,7.485470860550345,0.13685308668954513
Hutchinson,1.0,20,27,7.708388323661572,7.485470860550345,0.029780018820998688
Hutch++,1.0,20,27,6.977898119931259,7.485470860550345,0.06780772379919038
NA-Hutch++,1.0,20,27,8.114127207410977,7.485470860550345,0.08398354072470629
Gaussian-Hutch++,1.0,20,27,7.670053227474789,7.485470860550345,0.02465875164877373
Hutchinson,1.0,20,28,7.2766680495208025,7.485470860550345,0.027894412378246972
Hutch++,1.0,20,28,6.640071401489953,7.485470860550345,0.1129387148530342
NA-Hutch++,1.0,20,28,8.140768831430703,7.485470860550345,0.08754265203728008
Gaussian-Hutch++,1.0,20,28,7.631464970803536,7.485470860550345,0.019503664228071926
Hutchinson,1.0,20,29,7.454752934141406,7.485470860550345,0.0041036732332801525
Hutch++,1.0,20,29,7.318014237560837,7.485470860550345,0.02237088703023777
NA-Hutch++,1.0,20,29,6.951713854634082,7.485470860550345,0.0713057355856195
Gaussian-Hutch++,1.0,20,29,7.5239677287629,7.485470860550345,0.005142878641801866
Hutchinson,1.0,20,30,7.537811806232637,7.485470860550345,0.006992338445686427
Hutch++,1.0,20,30,6.949170036415834,7.485470860550345,0.07164556968098074
NA-Hutch++,1.0,20,30,8.273346259970289,7.485470860550345,0.10525395317109255
Gaussian-Hutch++,1.0,20,30,7.2831629337796,7.485470860550345,0.02702674695281237
Hutchinson,1.0,20,31,7.561900231684551,7.485470860550345,0.010210362522016002
Hutch++,1.0,20,31,6.858223122773871,7.485470860550345,0.08379536163612263
NA-Hutch++,1.0,20,31,9.119241152602823,7.485470860550345,0.21825885405054676
Gaussian-Hutch++,1.0,20,31,7.302113017987633,7.485470860550345,0.024495164830450125
Hutchinson,1.0,20,32,7.0681022685778006,7.485470860550345,0.05575715940224218
Hutch++,1.0,20,32,6.8988072963447,7.485470860550345,0.07837363542452064
NA-Hutch++,1.0,20,32,6.72219289200102,7.485470860550345,0.10196792997644602
Gaussian-Hutch++,1.0,20,32,7.665898290509137,7.485470860550345,0.02410368476747055
Hutchinson,1.0,20,33,7.585576467597306,7.485470860550345,0.013373321319642584
Hutch++,1.0,20,33,6.802915441558724,7.485470860550345,0.09118403260225076
NA-Hutch++,1.0,20,33,7.103673501979973,7.485470860550345,0.05100512254780213
Gaussian-Hutch++,1.0,20,33,7.321657043029891,7.485470860550345,0.021884236886657298
Hutchinson,1.0,20,34,7.524488444279703,7.485470860550345,0.00521244213707205
Hutch++,1.0,20,34,7.227779949458537,7.485470860550345,0.03442547782129266
NA-Hutch++,1.0,20,34,6.90639010725319,7.485470860550345,0.07736063156013404
Gaussian-Hutch++,1.0,20,34,7.407589349089506,7.485470860550345,0.010404357042024831
Hutchinson,1.0,20,35,7.544068752109071,7.485470860550345,0.007828217175695207
Hutch++,1.0,20,35,6.628879797212683,7.485470860550345,0.11443382511206303
NA-Hutch++,1.0,20,35,7.65304948685704,7.485470860550345,0.022387185713307885
Gaussian-Hutch++,1.0,20,35,7.588238757334105,7.485470860550345,0.013728982277569713
Hutchinson,1.0,20,36,7.500860447083939,7.485470860550345,0.002055927652420591
Hutch++,1.0,20,36,6.866953262445825,7.485470860550345,0.08262908367784974
NA-Hutch++,1.0,20,36,7.2773248382103395,7.485470860550345,0.027806670577928388
Gaussian-Hutch++,1.0,20,36,7.2057449725598826,7.485470860550345,0.03736917733053557
Hutchinson,1.0,20,37,7.616454204690039,7.485470860550345,0.017498344002646216
Hutch++,1.0,20,37,6.780463014591666,7.485470860550345,0.09418350015550603
NA-Hutch++,1.0,20,37,6.806653806181908,7.485470860550345,0.09068461650768211
Gaussian-Hutch++,1.0,20,37,7.500456611314821,7.485470860550345,0.002001978371655026
Hutchinson,1.0,20,38,8.11481925704607,7.485470860550345,0.08407599310986491
Hutch++,1.0,20,38,6.767780763888954,7.485470860550345,0.09587774904632054
NA-Hutch++,1.0,20,38,8.013670583217301,7.485470860550345,0.07056332627659473
Gaussian-Hutch++,1.0,20,38,7.800762395446293,7.485470860550345,0.04212046787298126
Hutchinson,1.0,20,39,7.93807972350819,7.485470860550345,0.060464982282299434
Hutch++,1.0,20,39,7.058222988520358,7.485470860550345,0.05707695347284743
NA-Hutch++,1.0,20,39,7.597187747246595,7.485470860550345,0.014924496905734599
Gaussian-Hutch++,1.0,20,39,7.622583349842018,7.485470860550345,0.018317149561596493
Hutchinson,1.0,20,40,7.0014138706600875,7.485470860550345,0.06466620455919708
Hutch++,1.0,20,40,6.969446935596254,7.485470860550345,0.06893673551968804
NA-Hutch++,1.0,20,40,7.291410955455931,7.485470860550345,0.025924876164723488
Gaussian-Hutch++,1.0,20,40,7.116483351983092,7.485470860550345,0.04929382739459683
Hutchinson,1.0,20,41,7.790268942923819,7.485470860550345,0.04071862519428268
Hutch++,1.0,20,41,7.20297988611345,7.485470860550345,0.03773857111991023
NA-Hutch++,1.0,20,41,7.69674827735674,7.485470860550345,0.028225000236105545
Gaussian-Hutch++,1.0,20,41,7.594628904570388,7.485470860550345,0.014582655661025056
Hutchinson,1.0,20,42,7.751945434081135,7.485470860550345,0.03559890600004259
Hutch++,1.0,20,42,7.146673856071474,7.485470860550345,0.04526061363278917
NA-Hutch++,1.0,20,42,7.877422382265979,7.485470860550345,0.05236163883574546
Gaussian-Hutch++,1.0,20,42,7.460207953372709,7.485470860550345,0.0033749255922931242
Hutchinson,1.0,20,43,7.582069028483512,7.485470860550345,0.01290475505585831
Hutch++,1.0,20,43,6.996247108064848,7.485470860550345,0.06535644338204376
NA-Hutch++,1.0,20,43,7.759051612595122,7.485470860550345,0.03654823552738571
Gaussian-Hutch++,1.0,20,43,7.039521996106705,7.485470860550345,0.05957525889171023
Hutchinson,1.0,20,44,7.278502745047625,7.485470860550345,0.02764931149401381
Hutch++,1.0,20,44,7.023261843518587,7.485470860550345,0.06174748731808909
NA-Hutch++,1.0,20,44,7.178903936601322,7.485470860550345,0.04095492850886388
Gaussian-Hutch++,1.0,20,44,6.987570662094562,7.485470860550345,0.0665155482843168
Hutchinson,1.0,20,45,7.017333909941991,7.485470860550345,0.06253941259400427
Hutch++,1.0,20,45,6.960473125859869,7.485470860550345,0.0701355658810056
NA-Hutch++,1.0,20,45,8.011420791583408,7.485470860550345,0.07026277181905884
Gaussian-Hutch++,1.0,20,45,7.289894705840036,7.485470860550345,0.02612743518126932
Hutchinson,1.0,20,46,7.079181968820779,7.485470860550345,0.05427699864156504
Hutch++,1.0,20,46,7.369828027217618,7.485470860550345,0.015448972481101123
NA-Hutch++,1.0,20,46,7.121781842835773,7.485470860550345,0.04858599071319248
Gaussian-Hutch++,1.0,20,46,7.451757159403984,7.485470860550345,0.004503885162927798
Hutchinson,1.0,20,47,7.898775040795021,7.485470860550345,0.05521418598031779
Hutch++,1.0,20,47,7.110477920380912,7.485470860550345,0.050096105796858664
NA-Hutch++,1.0,20,47,7.450282785812971,7.485470860550345,0.004700849872093043
Gaussian-Hutch++,1.0,20,47,7.415045961113096,7.485470860550345,0.009408212355537966
Hutchinson,1.0,20,48,8.073470255793026,7.485470860550345,0.07855209193873616
Hutch++,1.0,20,48,6.7897112126868535,7.485470860550345,0.09294801366875377
NA-Hutch++,1.0,20,48,7.614930727762483,7.485470860550345,0.017294819474137958
Gaussian-Hutch++,1.0,20,48,8.154079415366231,7.485470860550345,0.08932084130332572
Hutchinson,1.0,20,49,7.408605429011601,7.485470860550345,0.010268616760481618
Hutch++,1.0,20,49,6.882133145060186,7.485470860550345,0.0806011708187721
NA-Hutch++,1.0,20,49,7.7342802919386076,7.485470860550345,0.0332389820257706
Gaussian-Hutch++,1.0,20,49,7.970864680967165,7.485470860550345,0.06484479459734788
Hutchinson,1.0,40,0,7.18375497119208,7.485470860550345,0.040306868462791974
Hutch++,1.0,40,0,7.511083583651431,7.485470860550345,0.003421658246787059
NA-Hutch++,1.0,40,0,7.449424988910742,7.485470860550345,0.004815444787791568
Gaussian-Hutch++,1.0,40,0,7.447707385186279,7.485470860550345,0.005044903128684397
Hutchinson,1.0,40,1,7.351155388548156,7.485470860550345,0.017943490062870163
Hutch++,1.0,40,1,7.448224171120993,7.485470860550345,0.004975864594657435
NA-Hutch++,1.0,40,1,7.55549205427504,7.485470860550345,0.009354280449305835
Gaussian-Hutch++,1.0,40,1,7.62172049931126,7.485470860550345,0.018201879520895945
Hutchinson,1.0,40,2,7.420822674069976,7.485470860550345,0.008636488964385056
Hutch++,1.0,40,2,7.461449514004139,7.485470860550345,0.0032090628624049113
NA-Hutch++,1.0,40,2,7.311560547145353,7.485470860550345,0.02323304928238085
Gaussian-Hutch++,1.0,40,2,7.439162780533726,7.485470860550345,0.006186395068434512
Hutchinson,1.0,40,3,7.628707728508457,7.485470860550345,0.019135318355588456
Hutch++,1.0,40,3,7.321660090404121,7.485470860550345,0.021883829781441464
NA-Hutch++,1.0,40,3,7.298073394590684,7.485470860550345,0.02503482672643563
Gaussian-Hutch++,1.0,40,3,7.602803558371358,7.485470860550345,0.015674725078334784
Hutchinson,1.0,40,4,7.2342540155348996,7.485470860550345,0.033560593541202506
Hutch++,1.0,40,4,7.246459785823465,7.485470860550345,0.03192999868405176
NA-Hutch++,1.0,40,4,7.619797056867553,7.485470860550345,0.017944922746961526
Gaussian-Hutch++,1.0,40,4,7.603117363823408,7.485470860550345,0.015716647017234308
Hutchinson,1.0,40,5,7.960261711777347,7.485470860550345,0.06342832135373443
Hutch++,1.0,40,5,7.214377692189506,7.485470860550345,0.036215913923270206
NA-Hutch++,1.0,40,5,7.47433444606222,7.485470860550345,0.0014877373375155217
Gaussian-Hutch++,1.0,40,5,7.263674041075465,7.485470860550345,0.029630309650096397
Hutchinson,1.0,40,6,7.859220126842784,7.485470860550345,0.04992996075399326
Hutch++,1.0,40,6,7.242736384151421,7.485470860550345,0.03242741584609923
NA-Hutch++,1.0,40,6,7.38639418383066,7.485470860550345,0.013235864325093452
Gaussian-Hutch++,1.0,40,6,7.562622339460204,7.485470860550345,0.010306830438210637
Hutchinson,1.0,40,7,7.604587314462341,7.485470860550345,0.015913020854808103
Hutch++,1.0,40,7,7.144654660527687,7.485470860550345,0.045530362267364545
NA-Hutch++,1.0,40,7,7.518873169626822,7.485470860550345,0.004462285632893535
Gaussian-Hutch++,1.0,40,7,7.3856894524278855,7.485470860550345,0.013330010894615038
Hutchinson,1.0,40,8,7.140652639472455,7.485470860550345,0.0460650007864086
Hutch++,1.0,40,8,7.433357559843622,7.485470860550345,0.0069619268684043036
NA-Hutch++,1.0,40,8,7.364246139719968,7.485470860550345,0.016194668724081405
Gaussian-Hutch++,1.0,40,8,7.524337259617431,7.485470860550345,0.0051922450559413625
Hutchinson,1.0,40,9,7.453871237605492,7.485470860550345,0.004221460951960704
Hutch++,1.0,40,9,7.277727109444601,7.485470860550345,0.02775293030670751
NA-Hutch++,1.0,40,9,7.506397333289094,7.485470860550345,0.002795612076861423
Gaussian-Hutch++,1.0,40,9,7.3192002059561965,7.485470860550345,0.022212450985604943
Hutchinson,1.0,40,10,8.17249127523788,7.485470860550345,0.09178052088990746
Hutch++,1.0,40,10,7.438115191126192,7.485470860550345,0.006326344769268311
NA-Hutch++,1.0,40,10,7.468419547005222,7.485470860550345,0.0022779213041875415
Gaussian-Hutch++,1.0,40,10,7.422027579514463,7.485470860550345,0.008475523079014106
Hutchinson,1.0,40,11,6.98018272514692,7.485470860550345,0.06750251852109608
Hutch++,1.0,40,11,7.214534785664722,7.485470860550345,0.03619492747122967
NA-Hutch++,1.0,40,11,7.26037819780706,7.485470860550345,0.03007060837409178
Gaussian-Hutch++,1.0,40,11,7.493537111744755,7.485470860550345,0.0010775876821483717
Hutchinson,1.0,40,12,7.561975604432303,7.485470860550345,0.010220431727969208
Hutch++,1.0,40,12,7.398668457411793,7.485470860550345,0.011596117967142884
NA-Hutch++,1.0,40,12,7.325666539873737,7.485470860550345,0.021348599661085196
Gaussian-Hutch++,1.0,40,12,7.609180466181733,7.485470860550345,0.016526629778676635
Hutchinson,1.0,40,13,7.074860364921889,7.485470860550345,0.05485433091356219
Hutch++,1.0,40,13,7.307354571540969,7.485470860550345,0.023794934524169704
NA-Hutch++,1.0,40,13,7.627325014564688,7.485470860550345,0.01895059865397881
Gaussian-Hutch++,1.0,40,13,7.485691336991339,7.485470860550345,2.9453917475762868e-05
Hutchinson,1.0,40,14,8.008911151063653,7.485470860550345,0.06992750359525468
Hutch++,1.0,40,14,7.382388990448092,7.485470860550345,0.013770926642104935
NA-Hutch++,1.0,40,14,7.5818794730573025,7.485470860550345,0.012879431942624555
Gaussian-Hutch++,1.0,40,14,7.635233774507107,7.485470860550345,0.020007146744239805
Hutchinson,1.0,40,15,7.72849499469452,7.485470860550345,0.032466111841400906
Hutch++,1.0,40,15,7.4352178554696815,7.485470860550345,0.006713406012373263
NA-Hutch++,1.0,40,15,7.3584592623931755,7.485470860550345,0.016967749995065968
Gaussian-Hutch++,1.0,40,15,7.5676217437063,7.485470860550345,0.010974711502639541
Hutchinson,1.0,40,16,7.559912261949282,7.485470860550345,0.009944785409726844
Hutch++,1.0,40,16,7.287452483637926,7.485470860550345,0.02645369684838506
NA-Hutch++,1.0,40,16,7.929512583952196,7.485470860550345,0.059320479856788066
Gaussian-Hutch++,1.0,40,16,7.715531079461554,7.485470860550345,0.030734234785905593
Hutchinson,1.0,40,17,7.567508901305064,7.485470860550345,0.010959636645848484
Hutch++,1.0,40,17,7.189083501368836,7.485470860550345,0.039595018764085846
NA-Hutch++,1.0,40,17,7.196258848717619,7.485470860550345,0.03863644882473867
Gaussian-Hutch++,1.0,40,17,7.678967653031675,7.485470860550345,0.025849648751034453
Hutchinson,1.0,40,18,7.46240984808684,7.485470860550345,0.0030807697863123643
Hutch++,1.0,40,18,7.186880334745269,7.485470860550345,0.03988934448715801
NA-Hutch++,1.0,40,18,7.202423437572343,7.485470860550345,0.03781290826602612
Gaussian-Hutch++,1.0,40,18,7.25294094990198,7.485470860550345,0.031064166166731848
Hutchinson,1.0,40,19,7.491926804853925,7.485470860550345,0.000862463353855798
Hutch++,1.0,40,19,7.425539805299442,7.485470860550345,0.008006317353628294
NA-Hutch++,1.0,40,19,7.586311505985151,7.485470860550345,0.013471516663868475
Gaussian-Hutch++,1.0,40,19,7.496537044030862,7.485470860550345,0.0014783550275824563
Hutchinson,1.0,40,20,7.325505808477769,7.485470860550345,0.02137007211070958
Hutch++,1.0,40,20,7.277422429106478,7.485470860550345,0.02779363320219658
NA-Hutch++,1.0,40,20,7.480781263982145,7.485470860550345,0.0006264931966958895
Gaussian-Hutch++,1.0,40,20,7.54123595405326,7.485470860550345,0.0074497776481645215
Hutchinson,1.0,40,21,7.584662784755009,7.485470860550345,0.013251260482145727
Hutch++,1.0,40,21,7.3392053937987285,7.485470860550345,0.019539915320819626
NA-Hutch++,1.0,40,21,7.3584234084847076,7.485470860550345,0.01697253979508468
Gaussian-Hutch++,1.0,40,21,7.457298556310642,7.485470860550345,0.0037635981442631673
Hutchinson,1.0,40,22,7.267594448652202,7.485470860550345,0.029106574049521317
Hutch++,1.0,40,22,7.172331034956036,7.485470860550345,0.04183301644317488
NA-Hutch++,1.0,40,22,7.493240572574123,7.485470860550345,0.0010379723825692715
Gaussian-Hutch++,1.0,40,22,7.35273117278369,7.485470860550345,0.017732977689648752
Hutchinson,1.0,40,23,7.514526214419836,7.485470860550345,0.0038815666256370213
Hutch++,1.0,40,23,7.409238298010388,7.485470860550345,0.01018407044261103
NA-Hutch++,1.0,40,23,7.167246129221686,7.485470860550345,0.0425123198335799
Gaussian-Hutch++,1.0,40,23,7.581802857629134,7.485470860550345,0.01286919672434689
Hutchinson,1.0,40,24,7.510452452334327,7.485470860550345,0.0033373440695146184
Hutch++,1.0,40,24,7.607110100779789,7.485470860550345,0.016250045253733213
NA-Hutch++,1.0,40,24,7.058098104792409,7.485470860550345,0.057093636956127986
Gaussian-Hutch++,1.0,40,24,7.641454387596075,7.485470860550345,0.02083817169976419
Hutchinson,1.0,40,25,7.490105005158827,7.485470860550345,0.0006190852512571496
Hutch++,1.0,40,25,7.401746285482855,7.485470860550345,0.011184944357840194
NA-Hutch++,1.0,40,25,7.507640086412827,7.485470860550345,0.002961634114337125
Gaussian-Hutch++,1.0,40,25,7.421859036249292,7.485470860550345,0.008498039132888456
Hutchinson,1.0,40,26,7.869864229768268,7.485470860550345,0.05135192914098951
Hutch++,1.0,40,26,7.690014371019526,7.485470860550345,0.027325403341980605
NA-Hutch++,1.0,40,26,6.936877009182012,7.485470860550345,0.07328782137934861
Gaussian-Hutch++,1.0,40,26,7.457227508763074,7.485470860550345,0.003773089537509015
Hutchinson,1.0,40,27,7.754948172743875,7.485470860550345,0.03600004825531008
Hutch++,1.0,40,27,7.284161417551886,7.485470860550345,0.026893357378410636
NA-Hutch++,1.0,40,27,7.225523566630942,7.485470860550345,0.03472691281043758
Gaussian-Hutch++,1.0,40,27,7.575941546879353,7.485470860550345,0.012086171733805415
Hutchinson,1.0,40,28,7.760086553435718,7.485470860550345,0.036686495479214605
Hutch++,1.0,40,28,7.199633110547866,7.485470860550345,0.03818567399799662
NA-Hutch++,1.0,40,28,7.260682218956104,7.485470860550345,0.030029993541076213
Gaussian-Hutch++,1.0,40,28,7.299616235737211,7.485470860550345,0.024828715290659654
Hutchinson,1.0,40,29,7.392365014269464,7.485470860550345,0.012438208365964577
Hutch++,1.0,40,29,7.284562651117542,7.485470860550345,0.02683975573154948
NA-Hutch++,1.0,40,29,8.117352266072459,7.485470860550345,0.08441438318225669
Gaussian-Hutch++,1.0,40,29,7.3474016436973795,7.485470860550345,0.018444960834810394
Hutchinson,1.0,40,30,7.177454637481981,7.485470860550345,0.04114854346593745
Hutch++,1.0,40,30,7.464686858077178,7.485470860550345,0.002776579170550573
NA-Hutch++,1.0,40,30,7.314544595614054,7.485470860550345,0.02283440388995442
Gaussian-Hutch++,1.0,40,30,7.499603896122995,7.485470860550345,0.0018880623324757425
Hutchinson,1.0,40,31,7.225334419397089,7.485470860550345,0.03475218139238479
Hutch++,1.0,40,31,7.149740656568059,7.485470860550345,0.044850913220655104
NA-Hutch++,1.0,40,31,7.565533670532746,7.485470860550345,0.010695761358760356
Gaussian-Hutch++,1.0,40,31,7.295570172058124,7.485470860550345,0.02536923755765704
Hutchinson,1.0,40,32,7.973549613146682,7.485470860550345,0.06520348040743727
Hutch++,1.0,40,32,7.510449761253249,7.485470860550345,0.003336984562260084
NA-Hutch++,1.0,40,32,7.941893265691165,7.485470860550345,0.06097444150724586
Gaussian-Hutch++,1.0,40,32,7.561834361387474,7.485470860550345,0.010201562768693278
Hutchinson,1.0,40,33,7.515904336595648,7.485470860550345,0.004065672903182684
Hutch++,1.0,40,33,7.5401802199369685,7.485470860550345,0.007308739878335608
NA-Hutch++,1.0,40,33,7.196182623366884,7.485470860550345,0.03864663193174094
Gaussian-Hutch++,1.0,40,33,7.459499514423727,7.485470860550345,0.0034695674608115116
Hutchinson,1.0,40,34,7.314695976083103,7.485470860550345,0.022814180650579226
Hutch++,1.0,40,34,7.328827313277598,7.485470860550345,0.020926345208059534
NA-Hutch++,1.0,40,34,7.09132476502584,7.485470860550345,0.052654816626395436
Gaussian-Hutch++,1.0,40,34,7.522261239885143,7.485470860550345,0.004914905156960724
Hutchinson,1.0,40,35,7.413864735043191,7.485470860550345,0.009566014862809773
Hutch++,1.0,40,35,7.488948491064007,7.485470860550345,0.00046458406938561226
NA-Hutch++,1.0,40,35,7.31558563234546,7.485470860550345,0.02269532957508498
Gaussian-Hutch++,1.0,40,35,7.579972406317375,7.485470860550345,0.012624662833846372
Hutchinson,1.0,40,36,7.659485434996583,7.485470860550345,0.02324697773700824
Hutch++,1.0,40,36,7.300325408176457,7.485470860550345,0.024733975433614313
NA-Hutch++,1.0,40,36,7.653709596920391,7.485470860550345,0.022475371223030473
Gaussian-Hutch++,1.0,40,36,7.370882454016167,7.485470860550345,0.015308109358634721
Hutchinson,1.0,40,37,8.087090195065363,7.485470860550345,0.08037160864330527
Hutch++,1.0,40,37,7.530074864132821,7.485470860550345,0.005958743867075426
NA-Hutch++,1.0,40,37,7.47402300265496,7.485470860550345,0.0015293437258192353
Gaussian-Hutch++,1.0,40,37,7.304925516888652,7.485470860550345,0.02411943711025538
Hutchinson,1.0,40,38,7.5199560713716505,7.485470860550345,0.004606952784099141
Hutch++,1.0,40,38,7.324127647483024,7.485470860550345,0.021554183574159082
NA-Hutch++,1.0,40,38,7.907131214093488,7.485470860550345,0.05633050497402406
Gaussian-Hutch++,1.0,40,38,7.462492815296891,7.485470860550345,0.003069686019960686
Hutchinson,1.0,40,39,7.536112119548295,7.485470860550345,0.006765273680355584
Hutch++,1.0,40,39,7.396372206202597,7.485470860550345,0.011902879058325216
NA-Hutch++,1.0,40,39,7.222368825124784,7.485470860550345,0.03514836144939817
Gaussian-Hutch++,1.0,40,39,7.429702469471957,7.485470860550345,0.0074502181782974365
Hutchinson,1.0,40,40,7.031675909107259,7.485470860550345,0.06062343436999534
Hutch++,1.0,40,40,7.376018234218556,7.485470860550345,0.014622009539656675
NA-Hutch++,1.0,40,40,7.141036097801131,7.485470860550345,0.04601377377132562
Gaussian-Hutch++,1.0,40,40,7.432755777379356,7.485470860550345,0.007042320269898635
Hutchinson,1.0,40,41,7.183626394703761,7.485470860550345,0.040324045269797805
Hutch++,1.0,40,41,7.336730298950463,7.485470860550345,0.0198705685147703
NA-Hutch++,1.0,40,41,7.274161534890711,7.485470860550345,0.028229263007791404
Gaussian-Hutch++,1.0,40,41,7.378301286756778,7.485470860550345,0.01431701168704942
Hutchinson,1.0,40,42,8.077596485119214,7.485470860550345,0.07910332370532196
Hutch++,1.0,40,42,7.341622029226412,7.485470860550345,0.01921707184541193
NA-Hutch++,1.0,40,42,7.775272156627669,7.485470860550345,0.03871517256244018
Gaussian-Hutch++,1.0,40,42,7.289577237404658,7.485470860550345,0.026169846465915504
Hutchinson,1.0,40,43,7.239225773069933,7.485470860550345,0.03289640585980558
Hutch++,1.0,40,43,7.234437063904017,7.485470860550345,0.033536139719588944
NA-Hutch++,1.0,40,43,7.262567515063408,7.485470860550345,0.029778132817492406
Gaussian-Hutch++,1.0,40,43,7.32293868762719,7.485470860550345,0.021713019254370036
Hutchinson,1.0,40,44,7.973343140523883,7.485470860550345,0.06517589728986918
Hutch++,1.0,40,44,7.34905181667323,7.485470860550345,0.018224510711285512
NA-Hutch++,1.0,40,44,7.327721924735421,7.485470860550345,0.02107401641843089
Gaussian-Hutch++,1.0,40,44,7.544883018751772,7.485470860550345,0.007936996791282546
Hutchinson,1.0,40,45,7.609065440716201,7.485470860550345,0.01651126328167533
Hutch++,1.0,40,45,7.511240672867459,7.485470860550345,0.003442644129833519
NA-Hutch++,1.0,40,45,7.362205866849051,7.485470860550345,0.016467233123693137
Gaussian-Hutch++,1.0,40,45,7.602954686876301,7.485470860550345,0.015694914657288304
Hutchinson,1.0,40,46,7.464023242191945,7.485470860550345,0.002865233030487462
Hutch++,1.0,40,46,7.523260054830273,7.485470860550345,0.005048338973448344
NA-Hutch++,1.0,40,46,7.8662920538240115,7.485470860550345,0.05087471454610243
Gaussian-Hutch++,1.0,40,46,7.52848927079391,7.485470860550345,0.005746921074835706
Hutchinson,1.0,40,47,7.434428105441401,7.485470860550345,0.0068189104012077225
Hutch++,1.0,40,47,7.35610201996186,7.485470860550345,0.01728265903355263
NA-Hutch++,1.0,40,47,7.49041373355863,7.485470860550345,0.0006603289359303697
Gaussian-Hutch++,1.0,40,47,7.35123275835561,7.485470860550345,0.01793315406545658
Hutchinson,1.0,40,48,7.012774440038049,7.485470860550345,0.06314852189238802
Hutch++,1.0,40,48,7.62747268541289,7.485470860550345,0.018970326317201743
NA-Hutch++,1.0,40,48,7.987252857759232,7.485470860550345,0.06703412604988691
Gaussian-Hutch++,1.0,40,48,7.5836187169751454,7.485470860550345,0.013111781243055216
Hutchinson,1.0,40,49,7.528650856452191,7.485470860550345,0.005768507647182407
Hutch++,1.0,40,49,7.308870863971897,7.485470860550345,0.02359236978787247
NA-Hutch++,1.0,40,49,7.334929517923925,7.485470860550345,0.020111138688655866
Gaussian-Hutch++,1.0,40,49,7.426383420012028,7.485470860550345,0.00789361706685912
Hutchinson,1.0,80,0,7.3038696221887704,7.485470860550345,0.024260496332788203
Hutch++,1.0,80,0,7.392806208304068,7.485470860550345,0.012379268314921175
NA-Hutch++,1.0,80,0,7.54687281671502,7.485470860550345,0.008202818140442297
Gaussian-Hutch++,1.0,80,0,7.452255816235892,7.485470860550345,0.004437268534368557
Hutchinson,1.0,80,1,7.621215395529688,7.485470860550345,0.018134401630596046
Hutch++,1.0,80,1,7.535125028464182,7.485470860550345,0.006633406079438837
NA-Hutch++,1.0,80,1,7.810088313765752,7.485470860550345,0.043366337170076284
Gaussian-Hutch++,1.0,80,1,7.536052752474492,7.485470860550345,0.006757342706485176
Hutchinson,1.0,80,2,7.3650083868828915,7.485470860550345,0.01609283850162459
Hutch++,1.0,80,2,7.438598349585364,7.485470860550345,0.006261798601342076
NA-Hutch++,1.0,80,2,7.444868411745659,7.485470860550345,0.005424167639028188
Gaussian-Hutch++,1.0,80,2,7.427757393345875,7.485470860550345,0.007710065041950768
Hutchinson,1.0,80,3,7.222609882243671,7.485470860550345,0.03511615811531564
Hutch++,1.0,80,3,7.250339293831726,7.485470860550345,0.03141172694396561
NA-Hutch++,1.0,80,3,7.456723272423538,7.485470860550345,0.0038404515443793094
Gaussian-Hutch++,1.0,80,3,7.55735180297901,7.485470860550345,0.0096027282408498
Hutchinson,1.0,80,4,7.487746322053323,7.485470860550345,0.00030398375003637195
Hutch++,1.0,80,4,7.320449850673934,7.485470860550345,0.02204550828540377
NA-Hutch++,1.0,80,4,7.487263613940622,7.485470860550345,0.00023949774485468832
Gaussian-Hutch++,1.0,80,4,7.708111236570798,7.485470860550345,0.029743002166210324
Hutchinson,1.0,80,5,7.939989592232112,7.485470860550345,0.060720125714089
Hutch++,1.0,80,5,7.372162929097461,7.485470860550345,0.0151370479644822
NA-Hutch++,1.0,80,5,7.373671642992006,7.485470860550345,0.014935495661006314
Gaussian-Hutch++,1.0,80,5,7.40808151225624,7.485470860550345,0.010338607916030952
Hutchinson,1.0,80,6,7.663716106280032,7.485470860550345,0.02381216212717738
Hutch++,1.0,80,6,7.437103152434912,7.485470860550345,0.0064615451741771536
NA-Hutch++,1.0,80,6,7.411404479602604,7.485470860550345,0.009894685628673412
Gaussian-Hutch++,1.0,80,6,7.460801818859905,7.485470860550345,0.0032955898366326826
Hutchinson,1.0,80,7,7.460533082998188,7.485470860550345,0.003331490832939245
Hutch++,1.0,80,7,7.2914181139581835,7.485470860550345,0.025923919845156466
NA-Hutch++,1.0,80,7,7.581242204441014,7.485470860550345,0.012794297870478599
Gaussian-Hutch++,1.0,80,7,7.464602990118796,7.485470860550345,0.0027877832697908314
Hutchinson,1.0,80,8,7.362167117017958,7.485470860550345,0.01647240979618498
Hutch++,1.0,80,8,7.3840300541830395,7.485470860550345,0.01355169344147944
NA-Hutch++,1.0,80,8,7.549503276983213,7.485470860550345,0.00855422693184595
Gaussian-Hutch++,1.0,80,8,7.507849061919389,7.485470860550345,0.0029895515974794145
Hutchinson,1.0,80,9,7.35730260799032,7.485470860550345,0.01712226992098688
Hutch++,1.0,80,9,7.242571343673044,7.485470860550345,0.032449463955223114
NA-Hutch++,1.0,80,9,7.486516613596141,7.485470860550345,0.00013970437735683332
Gaussian-Hutch++,1.0,80,9,7.36365981138307,7.485470860550345,0.01627299757577562
Hutchinson,1.0,80,10,7.315965078413422,7.485470860550345,0.022644638566458982
Hutch++,1.0,80,10,7.363382701066438,7.485470860550345,0.016310017333355912
NA-Hutch++,1.0,80,10,7.5324862357247735,7.485470860550345,0.006280884135453276
Gaussian-Hutch++,1.0,80,10,7.439178265285557,7.485470860550345,0.006184326427447263
Hutchinson,1.0,80,11,7.46223168833629,7.485470860550345,0.003104570526956299
Hutch++,1.0,80,11,7.31189943562225,7.485470860550345,0.023187776448752886
NA-Hutch++,1.0,80,11,7.545522007373993,7.485470860550345,0.008022360642685465
Gaussian-Hutch++,1.0,80,11,7.233396550002809,7.485470860550345,0.03367514418845838
Hutchinson,1.0,80,12,7.339839932257268,7.485470860550345,0.019455145976263907
Hutch++,1.0,80,12,7.355727705618576,7.485470860550345,0.017332664484145784
NA-Hutch++,1.0,80,12,7.52591825434284,7.485470860550345,0.0054034535096061
Gaussian-Hutch++,1.0,80,12,7.521206887563366,7.485470860550345,0.004774051984004887
Hutchinson,1.0,80,13,7.61294875561623,7.485470860550345,0.017030043592543335
Hutch++,1.0,80,13,7.4093489604856835,7.485470860550345,0.010169286806770757
NA-Hutch++,1.0,80,13,7.462199524414102,7.485470860550345,0.0031088673738463675
Gaussian-Hutch++,1.0,80,13,7.4113098762439495,7.485470860550345,0.009907323892907795
Hutchinson,1.0,80,14,7.360440024462311,7.485470860550345,0.016703135770251547
Hutch++,1.0,80,14,7.414214298658795,7.485470860550345,0.009519315914658608
NA-Hutch++,1.0,80,14,7.3988193270179785,7.485470860550345,0.011575962975025965
Gaussian-Hutch++,1.0,80,14,7.507407488146308,7.485470860550345,0.002930560816363944
Hutchinson,1.0,80,15,7.328333067991534,7.485470860550345,0.020992372488810685
Hutch++,1.0,80,15,7.479479435768161,7.485470860550345,0.0008004072013372177
NA-Hutch++,1.0,80,15,7.406334111037953,7.485470860550345,0.010572046967606996
Gaussian-Hutch++,1.0,80,15,7.569259000670538,7.485470860550345,0.01119343614865568
Hutchinson,1.0,80,16,7.502393074782111,7.485470860550345,0.00226067465187108
Hutch++,1.0,80,16,7.432501736378659,7.485470860550345,0.007076258148414184
NA-Hutch++,1.0,80,16,7.555896841946746,7.485470860550345,0.009408356896766135
Gaussian-Hutch++,1.0,80,16,7.451262861427843,7.485470860550345,0.0045699194826586175
Hutchinson,1.0,80,17,7.580170799133315,7.485470860550345,0.012651166552802181
Hutch++,1.0,80,17,7.485426474980871,7.485470860550345,5.929562789159777e-06
NA-Hutch++,1.0,80,17,7.439633887047368,7.485470860550345,0.006123458945588269
Gaussian-Hutch++,1.0,80,17,7.523446624733189,7.485470860550345,0.005073263244264569
Hutchinson,1.0,80,18,7.349278160141184,7.485470860550345,0.018194273005178473
Hutch++,1.0,80,18,7.336518377316462,7.485470860550345,0.019898879577353857
NA-Hutch++,1.0,80,18,7.606078225089831,7.485470860550345,0.01611219478190835
Gaussian-Hutch++,1.0,80,18,7.566341857512758,7.485470860550345,0.010803728779256418
Hutchinson,1.0,80,19,7.204816921803873,7.485470860550345,0.037493157608235954
Hutch++,1.0,80,19,7.397174648694433,7.485470860550345,0.011795679056243147
NA-Hutch++,1.0,80,19,7.463382782965361,7.485470860550345,0.0029507933430603086
Gaussian-Hutch++,1.0,80,19,7.499571255733178,7.485470860550345,0.0018837018332600174
Hutchinson,1.0,80,20,7.786713535539432,7.485470860550345,0.04024365074703386
Hutch++,1.0,80,20,7.367909156062396,7.485470860550345,0.015705318566867785
NA-Hutch++,1.0,80,20,7.3392641936003855,7.485470860550345,0.019532060130043733
Gaussian-Hutch++,1.0,80,20,7.515271996693912,7.485470860550345,0.003981197268514325
Hutchinson,1.0,80,21,7.773170826627353,7.485470860550345,0.03843445141083021
Hutch++,1.0,80,21,7.433408561175844,7.485470860550345,0.006955113491774885
NA-Hutch++,1.0,80,21,7.505074139371645,7.485470860550345,0.002618843782374839
Gaussian-Hutch++,1.0,80,21,7.570871236743203,7.485470860550345,0.011408818200459782
Hutchinson,1.0,80,22,7.3699194245140305,7.485470860550345,0.015436762521552188
Hutch++,1.0,80,22,7.182261058299151,7.485470860550345,0.04050644346892851
NA-Hutch++,1.0,80,22,7.6049380782288125,7.485470860550345,0.015959880133670577
Gaussian-Hutch++,1.0,80,22,7.467658805458566,7.485470860550345,0.0023795503881595135
Hutchinson,1.0,80,23,7.398190999793852,7.485470860550345,0.01165990254754346
Hutch++,1.0,80,23,7.435420364977421,7.485470860550345,0.0066863523357893265
NA-Hutch++,1.0,80,23,7.478037874825819,7.485470860550345,0.0009929883988592774
Gaussian-Hutch++,1.0,80,23,7.520777845781653,7.485470860550345,0.004716735378315606
Hutchinson,1.0,80,24,7.436798161226685,7.485470860550345,0.006502289599465709
Hutch++,1.0,80,24,7.3296109199365205,7.485470860550345,0.020821661525026024
NA-Hutch++,1.0,80,24,7.361254291531163,7.485470860550345,0.016594356097733715
Gaussian-Hutch++,1.0,80,24,7.486651921077064,7.485470860550345,0.00015778039200486463
Hutchinson,1.0,80,25,7.508160039402236,7.485470860550345,0.00303109574194817
Hutch++,1.0,80,25,7.321759213323864,7.485470860550345,0.02187058773941244
NA-Hutch++,1.0,80,25,7.342374185102088,7.485470860550345,0.019116589739517936
Gaussian-Hutch++,1.0,80,25,7.461453728110387,7.485470860550345,0.003208499890973125
Hutchinson,1.0,80,26,7.6173402021329455,7.485470860550345,0.017616706288654922
Hutch++,1.0,80,26,7.377643275055364,7.485470860550345,0.014404916872130228
NA-Hutch++,1.0,80,26,7.6024069934706535,7.485470860550345,0.015621747128371177
Gaussian-Hutch++,1.0,80,26,7.463057589021243,7.485470860550345,0.002994236694878243
Hutchinson,1.0,80,27,7.615430439923962,7.485470860550345,0.01736157708642288
Hutch++,1.0,80,27,7.369292092063124,7.485470860550345,0.015520569200195834
NA-Hutch++,1.0,80,27,7.502555169445174,7.485470860550345,0.0022823292232512014
Gaussian-Hutch++,1.0,80,27,7.534029378376296,7.485470860550345,0.006487035849923912
Hutchinson,1.0,80,28,7.40823020778407,7.485470860550345,0.010318743363673529
Hutch++,1.0,80,28,7.39048083702869,7.485470860550345,0.012689919617784892
NA-Hutch++,1.0,80,28,7.4419051607503155,7.485470860550345,0.005820034652680022
Gaussian-Hutch++,1.0,80,28,7.453643263905857,7.485470860550345,0.004251916444191233
Hutchinson,1.0,80,29,7.5274429973596595,7.485470860550345,0.005607147177676485
Hutch++,1.0,80,29,7.233221720816422,7.485470860550345,0.033698499991940016
NA-Hutch++,1.0,80,29,7.678753647295699,7.485470860550345,0.025821059268827835
Gaussian-Hutch++,1.0,80,29,7.603398696846797,7.485470860550345,0.015754230895206674
Hutchinson,1.0,80,30,7.3883502496546125,7.485470860550345,0.012974549324288206
Hutch++,1.0,80,30,7.480403705195843,7.485470860550345,0.0006769320793441093
NA-Hutch++,1.0,80,30,7.394431980305574,7.485470860550345,0.012162077969545142
Gaussian-Hutch++,1.0,80,30,7.379616150407841,7.485470860550345,0.014141356250596798
Hutchinson,1.0,80,31,7.271991252098533,7.485470860550345,0.0285191957097695
Hutch++,1.0,80,31,7.395169182826978,7.485470860550345,0.012063593514106373
NA-Hutch++,1.0,80,31,7.611547965711776,7.485470860550345,0.016842909084835007
Gaussian-Hutch++,1.0,80,31,7.447491286381652,7.485470860550345,0.005073772228391347
Hutchinson,1.0,80,32,7.540347679564644,7.485470860550345,0.007331111166768279
Hutch++,1.0,80,32,7.329463073174622,7.485470860550345,0.020841412688934396
NA-Hutch++,1.0,80,32,7.584408686978268,7.485470860550345,0.013217315018797459
Gaussian-Hutch++,1.0,80,32,7.46727079141945,7.485470860550345,0.0024313860103059573
Hutchinson,1.0,80,33,7.526451860579854,7.485470860550345,0.005474739103652889
Hutch++,1.0,80,33,7.267898125898352,7.485470860550345,0.02906600515922612
NA-Hutch++,1.0,80,33,7.580187521381571,7.485470860550345,0.012653400513573367
Gaussian-Hutch++,1.0,80,33,7.435901251091616,7.485470860550345,0.006622109735269792
Hutchinson,1.0,80,34,7.476887216909523,7.485470860550345,0.0011467072413653238
Hutch++,1.0,80,34,7.403913526304194,7.485470860550345,0.010895418039227344
NA-Hutch++,1.0,80,34,7.333444807772985,7.485470860550345,0.020309484280883736
Gaussian-Hutch++,1.0,80,34,7.510317699506522,7.485470860550345,0.0033193421521582
Hutchinson,1.0,80,35,8.12141361963078,7.485470860550345,0.08495694805679578
Hutch++,1.0,80,35,7.241756196183276,7.485470860550345,0.03255836124504669
NA-Hutch++,1.0,80,35,7.383603857794456,7.485470860550345,0.013608629925038513
Gaussian-Hutch++,1.0,80,35,7.487232236841467,7.485470860550345,0.0002353060113298526
Hutchinson,1.0,80,36,7.77305821512518,7.485470860550345,0.03841940740033697
Hutch++,1.0,80,36,7.4356537394236,7.485470860550345,0.0066551753463218255
NA-Hutch++,1.0,80,36,7.454923459006154,7.485470860550345,0.004080892453296547
Gaussian-Hutch++,1.0,80,36,7.522165574714804,7.485470860550345,0.004902125043041186
Hutchinson,1.0,80,37,7.2263005129961,7.485470860550345,0.034623118890237774
Hutch++,1.0,80,37,7.381827983004866,7.485470860550345,0.013845872821667592
NA-Hutch++,1.0,80,37,7.492458527441594,7.485470860550345,0.0009334973071733763
Gaussian-Hutch++,1.0,80,37,7.563843577139149,7.485470860550345,0.010469978181578557
Hutchinson,1.0,80,38,7.393688934777808,7.485470860550345,0.012261343004652215
Hutch++,1.0,80,38,7.334032842318328,7.485470860550345,0.0202309274931682
NA-Hutch++,1.0,80,38,7.32381920189138,7.485470860550345,0.021595389477887805
Gaussian-Hutch++,1.0,80,38,7.457162266732759,7.485470860550345,0.003781805359336462
Hutchinson,1.0,80,39,7.553514198537111,7.485470860550345,0.009090054487469251
Hutch++,1.0,80,39,7.347417514408474,7.485470860550345,0.01844284063270283
NA-Hutch++,1.0,80,39,7.3097978478987695,7.485470860550345,0.02346853203014937
Gaussian-Hutch++,1.0,80,39,7.419942672100129,7.485470860550345,0.008754050302374453
Hutchinson,1.0,80,40,7.278372968875064,7.485470860550345,0.02766664856939341
Hutch++,1.0,80,40,7.346822055845718,7.485470860550345,0.018522389210721416
NA-Hutch++,1.0,80,40,7.350848605007499,7.485470860550345,0.01798447392966648
Gaussian-Hutch++,1.0,80,40,7.442149554427456,7.485470860550345,0.0057873855806719905
Hutchinson,1.0,80,41,7.1868095533602885,7.485470860550345,0.03989880032317679
Hutch++,1.0,80,41,7.545818831742927,7.485470860550345,0.008062014042513383
NA-Hutch++,1.0,80,41,7.419510683670432,7.485470860550345,0.008811760557045765
Gaussian-Hutch++,1.0,80,41,7.5201015091088355,7.485470860550345,0.004626382121263685
Hutchinson,1.0,80,42,7.207111059104369,7.485470860550345,0.0371866789186206
Hutch++,1.0,80,42,7.324238158665265,7.485470860550345,0.021539420149880292
NA-Hutch++,1.0,80,42,7.41467427079082,7.485470860550345,0.009457867257574255
Gaussian-Hutch++,1.0,80,42,7.473415041207646,7.485470860550345,0.0016105625908230923
Hutchinson,1.0,80,43,7.530166844235777,7.485470860550345,0.005971031684992169
Hutch++,1.0,80,43,7.33865565933465,7.485470860550345,0.01961335551908097
NA-Hutch++,1.0,80,43,7.523398143314841,7.485470860550345,0.005066786508298237
Gaussian-Hutch++,1.0,80,43,7.366776014054475,7.485470860550345,0.015856697421856466
Hutchinson,1.0,80,44,7.613547778918414,7.485470860550345,0.01711006839169665
Hutch++,1.0,80,44,7.29896786336195,7.485470860550345,0.024915332737623253
NA-Hutch++,1.0,80,44,7.4935769863881685,7.485470860550345,0.00108291462071465
Gaussian-Hutch++,1.0,80,44,7.598588813628162,7.485470860550345,0.015111668348609395
Hutchinson,1.0,80,45,7.521176710093441,7.485470860550345,0.004770020511504652
Hutch++,1.0,80,45,7.349455602956395,7.485470860550345,0.018170568041453852
NA-Hutch++,1.0,80,45,7.564755733857361,7.485470860550345,0.010591835140907519
Gaussian-Hutch++,1.0,80,45,7.478820039793568,7.485470860550345,0.0008884973144211571
Hutchinson,1.0,80,46,6.91375435738933,7.485470860550345,0.07637682569496794
Hutch++,1.0,80,46,7.314271363933532,7.485470860550345,0.022870905492273365
NA-Hutch++,1.0,80,46,7.6329730336855866,7.485470860550345,0.019705129561401684
Gaussian-Hutch++,1.0,80,46,7.595175269854886,7.485470860550345,0.01465564576340833
Hutchinson,1.0,80,47,7.423909903274826,7.485470860550345,0.008224059437590714
Hutch++,1.0,80,47,7.470690308930172,7.485470860550345,0.0019745653807923544
NA-Hutch++,1.0,80,47,7.512914096713865,7.485470860550345,0.003666200386691781
Gaussian-Hutch++,1.0,80,47,7.5898951747075865,7.485470860550345,0.01395026660347776
Hutchinson,1.0,80,48,7.707005281569449,7.485470860550345,0.02959525528135134
Hutch++,1.0,80,48,7.370068545858983,7.485470860550345,0.015416841083378117
NA-Hutch++,1.0,80,48,7.534717115359997,7.485470860550345,0.0065789120987949515
Gaussian-Hutch++,1.0,80,48,7.552816920038667,7.485470860550345,0.008996903567315485
Hutchinson,1.0,80,49,7.527252663813561,7.485470860550345,0.005581720113749045
Hutch++,1.0,80,49,7.422475126192915,7.485470860550345,0.008415734364744869
NA-Hutch++,1.0,80,49,7.450121901101043,7.485470860550345,0.00472234280352315
Gaussian-Hutch++,1.0,80,49,7.441586126472657,7.485470860550345,0.0058626551215325015
Hutchinson,1.0,160,0,7.307524692974463,7.485470860550345,0.02377220763942691
Hutch++,1.0,160,0,7.47098414197197,7.485470860550345,0.001935311598729563
NA-Hutch++,1.0,160,0,7.429730927256011,7.485470860550345,0.00744641644229661
Gaussian-Hutch++,1.0,160,0,7.49892561871201,7.485470860550345,0.0017974498080774153
Hutchinson,1.0,160,1,7.431239042522236,7.485470860550345,0.007244944110853399
Hutch++,1.0,160,1,7.4959047512537405,7.485470860550345,0.0013938856883918562
NA-Hutch++,1.0,160,1,7.493745548560284,7.485470860550345,0.0011054332004079893
Gaussian-Hutch++,1.0,160,1,7.532153092426105,7.485470860550345,0.006236378812424884
Hutchinson,1.0,160,2,7.6425320755228086,7.485470860550345,0.02098214232590254
Hutch++,1.0,160,2,7.435010143623151,7.485470860550345,0.006741154680479815
NA-Hutch++,1.0,160,2,7.465961778068335,7.485470860550345,0.002606259892724443
Gaussian-Hutch++,1.0,160,2,7.500089289395551,7.485470860550345,0.0019529070538832156
Hutchinson,1.0,160,3,7.431642596413032,7.485470860550345,0.007191032486813471
Hutch++,1.0,160,3,7.518177020789826,7.485470860550345,0.004369285626619452
NA-Hutch++,1.0,160,3,7.4905001864336,7.485470860550345,0.0006718783596848085
Gaussian-Hutch++,1.0,160,3,7.446076516549061,7.485470860550345,0.0052627743444836166
Hutchinson,1.0,160,4,7.536394149203827,7.485470860550345,0.006802950622900113
Hutch++,1.0,160,4,7.465621758868658,7.485470860550345,0.0026516837820176236
NA-Hutch++,1.0,160,4,7.4274195652250485,7.485470860550345,0.007755196220352193
Gaussian-Hutch++,1.0,160,4,7.492234921577837,7.485470860550345,0.0009036253234435322
Hutchinson,1.0,160,5,7.4013687919449,7.485470860550345,0.011235374523822823
Hutch++,1.0,160,5,7.466488368312945,7.485470860550345,0.0025359115800505333
NA-Hutch++,1.0,160,5,7.4579799403883555,7.485470860550345,0.003672570593637756
Gaussian-Hutch++,1.0,160,5,7.4568356354364465,7.485470860550345,0.0038254407300963413
Hutchinson,1.0,160,6,7.38899752711941,7.485470860550345,0.012888078148746143
Hutch++,1.0,160,6,7.443695854307456,7.485470860550345,0.005580812085322558
NA-Hutch++,1.0,160,6,7.429178833357421,7.485470860550345,0.007520171842441141
Gaussian-Hutch++,1.0,160,6,7.517411424044029,7.485470860550345,0.004267007926250335
Hutchinson,1.0,160,7,7.491015517909155,7.485470860550345,0.0007407225894139609
Hutch++,1.0,160,7,7.512901641408082,7.485470860550345,0.003664536455856269
NA-Hutch++,1.0,160,7,7.443920413439313,7.485470860550345,0.005550812752476184
Gaussian-Hutch++,1.0,160,7,7.488296357066124,7.485470860550345,0.00037746409924191464
Hutchinson,1.0,160,8,7.433922764610936,7.485470860550345,0.0068864199593743234
Hutch++,1.0,160,8,7.530066320169976,7.485470860550345,0.005957602460876026
NA-Hutch++,1.0,160,8,7.5047348277096795,7.485470860550345,0.0025735144145518866
Gaussian-Hutch++,1.0,160,8,7.4750350890256865,7.485470860550345,0.0013941369513114797
Hutchinson,1.0,160,9,7.478879059154629,7.485470860550345,0.0008806127922367738
Hutch++,1.0,160,9,7.445294623746115,7.485470860550345,0.005367229069845899
NA-Hutch++,1.0,160,9,7.537622538382974,7.485470860550345,0.006967053750416209
Gaussian-Hutch++,1.0,160,9,7.488521715632599,7.485470860550345,0.0004075702302619858
Hutchinson,1.0,160,10,7.426907275541893,7.485470860550345,0.007823634090554208
Hutch++,1.0,160,10,7.545123656911491,7.485470860550345,0.00796914415571714
NA-Hutch++,1.0,160,10,7.412832294154127,7.485470860550345,0.00970394084078738
Gaussian-Hutch++,1.0,160,10,7.445375516489033,7.485470860550345,0.005356422435978061
Hutchinson,1.0,160,11,7.30083492165448,7.485470860550345,0.024665908442570626
Hutch++,1.0,160,11,7.44087033235309,7.485470860550345,0.00595827958295942
NA-Hutch++,1.0,160,11,7.544009140565012,7.485470860550345,0.007820253542522394
Gaussian-Hutch++,1.0,160,11,7.522133237398506,7.485470860550345,0.004897805032062583
Hutchinson,1.0,160,12,7.2909026716042735,7.485470860550345,0.02599277888736134
Hutch++,1.0,160,12,7.466247113924004,7.485470860550345,0.0025681412678598076
NA-Hutch++,1.0,160,12,7.568766881435826,7.485470860550345,0.01112769289163416
Gaussian-Hutch++,1.0,160,12,7.490099877905294,7.485470860550345,0.0006184002905341207
Hutchinson,1.0,160,13,7.1402392955558724,7.485470860550345,0.04612022028085092
Hutch++,1.0,160,13,7.5095160357024735,7.485470860550345,0.0032122461766367237
NA-Hutch++,1.0,160,13,7.4446542298659315,7.485470860550345,0.005452780652653912
Gaussian-Hutch++,1.0,160,13,7.490296027846935,7.485470860550345,0.0006446043791339349
Hutchinson,1.0,160,14,7.3465072876982305,7.485470860550345,0.018564439758155405
Hutch++,1.0,160,14,7.415450552605467,7.485470860550345,0.009354162116092987
NA-Hutch++,1.0,160,14,7.4906627248237685,7.485470860550345,0.0006935922095142223
Gaussian-Hutch++,1.0,160,14,7.492581819285775,7.485470860550345,0.0009499681273098767
Hutchinson,1.0,160,15,7.56630891252738,7.485470860550345,0.010799327588470731
Hutch++,1.0,160,15,7.459390856138269,7.485470860550345,0.0034840833526615204
NA-Hutch++,1.0,160,15,7.404902339237413,7.485470860550345,0.010763320412820146
Gaussian-Hutch++,1.0,160,15,7.479497259331413,7.485470860550345,0.0007980261135494198
Hutchinson,1.0,160,16,7.673818009582689,7.485470860550345,0.02516169691140798
Hutch++,1.0,160,16,7.446801858812304,7.485470860550345,0.005165874326200813
NA-Hutch++,1.0,160,16,7.466295756028154,7.485470860550345,0.002561643065534669
Gaussian-Hutch++,1.0,160,16,7.435369019848363,7.485470860550345,0.0066932116409706855
Hutchinson,1.0,160,17,7.705025437379483,7.485470860550345,0.029330763677970658
Hutch++,1.0,160,17,7.418214411466857,7.485470860550345,0.008984932322419507
NA-Hutch++,1.0,160,17,7.566720304821652,7.485470860550345,0.010854286361530628
Gaussian-Hutch++,1.0,160,17,7.511309171839265,7.485470860550345,0.00345179505341372
Hutchinson,1.0,160,18,7.549025946772311,7.485470860550345,0.008490459372023113
Hutch++,1.0,160,18,7.469105881729306,7.485470860550345,0.002186232386166223
NA-Hutch++,1.0,160,18,7.52506377301036,7.485470860550345,0.005289301527934077
Gaussian-Hutch++,1.0,160,18,7.474484520776108,7.485470860550345,0.0014676885367541723
Hutchinson,1.0,160,19,7.685687415468616,7.485470860550345,0.026747356131388417
Hutch++,1.0,160,19,7.479403732706544,7.485470860550345,0.0008105205346233997
NA-Hutch++,1.0,160,19,7.470298767794261,7.485470860550345,0.0020268721953142243
Gaussian-Hutch++,1.0,160,19,7.480546920260978,7.485470860550345,0.0006577996736741059
Hutchinson,1.0,160,20,7.486414129799414,7.485470860550345,0.0001260133486110964
Hutch++,1.0,160,20,7.465022494495067,7.485470860550345,0.002731740786413838
NA-Hutch++,1.0,160,20,7.4550317545148,7.485470860550345,0.004066425025573766
Gaussian-Hutch++,1.0,160,20,7.4827053120906015,7.485470860550345,0.00036945551071722424
Hutchinson,1.0,160,21,7.428907432982501,7.485470860550345,0.007556428796743094
Hutch++,1.0,160,21,7.497084134178136,7.485470860550345,0.0015514419659282941
NA-Hutch++,1.0,160,21,7.433295083768239,7.485470860550345,0.006970273180419571
Gaussian-Hutch++,1.0,160,21,7.533780288823165,7.485470860550345,0.006453759445837692
Hutchinson,1.0,160,22,7.40097444044238,7.485470860550345,0.011288056781207303
Hutch++,1.0,160,22,7.477910299886773,7.485470860550345,0.0010100314067639535
NA-Hutch++,1.0,160,22,7.527736511094686,7.485470860550345,0.005646358302867426
Gaussian-Hutch++,1.0,160,22,7.481516017680129,7.485470860550345,0.0005283358847949438
Hutchinson,1.0,160,23,7.594972522941785,7.485470860550345,0.014628560371336408
Hutch++,1.0,160,23,7.58817446171096,7.485470860550345,0.013720392888292356
NA-Hutch++,1.0,160,23,7.488278801888294,7.485470860550345,0.0003751188656343604
Gaussian-Hutch++,1.0,160,23,7.560262067803634,7.485470860550345,0.009991516719068465
Hutchinson,1.0,160,24,7.589330777787707,7.485470860550345,0.013874867616507637
Hutch++,1.0,160,24,7.460775656481913,7.485470860550345,0.0032990849244473857
NA-Hutch++,1.0,160,24,7.454828296392433,7.485470860550345,0.00409360542960672
Gaussian-Hutch++,1.0,160,24,7.464417990598891,7.485470860550345,0.0028124977497950227
Hutchinson,1.0,160,25,7.453041483482681,7.485470860550345,0.004332309573011888
Hutch++,1.0,160,25,7.46323546805732,7.485470860550345,0.0029704734554788165
NA-Hutch++,1.0,160,25,7.464198266136233,7.485470860550345,0.0028418512088828484
Gaussian-Hutch++,1.0,160,25,7.4502418893045625,7.485470860550345,0.004706313323780998
Hutchinson,1.0,160,26,7.844063120275839,7.485470860550345,0.04790510395482722
Hutch++,1.0,160,26,7.45118940927993,7.485470860550345,0.004579732111587485
NA-Hutch++,1.0,160,26,7.495986139001369,7.485470860550345,0.0014047584509935217
Gaussian-Hutch++,1.0,160,26,7.481182115757249,7.485470860550345,0.0005729425540481045
Hutchinson,1.0,160,27,7.633435117934432,7.485470860550345,0.019766860380672
Hutch++,1.0,160,27,7.4050514331552595,7.485470860550345,0.010743402638691587
NA-Hutch++,1.0,160,27,7.4535787572668575,7.485470860550345,0.004260534023526051
Gaussian-Hutch++,1.0,160,27,7.477512368579468,7.485470860550345,0.0010631918978964154
Hutchinson,1.0,160,28,7.524337547054742,7.485470860550345,0.0051922834553041605
Hutch++,1.0,160,28,7.478605462827761,7.485470860550345,0.0009171631084379565
NA-Hutch++,1.0,160,28,7.466530049309776,7.485470860550345,0.002530343326882728
Gaussian-Hutch++,1.0,160,28,7.486954750732199,7.485470860550345,0.0001982360508106781
Hutchinson,1.0,160,29,7.698509646980672,7.485470860550345,0.028460305356751352
Hutch++,1.0,160,29,7.4707763269998715,7.485470860550345,0.0019630740436004045
NA-Hutch++,1.0,160,29,7.5023930011697715,7.485470860550345,0.0022606648178418376
Gaussian-Hutch++,1.0,160,29,7.520680428740967,7.485470860550345,0.004703721228304005
Hutchinson,1.0,160,30,7.310373257575752,7.485470860550345,0.0233916618254953
Hutch++,1.0,160,30,7.46210480778596,7.485470860550345,0.003121520769992974
NA-Hutch++,1.0,160,30,7.533171766109582,7.485470860550345,0.006372465600077184
Gaussian-Hutch++,1.0,160,30,7.503368025288935,7.485470860550345,0.002390920367202464
Hutchinson,1.0,160,31,7.516846801032469,7.485470860550345,0.00419157873521093
Hutch++,1.0,160,31,7.453032669748955,7.485470860550345,0.004333487018477933
NA-Hutch++,1.0,160,31,7.46548664802328,7.485470860550345,0.0026697335277043625
Gaussian-Hutch++,1.0,160,31,7.534098002969394,7.485470860550345,0.006496203555520033
Hutchinson,1.0,160,32,7.441820435983985,7.485470860550345,0.005831353214719615
Hutch++,1.0,160,32,7.521777059858685,7.485470860550345,0.004850222515684328
NA-Hutch++,1.0,160,32,7.458960727029664,7.485470860550345,0.003541545216666797
Gaussian-Hutch++,1.0,160,32,7.505806234006105,7.485470860550345,0.0027166458643143754
Hutchinson,1.0,160,33,7.414291533369541,7.485470860550345,0.009508997965102075
Hutch++,1.0,160,33,7.480506447329184,7.485470860550345,0.0006632065388597995
NA-Hutch++,1.0,160,33,7.4623121513914565,7.485470860550345,0.0030938212959907034
Gaussian-Hutch++,1.0,160,33,7.505343494568779,7.485470860550345,0.0026548275170190927
Hutchinson,1.0,160,34,7.385988462968918,7.485470860550345,0.013290065439398863
Hutch++,1.0,160,34,7.482925728806077,7.485470860550345,0.0003400095721007563
NA-Hutch++,1.0,160,34,7.435977249770984,7.485470860550345,0.00661195690977848
Gaussian-Hutch++,1.0,160,34,7.476479272995588,7.485470860550345,0.001201205337949274
Hutchinson,1.0,160,35,7.522024356131894,7.485470860550345,0.004883259351685094
Hutch++,1.0,160,35,7.3967707380649195,7.485470860550345,0.0118496383377684
NA-Hutch++,1.0,160,35,7.460983893609952,7.485470860550345,0.0032712660828650626
Gaussian-Hutch++,1.0,160,35,7.496781594022188,7.485470860550345,0.0015110249819356865
Hutchinson,1.0,160,36,7.316572830082938,7.485470860550345,0.022563447726117944
Hutch++,1.0,160,36,7.499679228370347,7.485470860550345,0.001898126127894296
NA-Hutch++,1.0,160,36,7.524469146621447,7.485470860550345,0.0052098641217922
Gaussian-Hutch++,1.0,160,36,7.50072968223011,7.485470860550345,0.0020384584970040854
Hutchinson,1.0,160,37,7.410551339777314,7.485470860550345,0.01000865839554188
Hutch++,1.0,160,37,7.450626711014756,7.485470860550345,0.00465490417165649
NA-Hutch++,1.0,160,37,7.5462863808910745,7.485470860550345,0.008124474929324377
Gaussian-Hutch++,1.0,160,37,7.5078558032866365,7.485470860550345,0.002990452191092446
Hutchinson,1.0,160,38,7.2925957385128495,7.485470860550345,0.025766598471978427
Hutch++,1.0,160,38,7.387467499168318,7.485470860550345,0.013092477842445495
NA-Hutch++,1.0,160,38,7.489927109394955,7.485470860550345,0.0005953197771559307
Gaussian-Hutch++,1.0,160,38,7.4671189344131985,7.485470860550345,0.002451672911301303
Hutchinson,1.0,160,39,7.2204712982084285,7.485470860550345,0.03540185611282085
Hutch++,1.0,160,39,7.409618858488392,7.485470860550345,0.010133230557573217
NA-Hutch++,1.0,160,39,7.570276539021092,7.485470860550345,0.011329371264764007
Gaussian-Hutch++,1.0,160,39,7.484252534845664,7.485470860550345,0.0001627587265220012
Hutchinson,1.0,160,40,7.336821258365451,7.485470860550345,0.019858417052733644
Hutch++,1.0,160,40,7.417168196400482,7.485470860550345,0.009124698422089838
NA-Hutch++,1.0,160,40,7.458321764965407,7.485470860550345,0.0036269055201347458
Gaussian-Hutch++,1.0,160,40,7.470595433272868,7.485470860550345,0.0019872400219835607
Hutchinson,1.0,160,41,7.549766866773881,7.485470860550345,0.00858944045355737
Hutch++,1.0,160,41,7.492735239137705,7.485470860550345,0.0009704638121890642
NA-Hutch++,1.0,160,41,7.436331573182851,7.485470860550345,0.006564622090303724
Gaussian-Hutch++,1.0,160,41,7.48783601827201,7.485470860550345,0.0003159664589879044
Hutchinson,1.0,160,42,7.275587835077351,7.485470860550345,0.02803872052713635
Hutch++,1.0,160,42,7.461337440247016,7.485470860550345,0.003224035034391231
NA-Hutch++,1.0,160,42,7.600891340026777,7.485470860550345,0.015419267755715541
Gaussian-Hutch++,1.0,160,42,7.4928043461545135,7.485470860550345,0.000979695965796505
Hutchinson,1.0,160,43,7.583634791011245,7.485470860550345,0.013113928607783359
Hutch++,1.0,160,43,7.47722282257511,7.485470860550345,0.001101872965494254
NA-Hutch++,1.0,160,43,7.627763887964551,7.485470860550345,0.019009228686482915
Gaussian-Hutch++,1.0,160,43,7.506069283906145,7.485470860550345,0.0027517872608865427
Hutchinson,1.0,160,44,7.6248666595547805,7.485470860550345,0.0186221817706985
Hutch++,1.0,160,44,7.513286426624829,7.485470860550345,0.0037159407327435117
NA-Hutch++,1.0,160,44,7.602956485964789,7.485470860550345,0.015695155001352355
Gaussian-Hutch++,1.0,160,44,7.4766265561411895,7.485470860550345,0.001181529468742767
Hutchinson,1.0,160,45,7.512646710412537,7.485470860550345,0.0036304796810329026
Hutch++,1.0,160,45,7.457853670743475,7.485470860550345,0.0036894392245138655
NA-Hutch++,1.0,160,45,7.496251821775525,7.485470860550345,0.0014402515788281718
Gaussian-Hutch++,1.0,160,45,7.499477698556561,7.485470860550345,0.0018712033307128402
Hutchinson,1.0,160,46,7.419398679148529,7.485470860550345,0.008826723479751629
Hutch++,1.0,160,46,7.468110502128985,7.485470860550345,0.0023192072676218828
NA-Hutch++,1.0,160,46,7.505457063286842,7.485470860550345,0.002669999404022499
Gaussian-Hutch++,1.0,160,46,7.491032056853422,7.485470860550345,0.0007429320622147456
Hutchinson,1.0,160,47,7.174541015775576,7.485470860550345,0.041537780397145105
Hutch++,1.0,160,47,7.4948771562424055,7.485470860550345,0.001256607081544213
NA-Hutch++,1.0,160,47,7.450817507841044,7.485470860550345,0.004629415217141543
Gaussian-Hutch++,1.0,160,47,7.483391302742588,7.485470860550345,0.0002778125580205103
Hutchinson,1.0,160,48,7.5421163133250575,7.485470860550345,0.007567386718882741
Hutch++,1.0,160,48,7.470487210324214,7.485470860550345,0.0020016977562623307
NA-Hutch++,1.0,160,48,7.46563021794712,7.485470860550345,0.0026505537157039227
Gaussian-Hutch++,1.0,160,48,7.475061625051618,7.485470860550345,0.0013905919470725177
Hutchinson,1.0,160,49,7.3456314899225275,7.485470860550345,0.018681439448892112
Hutch++,1.0,160,49,7.45570275091396,7.485470860550345,0.003976785187057223
NA-Hutch++,1.0,160,49,7.475800935196885,7.485470860550345,0.0012918259296716143
Gaussian-Hutch++,1.0,160,49,7.434611883806975,7.485470860550345,0.006794359057812328
Hutchinson,1.0,320,0,7.615887897517132,7.485470860550345,0.017422689820904336
Hutch++,1.0,320,0,7.46346204044973,7.485470860550345,0.0029402051668660583
NA-Hutch++,1.0,320,0,7.479130446521278,7.485470860550345,0.0008470294183471929
Gaussian-Hutch++,1.0,320,0,7.480072968142117,7.485470860550345,0.0007211159469840981
Hutchinson,1.0,320,1,7.41942929002595,7.485470860550345,0.008822634107420676
Hutch++,1.0,320,1,7.491203728058655,7.485470860550345,0.00076586598426598
NA-Hutch++,1.0,320,1,7.507127677106588,7.485470860550345,0.002893180263432478
Gaussian-Hutch++,1.0,320,1,7.509358715823825,7.485470860550345,0.003191229478879239
Hutchinson,1.0,320,2,7.521164565328313,7.485470860550345,0.004768398066456901
Hutch++,1.0,320,2,7.447124615818499,7.485470860550345,0.005122756530111832
NA-Hutch++,1.0,320,2,7.524812309466978,7.485470860550345,0.005255707977432511
Gaussian-Hutch++,1.0,320,2,7.513213731057018,7.485470860550345,0.0037062291769623156
Hutchinson,1.0,320,3,7.4380766940448835,7.485470860550345,0.00633148767637806
Hutch++,1.0,320,3,7.472938281046622,7.485470860550345,0.0016742539964683027
NA-Hutch++,1.0,320,3,7.507593787261584,7.485470860550345,0.002955448912082508
Gaussian-Hutch++,1.0,320,3,7.476080265647319,7.485470860550345,0.0012545095796867173
Hutchinson,1.0,320,4,7.346461308707498,7.485470860550345,0.0185705821894852
Hutch++,1.0,320,4,7.464281896652883,7.485470860550345,0.0028306788299893243
NA-Hutch++,1.0,320,4,7.495753072138339,7.485470860550345,0.001373622552214223
Gaussian-Hutch++,1.0,320,4,7.503488404212289,7.485470860550345,0.0024070020440397012
Hutchinson,1.0,320,5,7.307803288075353,7.485470860550345,0.023734989526354243
Hutch++,1.0,320,5,7.479863498488019,7.485470860550345,0.0007490994443486481
NA-Hutch++,1.0,320,5,7.45687025490842,7.485470860550345,0.0038208158410788667
Gaussian-Hutch++,1.0,320,5,7.518098980881925,7.485470860550345,0.004358860109059493
Hutchinson,1.0,320,6,7.675461415544467,7.485470860550345,0.025381243015105828
Hutch++,1.0,320,6,7.470121754572249,7.485470860550345,0.002050519768768112
NA-Hutch++,1.0,320,6,7.500230441886178,7.485470860550345,0.001971763915830326
Gaussian-Hutch++,1.0,320,6,7.489335621303322,7.485470860550345,0.0005163016228337844
Hutchinson,1.0,320,7,7.534535070324205,7.485470860550345,0.00655459231461797
Hutch++,1.0,320,7,7.497348291655301,7.485470860550345,0.0015867313260882916
NA-Hutch++,1.0,320,7,7.520622043404183,7.485470860550345,0.004695921406773522
Gaussian-Hutch++,1.0,320,7,7.460947591547697,7.485470860550345,0.0032761157527029655
Hutchinson,1.0,320,8,7.338885430930134,7.485470860550345,0.01958265984211368
Hutch++,1.0,320,8,7.465878743005897,7.485470860550345,0.0026173527236211538
NA-Hutch++,1.0,320,8,7.46902424004757,7.485470860550345,0.0021971390723663164
Gaussian-Hutch++,1.0,320,8,7.5110362514682825,7.485470860550345,0.0034153350395993392
Hutchinson,1.0,320,9,7.555069304489512,7.485470860550345,0.009297804404792012
Hutch++,1.0,320,9,7.465335672172825,7.485470860550345,0.002689902713219581
NA-Hutch++,1.0,320,9,7.476038525805484,7.485470860550345,0.0012600856940839138
Gaussian-Hutch++,1.0,320,9,7.4906780506110175,7.485470860550345,0.0006956396140842974
Hutchinson,1.0,320,10,7.5081566699130775,7.485470860550345,0.003030645604712775
Hutch++,1.0,320,10,7.4801879890929825,7.485470860550345,0.0007057500531067591
NA-Hutch++,1.0,320,10,7.499661990588647,7.485470860550345,0.0018958232959120536
Gaussian-Hutch++,1.0,320,10,7.473741860590229,7.485470860550345,0.0015669020932176723
Hutchinson,1.0,320,11,7.414234989915874,7.485470860550345,0.009516551725542822
Hutch++,1.0,320,11,7.482365496464354,7.485470860550345,0.00041485220420228275
NA-Hutch++,1.0,320,11,7.459523658879434,7.485470860550345,0.003466341951534066
Gaussian-Hutch++,1.0,320,11,7.496603370526934,7.485470860550345,0.0014872157255008533
Hutchinson,1.0,320,12,7.380239945508157,7.485470860550345,0.014058022134154916
Hutch++,1.0,320,12,7.458744779334413,7.485470860550345,0.0035703941293503128
NA-Hutch++,1.0,320,12,7.443989484540072,7.485470860550345,0.00554158539697034
Gaussian-Hutch++,1.0,320,12,7.480962926392005,7.485470860550345,0.0006022245283323226
Hutchinson,1.0,320,13,7.533951755934979,7.485470860550345,0.006476666102614315
Hutch++,1.0,320,13,7.488932157857119,7.485470860550345,0.0004624020814796279
NA-Hutch++,1.0,320,13,7.509027993649223,7.485470860550345,0.003147047598973087
Gaussian-Hutch++,1.0,320,13,7.48958345705564,7.485470860550345,0.00054941052899813
Hutchinson,1.0,320,14,7.470447941339637,7.485470860550345,0.0020069437835742413
Hutch++,1.0,320,14,7.47448034041593,7.485470860550345,0.0014682469999765795
NA-Hutch++,1.0,320,14,7.502561310845846,7.485470860550345,0.0022831496660511235
Gaussian-Hutch++,1.0,320,14,7.47877661658326,7.485470860550345,0.0008942983135990734
Hutchinson,1.0,320,15,7.526222609163402,7.485470860550345,0.005444112918510639
Hutch++,1.0,320,15,7.460897192110822,7.485470860550345,0.003282848720850777
NA-Hutch++,1.0,320,15,7.489061796173603,7.485470860550345,0.00047972074037222966
Gaussian-Hutch++,1.0,320,15,7.494370499999096,7.485470860550345,0.0011889217945732482
Hutchinson,1.0,320,16,7.489668042353719,7.485470860550345,0.000560710459176794
Hutch++,1.0,320,16,7.460553826168869,7.485470860550345,0.0033287197085747253
NA-Hutch++,1.0,320,16,7.484013465900562,7.485470860550345,0.00019469645623283995
Gaussian-Hutch++,1.0,320,16,7.470269188281447,7.485470860550345,0.002030823785449888
Hutchinson,1.0,320,17,7.536430105593714,7.485470860550345,0.0068077541136300325
Hutch++,1.0,320,17,7.480703730951876,7.485470860550345,0.0006368509993930489
NA-Hutch++,1.0,320,17,7.474990576927664,7.485470860550345,0.0014000834173190054
Gaussian-Hutch++,1.0,320,17,7.491298254838376,7.485470860550345,0.0007784940181574971
Hutchinson,1.0,320,18,7.591698739499319,7.485470860550345,0.014191208666486427
Hutch++,1.0,320,18,7.487597760247445,7.485470860550345,0.0002841370618792559
NA-Hutch++,1.0,320,18,7.458173034559006,7.485470860550345,0.003646774731994915
Gaussian-Hutch++,1.0,320,18,7.479175779014921,7.485470860550345,0.0008409733539409605
Hutchinson,1.0,320,19,7.544224053317537,7.485470860550345,0.007848964195002181
Hutch++,1.0,320,19,7.479835253849277,7.485470860550345,0.0007528727058131312
NA-Hutch++,1.0,320,19,7.508621247456315,7.485470860550345,0.0030927095084927834
Gaussian-Hutch++,1.0,320,19,7.519555313104734,7.485470860550345,0.004553414633409272
Hutchinson,1.0,320,20,7.6409614745904975,7.485470860550345,0.02077232240120169
Hutch++,1.0,320,20,7.4504092804159665,7.485470860550345,0.004683951188583046
NA-Hutch++,1.0,320,20,7.520678973533488,7.485470860550345,0.004703526824036582
Gaussian-Hutch++,1.0,320,20,7.491705684807201,7.485470860550345,0.0008329234557193021
Hutchinson,1.0,320,21,7.380325414868537,7.485470860550345,0.014046604100209895
Hutch++,1.0,320,21,7.460903457773974,7.485470860550345,0.003282011677561252
NA-Hutch++,1.0,320,21,7.5193107808543544,7.485470860550345,0.004520747049106998
Gaussian-Hutch++,1.0,320,21,7.4645076711367695,7.485470860550345,0.0028005171356761255
Hutchinson,1.0,320,22,7.477530371861573,7.485470860550345,0.001060786801084138
Hutch++,1.0,320,22,7.48699675062077,7.485470860550345,0.00020384690540538365
NA-Hutch++,1.0,320,22,7.5127003100705165,7.485470860550345,0.0036376401735360602
Gaussian-Hutch++,1.0,320,22,7.489580657528336,7.485470860550345,0.0005490365341811903
Hutchinson,1.0,320,23,7.702025072658728,7.485470860550345,0.028929938562670635
Hutch++,1.0,320,23,7.443197706430283,7.485470860550345,0.005647360721534394
NA-Hutch++,1.0,320,23,7.519336769946004,7.485470860550345,0.004524218987230007
Gaussian-Hutch++,1.0,320,23,7.501507478980006,7.485470860550345,0.00214236602191274
Hutchinson,1.0,320,24,7.532868528465808,7.485470860550345,0.006331955437199827
Hutch++,1.0,320,24,7.483432674228208,7.485470860550345,0.00027228565311483764
NA-Hutch++,1.0,320,24,7.462471741487253,7.485470860550345,0.00307250131508779
Gaussian-Hutch++,1.0,320,24,7.465386247217413,7.485470860550345,0.002683146285263224
Hutchinson,1.0,320,25,7.393959929374792,7.485470860550345,0.012225140259089199
Hutch++,1.0,320,25,7.438860532044231,7.485470860550345,0.006226773088084302
NA-Hutch++,1.0,320,25,7.496679090463056,7.485470860550345,0.0014973313130881558
Gaussian-Hutch++,1.0,320,25,7.480921249057846,7.485470860550345,0.0006077922921958608
Hutchinson,1.0,320,26,7.5723014099562675,7.485470860550345,0.01159987808696627
Hutch++,1.0,320,26,7.49878264012808,7.485470860550345,0.0017783489944353287
NA-Hutch++,1.0,320,26,7.471244059084993,7.485470860550345,0.0019005887178493049
Gaussian-Hutch++,1.0,320,26,7.470827118618857,7.485470860550345,0.00195628868300899
Hutchinson,1.0,320,27,7.526510332539182,7.485470860550345,0.005482550497273549
Hutch++,1.0,320,27,7.512359407220803,7.485470860550345,0.0035920982355518677
NA-Hutch++,1.0,320,27,7.542359543277,7.485470860550345,0.007599880326362267
Gaussian-Hutch++,1.0,320,27,7.501553452559823,7.485470860550345,0.0021485077303868357
Hutchinson,1.0,320,28,7.413338526740256,7.485470860550345,0.009636312151081631
Hutch++,1.0,320,28,7.473869835037144,7.485470860550345,0.0015498057142056861
NA-Hutch++,1.0,320,28,7.461978236621613,7.485470860550345,0.0031384296814969685
Gaussian-Hutch++,1.0,320,28,7.480123735165995,7.485470860550345,0.0007143338721055843
Hutchinson,1.0,320,29,7.304653114728415,7.485470860550345,0.02415582789519212
Hutch++,1.0,320,29,7.460855721020173,7.485470860550345,0.003288388932204378
NA-Hutch++,1.0,320,29,7.470959961110522,7.485470860550345,0.0019385419715274635
Gaussian-Hutch++,1.0,320,29,7.499145612579634,7.485470860550345,0.0018268392575484813
Hutchinson,1.0,320,30,7.573723105673061,7.485470860550345,0.011789805446684648
Hutch++,1.0,320,30,7.456412240880583,7.485470860550345,0.0038820029108530005
NA-Hutch++,1.0,320,30,7.511505461294165,7.485470860550345,0.003478017779886999
Gaussian-Hutch++,1.0,320,30,7.4769032698280355,7.485470860550345,0.001144562697780591
Hutchinson,1.0,320,31,7.517840333593895,7.485470860550345,0.004324306866805482
Hutch++,1.0,320,31,7.476172078485193,7.485470860550345,0.0012422441070686074
NA-Hutch++,1.0,320,31,7.515191547010911,7.485470860550345,0.003970449823964821
Gaussian-Hutch++,1.0,320,31,7.486130392902978,7.485470860550345,8.810833211691108e-05
Hutchinson,1.0,320,32,7.462294930884656,7.485470860550345,0.003096121820182405
Hutch++,1.0,320,32,7.477468488694333,7.485470860550345,0.001069053905237392
NA-Hutch++,1.0,320,32,7.497291648158969,7.485470860550345,0.0015791642007346926
Gaussian-Hutch++,1.0,320,32,7.479707994731589,7.485470860550345,0.0007698735224696837
Hutchinson,1.0,320,33,7.624042406550688,7.485470860550345,0.018512068055817045
Hutch++,1.0,320,33,7.480153121975501,7.485470860550345,0.0007104080256152082
NA-Hutch++,1.0,320,33,7.473332429814112,7.485470860550345,0.0016215988228882405
Gaussian-Hutch++,1.0,320,33,7.46676331250126,7.485470860550345,0.0024991812001669915
Hutchinson,1.0,320,34,7.623530195125201,7.485470860550345,0.018443640640223614
Hutch++,1.0,320,34,7.453385292333927,7.485470860550345,0.004286379416091841
NA-Hutch++,1.0,320,34,7.523726255263258,7.485470860550345,0.005110619682527213
Gaussian-Hutch++,1.0,320,34,7.482197907422471,7.485470860550345,0.0004372407813546297
Hutchinson,1.0,320,35,7.600198529503939,7.485470860550345,0.015326713721942017
Hutch++,1.0,320,35,7.475612118134327,7.485470860550345,0.0013170504033320205
NA-Hutch++,1.0,320,35,7.503042670577733,7.485470860550345,0.0023474555381671346
Gaussian-Hutch++,1.0,320,35,7.4788707480718095,7.485470860550345,0.0008817230874973019
Hutchinson,1.0,320,36,7.513251034075898,7.485470860550345,0.0037112125667283016
Hutch++,1.0,320,36,7.448973372294569,7.485470860550345,0.004875777213711934
NA-Hutch++,1.0,320,36,7.505884421725835,7.485470860550345,0.002727091128371423
Gaussian-Hutch++,1.0,320,36,7.472799137424551,7.485470860550345,0.001692842489385145
Hutchinson,1.0,320,37,7.522098032077482,7.485470860550345,0.004893101878222232
Hutch++,1.0,320,37,7.460925893239555,7.485470860550345,0.0032790144759157697
NA-Hutch++,1.0,320,37,7.4415641225166205,7.485470860550345,0.005865594676898719
Gaussian-Hutch++,1.0,320,37,7.477894702996586,7.485470860550345,0.0010121150285530229
Hutchinson,1.0,320,38,7.410284127664918,7.485470860550345,0.010044355830930263
Hutch++,1.0,320,38,7.4540162400304535,7.485470860550345,0.004202089769083539
NA-Hutch++,1.0,320,38,7.462144074825967,7.485470860550345,0.003116275002460291
Gaussian-Hutch++,1.0,320,38,7.4705899898152275,7.485470860550345,0.00198796722508696
Hutchinson,1.0,320,39,7.398485130831003,7.485470860550345,0.011620608955646487
Hutch++,1.0,320,39,7.4598407731208844,7.485470860550345,0.003423977984409151
NA-Hutch++,1.0,320,39,7.466830742962557,7.485470860550345,0.0024901730211821954
Gaussian-Hutch++,1.0,320,39,7.466610781605279,7.485470860550345,0.0025195581275269394
Hutchinson,1.0,320,40,7.682314062065769,7.485470860550345,0.026296702663398248
Hutch++,1.0,320,40,7.4467861401958775,7.485470860550345,0.005167974209657588
NA-Hutch++,1.0,320,40,7.507542131359723,7.485470860550345,0.002948548090100409
Gaussian-Hutch++,1.0,320,40,7.479818968324995,7.485470860550345,0.0007550483236981514
Hutchinson,1.0,320,41,7.543860517356253,7.485470860550345,0.007800398651423705
Hutch++,1.0,320,41,7.458335512421319,7.485470860550345,0.0036250689682106874
NA-Hutch++,1.0,320,41,7.487815913795203,7.485470860550345,0.0003132806590988358
Gaussian-Hutch++,1.0,320,41,7.494837423518634,7.485470860550345,0.0012512991023253032
Hutchinson,1.0,320,42,7.5746282778875385,7.485470860550345,0.011910729331279287
Hutch++,1.0,320,42,7.451457417981285,7.485470860550345,0.0045439282581830305
NA-Hutch++,1.0,320,42,7.503857568685506,7.485470860550345,0.0024563195125188054
Gaussian-Hutch++,1.0,320,42,7.486020241641876,7.485470860550345,7.339299046990613e-05
Hutchinson,1.0,320,43,7.279550027403692,7.485470860550345,0.02750940281283965
Hutch++,1.0,320,43,7.4793923126582165,7.485470860550345,0.0008120461632097886
NA-Hutch++,1.0,320,43,7.474878256317094,7.485470860550345,0.0014150885669832315
Gaussian-Hutch++,1.0,320,43,7.4817010335519445,7.485470860550345,0.0005036192203042517
Hutchinson,1.0,320,44,7.430020717318159,7.485470860550345,0.007407702770498645
Hutch++,1.0,320,44,7.447158970262007,7.485470860550345,0.00511816704681175
NA-Hutch++,1.0,320,44,7.478656918508257,7.485470860550345,0.0009102890344545539
Gaussian-Hutch++,1.0,320,44,7.500242062922327,7.485470860550345,0.0019733163948080514
Hutchinson,1.0,320,45,7.502696912895831,7.485470860550345,0.002301265032807788
Hutch++,1.0,320,45,7.464402795041865,7.485470860550345,0.0028145277566321457
NA-Hutch++,1.0,320,45,7.472494102865863,7.485470860550345,0.0017335927059541436
Gaussian-Hutch++,1.0,320,45,7.487408791937078,7.485470860550345,0.00025889238270182074
Hutchinson,1.0,320,46,7.619984267604903,7.485470860550345,0.017969932628215255
Hutch++,1.0,320,46,7.466062571705669,7.485470860550345,0.0025927946559729923
NA-Hutch++,1.0,320,46,7.474915175104294,7.485470860550345,0.001410156507546013
Gaussian-Hutch++,1.0,320,46,7.4710471963770475,7.485470860550345,0.0019268880264182997
Hutchinson,1.0,320,47,7.5682039695323455,7.485470860550345,0.011052492291168682
Hutch++,1.0,320,47,7.47842863055884,7.485470860550345,0.0009407865079829339
NA-Hutch++,1.0,320,47,7.428213117509891,7.485470860550345,0.007649183879962931
Gaussian-Hutch++,1.0,320,47,7.466020193457856,7.485470860550345,0.0025984560563847717
Hutchinson,1.0,320,48,7.353816534317337,7.485470860550345,0.017587981930014276
Hutch++,1.0,320,48,7.448925577957006,7.485470860550345,0.004882162161092475
NA-Hutch++,1.0,320,48,7.479671824120852,7.485470860550345,0.0007747056314192251
Gaussian-Hutch++,1.0,320,48,7.481569248638664,7.485470860550345,0.0005212246476361815
Hutchinson,1.0,320,49,7.520877201684391,7.485470860550345,0.0047300085450392585
Hutch++,1.0,320,49,7.458771693066791,7.485470860550345,0.0035667986665024534
NA-Hutch++,1.0,320,49,7.483396265429077,7.485470860550345,0.0002771495821594377
Gaussian-Hutch++,1.0,320,49,7.514436278197371,7.485470860550345,0.003869551854069494
Hutchinson,1.5,20,0,2.4212337400485096,2.549145602917575,0.05017832748457624
Hutch++,1.5,20,0,2.4527810022650938,2.549145602917575,0.0378027055583601
NA-Hutch++,1.5,20,0,2.925530950942015,2.549145602917575,0.14765156905657148
Gaussian-Hutch++,1.5,20,0,2.6002742327833612,2.549145602917575,0.020057163391242836
Hutchinson,1.5,20,1,2.4660030494497738,2.549145602917575,0.0326158511199369
Hutch++,1.5,20,1,2.6316737310636586,2.549145602917575,0.03237481925380311
NA-Hutch++,1.5,20,1,2.512506510350095,2.549145602917575,0.014373087408402811
Gaussian-Hutch++,1.5,20,1,2.390754894666829,2.549145602917575,0.06213482198484986
Hutchinson,1.5,20,2,3.166942404522701,2.549145602917575,0.2423544582537923
Hutch++,1.5,20,2,2.505848805212824,2.549145602917575,0.01698482725160809
NA-Hutch++,1.5,20,2,2.4699623991593858,2.549145602917575,0.03106264454551432
Gaussian-Hutch++,1.5,20,2,2.442015045042979,2.549145602917575,0.04202606463592422
Hutchinson,1.5,20,3,2.824308732039063,2.549145602917575,0.10794327668319736
Hutch++,1.5,20,3,2.4392034113954613,2.549145602917575,0.043129035625223494
NA-Hutch++,1.5,20,3,1.0132492189561517,2.549145602917575,0.6025141844402858
Gaussian-Hutch++,1.5,20,3,2.5869085541481533,2.549145602917575,0.014813964014984983
Hutchinson,1.5,20,4,2.7277664600283016,2.549145602917575,0.0700708727293919
Hutch++,1.5,20,4,2.5894232304003237,2.549145602917575,0.01580044209191094
NA-Hutch++,1.5,20,4,2.5737070504564317,2.549145602917575,0.009635168548530592
Gaussian-Hutch++,1.5,20,4,2.6432449240254456,2.549145602917575,0.03691406289235534
Hutchinson,1.5,20,5,2.954247436543567,2.549145602917575,0.15891671043126784
Hutch++,1.5,20,5,2.38376135904262,2.549145602917575,0.06487830419952002
NA-Hutch++,1.5,20,5,2.6262727629058107,2.549145602917575,0.030256082626257636
Gaussian-Hutch++,1.5,20,5,2.522504906245824,2.549145602917575,0.010450833660211604
Hutchinson,1.5,20,6,2.1321009229005976,2.549145602917575,0.16360174936247548
Hutch++,1.5,20,6,2.287131379073268,2.549145602917575,0.10278511495946877
NA-Hutch++,1.5,20,6,2.3744965652348116,2.549145602917575,0.06851277443033166
Gaussian-Hutch++,1.5,20,6,2.5849855331777407,2.549145602917575,0.014059585383881416
Hutchinson,1.5,20,7,2.6011870519593887,2.549145602917575,0.020415251675796973
Hutch++,1.5,20,7,2.440628800831874,2.549145602917575,0.04256987202359114
NA-Hutch++,1.5,20,7,2.636026962072636,2.549145602917575,0.03408254085432484
Gaussian-Hutch++,1.5,20,7,2.8046033306717395,2.549145602917575,0.10021307824150379
Hutchinson,1.5,20,8,2.876909583792231,2.549145602917575,0.1285779754987396
Hutch++,1.5,20,8,2.4013716911666423,2.549145602917575,0.05796997691375539
NA-Hutch++,1.5,20,8,2.0875278178509116,2.549145602917575,0.1810872570551984
Gaussian-Hutch++,1.5,20,8,2.530032635161871,2.549145602917575,0.007497793666171474
Hutchinson,1.5,20,9,2.492073688766382,2.549145602917575,0.02238864429159029
Hutch++,1.5,20,9,2.3368347137424186,2.549145602917575,0.08328707820069607
NA-Hutch++,1.5,20,9,2.2008260912364226,2.549145602917575,0.13664166977456693
Gaussian-Hutch++,1.5,20,9,2.5578803521769853,2.549145602917575,0.0034265399549609494
Hutchinson,1.5,20,10,2.430568936817303,2.549145602917575,0.046516238995747305
Hutch++,1.5,20,10,2.5198864787770154,2.549145602917575,0.011478012125738048
NA-Hutch++,1.5,20,10,2.469286869388865,2.549145602917575,0.03132764697211066
Gaussian-Hutch++,1.5,20,10,2.6006116343814103,2.549145602917575,0.020189522091217802
Hutchinson,1.5,20,11,3.02639818528197,2.549145602917575,0.18722060513850788
Hutch++,1.5,20,11,2.3340238549206416,2.549145602917575,0.08438974523492114
NA-Hutch++,1.5,20,11,2.5157800414143505,2.549145602917575,0.013088919465815042
Gaussian-Hutch++,1.5,20,11,2.6362320791649747,2.549145602917575,0.03416300589017998
Hutchinson,1.5,20,12,3.015555630518331,2.549145602917575,0.18296719774144526
Hutch++,1.5,20,12,2.550352681672434,2.549145602917575,0.0004735228750672594
NA-Hutch++,1.5,20,12,2.704071965369282,2.549145602917575,0.060775799653966026
Gaussian-Hutch++,1.5,20,12,2.446424554445749,2.549145602917575,0.04029626567986505
Hutchinson,1.5,20,13,2.454766058710546,2.549145602917575,0.03702399113609239
Hutch++,1.5,20,13,2.5413079521008943,2.549145602917575,0.0030746187301778417
NA-Hutch++,1.5,20,13,2.540561826128311,2.549145602917575,0.0033673152210057585
Gaussian-Hutch++,1.5,20,13,2.584485866082606,2.549145602917575,0.01386357182758913
Hutchinson,1.5,20,14,2.625552331442258,2.549145602917575,0.029973465790746882
Hutch++,1.5,20,14,2.414889800155376,2.549145602917575,0.052666980892946844
NA-Hutch++,1.5,20,14,2.6919950839054305,2.549145602917575,0.05603818033162159
Gaussian-Hutch++,1.5,20,14,2.522626803597386,2.549145602917575,0.01040301475515476
Hutchinson,1.5,20,15,2.1115040168028285,2.549145602917575,0.17168167468105883
Hutch++,1.5,20,15,2.4704779533390195,2.549145602917575,0.030860398671820912
NA-Hutch++,1.5,20,15,2.7110322035751255,2.549145602917575,0.0635062196809261
Gaussian-Hutch++,1.5,20,15,2.509238702750154,2.549145602917575,0.015655010102893534
Hutchinson,1.5,20,16,1.987853893333125,2.549145602917575,0.22018817165329227
Hutch++,1.5,20,16,2.35337741533937,2.549145602917575,0.0767975698815095
NA-Hutch++,1.5,20,16,2.165884387212587,2.549145602917575,0.15034889151342865
Gaussian-Hutch++,1.5,20,16,2.5468165337592557,2.549145602917575,0.0009136665852487398
Hutchinson,1.5,20,17,2.5641990487747623,2.549145602917575,0.005905290713860371
Hutch++,1.5,20,17,2.466514815959573,2.549145602917575,0.03241509110481129
NA-Hutch++,1.5,20,17,2.352152803398911,2.549145602917575,0.07727797082018371
Gaussian-Hutch++,1.5,20,17,2.4781854089642312,2.549145602917575,0.027836853992226983
Hutchinson,1.5,20,18,2.672934794302589,2.549145602917575,0.048561051688586744
Hutch++,1.5,20,18,2.4269292386693975,2.549145602917575,0.04794405000181133
NA-Hutch++,1.5,20,18,2.609392718373787,2.549145602917575,0.023634238619895612
Gaussian-Hutch++,1.5,20,18,2.533881955233349,2.549145602917575,0.00598775043165701
Hutchinson,1.5,20,19,2.1293490772164345,2.549145602917575,0.16468126623315307
Hutch++,1.5,20,19,2.5378553421497503,2.549145602917575,0.004429037225218859
NA-Hutch++,1.5,20,19,2.54889856429416,2.549145602917575,9.691036209633368e-05
Gaussian-Hutch++,1.5,20,19,2.4843152874750425,2.549145602917575,0.02543217436004143
Hutchinson,1.5,20,20,2.9126501034168983,2.549145602917575,0.14259856325322537
Hutch++,1.5,20,20,2.447922478958931,2.549145602917575,0.03970864741613478
NA-Hutch++,1.5,20,20,2.6393459156997494,2.549145602917575,0.03538452753696658
Gaussian-Hutch++,1.5,20,20,2.5418454850260535,2.549145602917575,0.002863750851723233
Hutchinson,1.5,20,21,2.3494583680216268,2.549145602917575,0.07833496629906125
Hutch++,1.5,20,21,2.373326351776047,2.549145602917575,0.06897183548099318
NA-Hutch++,1.5,20,21,2.5950213930055597,2.549145602917575,0.017996535794376843
Gaussian-Hutch++,1.5,20,21,2.5855842607934636,2.549145602917575,0.014294459223585833
Hutchinson,1.5,20,22,2.9359445224059924,2.549145602917575,0.15173669132344342
Hutch++,1.5,20,22,2.53913669370576,2.549145602917575,0.003926377999106714
NA-Hutch++,1.5,20,22,2.3642326938487184,2.549145602917575,0.07253917110784819
Gaussian-Hutch++,1.5,20,22,2.446743115781825,2.549145602917575,0.04017129779426773
Hutchinson,1.5,20,23,2.919359362923638,2.549145602917575,0.14523052727248756
Hutch++,1.5,20,23,2.43632496243311,2.549145602917575,0.04425821748092321
NA-Hutch++,1.5,20,23,2.6796375817112947,2.549145602917575,0.05119047677950113
Gaussian-Hutch++,1.5,20,23,2.624678148512323,2.549145602917575,0.029630534053566287
Hutchinson,1.5,20,24,2.434937048129246,2.549145602917575,0.04480268002644257
Hutch++,1.5,20,24,2.293713831182712,2.549145602917575,0.10020289599876674
NA-Hutch++,1.5,20,24,2.858007559703357,2.549145602917575,0.12116293256543684
Gaussian-Hutch++,1.5,20,24,2.7091508829634545,2.549145602917575,0.06276819961274413
Hutchinson,1.5,20,25,2.1085845216355747,2.549145602917575,0.17282695848278137
Hutch++,1.5,20,25,2.5165710751843635,2.549145602917575,0.012778606171389007
NA-Hutch++,1.5,20,25,2.796426004771988,2.549145602917575,0.09700520894977235
Gaussian-Hutch++,1.5,20,25,2.4962308567389195,2.549145602917575,0.020757835926709368
Hutchinson,1.5,20,26,2.1402652000366054,2.549145602917575,0.16039899894811566
Hutch++,1.5,20,26,2.469675054934906,2.549145602917575,0.031175366323411537
NA-Hutch++,1.5,20,26,2.7036753630076196,2.549145602917575,0.06062021718695877
Gaussian-Hutch++,1.5,20,26,2.482275736955386,2.549145602917575,0.026232266170145215
Hutchinson,1.5,20,27,2.610521497728083,2.549145602917575,0.024077045556072308
Hutch++,1.5,20,27,2.4564593888931663,2.549145602917575,0.036359717514106174
NA-Hutch++,1.5,20,27,2.8030466911351484,2.549145602917575,0.09960242676094123
Gaussian-Hutch++,1.5,20,27,2.886482148555238,2.549145602917575,0.1323331806749566
Hutchinson,1.5,20,28,2.3646731629106914,2.549145602917575,0.07236638024746386
Hutch++,1.5,20,28,2.5313214491984013,2.549145602917575,0.00699220699624753
NA-Hutch++,1.5,20,28,2.454986945199604,2.549145602917575,0.0369373399503755
Gaussian-Hutch++,1.5,20,28,2.4658743131509375,2.549145602917575,0.03266635286400711
Hutchinson,1.5,20,29,2.522229137389367,2.549145602917575,0.010559014556642684
Hutch++,1.5,20,29,2.5133467296397485,2.549145602917575,0.014043479209996403
NA-Hutch++,1.5,20,29,2.5864389511684567,2.549145602917575,0.014629744259487614
Gaussian-Hutch++,1.5,20,29,2.495666023436473,2.549145602917575,0.02097941342381268
Hutchinson,1.5,20,30,2.4473638460878346,2.549145602917575,0.03992779255655237
Hutch++,1.5,20,30,2.529539480405457,2.549145602917575,0.007691252508165258
NA-Hutch++,1.5,20,30,2.590452381587095,2.549145602917575,0.016204166063422475
Gaussian-Hutch++,1.5,20,30,2.5206631593775595,2.549145602917575,0.011173329411790639
Hutchinson,1.5,20,31,2.7892831112025944,2.549145602917575,0.09420313536040252
Hutch++,1.5,20,31,2.533069315090418,2.549145602917575,0.006306539653426385
NA-Hutch++,1.5,20,31,2.5960917124983856,2.549145602917575,0.018416409610764916
Gaussian-Hutch++,1.5,20,31,2.6642674109018736,2.549145602917575,0.04516093857194267
Hutchinson,1.5,20,32,2.1541884390540496,2.549145602917575,0.15493707515627395
Hutch++,1.5,20,32,2.3359669266106335,2.549145602917575,0.08362750094108086
NA-Hutch++,1.5,20,32,2.835370408693562,2.549145602917575,0.11228264303474607
Gaussian-Hutch++,1.5,20,32,2.5154447822566515,2.549145602917575,0.013220437711503063
Hutchinson,1.5,20,33,2.1081030690835223,2.549145602917575,0.17301582668689705
Hutch++,1.5,20,33,2.502830387180599,2.549145602917575,0.018168917336054476
NA-Hutch++,1.5,20,33,2.6202128233654625,2.549145602917575,0.02787883923403538
Gaussian-Hutch++,1.5,20,33,2.588932858706345,2.549145602917575,0.01560807501275408
Hutchinson,1.5,20,34,2.8266914649076895,2.549145602917575,0.10887799491423895
Hutch++,1.5,20,34,2.8163504018453533,2.549145602917575,0.10482131684512414
NA-Hutch++,1.5,20,34,2.691007713641525,2.549145602917575,0.05565084652739498
Gaussian-Hutch++,1.5,20,34,2.6205173353930507,2.549145602917575,0.027998295740262278
Hutchinson,1.5,20,35,2.4858030903766277,2.549145602917575,0.024848526686137514
Hutch++,1.5,20,35,2.491356630171123,2.549145602917575,0.022669937990325455
NA-Hutch++,1.5,20,35,2.188151977425962,2.549145602917575,0.14161357636003413
Gaussian-Hutch++,1.5,20,35,2.505251952272541,2.549145602917575,0.01721896567806735
Hutchinson,1.5,20,36,2.886143354368425,2.549145602917575,0.13220027567870016
Hutch++,1.5,20,36,2.487708695039541,2.549145602917575,0.02410098026872914
NA-Hutch++,1.5,20,36,2.3096998130799604,2.549145602917575,0.09393178230524052
Gaussian-Hutch++,1.5,20,36,2.4554126227255217,2.549145602917575,0.03677035163655351
Hutchinson,1.5,20,37,2.3585871603906026,2.549145602917575,0.07475384784175242
Hutch++,1.5,20,37,2.6087130276073656,2.549145602917575,0.023367603883282944
NA-Hutch++,1.5,20,37,2.741208718304549,2.549145602917575,0.07534411340299735
Gaussian-Hutch++,1.5,20,37,2.5914129072132255,2.549145602917575,0.016580969030279818
Hutchinson,1.5,20,38,2.243172629496933,2.549145602917575,0.12002961818675503
Hutch++,1.5,20,38,2.2763626513961306,2.549145602917575,0.10700956085412938
NA-Hutch++,1.5,20,38,2.807778125410188,2.549145602917575,0.10145851307849967
Gaussian-Hutch++,1.5,20,38,2.5498072778248386,2.549145602917575,0.00025956732581541235
Hutchinson,1.5,20,39,1.8063927060035891,2.549145602917575,0.2913732727012073
Hutch++,1.5,20,39,2.5631143035526813,2.549145602917575,0.005479757852638362
NA-Hutch++,1.5,20,39,2.665230525689534,2.549145602917575,0.045538757236579956
Gaussian-Hutch++,1.5,20,39,2.509069068858089,2.549145602917575,0.01572155549436548
Hutchinson,1.5,20,40,2.575388763298952,2.549145602917575,0.010294884823895716
Hutch++,1.5,20,40,2.5387852676644043,2.549145602917575,0.004064238324132292
NA-Hutch++,1.5,20,40,2.5261466924521865,2.549145602917575,0.009022203533241001
Gaussian-Hutch++,1.5,20,40,2.4608057963686814,2.549145602917575,0.03465467270593968
Hutchinson,1.5,20,41,2.674461840939109,2.549145602917575,0.049160094220630446
Hutch++,1.5,20,41,2.3305793918231794,2.549145602917575,0.08574096781456503
NA-Hutch++,1.5,20,41,2.7407455707674417,2.549145602917575,0.07516242604211172
Gaussian-Hutch++,1.5,20,41,2.509599040925899,2.549145602917575,0.015513653651801662
Hutchinson,1.5,20,42,2.4429697366050838,2.549145602917575,0.041651550304137155
Hutch++,1.5,20,42,2.362621319525797,2.549145602917575,0.07317129440479808
NA-Hutch++,1.5,20,42,2.350425074810868,2.549145602917575,0.07795573853422312
Gaussian-Hutch++,1.5,20,42,2.502065098660476,2.549145602917575,0.018469131070117727
Hutchinson,1.5,20,43,2.5951037901770864,2.549145602917575,0.018028859240880796
Hutch++,1.5,20,43,2.388171528974978,2.549145602917575,0.06314824612543025
NA-Hutch++,1.5,20,43,2.8122701503206446,2.549145602917575,0.1032206819029542
Gaussian-Hutch++,1.5,20,43,2.823903959006789,2.549145602917575,0.10778448895769022
Hutchinson,1.5,20,44,2.8852126978718013,2.549145602917575,0.13183519002193797
Hutch++,1.5,20,44,2.799985606901229,2.549145602917575,0.09840159922468138
NA-Hutch++,1.5,20,44,2.492905389907568,2.549145602917575,0.022062377663181972
Gaussian-Hutch++,1.5,20,44,2.5164225206620956,2.549145602917575,0.012836882372676958
Hutchinson,1.5,20,45,2.6848836772887337,2.549145602917575,0.05324845870545884
Hutch++,1.5,20,45,2.4164364708507042,2.549145602917575,0.05206024007219568
NA-Hutch++,1.5,20,45,2.5859792964990658,2.549145602917575,0.014449427109747394
Gaussian-Hutch++,1.5,20,45,2.5767841302388677,2.549145602917575,0.010842270951356925
Hutchinson,1.5,20,46,3.3159784885495847,2.549145602917575,0.30081957058645287
Hutch++,1.5,20,46,2.379554255187991,2.549145602917575,0.06652870182679319
NA-Hutch++,1.5,20,46,2.729629189380489,2.549145602917575,0.07080159966395995
Gaussian-Hutch++,1.5,20,46,2.6076114439080267,2.549145602917575,0.02293546548440997
Hutchinson,1.5,20,47,2.3981884230762125,2.549145602917575,0.0592187357476119
Hutch++,1.5,20,47,2.517085615884823,2.549145602917575,0.01257675787371997
NA-Hutch++,1.5,20,47,2.268515869993826,2.549145602917575,0.11008776140623734
Gaussian-Hutch++,1.5,20,47,2.5920850961060062,2.549145602917575,0.01684466086962058
Hutchinson,1.5,20,48,2.313130931397702,2.549145602917575,0.09258579472657308
Hutch++,1.5,20,48,2.383393029806753,2.549145602917575,0.06502279545001798
NA-Hutch++,1.5,20,48,2.645190731916125,2.549145602917575,0.037677380565717074
Gaussian-Hutch++,1.5,20,48,2.4426467565091867,2.549145602917575,0.04177825161752129
Hutchinson,1.5,20,49,2.678797077404626,2.549145602917575,0.050860756772253754
Hutch++,1.5,20,49,2.4486262717015608,2.549145602917575,0.03943255775620152
NA-Hutch++,1.5,20,49,2.3643495806655053,2.549145602917575,0.07249331777697014
Gaussian-Hutch++,1.5,20,49,2.672566378636047,2.549145602917575,0.04841652653234602
Hutchinson,1.5,40,0,3.082117280295491,2.549145602917575,0.20907855430773098
Hutch++,1.5,40,0,2.5850158968049244,2.549145602917575,0.014071496679630438
NA-Hutch++,1.5,40,0,2.4788851291604654,2.549145602917575,0.027562361944603906
Gaussian-Hutch++,1.5,40,0,2.521485372016616,2.549145602917575,0.01085078501177072
Hutchinson,1.5,40,1,2.369449498049034,2.549145602917575,0.07049267984648408
Hutch++,1.5,40,1,2.527231570076299,2.549145602917575,0.008596618732250857
NA-Hutch++,1.5,40,1,2.455464317249048,2.549145602917575,0.036750072479699115
Gaussian-Hutch++,1.5,40,1,2.5602446385889217,2.549145602917575,0.004354021856830511
Hutchinson,1.5,40,2,2.3617369773508825,2.549145602917575,0.07351821149494081
Hutch++,1.5,40,2,2.528266706425957,2.549145602917575,0.008190546851353437
NA-Hutch++,1.5,40,2,2.5516665452252374,2.549145602917575,0.000988936177194784
Gaussian-Hutch++,1.5,40,2,2.5585581250428096,2.549145602917575,0.0036924223216051044
Hutchinson,1.5,40,3,2.4311533780174024,2.549145602917575,0.04628696954976879
Hutch++,1.5,40,3,2.4728625551036085,2.549145602917575,0.029924947294755692
NA-Hutch++,1.5,40,3,2.633286233292421,2.549145602917575,0.03300738501502003
Gaussian-Hutch++,1.5,40,3,2.584924119957635,2.549145602917575,0.014035493696048642
Hutchinson,1.5,40,4,2.0736054181187056,2.549145602917575,0.18654885160525916
Hutch++,1.5,40,4,2.541214856106998,2.549145602917575,0.003111139199542148
NA-Hutch++,1.5,40,4,2.557328168536561,2.549145602917575,0.0032099247722926485
Gaussian-Hutch++,1.5,40,4,2.5074749314590203,2.549145602917575,0.01634691694772613
Hutchinson,1.5,40,5,2.878295957165122,2.549145602917575,0.1291218335550641
Hutch++,1.5,40,5,2.5213604859433776,2.549145602917575,0.010899776357378994
NA-Hutch++,1.5,40,5,2.435998800750303,2.549145602917575,0.044386166893633755
Gaussian-Hutch++,1.5,40,5,2.5549045048865064,2.549145602917575,0.0022591498745069766
Hutchinson,1.5,40,6,2.828263146231735,2.549145602917575,0.10949454711206028
Hutch++,1.5,40,6,2.594096118096337,2.549145602917575,0.017633561271398025
NA-Hutch++,1.5,40,6,2.5043183627832373,2.549145602917575,0.01758520191354773
Gaussian-Hutch++,1.5,40,6,2.464885539097437,2.549145602917575,0.033054237358470163
Hutchinson,1.5,40,7,2.5437844648391894,2.549145602917575,0.0021031117533065976
Hutch++,1.5,40,7,2.5730668338891554,2.549145602917575,0.009384019078471462
NA-Hutch++,1.5,40,7,2.541164426467533,2.549145602917575,0.0031309221571758977
Gaussian-Hutch++,1.5,40,7,2.5440354865733776,2.549145602917575,0.00200463886344855
Hutchinson,1.5,40,8,2.4428796325135336,2.549145602917575,0.041686897085210416
Hutch++,1.5,40,8,2.5565245981078113,2.549145602917575,0.002894693493298546
NA-Hutch++,1.5,40,8,2.530447508171827,2.549145602917575,0.007335043837569615
Gaussian-Hutch++,1.5,40,8,2.493990267723753,2.549145602917575,0.021636792786844
Hutchinson,1.5,40,9,2.7313738815140374,2.549145602917575,0.07148602197846068
Hutch++,1.5,40,9,2.512343191819722,2.549145602917575,0.014437155357360454
NA-Hutch++,1.5,40,9,2.475789263547202,2.549145602917575,0.02877683380910629
Gaussian-Hutch++,1.5,40,9,2.5009088904275947,2.549145602917575,0.018922698034499138
Hutchinson,1.5,40,10,2.5424498004694813,2.549145602917575,0.0026266849725768183
Hutch++,1.5,40,10,2.5034276867281857,2.549145602917575,0.017934603710774277
NA-Hutch++,1.5,40,10,2.468624821623284,2.549145602917575,0.03158736056588251
Gaussian-Hutch++,1.5,40,10,2.5096718525829838,2.549145602917575,0.015485090490481409
Hutchinson,1.5,40,11,2.5298701315316876,2.549145602917575,0.007561541939317323
Hutch++,1.5,40,11,2.5900867493897497,2.549145602917575,0.016060732829586553
NA-Hutch++,1.5,40,11,2.518078493546763,2.549145602917575,0.012187263581670221
Gaussian-Hutch++,1.5,40,11,2.5329613296404148,2.549145602917575,0.006348901082243806
Hutchinson,1.5,40,12,2.374818063339782,2.549145602917575,0.06838665448465156
Hutch++,1.5,40,12,2.5745542439646005,2.549145602917575,0.00996751265127593
NA-Hutch++,1.5,40,12,2.50399392642958,2.549145602917575,0.0177124744998158
Gaussian-Hutch++,1.5,40,12,2.547519117526922,2.549145602917575,0.0006380511920510901
Hutchinson,1.5,40,13,2.668762033227922,2.549145602917575,0.04692412633214908
Hutch++,1.5,40,13,2.5477295066735106,2.549145602917575,0.0005555179909863973
NA-Hutch++,1.5,40,13,2.4598178231458845,2.549145602917575,0.03504224304388589
Gaussian-Hutch++,1.5,40,13,2.513285149054247,2.549145602917575,0.014067636553316087
Hutchinson,1.5,40,14,2.3310990331018773,2.549145602917575,0.08553711861971985
Hutch++,1.5,40,14,2.514130397955465,2.549145602917575,0.013736055297129532
NA-Hutch++,1.5,40,14,2.4834381949324182,2.549145602917575,0.02577624750424331
Gaussian-Hutch++,1.5,40,14,2.501932026526387,2.549145602917575,0.01852133371163691
Hutchinson,1.5,40,15,2.812234982502081,2.549145602917575,0.10320688597912654
Hutch++,1.5,40,15,2.5773361489667312,2.549145602917575,0.011058821440756898
NA-Hutch++,1.5,40,15,2.487700250829589,2.549145602917575,0.024104292833512612
Gaussian-Hutch++,1.5,40,15,2.5491013365429267,2.549145602917575,1.736518094448183e-05
Hutchinson,1.5,40,16,2.216479571037899,2.549145602917575,0.1305009927635871
Hutch++,1.5,40,16,2.4903565559057363,2.549145602917575,0.023062255425721066
NA-Hutch++,1.5,40,16,2.5688138043179274,2.549145602917575,0.007715605329817698
Gaussian-Hutch++,1.5,40,16,2.550798282765708,2.549145602917575,0.0006483269712963218
Hutchinson,1.5,40,17,2.5447580787605006,2.549145602917575,0.0017211744013574178
Hutch++,1.5,40,17,2.5300051448510126,2.549145602917575,0.007508577793538264
NA-Hutch++,1.5,40,17,2.518066264392536,2.549145602917575,0.012192060935816273
Gaussian-Hutch++,1.5,40,17,2.5519717373932624,2.549145602917575,0.0011086594945587454
Hutchinson,1.5,40,18,3.064612239249597,2.549145602917575,0.20221153148021612
Hutch++,1.5,40,18,2.5166242634285707,2.549145602917575,0.012757741045385096
NA-Hutch++,1.5,40,18,2.5774010606236026,2.549145602917575,0.011084285524407945
Gaussian-Hutch++,1.5,40,18,2.590496389580453,2.549145602917575,0.016221429884409392
Hutchinson,1.5,40,19,2.760230898926658,2.549145602917575,0.08280629233869151
Hutch++,1.5,40,19,2.491822500718736,2.549145602917575,0.022487182424272414
NA-Hutch++,1.5,40,19,2.5459216158564155,2.549145602917575,0.001264732409741413
Gaussian-Hutch++,1.5,40,19,2.5555100926878795,2.549145602917575,0.0024967148847912005
Hutchinson,1.5,40,20,2.6789197898659403,2.549145602917575,0.05090889543533117
Hutch++,1.5,40,20,2.528174436819447,2.549145602917575,0.00822674313861313
NA-Hutch++,1.5,40,20,2.589670684631361,2.549145602917575,0.015897515492015624
Gaussian-Hutch++,1.5,40,20,2.5514846041375403,2.549145602917575,0.0009175628168465741
Hutchinson,1.5,40,21,2.678683955770267,2.549145602917575,0.05081638047839678
Hutch++,1.5,40,21,2.4844438439400873,2.549145602917575,0.025381743162663884
NA-Hutch++,1.5,40,21,2.511838128934896,2.549145602917575,0.014635285618828339
Gaussian-Hutch++,1.5,40,21,2.6011452662438055,2.549145602917575,0.020398859628384933
Hutchinson,1.5,40,22,2.5212843287422055,2.549145602917575,0.010929651936508284
Hutch++,1.5,40,22,2.4919765641409355,2.549145602917575,0.022426745145984594
NA-Hutch++,1.5,40,22,2.450239779751258,2.549145602917575,0.03879959742319795
Gaussian-Hutch++,1.5,40,22,2.555847657667254,2.549145602917575,0.002629137677348861
Hutchinson,1.5,40,23,2.463385056340333,2.549145602917575,0.033642859191364595
Hutch++,1.5,40,23,2.5273860745660723,2.549145602917575,0.008536008428313552
NA-Hutch++,1.5,40,23,2.446453660728223,2.549145602917575,0.04028484762573716
Gaussian-Hutch++,1.5,40,23,2.5631705909835567,2.549145602917575,0.005501838753317773
Hutchinson,1.5,40,24,2.9143589718957577,2.549145602917575,0.14326893236705843
Hutch++,1.5,40,24,2.4963199993273606,2.549145602917575,0.020722866332058113
NA-Hutch++,1.5,40,24,2.5685158488344384,2.549145602917575,0.007598720879142158
Gaussian-Hutch++,1.5,40,24,2.6001075579617487,2.549145602917575,0.019991778808494124
Hutchinson,1.5,40,25,2.557105615974991,2.549145602917575,0.0031226200058189317
Hutch++,1.5,40,25,2.548817515530169,2.549145602917575,0.00012870484409788132
NA-Hutch++,1.5,40,25,2.479021065120499,2.549145602917575,0.02750903585766791
Gaussian-Hutch++,1.5,40,25,2.590363796686103,2.549145602917575,0.01616941524303365
Hutchinson,1.5,40,26,2.417222788792563,2.549145602917575,0.05175177674198856
Hutch++,1.5,40,26,2.5572531157857084,2.549145602917575,0.0031804824561036697
NA-Hutch++,1.5,40,26,2.501836541214728,2.549145602917575,0.01855879148240902
Gaussian-Hutch++,1.5,40,26,2.5723566909138427,2.549145602917575,0.009105438296542055
Hutchinson,1.5,40,27,2.746338360067715,2.549145602917575,0.07735641185989792
Hutch++,1.5,40,27,2.5321249684029823,2.549145602917575,0.006676995811895666
NA-Hutch++,1.5,40,27,2.5510982891134986,2.549145602917575,0.000766015952046231
Gaussian-Hutch++,1.5,40,27,2.5633485787533115,2.549145602917575,0.005571661273283301
Hutchinson,1.5,40,28,2.8256467242805163,2.549145602917575,0.10846815538762365
Hutch++,1.5,40,28,2.5068162987126823,2.549145602917575,0.01660529086939785
NA-Hutch++,1.5,40,28,2.402056138129923,2.549145602917575,0.05770147637675297
Gaussian-Hutch++,1.5,40,28,2.600235996154841,2.549145602917575,0.020042163609168186
Hutchinson,1.5,40,29,2.39103780467272,2.549145602917575,0.06202383969903332
Hutch++,1.5,40,29,2.5541160990210017,2.549145602917575,0.0019498674762781676
NA-Hutch++,1.5,40,29,2.5705190572497196,2.549145602917575,0.008384556106831193
Gaussian-Hutch++,1.5,40,29,2.571005396673637,2.549145602917575,0.008575341373612648
Hutchinson,1.5,40,30,2.3437340657609695,2.549145602917575,0.08058054311276133
Hutch++,1.5,40,30,2.5310005018494035,2.549145602917575,0.007118110886802254
NA-Hutch++,1.5,40,30,2.5099217866720642,2.549145602917575,0.01538704427107581
Gaussian-Hutch++,1.5,40,30,2.510404524496085,2.549145602917575,0.015197671869802084
Hutchinson,1.5,40,31,2.8387290389046913,2.549145602917575,0.11360019437715876
Hutch++,1.5,40,31,2.5929525084844682,2.549145602917575,0.017184936598660622
NA-Hutch++,1.5,40,31,2.5781243278622625,2.549145602917575,0.011368014801320216
Gaussian-Hutch++,1.5,40,31,2.5713618485543677,2.549145602917575,0.008715173276632493
Hutchinson,1.5,40,32,2.925559401583988,2.549145602917575,0.14766272991060053
Hutch++,1.5,40,32,2.4992099349865797,2.549145602917575,0.01958917837954904
NA-Hutch++,1.5,40,32,2.5109207635368778,2.549145602917575,0.014995157333087577
Gaussian-Hutch++,1.5,40,32,2.5760278153149954,2.549145602917575,0.0105455774541292
Hutchinson,1.5,40,33,2.8773531364187357,2.549145602917575,0.12875197600541802
Hutch++,1.5,40,33,2.598328699151312,2.549145602917575,0.019293953306333374
NA-Hutch++,1.5,40,33,2.55166477597363,2.549145602917575,0.0009882421204859726
Gaussian-Hutch++,1.5,40,33,2.5338101180799435,2.549145602917575,0.006015931306583572
Hutchinson,1.5,40,34,2.4392710975802747,2.549145602917575,0.043102483126717335
Hutch++,1.5,40,34,2.535795739419894,2.549145602917575,0.005236995282812352
NA-Hutch++,1.5,40,34,2.5861272454807307,2.549145602917575,0.014507465764540433
Gaussian-Hutch++,1.5,40,34,2.526823767475853,2.549145602917575,0.008756594921911977
Hutchinson,1.5,40,35,2.7085896879588782,2.549145602917575,0.06254804937733427
Hutch++,1.5,40,35,2.5132494997554145,2.549145602917575,0.014081621356220904
NA-Hutch++,1.5,40,35,2.5649631846530454,2.549145602917575,0.006205052280013548
Gaussian-Hutch++,1.5,40,35,2.535434370745128,2.549145602917575,0.0053787559866154255
Hutchinson,1.5,40,36,2.693937458000176,2.549145602917575,0.05680015096700719
Hutch++,1.5,40,36,2.4971337199199577,2.549145602917575,0.020403653262523844
NA-Hutch++,1.5,40,36,2.502867683898951,2.549145602917575,0.01815428626974376
Gaussian-Hutch++,1.5,40,36,2.5752274018064925,2.549145602917575,0.010231584598018192
Hutchinson,1.5,40,37,2.239751435155154,2.549145602917575,0.12137171270574341
Hutch++,1.5,40,37,2.5468912543132287,2.549145602917575,0.000884354586009645
NA-Hutch++,1.5,40,37,2.4538093430316925,2.549145602917575,0.03739929950520183
Gaussian-Hutch++,1.5,40,37,2.5186795551507464,2.549145602917575,0.011951474145674337
Hutchinson,1.5,40,38,2.264499660607167,2.549145602917575,0.11166327336681835
Hutch++,1.5,40,38,2.542527188327805,2.549145602917575,0.002596326621043186
NA-Hutch++,1.5,40,38,2.4902423753415515,2.549145602917575,0.023107047125361213
Gaussian-Hutch++,1.5,40,38,2.521814950428766,2.549145602917575,0.010721495256107973
Hutchinson,1.5,40,39,2.252247315895901,2.549145602917575,0.11646972486854612
Hutch++,1.5,40,39,2.498436449256684,2.549145602917575,0.019892607783114795
NA-Hutch++,1.5,40,39,2.64835263980612,2.549145602917575,0.03891776004281569
Gaussian-Hutch++,1.5,40,39,2.52382997546301,2.549145602917575,0.009931024507031164
Hutchinson,1.5,40,40,2.6915463055605864,2.549145602917575,0.05586212983676932
Hutch++,1.5,40,40,2.5980229101682157,2.549145602917575,0.019173995865398575
NA-Hutch++,1.5,40,40,2.485065098108812,2.549145602917575,0.025138032419733607
Gaussian-Hutch++,1.5,40,40,2.5208084973972507,2.549145602917575,0.011116315006836741
Hutchinson,1.5,40,41,2.3921485356311756,2.549145602917575,0.061588112937413876
Hutch++,1.5,40,41,2.5028413301878616,2.549145602917575,0.01816462452231718
NA-Hutch++,1.5,40,41,2.6996427010850024,2.549145602917575,0.05903825108898395
Gaussian-Hutch++,1.5,40,41,2.5242116452017673,2.549145602917575,0.009781299933307138
Hutchinson,1.5,40,42,2.3958038979773226,2.549145602917575,0.06015415704962019
Hutch++,1.5,40,42,2.492719111478386,2.549145602917575,0.022135452511856182
NA-Hutch++,1.5,40,42,2.5757323279070983,2.549145602917575,0.0104296612006367
Gaussian-Hutch++,1.5,40,42,2.534717321444715,2.549145602917575,0.005660046039091148
Hutchinson,1.5,40,43,2.5369661088850766,2.549145602917575,0.00477787303265801
Hutch++,1.5,40,43,2.545900064166685,2.549145602917575,0.001273186885510058
NA-Hutch++,1.5,40,43,2.519982407896811,2.549145602917575,0.011440380254225519
Gaussian-Hutch++,1.5,40,43,2.5860250725012777,2.549145602917575,0.014467384499925304
Hutchinson,1.5,40,44,2.7954617353408793,2.549145602917575,0.09662693733201733
Hutch++,1.5,40,44,2.5325151542084035,2.549145602917575,0.006523930484840758
NA-Hutch++,1.5,40,44,2.47015261515925,2.549145602917575,0.030988025033923294
Gaussian-Hutch++,1.5,40,44,2.475414253908154,2.549145602917575,0.028923945703624606
Hutchinson,1.5,40,45,2.726975305437007,2.549145602917575,0.06976051203819053
Hutch++,1.5,40,45,2.5867882697193365,2.549145602917575,0.014766777840653014
NA-Hutch++,1.5,40,45,2.571710000974856,2.549145602917575,0.00885174939848681
Gaussian-Hutch++,1.5,40,45,2.547211869277435,2.549145602917575,0.0007585810861204479
Hutchinson,1.5,40,46,2.2169372945378263,2.549145602917575,0.1303214331890365
Hutch++,1.5,40,46,2.551475166431369,2.549145602917575,0.0009138605151183277
NA-Hutch++,1.5,40,46,2.6071499381684244,2.549145602917575,0.02275442218147975
Gaussian-Hutch++,1.5,40,46,2.593027441843773,2.549145602917575,0.01721433207894189
Hutchinson,1.5,40,47,2.351039174585053,2.549145602917575,0.07771483437657822
Hutch++,1.5,40,47,2.5579071009902012,2.549145602917575,0.0034370332014767016
NA-Hutch++,1.5,40,47,2.5353337750708267,2.549145602917575,0.005418218492870884
Gaussian-Hutch++,1.5,40,47,2.527540357156692,2.549145602917575,0.008475485172818466
Hutchinson,1.5,40,48,2.1014550472439364,2.549145602917575,0.175623767885696
Hutch++,1.5,40,48,2.507198971462809,2.549145602917575,0.01645517282604684
NA-Hutch++,1.5,40,48,2.4944242734786184,2.549145602917575,0.021466537406229978
Gaussian-Hutch++,1.5,40,48,2.484808611744859,2.549145602917575,0.025238649019922847
Hutchinson,1.5,40,49,2.2913887918088394,2.549145602917575,0.10111498174671751
Hutch++,1.5,40,49,2.5321078167129887,2.549145602917575,0.006683724219238888
NA-Hutch++,1.5,40,49,2.483885515887284,2.549145602917575,0.025600768726430974
Gaussian-Hutch++,1.5,40,49,2.549561786073089,2.549145602917575,0.00016326378337804795
Hutchinson,1.5,80,0,2.358426168589402,2.549145602917575,0.07481700304207371
Hutch++,1.5,80,0,2.539790272380868,2.549145602917575,0.003669986730455748
NA-Hutch++,1.5,80,0,2.5347696237247344,2.549145602917575,0.005639528466474057
Gaussian-Hutch++,1.5,80,0,2.5563387721597293,2.549145602917575,0.002821796147666603
Hutchinson,1.5,80,1,2.567679685813668,2.549145602917575,0.00727070390756813
Hutch++,1.5,80,1,2.544969208458696,2.549145602917575,0.0016383506905604224
NA-Hutch++,1.5,80,1,2.521312685966759,2.549145602917575,0.010918527729040122
Gaussian-Hutch++,1.5,80,1,2.548308655936396,2.549145602917575,0.0003283245100716876
Hutchinson,1.5,80,2,2.514406106463271,2.549145602917575,0.013627898074768264
Hutch++,1.5,80,2,2.541599746091498,2.549145602917575,0.0029601513610837487
NA-Hutch++,1.5,80,2,2.544746121188104,2.549145602917575,0.0017258652171283988
Gaussian-Hutch++,1.5,80,2,2.541810011973354,2.549145602917575,0.002877666515331715
Hutchinson,1.5,80,3,2.489571515654827,2.549145602917575,0.023370217532715194
Hutch++,1.5,80,3,2.5366568664143676,2.549145602917575,0.00489918523638424
NA-Hutch++,1.5,80,3,2.576838172821892,2.549145602917575,0.01086347122448466
Gaussian-Hutch++,1.5,80,3,2.5425675706857445,2.549145602917575,0.0025804850944182917
Hutchinson,1.5,80,4,2.343851576848306,2.549145602917575,0.08053444488784947
Hutch++,1.5,80,4,2.5148445773352632,2.549145602917575,0.013455891080938408
NA-Hutch++,1.5,80,4,2.5363220565744644,2.549145602917575,0.005030527219957086
Gaussian-Hutch++,1.5,80,4,2.5498004782026804,2.549145602917575,0.0002568999135850426
Hutchinson,1.5,80,5,2.4396067681263034,2.549145602917575,0.042970803498200046
Hutch++,1.5,80,5,2.534279018711115,2.549145602917575,0.0058319870741965
NA-Hutch++,1.5,80,5,2.5734149065851333,2.549145602917575,0.009520563925332912
Gaussian-Hutch++,1.5,80,5,2.560919869335722,2.549145602917575,0.0046189069799193105
Hutchinson,1.5,80,6,2.434531673566144,2.549145602917575,0.0449617037254569
Hutch++,1.5,80,6,2.5200764609591877,2.549145602917575,0.01140348433809233
NA-Hutch++,1.5,80,6,2.604121098467615,2.549145602917575,0.02156624379836081
Gaussian-Hutch++,1.5,80,6,2.543415427132855,2.549145602917575,0.0022478809284812865
Hutchinson,1.5,80,7,2.427934128947163,2.549145602917575,0.047549843301097336
Hutch++,1.5,80,7,2.5440527317923634,2.549145602917575,0.001997873765775832
NA-Hutch++,1.5,80,7,2.535319596309945,2.549145602917575,0.005423780654901018
Gaussian-Hutch++,1.5,80,7,2.5501296153762016,2.549145602917575,0.00038601657649536234
Hutchinson,1.5,80,8,2.385434993067379,2.549145602917575,0.06422175714985615
Hutch++,1.5,80,8,2.5586923154525896,2.549145602917575,0.0037450636495961133
NA-Hutch++,1.5,80,8,2.550515573232072,2.549145602917575,0.0005374233284002026
Gaussian-Hutch++,1.5,80,8,2.546060369909832,2.549145602917575,0.0012103008177375913
Hutchinson,1.5,80,9,2.572529542594549,2.549145602917575,0.009173245988856151
Hutch++,1.5,80,9,2.5428511263661404,2.549145602917575,0.0024692495180465798
NA-Hutch++,1.5,80,9,2.4803264763361117,2.549145602917575,0.026996938308544598
Gaussian-Hutch++,1.5,80,9,2.567271862897047,2.549145602917575,0.007110719748109231
Hutchinson,1.5,80,10,2.4772885485655154,2.549145602917575,0.02818868183512829
Hutch++,1.5,80,10,2.5502462592667623,2.549145602917575,0.00043177461025661553
NA-Hutch++,1.5,80,10,2.52839966001692,2.549145602917575,0.008138390712916029
Gaussian-Hutch++,1.5,80,10,2.5490563159323547,2.549145602917575,3.502623981866348e-05
Hutchinson,1.5,80,11,2.396905104618841,2.549145602917575,0.05972216656611937
Hutch++,1.5,80,11,2.54392798154133,2.549145602917575,0.0020468118299219254
NA-Hutch++,1.5,80,11,2.558100674986103,2.549145602917575,0.0035129700156313177
Gaussian-Hutch++,1.5,80,11,2.556440579748453,2.549145602917575,0.0028617340737730128
Hutchinson,1.5,80,12,2.5775874518255284,2.549145602917575,0.011157404612510418
Hutch++,1.5,80,12,2.544968723920839,2.549145602917575,0.0016385407690935568
NA-Hutch++,1.5,80,12,2.537942300263591,2.549145602917575,0.0043949245743992215
Gaussian-Hutch++,1.5,80,12,2.5503771664027752,2.549145602917575,0.00048312794835668693
Hutchinson,1.5,80,13,2.4269931054408174,2.549145602917575,0.047918995814499786
Hutch++,1.5,80,13,2.540626302756158,2.549145602917575,0.003342021794151978
NA-Hutch++,1.5,80,13,2.5609959460708858,2.549145602917575,0.004648750993174925
Gaussian-Hutch++,1.5,80,13,2.5379223375911977,2.549145602917575,0.004402755697254856
Hutchinson,1.5,80,14,2.44473439173521,2.549145602917575,0.04095929673960693
Hutch++,1.5,80,14,2.515742330240458,2.549145602917575,0.013103713118185995
NA-Hutch++,1.5,80,14,2.5808420122108804,2.549145602917575,0.0124341305796843
Gaussian-Hutch++,1.5,80,14,2.560678015137286,2.549145602917575,0.004524030407094631
Hutchinson,1.5,80,15,2.468809989808265,2.549145602917575,0.031514721253020496
Hutch++,1.5,80,15,2.512568390991057,2.549145602917575,0.014348812356836044
NA-Hutch++,1.5,80,15,2.524462232004856,2.549145602917575,0.009682997661831613
Gaussian-Hutch++,1.5,80,15,2.533550043771565,2.549145602917575,0.006117955415399022
Hutchinson,1.5,80,16,2.4379683720323917,2.549145602917575,0.04361352711980742
Hutch++,1.5,80,16,2.53909075872322,2.549145602917575,0.003944397755407544
NA-Hutch++,1.5,80,16,2.5561697399462124,2.549145602917575,0.0027554867876506957
Gaussian-Hutch++,1.5,80,16,2.5407161767209985,2.549145602917575,0.0033067652890948953
Hutchinson,1.5,80,17,2.28089717889718,2.549145602917575,0.10523071876058257
Hutch++,1.5,80,17,2.554620180226281,2.549145602917575,0.002147612636343678
NA-Hutch++,1.5,80,17,2.5830441332807115,2.549145602917575,0.0132979969148637
Gaussian-Hutch++,1.5,80,17,2.565774540021193,2.549145602917575,0.006523337499664732
Hutchinson,1.5,80,18,2.371898909551871,2.549145602917575,0.0695318043672515
Hutch++,1.5,80,18,2.5655632531147425,2.549145602917575,0.006440452117908385
NA-Hutch++,1.5,80,18,2.5419540499379156,2.549145602917575,0.002821162106797122
Gaussian-Hutch++,1.5,80,18,2.557330956070665,2.549145602917575,0.0032110182893129386
Hutchinson,1.5,80,19,2.791000438347903,2.549145602917575,0.09487682271013367
Hutch++,1.5,80,19,2.5347383474151615,2.549145602917575,0.005651797796847769
NA-Hutch++,1.5,80,19,2.5544869541910855,2.549145602917575,0.0020953496212209217
Gaussian-Hutch++,1.5,80,19,2.541409400738908,2.549145602917575,0.00303482161623596
Hutchinson,1.5,80,20,2.494284719861821,2.549145602917575,0.021521282657594773
Hutch++,1.5,80,20,2.573113078543033,2.549145602917575,0.009402160315215603
NA-Hutch++,1.5,80,20,2.551296713254773,2.549145602917575,0.0008438554214932263
Gaussian-Hutch++,1.5,80,20,2.546227076722035,2.549145602917575,0.0011449036854544068
Hutchinson,1.5,80,21,2.4836159432570155,2.549145602917575,0.025706518915812018
Hutch++,1.5,80,21,2.53422426608249,2.549145602917575,0.005853465889907354
NA-Hutch++,1.5,80,21,2.5198736843899336,2.549145602917575,0.011483031214120898
Gaussian-Hutch++,1.5,80,21,2.5388221938002875,2.549145602917575,0.004049752632988962
Hutchinson,1.5,80,22,2.6600480764159973,2.549145602917575,0.043505743011105685
Hutch++,1.5,80,22,2.5605418938951376,2.549145602917575,0.00447063163615254
NA-Hutch++,1.5,80,22,2.554566626175547,2.549145602917575,0.002126604008718506
Gaussian-Hutch++,1.5,80,22,2.5471879911426987,2.549145602917575,0.0007679481990498995
Hutchinson,1.5,80,23,2.94576205734281,2.549145602917575,0.15558799543317375
Hutch++,1.5,80,23,2.5439511562953903,2.549145602917575,0.0020377206450034593
NA-Hutch++,1.5,80,23,2.6094467983045933,2.549145602917575,0.023655453544121408
Gaussian-Hutch++,1.5,80,23,2.548883495083241,2.549145602917575,0.00010282183725955975
Hutchinson,1.5,80,24,2.550461650620044,2.549145602917575,0.00051627011849087
Hutch++,1.5,80,24,2.5432927940605548,2.549145602917575,0.0022959884481771943
NA-Hutch++,1.5,80,24,2.5728735962504325,2.549145602917575,0.009308214213303447
Gaussian-Hutch++,1.5,80,24,2.5454754027118356,2.549145602917575,0.001439776606537872
Hutchinson,1.5,80,25,2.6481455179887563,2.549145602917575,0.038836508576784584
Hutch++,1.5,80,25,2.5372269080980105,2.549145602917575,0.004675564552265408
NA-Hutch++,1.5,80,25,2.5543182772171633,2.549145602917575,0.0020291796175423782
Gaussian-Hutch++,1.5,80,25,2.5406212918109796,2.549145602917575,0.003343987529327174
Hutchinson,1.5,80,26,2.7244586975717793,2.549145602917575,0.06877327621205823
Hutch++,1.5,80,26,2.5195712009488034,2.549145602917575,0.01160169192961085
NA-Hutch++,1.5,80,26,2.5670144290123638,2.549145602917575,0.007009731446621626
Gaussian-Hutch++,1.5,80,26,2.563076434135882,2.549145602917575,0.005464902123426213
Hutchinson,1.5,80,27,2.543957031304732,2.549145602917575,0.0020354159475648517
Hutch++,1.5,80,27,2.563375877488929,2.549145602917575,0.005582370247924102
NA-Hutch++,1.5,80,27,2.5192975692524504,2.549145602917575,0.01170903444313373
Gaussian-Hutch++,1.5,80,27,2.5227213413532548,2.549145602917575,0.01036592869943445
Hutchinson,1.5,80,28,2.161136638845414,2.549145602917575,0.15221137765848808
Hutch++,1.5,80,28,2.560868005166676,2.549145602917575,0.004598561273112167
NA-Hutch++,1.5,80,28,2.5336650974307604,2.549145602917575,0.006072821210799758
Gaussian-Hutch++,1.5,80,28,2.53084363670182,2.549145602917575,0.007179647249183382
Hutchinson,1.5,80,29,2.743588710229085,2.549145602917575,0.07627775639373581
Hutch++,1.5,80,29,2.538760325939808,2.549145602917575,0.00407402267092197
NA-Hutch++,1.5,80,29,2.5232355612278248,2.549145602917575,0.010164206258008793
Gaussian-Hutch++,1.5,80,29,2.5289239272495556,2.549145602917575,0.007932726810455728
Hutchinson,1.5,80,30,2.208485633093866,2.549145602917575,0.13363692110557107
Hutch++,1.5,80,30,2.558074494908413,2.549145602917575,0.003502699877409236
NA-Hutch++,1.5,80,30,2.561055983347649,2.549145602917575,0.004672302914530335
Gaussian-Hutch++,1.5,80,30,2.5592251934906853,2.549145602917575,0.003954105470308853
Hutchinson,1.5,80,31,2.613583609341098,2.549145602917575,0.02527827612113303
Hutch++,1.5,80,31,2.5388083214144457,2.549145602917575,0.004055194607674893
NA-Hutch++,1.5,80,31,2.54493779564096,2.549145602917575,0.0016506735714897731
Gaussian-Hutch++,1.5,80,31,2.5478264232402923,2.549145602917575,0.0005174987555724783
Hutchinson,1.5,80,32,2.590591552134109,2.549145602917575,0.016258761040992564
Hutch++,1.5,80,32,2.543349466560015,2.549145602917575,0.0022737564895964316
NA-Hutch++,1.5,80,32,2.62080186899371,2.549145602917575,0.028109914943313576
Gaussian-Hutch++,1.5,80,32,2.571111409086789,2.549145602917575,0.008616928803154008
Hutchinson,1.5,80,33,2.77376466338921,2.549145602917575,0.08811542981874065
Hutch++,1.5,80,33,2.557615703918634,2.549145602917575,0.0033227215390773737
NA-Hutch++,1.5,80,33,2.5390372052274355,2.549145602917575,0.003965406165332551
Gaussian-Hutch++,1.5,80,33,2.557336816753197,2.549145602917575,0.0032133173665115943
Hutchinson,1.5,80,34,2.4096515743021905,2.549145602917575,0.05472187561814027
Hutch++,1.5,80,34,2.515884430831268,2.549145602917575,0.013047968718710685
NA-Hutch++,1.5,80,34,2.5344780346286666,2.549145602917575,0.0057539154578385415
Gaussian-Hutch++,1.5,80,34,2.549993178575545,2.549145602917575,0.00033249401564191736
Hutchinson,1.5,80,35,2.317556296856102,2.549145602917575,0.09084977562537505
Hutch++,1.5,80,35,2.5644439466577813,2.549145602917575,0.006001361288541811
NA-Hutch++,1.5,80,35,2.5670924136304905,2.549145602917575,0.0070403239000450145
Gaussian-Hutch++,1.5,80,35,2.5687050285262583,2.549145602917575,0.007672933859210202
Hutchinson,1.5,80,36,3.0840388455475845,2.549145602917575,0.20983236187756696
Hutch++,1.5,80,36,2.527542358781447,2.549145602917575,0.00847469995884207
NA-Hutch++,1.5,80,36,2.516572209400348,2.549145602917575,0.012778161231726325
Gaussian-Hutch++,1.5,80,36,2.549242738375034,2.549145602917575,3.810510366596734e-05
Hutchinson,1.5,80,37,2.60411392796222,2.549145602917575,0.02156343089297517
Hutch++,1.5,80,37,2.5398368438889185,2.549145602917575,0.003651717272643245
NA-Hutch++,1.5,80,37,2.5449593137401982,2.549145602917575,0.0016422322728782616
Gaussian-Hutch++,1.5,80,37,2.550198077953682,2.549145602917575,0.0004128736447625267
Hutchinson,1.5,80,38,2.4082166388653254,2.549145602917575,0.05528478400408052
Hutch++,1.5,80,38,2.5391249319391256,2.549145602917575,0.003930992002567701
NA-Hutch++,1.5,80,38,2.5295290215656037,2.549145602917575,0.007695355388691706
Gaussian-Hutch++,1.5,80,38,2.575356057348351,2.549145602917575,0.010282054662070812
Hutchinson,1.5,80,39,2.6722637592487084,2.549145602917575,0.04829781248674878
Hutch++,1.5,80,39,2.5468149098842163,2.549145602917575,0.0009143036124305008
NA-Hutch++,1.5,80,39,2.5184794666956014,2.549145602917575,0.012029966505983593
Gaussian-Hutch++,1.5,80,39,2.547772113900218,2.549145602917575,0.0005388036743704805
Hutchinson,1.5,80,40,2.275585051862369,2.549145602917575,0.1073146040548283
Hutch++,1.5,80,40,2.5501302678193034,2.549145602917575,0.0003862725222918757
NA-Hutch++,1.5,80,40,2.543532711830217,2.549145602917575,0.0022018715137080325
Gaussian-Hutch++,1.5,80,40,2.5504246120718546,2.549145602917575,0.0005017403293148495
Hutchinson,1.5,80,41,2.692534692084683,2.549145602917575,0.056249862307980646
Hutch++,1.5,80,41,2.5263094805446853,2.549145602917575,0.008958343668856443
NA-Hutch++,1.5,80,41,2.5546103844496977,2.549145602917575,0.002143769867781533
Gaussian-Hutch++,1.5,80,41,2.567312716899141,2.549145602917575,0.007126746295218755
Hutchinson,1.5,80,42,2.6546822868440025,2.549145602917575,0.041400806531269686
Hutch++,1.5,80,42,2.5485430834090166,2.549145602917575,0.00023636135490613235
NA-Hutch++,1.5,80,42,2.529813187784132,2.549145602917575,0.007583880305352719
Gaussian-Hutch++,1.5,80,42,2.5359607578380925,2.549145602917575,0.005172260487746263
Hutchinson,1.5,80,43,2.392587796370881,2.549145602917575,0.06141579608772012
Hutch++,1.5,80,43,2.5416516981688555,2.549145602917575,0.002939771168874265
NA-Hutch++,1.5,80,43,2.552500767330942,2.549145602917575,0.0013161917504935102
Gaussian-Hutch++,1.5,80,43,2.552141397797923,2.549145602917575,0.0011752152866116574
Hutchinson,1.5,80,44,2.5182968574628966,2.549145602917575,0.012101601971802357
Hutch++,1.5,80,44,2.526726676042047,2.549145602917575,0.00879468275561397
NA-Hutch++,1.5,80,44,2.5680089934474615,2.549145602917575,0.00739988744004915
Gaussian-Hutch++,1.5,80,44,2.5457190340165132,2.549145602917575,0.0013442028957232387
Hutchinson,1.5,80,45,2.6351842780330554,2.549145602917575,0.03375196576335473
Hutch++,1.5,80,45,2.5261760967006834,2.549145602917575,0.009010668590527921
NA-Hutch++,1.5,80,45,2.5111244774334653,2.549145602917575,0.014915242754510966
Gaussian-Hutch++,1.5,80,45,2.5538990038313942,2.549145602917575,0.0018647035729848567
Hutchinson,1.5,80,46,2.59297167429868,2.549145602917575,0.017192455123373276
Hutch++,1.5,80,46,2.522401362154226,2.549145602917575,0.010491452796081767
NA-Hutch++,1.5,80,46,2.546595856297201,2.549145602917575,0.0010002357721174662
Gaussian-Hutch++,1.5,80,46,2.5434707849081555,2.549145602917575,0.0022261647208086936
Hutchinson,1.5,80,47,2.4869265576248147,2.549145602917575,0.024407803627046195
Hutch++,1.5,80,47,2.5545065921155548,2.549145602917575,0.0021030533492648455
NA-Hutch++,1.5,80,47,2.541658855330013,2.549145602917575,0.0029369634982769795
Gaussian-Hutch++,1.5,80,47,2.5672092931000083,2.549145602917575,0.007086174348675376
Hutchinson,1.5,80,48,2.5868633495593594,2.549145602917575,0.0147962307836065
Hutch++,1.5,80,48,2.5427313245716023,2.549145602917575,0.0025162463605968677
NA-Hutch++,1.5,80,48,2.5563587561865004,2.549145602917575,0.0028296356475948524
Gaussian-Hutch++,1.5,80,48,2.5504443426716503,2.549145602917575,0.000509480412805248
Hutchinson,1.5,80,49,2.31467788540788,2.549145602917575,0.09197894276472074
Hutch++,1.5,80,49,2.5370863003571804,2.549145602917575,0.004730723324157137
NA-Hutch++,1.5,80,49,2.5825637378478863,2.549145602917575,0.013109543406254635
Gaussian-Hutch++,1.5,80,49,2.532453735048698,2.549145602917575,0.006548024502708924
Hutchinson,1.5,160,0,2.694684679165661,2.549145602917575,0.05709327708919883
Hutch++,1.5,160,0,2.5439147817883105,2.549145602917575,0.002051989938620146
NA-Hutch++,1.5,160,0,2.552018341758815,2.549145602917575,0.0011269418419849351
Gaussian-Hutch++,1.5,160,0,2.549122196714908,2.549145602917575,9.181979499474375e-06
Hutchinson,1.5,160,1,2.6040700885439585,2.549145602917575,0.021546233202026806
Hutch++,1.5,160,1,2.5508680302223237,2.549145602917575,0.000675688082617605
NA-Hutch++,1.5,160,1,2.556585415134149,2.549145602917575,0.002918551301290384
Gaussian-Hutch++,1.5,160,1,2.551273706878629,2.549145602917575,0.00083483028926171
Hutchinson,1.5,160,2,2.743435274075042,2.549145602917575,0.07621756518540816
Hutch++,1.5,160,2,2.5481847013394443,2.549145602917575,0.0003769504484291165
NA-Hutch++,1.5,160,2,2.5582941252360483,2.549145602917575,0.003588858285694748
Gaussian-Hutch++,1.5,160,2,2.544290186895581,2.549145602917575,0.0019047229065444786
Hutchinson,1.5,160,3,2.577010556167063,2.549145602917575,0.010931095194246891
Hutch++,1.5,160,3,2.544211353551712,2.549145602917575,0.0019356483051480716
NA-Hutch++,1.5,160,3,2.55133570033451,2.549145602917575,0.0008591495968013839
Gaussian-Hutch++,1.5,160,3,2.5559076226341633,2.549145602917575,0.00265266123239439
Hutchinson,1.5,160,4,2.352640407863202,2.549145602917575,0.0770866892928623
Hutch++,1.5,160,4,2.5444280499656453,2.549145602917575,0.0018506408368868762
NA-Hutch++,1.5,160,4,2.5630504959547955,2.549145602917575,0.00545472687841202
Gaussian-Hutch++,1.5,160,4,2.5476166784243905,2.549145602917575,0.0005997791932460609
Hutchinson,1.5,160,5,2.565947106911485,2.549145602917575,0.006591033472030765
Hutch++,1.5,160,5,2.542690796932968,2.549145602917575,0.0025321448791389214
NA-Hutch++,1.5,160,5,2.5554450678550804,2.549145602917575,0.002471206403547638
Gaussian-Hutch++,1.5,160,5,2.551219929484828,2.549145602917575,0.0008137340467639723
Hutchinson,1.5,160,6,2.8192166729264985,2.549145602917575,0.10594572146048412
Hutch++,1.5,160,6,2.5479115474827285,2.549145602917575,0.00048410551105211727
NA-Hutch++,1.5,160,6,2.5576004797273098,2.549145602917575,0.0033167492669142523
Gaussian-Hutch++,1.5,160,6,2.5499471421790694,2.549145602917575,0.00031443447584037225
Hutchinson,1.5,160,7,2.5329919995804913,2.549145602917575,0.0063368696235301895
Hutch++,1.5,160,7,2.544584094343888,2.549145602917575,0.001789426452716625
NA-Hutch++,1.5,160,7,2.55102872426958,2.549145602917575,0.0007387264775497548
Gaussian-Hutch++,1.5,160,7,2.54764390192964,2.549145602917575,0.0005890997305984655
Hutchinson,1.5,160,8,2.8152586394368364,2.549145602917575,0.1043930312237507
Hutch++,1.5,160,8,2.5450437794959546,2.549145602917575,0.0016090973449793978
NA-Hutch++,1.5,160,8,2.5454588202146904,2.549145602917575,0.0014462817261851068
Gaussian-Hutch++,1.5,160,8,2.557217893055329,2.549145602917575,0.003166664991012948
Hutchinson,1.5,160,9,2.5558548541420016,2.549145602917575,0.002631960770207675
Hutch++,1.5,160,9,2.547375706042582,2.549145602917575,0.0006943098397233928
NA-Hutch++,1.5,160,9,2.5413284218044243,2.549145602917575,0.0030665887049385805
Gaussian-Hutch++,1.5,160,9,2.544527875055728,2.549145602917575,0.0018114806218060674
Hutchinson,1.5,160,10,2.6227194224182666,2.549145602917575,0.028862148720137416
Hutch++,1.5,160,10,2.548719498087666,2.549145602917575,0.00016715594017915067
NA-Hutch++,1.5,160,10,2.552626723705349,2.549145602917575,0.0013656029627297872
Gaussian-Hutch++,1.5,160,10,2.542588282462989,2.549145602917575,0.0025723601064926585
Hutchinson,1.5,160,11,2.768741740602914,2.549145602917575,0.08614499596806252
Hutch++,1.5,160,11,2.5538825780232153,2.549145602917575,0.0018582599205861255
NA-Hutch++,1.5,160,11,2.543850692298755,2.549145602917575,0.002077131495650876
Gaussian-Hutch++,1.5,160,11,2.54826440554293,2.549145602917575,0.00034568342178518426
Hutchinson,1.5,160,12,2.7744365774643454,2.549145602917575,0.0883790138503339
Hutch++,1.5,160,12,2.552788110886217,2.549145602917575,0.0014289132658695523
NA-Hutch++,1.5,160,12,2.543605682252064,2.549145602917575,0.0021732460708287957
Gaussian-Hutch++,1.5,160,12,2.551112393728181,2.549145602917575,0.0007715490273897059
Hutchinson,1.5,160,13,2.5225154228902036,2.549145602917575,0.01044670810364561
Hutch++,1.5,160,13,2.5484618823295504,2.549145602917575,0.0002682155884866895
NA-Hutch++,1.5,160,13,2.5524229262069764,2.549145602917575,0.0012856555881508797
Gaussian-Hutch++,1.5,160,13,2.549838288564568,2.549145602917575,0.0002717324762461879
Hutchinson,1.5,160,14,2.529859694301635,2.549145602917575,0.007565636342571781
Hutch++,1.5,160,14,2.551893394816108,2.549145602917575,0.001077926617996191
NA-Hutch++,1.5,160,14,2.554556706411123,2.549145602917575,0.002122712601176973
Gaussian-Hutch++,1.5,160,14,2.545939999526919,2.549145602917575,0.0012575207108558638
Hutchinson,1.5,160,15,2.517478464101104,2.549145602917575,0.012422648114029778
Hutch++,1.5,160,15,2.54355868277396,2.549145602917575,0.0021916834162869197
NA-Hutch++,1.5,160,15,2.526817993544549,2.549145602917575,0.008758859967618717
Gaussian-Hutch++,1.5,160,15,2.5480921638486858,2.549145602917575,0.00041325182354579737
Hutchinson,1.5,160,16,2.3408181246244784,2.549145602917575,0.08172443270979095
Hutch++,1.5,160,16,2.542226801447414,2.549145602917575,0.0027141648802807995
NA-Hutch++,1.5,160,16,2.5449399928657854,2.549145602917575,0.0016498116258939137
Gaussian-Hutch++,1.5,160,16,2.5438267263764383,2.549145602917575,0.0020865330466213164
Hutchinson,1.5,160,17,2.612427519121856,2.549145602917575,0.024824755452121965
Hutch++,1.5,160,17,2.553330319229005,2.549145602917575,0.0016416152559666096
NA-Hutch++,1.5,160,17,2.5467211352990424,2.549145602917575,0.0009510902852147358
Gaussian-Hutch++,1.5,160,17,2.5503008260041358,2.549145602917575,0.00045318050300398175
Hutchinson,1.5,160,18,2.516465252017216,2.549145602917575,0.012820119361936553
Hutch++,1.5,160,18,2.5432054659572527,2.549145602917575,0.002330246241534342
NA-Hutch++,1.5,160,18,2.5518899613853017,2.549145602917575,0.0010765797232553012
Gaussian-Hutch++,1.5,160,18,2.54879361268019,2.549145602917575,0.00013808165252794023
Hutchinson,1.5,160,19,2.6347397265210373,2.549145602917575,0.03357757340557439
Hutch++,1.5,160,19,2.542997889057871,2.549145602917575,0.0024116762309174863
NA-Hutch++,1.5,160,19,2.555260604142242,2.549145602917575,0.0023988434468663142
Gaussian-Hutch++,1.5,160,19,2.5502349311708685,2.549145602917575,0.0004273307307540855
Hutchinson,1.5,160,20,2.4295008490611747,2.549145602917575,0.04693523732793584
Hutch++,1.5,160,20,2.54810748400695,2.549145602917575,0.00040724190467467206
NA-Hutch++,1.5,160,20,2.5520070493273725,2.549145602917575,0.0011225119532294818
Gaussian-Hutch++,1.5,160,20,2.5509601086777876,2.549145602917575,0.0007118093835580054
Hutchinson,1.5,160,21,2.585533323844401,2.549145602917575,0.014274477254331364
Hutch++,1.5,160,21,2.543760820209968,2.549145602917575,0.002112387264754103
NA-Hutch++,1.5,160,21,2.5544896259118692,2.549145602917575,0.0020963977060304605
Gaussian-Hutch++,1.5,160,21,2.548312585128765,2.549145602917575,0.0003267831338691089
Hutchinson,1.5,160,22,2.415462224071931,2.549145602917575,0.052442425686724
Hutch++,1.5,160,22,2.5464109824317727,2.549145602917575,0.0010727596268619076
NA-Hutch++,1.5,160,22,2.555085674888137,2.549145602917575,0.0023302207468114786
Gaussian-Hutch++,1.5,160,22,2.551063491121469,2.549145602917575,0.0007523651068415363
Hutchinson,1.5,160,23,2.516033918301711,2.549145602917575,0.012989326532767291
Hutch++,1.5,160,23,2.5541707436171612,2.549145602917575,0.0019713039121165192
NA-Hutch++,1.5,160,23,2.5455391580058344,2.549145602917575,0.0014147661505145464
Gaussian-Hutch++,1.5,160,23,2.549044041124475,2.549145602917575,3.984150335867451e-05
Hutchinson,1.5,160,24,2.5160857147900644,2.549145602917575,0.012969007376303951
Hutch++,1.5,160,24,2.5457195304136175,2.549145602917575,0.0013440081649460944
NA-Hutch++,1.5,160,24,2.565301365447434,2.549145602917575,0.006337716649597405
Gaussian-Hutch++,1.5,160,24,2.5456953808226968,2.549145602917575,0.0013534817669612737
Hutchinson,1.5,160,25,2.582233742791447,2.549145602917575,0.012980090205911125
Hutch++,1.5,160,25,2.541653581364162,2.549145602917575,0.002939032413385286
NA-Hutch++,1.5,160,25,2.5502415848676625,2.549145602917575,0.00042994089817110695
Gaussian-Hutch++,1.5,160,25,2.547303514704177,2.549145602917575,0.0007226296572820072
Hutchinson,1.5,160,26,2.55356301578445,2.549145602917575,0.0017328993925726178
Hutch++,1.5,160,26,2.553463870940198,2.549145602917575,0.0016940060299735003
NA-Hutch++,1.5,160,26,2.5587737932943817,2.549145602917575,0.0037770264537995606
Gaussian-Hutch++,1.5,160,26,2.5494152900597253,2.549145602917575,0.00010579511105269085
Hutchinson,1.5,160,27,2.3855299358865967,2.549145602917575,0.06418451219252262
Hutch++,1.5,160,27,2.5462677838975245,2.549145602917575,0.001128934736704304
NA-Hutch++,1.5,160,27,2.5489665979772065,2.549145602917575,7.022154409847492e-05
Gaussian-Hutch++,1.5,160,27,2.5548478389387217,2.549145602917575,0.0022369204860719282
Hutchinson,1.5,160,28,2.3946388145942015,2.549145602917575,0.060611205631618675
Hutch++,1.5,160,28,2.5438249560801762,2.549145602917575,0.002087227513135901
NA-Hutch++,1.5,160,28,2.540512739995796,2.549145602917575,0.0033865711365795516
Gaussian-Hutch++,1.5,160,28,2.5525521767486183,2.549145602917575,0.001336359063658121
Hutchinson,1.5,160,29,2.511630158291451,2.549145602917575,0.014716870069401589
Hutch++,1.5,160,29,2.5547205452464716,2.549145602917575,0.0021869846596897975
NA-Hutch++,1.5,160,29,2.5428657356037774,2.549145602917575,0.002463518485021144
Gaussian-Hutch++,1.5,160,29,2.5548831787733,2.549145602917575,0.002250783889769942
Hutchinson,1.5,160,30,2.4220488793117876,2.549145602917575,0.04985855788712952
Hutch++,1.5,160,30,2.5515513062903903,2.549145602917575,0.0009437292911247174
NA-Hutch++,1.5,160,30,2.546440951746092,2.549145602917575,0.001061003015436796
Gaussian-Hutch++,1.5,160,30,2.5461685290306124,2.549145602917575,0.0011678712599058388
Hutchinson,1.5,160,31,2.6427249380304065,2.549145602917575,0.036710078469322005
Hutch++,1.5,160,31,2.54537304285569,2.549145602917575,0.0014799311806933143
NA-Hutch++,1.5,160,31,2.548446979498447,2.549145602917575,0.0002740617947945343
Gaussian-Hutch++,1.5,160,31,2.5472554188866408,2.549145602917575,0.0007414970838743245
Hutchinson,1.5,160,32,2.5542556519216366,2.549145602917575,0.002004612446700893
Hutch++,1.5,160,32,2.548161403075184,2.549145602917575,0.0003860900849543278
NA-Hutch++,1.5,160,32,2.544729340912351,2.549145602917575,0.0017324479230098162
Gaussian-Hutch++,1.5,160,32,2.5482782029562934,2.549145602917575,0.0003402708579255171
Hutchinson,1.5,160,33,2.2983468703826704,2.549145602917575,0.09838540891813241
Hutch++,1.5,160,33,2.544193881401356,2.549145602917575,0.0019425024253428161
NA-Hutch++,1.5,160,33,2.548398028725263,2.549145602917575,0.00029326461048609825
Gaussian-Hutch++,1.5,160,33,2.5442214160092753,2.549145602917575,0.001931700920757133
Hutchinson,1.5,160,34,2.3875325883571663,2.549145602917575,0.06339889505544047
Hutch++,1.5,160,34,2.5483691314161248,2.549145602917575,0.00030460068681904324
NA-Hutch++,1.5,160,34,2.53652918105894,2.549145602917575,0.004949274707649188
Gaussian-Hutch++,1.5,160,34,2.5444178779738897,2.549145602917575,0.0018546311902601505
Hutchinson,1.5,160,35,2.556906362207755,2.549145602917575,0.003044455083812162
Hutch++,1.5,160,35,2.5441919302976377,2.549145602917575,0.0019432678205073418
NA-Hutch++,1.5,160,35,2.5692251174053427,2.549145602917575,0.00787695864245096
Gaussian-Hutch++,1.5,160,35,2.5495314099145348,2.549145602917575,0.00015134757171892852
Hutchinson,1.5,160,36,2.497630073180711,2.549145602917575,0.02020893968469406
Hutch++,1.5,160,36,2.5539288376985154,2.549145602917575,0.0018764070500585247
NA-Hutch++,1.5,160,36,2.5542499320295136,2.549145602917575,0.0020023685999325832
Gaussian-Hutch++,1.5,160,36,2.549934306799183,2.549145602917575,0.00030939930645977295
Hutchinson,1.5,160,37,2.348051899186719,2.549145602917575,0.07888670757005724
Hutch++,1.5,160,37,2.549612944866863,2.549145602917575,0.00018333277971768438
NA-Hutch++,1.5,160,37,2.550125038966132,2.549145602917575,0.00038422130436013006
Gaussian-Hutch++,1.5,160,37,2.547080195508362,2.549145602917575,0.0008102351654017307
Hutchinson,1.5,160,38,2.4908078539077634,2.549145602917575,0.022885216498831008
Hutch++,1.5,160,38,2.5493469863149616,2.549145602917575,7.90003510022776e-05
NA-Hutch++,1.5,160,38,2.5456494980194355,2.549145602917575,0.0013714810539414753
Gaussian-Hutch++,1.5,160,38,2.5565172925711614,2.549145602917575,0.00289182761673132
Hutchinson,1.5,160,39,2.542983677053703,2.549145602917575,0.002417251433899973
Hutch++,1.5,160,39,2.5434920271685177,2.549145602917575,0.0022178316305615335
NA-Hutch++,1.5,160,39,2.555168785724689,2.549145602917575,0.002362824155756369
Gaussian-Hutch++,1.5,160,39,2.5487022106471526,2.549145602917575,0.00017393760086323987
Hutchinson,1.5,160,40,2.601061123641177,2.549145602917575,0.02036585146967785
Hutch++,1.5,160,40,2.547164645168726,2.549145602917575,0.000777106551537089
NA-Hutch++,1.5,160,40,2.5490493989549616,2.549145602917575,3.773968913484305e-05
Gaussian-Hutch++,1.5,160,40,2.5446006254104168,2.549145602917575,0.001782941508698666
Hutchinson,1.5,160,41,2.6144361687353035,2.549145602917575,0.02561272519820023
Hutch++,1.5,160,41,2.5465288142725253,2.549145602917575,0.0010265355741370318
NA-Hutch++,1.5,160,41,2.553982575073661,2.549145602917575,0.0018974875937058497
Gaussian-Hutch++,1.5,160,41,2.5453144438244313,2.549145602917575,0.0015029188951619834
Hutchinson,1.5,160,42,2.286554216038516,2.549145602917575,0.10301152926632168
Hutch++,1.5,160,42,2.548721145586175,2.549145602917575,0.00016650964578651719
NA-Hutch++,1.5,160,42,2.5528876411425934,2.549145602917575,0.0014679578211363434
Gaussian-Hutch++,1.5,160,42,2.551516776413094,2.549145602917575,0.0009301836241935662
Hutchinson,1.5,160,43,2.6488689804733547,2.549145602917575,0.03912031444639454
Hutch++,1.5,160,43,2.5445021882877903,2.549145602917575,0.0018215572403829632
NA-Hutch++,1.5,160,43,2.5388939559376724,2.549145602917575,0.004021601185969703
Gaussian-Hutch++,1.5,160,43,2.5472067631278867,2.549145602917575,0.0007605841688561806
Hutchinson,1.5,160,44,2.723878485818074,2.549145602917575,0.0685456659284238
Hutch++,1.5,160,44,2.5438347336601996,2.549145602917575,0.0020833918828713073
NA-Hutch++,1.5,160,44,2.556989760134461,2.549145602917575,0.0030771711148660226
Gaussian-Hutch++,1.5,160,44,2.554156856990413,2.549145602917575,0.0019658563508896647
Hutchinson,1.5,160,45,2.5712602489727177,2.549145602917575,0.008675316949267854
Hutch++,1.5,160,45,2.5476581318780935,2.549145602917575,0.00058351748828282
NA-Hutch++,1.5,160,45,2.531214855833541,2.549145602917575,0.007034022326347966
Gaussian-Hutch++,1.5,160,45,2.5400140267826594,2.549145602917575,0.0035822104961224684
Hutchinson,1.5,160,46,2.431609536173262,2.549145602917575,0.04610802404138446
Hutch++,1.5,160,46,2.5500287601677565,2.549145602917575,0.0003464522580312742
NA-Hutch++,1.5,160,46,2.5374004803962897,2.549145602917575,0.00460747417010735
Gaussian-Hutch++,1.5,160,46,2.5477616785927912,2.549145602917575,0.0005428973234012269
Hutchinson,1.5,160,47,2.4500673027588697,2.549145602917575,0.03886725812966796
Hutch++,1.5,160,47,2.550032237983559,2.549145602917575,0.00034781656448692533
NA-Hutch++,1.5,160,47,2.557996964166806,2.549145602917575,0.0034722854744351447
Gaussian-Hutch++,1.5,160,47,2.5475937965014137,2.549145602917575,0.000608755503956068
Hutchinson,1.5,160,48,2.4858694149282408,2.549145602917575,0.024822508340407428
Hutch++,1.5,160,48,2.543960051611904,2.549145602917575,0.0020342311163930025
NA-Hutch++,1.5,160,48,2.5409839776884575,2.549145602917575,0.003201710102308964
Gaussian-Hutch++,1.5,160,48,2.5445400508773566,2.549145602917575,0.0018067041894144547
Hutchinson,1.5,160,49,2.578129004103995,2.549145602917575,0.011369849236248982
Hutch++,1.5,160,49,2.5473502859245327,2.549145602917575,0.0007042818546683554
NA-Hutch++,1.5,160,49,2.545391686303646,2.549145602917575,0.0014726175741522367
Gaussian-Hutch++,1.5,160,49,2.5434194375064827,2.549145602917575,0.0022463077058206197
Hutchinson,1.5,320,0,2.4925969480541608,2.549145602917575,0.02218337579410637
Hutch++,1.5,320,0,2.5491385696775457,2.549145602917575,2.759057788396297e-06
NA-Hutch++,1.5,320,0,2.5487630148461697,2.549145602917575,0.00015008482487919496
Gaussian-Hutch++,1.5,320,0,2.5480477399146166,2.549145602917575,0.0004306788132078516
Hutchinson,1.5,320,1,2.53125478920956,2.549145602917575,0.007018356930078285
Hutch++,1.5,320,1,2.5511558339504794,2.549145602917575,0.0007885901184316177
NA-Hutch++,1.5,320,1,2.5548555750360897,2.549145602917575,0.0022399552665721806
Gaussian-Hutch++,1.5,320,1,2.548267166685018,2.549145602917575,0.00034460025804408645
Hutchinson,1.5,320,2,2.578143349154419,2.549145602917575,0.011375476631721235
Hutch++,1.5,320,2,2.5480940692940686,2.549145602917575,0.0004125043396121101
NA-Hutch++,1.5,320,2,2.5431940108393705,2.549145602917575,0.0023347399502770443
Gaussian-Hutch++,1.5,320,2,2.54791089224649,2.549145602917575,0.000484362552563536
Hutchinson,1.5,320,3,2.688150050808338,2.549145602917575,0.05452981882700924
Hutch++,1.5,320,3,2.548383401950563,2.549145602917575,0.0002990025230963394
NA-Hutch++,1.5,320,3,2.5469331088792937,2.549145602917575,0.0008679355293590257
Gaussian-Hutch++,1.5,320,3,2.550441260529858,2.549145602917575,0.0005082713246351071
Hutchinson,1.5,320,4,2.5612296931327228,2.549145602917575,0.004740447231149507
Hutch++,1.5,320,4,2.5459331868519,2.549145602917575,0.0012601932435709166
NA-Hutch++,1.5,320,4,2.5492861591406104,2.549145602917575,5.513856206343977e-05
Gaussian-Hutch++,1.5,320,4,2.551337535902529,2.549145602917575,0.000859869668662818
Hutchinson,1.5,320,5,2.556571973085924,2.549145602917575,0.0029132781430175306
Hutch++,1.5,320,5,2.5459353098807993,2.549145602917575,0.0012593604041689938
NA-Hutch++,1.5,320,5,2.5410196481615,2.549145602917575,0.003187716993009283
Gaussian-Hutch++,1.5,320,5,2.5509045983012735,2.549145602917575,0.0006900333122145148
Hutchinson,1.5,320,6,2.491231163173272,2.549145602917575,0.0227191572258635
Hutch++,1.5,320,6,2.547552961525297,2.549145602917575,0.0006247745873971133
NA-Hutch++,1.5,320,6,2.5462499596561465,2.549145602917575,0.001135926978088073
Gaussian-Hutch++,1.5,320,6,2.5485704295575933,2.549145602917575,0.00022563378071602266
Hutchinson,1.5,320,7,2.5375469847463963,2.549145602917575,0.004550002227375297
Hutch++,1.5,320,7,2.5484892326277424,2.549145602917575,0.0002574863864510329
NA-Hutch++,1.5,320,7,2.5517076887037895,2.549145602917575,0.0010050762825324383
Gaussian-Hutch++,1.5,320,7,2.552786063306267,2.549145602917575,0.0014281100242078387
Hutchinson,1.5,320,8,2.466945623583686,2.549145602917575,0.03224609031347948
Hutch++,1.5,320,8,2.5481437904366713,2.549145602917575,0.0003929993170093201
NA-Hutch++,1.5,320,8,2.5474436823759565,2.549145602917575,0.0006676435193308542
Gaussian-Hutch++,1.5,320,8,2.5495440243110807,2.549145602917575,0.00015629605192011713
Hutchinson,1.5,320,9,2.730043510571074,2.549145602917575,0.07096413302027774
Hutch++,1.5,320,9,2.5482665119939045,2.549145602917575,0.0003448570857092354
NA-Hutch++,1.5,320,9,2.547726173939299,2.549145602917575,0.0005568253836311718
Gaussian-Hutch++,1.5,320,9,2.5479425260205533,2.549145602917575,0.00047195299305185547
Hutchinson,1.5,320,10,2.662198505198661,2.549145602917575,0.0443493310667282
Hutch++,1.5,320,10,2.5486216529303403,2.549145602917575,0.00020553945080079055
NA-Hutch++,1.5,320,10,2.549429815134474,2.549145602917575,0.00011149312796162136
Gaussian-Hutch++,1.5,320,10,2.549645676706789,2.549145602917575,0.00019617309762206894
Hutchinson,1.5,320,11,2.674215753076655,2.549145602917575,0.04906355683093709
Hutch++,1.5,320,11,2.5490010525956204,2.549145602917575,5.67054003464435e-05
NA-Hutch++,1.5,320,11,2.547730787128905,2.549145602917575,0.0005550156833139215
Gaussian-Hutch++,1.5,320,11,2.5485305703833134,2.549145602917575,0.0002412700685115192
Hutchinson,1.5,320,12,2.5497354069628484,2.549145602917575,0.00023137322740535198
Hutch++,1.5,320,12,2.54758588415902,2.549145602917575,0.0006118594233181739
NA-Hutch++,1.5,320,12,2.5454256666557242,2.549145602917575,0.0014592874795356467
Gaussian-Hutch++,1.5,320,12,2.5499271309395914,2.549145602917575,0.00030658430068559864
Hutchinson,1.5,320,13,2.375722079259754,2.549145602917575,0.06803201961446717
Hutch++,1.5,320,13,2.5471117254890445,2.549145602917575,0.000797866322819237
NA-Hutch++,1.5,320,13,2.547973512674473,2.549145602917575,0.000459797291202504
Gaussian-Hutch++,1.5,320,13,2.547546583785698,2.549145602917575,0.0006272765000347463
Hutchinson,1.5,320,14,2.5307582412201777,2.549145602917575,0.007213146897671369
Hutch++,1.5,320,14,2.5498126869699114,2.549145602917575,0.0002616892701510174
NA-Hutch++,1.5,320,14,2.5517537839936697,2.549145602917575,0.0010231589255275822
Gaussian-Hutch++,1.5,320,14,2.550270493468056,2.549145602917575,0.00044128140393131935
Hutchinson,1.5,320,15,2.4619866986245476,2.549145602917575,0.034191418565213225
Hutch++,1.5,320,15,2.548591113521334,2.549145602917575,0.00021751970370244885
NA-Hutch++,1.5,320,15,2.547159818203881,2.549145602917575,0.0007790001133797851
Gaussian-Hutch++,1.5,320,15,2.5475481884816213,2.549145602917575,0.0006266469965958626
Hutchinson,1.5,320,16,2.677381348337265,2.549145602917575,0.0503053828203928
Hutch++,1.5,320,16,2.5483335016383912,2.549145602917575,0.00031857783182509796
NA-Hutch++,1.5,320,16,2.547685745298409,2.549145602917575,0.0005726850665160725
Gaussian-Hutch++,1.5,320,16,2.550093212115075,2.549145602917575,0.0003717360030023473
Hutchinson,1.5,320,17,2.3947765419615257,2.549145602917575,0.06055717679655858
Hutch++,1.5,320,17,2.5481991892337703,2.549145602917575,0.0003712670169650888
NA-Hutch++,1.5,320,17,2.5525982533182616,2.549145602917575,0.0013544343629233128
Gaussian-Hutch++,1.5,320,17,2.5508252050459985,2.549145602917575,0.0006588882669161674
Hutchinson,1.5,320,18,2.5728390831826253,2.549145602917575,0.009294675140538156
Hutch++,1.5,320,18,2.54774278604405,2.549145602917575,0.000550308649266572
NA-Hutch++,1.5,320,18,2.549477495062355,2.549145602917575,0.0001301974059073165
Gaussian-Hutch++,1.5,320,18,2.5507754036979566,2.549145602917575,0.0006393517806578344
Hutchinson,1.5,320,19,2.6983861148789146,2.549145602917575,0.05854530701993994
Hutch++,1.5,320,19,2.548197643009299,2.549145602917575,0.0003718735827373058
NA-Hutch++,1.5,320,19,2.553442882087642,2.549145602917575,0.0016857723486443728
Gaussian-Hutch++,1.5,320,19,2.549918386805586,2.549145602917575,0.00030315407920460363
Hutchinson,1.5,320,20,2.3960956751672575,2.549145602917575,0.06003969627123196
Hutch++,1.5,320,20,2.5486756216767232,2.549145602917575,0.00018436814292367205
NA-Hutch++,1.5,320,20,2.5515031679331828,2.549145602917575,0.0009248451767169641
Gaussian-Hutch++,1.5,320,20,2.549197222374426,2.549145602917575,2.0249709075718005e-05
Hutchinson,1.5,320,21,2.568616162852705,2.549145602917575,0.007638072895030109
Hutch++,1.5,320,21,2.547084977189474,2.549145602917575,0.0008083593678378406
NA-Hutch++,1.5,320,21,2.549406252945294,2.549145602917575,0.00010224995677781907
Gaussian-Hutch++,1.5,320,21,2.5485502833982427,2.549145602917575,0.0002335368833585212
Hutchinson,1.5,320,22,2.641909125421173,2.549145602917575,0.0363900447261338
Hutch++,1.5,320,22,2.5493135902677015,2.549145602917575,6.589947233068455e-05
NA-Hutch++,1.5,320,22,2.548142222828853,2.549145602917575,0.0003936142712184583
Gaussian-Hutch++,1.5,320,22,2.5484585952576135,2.549145602917575,0.0002695050683551998
Hutchinson,1.5,320,23,2.4492332967789605,2.549145602917575,0.03919442891934536
Hutch++,1.5,320,23,2.5490061686962164,2.549145602917575,5.469841393099388e-05
NA-Hutch++,1.5,320,23,2.5483079623842655,2.549145602917575,0.0003285965824592355
Gaussian-Hutch++,1.5,320,23,2.5479678058074375,2.549145602917575,0.0004620360283812868
Hutchinson,1.5,320,24,2.510214643644791,2.549145602917575,0.015272159906529595
Hutch++,1.5,320,24,2.5472159123554543,2.549145602917575,0.0007569950339095183
NA-Hutch++,1.5,320,24,2.549755634682761,2.549145602917575,0.00023930832530216886
Gaussian-Hutch++,1.5,320,24,2.5489947894275478,2.549145602917575,5.9162367914498204e-05
Hutchinson,1.5,320,25,2.5506937758947927,2.549145602917575,0.0006073301483624992
Hutch++,1.5,320,25,2.5489564869240056,2.549145602917575,7.418799198962346e-05
NA-Hutch++,1.5,320,25,2.5469721707123463,2.549145602917575,0.0008526120291996504
Gaussian-Hutch++,1.5,320,25,2.5471923977501927,2.549145602917575,0.0007662195384786993
Hutchinson,1.5,320,26,2.5350249507790705,2.549145602917575,0.005539366649885807
Hutch++,1.5,320,26,2.547258847446116,2.549145602917575,0.0007401521000995594
NA-Hutch++,1.5,320,26,2.548465791851845,2.549145602917575,0.00026668192862421925
Gaussian-Hutch++,1.5,320,26,2.55144219130226,2.549145602917575,0.000900924757713452
Hutchinson,1.5,320,27,2.5024162492006248,2.549145602917575,0.0183313788209929
Hutch++,1.5,320,27,2.546813201628442,2.549145602917575,0.0009149737411874513
NA-Hutch++,1.5,320,27,2.552503265235547,2.549145602917575,0.001317171649249422
Gaussian-Hutch++,1.5,320,27,2.5516233559416923,2.549145602917575,0.0009719935264903111
Hutchinson,1.5,320,28,2.4887193481174394,2.549145602917575,0.02370451288893661
Hutch++,1.5,320,28,2.548023430963872,2.549145602917575,0.00044021493021778883
NA-Hutch++,1.5,320,28,2.547455222998518,2.549145602917575,0.0006631162681026854
Gaussian-Hutch++,1.5,320,28,2.5487705733296617,2.549145602917575,0.000147119720224782
Hutchinson,1.5,320,29,2.6321095942041914,2.549145602917575,0.03254580326508671
Hutch++,1.5,320,29,2.5481145369630904,2.549145602917575,0.0004044751124865838
NA-Hutch++,1.5,320,29,2.5468052923034126,2.549145602917575,0.0009180764768729039
Gaussian-Hutch++,1.5,320,29,2.5494891241013167,2.549145602917575,0.00013475934185489807
Hutchinson,1.5,320,30,2.5966741335527184,2.549145602917575,0.01864488657719093
Hutch++,1.5,320,30,2.5461621714360416,2.549145602917575,0.0011703652698845225
NA-Hutch++,1.5,320,30,2.5501790923367587,2.549145602917575,0.0004054258093380794
Gaussian-Hutch++,1.5,320,30,2.551361910903115,2.549145602917575,0.0008694316962527851
Hutchinson,1.5,320,31,2.593128784745251,2.549145602917575,0.017254087713677795
Hutch++,1.5,320,31,2.5488616163760676,2.549145602917575,0.00011140459814559006
NA-Hutch++,1.5,320,31,2.5533367237323454,2.549145602917575,0.0016441276677069282
Gaussian-Hutch++,1.5,320,31,2.5510017844839155,2.549145602917575,0.0007281583147764522
Hutchinson,1.5,320,32,2.588157225229486,2.549145602917575,0.01530380307317903
Hutch++,1.5,320,32,2.5487370556738296,2.549145602917575,0.00016026830451662758
NA-Hutch++,1.5,320,32,2.5490369410083766,2.549145602917575,4.26267958464957e-05
Gaussian-Hutch++,1.5,320,32,2.5475903779093922,2.549145602917575,0.000610096577615239
Hutchinson,1.5,320,33,2.696800371379,2.549145602917575,0.057923238395025174
Hutch++,1.5,320,33,2.545378140691231,2.549145602917575,0.0014779313594453722
NA-Hutch++,1.5,320,33,2.5509417967296177,2.549145602917575,0.0007046258205050143
Gaussian-Hutch++,1.5,320,33,2.5515187755976676,2.549145602917575,0.0009309678809151729
Hutchinson,1.5,320,34,2.498144030740195,2.549145602917575,0.02000732014640793
Hutch++,1.5,320,34,2.5465118208250734,2.549145602917575,0.0010332019047822585
NA-Hutch++,1.5,320,34,2.5490389665683395,2.549145602917575,4.183219236815686e-05
Gaussian-Hutch++,1.5,320,34,2.5459656803609856,2.549145602917575,0.0012474464200672142
Hutchinson,1.5,320,35,2.6570288383640293,2.549145602917575,0.042321331242506664
Hutch++,1.5,320,35,2.5479611425046316,2.549145602917575,0.00046464996412443873
NA-Hutch++,1.5,320,35,2.547255624559556,2.549145602917575,0.0007414164007956851
Gaussian-Hutch++,1.5,320,35,2.550409085931669,2.549145602917575,0.0004956496061455854
Hutchinson,1.5,320,36,2.478289145799585,2.549145602917575,0.02779615924523604
Hutch++,1.5,320,36,2.546813852436586,2.549145602917575,0.0009147184367658145
NA-Hutch++,1.5,320,36,2.547294721267173,2.549145602917575,0.0007260792197525934
Gaussian-Hutch++,1.5,320,36,2.547957696091564,2.549145602917575,0.000466001951654469
Hutchinson,1.5,320,37,2.6414694292557046,2.549145602917575,0.036217557064006846
Hutch++,1.5,320,37,2.5468281669924977,2.549145602917575,0.0009091030039339915
NA-Hutch++,1.5,320,37,2.555096237082459,2.549145602917575,0.0023343641720868884
Gaussian-Hutch++,1.5,320,37,2.5494000659742997,2.549145602917575,9.982288043227337e-05
Hutchinson,1.5,320,38,2.4828623231539595,2.549145602917575,0.02600215526635766
Hutch++,1.5,320,38,2.546337700453644,2.549145602917575,0.0011015072896258403
NA-Hutch++,1.5,320,38,2.549687543406818,2.549145602917575,0.0002125969142846693
Gaussian-Hutch++,1.5,320,38,2.5493922607885975,2.549145602917575,9.676099738672668e-05
Hutchinson,1.5,320,39,2.4111046369034783,2.549145602917575,0.05415185615764936
Hutch++,1.5,320,39,2.5468728104440386,2.549145602917575,0.0008915899001356932
NA-Hutch++,1.5,320,39,2.553313820809946,2.549145602917575,0.0016351431191690695
Gaussian-Hutch++,1.5,320,39,2.5497725110742167,2.549145602917575,0.0002459287362494883
Hutchinson,1.5,320,40,2.487152109505401,2.549145602917575,0.024319322262808574
Hutch++,1.5,320,40,2.548921769885601,2.549145602917575,8.780708003417632e-05
NA-Hutch++,1.5,320,40,2.551485305654897,2.549145602917575,0.0009178380138992048
Gaussian-Hutch++,1.5,320,40,2.551136133677166,2.549145602917575,0.0007808619316654314
Hutchinson,1.5,320,41,2.4905777836884835,2.549145602917575,0.02297547035448232
Hutch++,1.5,320,41,2.5467435650285117,2.549145602917575,0.000942291364727951
NA-Hutch++,1.5,320,41,2.5517848833236876,2.549145602917575,0.0010353588288921787
Gaussian-Hutch++,1.5,320,41,2.5491875816991234,2.549145602917575,1.6467784931612814e-05
Hutchinson,1.5,320,42,2.44590865826105,2.549145602917575,0.04049864571814473
Hutch++,1.5,320,42,2.5489889175381255,2.549145602917575,6.14658414452091e-05
NA-Hutch++,1.5,320,42,2.549562731426783,2.549145602917575,0.00016363463457340965
Gaussian-Hutch++,1.5,320,42,2.5503927772814667,2.549145602917575,0.0004892519134505759
Hutchinson,1.5,320,43,2.530911571866638,2.549145602917575,0.007152997078733992
Hutch++,1.5,320,43,2.54720557234617,2.549145602917575,0.0007610512985938557
NA-Hutch++,1.5,320,43,2.55030105212339,2.549145602917575,0.0004532692069423417
Gaussian-Hutch++,1.5,320,43,2.5509335363226397,2.549145602917575,0.0007013853594781766
Hutchinson,1.5,320,44,2.4118428612727207,2.549145602917575,0.053862259373378775
Hutch++,1.5,320,44,2.5475646644565266,2.549145602917575,0.0006201836643772454
NA-Hutch++,1.5,320,44,2.55362019399772,2.549145602917575,0.001755329736764982
Gaussian-Hutch++,1.5,320,44,2.546794831385477,2.549145602917575,0.0009221801726066693
Hutchinson,1.5,320,45,2.6560618152310793,2.549145602917575,0.04194197937973227
Hutch++,1.5,320,45,2.5491579405323295,2.549145602917575,4.839901942107834e-06
NA-Hutch++,1.5,320,45,2.5499575193385398,2.549145602917575,0.000318505314108108
Gaussian-Hutch++,1.5,320,45,2.5486369384954357,2.549145602917575,0.00019954310242510277
Hutchinson,1.5,320,46,2.635466995910715,2.549145602917575,0.03386287267951356
Hutch++,1.5,320,46,2.5445293372351716,2.549145602917575,0.0018109070259149298
NA-Hutch++,1.5,320,46,2.547256863411087,2.549145602917575,0.0007409304138321629
Gaussian-Hutch++,1.5,320,46,2.5485654049459203,2.549145602917575,0.00022760487709718027
Hutchinson,1.5,320,47,2.5415822815525075,2.549145602917575,0.0029670024954287434
Hutch++,1.5,320,47,2.549257233449252,2.549145602917575,4.3791351717554415e-05
NA-Hutch++,1.5,320,47,2.552362012607896,2.549145602917575,0.0012617598958017963
Gaussian-Hutch++,1.5,320,47,2.5529731959461275,2.549145602917575,0.0015015199697386813
Hutchinson,1.5,320,48,2.673568760841313,2.549145602917575,0.04880974934555786
Hutch++,1.5,320,48,2.5502822583457516,2.549145602917575,0.0004458966278252165
NA-Hutch++,1.5,320,48,2.5523109089103038,2.549145602917575,0.0012417125130497776
Gaussian-Hutch++,1.5,320,48,2.5479129750401746,2.549145602917575,0.0004835454969656727
Hutchinson,1.5,320,49,2.5312143447541122,2.549145602917575,0.007034222816829331
Hutch++,1.5,320,49,2.5502416897034106,2.549145602917575,0.0004299820240087063
NA-Hutch++,1.5,320,49,2.5476416390775674,2.549145602917575,0.0005899874209956879
Gaussian-Hutch++,1.5,320,49,2.550989000164694,2.549145602917575,0.0007231431758974339
Hutchinson,2.0,20,0,1.9133592938045276,1.6439345666815601,0.16389017700797373
Hutch++,2.0,20,0,1.6679141024920265,1.6439345666815601,0.014586672910510915
NA-Hutch++,2.0,20,0,1.6345463184886968,1.6439345666815601,0.005710840554812595
Gaussian-Hutch++,2.0,20,0,1.6253051024514635,1.6439345666815601,0.011332241932050834
Hutchinson,2.0,20,1,1.7492971903478118,1.6439345666815601,0.06409173807868539
Hutch++,2.0,20,1,1.630042299873012,1.6439345666815601,0.008450620292382461
NA-Hutch++,2.0,20,1,1.6054546124150937,1.6439345666815601,0.023407229853522653
Gaussian-Hutch++,2.0,20,1,1.6484723368540957,1.6439345666815601,0.002760310698798349
Hutchinson,2.0,20,2,2.319825414983779,1.6439345666815601,0.41114218412389103
Hutch++,2.0,20,2,1.5919319977821624,1.6439345666815601,0.03163299194101738
NA-Hutch++,2.0,20,2,1.747628163625976,1.6439345666815601,0.06307647460308072
Gaussian-Hutch++,2.0,20,2,1.66065227064044,1.6439345666815601,0.0101693244352336
Hutchinson,2.0,20,3,1.5344699813495164,1.6439345666815601,0.0665869478935579
Hutch++,2.0,20,3,1.6510806410335548,1.6439345666815601,0.004346933568298704
NA-Hutch++,2.0,20,3,1.5414816122759778,1.6439345666815601,0.06232179581964352
Gaussian-Hutch++,2.0,20,3,1.591808814159255,1.6439345666815601,0.03170792413442948
Hutchinson,2.0,20,4,1.538639865988011,1.6439345666815601,0.06405042075737641
Hutch++,2.0,20,4,1.582596666187289,1.6439345666815601,0.0373116435029939
NA-Hutch++,2.0,20,4,1.5614863834755028,1.6439345666815601,0.05015295917311774
Gaussian-Hutch++,2.0,20,4,1.614074474283323,1.6439345666815601,0.01816379617743091
Hutchinson,2.0,20,5,1.3286529068589508,1.6439345666815601,0.19178479862433678
Hutch++,2.0,20,5,1.6471547134346038,1.6439345666815601,0.001958804698379141
NA-Hutch++,2.0,20,5,1.5830040139898254,1.6439345666815601,0.03706385517200294
Gaussian-Hutch++,2.0,20,5,1.6148251961577293,1.6439345666815601,0.017707134525792496
Hutchinson,2.0,20,6,1.5350216206172473,1.6439345666815601,0.06625138753798701
Hutch++,2.0,20,6,1.6291686467476132,1.6439345666815601,0.008982060620425643
NA-Hutch++,2.0,20,6,1.8037264659371195,1.6439345666815601,0.09720088773248114
Gaussian-Hutch++,2.0,20,6,1.697651535979903,1.6439345666815601,0.03267585607544932
Hutchinson,2.0,20,7,1.6426541804088004,1.6439345666815601,0.0007788547663088006
Hutch++,2.0,20,7,1.6003359118170462,1.6439345666815601,0.02652091862300946
NA-Hutch++,2.0,20,7,1.5782914811187752,1.6439345666815601,0.0399304734465751
Gaussian-Hutch++,2.0,20,7,1.557953602550949,1.6439345666815601,0.0523019382116722
Hutchinson,2.0,20,8,1.4953055901495036,1.6439345666815601,0.0904105184868023
Hutch++,2.0,20,8,1.6182018869125765,1.6439345666815601,0.015653104625038404
NA-Hutch++,2.0,20,8,1.6221812383009593,1.6439345666815601,0.013232478239393693
Gaussian-Hutch++,2.0,20,8,1.6162653944822076,1.6439345666815601,0.016831066613074132
Hutchinson,2.0,20,9,1.4285083191020844,1.6439345666815601,0.13104307917457705
Hutch++,2.0,20,9,1.6614106822430812,1.6439345666815601,0.010630663723312471
NA-Hutch++,2.0,20,9,1.639888367297972,1.6439345666815601,0.0024612898016711945
Gaussian-Hutch++,2.0,20,9,1.603728276509042,1.6439345666815601,0.024457354317744203
Hutchinson,2.0,20,10,1.532553610611736,1.6439345666815601,0.06775266992205012
Hutch++,2.0,20,10,1.578042803468311,1.6439345666815601,0.04008174324496263
NA-Hutch++,2.0,20,10,1.7204669302974727,1.6439345666815601,0.046554385537619335
Gaussian-Hutch++,2.0,20,10,1.7089873828799935,1.6439345666815601,0.039571414530049545
Hutchinson,2.0,20,11,1.801497440187077,1.6439345666815601,0.09584497868645257
Hutch++,2.0,20,11,1.5926767780301379,1.6439345666815601,0.031179944561230955
NA-Hutch++,2.0,20,11,1.8490284398963475,1.6439345666815601,0.12475792976893783
Gaussian-Hutch++,2.0,20,11,1.5920738385196984,1.6439345666815601,0.03154671068602662
Hutchinson,2.0,20,12,2.008041904860815,1.6439345666815601,0.22148529847768858
Hutch++,2.0,20,12,1.6239293516695685,1.6439345666815601,0.012169106616192178
NA-Hutch++,2.0,20,12,1.6952989177423294,1.6439345666815601,0.031244766125000455
Gaussian-Hutch++,2.0,20,12,1.5793282232654875,1.6439345666815601,0.039299826602275746
Hutchinson,2.0,20,13,1.9912533310380542,1.6439345666815601,0.2112728641369166
Hutch++,2.0,20,13,1.6012807552765043,1.6439345666815601,0.025946173448470448
NA-Hutch++,2.0,20,13,1.6901979490683319,1.6439345666815601,0.028141863626700684
Gaussian-Hutch++,2.0,20,13,1.672685400408299,1.6439345666815601,0.017489037769170542
Hutchinson,2.0,20,14,2.638461303324272,1.6439345666815601,0.6049673489439786
Hutch++,2.0,20,14,1.6399354847369316,1.6439345666815601,0.00243262841823506
NA-Hutch++,2.0,20,14,1.8203728489916045,1.6439345666815601,0.10732682789571239
Gaussian-Hutch++,2.0,20,14,1.6324256623661415,1.6439345666815601,0.00700082871220991
Hutchinson,2.0,20,15,1.2962821102187,1.6439345666815601,0.21147584794973312
Hutch++,2.0,20,15,1.661025709563516,1.6439345666815601,0.010396486106168997
NA-Hutch++,2.0,20,15,1.642657014756556,1.6439345666815601,0.0007771306418740121
Gaussian-Hutch++,2.0,20,15,1.625475134071675,1.6439345666815601,0.011228812255677042
Hutchinson,2.0,20,16,1.977801630521957,1.6439345666815601,0.20309023887388633
Hutch++,2.0,20,16,1.6129653889898297,1.6439345666815601,0.01883844912042012
NA-Hutch++,2.0,20,16,1.712308825332661,1.6439345666815601,0.04159183706996376
Gaussian-Hutch++,2.0,20,16,1.6348763134394007,1.6439345666815601,0.0055101057096478175
Hutchinson,2.0,20,17,2.4344274280905696,1.6439345666815601,0.4808542124670419
Hutch++,2.0,20,17,1.6021401002138234,1.6439345666815601,0.025423436744263436
NA-Hutch++,2.0,20,17,1.6553373814941128,1.6439345666815601,0.006936294815900339
Gaussian-Hutch++,2.0,20,17,1.6433048742629164,1.6439345666815601,0.00038303983102857945
Hutchinson,2.0,20,18,2.3136005638701698,1.6439345666815601,0.4073556276271961
Hutch++,2.0,20,18,1.616918776026879,1.6439345666815601,0.016433616764452517
NA-Hutch++,2.0,20,18,1.6071220777650732,1.6439345666815601,0.022392916155292278
Gaussian-Hutch++,2.0,20,18,1.656862177263458,1.6439345666815601,0.007863823076604238
Hutchinson,2.0,20,19,1.658407907932554,1.6439345666815601,0.008804085968098898
Hutch++,2.0,20,19,1.602770681349694,1.6439345666815601,0.025039856309463312
NA-Hutch++,2.0,20,19,1.6920642231932024,1.6439345666815601,0.029277112050023126
Gaussian-Hutch++,2.0,20,19,1.6276528614668198,1.6439345666815601,0.009904107830524275
Hutchinson,2.0,20,20,1.3580022442986472,1.6439345666815601,0.17393169301141637
Hutch++,2.0,20,20,1.665582054791544,1.6439345666815601,0.013168095950243016
NA-Hutch++,2.0,20,20,1.6119552845283662,1.6439345666815601,0.019452892348232054
Gaussian-Hutch++,2.0,20,20,1.6622035224545892,1.6439345666815601,0.011112945821138587
Hutchinson,2.0,20,21,2.2086218431467044,1.6439345666815601,0.34349741644828347
Hutch++,2.0,20,21,1.5936303532174254,1.6439345666815601,0.03059988790531889
NA-Hutch++,2.0,20,21,1.6760203391500577,1.6439345666815601,0.019517670057431633
Gaussian-Hutch++,2.0,20,21,1.7004533743903392,1.6439345666815601,0.034380205182294864
Hutchinson,2.0,20,22,1.9662964178951607,1.6439345666815601,0.19609165580374588
Hutch++,2.0,20,22,1.6652335227406492,1.6439345666815601,0.012956085047887908
NA-Hutch++,2.0,20,22,1.6841861285182622,1.6439345666815601,0.024484892922443824
Gaussian-Hutch++,2.0,20,22,1.6867369193819188,1.6439345666815601,0.02603653063075337
Hutchinson,2.0,20,23,1.9778043247590673,1.6439345666815601,0.20309187776947557
Hutch++,2.0,20,23,1.6036354033010058,1.6439345666815601,0.02451384878529686
NA-Hutch++,2.0,20,23,1.515239651114062,1.6439345666815601,0.0782846946440704
Gaussian-Hutch++,2.0,20,23,1.681597680793371,1.6439345666815601,0.022910348669069904
Hutchinson,2.0,20,24,1.3306405728630446,1.6439345666815601,0.19057570791940312
Hutch++,2.0,20,24,1.6181480526548537,1.6439345666815601,0.01568585182727738
NA-Hutch++,2.0,20,24,1.6205889270499587,1.6439345666815601,0.014201075945940372
Gaussian-Hutch++,2.0,20,24,1.6609703903613278,1.6439345666815601,0.010362835617086685
Hutchinson,2.0,20,25,2.0693558359101387,1.6439345666815601,0.2587823614460108
Hutch++,2.0,20,25,1.642775226184279,1.6439345666815601,0.0007052230184692871
NA-Hutch++,2.0,20,25,1.5689935429306905,1.6439345666815601,0.04558637872196172
Gaussian-Hutch++,2.0,20,25,1.6308372370005513,1.6439345666815601,0.007967062647418546
Hutchinson,2.0,20,26,1.5158702356868052,1.6439345666815601,0.07790111211863197
Hutch++,2.0,20,26,1.6112518275574725,1.6439345666815601,0.01988080291423085
NA-Hutch++,2.0,20,26,1.6323735876053722,1.6439345666815601,0.007032505618228384
Gaussian-Hutch++,2.0,20,26,1.6607472521429374,1.6439345666815601,0.010227101371385654
Hutchinson,2.0,20,27,1.3639039293319786,1.6439345666815601,0.1703417173804249
Hutch++,2.0,20,27,1.617513311336487,1.6439345666815601,0.016071962887432286
NA-Hutch++,2.0,20,27,1.6619439469804367,1.6439345666815601,0.01095504691237816
Gaussian-Hutch++,2.0,20,27,1.6516099548695122,1.6439345666815601,0.004668913437014474
Hutchinson,2.0,20,28,2.035572886716988,1.6439345666815601,0.23823230435867496
Hutch++,2.0,20,28,1.5406608016044576,1.6439345666815601,0.06282109225647012
NA-Hutch++,2.0,20,28,1.9708346562320875,1.6439345666815601,0.19885225128540648
Gaussian-Hutch++,2.0,20,28,1.7044130194968576,1.6439345666815601,0.03678884430137574
Hutchinson,2.0,20,29,1.14819402249109,1.6439345666815601,0.30155734555248753
Hutch++,2.0,20,29,1.657039538423031,1.6439345666815601,0.007971711287709276
NA-Hutch++,2.0,20,29,2.034051699888574,1.6439345666815601,0.23730697140489163
Gaussian-Hutch++,2.0,20,29,1.6885097362667847,1.6439345666815601,0.027114929321794008
Hutchinson,2.0,20,30,1.7872621478941064,1.6439345666815601,0.08718569711802264
Hutch++,2.0,20,30,1.6118531573600747,1.6439345666815601,0.01951501596942803
NA-Hutch++,2.0,20,30,1.6969004385380302,1.6439345666815601,0.03221896596735402
Gaussian-Hutch++,2.0,20,30,1.655541865448632,1.6439345666815601,0.007060681734129079
Hutchinson,2.0,20,31,1.2016944621595669,1.6439345666815601,0.26901320374003534
Hutch++,2.0,20,31,1.6734006793299756,1.6439345666815601,0.017924139589020054
NA-Hutch++,2.0,20,31,1.6074071200762636,1.6439345666815601,0.022219525853167416
Gaussian-Hutch++,2.0,20,31,1.6657178592069273,1.6439345666815601,0.013250705330285023
Hutchinson,2.0,20,32,1.2744459640913415,1.6439345666815601,0.2247587039525952
Hutch++,2.0,20,32,1.6322656260289155,1.6439345666815601,0.007098178290757371
NA-Hutch++,2.0,20,32,1.6788121398770952,1.6439345666815601,0.02121591327441871
Gaussian-Hutch++,2.0,20,32,1.6016089118898313,1.6439345666815601,0.025746556857896834
Hutchinson,2.0,20,33,1.8859301962147381,1.6439345666815601,0.14720514699175005
Hutch++,2.0,20,33,1.6399267455401034,1.6439345666815601,0.0024379444429755343
NA-Hutch++,2.0,20,33,1.6145131291278196,1.6439345666815601,0.017896963875594203
Gaussian-Hutch++,2.0,20,33,1.6284650946697456,1.6439345666815601,0.009410029039684404
Hutchinson,2.0,20,34,1.2333283873564116,1.6439345666815601,0.24977039089456982
Hutch++,2.0,20,34,1.6180609935735044,1.6439345666815601,0.015738809580653813
NA-Hutch++,2.0,20,34,1.636471249825091,1.6439345666815601,0.004539911142287422
Gaussian-Hutch++,2.0,20,34,1.7147565056739829,1.6439345666815601,0.043080752986041054
Hutchinson,2.0,20,35,1.6373552107495297,1.6439345666815601,0.004002200613928003
Hutch++,2.0,20,35,1.6243259700754784,1.6439345666815601,0.01192784494194532
NA-Hutch++,2.0,20,35,1.6194041212485129,1.6439345666815601,0.014921789425332383
Gaussian-Hutch++,2.0,20,35,1.6145996498080193,1.6439345666815601,0.01784433362986958
Hutchinson,2.0,20,36,2.041175174859048,1.6439345666815601,0.2416401578436034
Hutch++,2.0,20,36,1.6200236244351598,1.6439345666815601,0.014544947670676983
NA-Hutch++,2.0,20,36,1.6421692667509082,1.6439345666815601,0.0010738261524698726
Gaussian-Hutch++,2.0,20,36,1.5915728166543088,1.6439345666815601,0.031851480641926354
Hutchinson,2.0,20,37,2.5943753303519497,1.6439345666815601,0.5781499963158178
Hutch++,2.0,20,37,1.6084930864321467,1.6439345666815601,0.02155893608402884
NA-Hutch++,2.0,20,37,1.5990427759267989,1.6439345666815601,0.027307528939779904
Gaussian-Hutch++,2.0,20,37,1.6959425537904398,1.6439345666815601,0.031636287820057694
Hutchinson,2.0,20,38,1.8562554156835276,1.6439345666815601,0.12915407541466659
Hutch++,2.0,20,38,1.6259683011933406,1.6439345666815601,0.010928820314598159
NA-Hutch++,2.0,20,38,1.6573388099184108,1.6439345666815601,0.008153757155863195
Gaussian-Hutch++,2.0,20,38,1.609943064953625,1.6439345666815601,0.020676918909582998
Hutchinson,2.0,20,39,1.9990323164886288,1.6439345666815601,0.21600479544868234
Hutch++,2.0,20,39,1.643805807180183,1.6439345666815601,7.83239819799779e-05
NA-Hutch++,2.0,20,39,1.6635482131971293,1.6439345666815601,0.011930916785308075
Gaussian-Hutch++,2.0,20,39,1.7142562738787483,1.6439345666815601,0.04277646362722291
Hutchinson,2.0,20,40,1.7192254847780344,1.6439345666815601,0.04579921830371644
Hutch++,2.0,20,40,1.632891638941782,1.6439345666815601,0.006717376691013511
NA-Hutch++,2.0,20,40,1.6230925922712744,1.6439345666815601,0.012678104611156883
Gaussian-Hutch++,2.0,20,40,1.6761431622117342,1.6439345666815601,0.01959238292263069
Hutchinson,2.0,20,41,1.854074940729053,1.6439345666815601,0.12782769965819352
Hutch++,2.0,20,41,1.6091234534981154,1.6439345666815601,0.021175485867247344
NA-Hutch++,2.0,20,41,1.7320472162617897,1.6439345666815601,0.05359863547251362
Gaussian-Hutch++,2.0,20,41,1.6281052915277572,1.6439345666815601,0.009628896109749586
Hutchinson,2.0,20,42,1.7476800570272228,1.6439345666815601,0.06310804118869703
Hutch++,2.0,20,42,1.6072002353451345,1.6439345666815601,0.022345373155926426
NA-Hutch++,2.0,20,42,1.6842638200802424,1.6439345666815601,0.0245321524445409
Gaussian-Hutch++,2.0,20,42,1.6904593812972657,1.6439345666815601,0.028300891993298966
Hutchinson,2.0,20,43,1.8451001567382082,1.6439345666815601,0.12236836802009711
Hutch++,2.0,20,43,1.63747087222102,1.6439345666815601,0.003931844120528263
NA-Hutch++,2.0,20,43,1.6270838051659289,1.6439345666815601,0.010250262910187559
Gaussian-Hutch++,2.0,20,43,1.6934690574116715,1.6439345666815601,0.03013166809315381
Hutchinson,2.0,20,44,1.6155368800757508,1.6439345666815601,0.017274219534864323
Hutch++,2.0,20,44,1.6022893798169247,1.6439345666815601,0.025332630451770526
NA-Hutch++,2.0,20,44,1.6002790990497893,1.6439345666815601,0.026555477642819823
Gaussian-Hutch++,2.0,20,44,1.6428626629521292,1.6439345666815601,0.0006520355196342337
Hutchinson,2.0,20,45,1.9120565393314437,1.6439345666815601,0.16309771573884083
Hutch++,2.0,20,45,1.6265301472882867,1.6439345666815601,0.010587051179540504
NA-Hutch++,2.0,20,45,1.5379080731034138,1.6439345666815601,0.06449556796665634
Gaussian-Hutch++,2.0,20,45,1.645616803063093,1.6439345666815601,0.0010232988682321652
Hutchinson,2.0,20,46,1.5107065527342771,1.6439345666815601,0.08104216350667567
Hutch++,2.0,20,46,1.6544361347792977,1.6439345666815601,0.006388069398002888
NA-Hutch++,2.0,20,46,1.6277595750230862,1.6439345666815601,0.009839194324579895
Gaussian-Hutch++,2.0,20,46,1.6992624287258975,1.6439345666815601,0.03365575684439921
Hutchinson,2.0,20,47,1.431448989586777,1.6439345666815601,0.12925427897273653
Hutch++,2.0,20,47,1.621508208246677,1.6439345666815601,0.01364188021190705
NA-Hutch++,2.0,20,47,1.6648203971266007,1.6439345666815601,0.01270478209312224
Gaussian-Hutch++,2.0,20,47,1.6342556321497352,1.6439345666815601,0.00588766410050173
Hutchinson,2.0,20,48,2.3605665302078984,1.6439345666815601,0.43592487076473413
Hutch++,2.0,20,48,1.662187759202376,1.6439345666815601,0.011103357086566791
NA-Hutch++,2.0,20,48,1.710389595620295,1.6439345666815601,0.04042437593661696
Gaussian-Hutch++,2.0,20,48,1.711326971539927,1.6439345666815601,0.040994578631195155
Hutchinson,2.0,20,49,2.218843478987284,1.6439345666815601,0.34971520397325356
Hutch++,2.0,20,49,1.6569296367880886,1.6439345666815601,0.00790485848397254
NA-Hutch++,2.0,20,49,1.4898265070879944,1.6439345666815601,0.0937434267257046
Gaussian-Hutch++,2.0,20,49,1.7379874530647403,1.6439345666815601,0.05721206201840198
Hutchinson,2.0,40,0,1.6322250608243576,1.6439345666815601,0.007122853971517433
Hutch++,2.0,40,0,1.6337584217635164,1.6439345666815601,0.006190115546134708
NA-Hutch++,2.0,40,0,1.6061569439260566,1.6439345666815601,0.02298000390110497
Gaussian-Hutch++,2.0,40,0,1.648537589411805,1.6439345666815601,0.0028000036154337796
Hutchinson,2.0,40,1,1.736107383253693,1.6439345666815601,0.05606842172446841
Hutch++,2.0,40,1,1.633652682531278,1.6439345666815601,0.006254436373971413
NA-Hutch++,2.0,40,1,1.6794669026415003,1.6439345666815601,0.021614203314469897
Gaussian-Hutch++,2.0,40,1,1.661935342737851,1.6439345666815601,0.010949812979860323
Hutchinson,2.0,40,2,1.7477185808046862,1.6439345666815601,0.06313147507605738
Hutch++,2.0,40,2,1.6606656057577225,1.6439345666815601,0.01017743614329831
NA-Hutch++,2.0,40,2,1.6384711377358467,1.6439345666815601,0.003323385891654949
Gaussian-Hutch++,2.0,40,2,1.6432680128547794,1.6439345666815601,0.0004054625045850922
Hutchinson,2.0,40,3,1.740603547306435,1.6439345666815601,0.05880342355718601
Hutch++,2.0,40,3,1.6392656290599048,1.6439345666815601,0.002840099427485135
NA-Hutch++,2.0,40,3,1.6484180501999228,1.6439345666815601,0.002727288305283974
Gaussian-Hutch++,2.0,40,3,1.6456772463157563,1.6439345666815601,0.001060066300396573
Hutchinson,2.0,40,4,2.3916359077097495,1.6439345666815601,0.4548242711007023
Hutch++,2.0,40,4,1.6287539184469915,1.6439345666815601,0.00923433848417231
NA-Hutch++,2.0,40,4,1.652111271661511,1.6439345666815601,0.004973862795802321
Gaussian-Hutch++,2.0,40,4,1.6335756318020551,1.6439345666815601,0.0063013060796060245
Hutchinson,2.0,40,5,1.734750357322283,1.6439345666815601,0.05524294730540485
Hutch++,2.0,40,5,1.646376121019577,1.6439345666815601,0.001485189488378161
NA-Hutch++,2.0,40,5,1.6118580974874286,1.6439345666815601,0.019512010906176745
Gaussian-Hutch++,2.0,40,5,1.6574284645694972,1.6439345666815601,0.008208293785789673
Hutchinson,2.0,40,6,1.4666955802228352,1.6439345666815601,0.10781389360070387
Hutch++,2.0,40,6,1.6377136748860532,1.6439345666815601,0.0037841480564912975
NA-Hutch++,2.0,40,6,1.6666817100405118,1.6439345666815601,0.013837012628105367
Gaussian-Hutch++,2.0,40,6,1.6457092055319984,1.6439345666815601,0.001079506986716965
Hutchinson,2.0,40,7,1.8947695551359334,1.6439345666815601,0.1525821000045688
Hutch++,2.0,40,7,1.6373462549792164,1.6439345666815601,0.004007648379608497
NA-Hutch++,2.0,40,7,1.63413703255889,1.6439345666815601,0.005959807842259447
Gaussian-Hutch++,2.0,40,7,1.6541327075440897,1.6439345666815601,0.006203495606954416
Hutchinson,2.0,40,8,1.888756343718957,1.6439345666815601,0.14892428324053864
Hutch++,2.0,40,8,1.6533500974310305,1.6439345666815601,0.0057274364444300715
NA-Hutch++,2.0,40,8,1.651086530347745,1.6439345666815601,0.004350516018786505
Gaussian-Hutch++,2.0,40,8,1.6318390194831593,1.6439345666815601,0.007357681652023902
Hutchinson,2.0,40,9,1.4503520487741888,1.6439345666815601,0.11775561012634235
Hutch++,2.0,40,9,1.656887299791876,1.6439345666815601,0.007879105028165566
NA-Hutch++,2.0,40,9,1.6203996913973695,1.6439345666815601,0.014316187372164108
Gaussian-Hutch++,2.0,40,9,1.6495967159026694,1.6439345666815601,0.0034442667827947037
Hutchinson,2.0,40,10,1.2173421838469352,1.6439345666815601,0.25949474600789174
Hutch++,2.0,40,10,1.6205460630128146,1.6439345666815601,0.01422714999901578
NA-Hutch++,2.0,40,10,1.6347975578448075,1.6439345666815601,0.005558012479290185
Gaussian-Hutch++,2.0,40,10,1.6345748130138906,1.6439345666815601,0.005693507428682556
Hutchinson,2.0,40,11,1.8963283401744337,1.6439345666815601,0.1535303038261156
Hutch++,2.0,40,11,1.6354168988381157,1.6439345666815601,0.0051812693863102855
NA-Hutch++,2.0,40,11,1.6956688619150884,1.6439345666815601,0.03146980195079107
Gaussian-Hutch++,2.0,40,11,1.6430796975440247,1.6439345666815601,0.0005200140898923023
Hutchinson,2.0,40,12,1.7707896766332947,1.6439345666815601,0.0771655469279436
Hutch++,2.0,40,12,1.6411178348468238,1.6439345666815601,0.0017134087279532912
NA-Hutch++,2.0,40,12,1.658616001228158,1.6439345666815601,0.00893066843666039
Gaussian-Hutch++,2.0,40,12,1.6338583559874662,1.6439345666815601,0.0061293258857825
Hutchinson,2.0,40,13,1.7404685300332852,1.6439345666815601,0.05872129299318045
Hutch++,2.0,40,13,1.6433692919673633,1.6439345666815601,0.00034385475289198047
NA-Hutch++,2.0,40,13,1.6922307451844594,1.6439345666815601,0.0293784068306257
Gaussian-Hutch++,2.0,40,13,1.6364565502809154,1.6439345666815601,0.004548852826751986
Hutchinson,2.0,40,14,1.8258137052619738,1.6439345666815601,0.11063648290305995
Hutch++,2.0,40,14,1.6406087019170168,1.6439345666815601,0.0020231126177101483
NA-Hutch++,2.0,40,14,1.6049837725470784,1.6439345666815601,0.02369364019950483
Gaussian-Hutch++,2.0,40,14,1.656159764610073,1.6439345666815601,0.007436547765517565
Hutchinson,2.0,40,15,1.5392204183796476,1.6439345666815601,0.06369727264345325
Hutch++,2.0,40,15,1.6531530132546124,1.6439345666815601,0.005607550786927355
NA-Hutch++,2.0,40,15,1.6510990541241886,1.6439345666815601,0.004358134190882449
Gaussian-Hutch++,2.0,40,15,1.6336366409356546,1.6439345666815601,0.00626419442392579
Hutchinson,2.0,40,16,1.1437961675905062,1.6439345666815601,0.3042325462506889
Hutch++,2.0,40,16,1.6551585907602964,1.6439345666815601,0.006827536999476208
NA-Hutch++,2.0,40,16,1.6372523267091679,1.6439345666815601,0.004064784637919623
Gaussian-Hutch++,2.0,40,16,1.6235951224781506,1.6439345666815601,0.012372417136082623
Hutchinson,2.0,40,17,1.6670279846247424,1.6439345666815601,0.014047650320899692
Hutch++,2.0,40,17,1.6344078470283676,1.6439345666815601,0.00579507228953955
NA-Hutch++,2.0,40,17,1.6231688731932554,1.6439345666815601,0.012631703176740332
Gaussian-Hutch++,2.0,40,17,1.637832937211464,1.6439345666815601,0.0037116011754731253
Hutchinson,2.0,40,18,1.2585700401358957,1.6439345666815601,0.23441597637523967
Hutch++,2.0,40,18,1.649148011780463,1.6439345666815601,0.0031713215383181704
NA-Hutch++,2.0,40,18,1.6518416003047993,1.6439345666815601,0.004809822594825229
Gaussian-Hutch++,2.0,40,18,1.6375193010142213,1.6439345666815601,0.0039023850446120154
Hutchinson,2.0,40,19,1.5237318332811158,1.6439345666815601,0.07311892811104098
Hutch++,2.0,40,19,1.6403913237872172,1.6439345666815601,0.002155343020431349
NA-Hutch++,2.0,40,19,1.6328594370236567,1.6439345666815601,0.006736965012092716
Gaussian-Hutch++,2.0,40,19,1.6293774620458694,1.6439345666815601,0.008855038960021155
Hutchinson,2.0,40,20,1.6316929417898365,1.6439345666815601,0.007446540233310223
Hutch++,2.0,40,20,1.6445041161169516,1.6439345666815601,0.00034645505176105515
NA-Hutch++,2.0,40,20,1.6346292326549117,1.6439345666815601,0.005660404139705007
Gaussian-Hutch++,2.0,40,20,1.6432370119110742,1.6439345666815601,0.00042432027686723764
Hutchinson,2.0,40,21,1.7252465782314281,1.6439345666815601,0.0494618296846231
Hutch++,2.0,40,21,1.6411823745463525,1.6439345666815601,0.001674149440608925
NA-Hutch++,2.0,40,21,1.6492606063865278,1.6439345666815601,0.0032398124675477947
Gaussian-Hutch++,2.0,40,21,1.6433497749906891,1.6439345666815601,0.0003557268657300994
Hutchinson,2.0,40,22,1.379972756602329,1.6439345666815601,0.16056710250461087
Hutch++,2.0,40,22,1.6355422138368874,1.6439345666815601,0.0051050406839571105
NA-Hutch++,2.0,40,22,1.6266987904280181,1.6439345666815601,0.010484466111284509
Gaussian-Hutch++,2.0,40,22,1.6581031039145704,1.6439345666815601,0.008618674684607924
Hutchinson,2.0,40,23,1.7257498873353025,1.6439345666815601,0.049767990960184326
Hutch++,2.0,40,23,1.6401255169989937,1.6439345666815601,0.002317032417084209
NA-Hutch++,2.0,40,23,1.6503666329040794,1.6439345666815601,0.003912604767173296
Gaussian-Hutch++,2.0,40,23,1.6355259359225538,1.6439345666815601,0.0051149424858070594
Hutchinson,2.0,40,24,1.2914574023927443,1.6439345666815601,0.21441070188111247
Hutch++,2.0,40,24,1.634027236240363,1.6439345666815601,0.006026596582366463
NA-Hutch++,2.0,40,24,1.6486123129552979,1.6439345666815601,0.0028454577016287317
Gaussian-Hutch++,2.0,40,24,1.6367659299827988,1.6439345666815601,0.0043606581697664005
Hutchinson,2.0,40,25,1.8534493095356637,1.6439345666815601,0.12744713025715446
Hutch++,2.0,40,25,1.6343503932303394,1.6439345666815601,0.00583002124626367
NA-Hutch++,2.0,40,25,1.6428429851643578,1.6439345666815601,0.0006640054533349261
Gaussian-Hutch++,2.0,40,25,1.649214350247223,1.6439345666815601,0.0032116750098640377
Hutchinson,2.0,40,26,2.0730493038186664,1.6439345666815601,0.2610290858493934
Hutch++,2.0,40,26,1.637919536889914,1.6439345666815601,0.0036589228753721374
NA-Hutch++,2.0,40,26,1.6009238411272007,1.6439345666815601,0.026163283153769774
Gaussian-Hutch++,2.0,40,26,1.650686179716154,1.6439345666815601,0.004106984043910402
Hutchinson,2.0,40,27,1.9378572879687652,1.6439345666815601,0.17879222643302425
Hutch++,2.0,40,27,1.6312724573536512,1.6439345666815601,0.0077023195354232275
NA-Hutch++,2.0,40,27,1.627704836335709,1.6439345666815601,0.009872491688408529
Gaussian-Hutch++,2.0,40,27,1.6450347503766674,1.6439345666815601,0.0006692381299141686
Hutchinson,2.0,40,28,1.3502488534506834,1.6439345666815601,0.1786480552104392
Hutch++,2.0,40,28,1.619812345351222,1.6439345666815601,0.014673468043823091
NA-Hutch++,2.0,40,28,1.6643301375948956,1.6439345666815601,0.012406558829470844
Gaussian-Hutch++,2.0,40,28,1.65286894410921,1.6439345666815601,0.005434752458356476
Hutchinson,2.0,40,29,1.754018853193275,1.6439345666815601,0.06696391008671992
Hutch++,2.0,40,29,1.6341613535535446,1.6439345666815601,0.005945013461054998
NA-Hutch++,2.0,40,29,1.6222455323238187,1.6439345666815601,0.013193368396360683
Gaussian-Hutch++,2.0,40,29,1.6557373137033977,1.6439345666815601,0.007179572265861267
Hutchinson,2.0,40,30,1.5006234031014067,1.6439345666815601,0.08717571032613587
Hutch++,2.0,40,30,1.6353052785110236,1.6439345666815601,0.005249167664839355
NA-Hutch++,2.0,40,30,1.6558318471624005,1.6439345666815601,0.007237076658626494
Gaussian-Hutch++,2.0,40,30,1.6472810507526396,1.6439345666815601,0.0020356552741844914
Hutchinson,2.0,40,31,1.596291788059391,1.6439345666815601,0.02898094582823979
Hutch++,2.0,40,31,1.6468353877691093,1.6439345666815601,0.001764559944380739
NA-Hutch++,2.0,40,31,1.6853515259723453,1.6439345666815601,0.025193800367851172
Gaussian-Hutch++,2.0,40,31,1.6436085204625948,1.6439345666815601,0.00019833284461164761
Hutchinson,2.0,40,32,1.914742080495722,1.6439345666815601,0.16473132161264356
Hutch++,2.0,40,32,1.6327780231384708,1.6439345666815601,0.006786488811175694
NA-Hutch++,2.0,40,32,1.6428817734666956,1.6439345666815601,0.0006404106563618744
Gaussian-Hutch++,2.0,40,32,1.6374647818627264,1.6439345666815601,0.003935548865484129
Hutchinson,2.0,40,33,1.4807424624077168,1.6439345666815601,0.09926922128248832
Hutch++,2.0,40,33,1.6584699303430872,1.6439345666815601,0.008841813996811386
NA-Hutch++,2.0,40,33,1.6491599929427836,1.6439345666815601,0.0031786096400244746
Gaussian-Hutch++,2.0,40,33,1.6384767940192184,1.6439345666815601,0.003319945193049105
Hutchinson,2.0,40,34,1.610648461626272,1.6439345666815601,0.020247828429375614
Hutch++,2.0,40,34,1.6459818550642267,1.6439345666815601,0.001245358802083707
NA-Hutch++,2.0,40,34,1.6331621953276327,1.6439345666815601,0.006552798129716596
Gaussian-Hutch++,2.0,40,34,1.6479081489440794,1.6439345666815601,0.002417117045321562
Hutchinson,2.0,40,35,1.5085903467748558,1.6439345666815601,0.08232944464444812
Hutch++,2.0,40,35,1.6331060445706846,1.6439345666815601,0.006586954450829448
NA-Hutch++,2.0,40,35,1.6346530251183127,1.6439345666815601,0.005645931262327025
Gaussian-Hutch++,2.0,40,35,1.6470293073565219,1.6439345666815601,0.0018825205927805078
Hutchinson,2.0,40,36,1.5580513063282218,1.6439345666815601,0.0522425053247113
Hutch++,2.0,40,36,1.6442853253991223,1.6439345666815601,0.00021336537637883183
NA-Hutch++,2.0,40,36,1.6347645241743185,1.6439345666815601,0.005578106752601619
Gaussian-Hutch++,2.0,40,36,1.652054478231872,1.6439345666815601,0.004939315539001475
Hutchinson,2.0,40,37,1.6169475005801153,1.6439345666815601,0.016416143713019457
Hutch++,2.0,40,37,1.6430833879633768,1.6439345666815601,0.0005177692199157809
NA-Hutch++,2.0,40,37,1.6436393464298615,1.6439345666815601,0.00017958150992257666
Gaussian-Hutch++,2.0,40,37,1.666102774555587,1.6439345666815601,0.013484848073226845
Hutchinson,2.0,40,38,1.8270973831259851,1.6439345666815601,0.11141733993352104
Hutch++,2.0,40,38,1.640436335120814,1.6439345666815601,0.002127962773973207
NA-Hutch++,2.0,40,38,1.6152493709460405,1.6439345666815601,0.017449110394596463
Gaussian-Hutch++,2.0,40,38,1.6412088300406231,1.6439345666815601,0.0016580566502954954
Hutchinson,2.0,40,39,1.2511933554116008,1.6439345666815601,0.23890318947593223
Hutch++,2.0,40,39,1.6465128630932977,1.6439345666815601,0.001568369242908559
NA-Hutch++,2.0,40,39,1.613656103669112,1.6439345666815601,0.01841828964857657
Gaussian-Hutch++,2.0,40,39,1.6507711253011268,1.6439345666815601,0.004158656164379412
Hutchinson,2.0,40,40,1.5271136538529309,1.6439345666815601,0.07106177775946612
Hutch++,2.0,40,40,1.6407484317278527,1.6439345666815601,0.0019381154325010471
NA-Hutch++,2.0,40,40,1.6468825240215406,1.6439345666815601,0.0017932327719899271
Gaussian-Hutch++,2.0,40,40,1.6532163162205782,1.6439345666815601,0.005646057773305516
Hutchinson,2.0,40,41,1.5385501164433235,1.6439345666815601,0.06410501511076883
Hutch++,2.0,40,41,1.6254361594794018,1.6439345666815601,0.01125252037220627
NA-Hutch++,2.0,40,41,1.6446630269280036,1.6439345666815601,0.0004431199764318662
Gaussian-Hutch++,2.0,40,41,1.6471984142394438,1.6439345666815601,0.0019853877544968594
Hutchinson,2.0,40,42,1.852630300654519,1.6439345666815601,0.12694892984349818
Hutch++,2.0,40,42,1.6271762437724264,1.6439345666815601,0.010194032809324028
NA-Hutch++,2.0,40,42,1.6355965397849148,1.6439345666815601,0.005071994388119973
Gaussian-Hutch++,2.0,40,42,1.6391403427066902,1.6439345666815601,0.002916310704840005
Hutchinson,2.0,40,43,1.661473816480666,1.6439345666815601,0.010669068072770365
Hutch++,2.0,40,43,1.6496744090249857,1.6439345666815601,0.0034915272540390944
NA-Hutch++,2.0,40,43,1.6140895089531984,1.6439345666815601,0.018154650637103448
Gaussian-Hutch++,2.0,40,43,1.637723535111261,1.6439345666815601,0.0037781501138678497
Hutchinson,2.0,40,44,1.861163157152135,1.6439345666815601,0.13213943843827777
Hutch++,2.0,40,44,1.6310960637096636,1.6439345666815601,0.007809619209973931
NA-Hutch++,2.0,40,44,1.6046292835679385,1.6439345666815601,0.02390927468175517
Gaussian-Hutch++,2.0,40,44,1.6349908137689324,1.6439345666815601,0.005440455535089542
Hutchinson,2.0,40,45,1.60325697326923,1.6439345666815601,0.024744046531269104
Hutch++,2.0,40,45,1.6417192506216525,1.6439345666815601,0.0013475694865273656
NA-Hutch++,2.0,40,45,1.6503749196647726,1.6439345666815601,0.003917645576498163
Gaussian-Hutch++,2.0,40,45,1.6549988770114625,1.6439345666815601,0.0067303836503887
Hutchinson,2.0,40,46,1.6532318492866942,1.6439345666815601,0.00565550648643001
Hutch++,2.0,40,46,1.6350271448275393,1.6439345666815601,0.005418355471411074
NA-Hutch++,2.0,40,46,1.6430211990927959,1.6439345666815601,0.0005555985057288369
Gaussian-Hutch++,2.0,40,46,1.6425049466170902,1.6439345666815601,0.000869633191882886
Hutchinson,2.0,40,47,1.961494182265574,1.6439345666815601,0.19317047163564333
Hutch++,2.0,40,47,1.632567513045287,1.6439345666815601,0.006914541409770704
NA-Hutch++,2.0,40,47,1.6211064933633812,1.6439345666815601,0.013886242056616396
Gaussian-Hutch++,2.0,40,47,1.6490752500340247,1.6439345666815601,0.0031270608068309554
Hutchinson,2.0,40,48,1.3798822629415066,1.6439345666815601,0.1606221495014053
Hutch++,2.0,40,48,1.6490567601246382,1.6439345666815601,0.003115813455652138
NA-Hutch++,2.0,40,48,1.649983816981492,1.6439345666815601,0.00367973909821901
Gaussian-Hutch++,2.0,40,48,1.6488902189162657,1.6439345666815601,0.0030145069853413213
Hutchinson,2.0,40,49,1.8118133211623175,1.6439345666815601,0.10212009521743727
Hutch++,2.0,40,49,1.6624319850652487,1.6439345666815601,0.011251918877177323
NA-Hutch++,2.0,40,49,1.6571849968422425,1.6439345666815601,0.008060193166586708
Gaussian-Hutch++,2.0,40,49,1.6453000043762187,1.6439345666815601,0.0008305912670325102
Hutchinson,2.0,80,0,1.758249090504552,1.6439345666815601,0.06953714955562176
Hutch++,2.0,80,0,1.640520421369565,1.6439345666815601,0.0020768133849067435
NA-Hutch++,2.0,80,0,1.6478970319465538,1.6439345666815601,0.0024103546122229676
Gaussian-Hutch++,2.0,80,0,1.643260417247313,1.6439345666815601,0.0004100828876710558
Hutchinson,2.0,80,1,1.5261123473131974,1.6439345666815601,0.0716708692403726
Hutch++,2.0,80,1,1.6417643105637394,1.6439345666815601,0.00132015967168426
NA-Hutch++,2.0,80,1,1.646278265592739,1.6439345666815601,0.0014256643534845165
Gaussian-Hutch++,2.0,80,1,1.6441867178065745,1.6439345666815601,0.00015338270155326972
Hutchinson,2.0,80,2,1.7254983611075452,1.6439345666815601,0.04961498838158103
Hutch++,2.0,80,2,1.6401798933026854,1.6439345666815601,0.002283955490061788
NA-Hutch++,2.0,80,2,1.6416017179926958,1.6439345666815601,0.0014190641988709907
Gaussian-Hutch++,2.0,80,2,1.641059161668269,1.6439345666815601,0.0017490994298485793
Hutchinson,2.0,80,3,1.8803465167170805,1.6439345666815601,0.14380861308412088
Hutch++,2.0,80,3,1.642246731438207,1.6439345666815601,0.001026704637496734
NA-Hutch++,2.0,80,3,1.6431845788543538,1.6439345666815601,0.0004562151331365268
Gaussian-Hutch++,2.0,80,3,1.6390612419217063,1.6439345666815601,0.002964427452663811
Hutchinson,2.0,80,4,1.6940420988520004,1.6439345666815601,0.030480247320054322
Hutch++,2.0,80,4,1.6402567083744244,1.6439345666815601,0.0022372291341010305
NA-Hutch++,2.0,80,4,1.6420836118077267,1.6439345666815601,0.0011259297732085505
Gaussian-Hutch++,2.0,80,4,1.6490190301766778,1.6439345666815601,0.0030928624521724037
Hutchinson,2.0,80,5,1.5810997361962555,1.6439345666815601,0.03822222110223202
Hutch++,2.0,80,5,1.6398166676986778,1.6439345666815601,0.002504904432537518
NA-Hutch++,2.0,80,5,1.6422601942847421,1.6439345666815601,0.001018515232146912
Gaussian-Hutch++,2.0,80,5,1.6420652829361893,1.6439345666815601,0.001137079165592463
Hutchinson,2.0,80,6,1.595754311802478,1.6439345666815601,0.029307890870826234
Hutch++,2.0,80,6,1.641047297574721,1.6439345666815601,0.001756316319004928
NA-Hutch++,2.0,80,6,1.6383892767319697,1.6439345666815601,0.0033731816715699163
Gaussian-Hutch++,2.0,80,6,1.6422708396290797,1.6439345666815601,0.0010120397041342136
Hutchinson,2.0,80,7,1.405991467388666,1.6439345666815601,0.14474000615073454
Hutch++,2.0,80,7,1.6431507794306788,1.6439345666815601,0.00047677521159707794
NA-Hutch++,2.0,80,7,1.6466873712484964,1.6439345666815601,0.0016745219808189044
Gaussian-Hutch++,2.0,80,7,1.645022788428838,1.6439345666815601,0.0006619617163197263
Hutchinson,2.0,80,8,1.6348538770198666,1.6439345666815601,0.005523753709993307
Hutch++,2.0,80,8,1.6454078712149642,1.6439345666815601,0.0008962063109227723
NA-Hutch++,2.0,80,8,1.644182030948946,1.6439345666815601,0.0001505317014444849
Gaussian-Hutch++,2.0,80,8,1.6418504172005075,1.6439345666815601,0.0012677812872197692
Hutchinson,2.0,80,9,1.6969696103625296,1.6439345666815601,0.032261042961111146
Hutch++,2.0,80,9,1.6418415564118563,1.6439345666815601,0.001273171275867031
NA-Hutch++,2.0,80,9,1.6423320036569684,1.6439345666815601,0.0009748338267663817
Gaussian-Hutch++,2.0,80,9,1.6421179434688626,1.6439345666815601,0.0011050459364477727
Hutchinson,2.0,80,10,1.3656425714975353,1.6439345666815601,0.16928410705894698
Hutch++,2.0,80,10,1.6450276965065544,1.6439345666815601,0.0006649472838818084
NA-Hutch++,2.0,80,10,1.6367776345735656,1.6439345666815601,0.004353538305628224
Gaussian-Hutch++,2.0,80,10,1.642986536116867,1.6439345666815601,0.0005766838801904752
Hutchinson,2.0,80,11,1.6259802870423488,1.6439345666815601,0.01092152936199511
Hutch++,2.0,80,11,1.6418322844123185,1.6439345666815601,0.0012788114027465478
NA-Hutch++,2.0,80,11,1.6424141950642996,1.6439345666815601,0.0009248370635149436
Gaussian-Hutch++,2.0,80,11,1.6429195316760852,1.6439345666815601,0.0006174424615475402
Hutchinson,2.0,80,12,1.5456666323833006,1.6439345666815601,0.05977606182746239
Hutch++,2.0,80,12,1.6457404633550832,1.6439345666815601,0.0010985210178823723
NA-Hutch++,2.0,80,12,1.6383439435984686,1.6439345666815601,0.0034007576678533867
Gaussian-Hutch++,2.0,80,12,1.6430213530802242,1.6439345666815601,0.0005555048356816921
Hutchinson,2.0,80,13,1.829490640731408,1.6439345666815601,0.11287315067801672
Hutch++,2.0,80,13,1.6426111515951485,1.6439345666815601,0.0008050290523929372
NA-Hutch++,2.0,80,13,1.6441710532947884,1.6439345666815601,0.00014385403045916398
Gaussian-Hutch++,2.0,80,13,1.6440422304424613,1.6439345666815601,6.549151230425226e-05
Hutchinson,2.0,80,14,1.4239198020583357,1.6439345666815601,0.13383425902853627
Hutch++,2.0,80,14,1.642017614981414,1.6439345666815601,0.001166075425991926
NA-Hutch++,2.0,80,14,1.644722257388948,1.6439345666815601,0.0004791496713752129
Gaussian-Hutch++,2.0,80,14,1.6433129924598446,1.6439345666815601,0.0003781015584885475
Hutchinson,2.0,80,15,1.372677515215038,1.6439345666815601,0.16500477389077636
Hutch++,2.0,80,15,1.6461059455217888,1.6439345666815601,0.001320842620039192
NA-Hutch++,2.0,80,15,1.6464312165922101,1.6439345666815601,0.0015187039443362669
Gaussian-Hutch++,2.0,80,15,1.645127287096345,1.6439345666815601,0.0007255279127030091
Hutchinson,2.0,80,16,1.6363910841428162,1.6439345666815601,0.0045886756636373755
Hutch++,2.0,80,16,1.6410814778065266,1.6439345666815601,0.0017355245962087063
NA-Hutch++,2.0,80,16,1.6400191490454563,1.6439345666815601,0.0023817356940230654
Gaussian-Hutch++,2.0,80,16,1.6417689463383927,1.6439345666815601,0.0013173397451815775
Hutchinson,2.0,80,17,1.6751142414901217,1.6439345666815601,0.018966493825542406
Hutch++,2.0,80,17,1.6435114903394341,1.6439345666815601,0.00025735594998773986
NA-Hutch++,2.0,80,17,1.640306990733398,1.6439345666815601,0.002206642540210532
Gaussian-Hutch++,2.0,80,17,1.6404544963999879,1.6439345666815601,0.0021169153274738445
Hutchinson,2.0,80,18,1.686528908673298,1.6439345666815601,0.025909998399582662
Hutch++,2.0,80,18,1.647025017850993,1.6439345666815601,0.0018799113006494745
NA-Hutch++,2.0,80,18,1.6433722865949576,1.6439345666815601,0.0003420331307574762
Gaussian-Hutch++,2.0,80,18,1.6465689854344072,1.6439345666815601,0.0016025082787600952
Hutchinson,2.0,80,19,1.8335938451630045,1.6439345666815601,0.1153691164632482
Hutch++,2.0,80,19,1.6448240720782052,1.6439345666815601,0.0005410832126005297
NA-Hutch++,2.0,80,19,1.642079885788113,1.6439345666815601,0.001128196298707347
Gaussian-Hutch++,2.0,80,19,1.6444325247768836,1.6439345666815601,0.00030290627462665267
Hutchinson,2.0,80,20,1.5870753559136523,1.6439345666815601,0.03458727124564548
Hutch++,2.0,80,20,1.6394165767397004,1.6439345666815601,0.002748278449415233
NA-Hutch++,2.0,80,20,1.6396938788094888,1.6439345666815601,0.0025795965107246093
Gaussian-Hutch++,2.0,80,20,1.641575693116096,1.6439345666815601,0.0014348950458689246
Hutchinson,2.0,80,21,1.6176299926228128,1.6439345666815601,0.01600098604401611
Hutch++,2.0,80,21,1.6374862090298785,1.6439345666815601,0.003922514790049243
NA-Hutch++,2.0,80,21,1.6472225087882286,1.6439345666815601,0.002000044389422094
Gaussian-Hutch++,2.0,80,21,1.645619888705254,1.6439345666815601,0.001025175854228708
Hutchinson,2.0,80,22,1.8238203537039432,1.6439345666815601,0.1094239336943318
Hutch++,2.0,80,22,1.6416419532895368,1.6439345666815601,0.001394589199892072
NA-Hutch++,2.0,80,22,1.640523530432983,1.6439345666815601,0.0020749221518363632
Gaussian-Hutch++,2.0,80,22,1.6469356145801122,1.6439345666815601,0.0018255275844767645
Hutchinson,2.0,80,23,1.410085995334204,1.6439345666815601,0.14224931824348822
Hutch++,2.0,80,23,1.6429794134231661,1.6439345666815601,0.0005810165913854366
NA-Hutch++,2.0,80,23,1.6438209171801468,1.6439345666815601,6.913261860705392e-05
Gaussian-Hutch++,2.0,80,23,1.6454936132746683,1.6439345666815601,0.0009483629243560538
Hutchinson,2.0,80,24,1.6362088674876123,1.6439345666815601,0.004699517456794463
Hutch++,2.0,80,24,1.6421896652467483,1.6439345666815601,0.0010614178144171063
NA-Hutch++,2.0,80,24,1.6376192464115311,1.6439345666815601,0.0038415885875415913
Gaussian-Hutch++,2.0,80,24,1.6476812470116224,1.6439345666815601,0.002279093344709788
Hutchinson,2.0,80,25,1.603817105976875,1.6439345666815601,0.024403319644081684
Hutch++,2.0,80,25,1.64274577394257,1.6439345666815601,0.0007231387204114145
NA-Hutch++,2.0,80,25,1.6370859663256112,1.6439345666815601,0.00416598111308863
Gaussian-Hutch++,2.0,80,25,1.6451147200367597,1.6439345666815601,0.0007178834116140414
Hutchinson,2.0,80,26,1.897675256398119,1.6439345666815601,0.1543496285431596
Hutch++,2.0,80,26,1.6462105463481072,1.6439345666815601,0.0013844709592920764
NA-Hutch++,2.0,80,26,1.6444307278179913,1.6439345666815601,0.00030181319043171413
Gaussian-Hutch++,2.0,80,26,1.6455165915047298,1.6439345666815601,0.0009623405062667326
Hutchinson,2.0,80,27,1.8576452242375332,1.6439345666815601,0.1299994913954322
Hutch++,2.0,80,27,1.6452948334662243,1.6439345666815601,0.0008274458194586145
NA-Hutch++,2.0,80,27,1.6524288432071423,1.6439345666815601,0.0051670405244466176
Gaussian-Hutch++,2.0,80,27,1.647007346843618,1.6439345666815601,0.0018691620848757446
Hutchinson,2.0,80,28,2.04665353036653,1.6439345666815601,0.2449726235137793
Hutch++,2.0,80,28,1.6414484609457554,1.6439345666815601,0.0015122899573936266
NA-Hutch++,2.0,80,28,1.6415291434323884,1.6439345666815601,0.0014632110656492118
Gaussian-Hutch++,2.0,80,28,1.6434075033583329,1.6439345666815601,0.0003206108892102686
Hutchinson,2.0,80,29,1.5463920410474825,1.6439345666815601,0.05933479811850211
Hutch++,2.0,80,29,1.6431202786049408,1.6439345666815601,0.0004953287637615876
NA-Hutch++,2.0,80,29,1.6514492798074876,1.6439345666815601,0.0045711753242689045
Gaussian-Hutch++,2.0,80,29,1.6415853719415945,1.6439345666815601,0.0014290074480930945
Hutchinson,2.0,80,30,1.8383975820115601,1.6439345666815601,0.11829121381792115
Hutch++,2.0,80,30,1.6398203577114494,1.6439345666815601,0.002502659809882609
NA-Hutch++,2.0,80,30,1.642582977668565,1.6439345666815601,0.000822167159440816
Gaussian-Hutch++,2.0,80,30,1.6437653874204796,1.6439345666815601,0.00010291118911260224
Hutchinson,2.0,80,31,1.7713889754554342,1.6439345666815601,0.07753009843399851
Hutch++,2.0,80,31,1.642528772950183,1.6439345666815601,0.0008551397116826245
NA-Hutch++,2.0,80,31,1.6382545872936567,1.6439345666815601,0.003455112814720489
Gaussian-Hutch++,2.0,80,31,1.6447350321167495,1.6439345666815601,0.0004869204963584584
Hutchinson,2.0,80,32,1.5864940570773074,1.6439345666815601,0.03494087341943416
Hutch++,2.0,80,32,1.6438652280486472,1.6439345666815601,4.217846276745998e-05
NA-Hutch++,2.0,80,32,1.6473979414381963,1.6439345666815601,0.0021067594944653525
Gaussian-Hutch++,2.0,80,32,1.6439708968449065,1.6439345666815601,2.2099519094425528e-05
Hutchinson,2.0,80,33,1.7245622363848803,1.6439345666815601,0.04904554678601037
Hutch++,2.0,80,33,1.6427800912243382,1.6439345666815601,0.0007022636305728
NA-Hutch++,2.0,80,33,1.648692031445921,1.6439345666815601,0.0028939501977650467
Gaussian-Hutch++,2.0,80,33,1.6447097015235566,1.6439345666815601,0.00047151197967758036
Hutchinson,2.0,80,34,1.8589680467860403,1.6439345666815601,0.13080416000896308
Hutch++,2.0,80,34,1.6453177421915341,1.6439345666815601,0.0008413811218569936
NA-Hutch++,2.0,80,34,1.6456662782644018,1.6439345666815601,0.0010533944707649251
Gaussian-Hutch++,2.0,80,34,1.6419394423825964,1.6439345666815601,0.0012136275612180279
Hutchinson,2.0,80,35,1.537540991776505,1.6439345666815601,0.06471886233271482
Hutch++,2.0,80,35,1.6466159058090106,1.6439345666815601,0.001631049788595321
NA-Hutch++,2.0,80,35,1.640765329711924,1.6439345666815601,0.00192783644426525
Gaussian-Hutch++,2.0,80,35,1.6425986123705965,1.6439345666815601,0.0008126566215226096
Hutchinson,2.0,80,36,1.741583333154369,1.6439345666815601,0.05939942407192177
Hutch++,2.0,80,36,1.6411387723073623,1.6439345666815601,0.001700672539443852
NA-Hutch++,2.0,80,36,1.6433990961789544,1.6439345666815601,0.0003257249488260447
Gaussian-Hutch++,2.0,80,36,1.6418979019212825,1.6439345666815601,0.0012388964874610814
Hutchinson,2.0,80,37,1.3177217494103277,1.6439345666815601,0.19843418581417405
Hutch++,2.0,80,37,1.6431555752125542,1.6439345666815601,0.0004738579532264602
NA-Hutch++,2.0,80,37,1.6493698062161264,1.6439345666815601,0.003306238365397848
Gaussian-Hutch++,2.0,80,37,1.6470035844064579,1.6439345666815601,0.0018668734067030827
Hutchinson,2.0,80,38,1.8230080774169835,1.6439345666815601,0.10892982869561556
Hutch++,2.0,80,38,1.6449902321551129,1.6439345666815601,0.0006421578418925141
NA-Hutch++,2.0,80,38,1.6395366862571215,1.6439345666815601,0.002675216224278449
Gaussian-Hutch++,2.0,80,38,1.6408476144602224,1.6439345666815601,0.001877782902009909
Hutchinson,2.0,80,39,1.6387753210961526,1.6439345666815601,0.003138352152191746
Hutch++,2.0,80,39,1.6403799869516742,1.6439345666815601,0.0021622391802741834
NA-Hutch++,2.0,80,39,1.6519124222001487,1.6439345666815601,0.0048529033212633315
Gaussian-Hutch++,2.0,80,39,1.64279978306737,1.6439345666815601,0.000690285147103416
Hutchinson,2.0,80,40,1.5762080509749992,1.6439345666815601,0.04119781716329102
Hutch++,2.0,80,40,1.6414568605378386,1.6439345666815601,0.0015071805131046344
NA-Hutch++,2.0,80,40,1.6471587068297588,1.6439345666815601,0.0019612338675419143
Gaussian-Hutch++,2.0,80,40,1.6394690316034946,1.6439345666815601,0.002716370327974602
Hutchinson,2.0,80,41,1.6938436558939156,1.6439345666815601,0.030359535120124504
Hutch++,2.0,80,41,1.6418955623101708,1.6439345666815601,0.001240319665219584
NA-Hutch++,2.0,80,41,1.6300061373588322,1.6439345666815601,0.008472617831039253
Gaussian-Hutch++,2.0,80,41,1.643164860072539,1.6439345666815601,0.00046821000337916077
Hutchinson,2.0,80,42,1.6386872876413179,1.6439345666815601,0.0031919026137605857
Hutch++,2.0,80,42,1.645775244703249,1.6439345666815601,0.0011196783977871108
NA-Hutch++,2.0,80,42,1.6407713314551808,1.6439345666815601,0.0019241856035453922
Gaussian-Hutch++,2.0,80,42,1.6452265271882012,1.6439345666815601,0.0007858953347814748
Hutchinson,2.0,80,43,1.6616907817017599,1.6439345666815601,0.010801047304481453
Hutch++,2.0,80,43,1.6420311912404013,1.6439345666815601,0.0011578170322198182
NA-Hutch++,2.0,80,43,1.6438906214215232,1.6439345666815601,2.6731757411509293e-05
Gaussian-Hutch++,2.0,80,43,1.643150660889716,1.6439345666815601,0.0004768473196756025
Hutchinson,2.0,80,44,1.6674978144444856,1.6439345666815601,0.014333446257833844
Hutch++,2.0,80,44,1.6387566923139503,1.6439345666815601,0.003149683979248575
NA-Hutch++,2.0,80,44,1.635203015209633,1.6439345666815601,0.005311374095352549
Gaussian-Hutch++,2.0,80,44,1.6478304758864901,1.6439345666815601,0.0023698687793847293
Hutchinson,2.0,80,45,1.5789457494142758,1.6439345666815601,0.039532484190335206
Hutch++,2.0,80,45,1.6400998350326303,1.6439345666815601,0.0023326546729110715
NA-Hutch++,2.0,80,45,1.643278884722537,1.6439345666815601,0.0003988491831196538
Gaussian-Hutch++,2.0,80,45,1.6457760502397842,1.6439345666815601,0.00112016840301699
Hutchinson,2.0,80,46,1.5808083232207344,1.6439345666815601,0.03839948665855486
Hutch++,2.0,80,46,1.6398744039548636,1.6439345666815601,0.002469783657443461
NA-Hutch++,2.0,80,46,1.639416634803344,1.6439345666815601,0.002748243129491407
Gaussian-Hutch++,2.0,80,46,1.6392895307188224,1.6439345666815601,0.0028255601268328693
Hutchinson,2.0,80,47,1.2933968889155913,1.6439345666815601,0.21323091859645166
Hutch++,2.0,80,47,1.6429768944729028,1.6439345666815601,0.0005825488605610575
NA-Hutch++,2.0,80,47,1.6429502677455083,1.6439345666815601,0.0005987458114216116
Gaussian-Hutch++,2.0,80,47,1.6455691446611893,1.6439345666815601,0.0009943084188130031
Hutchinson,2.0,80,48,1.5148969763030655,1.6439345666815601,0.07849314260662417
Hutch++,2.0,80,48,1.6407600034601528,1.6439345666815601,0.001931076385731983
NA-Hutch++,2.0,80,48,1.643013578323785,1.6439345666815601,0.0005602341944997928
Gaussian-Hutch++,2.0,80,48,1.6425994135209592,1.6439345666815601,0.0008121692843870847
Hutchinson,2.0,80,49,1.401774864026014,1.6439345666815601,0.14730495213344702
Hutch++,2.0,80,49,1.641740085451632,1.6439345666815601,0.0013348957278500014
NA-Hutch++,2.0,80,49,1.6441460109521668,1.6439345666815601,0.00012862085565457107
Gaussian-Hutch++,2.0,80,49,1.642319921030304,1.6439345666815601,0.0009821836488999294
Hutchinson,2.0,160,0,1.6849450372885673,1.6439345666815601,0.0249465346359805
Hutch++,2.0,160,0,1.6439780131652257,1.6439345666815601,2.642835338228273e-05
NA-Hutch++,2.0,160,0,1.642504303311246,1.6439345666815601,0.0008700245127159583
Gaussian-Hutch++,2.0,160,0,1.643610862230066,1.6439345666815601,0.0001969083551467189
Hutchinson,2.0,160,1,1.480570216451478,1.6439345666815601,0.09937399793219796
Hutch++,2.0,160,1,1.6443583812260822,1.6439345666815601,0.0002578049960818251
NA-Hutch++,2.0,160,1,1.6434415262950248,1.6439345666815601,0.0002999148485152626
Gaussian-Hutch++,2.0,160,1,1.6445909625961286,1.6439345666815601,0.00039928347993402867
Hutchinson,2.0,160,2,1.5619224531710316,1.6439345666815601,0.04988769940891129
Hutch++,2.0,160,2,1.643921217494249,1.6439345666815601,8.120266816977709e-06
NA-Hutch++,2.0,160,2,1.642379016510023,1.6439345666815601,0.0009462360625929398
Gaussian-Hutch++,2.0,160,2,1.6434844088766563,1.6439345666815601,0.0002738295148891231
Hutchinson,2.0,160,3,1.7475298371976766,1.6439345666815601,0.06301666295954438
Hutch++,2.0,160,3,1.6445953486228453,1.6439345666815601,0.00040195148558680894
NA-Hutch++,2.0,160,3,1.6434687404450337,1.6439345666815601,0.0002833605704068761
Gaussian-Hutch++,2.0,160,3,1.6448767236090285,1.6439345666815601,0.0005731109659493236
Hutchinson,2.0,160,4,1.5879735237075459,1.6439345666815601,0.03404091872523674
Hutch++,2.0,160,4,1.643599214714082,1.6439345666815601,0.00020399350088183012
NA-Hutch++,2.0,160,4,1.6445353831571734,1.6439345666815601,0.0003654746896806731
Gaussian-Hutch++,2.0,160,4,1.64322192791468,1.6439345666815601,0.00043349582235419044
Hutchinson,2.0,160,5,1.6976722708460428,1.6439345666815601,0.03268846902645119
Hutch++,2.0,160,5,1.6436652991173637,1.6439345666815601,0.00016379457531571449
NA-Hutch++,2.0,160,5,1.6403138668136963,1.6439345666815601,0.0022024598431387523
Gaussian-Hutch++,2.0,160,5,1.644026501368705,1.6439345666815601,5.592356837561713e-05
Hutchinson,2.0,160,6,1.686398140353237,1.6439345666815601,0.0258304524597921
Hutch++,2.0,160,6,1.6434069717641233,1.6439345666815601,0.0003209342562227488
NA-Hutch++,2.0,160,6,1.642501354786776,1.6439345666815601,0.0008718180904713603
Gaussian-Hutch++,2.0,160,6,1.644749169478727,1.6439345666815601,0.0004955202072375029
Hutchinson,2.0,160,7,1.5816956251456191,1.6439345666815601,0.037859743810592345
Hutch++,2.0,160,7,1.6438646523189435,1.6439345666815601,4.25286772561371e-05
NA-Hutch++,2.0,160,7,1.6448946604334835,1.6439345666815601,0.0005840218773801011
Gaussian-Hutch++,2.0,160,7,1.642892008774274,1.6439345666815601,0.0006341845523636856
Hutchinson,2.0,160,8,1.820970032924635,1.6439345666815601,0.10769009292166534
Hutch++,2.0,160,8,1.6437847485923331,1.6439345666815601,9.113385183535931e-05
NA-Hutch++,2.0,160,8,1.6426884534029162,1.6439345666815601,0.0007580066165037689
Gaussian-Hutch++,2.0,160,8,1.644245682160311,1.6439345666815601,0.0001892505243557064
Hutchinson,2.0,160,9,1.7582673586745348,1.6439345666815601,0.06954826202344924
Hutch++,2.0,160,9,1.6433182285310008,1.6439345666815601,0.00037491647359384815
NA-Hutch++,2.0,160,9,1.6423399618628163,1.6439345666815601,0.0009699928762753089
Gaussian-Hutch++,2.0,160,9,1.6437395002672404,1.6439345666815601,0.00011865825944248315
Hutchinson,2.0,160,10,1.43807690591439,1.6439345666815601,0.1252225392295957
Hutch++,2.0,160,10,1.6436825123435441,1.6439345666815601,0.0001533238263398777
NA-Hutch++,2.0,160,10,1.6421456993935732,1.6439345666815601,0.001088162098566906
Gaussian-Hutch++,2.0,160,10,1.6428178530284896,1.6439345666815601,0.0006792932490766511
Hutchinson,2.0,160,11,1.5076631746186586,1.6439345666815601,0.08289344042322706
Hutch++,2.0,160,11,1.6444086685392627,1.6439345666815601,0.00028839460360006926
NA-Hutch++,2.0,160,11,1.6443540794548197,1.6439345666815601,0.0002551882427452116
Gaussian-Hutch++,2.0,160,11,1.6434278256208537,1.6439345666815601,0.0003082489236353112
Hutchinson,2.0,160,12,1.6514507723815945,1.6439345666815601,0.0045720832521981706
Hutch++,2.0,160,12,1.643072143486515,1.6439345666815601,0.0005246091982760797
NA-Hutch++,2.0,160,12,1.6452712083884937,1.6439345666815601,0.0008130747622344448
Gaussian-Hutch++,2.0,160,12,1.6434206043136963,1.6439345666815601,0.0003126416210721281
Hutchinson,2.0,160,13,1.8537287631597426,1.6439345666815601,0.1276171209792566
Hutch++,2.0,160,13,1.6432162769234981,1.6439345666815601,0.0004369333017383545
NA-Hutch++,2.0,160,13,1.6436732690190654,1.6439345666815601,0.0001589465102751467
Gaussian-Hutch++,2.0,160,13,1.6439735900094608,1.6439345666815601,2.3737762251325366e-05
Hutchinson,2.0,160,14,1.7747098998479902,1.6439345666815601,0.07955020583964766
Hutch++,2.0,160,14,1.6438233562555389,1.6439345666815601,6.764893705333751e-05
NA-Hutch++,2.0,160,14,1.6446338969495873,1.6439345666815601,0.0004254003061927333
Gaussian-Hutch++,2.0,160,14,1.6436558476971437,1.6439345666815601,0.00016954384320725697
Hutchinson,2.0,160,15,1.446727109880013,1.6439345666815601,0.11996064855527028
Hutch++,2.0,160,15,1.6434869073690803,1.6439345666815601,0.0002723096901499263
NA-Hutch++,2.0,160,15,1.6435842037215471,1.6439345666815601,0.00021312463836090982
Gaussian-Hutch++,2.0,160,15,1.6442491275752413,1.6439345666815601,0.00019134635894674037
Hutchinson,2.0,160,16,1.6827300541481258,1.6439345666815601,0.023599167663271484
Hutch++,2.0,160,16,1.6436755089801793,1.6439345666815601,0.000157583949283168
NA-Hutch++,2.0,160,16,1.6454345267685098,1.6439345666815601,0.0009124207966363589
Gaussian-Hutch++,2.0,160,16,1.644242308612273,1.6439345666815601,0.0001871984061592733
Hutchinson,2.0,160,17,1.6234177558896785,1.6439345666815601,0.012480308649569165
Hutch++,2.0,160,17,1.6434664582425362,1.6439345666815601,0.00028474882669376393
NA-Hutch++,2.0,160,17,1.6433476873150201,1.6439345666815601,0.00035699679198587423
Gaussian-Hutch++,2.0,160,17,1.644252144343582,1.6439345666815601,0.00019318144922456136
Hutchinson,2.0,160,18,1.9999472083190188,1.6439345666815601,0.2165613211455882
Hutch++,2.0,160,18,1.6436185639547745,1.6439345666815601,0.00019222342129075791
NA-Hutch++,2.0,160,18,1.642031892771604,1.6439345666815601,0.0011573902930922986
Gaussian-Hutch++,2.0,160,18,1.6443980271337466,1.6439345666815601,0.00028192147155955304
Hutchinson,2.0,160,19,1.7010608331813664,1.6439345666815601,0.03474972037063561
Hutch++,2.0,160,19,1.6435062126082012,1.6439345666815601,0.0002605663765703422
NA-Hutch++,2.0,160,19,1.644701792819652,1.6439345666815601,0.0004667011410560517
Gaussian-Hutch++,2.0,160,19,1.6451236336127264,1.6439345666815601,0.0007233055106119689
Hutchinson,2.0,160,20,1.5855770899772794,1.6439345666815601,0.035498661496047794
Hutch++,2.0,160,20,1.6429099108249694,1.6439345666815601,0.0006232947936967434
NA-Hutch++,2.0,160,20,1.6457971214672087,1.6439345666815601,0.0011329859614840438
Gaussian-Hutch++,2.0,160,20,1.643902281068644,1.6439345666815601,1.9639232345731474e-05
Hutchinson,2.0,160,21,1.7675719709727917,1.6439345666815601,0.07520822713814308
Hutch++,2.0,160,21,1.6432823502083127,1.6439345666815601,0.0003967411394992357
NA-Hutch++,2.0,160,21,1.6458773485295588,1.6439345666815601,0.0011817878201322621
Gaussian-Hutch++,2.0,160,21,1.6431099671156841,1.6439345666815601,0.000501601208824587
Hutchinson,2.0,160,22,1.7767200520697173,1.6439345666815601,0.08077297483694708
Hutch++,2.0,160,22,1.644606292608506,1.6439345666815601,0.00040860867613600924
NA-Hutch++,2.0,160,22,1.6444191078236563,1.6439345666815601,0.0002947447860253137
Gaussian-Hutch++,2.0,160,22,1.6437911602922979,1.6439345666815601,8.723363579593421e-05
Hutchinson,2.0,160,23,1.6769772895041133,1.6439345666815601,0.0200997798162083
Hutch++,2.0,160,23,1.643816037944618,1.6439345666815601,7.210064156101493e-05
NA-Hutch++,2.0,160,23,1.6445098473819044,1.6439345666815601,0.0003499413614165637
Gaussian-Hutch++,2.0,160,23,1.6449269233232127,1.6439345666815601,0.0006036472872857122
Hutchinson,2.0,160,24,1.4594396398049323,1.6439345666815601,0.1122276583362126
Hutch++,2.0,160,24,1.6438408926800026,1.6439345666815601,5.6981587622836724e-05
NA-Hutch++,2.0,160,24,1.6441742919408304,1.6439345666815601,0.0001458240882142921
Gaussian-Hutch++,2.0,160,24,1.6445308806425065,1.6439345666815601,0.00036273582479022265
Hutchinson,2.0,160,25,1.6296337552854148,1.6439345666815601,0.00869913662379697
Hutch++,2.0,160,25,1.6428660419048902,1.6439345666815601,0.0006499801137626089
NA-Hutch++,2.0,160,25,1.6478955590929223,1.6439345666815601,0.0024094586801941924
Gaussian-Hutch++,2.0,160,25,1.6439051428098046,1.6439345666815601,1.789844459255117e-05
Hutchinson,2.0,160,26,1.4303034837251325,1.6439345666815601,0.1299510864277661
Hutch++,2.0,160,26,1.6441563058483049,1.6439345666815601,0.00013488320717796543
NA-Hutch++,2.0,160,26,1.6452210814549428,1.6439345666815601,0.0007825827131183581
Gaussian-Hutch++,2.0,160,26,1.644027580152059,1.6439345666815601,5.65797887482796e-05
Hutchinson,2.0,160,27,1.693172721862282,1.6439345666815601,0.029951408151307316
Hutch++,2.0,160,27,1.6438574728923558,1.6439345666815601,4.6895898879909054e-05
NA-Hutch++,2.0,160,27,1.6438208612538325,1.6439345666815601,6.916663840040811e-05
Gaussian-Hutch++,2.0,160,27,1.644272479062591,1.6439345666815601,0.00020555099204044898
Hutchinson,2.0,160,28,1.5582860542251773,1.6439345666815601,0.052099708949652775
Hutch++,2.0,160,28,1.644730671210835,1.6439345666815601,0.000484267771607129
NA-Hutch++,2.0,160,28,1.6438044057737873,1.6439345666815601,7.917645288984309e-05
Gaussian-Hutch++,2.0,160,28,1.6439433670270782,1.6439345666815601,5.353221287787601e-06
Hutchinson,2.0,160,29,1.5628730677984628,1.6439345666815601,0.04930944365184057
Hutch++,2.0,160,29,1.6438630198470519,1.6439345666815601,4.352170454855625e-05
NA-Hutch++,2.0,160,29,1.6437127458465335,1.6439345666815601,0.0001349328857257435
Gaussian-Hutch++,2.0,160,29,1.6445061476860565,1.6439345666815601,0.000347690848578105
Hutchinson,2.0,160,30,1.73244545964704,1.6439345666815601,0.05384088561635857
Hutch++,2.0,160,30,1.644536899437143,1.6439345666815601,0.00036639703780833797
NA-Hutch++,2.0,160,30,1.6436915184124825,1.6439345666815601,0.0001478454641708966
Gaussian-Hutch++,2.0,160,30,1.6450324804462857,1.6439345666815601,0.000667857338715014
Hutchinson,2.0,160,31,1.6452771737011769,1.6439345666815601,0.0008167034423559386
Hutch++,2.0,160,31,1.643655324672206,1.6439345666815601,0.00016986199755973698
NA-Hutch++,2.0,160,31,1.6444237617495183,1.6439345666815601,0.0002975757538486947
Gaussian-Hutch++,2.0,160,31,1.6441138506655233,1.6439345666815601,0.00010905785886908212
Hutchinson,2.0,160,32,1.3893613351659244,1.6439345666815601,0.15485606098636653
Hutch++,2.0,160,32,1.6434736861644323,1.6439345666815601,0.00028035210553307695
NA-Hutch++,2.0,160,32,1.6438783012152658,1.6439345666815601,3.422609843158996e-05
Gaussian-Hutch++,2.0,160,32,1.6444350039334983,1.6439345666815601,0.0003044143374564706
Hutchinson,2.0,160,33,1.599668955146593,1.6439345666815601,0.02692662617607798
Hutch++,2.0,160,33,1.6432792024417582,1.6439345666815601,0.00039865591556047356
NA-Hutch++,2.0,160,33,1.6461983728655187,1.6439345666815601,0.001377065869798161
Gaussian-Hutch++,2.0,160,33,1.6435323554647185,1.6439345666815601,0.00024466376277584325
Hutchinson,2.0,160,34,1.6215751770684874,1.6439345666815601,0.013601143297453308
Hutch++,2.0,160,34,1.6437403848185161,1.6439345666815601,0.00011812018980533992
NA-Hutch++,2.0,160,34,1.644179453750872,1.6439345666815601,0.0001489640003167794
Gaussian-Hutch++,2.0,160,34,1.6428848211343938,1.6439345666815601,0.0006385567701063159
Hutchinson,2.0,160,35,1.7184598123747274,1.6439345666815601,0.0453334622944292
Hutch++,2.0,160,35,1.6445187504988346,1.6439345666815601,0.0003553570982169089
NA-Hutch++,2.0,160,35,1.6432041505478177,1.6439345666815601,0.0004443097362548244
Gaussian-Hutch++,2.0,160,35,1.6453370454172296,1.6439345666815601,0.0008531232106765008
Hutchinson,2.0,160,36,1.6526604560971685,1.6439345666815601,0.005307929885081992
Hutch++,2.0,160,36,1.6432499177108015,1.6439345666815601,0.00041646972126185307
NA-Hutch++,2.0,160,36,1.6432697898654072,1.6439345666815601,0.00040438155485401857
Gaussian-Hutch++,2.0,160,36,1.6443577771010454,1.6439345666815601,0.0002574375088051846
Hutchinson,2.0,160,37,1.6153112267834644,1.6439345666815601,0.01741148369175952
Hutch++,2.0,160,37,1.6437964502754483,1.6439345666815601,8.40157564121506e-05
NA-Hutch++,2.0,160,37,1.6433043927292756,1.6439345666815601,0.0003833327463614028
Gaussian-Hutch++,2.0,160,37,1.6432116164540866,1.6439345666815601,0.0004397682499814022
Hutchinson,2.0,160,38,2.0725316930310362,1.6439345666815601,0.2607142249065549
Hutch++,2.0,160,38,1.6439009321425515,1.6439345666815601,2.045977965930522e-05
NA-Hutch++,2.0,160,38,1.6447767791603845,1.6439345666815601,0.0005123150859491988
Gaussian-Hutch++,2.0,160,38,1.643096889603737,1.6439345666815601,0.0005095562164095434
Hutchinson,2.0,160,39,1.7427523001650804,1.6439345666815601,0.06011050286690752
Hutch++,2.0,160,39,1.6435389948914656,1.6439345666815601,0.00024062502128234243
NA-Hutch++,2.0,160,39,1.6431533409930206,1.6439345666815601,0.000475217021633978
Gaussian-Hutch++,2.0,160,39,1.643869895842794,1.6439345666815601,3.9339058911998446e-05
Hutchinson,2.0,160,40,1.8757362064514767,1.6439345666815601,0.1410041764848527
Hutch++,2.0,160,40,1.643983624002258,1.6439345666815601,2.9841407129091874e-05
NA-Hutch++,2.0,160,40,1.6448383418731827,1.6439345666815601,0.0005497634820386457
Gaussian-Hutch++,2.0,160,40,1.6441923427849892,1.6439345666815601,0.00015680435745649919
Hutchinson,2.0,160,41,1.909558432998682,1.6439345666815601,0.16157812585771542
Hutch++,2.0,160,41,1.6430867183553501,1.6439345666815601,0.00051574335341184
NA-Hutch++,2.0,160,41,1.6441934888273964,1.6439345666815601,0.00015750149129042647
Gaussian-Hutch++,2.0,160,41,1.6425523274491574,1.6439345666815601,0.00084081158728413
Hutchinson,2.0,160,42,1.8469047333471402,1.6439345666815601,0.12346608604702247
Hutch++,2.0,160,42,1.6449111957794258,1.6439345666815601,0.0005940802740324917
NA-Hutch++,2.0,160,42,1.6448691815957366,1.6439345666815601,0.0005685231840237212
Gaussian-Hutch++,2.0,160,42,1.6433754074458637,1.6439345666815601,0.00034013472739678394
Hutchinson,2.0,160,43,1.6455338141654774,1.6439345666815601,0.0009728169942587801
Hutch++,2.0,160,43,1.6429922160893426,1.6439345666815601,0.0005732287715804305
NA-Hutch++,2.0,160,43,1.6450732741261067,1.6439345666815601,0.000692672000227584
Gaussian-Hutch++,2.0,160,43,1.643815105467665,1.6439345666815601,7.266786423026534e-05
Hutchinson,2.0,160,44,1.7105397434506167,1.6439345666815601,0.04051571036887768
Hutch++,2.0,160,44,1.6436188719218128,1.6439345666815601,0.00019203608595238302
NA-Hutch++,2.0,160,44,1.6432995232210952,1.6439345666815601,0.0003862948522013513
Gaussian-Hutch++,2.0,160,44,1.6442163065286568,1.6439345666815601,0.00017138142405837516
Hutchinson,2.0,160,45,1.5552616028273278,1.6439345666815601,0.05393947280592024
Hutch++,2.0,160,45,1.644122310115255,1.6439345666815601,0.00011420371436908399
NA-Hutch++,2.0,160,45,1.642700330584506,1.6439345666815601,0.0007507817659345838
Gaussian-Hutch++,2.0,160,45,1.6430582679980457,1.6439345666815601,0.0005330496123597899
Hutchinson,2.0,160,46,1.5546885521778895,1.6439345666815601,0.054288057634691814
Hutch++,2.0,160,46,1.6430169766225473,1.6439345666815601,0.0005581670205189869
NA-Hutch++,2.0,160,46,1.6447829172283783,1.6439345666815601,0.000516048852559063
Gaussian-Hutch++,2.0,160,46,1.6449768085604326,1.6439345666815601,0.0006339923133171531
Hutchinson,2.0,160,47,1.4581354841358602,1.6439345666815601,0.11302097194826506
Hutch++,2.0,160,47,1.6436069738611498,1.6439345666815601,0.00019927363719321294
NA-Hutch++,2.0,160,47,1.6433088117758694,1.6439345666815601,0.0003806446548258118
Gaussian-Hutch++,2.0,160,47,1.6452475835202873,1.6439345666815601,0.0007987038324631433
Hutchinson,2.0,160,48,1.7875155383815393,1.6439345666815601,0.08733983371966633
Hutch++,2.0,160,48,1.6442158139203533,1.6439345666815601,0.00017108177204456287
NA-Hutch++,2.0,160,48,1.6430297685292725,1.6439345666815601,0.0005503857456529024
Gaussian-Hutch++,2.0,160,48,1.6438386793001474,1.6439345666815601,5.8327979322382234e-05
Hutchinson,2.0,160,49,1.7901231801303994,1.6439345666815601,0.088926053634808
Hutch++,2.0,160,49,1.6432109445756096,1.6439345666815601,0.0004401769514532818
NA-Hutch++,2.0,160,49,1.6459690265024627,1.6439345666815601,0.001237555230077867
Gaussian-Hutch++,2.0,160,49,1.6433273449813937,1.6439345666815601,0.0003693709667485165
Hutchinson,2.0,320,0,1.6103833189803525,1.6439345666815601,0.020409113830445254
Hutch++,2.0,320,0,1.6435831495506952,1.6439345666815601,0.0002137658870293845
NA-Hutch++,2.0,320,0,1.644000049547188,1.6439345666815601,3.983301218617949e-05
Gaussian-Hutch++,2.0,320,0,1.643619860062099,1.6439345666815601,0.0001914350034602393
Hutchinson,2.0,320,1,1.685577008158828,1.6439345666815601,0.025330960441647673
Hutch++,2.0,320,1,1.6440706594492722,1.6439345666815601,8.278478381704023e-05
NA-Hutch++,2.0,320,1,1.6441206352476476,1.6439345666815601,0.00011318489790204435
Gaussian-Hutch++,2.0,320,1,1.6437354561763686,1.6439345666815601,0.00012111826664331645
Hutchinson,2.0,320,2,1.7748466380937138,1.6439345666815601,0.07963338326562003
Hutch++,2.0,320,2,1.6440188856462423,1.6439345666815601,5.129094940341881e-05
NA-Hutch++,2.0,320,2,1.6440792519936884,1.6439345666815601,8.801160037674865e-05
Gaussian-Hutch++,2.0,320,2,1.6442276109199674,1.6439345666815601,0.00017825784818114533
Hutchinson,2.0,320,3,1.5475586318645163,1.6439345666815601,0.058625164754329585
Hutch++,2.0,320,3,1.6436243580583876,1.6439345666815601,0.00018869888708449844
NA-Hutch++,2.0,320,3,1.6435399835402302,1.6439345666815601,0.00024002362948447525
Gaussian-Hutch++,2.0,320,3,1.6438788691266053,1.6439345666815601,3.38806398281754e-05
Hutchinson,2.0,320,4,1.56961771363944,1.6439345666815601,0.04520669772893444
Hutch++,2.0,320,4,1.6439415208351058,1.6439345666815601,4.230188771878712e-06
NA-Hutch++,2.0,320,4,1.6434816439841222,1.6439345666815601,0.0002755113899406443
Gaussian-Hutch++,2.0,320,4,1.6440815829631434,1.6439345666815601,8.942952144383614e-05
Hutchinson,2.0,320,5,1.7093722680810899,1.6439345666815601,0.03980553893432757
Hutch++,2.0,320,5,1.643786521977835,1.6439345666815601,9.005510725651662e-05
NA-Hutch++,2.0,320,5,1.64406559689197,1.6439345666815601,7.97052468300668e-05
Gaussian-Hutch++,2.0,320,5,1.6439772215281534,1.6439345666815601,2.594680315006314e-05
Hutchinson,2.0,320,6,1.6399419427635025,1.6439345666815601,0.0024287000218732265
Hutch++,2.0,320,6,1.6438098206298755,1.6439345666815601,7.588261370796367e-05
NA-Hutch++,2.0,320,6,1.6438506732408198,1.6439345666815601,5.103210458654789e-05
Gaussian-Hutch++,2.0,320,6,1.644178521427605,1.6439345666815601,0.00014839687113418954
Hutchinson,2.0,320,7,1.7361021011551472,1.6439345666815601,0.05606520864126367
Hutch++,2.0,320,7,1.6439656323515501,1.6439345666815601,1.889714506868345e-05
NA-Hutch++,2.0,320,7,1.6438887507192266,1.6439345666815601,2.7869699477172446e-05
Gaussian-Hutch++,2.0,320,7,1.6439130534536854,1.6439345666815601,1.3086425889881151e-05
Hutchinson,2.0,320,8,1.6659865858173581,1.6439345666815601,0.013414170845201058
Hutch++,2.0,320,8,1.643962940777493,1.6439345666815601,1.725986940592822e-05
NA-Hutch++,2.0,320,8,1.6438073602357528,1.6439345666815601,7.737926337549113e-05
Gaussian-Hutch++,2.0,320,8,1.6442096807486857,1.6439345666815601,0.00016735098385387215
Hutchinson,2.0,320,9,1.6702846006831862,1.6439345666815601,0.016028639178027704
Hutch++,2.0,320,9,1.6439407963362382,1.6439345666815601,3.7894784892131792e-06
NA-Hutch++,2.0,320,9,1.643866133871562,1.6439345666815601,4.1627453662075164e-05
Gaussian-Hutch++,2.0,320,9,1.6438803910463666,1.6439345666815601,3.295486103370725e-05
Hutchinson,2.0,320,10,1.6852094131708657,1.6439345666815601,0.025107353617256686
Hutch++,2.0,320,10,1.6440397248894256,1.6439345666815601,6.396739261816767e-05
NA-Hutch++,2.0,320,10,1.6437083189457513,1.6439345666815601,0.00013762575493836006
Gaussian-Hutch++,2.0,320,10,1.643969566126458,1.6439345666815601,2.129004743082357e-05
Hutchinson,2.0,320,11,1.637023758629762,1.6439345666815601,0.00420382185025055
Hutch++,2.0,320,11,1.643954142764325,1.6439345666815601,1.1908066879043948e-05
NA-Hutch++,2.0,320,11,1.6438770881423979,1.6439345666815601,3.4964006674727956e-05
Gaussian-Hutch++,2.0,320,11,1.643948408385628,1.6439345666815601,8.419863143190238e-06
Hutchinson,2.0,320,12,1.624189707373737,1.6439345666815601,0.012010733096074498
Hutch++,2.0,320,12,1.6439587537276217,1.6439345666815601,1.4712900715006063e-05
NA-Hutch++,2.0,320,12,1.643936418047591,1.6439345666815601,1.126179878717503e-06
Gaussian-Hutch++,2.0,320,12,1.6437592323502872,1.6439345666815601,0.00010665529810402013
Hutchinson,2.0,320,13,1.563068621036153,1.6439345666815601,0.04919048925934001
Hutch++,2.0,320,13,1.6438366204404107,1.6439345666815601,5.9580376941135235e-05
NA-Hutch++,2.0,320,13,1.6439156484210178,1.6439345666815601,1.1507915780694777e-05
Gaussian-Hutch++,2.0,320,13,1.6440281681259004,1.6439345666815601,5.693745130572532e-05
Hutchinson,2.0,320,14,1.572743543513147,1.6439345666815601,0.04330526567862072
Hutch++,2.0,320,14,1.6437046584599448,1.6439345666815601,0.00013985241643733691
NA-Hutch++,2.0,320,14,1.6439142239383233,1.6439345666815601,1.2374423927270863e-05
Gaussian-Hutch++,2.0,320,14,1.6439422603952902,1.6439345666815601,4.680060804145238e-06
Hutchinson,2.0,320,15,1.7010035070131235,1.6439345666815601,0.03471484905069095
Hutch++,2.0,320,15,1.643950709139848,1.6439345666815601,9.819404382033273e-06
NA-Hutch++,2.0,320,15,1.6443173705974559,1.6439345666815601,0.00023285836532317813
Gaussian-Hutch++,2.0,320,15,1.6440455111710877,1.6439345666815601,6.748716875725987e-05
Hutchinson,2.0,320,16,1.5239070177185312,1.6439345666815601,0.07301236399287842
Hutch++,2.0,320,16,1.644033803209762,1.6439345666815601,6.036525431914308e-05
NA-Hutch++,2.0,320,16,1.6442680283895486,1.6439345666815601,0.00020284366223988435
Gaussian-Hutch++,2.0,320,16,1.6438070851761806,1.6439345666815601,7.754658121027898e-05
Hutchinson,2.0,320,17,1.6494514087972287,1.6439345666815601,0.003355876947587326
Hutch++,2.0,320,17,1.6439439609741078,1.6439345666815601,5.7145173159853665e-06
NA-Hutch++,2.0,320,17,1.644139617632744,1.6439345666815601,0.00012473182043848884
Gaussian-Hutch++,2.0,320,17,1.644116049906138,1.6439345666815601,0.00011039564971508291
Hutchinson,2.0,320,18,1.596890876988047,1.6439345666815601,0.028616521999701813
Hutch++,2.0,320,18,1.64389128588672,1.6439345666815601,2.632756541364537e-05
NA-Hutch++,2.0,320,18,1.6438107212795467,1.6439345666815601,7.533475146968422e-05
Gaussian-Hutch++,2.0,320,18,1.6441958811406014,1.6439345666815601,0.00015895672755930049
Hutchinson,2.0,320,19,1.5943470563809161,1.6439345666815601,0.03016391972384957
Hutch++,2.0,320,19,1.6441358515398308,1.6439345666815601,0.000122440918483123
NA-Hutch++,2.0,320,19,1.643763088813073,1.6439345666815601,0.00010430942445190569
Gaussian-Hutch++,2.0,320,19,1.644117581714401,1.6439345666815601,0.0001113274436525948
Hutchinson,2.0,320,20,1.6686348506060569,1.6439345666815601,0.01502510162211422
Hutch++,2.0,320,20,1.6438065432940367,1.6439345666815601,7.787620633940857e-05
NA-Hutch++,2.0,320,20,1.6438734647973186,1.6439345666815601,3.7168075591303325e-05
Gaussian-Hutch++,2.0,320,20,1.6435678952826096,1.6439345666815601,0.00022304500822723487
Hutchinson,2.0,320,21,1.688055755986691,1.6439345666815601,0.026838774607795882
Hutch++,2.0,320,21,1.6438416039226564,1.6439345666815601,5.6548941051434994e-05
NA-Hutch++,2.0,320,21,1.6440359259205086,1.6439345666815601,6.165649229768223e-05
Gaussian-Hutch++,2.0,320,21,1.6442834829564457,1.6439345666815601,0.00021224462454722678
Hutchinson,2.0,320,22,1.6114576572770196,1.6439345666815601,0.019755597371553708
Hutch++,2.0,320,22,1.6437930374019385,1.6439345666815601,8.609179616395754e-05
NA-Hutch++,2.0,320,22,1.6437636617411653,1.6439345666815601,0.000103960914174238
Gaussian-Hutch++,2.0,320,22,1.6439487691820345,1.6439345666815601,8.639334412814531e-06
Hutchinson,2.0,320,23,1.6816048705223643,1.6439345666815601,0.022914722157613178
Hutch++,2.0,320,23,1.6440246688183469,1.6439345666815601,5.4808834008891985e-05
NA-Hutch++,2.0,320,23,1.6443365079461092,1.6439345666815601,0.0002444995516825363
Gaussian-Hutch++,2.0,320,23,1.6438650089861881,1.6439345666815601,4.2311717742141635e-05
Hutchinson,2.0,320,24,1.6023742726203984,1.6439345666815601,0.025280990438114048
Hutch++,2.0,320,24,1.643818278223445,1.6439345666815601,7.073788730528142e-05
NA-Hutch++,2.0,320,24,1.6433485034081468,1.6439345666815601,0.0003565003652161157
Gaussian-Hutch++,2.0,320,24,1.6440868142758152,1.6439345666815601,9.261171176803874e-05
Hutchinson,2.0,320,25,1.5855708437176008,1.6439345666815601,0.03550246107530429
Hutch++,2.0,320,25,1.6439951818609377,1.6439345666815601,3.687201462036748e-05
NA-Hutch++,2.0,320,25,1.6439495237779558,1.6439345666815601,9.098352634462626e-06
Gaussian-Hutch++,2.0,320,25,1.6438855665155856,1.6439345666815601,2.980664009848318e-05
Hutchinson,2.0,320,26,1.625626384293803,1.6439345666815601,0.011136807242099627
Hutch++,2.0,320,26,1.6439505289372864,1.6439345666815601,9.709787755440194e-06
NA-Hutch++,2.0,320,26,1.6441348453449738,1.6439345666815601,0.00012182885345487761
Gaussian-Hutch++,2.0,320,26,1.6440030449174794,1.6439345666815601,4.1655086100839735e-05
Hutchinson,2.0,320,27,1.5653257178098146,1.6439345666815601,0.0478175047017991
Hutch++,2.0,320,27,1.6437517423837626,1.6439345666815601,0.00011121142015191494
NA-Hutch++,2.0,320,27,1.6438626495351953,1.6439345666815601,4.3746964035167014e-05
Gaussian-Hutch++,2.0,320,27,1.6435347925398736,1.6439345666815601,0.00024318129795978028
Hutchinson,2.0,320,28,1.6241841761211304,1.6439345666815601,0.012014097738876415
Hutch++,2.0,320,28,1.6438000489096496,1.6439345666815601,8.182671904154507e-05
NA-Hutch++,2.0,320,28,1.644230092273242,1.6439345666815601,0.00017976724723200855
Gaussian-Hutch++,2.0,320,28,1.6438319753244306,1.6439345666815601,6.240598574225731e-05
Hutchinson,2.0,320,29,1.519940769304753,1.6439345666815601,0.07542501988208718
Hutch++,2.0,320,29,1.6439703451143004,1.6439345666815601,2.1763903178030115e-05
NA-Hutch++,2.0,320,29,1.6436752274436042,1.6439345666815601,0.0001577552070575771
Gaussian-Hutch++,2.0,320,29,1.6441321159879398,1.6439345666815601,0.00012016859453140567
Hutchinson,2.0,320,30,1.5609942722894354,1.6439345666815601,0.05045230879203887
Hutch++,2.0,320,30,1.6438614476019995,1.6439345666815601,4.4478096052353297e-05
NA-Hutch++,2.0,320,30,1.643713294868855,1.6439345666815601,0.00013459891724990959
Gaussian-Hutch++,2.0,320,30,1.6439546142224004,1.6439345666815601,1.2194853278590262e-05
Hutchinson,2.0,320,31,1.6740456097470537,1.6439345666815601,0.01831644864447108
Hutch++,2.0,320,31,1.6439158360457395,1.6439345666815601,1.1393784278406405e-05
NA-Hutch++,2.0,320,31,1.6439065072703807,1.6439345666815601,1.7068447703541608e-05
Gaussian-Hutch++,2.0,320,31,1.643773083186452,1.6439345666815601,9.8229879936157e-05
Hutchinson,2.0,320,32,1.469843890823622,1.6439345666815601,0.10589878659790997
Hutch++,2.0,320,32,1.643858708581146,1.6439345666815601,4.6144233445515134e-05
NA-Hutch++,2.0,320,32,1.6439648060966257,1.6439345666815601,1.839453691065462e-05
Gaussian-Hutch++,2.0,320,32,1.6439910573236944,1.6439345666815601,3.4363072155810985e-05
Hutchinson,2.0,320,33,1.7493976835509926,1.6439345666815601,0.06415286776426866
Hutch++,2.0,320,33,1.6441603866665748,1.6439345666815601,0.0001373655555345711
NA-Hutch++,2.0,320,33,1.6442856098232714,1.6439345666815601,0.00021353839065499974
Gaussian-Hutch++,2.0,320,33,1.6442464979453575,1.6439345666815601,0.00018974676372127364
Hutchinson,2.0,320,34,1.5010033709739448,1.6439345666815601,0.08694457711667668
Hutch++,2.0,320,34,1.6441082185455047,1.6439345666815601,0.00010563185875160007
NA-Hutch++,2.0,320,34,1.6434228011856173,1.6439345666815601,0.00031130527109472
Gaussian-Hutch++,2.0,320,34,1.6442382367318569,1.6439345666815601,0.00018472149466978606
Hutchinson,2.0,320,35,1.6045638994224372,1.6439345666815601,0.023949047642812478
Hutch++,2.0,320,35,1.6438543421660528,1.6439345666815601,4.880030941214256e-05
NA-Hutch++,2.0,320,35,1.6440634374531948,1.6439345666815601,7.839166731242945e-05
Gaussian-Hutch++,2.0,320,35,1.6438058625143503,1.6439345666815601,7.829032238769867e-05
Hutchinson,2.0,320,36,1.5323037483582114,1.6439345666815601,0.06790466031059028
Hutch++,2.0,320,36,1.6439191354519247,1.6439345666815601,9.386766327677747e-06
NA-Hutch++,2.0,320,36,1.643859581473277,1.6439345666815601,4.5613256027853776e-05
Gaussian-Hutch++,2.0,320,36,1.6441326449135492,1.6439345666815601,0.00012049033824312695
Hutchinson,2.0,320,37,1.6275282478201905,1.6439345666815601,0.009979909902671736
Hutch++,2.0,320,37,1.6437504853641682,1.6439345666815601,0.00011197606104449703
NA-Hutch++,2.0,320,37,1.6439432098868914,1.6439345666815601,5.2576334279982975e-06
Gaussian-Hutch++,2.0,320,37,1.643866095024288,1.6439345666815601,4.165108433135578e-05
Hutchinson,2.0,320,38,1.5928346645733424,1.6439345666815601,0.031083902695329138
Hutch++,2.0,320,38,1.64380836522716,1.6439345666815601,7.676793040179869e-05
NA-Hutch++,2.0,320,38,1.6444670591853938,1.6439345666815601,0.00032391344194956603
Gaussian-Hutch++,2.0,320,38,1.6438430126200017,1.6439345666815601,5.5692035080985556e-05
Hutchinson,2.0,320,39,1.7312328640691572,1.6439345666815601,0.05310326770719171
Hutch++,2.0,320,39,1.643918349165429,1.6439345666815601,9.865061821687643e-06
NA-Hutch++,2.0,320,39,1.6435692293005522,1.6439345666815601,0.0002222335294922578
Gaussian-Hutch++,2.0,320,39,1.6439536848295953,1.6439345666815601,1.1629506686337381e-05
Hutchinson,2.0,320,40,1.6891190504931963,1.6439345666815601,0.027485573165387855
Hutch++,2.0,320,40,1.644006039177964,1.6439345666815601,4.3476484923733264e-05
NA-Hutch++,2.0,320,40,1.643861521496851,1.6439345666815601,4.443314605673381e-05
Gaussian-Hutch++,2.0,320,40,1.644038908357444,1.6439345666815601,6.347069889438232e-05
Hutchinson,2.0,320,41,1.6244726498483169,1.6439345666815601,0.011838620117666255
Hutch++,2.0,320,41,1.6439797503816813,1.6439345666815601,2.748509644906067e-05
NA-Hutch++,2.0,320,41,1.6437639737035927,1.6439345666815601,0.0001037711484537715
Gaussian-Hutch++,2.0,320,41,1.6438209335298384,1.6439345666815601,6.912267314332807e-05
Hutchinson,2.0,320,42,1.7285179367518715,1.6439345666815601,0.051451786332987096
Hutch++,2.0,320,42,1.6439867603343956,1.6439345666815601,3.174922767202587e-05
NA-Hutch++,2.0,320,42,1.6445800591186026,1.6439345666815601,0.0003926509303502703
Gaussian-Hutch++,2.0,320,42,1.6437746047119857,1.6439345666815601,9.730434094914198e-05
Hutchinson,2.0,320,43,1.6855257529115495,1.6439345666815601,0.02529978204299528
Hutch++,2.0,320,43,1.6438019210972405,1.6439345666815601,8.068787347621589e-05
NA-Hutch++,2.0,320,43,1.6439391400131842,1.6439345666815601,2.7819426130207628e-06
Gaussian-Hutch++,2.0,320,43,1.643870289211819,1.6439345666815601,3.909977382541178e-05
Hutchinson,2.0,320,44,1.689855340742558,1.6439345666815601,0.027933456106889597
Hutch++,2.0,320,44,1.643773336364242,1.6439345666815601,9.807587271775836e-05
NA-Hutch++,2.0,320,44,1.6433933966942549,1.6439345666815601,0.0003291919266577922
Gaussian-Hutch++,2.0,320,44,1.6440542925681512,1.6439345666815601,7.282886376233087e-05
Hutchinson,2.0,320,45,1.711374497216297,1.6439345666815601,0.041023488344107774
Hutch++,2.0,320,45,1.643970902216035,1.6439345666815601,2.2102786334217046e-05
NA-Hutch++,2.0,320,45,1.6444186152667934,1.6439345666815601,0.00029444516530266745
Gaussian-Hutch++,2.0,320,45,1.643925995968671,1.6439345666815601,5.213536513486947e-06
Hutchinson,2.0,320,46,1.641557949203363,1.6439345666815601,0.0014456886097325666
Hutch++,2.0,320,46,1.6437747029263199,1.6439345666815601,9.724459749206557e-05
NA-Hutch++,2.0,320,46,1.6437942200621039,1.6439345666815601,8.537238786795548e-05
Gaussian-Hutch++,2.0,320,46,1.6439631303607685,1.6439345666815601,1.7375192290041216e-05
Hutchinson,2.0,320,47,1.6312882317576591,1.6439345666815601,0.007692724017251389
Hutch++,2.0,320,47,1.643802786303395,1.6439345666815601,8.016157141284032e-05
NA-Hutch++,2.0,320,47,1.6439498713428882,1.6439345666815601,9.309775241806355e-06
Gaussian-Hutch++,2.0,320,47,1.6438265136586934,1.6439345666815601,6.572829907997876e-05
Hutchinson,2.0,320,48,1.7477759265954038,1.6439345666815601,0.06316635833228901
Hutch++,2.0,320,48,1.6440836507943064,1.6439345666815601,9.068737635173577e-05
NA-Hutch++,2.0,320,48,1.6443209443147042,1.6439345666815601,0.00023503224579310745
Gaussian-Hutch++,2.0,320,48,1.6437840832920345,1.6439345666815601,9.153855182288563e-05
Hutchinson,2.0,320,49,1.6627933561536132,1.6439345666815601,0.011471739723875619
Hutch++,2.0,320,49,1.643701826160058,1.6439345666815601,0.00014157529516027967
NA-Hutch++,2.0,320,49,1.643944803099176,1.6439345666815601,6.22677923029217e-06
Gaussian-Hutch++,2.0,320,49,1.6438075213893606,1.6439345666815601,7.728123416492651e-05
