case_name,orient_idx,orient_type,trial,seed,dimension,budget_m,query_count_per_method,diag_concentration,gate_triggered,r_knee_detected,q_target,rel_err_hutch,rel_err_hpp,rel_err_ghpp,rel_err_gated,sq_err_hutch,sq_err_hpp,sq_err_ghpp,sq_err_gated
"Step (r*=5, eta=1e-3)",0,Coordinate-Aligned (U=I),0,2026,100,60,60,0.9999999999999998,True,5,8,8.716176837096428e-16,1.34614059166413e-05,0.0001812412984094977,0.00017717456747110455,1.9721522630525295e-29,4.704020623384088e-09,8.527126509501646e-07,8.148752721718783e-07
"Step (r*=5, eta=1e-3)",0,Coordinate-Aligned (U=I),1,2026,100,60,60,0.9999999999999998,True,5,8,8.716176837096428e-16,7.383640605709359e-05,0.0002546835435042552,0.00014074831454977067,1.9721522630525295e-29,1.415237982312629e-07,1.6837986002210524e-06,5.142505709058384e-07
"Step (r*=5, eta=1e-3)",0,Coordinate-Aligned (U=I),2,2026,100,60,60,0.9999999999999998,True,5,8,8.716176837096428e-16,2.8984324034137053e-05,8.416800991817828e-05,3.559959860002188e-05,1.9721522630525295e-29,2.1807944302259827e-08,1.8390032392996044e-07,3.289868802759534e-08
"Step (r*=5, eta=1e-3)",0,Coordinate-Aligned (U=I),3,2026,100,60,60,0.9999999999999998,True,5,8,8.716176837096428e-16,0.0003490042465367401,0.00020147479973310397,9.370635014910074e-05,1.9721522630525295e-29,3.161912149188588e-06,1.053731207025197e-06,2.2794308495452485e-07
"Step (r*=5, eta=1e-3)",0,Coordinate-Aligned (U=I),4,2026,100,60,60,0.9999999999999998,True,5,8,8.716176837096428e-16,7.798120010095948e-05,0.00025242474361901067,7.175555037428173e-06,1.9721522630525295e-29,1.5785858505518527e-07,1.6540636756266454e-06,1.33659359749503e-09
"Step (r*=5, eta=1e-3)",0,Coordinate-Aligned (U=I),5,2026,100,60,60,0.9999999999999998,True,5,8,8.716176837096428e-16,0.00011954555156314984,4.891434458871455e-07,4.0813710689490585e-05,1.9721522630525295e-29,3.709840319456124e-07,6.210990344809048e-12,4.3241479012165756e-08
"Step (r*=5, eta=1e-3)",0,Coordinate-Aligned (U=I),6,2026,100,60,60,0.9999999999999998,True,5,8,8.716176837096428e-16,0.0002659927331482452,0.0002589396483349437,5.83442533123573e-05,1.9721522630525295e-29,1.8366564175852673e-06,1.7405459153182933e-06,8.836586823260897e-08
"Step (r*=5, eta=1e-3)",0,Coordinate-Aligned (U=I),7,2026,100,60,60,0.9999999999999998,True,4,8,8.716176837096428e-16,0.00017901686260403906,5.85451688180706e-05,0.03567463402043724,1.9721522630525295e-29,8.31909837166394e-07,8.897551327029628e-08,0.03303751928177116
"Step (r*=5, eta=1e-3)",0,Coordinate-Aligned (U=I),8,2026,100,60,60,0.9999999999999998,True,5,8,8.716176837096428e-16,0.00013937019471226694,9.257052348314442e-05,8.296715145694218e-05,1.9721522630525295e-29,5.042294300306541e-07,2.2245072012453756e-07,1.7869020035450788e-07
"Step (r*=5, eta=1e-3)",0,Coordinate-Aligned (U=I),9,2026,100,60,60,0.9999999999999998,True,5,8,8.716176837096428e-16,8.290252388534561e-05,0.00010033497497588889,1.1715199821469245e-05,1.9721522630525295e-29,1.7841192598415015e-07,2.613322875710582e-07,3.5627699272473088e-09
"Step (r*=5, eta=1e-3)",1,Haar-Random,0,2026,100,60,60,0.803764001843041,True,5,8,0.05981293554683214,0.00034265583764624244,0.0002740095966293236,4.5759540672539035e-05,0.09287067708904029,3.0479276012788256e-06,1.949036280579709e-06,5.435652561692954e-08
"Step (r*=5, eta=1e-3)",1,Haar-Random,1,2026,100,60,60,0.803764001843041,True,5,8,0.1042064884195887,0.00023481760619777398,0.0001025448706160485,4.6786606875554546e-05,0.28188885074071546,1.4313626795390778e-06,2.7297084214740096e-07,5.682395743088431e-08
"Step (r*=5, eta=1e-3)",1,Haar-Random,2,2026,100,60,60,0.803764001843041,True,5,8,0.04837897239318346,7.293094292686439e-05,0.0002471561944163015,6.844452920634506e-05,0.060757746204692084,1.3807404049441674e-07,1.5857377889897e-06,1.216090393548636e-07
"Step (r*=5, eta=1e-3)",1,Haar-Random,3,2026,100,60,60,0.803764001843041,True,5,8,0.13523632883674563,0.00012055754891052655,0.00026483809122679634,3.137344030905302e-05,0.4747610943397385,3.772916519086564e-07,1.8207456243641853e-06,2.5551280281757554e-08
"Step (r*=5, eta=1e-3)",1,Haar-Random,4,2026,100,60,60,0.803764001843041,True,5,8,0.013406520220880687,6.570398050200632e-05,2.3107502064325495e-05,9.313984497315048e-05,0.004665739762462806,1.120654497891287e-07,1.3860994069171484e-08,2.2519533937836627e-07
"Step (r*=5, eta=1e-3)",1,Haar-Random,5,2026,100,60,60,0.803764001843041,True,5,8,0.005606174376985577,0.0004671299485524359,0.0002568261191050015,0.00017982826252113435,0.0008158711586672352,5.6645289390171285e-06,1.7122483449356943e-06,8.394682461266625e-07
"Step (r*=5, eta=1e-3)",1,Haar-Random,6,2026,100,60,60,0.803764001843041,True,5,8,0.012918511244124544,0.00037436717408312163,0.00017868161290117407,0.00023518448992165502,0.004332248018833843,3.638177628552789e-06,8.28796874820711e-07,1.4358389530697521e-06
"Step (r*=5, eta=1e-3)",1,Haar-Random,7,2026,100,60,60,0.803764001843041,True,5,8,0.1302846739303113,0.00020202647313830645,0.0005530176577155113,5.126737983019092e-05,0.4406309891950153,1.0595097099038718e-06,7.939010449367591e-06,6.822925369596471e-08
"Step (r*=5, eta=1e-3)",1,Haar-Random,8,2026,100,60,60,0.803764001843041,True,5,8,0.07643881875832495,9.285934618960006e-05,0.00011048124760354749,3.8385247637990794e-05,0.15167580580115445,2.2384099093004857e-07,3.1685861267664326e-07,3.824873446097223e-08
"Step (r*=5, eta=1e-3)",1,Haar-Random,9,2026,100,60,60,0.803764001843041,True,5,8,0.03610443454890182,0.000550044350269702,0.00021074995845115529,4.149119145581981e-05,0.03383837289679117,7.853871532295945e-06,1.1529842427104044e-06,4.468895393927963e-08
"Step (r*=5, eta=1e-3)",2,Haar-Random,0,2026,100,60,60,0.8041334741945677,True,5,8,0.11694512577163767,0.0007606598167945493,0.00010908429530028574,2.650321657133399e-05,0.3550198427292968,1.5019979006485422e-05,3.088963932720174e-07,1.823415102478132e-08
"Step (r*=5, eta=1e-3)",2,Haar-Random,1,2026,100,60,60,0.8041334741945677,True,5,8,0.0195610574061323,0.0003951068455107924,1.2859039916752502e-05,0.00018092155170388306,0.009932830670229553,4.0524483201480464e-06,4.292452179758365e-09,8.497065860369483e-07
"Step (r*=5, eta=1e-3)",2,Haar-Random,2,2026,100,60,60,0.8041334741945677,True,5,8,0.02776452714016044,0.00016845223814521818,3.106317080989665e-05,3.502103724749335e-05,0.020011006794298507,7.366173569253963e-07,2.5048397479088305e-08,3.183804456392891e-08
"Step (r*=5, eta=1e-3)",2,Haar-Random,3,2026,100,60,60,0.8041334741945677,True,5,8,0.0149263967284209,0.00011300810905745996,0.0001046664865825486,2.8680131813449604e-05,0.0057836011814914766,3.3151836566090666e-07,2.843830246187854e-07,2.1352594997112616e-08
"Step (r*=5, eta=1e-3)",2,Haar-Random,4,2026,100,60,60,0.8041334741945677,True,5,8,0.03307742883251722,0.0003135192249263763,0.00010301350158237862,4.3618700415010606e-05,0.028402192337108705,2.551624305236598e-06,2.754715014675292e-07,4.9389408005969495e-08
"Step (r*=5, eta=1e-3)",2,Haar-Random,5,2026,100,60,60,0.8041334741945677,True,5,8,0.060192658444850784,0.0001504468884620813,2.806516078246492e-05,4.763134001978895e-05,0.09405360057466622,5.875634833864606e-07,2.044671040147742e-08,5.889439654607784e-08
"Step (r*=5, eta=1e-3)",2,Haar-Random,6,2026,100,60,60,0.8041334741945677,True,5,8,0.02101735878492298,0.0002031029304227114,8.051012001164632e-05,0.00011260927708514876,0.011466863766700834,1.0708305574594203e-06,1.6826327002212143e-07,3.291824836271553e-07
"Step (r*=5, eta=1e-3)",2,Haar-Random,7,2026,100,60,60,0.8041334741945677,True,5,8,0.07620441654315882,0.00032528801478989947,0.00017745125148964253,3.8256542925374364e-05,0.15074699415846396,2.7467839480269055e-06,8.174223534470495e-07,3.7992670494562496e-08
"Step (r*=5, eta=1e-3)",2,Haar-Random,8,2026,100,60,60,0.8041334741945677,True,5,8,0.035956130731432064,1.8468858909949918e-05,3.205200711328235e-05,0.0001629462425084752,0.03356095251083082,8.854590964068407e-09,2.666851526545683e-08,6.892504798294957e-07
"Step (r*=5, eta=1e-3)",2,Haar-Random,9,2026,100,60,60,0.8041334741945677,True,5,8,0.09917647186309254,0.0003814596309982074,0.0001931638230024709,1.7530279700264038e-05,0.25533225787537467,3.7773353704464147e-06,9.685899554835447e-07,7.97748630941322e-09
"Step (r*=5, eta=1e-3)",3,Haar-Random,0,2026,100,60,60,0.8040042598190861,True,5,8,0.08866090830979051,0.00016970502640125505,0.0003148189015677258,5.315037979083585e-05,0.20405757871600524,7.47614623991596e-07,2.572823389593404e-06,7.333328181598573e-08
"Step (r*=5, eta=1e-3)",3,Haar-Random,1,2026,100,60,60,0.8040042598190861,True,5,8,0.05099797175489345,0.00015453061588063276,0.00023859854396167428,0.00024320747093337862,0.06751405370271599,6.19894021187397e-07,1.4778282180556271e-06,1.53547305577928e-06
"Step (r*=5, eta=1e-3)",3,Haar-Random,2,2026,100,60,60,0.8040042598190861,True,5,8,0.18143608805939093,0.00022620509048275822,0.00020697648771008975,8.057368128504277e-05,0.8545465470679592,1.3282906777253323e-06,1.1120655891415306e-06,1.685290564716188e-07
"Step (r*=5, eta=1e-3)",3,Haar-Random,3,2026,100,60,60,0.8040042598190861,True,5,8,0.047848908399766805,0.00015170027934952932,5.449190265528095e-05,2.613783716526599e-05,0.05943365590979488,5.9739438698228e-07,7.708188399833952e-08,1.7734856255491425e-08
"Step (r*=5, eta=1e-3)",3,Haar-Random,4,2026,100,60,60,0.8040042598190861,True,5,8,0.09059742336503449,0.000196533324529639,4.120610761338574e-05,4.7189770707564966e-05,0.21306890270935758,1.0026763652974946e-06,4.4076952693886124e-08,5.780748976427111e-08
"Step (r*=5, eta=1e-3)",3,Haar-Random,5,2026,100,60,60,0.8040042598190861,True,5,8,0.08184817178204754,5.440849091670273e-05,3.999736444698303e-06,5.043283842297578e-05,0.1739027072515463,7.68460833475158e-08,4.1528966869382437e-10,6.602603224427989e-08
"Step (r*=5, eta=1e-3)",3,Haar-Random,6,2026,100,60,60,0.8040042598190861,True,5,8,0.011390757950258755,0.00016658512514091864,8.736084927973915e-05,6.503027423038363e-05,0.003368167053416183,7.203786208780534e-07,1.9811714981929716e-07,1.0977907005263967e-07
"Step (r*=5, eta=1e-3)",3,Haar-Random,7,2026,100,60,60,0.8040042598190861,True,5,8,0.03513845939233909,0.0005603847712379881,3.0255165285321136e-06,0.00010053869450968378,0.03205190224345965,8.151940963733786e-06,2.376224319578612e-10,2.623945799443842e-07
"Step (r*=5, eta=1e-3)",3,Haar-Random,8,2026,100,60,60,0.8040042598190861,True,5,8,0.06041199713906758,0.00025762525083654526,0.00014978316264090138,2.8445105176631953e-05,0.09474030161150167,1.7229204742880458e-06,5.823906171251335e-07,2.100407036500228e-08
"Step (r*=5, eta=1e-3)",3,Haar-Random,9,2026,100,60,60,0.8040042598190861,True,5,8,0.004889518869154728,0.0007358769837713209,9.347767575876244e-05,0.00014186560969131474,0.0006206126585665469,1.4057199741882134e-05,2.2683192983818893e-07,5.224474747868425e-07
"Step (r*=5, eta=1e-3)",4,Haar-Random,0,2026,100,60,60,0.8037291519949001,True,5,8,0.05535009165899484,0.00013722101778564495,7.902631677997276e-05,0.00014298438041831786,0.07952891646544039,4.887982575989204e-07,1.6211823195949588e-07,5.307201443924033e-07
"Step (r*=5, eta=1e-3)",4,Haar-Random,1,2026,100,60,60,0.8037291519949001,True,5,8,0.09901033021148718,0.00038836919941788635,2.975802473376304e-05,1.9681597473670595e-05,0.25447750291438564,3.915416226197293e-06,2.298775593445917e-08,1.0055624964693735e-08
"Step (r*=5, eta=1e-3)",4,Haar-Random,2,2026,100,60,60,0.8037291519949001,True,5,8,0.11648889587201725,0.00024641675841879685,0.00018607120328994635,2.921751000424504e-06,0.3522552174627737,1.5762636376287729e-06,8.987661533998531e-07,2.216025632509959e-10
"Step (r*=5, eta=1e-3)",4,Haar-Random,3,2026,100,60,60,0.8037291519949001,True,5,8,0.05322112430163949,0.0004060527126611566,0.00014014322728869797,7.207023864963248e-05,0.07352862867144712,4.280093032892869e-06,5.098384739399355e-07,1.3483427273611206e-07
"Step (r*=5, eta=1e-3)",4,Haar-Random,4,2026,100,60,60,0.8037291519949001,True,5,8,0.08553308266080552,0.00023404595082923165,4.314788990974102e-05,7.104854848948376e-06,0.18991384462626243,1.42197067623513e-06,4.8328965682201223e-08,1.3103846475549052e-09
"Step (r*=5, eta=1e-3)",4,Haar-Random,5,2026,100,60,60,0.8037291519949001,True,5,8,0.030239286932326557,0.00044952620183799646,0.00018374212023908795,1.850445221698897e-05,0.02373730819548558,5.245638985404723e-06,8.764069716912608e-07,8.888753103664423e-09
"Step (r*=5, eta=1e-3)",4,Haar-Random,6,2026,100,60,60,0.8037291519949001,True,5,8,0.14485589924505723,0.00022297023742251656,0.00016920793776568674,5.468390242728847e-05,0.5447042322858463,1.290571794277929e-06,7.432413126846635e-07,7.762603006326506e-08
"Step (r*=5, eta=1e-3)",4,Haar-Random,7,2026,100,60,60,0.8037291519949001,True,5,8,0.03678003275168379,9.179911328235254e-05,5.377134871945215e-05,4.447963688857861e-05,0.035116611255680594,2.1875870769683416e-07,7.50568331291131e-08,5.135832404017991e-08
"Step (r*=5, eta=1e-3)",4,Haar-Random,8,2026,100,60,60,0.8037291519949001,True,5,8,0.025315638790945862,8.726631351402262e-05,0.00023850056071756295,7.540281104000483e-05,0.01663666063001073,1.976886049293089e-07,1.4766146928743577e-06,1.47592214930277e-07
"Step (r*=5, eta=1e-3)",4,Haar-Random,9,2026,100,60,60,0.8037291519949001,True,5,8,0.08205421703366003,0.00011828345935140439,4.920958722572617e-05,0.00012523783555878925,0.1747793775046913,3.631921153869354e-07,6.286194596519994e-08,4.0715472882092103e-07
"Step (r*=5, eta=1e-3)",5,Haar-Random,0,2026,100,60,60,0.8037794887912721,True,5,8,0.2255005336608912,0.00016203843820704626,8.323474477184597e-05,2.192399942332693e-05,1.3200291588593442,6.815919836087128e-07,1.7984471543643431e-07,1.2477510403329498e-08
"Step (r*=5, eta=1e-3)",5,Haar-Random,1,2026,100,60,60,0.8037794887912721,True,5,8,0.1302329755162889,5.341785140089084e-05,0.0004279150787385809,0.00018467187364910363,0.4402813639787961,7.407321725137033e-08,4.753391193791764e-06,8.852988246987542e-07
"Step (r*=5, eta=1e-3)",5,Haar-Random,2,2026,100,60,60,0.8037794887912721,True,5,8,0.015099174784437468,0.000270373442952705,0.00017054735845963877,2.543648418098449e-05,0.005918270369826756,1.8976514188067347e-06,7.55054623116029e-07,1.6795871486267416e-08
"Step (r*=5, eta=1e-3)",5,Haar-Random,3,2026,100,60,60,0.8037794887912721,True,5,8,0.09049307106839068,6.108598000171993e-05,0.00031561972084924943,9.906606093503157e-05,0.21257834958863941,9.686602268439373e-08,2.585929255172364e-06,2.5476406304928187e-07
"Step (r*=5, eta=1e-3)",5,Haar-Random,4,2026,100,60,60,0.8037794887912721,True,5,8,0.0924907203753764,9.193385972503363e-06,0.0001185777397521282,9.82363904917692e-05,0.2220673452402134,2.1940138474123825e-09,3.6500155310486434e-07,2.5051467417275443e-07
"Step (r*=5, eta=1e-3)",5,Haar-Random,5,2026,100,60,60,0.8037794887912721,True,5,8,0.037489629473290216,0.0002728749878050273,7.716463809943077e-05,0.00014486574632016023,0.0364846910409274,1.9329287036106563e-06,1.5456993492165958e-07,5.447782910687001e-07
"Step (r*=5, eta=1e-3)",5,Haar-Random,6,2026,100,60,60,0.8037794887912721,True,5,8,0.0666758185771227,0.00025944938237737957,0.00019832822067856638,4.175645250815385e-05,0.11540512324168314,1.7474053420029876e-06,1.0210744469999367e-06,4.5262190413372784e-08
"Step (r*=5, eta=1e-3)",5,Haar-Random,7,2026,100,60,60,0.8037794887912721,True,5,8,0.024431225340413396,1.734513473450046e-05,9.715760680868962e-05,2.0570936896667274e-05,0.015494546708967764,7.809868692592515e-09,2.4504282694761134e-07,1.098491044282237e-08
"Step (r*=5, eta=1e-3)",5,Haar-Random,8,2026,100,60,60,0.8037794887912721,True,5,8,0.08735927261338464,0.0001608787005270859,6.590558755459391e-05,4.1694371517538485e-05,0.19810999874812033,6.718703502066697e-07,1.1275423142717633e-07,4.512770423755501e-08
"Step (r*=5, eta=1e-3)",5,Haar-Random,9,2026,100,60,60,0.8037794887912721,True,5,8,0.0797605500238412,0.00010499373710302636,2.3595371794023964e-06,2.4973526081345004e-05,0.1651447063274364,2.861641101163998e-07,1.4452468336718964e-10,1.6190046963048833e-08
"Step (r*=5, eta=1e-3)",6,Haar-Random,0,2026,100,60,60,0.8038326485286712,True,5,8,0.18052575484020297,0.0001307925617218087,0.00021735530201956988,0.00010934666392699027,0.8459928954403685,4.4407310245066405e-07,1.2263907148797032e-06,3.103840902189478e-07
"Step (r*=5, eta=1e-3)",6,Haar-Random,1,2026,100,60,60,0.8038326485286712,True,5,8,0.08121791895368792,0.0004053401406155175,5.183867861925422e-05,6.974073242821433e-05,0.17123482388239608,4.265084151151764e-06,6.975835361432275e-08,1.262587207843176e-07
"Step (r*=5, eta=1e-3)",6,Haar-Random,2,2026,100,60,60,0.8038326485286712,True,5,8,0.017958891542675395,0.0001526498707459507,8.782011820819877e-05,5.957643562474995e-05,0.008372351091322538,6.048967602526276e-07,2.0020568772433466e-07,9.213770904033947e-08
"Step (r*=5, eta=1e-3)",6,Haar-Random,3,2026,100,60,60,0.8038326485286712,True,5,8,0.10825915592248639,0.00016481685061165303,0.00017760495639512457,0.00016049627234745935,0.30424093702991717,7.051663811349304e-07,8.18839038184998e-07,6.686799121585761e-07
"Step (r*=5, eta=1e-3)",6,Haar-Random,4,2026,100,60,60,0.8038326485286712,True,5,8,0.14053165714083468,0.00012892143730874867,0.00021335940920821035,0.00011469529795256384,0.5126685918431337,4.3145812724311027e-07,1.181712901258121e-06,3.414912690921264e-07
"Step (r*=5, eta=1e-3)",6,Haar-Random,5,2026,100,60,60,0.8038326485286712,True,5,8,0.08173635410261126,0.0004033481182190437,0.00012859790422060824,0.0001627877659060095,0.17342787405760166,4.223266105601235e-06,4.292953243940071e-07,6.879104433159549e-07
"Step (r*=5, eta=1e-3)",6,Haar-Random,6,2026,100,60,60,0.8038326485286712,True,5,8,0.0765160373679381,0.00010454018942283744,0.00025698426671990493,0.00010587767806166296,0.1519824068414291,2.8369712983552356e-07,1.7143577204565745e-06,2.9100281736584417e-07
"Step (r*=5, eta=1e-3)",6,Haar-Random,7,2026,100,60,60,0.8038326485286712,True,5,8,0.12280272286961408,0.0003152105603790949,0.0003163588879922701,0.00012496157016288428,0.3914753035031782,2.579228950087154e-06,2.5980556975915135e-06,4.0536040368703896e-07
"Step (r*=5, eta=1e-3)",6,Haar-Random,8,2026,100,60,60,0.8038326485286712,True,5,8,0.0038470981929106833,0.00019546790100311264,5.883287190319678e-06,2.9960916131219668e-06,0.00038419784041268293,9.9183464786591e-07,8.985215017902575e-10,2.3302287406071493e-10
"Step (r*=5, eta=1e-3)",6,Haar-Random,9,2026,100,60,60,0.8038326485286712,True,5,8,0.010868051890672439,0.00027077353341787907,0.00015353505571168722,3.0438140166582258e-05,0.0030661386055930275,1.9032717487849576e-06,6.119324424208674e-07,2.4050527263373767e-08
"Step (r*=5, eta=1e-3)",7,Haar-Random,0,2026,100,60,60,0.8044858857032717,True,5,8,0.11685048989277688,2.9193800738356555e-05,3.2175505950172643e-05,2.745573479195108e-05,0.35444548752713934,2.2124305949208975e-08,2.687442285295987e-08,1.9568364030257463e-08
"Step (r*=5, eta=1e-3)",7,Haar-Random,1,2026,100,60,60,0.8044858857032717,True,5,8,0.02714595198412327,4.049144014810684e-05,6.034599620139155e-05,0.000252010343760476,0.019129275848726073,4.2561294020142755e-08,9.453340452741966e-08,1.6486372574015835e-06
"Step (r*=5, eta=1e-3)",7,Haar-Random,2,2026,100,60,60,0.8044858857032717,True,5,8,0.0548166637534251,0.0002634202306106605,1.8327234755260796e-05,0.00011248461034244714,0.078003407841496,1.8013024010910625e-06,8.719312886438995e-09,3.284540286907653e-07
"Step (r*=5, eta=1e-3)",7,Haar-Random,3,2026,100,60,60,0.8044858857032717,True,5,8,0.01608209415416358,0.00018050838268892947,0.00020383998389999635,0.00013671993131850478,0.00671388004396402,8.458300820021423e-07,1.0786166734131036e-06,4.852349114972337e-07
"Step (r*=5, eta=1e-3)",7,Haar-Random,4,2026,100,60,60,0.8044858857032717,True,5,8,0.15955644305021666,0.0002234705680588864,0.00017884259795727432,0.00013893101876196642,0.6608715693469521,1.2963702100936318e-06,8.3029097389505e-07,5.01056634928939e-07
"Step (r*=5, eta=1e-3)",7,Haar-Random,5,2026,100,60,60,0.8044858857032717,True,5,8,0.006648022521703475,0.00018289053969387345,6.843765972816065e-05,3.105141160932665e-05,0.0011472903502396643,8.683021165412697e-07,1.2158462984455476e-07,2.5029436544301296e-08
"Step (r*=5, eta=1e-3)",7,Haar-Random,6,2026,100,60,60,0.8044858857032717,True,5,8,0.11150105037661844,0.00018349818229812558,9.279400258041553e-05,0.00013891618734840754,0.32273516907078587,8.740814624650151e-07,2.2352607525191008e-07,5.009496612441371e-07
"Step (r*=5, eta=1e-3)",7,Haar-Random,7,2026,100,60,60,0.8044858857032717,True,5,8,0.09184053073450883,0.00018781900746580918,0.0004015230732739537,0.00013464000120197884,0.2189561490860701,9.157300354387881e-07,4.1851342162616065e-06,4.7058338608676727e-07
"Step (r*=5, eta=1e-3)",7,Haar-Random,8,2026,100,60,60,0.8044858857032717,True,5,8,0.19252022512843756,3.4925594914838836e-05,1.3325712079403984e-05,5.05583504216329e-05,0.962146265251613,3.16647454945839e-08,4.609663543668207e-09,6.635507861625052e-08
"Step (r*=5, eta=1e-3)",7,Haar-Random,9,2026,100,60,60,0.8044858857032717,True,5,8,0.04905121880493125,0.00012256982698846352,0.00018608759919222476,0.00016172951204349508,0.06245798696831558,3.89991842409583e-07,8.98924552238643e-07,6.789955517846791e-07
"Step (r*=5, eta=1e-3)",8,Haar-Random,0,2026,100,60,60,0.8031543648619731,True,5,8,0.0733884179056935,0.0003495818661767881,0.00031750603256782794,6.493479801184844e-05,0.13981167134152464,3.172387058610268e-06,2.616931405583646e-06,1.0945695557932164e-07
"Step (r*=5, eta=1e-3)",8,Haar-Random,1,2026,100,60,60,0.8031543648619731,True,5,8,0.02458747184085881,0.0005414901821661958,4.1084734189719994e-05,1.6950032084437712e-05,0.015693366878612378,7.611487705919622e-06,4.381767599760209e-08,7.45812101474564e-09
"Step (r*=5, eta=1e-3)",8,Haar-Random,2,2026,100,60,60,0.8031543648619731,True,5,8,0.04124193651507811,0.00014792491516373444,5.855131468552965e-05,0.00022240571098640756,0.04415363624736211,5.680296877240869e-07,8.899419492840548e-08,1.284045007559656e-06
"Step (r*=5, eta=1e-3)",8,Haar-Random,3,2026,100,60,60,0.8031543648619731,True,5,8,0.003474103146187501,0.0005540283353475991,2.0376722212162527e-05,0.0001031782209005334,0.00031330966606442904,7.968055136002632e-06,1.0778467748040187e-08,2.76353167560816e-07
"Step (r*=5, eta=1e-3)",8,Haar-Random,4,2026,100,60,60,0.8031543648619731,True,5,8,0.0720320155943931,0.0001972546884620475,0.00013887381272539523,1.601538773560682e-05,0.1346912896885504,1.0100504019651153e-06,5.00644091161191e-07,6.65829896626636e-09
"Step (r*=5, eta=1e-3)",8,Haar-Random,5,2026,100,60,60,0.8031543648619731,True,5,8,0.027559008624824254,0.000252282848792689,0.00016600226012604592,5.869204082472189e-05,0.019715852396223744,1.652204609767123e-06,7.153463716945536e-07,8.942249819742959e-08
"Step (r*=5, eta=1e-3)",8,Haar-Random,6,2026,100,60,60,0.8031543648619731,True,5,8,0.02298402786126101,5.20640844845933e-05,0.00019028695145363532,9.899462891472842e-05,0.013713258274540358,7.036632156579082e-08,9.399535523799336e-07,2.5439679800278524e-07
"Step (r*=5, eta=1e-3)",8,Haar-Random,7,2026,100,60,60,0.8031543648619731,True,5,8,0.07961362024279794,6.066699855804677e-05,4.086340435173866e-05,0.00015489504878677293,0.16453682872083378,9.554179470393522e-08,4.334684241057759e-08,6.228212878952933e-07
"Step (r*=5, eta=1e-3)",8,Haar-Random,8,2026,100,60,60,0.8031543648619731,True,5,8,0.026783423162762686,4.463171103049592e-06,1.6905159556282386e-05,4.6583240758325105e-05,0.018621752175990866,5.17101085921827e-10,7.4186848936134284e-09,5.633104062710652e-08
"Step (r*=5, eta=1e-3)",8,Haar-Random,9,2026,100,60,60,0.8031543648619731,True,5,8,0.05995205074424459,2.0831903688274127e-06,0.00012564868200495635,5.997768494485731e-06,0.09330318377173591,1.1265391645758643e-10,4.0983047697605723e-07,9.338298967768062e-10
"Step (r*=5, eta=1e-3)",9,Haar-Random,0,2026,100,60,60,0.8036858865379736,True,5,8,0.005992981143497041,0.0002650788958676188,0.0002858780344977963,7.427756275701146e-05,0.0009323397467972228,1.8240581639024054e-06,2.1215337826977234e-06,1.4321999907658017e-07
"Step (r*=5, eta=1e-3)",9,Haar-Random,1,2026,100,60,60,0.8036858865379736,True,5,8,0.16903436828297497,0.00028223421063245405,9.55215508666096e-05,0.00011881985816642188,0.7417172961727811,2.0677959802024686e-06,2.3685966275430747e-07,3.6649363450938835e-07
"Step (r*=5, eta=1e-3)",9,Haar-Random,2,2026,100,60,60,0.8036858865379736,True,5,8,0.09717126537240045,0.00020440172638730601,8.05909670054281e-05,6.4298482597139536e-06,0.24511172877490311,1.0845697713087762e-06,1.686013743447411e-07,1.0732226373959636e-09
"Step (r*=5, eta=1e-3)",9,Haar-Random,3,2026,100,60,60,0.8036858865379736,True,5,8,0.1540903551585959,0.00045922627750469254,0.00030474151654413887,5.3450525170632335e-05,0.6163668726317265,5.474466955208594e-06,2.410746948162826e-06,7.416386078611064e-08
"Step (r*=5, eta=1e-3)",9,Haar-Random,4,2026,100,60,60,0.8036858865379736,True,5,8,0.06762894610741084,0.00029167749866017295,0.00020270128386755144,0.00015008729738485256,0.11872812683501906,2.208483864442901e-06,1.0665994994859117e-06,5.847581068281503e-07
"Step (r*=5, eta=1e-3)",9,Haar-Random,5,2026,100,60,60,0.8036858865379736,True,5,8,0.013832332800159728,6.693720736660948e-05,3.292499474657157e-05,0.00013184764300403499,0.00496682931073103,1.1631174081686383e-07,2.81410180905463e-08,4.5126652386413473e-07
"Step (r*=5, eta=1e-3)",9,Haar-Random,6,2026,100,60,60,0.8036858865379736,True,5,8,0.13791009487246206,0.00027709513351579037,0.00012302970975576876,4.7975059983718304e-05,0.49371973947589737,1.993178407780554e-06,3.9292383626625654e-07,5.97474575700369e-08
"Step (r*=5, eta=1e-3)",9,Haar-Random,7,2026,100,60,60,0.8036858865379736,True,5,8,0.02070605596056591,0.00010356523633429988,0.00012004413505111182,4.568244984700469e-05,0.01112969193712195,2.7843022466016187e-07,3.7408497926050025e-07,5.4173531661597085e-08
"Step (r*=5, eta=1e-3)",9,Haar-Random,8,2026,100,60,60,0.8036858865379736,True,5,8,0.07428628031520605,8.777524507862725e-06,0.00011754391759146135,1.1315620956129748e-05,0.14325361897192357,2.000011432366877e-09,3.5866475257069537e-07,3.3238786448922696e-09
"Step (r*=5, eta=1e-3)",9,Haar-Random,9,2026,100,60,60,0.8036858865379736,True,5,8,0.018904007645728298,0.00017285980260678684,0.0002414259838082499,0.00017465192849532195,0.009276756244143352,7.756689413358251e-07,1.5130608575329844e-06,7.918358267467004e-07
"Step (r*=5, eta=1e-3)",10,Haar-Random,0,2026,100,60,60,0.8037414520559102,True,5,8,0.034899399478720464,3.3308189961788094e-05,8.729037237565327e-05,3.204097632535387e-05,0.031617263941117225,2.8799864361422744e-08,1.9779762336322418e-07,2.6650162335813957e-08
"Step (r*=5, eta=1e-3)",10,Haar-Random,1,2026,100,60,60,0.8037414520559102,True,5,8,0.04585500298493235,0.00026535322733302466,0.00038224007204272015,0.00016104486348521435,0.054583556401235724,1.8278355712202282e-06,3.792807535862947e-06,6.732589444452009e-07
"Step (r*=5, eta=1e-3)",10,Haar-Random,2,2026,100,60,60,0.8037414520559102,True,5,8,0.1457719833926865,0.00043129907162289826,0.00037218467017833634,6.905039535509068e-06,0.551615552618125,4.8288689947678485e-06,3.5958812310680468e-06,1.2377151752393332e-09
"Step (r*=5, eta=1e-3)",10,Haar-Random,3,2026,100,60,60,0.8037414520559102,True,5,8,0.005138251099290799,0.00020444619447317641,3.9547907427566816e-05,1.1145000232256049e-05,0.0006853604267853144,1.0850417241510024e-06,4.060087511405085e-08,3.2243972376401636e-09
"Step (r*=5, eta=1e-3)",10,Haar-Random,4,2026,100,60,60,0.8037414520559102,True,5,8,0.04077166228547722,8.309670016567792e-06,0.00013299189361259468,8.27860881523244e-05,0.04315242567549084,1.7924866614086273e-09,4.5913321950991626e-07,1.7791112252703044e-07
"Step (r*=5, eta=1e-3)",10,Haar-Random,5,2026,100,60,60,0.8037414520559102,True,5,8,0.04448751081581933,0.00026284668066619074,0.00023986141536703047,6.603919472898566e-05,0.05137650887838197,1.7934669196985043e-06,1.493513528024358e-06,1.132118570962973e-07
"Step (r*=5, eta=1e-3)",10,Haar-Random,6,2026,100,60,60,0.8037414520559102,True,5,8,0.018096929208909436,0.00016451788656441532,0.0001437159031060811,8.6530450547082e-06,0.008501550751351937,7.026104751085566e-07,5.361644726089985e-07,1.943686895831304e-09
"Step (r*=5, eta=1e-3)",10,Haar-Random,7,2026,100,60,60,0.8037414520559102,True,5,8,0.07432296779613827,0.0002553674195364518,0.00010279833859082237,3.0357393337710094e-05,0.14339515014503623,1.6928534100139427e-06,2.743219555952289e-07,2.3923093201514113e-08
"Step (r*=5, eta=1e-3)",10,Haar-Random,8,2026,100,60,60,0.8037414520559102,True,5,8,0.06293956698763148,9.177545002654672e-05,8.310801335703864e-05,0.00018619998790009505,0.1028337984892852,2.1864594242295424e-07,1.7929747704429297e-07,9.000107017495159e-07
"Step (r*=5, eta=1e-3)",10,Haar-Random,9,2026,100,60,60,0.8037414520559102,True,5,8,0.11646159729072257,6.46459241773454e-05,3.580848730851143e-05,0.0002782552957635136,0.3520901383643741,1.0848524489268553e-07,3.328590174431717e-08,2.00990371938725e-06
"Step (r*=5, eta=1e-3)",11,Haar-Random,0,2026,100,60,60,0.8040079818568715,True,5,8,0.029270140049095374,0.00019925710216740105,5.2343913852862697e-05,4.88424230914539e-05,0.02224016359432426,1.0306613653493897e-06,7.112475145245162e-08,6.19273903950853e-08
"Step (r*=5, eta=1e-3)",11,Haar-Random,1,2026,100,60,60,0.8040079818568715,True,5,8,0.01680757097622764,0.0003084565425291148,5.904449205859448e-05,0.00011712580666810524,0.007333280285378257,2.469882820006578e-06,9.049970392645322e-08,3.561177056022837e-07
"Step (r*=5, eta=1e-3)",11,Haar-Random,2,2026,100,60,60,0.8040079818568715,True,5,8,0.002314574095524954,0.00019567096340829802,0.00013548004463045108,0.00019538396310432644,0.0001390690708838943,9.938964589647989e-07,4.7647381514864004e-07,9.909830027549243e-07
"Step (r*=5, eta=1e-3)",11,Haar-Random,3,2026,100,60,60,0.8040079818568715,True,5,8,0.06049310050413087,0.00033580205207584424,0.00014684895245838827,4.2206604371425405e-05,0.09499485088550216,2.927218007967185e-06,5.597963756982821e-07,4.6243341006097696e-08
"Step (r*=5, eta=1e-3)",11,Haar-Random,4,2026,100,60,60,0.8040079818568715,True,5,8,0.13507060313655514,0.00035653052193029464,8.804288258785975e-05,7.249144516659884e-05,0.47359821294408866,3.2997558430796327e-06,2.0122265880645052e-07,1.3641492616161644e-07
"Step (r*=5, eta=1e-3)",11,Haar-Random,5,2026,100,60,60,0.8040079818568715,True,5,8,0.09403216719821766,0.00014543423751570264,0.0002554372440725296,0.0001179115466924532,0.22953095723185618,5.490623864489413e-07,1.6937792827362e-06,3.609117730603116e-07
"Step (r*=5, eta=1e-3)",11,Haar-Random,6,2026,100,60,60,0.8040079818568715,True,5,8,0.021008521549896526,0.00010920722205613903,4.221620006018757e-05,6.586128482558049e-05,0.011457222777387345,3.0959297432380555e-07,4.626437028130652e-08,1.1260269219110903e-07
"Step (r*=5, eta=1e-3)",11,Haar-Random,7,2026,100,60,60,0.8040079818568715,True,5,8,0.07806973243878274,0.0003477224016077267,5.1500757314576906e-05,8.521879901238423e-05,0.15821722336367341,3.138728260235909e-06,6.885184896338562e-08,1.8852076589712424e-07
"Step (r*=5, eta=1e-3)",11,Haar-Random,8,2026,100,60,60,0.8040079818568715,True,5,8,0.040903897831907614,7.521581927465524e-05,0.00036287977635322496,9.90009063326553e-05,0.043432793848971335,1.468610934353486e-07,3.4183293752680934e-06,2.544290624937106e-07
"Step (r*=5, eta=1e-3)",11,Haar-Random,9,2026,100,60,60,0.8040079818568715,True,5,8,0.03516854295712294,0.0001371187914250659,0.0005380201818062195,1.1061758485797652e-05,0.03210680779459952,4.880702429662754e-07,7.5142477590863585e-06,3.1764112172808173e-09
"Step (r*=5, eta=1e-3)",12,Haar-Random,0,2026,100,60,60,0.8034920137147687,True,5,8,0.03592375108768561,0.00036329679390855054,1.132581103515785e-05,0.00018791613688317398,0.03350053430877646,3.4261905047049997e-06,3.329867858736802e-09,9.166774083858062e-07
"Step (r*=5, eta=1e-3)",12,Haar-Random,1,2026,100,60,60,0.8034920137147687,True,5,8,0.0010674409802922569,2.2890592773142694e-05,0.00011353532735910036,7.563587876192544e-05,2.9578498252243053e-05,1.360199012589534e-08,3.3461885568585347e-07,1.4850603084555977e-07
"Step (r*=5, eta=1e-3)",12,Haar-Random,2,2026,100,60,60,0.8034920137147687,True,5,8,0.0041930050948860665,1.5610290549759546e-05,0.0001644750334231203,6.033079360735021e-05,0.00045639319144079023,6.325725611262016e-09,7.022444949074633e-07,9.448578009377717e-08
"Step (r*=5, eta=1e-3)",12,Haar-Random,3,2026,100,60,60,0.8034920137147687,True,5,8,0.03140819599403583,0.00027490721243928894,0.00012201598383729488,0.0001110944799286132,0.025607923361663728,1.9618267180855344e-06,3.864753763910821e-07,3.203858574631263e-07
"Step (r*=5, eta=1e-3)",12,Haar-Random,4,2026,100,60,60,0.8034920137147687,True,5,8,0.0075164305091604475,0.00038688048267999546,0.0002480168984536642,3.7711113317887136e-05,0.0014665999641616143,3.885456209936026e-06,1.5968014600338384e-06,3.691705806196461e-08
"Step (r*=5, eta=1e-3)",12,Haar-Random,5,2026,100,60,60,0.8034920137147687,True,5,8,0.035544358107479634,0.0002672958180122466,0.0001015648964971416,8.160540897944527e-05,0.03279666835300217,1.8546958694466923e-06,2.6777845854183723e-07,1.7287264147457195e-07
"Step (r*=5, eta=1e-3)",12,Haar-Random,6,2026,100,60,60,0.8034920137147687,True,5,8,0.057675264606546164,5.38631229071345e-05,0.0004084376206932027,1.8139382186388098e-05,0.08635103911217172,7.531325809655444e-08,4.330518037577981e-06,8.54148453999958e-09
"Step (r*=5, eta=1e-3)",12,Haar-Random,7,2026,100,60,60,0.8034920137147687,True,5,8,0.022230294485737614,0.00039854012275284084,0.0002896557665187961,0.00010303743025204478,0.012828586544927993,4.123181732988617e-06,2.1779742185427664e-06,2.7559949308101936e-07
"Step (r*=5, eta=1e-3)",12,Haar-Random,8,2026,100,60,60,0.8034920137147687,True,5,8,0.05761790418459671,0.0003888434930908084,1.0229556016697771e-05,4.700581861963366e-05,0.08617936520564382,3.9249854253302646e-06,2.71645144339485e-09,5.7357685398975685e-08
"Step (r*=5, eta=1e-3)",12,Haar-Random,9,2026,100,60,60,0.8034920137147687,True,5,8,0.0963513214193223,0.00030533873874561025,4.419698598282296e-05,6.932849048918847e-05,0.2409926110472073,2.420205209080862e-06,5.0707673337082636e-08,1.2477048556890265e-07
"Step (r*=5, eta=1e-3)",13,Haar-Random,0,2026,100,60,60,0.8040366782221057,True,5,8,0.052297672009993544,0.00011456752138290952,0.0001298460216498841,4.83574146823133e-05,0.07099914040904447,3.407308145991437e-07,4.376688847327186e-07,6.070361086293117e-08
"Step (r*=5, eta=1e-3)",13,Haar-Random,1,2026,100,60,60,0.8040366782221057,True,5,8,0.02641870269047132,0.00010411317054112825,4.78192793111347e-06,1.688868799288227e-05,0.018118045734805945,2.813842086285988e-07,5.936007346440364e-10,7.404235126771653e-09
"Step (r*=5, eta=1e-3)",13,Haar-Random,2,2026,100,60,60,0.8040366782221057,True,5,8,0.13008975215444304,0.0005337169189038623,1.5955425822252736e-05,0.00017122374170119276,0.4393135000010646,7.3945256052432625e-06,6.608534706655014e-09,7.610555253567093e-07
"Step (r*=5, eta=1e-3)",13,Haar-Random,3,2026,100,60,60,0.8040366782221057,True,5,8,0.01086933037032532,7.072477176101568e-06,7.587813686445828e-05,6.483780291878757e-05,0.0030668600276890774,1.298468701797085e-09,1.4945886978403425e-07,1.0913020140106023e-07
"Step (r*=5, eta=1e-3)",13,Haar-Random,4,2026,100,60,60,0.8040366782221057,True,5,8,0.03680157826039152,9.5313049742796e-05,0.000151252032374107,2.7537230257784194e-05,0.03515776548009208,2.3582677317202393e-07,5.938692173899879e-07,1.9684704003441e-08
"Step (r*=5, eta=1e-3)",13,Haar-Random,5,2026,100,60,60,0.8040366782221057,True,5,8,0.10222243538446178,1.0514859065749592e-05,0.00013224286945135195,0.00021219584023422845,0.2712569184517158,2.8700885018354343e-09,4.5397601150597257e-07,1.1688589555482074e-06
"Step (r*=5, eta=1e-3)",13,Haar-Random,6,2026,100,60,60,0.8040366782221057,True,5,8,0.004886414453301002,0.00021664004691993372,9.61104483389294e-05,0.00010591909839143942,0.0006198248394767198,1.2183325821818858e-06,2.3978918025864066e-07,2.912305479052593e-07
"Step (r*=5, eta=1e-3)",13,Haar-Random,7,2026,100,60,60,0.8040366782221057,True,5,8,0.08176771748540423,0.0001439891240320651,9.547048368568184e-05,0.00011619052737804161,0.17356099299655148,5.382050345678319e-07,2.3660647335649776e-07,3.5045303268329116e-07
"Step (r*=5, eta=1e-3)",13,Haar-Random,8,2026,100,60,60,0.8040366782221057,True,5,8,0.017873908288220112,0.00032468087213334806,0.00017695466784356027,4.9753721425424075e-05,0.00829330098130589,2.7365398979848725e-06,8.12853767952767e-07,6.425982182884323e-08
"Step (r*=5, eta=1e-3)",13,Haar-Random,9,2026,100,60,60,0.8040366782221057,True,5,8,0.09605000516046516,0.0005262102147452687,0.0002648197996697148,0.00010313065852865359,0.23948767167140247,7.187981080294353e-06,1.820494126384777e-06,2.760984435988445e-07
"Step (r*=5, eta=1e-3)",14,Haar-Random,0,2026,100,60,60,0.803621015810548,True,5,8,0.08386491725113003,0.00010644745470937751,1.7796098960619376e-05,9.33841751856514e-05,0.18257824251895227,2.941432857580659e-07,8.221252764481686e-09,2.2637838179663988e-07
"Step (r*=5, eta=1e-3)",14,Haar-Random,1,2026,100,60,60,0.803621015810548,True,5,8,0.11854628329999149,0.0001042144255134338,5.316630869587414e-06,4.833867635684345e-07,0.36480792264816536,2.819317936227438e-07,7.337724364378478e-10,6.0656575113004564e-12
"Step (r*=5, eta=1e-3)",14,Haar-Random,2,2026,100,60,60,0.803621015810548,True,5,8,0.07604484607387903,0.00039595065452272633,7.142099439088526e-05,2.6859802433513077e-05,0.1501163329816735,4.069776006910876e-06,1.3241590766228407e-07,1.8728112283718404e-08
"Step (r*=5, eta=1e-3)",14,Haar-Random,3,2026,100,60,60,0.803621015810548,True,5,8,0.07213662491004172,7.485904799272333e-05,1.7332723483888548e-05,0.00017656245103649595,0.13508278768223955,1.4547118486300317e-07,7.798696042736923e-09,8.092544101101106e-07
"Step (r*=5, eta=1e-3)",14,Haar-Random,4,2026,100,60,60,0.803621015810548,True,5,8,0.04058363132348935,0.0004041004447847164,2.190120889041605e-05,3.579002149692525e-05,0.04275532231581432,4.2390353048360915e-06,1.2451582532991035e-08,3.32515806794618e-08
"Step (r*=5, eta=1e-3)",14,Haar-Random,5,2026,100,60,60,0.803621015810548,True,5,8,0.013958158540704011,1.7352353722834188e-05,0.00020909335962697044,9.870976016801445e-05,0.00505760176900413,7.816370929017158e-09,1.1349294306886134e-06,2.5293479086666906e-07
"Step (r*=5, eta=1e-3)",14,Haar-Random,6,2026,100,60,60,0.803621015810548,True,5,8,0.03502976576861136,0.00017802010705990224,0.00012172728160461522,6.191496182587183e-05,0.031853916947928405,8.226715762378346e-07,3.8464865992179726e-07,9.951294881952669e-08
"Step (r*=5, eta=1e-3)",14,Haar-Random,7,2026,100,60,60,0.803621015810548,True,5,8,0.020245861430038717,0.00016255723956377872,9.895945063123865e-05,0.0001533624055949565,0.010640472087418352,6.85963501019373e-07,2.5421602753683307e-07,6.10556980571911e-07
"Step (r*=5, eta=1e-3)",14,Haar-Random,8,2026,100,60,60,0.803621015810548,True,5,8,0.019869829747876957,1.798547217636513e-05,7.903523352126859e-06,0.00010252246691647913,0.01024888614420076,8.397152965921452e-09,1.6215481845235284e-09,2.728515794549313e-07
"Step (r*=5, eta=1e-3)",14,Haar-Random,9,2026,100,60,60,0.803621015810548,True,5,8,0.024509603392584088,1.0671903398494327e-06,8.595850173623113e-05,0.0002681710679402163,0.015594122591025503,2.956460952646693e-11,1.9180770583592883e-07,1.8668620169892493e-06
"Step (r*=5, eta=1e-3)",15,Haar-Random,0,2026,100,60,60,0.8033306597962283,True,5,8,0.0395656986147967,6.555109771225055e-05,5.769318313868106e-05,1.1909552530643648e-05,0.04063741309013071,1.1154453931410404e-07,8.640470247148494e-08,3.6819616893195176e-09
"Step (r*=5, eta=1e-3)",15,Haar-Random,1,2026,100,60,60,0.8033306597962283,True,5,8,0.09833206927219498,0.00021954827672598798,0.00028107686702565717,1.1669859934352445e-05,0.25100289673129983,1.2512625369049215e-06,2.0508721372938033e-06,3.535246196846898e-09
"Step (r*=5, eta=1e-3)",15,Haar-Random,2,2026,100,60,60,0.8033306597962283,True,5,8,0.0997217611820793,0.0002874310909527545,0.00027970956973075384,6.814011834349948e-05,0.25814769797960446,2.1446472167054556e-06,2.030967749129774e-06,1.205297188965694e-07
"Step (r*=5, eta=1e-3)",15,Haar-Random,3,2026,100,60,60,0.8033306597962283,True,5,8,0.06899551026348785,0.0003538831237776267,0.00013719015318391895,0.00010124151846054793,0.12357483476110892,3.2509334646144342e-06,4.885783952614024e-07,2.6607598416379203e-07
"Step (r*=5, eta=1e-3)",15,Haar-Random,4,2026,100,60,60,0.8033306597962283,True,5,8,0.05719094833512577,0.00021016998023317942,0.00030882959472533657,0.00016251825192104937,0.08490689764093048,1.1466470114128635e-06,2.47586066296486e-06,6.85634498228363e-07
"Step (r*=5, eta=1e-3)",15,Haar-Random,5,2026,100,60,60,0.8033306597962283,True,5,8,0.03466323128560049,0.0003235300552527611,4.344349283218842e-05,6.506605741149052e-05,0.031190796596895345,2.7171751901779066e-06,4.899343016954933e-08,1.0989991607884528e-07
"Step (r*=5, eta=1e-3)",15,Haar-Random,6,2026,100,60,60,0.8033306597962283,True,5,8,0.0026024737076001635,0.0002558946007549435,3.7510188335423406e-06,2.4992637077240606e-05,0.00017581708604388953,1.699850087220478e-06,3.6524717544900623e-10,1.621483531750782e-08
"Step (r*=5, eta=1e-3)",15,Haar-Random,7,2026,100,60,60,0.8033306597962283,True,5,8,0.037876712794005486,9.690636294755791e-05,0.00012316204988428766,0.00012954761142747664,0.03724199507994803,2.437771328735298e-07,3.9376960853465664e-07,4.3565950792657716e-07
"Step (r*=5, eta=1e-3)",15,Haar-Random,8,2026,100,60,60,0.8033306597962283,True,5,8,0.059599745770327846,0.00028411633159821753,5.5744947031641774e-05,0.00011541473695218255,0.09220982357879134,2.095466749268665e-06,8.066764733215008e-08,3.4578878914158037e-07
"Step (r*=5, eta=1e-3)",15,Haar-Random,9,2026,100,60,60,0.8033306597962283,True,5,8,0.008184242560269001,0.00011868830994911303,0.00020975490189488848,7.067444303603137e-05,0.0017387829030862368,3.6568257654420544e-07,1.142122308646635e-06,1.2966213427886995e-07
"Step (r*=5, eta=1e-3)",16,Haar-Random,0,2026,100,60,60,0.8043687438561387,True,5,8,0.1565699671693144,0.00028059424575787895,0.0002330018594510091,8.072363778054639e-05,0.6363635526188738,2.043835309530672e-06,1.40931200191817e-06,1.6915694248373084e-07
"Step (r*=5, eta=1e-3)",16,Haar-Random,1,2026,100,60,60,0.8043687438561387,True,5,8,0.09234967561796859,9.177420025665931e-05,6.0105805628127206e-05,0.00010531267679369112,0.22139057350085228,2.1863998755693728e-07,9.378237392037954e-08,2.8790531334312884e-07
"Step (r*=5, eta=1e-3)",16,Haar-Random,2,2026,100,60,60,0.8043687438561387,True,5,8,0.0154392332801662,0.0002900925409723654,0.00016873455179123673,0.00011818242250630525,0.0061878508236168205,2.1845475433895053e-06,7.390884596489555e-07,3.6257190841848625e-07
"Step (r*=5, eta=1e-3)",16,Haar-Random,3,2026,100,60,60,0.8043687438561387,True,5,8,0.0019990115942336807,0.0003468586709332178,0.00010767833178143607,1.5752741035492386e-06,0.00010373349316057229,3.1231546369722856e-06,3.00985111833092e-07,6.441702204279287e-11
"Step (r*=5, eta=1e-3)",16,Haar-Random,4,2026,100,60,60,0.8043687438561387,True,5,8,0.05715389340529149,0.00011165249395622727,0.00013349812498998775,0.00015845554066324285,0.08479690821137038,3.2361245877409165e-07,4.6263523759122624e-07,6.517833107498117e-07
"Step (r*=5, eta=1e-3)",16,Haar-Random,5,2026,100,60,60,0.8043687438561387,True,5,8,0.039834214928514675,0.00025932555537416514,0.0002819239585635595,3.3688542537654226e-06,0.041190863970527715,1.7457377771762127e-06,2.063252339888896e-06,2.946136209521144e-10
"Step (r*=5, eta=1e-3)",16,Haar-Random,6,2026,100,60,60,0.8043687438561387,True,5,8,0.004759254103727779,0.00035276073872229067,7.628732729559903e-05,4.865241949669669e-06,0.0005879848859980041,3.230344673694626e-06,1.510751994389173e-07,6.144651579655614e-10
"Step (r*=5, eta=1e-3)",16,Haar-Random,7,2026,100,60,60,0.8043687438561387,True,5,8,0.06821289123392915,0.00010420610929022487,0.00032696932548209584,0.00016549023308009542,0.12078730517800096,2.818867995796437e-07,2.77525184115307e-06,7.109402653359007e-07
"Step (r*=5, eta=1e-3)",16,Haar-Random,8,2026,100,60,60,0.8043687438561387,True,5,8,0.13973442684701345,0.000250406618006383,0.00037008047453631476,0.00011199863683636951,0.5068683952337006,1.6277210580151185e-06,3.5553365805846024e-06,3.256220830949139e-07
"Step (r*=5, eta=1e-3)",16,Haar-Random,9,2026,100,60,60,0.8043687438561387,True,5,8,0.0657669302209524,0.00012522161812546128,9.909992001487198e-05,3.822817255945524e-05,0.11228028815656751,4.070492882067862e-07,2.5493824078063266e-07,3.7936342022685355e-08
"Step (r*=5, eta=1e-3)",17,Haar-Random,0,2026,100,60,60,0.8042473527890509,True,5,8,0.0796303740063204,9.276386091199363e-06,4.873230943613212e-05,2.476978836787144e-05,0.16460608574391966,2.233808858125958e-09,6.164847857109953e-08,1.592696291003063e-08
"Step (r*=5, eta=1e-3)",17,Haar-Random,1,2026,100,60,60,0.8042473527890509,True,5,8,0.03559976200408813,8.486528541078433e-07,6.249429130298948e-05,2.8856412234742348e-06,0.03289899004177229,1.869599266337353e-11,1.0138391822618254e-07,2.1615886127299704e-10
"Step (r*=5, eta=1e-3)",17,Haar-Random,2,2026,100,60,60,0.8042473527890509,True,5,8,0.018339651635399953,0.00019221108300187202,0.0004908163256920374,0.0002101148389053219,0.008731131727667646,9.59058785657496e-07,6.253546399940065e-06,1.1460454093729232e-06
"Step (r*=5, eta=1e-3)",17,Haar-Random,3,2026,100,60,60,0.8042473527890509,True,5,8,0.06958498461568749,9.24450126850535e-05,0.0004131677133508748,0.0001231473989696768,0.12569541836141135,2.2184791398565716e-07,4.431401801000754e-06,3.93675931273169e-07
"Step (r*=5, eta=1e-3)",17,Haar-Random,4,2026,100,60,60,0.8042473527890509,True,5,8,0.09836330950358728,0.00019615849652639432,1.0130150179216335e-05,0.00018690740998149324,0.25116240998556055,9.988554073146344e-07,2.6639136568401646e-09,9.068624413390903e-07
"Step (r*=5, eta=1e-3)",17,Haar-Random,5,2026,100,60,60,0.8042473527890509,True,5,8,0.10600361763110243,0.0001760480956729173,0.0001763950373931072,2.8188839503638452e-05,0.29169551419709233,8.045462963532826e-07,8.077204939421432e-07,2.0627318314300822e-08
"Step (r*=5, eta=1e-3)",17,Haar-Random,6,2026,100,60,60,0.8042473527890509,True,5,8,0.032047480596573585,0.00036523376264046404,8.5137404388882e-06,3.3534674070673303e-05,0.026660983321790933,3.462822346821536e-06,1.8816081600474783e-09,2.9192854056076488e-08
"Step (r*=5, eta=1e-3)",17,Haar-Random,7,2026,100,60,60,0.8042473527890509,True,5,8,0.1563934949807819,0.00023000608695960886,0.00025185724146757816,5.894890162659015e-05,0.6349298526168664,1.3733051087686711e-06,1.6466346929995905e-06,9.020691105871915e-08
"Step (r*=5, eta=1e-3)",17,Haar-Random,8,2026,100,60,60,0.8042473527890509,True,5,8,0.05005209651306668,0.0005629969614824501,3.277346577432096e-05,0.000212163198582204,0.0650328704225164,8.22811738001553e-06,2.7882590280463406e-08,1.1684993768428558e-06
"Step (r*=5, eta=1e-3)",17,Haar-Random,9,2026,100,60,60,0.8042473527890509,True,5,8,0.047201034352056914,0.00023943299303668495,0.00042875911138338143,1.2741297437067527e-05,0.057835088996546415,1.4881830907367523e-06,4.772161151910955e-06,4.21420526131634e-09
"Step (r*=5, eta=1e-3)",18,Haar-Random,0,2026,100,60,60,0.8031919449435546,True,5,8,0.013881914039078062,0.00012771301589060044,0.0004277805777584313,9.733627732874351e-05,0.0050024997807526705,4.2340764769850894e-07,4.7504035201653285e-06,2.459449114621885e-07
"Step (r*=5, eta=1e-3)",18,Haar-Random,1,2026,100,60,60,0.8031919449435546,True,5,8,0.13819927151603378,0.00016736033987776647,0.00012979635374881963,0.0001008360154885556,0.4957924217280384,7.270988788831979e-07,4.3733411995473607e-07,2.6394882272455986e-07
"Step (r*=5, eta=1e-3)",18,Haar-Random,2,2026,100,60,60,0.8031919449435546,True,5,8,0.03843194535797413,0.00019607383046146008,0.00013486527420140468,0.0001043518382379215,0.038341854357932637,9.97993340084572e-07,4.7215941720737343e-07,2.826757704152309e-07
"Step (r*=5, eta=1e-3)",18,Haar-Random,3,2026,100,60,60,0.8031919449435546,True,5,8,0.07140080621332558,0.00024114227486618384,0.0001241041718088029,3.083124070821067e-05,0.1323410596973682,1.5095068351926744e-06,3.998168913513321e-07,2.467575107638543e-08
"Step (r*=5, eta=1e-3)",18,Haar-Random,4,2026,100,60,60,0.8031919449435546,True,5,8,0.052210886973795986,0.0003826389139783188,0.00023189772599204736,1.003545639095698e-05,0.07076369778730861,3.8007267469885325e-06,1.3959869439730984e-06,2.614343401320434e-09
"Step (r*=5, eta=1e-3)",18,Haar-Random,5,2026,100,60,60,0.8031919449435546,True,5,8,0.04648218510422974,0.00012474297319045604,8.601232519872104e-05,0.00010005843867911594,0.056086901513684374,4.039434392067228e-07,1.9204798426782617e-07,2.598937408785538e-07
"Step (r*=5, eta=1e-3)",18,Haar-Random,6,2026,100,60,60,0.8031919449435546,True,5,8,0.06785972691912026,4.5241463281106006e-05,0.00012275486602565837,9.944041484362768e-05,0.11953981845550113,5.313267277496469e-08,3.911702431338862e-07,2.566931216807189e-07
"Step (r*=5, eta=1e-3)",18,Haar-Random,7,2026,100,60,60,0.8031919449435546,True,5,8,0.08495212404250624,0.00014821327650255426,0.0002471149989797509,4.0891391049334426e-05,0.187342736885699,5.702464536129733e-07,1.585209218653833e-06,4.340623787299581e-08
"Step (r*=5, eta=1e-3)",18,Haar-Random,8,2026,100,60,60,0.8031919449435546,True,5,8,0.01344543487365313,0.00010272318967806188,5.566644353627897e-06,0.00017633076859416676,0.004692865243499198,2.7392102573825096e-07,8.044060493386927e-10,8.071320219536731e-07
"Step (r*=5, eta=1e-3)",18,Haar-Random,9,2026,100,60,60,0.8031919449435546,True,5,8,0.0020642141706067848,1.4356694681714647e-05,0.00030798894495149024,8.543171238606762e-05,0.00011061089003415614,5.350536187680815e-09,2.46240017215168e-06,1.8946395529931712e-07
"Step (r*=5, eta=1e-3)",19,Haar-Random,0,2026,100,60,60,0.8044414032262645,True,5,8,0.02161580841794952,0.00016974624927772495,0.00013105351346929435,0.00012736112531782997,0.012129177223562226,7.479778727300731e-07,4.4584686162529484e-07,4.210776127132978e-07
"Step (r*=5, eta=1e-3)",19,Haar-Random,1,2026,100,60,60,0.8044414032262645,True,5,8,0.013448561296889533,0.00018196727749705116,0.0002362766532232904,1.0480187312591613e-05,0.004695047930616884,8.595575741808925e-07,1.4492055810535992e-06,2.8511920172699225e-09
"Step (r*=5, eta=1e-3)",19,Haar-Random,2,2026,100,60,60,0.8044414032262645,True,5,8,0.037317850987119275,0.00022432980025874607,0.0002440947093545472,5.769027826269023e-05,0.03615110937317363,1.306358321253182e-06,1.5466965237500482e-06,8.639600166445026e-08
"Step (r*=5, eta=1e-3)",19,Haar-Random,3,2026,100,60,60,0.8044414032262645,True,5,8,0.023816494525844743,0.0001723913140453539,1.6474765336138982e-05,2.3318035007405414e-05,0.014724618637753187,7.714701677130175e-07,7.045743866741206e-09,1.4114720304019212e-08
"Step (r*=5, eta=1e-3)",19,Haar-Random,4,2026,100,60,60,0.8044414032262645,True,5,8,0.04554361681136307,0.0003746845457030668,0.0002529994724215166,5.127406014258403e-05,0.05384475563197012,3.6443488093589276e-06,1.6616043013481635e-06,6.824703585788569e-08
"Step (r*=5, eta=1e-3)",19,Haar-Random,5,2026,100,60,60,0.8044414032262645,True,5,8,0.11024034067331144,0.0002847869176117157,0.0001516464289334828,0.00013706027878477626,0.31547828408809664,2.105370079975889e-06,5.969703373154688e-07,4.87653783851732e-07
"Step (r*=5, eta=1e-3)",19,Haar-Random,6,2026,100,60,60,0.8044414032262645,True,5,8,0.12987788153845664,6.617515991423083e-05,0.00015545845491088262,0.00014333076459047538,0.4378836898138242,1.1367851078694248e-07,6.273603548891965e-07,5.332946315918462e-07
"Step (r*=5, eta=1e-3)",19,Haar-Random,7,2026,100,60,60,0.8044414032262645,True,5,8,0.10696987424836825,0.00036676843480798124,0.0004785916369413195,0.00010591368327029107,0.29703754526448883,3.4919842845603876e-06,5.945913506800373e-06,2.912007703031159e-07
"Step (r*=5, eta=1e-3)",19,Haar-Random,8,2026,100,60,60,0.8044414032262645,True,5,8,0.13935526712814847,0.0003225203274629064,7.317095012048427e-05,4.373719518634948e-05,0.5041214223730283,2.7002412089536274e-06,1.389843068239897e-07,4.96581155035921e-08
"Step (r*=5, eta=1e-3)",19,Haar-Random,9,2026,100,60,60,0.8044414032262645,True,5,8,0.13303022404424167,0.0002117876171667537,0.0001775173525692846,5.707716974673272e-05,0.45939791700592175,1.1643659719781326e-06,8.180314510246685e-07,8.456939747325518e-08
"Step (r*=5, eta=1e-3)",20,Haar-Random,0,2026,100,60,60,0.8035254623210697,True,5,8,0.05240323249131489,2.337254667707929e-05,0.00043752397226652114,0.00014760171560620198,0.07128604676668099,1.418079073591187e-08,4.96926415340679e-06,5.65550235429462e-07
"Step (r*=5, eta=1e-3)",20,Haar-Random,1,2026,100,60,60,0.8035254623210697,True,5,8,0.009301946018772591,0.0002086595228741653,1.1806222599749121e-05,4.57724104031174e-05,0.0022461357821059475,1.130224706451913e-06,3.6183478160427264e-09,5.438710512901685e-08
"Step (r*=5, eta=1e-3)",20,Haar-Random,2,2026,100,60,60,0.8035254623210697,True,5,8,0.07297816463262427,0.000229612803708087,0.00023928146306590912,7.64086433410213e-05,0.1382529001740803,1.3686127447201948e-06,1.4863000337702287e-06,1.5155607665275368e-07
"Step (r*=5, eta=1e-3)",20,Haar-Random,3,2026,100,60,60,0.8035254623210697,True,5,8,0.07831726503636308,0.0002452783229524769,0.00035817608927152304,0.00010717028559683541,0.1592221200579104,1.5617327328221329e-06,3.330286196776701e-06,2.981516058496301e-07
"Step (r*=5, eta=1e-3)",20,Haar-Random,4,2026,100,60,60,0.8035254623210697,True,5,8,0.10138654704962806,3.090727664031366e-05,0.00015487794329583146,2.0175537618371702e-05,0.2668388384607766,2.4797611714114363e-08,6.226837357175468e-07,1.0566681304210755e-08
"Step (r*=5, eta=1e-3)",20,Haar-Random,5,2026,100,60,60,0.8035254623210697,True,5,8,0.025958605681937055,0.0003890324883644103,0.00016211314967424118,2.868801606432907e-06,0.01749246846137089,3.9288017883779255e-06,6.822206551415178e-07,2.1364336390549883e-10
"Step (r*=5, eta=1e-3)",20,Haar-Random,6,2026,100,60,60,0.8035254623210697,True,5,8,0.05783744139486451,0.00014078291500878588,1.8484333684916972e-05,8.557012541091037e-05,0.08683734197924331,5.145034406178815e-07,8.869435433661251e-09,1.9007837638909446e-07
"Step (r*=5, eta=1e-3)",20,Haar-Random,7,2026,100,60,60,0.8035254623210697,True,5,8,0.0013633157930960902,0.0003278913262234267,0.0003530941520949183,0.0001520898167497936,4.824822138206455e-05,2.790925433350224e-06,3.2364539085313733e-06,6.004663158097203e-07
"Step (r*=5, eta=1e-3)",20,Haar-Random,8,2026,100,60,60,0.8035254623210697,True,5,8,0.05430480756841332,0.00020383698048431423,8.85385318088826e-05,7.092097630615739e-06,0.07655347947927865,1.0785848885757621e-06,2.0349465602726565e-07,1.305683114502148e-09
"Step (r*=5, eta=1e-3)",20,Haar-Random,9,2026,100,60,60,0.8035254623210697,True,5,8,0.06333033603913377,0.00037970047039630623,0.0003607907665626893,0.00018668929768184014,0.10411467831188011,3.7425761616737687e-06,3.379085693341929e-06,9.047471432661254e-07
"Step (r*=5, eta=1e-3)",21,Haar-Random,0,2026,100,60,60,0.8039439919422404,True,5,8,0.08806192811186479,6.0592369968444964e-05,0.0002646255889932568,3.998180264691726e-05,0.20130972559434554,9.530688069686386e-08,1.8178249169719338e-06,4.1496657752677756e-08
"Step (r*=5, eta=1e-3)",21,Haar-Random,1,2026,100,60,60,0.8039439919422404,True,5,8,0.01646093853183802,0.00010899380555613954,1.5784913352598058e-05,2.459115609387854e-06,0.007033922242743802,3.083841222454551e-07,6.468041254290456e-09,1.5698070303715536e-10
"Step (r*=5, eta=1e-3)",21,Haar-Random,2,2026,100,60,60,0.8039439919422404,True,5,8,0.03047224727376647,0.00020798059365827602,0.00015012098550786667,2.527348408234076e-05,0.024104456543688615,1.122881699176977e-06,5.850206422220531e-07,1.6581301198989465e-08
"Step (r*=5, eta=1e-3)",21,Haar-Random,3,2026,100,60,60,0.8039439919422404,True,5,8,0.011110898996901129,3.290265459420698e-05,0.00010225197945903332,7.6938931748079e-05,0.0032046955406674154,2.810284275575169e-08,2.7141373711280205e-07,1.5366702410394474e-07
"Step (r*=5, eta=1e-3)",21,Haar-Random,4,2026,100,60,60,0.8039439919422404,True,5,8,0.09115985453881552,0.0003445228352115784,2.8454805026147854e-05,2.803442908029659e-05,0.21572258893870364,3.0812320155941568e-06,2.1018397684784386e-08,2.040195611077478e-08
"Step (r*=5, eta=1e-3)",21,Haar-Random,5,2026,100,60,60,0.8039439919422404,True,5,8,0.043432026827774514,0.00033118578556096974,0.00033388533387779425,5.395638110324058e-05,0.04896757199297631,2.8472903355922984e-06,2.8938969515679123e-06,7.557427745445589e-08
"Step (r*=5, eta=1e-3)",21,Haar-Random,6,2026,100,60,60,0.8039439919422404,True,5,8,0.04723085131327791,7.407949506352517e-05,7.375510424745178e-05,8.958344932029165e-06,0.05790818109308703,1.4245719986968403e-07,1.4121230403024458e-07,2.083262218549353e-09
"Step (r*=5, eta=1e-3)",21,Haar-Random,7,2026,100,60,60,0.8039439919422404,True,5,8,0.03550177509692836,0.00018104830183650583,7.145184811011583e-05,5.169810197661494e-05,0.032718133002819415,8.508975790156208e-07,1.3253033916075997e-07,6.938052382127263e-08
"Step (r*=5, eta=1e-3)",21,Haar-Random,8,2026,100,60,60,0.8039439919422404,True,5,8,0.10060757397836428,8.706730790639133e-05,0.00029625537951193353,0.00013321919196266333,0.26275423829259686,1.9678799891527876e-07,2.2783522340695166e-06,4.607039829932409e-07
"Step (r*=5, eta=1e-3)",21,Haar-Random,9,2026,100,60,60,0.8039439919422404,True,5,8,0.11284031120446611,0.0001698708490841979,6.342513673612958e-05,3.6451685995974856e-05,0.33053459960499343,7.490763606657654e-07,1.0442661512184425e-07,3.44924161869232e-08
"Step (r*=5, eta=1e-3)",22,Haar-Random,0,2026,100,60,60,0.8037632810775102,True,5,8,0.061267054502696726,0.0003288742119332671,0.0001364625754313422,0.0001249839641083545,0.0974411452639808,2.8076826449608276e-06,4.834098589638577e-07,4.0550570327232714e-07
"Step (r*=5, eta=1e-3)",22,Haar-Random,1,2026,100,60,60,0.8037632810775102,True,5,8,0.04023886787315801,5.9407069288768464e-05,0.0002444109155015403,0.00015650475951048976,0.04203198333371603,9.161458795335014e-08,1.550706374920947e-06,6.358336024991079e-07
"Step (r*=5, eta=1e-3)",22,Haar-Random,2,2026,100,60,60,0.8037632810775102,True,5,8,0.13932220218660657,3.696179408163431e-05,0.00030748360075991864,3.4874767828149334e-05,0.5038822241252602,3.546455077632599e-08,2.4543262540433377e-06,3.157264938731228e-08
"Step (r*=5, eta=1e-3)",22,Haar-Random,3,2026,100,60,60,0.8037632810775102,True,5,8,0.19171228277216418,4.66101802088428e-05,4.7794784013620434e-05,0.0001901428455739909,0.9540876047745583,5.6396212824480065e-08,5.9299274963623414e-08,9.385304222842377e-07
"Step (r*=5, eta=1e-3)",22,Haar-Random,4,2026,100,60,60,0.8037632810775102,True,5,8,0.03933803338445714,8.777175647957635e-05,0.000232860978184265,0.00011133250223783579,0.04017109460580214,1.9998524558963598e-07,1.4076082761485294e-06,3.217601953228952e-07
"Step (r*=5, eta=1e-3)",22,Haar-Random,5,2026,100,60,60,0.8037632810775102,True,5,8,0.05331787522715158,0.0003347192548673678,5.505372376058813e-07,0.00012153845633062903,0.07379620772851779,2.90837075381486e-06,7.867953335790196e-12,3.8345623938688964e-07
"Step (r*=5, eta=1e-3)",22,Haar-Random,6,2026,100,60,60,0.8037632810775102,True,5,8,0.13346433420285178,0.0003277279400992568,0.00019892659744277693,2.923951847940948e-05,0.46240106455901253,2.788144726192726e-06,1.027245116280977e-06,2.2193653910259704e-08
"Step (r*=5, eta=1e-3)",22,Haar-Random,7,2026,100,60,60,0.8037632810775102,True,5,8,0.06378858497858586,0.00048116666013605795,0.0001392036745265119,4.229420674532466e-05,0.10562684631089979,6.01006863797468e-06,5.030252383022645e-07,4.643550195272807e-08
"Step (r*=5, eta=1e-3)",22,Haar-Random,8,2026,100,60,60,0.8037632810775102,True,5,8,0.0646720427050938,0.0002090498026052366,7.05296280180016e-05,6.2632825647077355e-06,0.10857292396330025,1.1344566371282544e-06,1.2913131193244742e-07,1.0183390242894797e-09
"Step (r*=5, eta=1e-3)",22,Haar-Random,9,2026,100,60,60,0.8037632810775102,True,5,8,0.05989094176734174,0.00012715526200582594,0.00013164318070676208,0.00012844592231484313,0.09311307330224264,4.1971747437465527e-07,4.4986800893150814e-07,4.2828120884762006e-07
"Step (r*=5, eta=1e-3)",23,Haar-Random,0,2026,100,60,60,0.8035371531487414,True,5,8,0.019570389396366225,7.768747327892113e-05,9.840836934870153e-06,0.0001588645153683096,0.009942310238477864,1.566716329159445e-07,2.513925757163377e-09,6.551521659677881e-07
"Step (r*=5, eta=1e-3)",23,Haar-Random,1,2026,100,60,60,0.8035371531487414,True,5,8,0.02661650209440932,1.4840216850567275e-05,0.00019668636079505682,1.5732833469415905e-05,0.01839036452270524,5.71700893278623e-09,1.004238498225561e-06,6.425431057428887e-09
"Step (r*=5, eta=1e-3)",23,Haar-Random,2,2026,100,60,60,0.8035371531487414,True,5,8,0.021289573498828904,2.1758776105146482e-05,7.829196651144923e-05,2.4165217981489213e-05,0.011765822681431217,1.22901533957083e-08,1.5911927085394784e-07,1.5158974093195295e-08
"Step (r*=5, eta=1e-3)",23,Haar-Random,3,2026,100,60,60,0.8035371531487414,True,5,8,0.005623489149629828,4.360436892753636e-05,5.5031362448309676e-05,2.7856632545763007e-05,0.0008209186073680122,4.9356958281738494e-08,7.861563140214952e-08,2.0143995125282238e-08
"Step (r*=5, eta=1e-3)",23,Haar-Random,4,2026,100,60,60,0.8035371531487414,True,5,8,0.011945922708344799,0.0002729348830396286,0.0002374241565819638,7.391651803224345e-05,0.0037044844629806695,1.933777340746931e-06,1.4633162131655544e-06,1.4183106946241747e-07
"Step (r*=5, eta=1e-3)",23,Haar-Random,5,2026,100,60,60,0.8035371531487414,True,5,8,0.10908117198990812,0.00030811487130865236,0.00013087741524695276,4.503052336229721e-05,0.30887870483215096,2.4644141695987927e-06,4.4464948677655995e-07,5.2638361915637445e-08
"Step (r*=5, eta=1e-3)",23,Haar-Random,6,2026,100,60,60,0.8035371531487414,True,5,8,0.03903663213193755,2.5113755191884144e-05,3.253640885524761e-05,8.680575432206123e-06,0.039557884745199466,1.6372375234609194e-08,2.7480688562590168e-08,1.956074571516273e-09
"Step (r*=5, eta=1e-3)",23,Haar-Random,7,2026,100,60,60,0.8035371531487414,True,5,8,0.031320718095853455,0.00013247684488481887,0.00019203421049312727,0.00021442672351388485,0.025465475975058837,4.555838592577492e-07,9.572945472631462e-07,1.1935653315398592e-06
"Step (r*=5, eta=1e-3)",23,Haar-Random,8,2026,100,60,60,0.8035371531487414,True,5,8,0.0678018142060709,0.00024638859378132256,0.00019324093728811817,8.312561930540286e-05,0.1193358706512535,1.575903334562486e-06,9.693634650416417e-07,1.7937345134230899e-07
"Step (r*=5, eta=1e-3)",23,Haar-Random,9,2026,100,60,60,0.8035371531487414,True,5,8,0.1362413710882415,0.00018118846595975343,2.1211962163424398e-05,5.027830566547716e-05,0.48184392497984485,8.522155861814995e-07,1.168019421717798e-08,6.562202750422612e-08
"Step (r*=5, eta=1e-3)",24,Haar-Random,0,2026,100,60,60,0.80454079890403,True,5,8,0.00618390446042727,0.00023315747381614946,0.00017691969213116745,2.6844047441653917e-05,0.0009926906221354537,1.4111950978532769e-06,8.125324728968837e-07,1.870614825616092e-08
"Step (r*=5, eta=1e-3)",24,Haar-Random,1,2026,100,60,60,0.80454079890403,True,5,8,0.11739119170651778,0.0004185315336996538,0.0001201895143305477,0.0002850978832982389,0.3577333252969819,4.5472072270089645e-06,3.749915980747638e-07,2.109970398684109e-06
"Step (r*=5, eta=1e-3)",24,Haar-Random,2,2026,100,60,60,0.80454079890403,True,5,8,0.09759899542280547,2.4830603307652687e-05,0.00016660190709277996,3.342926329567854e-05,0.24727435161494896,1.600526687685831e-08,7.205237715122932e-07,2.9009616553253704e-08
"Step (r*=5, eta=1e-3)",24,Haar-Random,3,2026,100,60,60,0.80454079890403,True,5,8,0.04906238186040062,0.00018765066323422205,1.0636984338636096e-05,5.959110574824561e-05,0.06248641852727626,9.140892134097105e-07,2.9371451970973836e-09,9.218309067400406e-08
"Step (r*=5, eta=1e-3)",24,Haar-Random,4,2026,100,60,60,0.80454079890403,True,5,8,0.05593384004935341,9.738746748708188e-05,0.00011593708182929346,1.686424697134981e-05,0.081215261871225,2.4620366944843787e-07,3.4892581887090563e-07,7.382820067886009e-09
"Step (r*=5, eta=1e-3)",24,Haar-Random,5,2026,100,60,60,0.80454079890403,True,5,8,0.11498478222664416,0.00032204313497051615,2.596517409734244e-05,2.829487661072376e-05,0.3432172527680392,2.692256710105058e-06,1.7501321967392374e-08,2.0782796516080104e-08
"Step (r*=5, eta=1e-3)",24,Haar-Random,6,2026,100,60,60,0.80454079890403,True,5,8,0.049300660059450996,3.2393799191206905e-05,5.7647150664675755e-05,0.00010483530036312379,0.06309484014523896,2.7240316423734114e-08,8.626687560033083e-08,2.8530111197059917e-07
"Step (r*=5, eta=1e-3)",24,Haar-Random,7,2026,100,60,60,0.80454079890403,True,5,8,0.02105422854501263,0.0005427354684619977,0.00011020574489664944,7.572954989056997e-05,0.01150713061015506,7.646536837600177e-06,3.1528030749197707e-07,1.488740927126626e-07
"Step (r*=5, eta=1e-3)",24,Haar-Random,8,2026,100,60,60,0.80454079890403,True,5,8,0.07347805395084409,0.0005707935831983259,5.69136887337293e-05,0.00015143846135369922,0.14015340969718354,8.457588307363404e-06,8.408564218989797e-08,5.953340924360963e-07
"Step (r*=5, eta=1e-3)",24,Haar-Random,9,2026,100,60,60,0.80454079890403,True,5,8,0.1012875359072558,0.00021586009296641222,0.00011800554550541728,0.00015980888021719687,0.2663179189012405,1.2095758192425084e-06,3.614874384939561e-07,6.629643775690402e-07
"Step (r*=5, eta=1e-3)",25,Haar-Random,0,2026,100,60,60,0.8038222977775488,True,5,8,0.010552311152596026,0.00019280961966574125,0.0001595989993510047,7.644042166130837e-05,0.0028905704188759164,9.65041017188715e-07,6.61224146771558e-07,1.516821670755614e-07
"Step (r*=5, eta=1e-3)",25,Haar-Random,1,2026,100,60,60,0.8038222977775488,True,5,8,0.030469154331482628,3.1157128480588487e-05,7.873827816038953e-05,9.599129342074329e-05,0.024099563572809766,2.5200155870358296e-08,1.6093859425779148e-07,2.391949816205619e-07
"Step (r*=5, eta=1e-3)",25,Haar-Random,2,2026,100,60,60,0.8038222977775488,True,5,8,0.08169938415992967,0.0006189225027165128,0.00018527693993748595,0.000164630380109066,0.17327102418038332,9.943995582578134e-06,8.911095851528017e-07,7.035716613610453e-07
"Step (r*=5, eta=1e-3)",25,Haar-Random,3,2026,100,60,60,0.8038222977775488,True,5,8,0.0065987008893727255,0.00012433454360868596,0.00016736509589155885,0.00017679563516173795,0.0011303300206934284,4.0130261134274396e-07,7.271402045812051e-07,8.113933687746131e-07
"Step (r*=5, eta=1e-3)",25,Haar-Random,4,2026,100,60,60,0.8038222977775488,True,5,8,0.003987906780285588,0.00014541731377116842,0.00023893422705743123,0.00023186022930069957,0.00041283677085943523,5.4893460840894e-07,1.4819894414277128e-06,1.3955355323916568e-06
"Step (r*=5, eta=1e-3)",25,Haar-Random,5,2026,100,60,60,0.8038222977775488,True,5,8,0.06098790131648279,1.2152734153427064e-06,4.0232443946192935e-05,6.453224092615624e-06,0.09655521928143107,3.8338610778808065e-11,4.201856402782982e-08,1.0810402638811407e-09
"Step (r*=5, eta=1e-3)",25,Haar-Random,6,2026,100,60,60,0.8038222977775488,True,5,8,0.014405138997176499,0.0003287494557104684,0.0002642182359048245,8.28917034593816e-05,0.005386706126217435,2.8055528978934436e-06,1.8122326637594252e-06,1.7836535642361332e-07
"Step (r*=5, eta=1e-3)",25,Haar-Random,7,2026,100,60,60,0.8038222977775488,True,5,8,0.005821544328585263,0.00018568222185015,9.135302944446542e-05,6.184434679653161e-05,0.0008797611793580648,8.950123438506428e-07,2.1663782392457892e-07,9.92860859635537e-08
"Step (r*=5, eta=1e-3)",25,Haar-Random,8,2026,100,60,60,0.8038222977775488,True,5,8,0.028145588574619858,0.000627163766908362,0.00018946391187275703,3.559059777969511e-05,0.020564068725455253,1.0210577276938158e-05,9.318400593396824e-07,3.288205425882025e-08
"Step (r*=5, eta=1e-3)",25,Haar-Random,9,2026,100,60,60,0.8038222977775488,True,5,8,0.04774488617616973,8.368268418319701e-05,8.989674835524592e-05,0.00011225675224316278,0.05917552250431929,1.8178564304759617e-07,2.097859230816817e-07,3.2712468935282215e-07
"Step (r*=5, eta=1e-3)",26,Haar-Random,0,2026,100,60,60,0.8033182979652262,True,5,8,0.015520795952580773,6.776797639906662e-05,0.0001734868171523597,3.4375514356785925e-05,0.006253402105033437,1.192167866246669e-07,7.813063166042034e-07,3.0675156496054064e-08
"Step (r*=5, eta=1e-3)",26,Haar-Random,1,2026,100,60,60,0.8033182979652262,True,5,8,0.056791006990443475,0.0001318600703065325,8.626910826972426e-05,0.0001103920633939935,0.08372352702269077,4.5135159614549776e-07,1.931963844212565e-07,3.163472611160857e-07
"Step (r*=5, eta=1e-3)",26,Haar-Random,2,2026,100,60,60,0.8033182979652262,True,5,8,0.08616319370458642,0.0004375233191809974,0.0002578479359211361,0.00010920541336472409,0.19272229235220012,4.969249318324528e-06,1.7259002637870862e-06,3.0958271944308935e-07
"Step (r*=5, eta=1e-3)",26,Haar-Random,3,2026,100,60,60,0.8033182979652262,True,5,8,0.010415737844441856,0.00023249990658351434,0.00020541628423871046,0.00015313046261982598,0.0028162321867488517,1.4032464175310618e-06,1.0953631206446018e-06,6.087115828778048e-07
"Step (r*=5, eta=1e-3)",26,Haar-Random,4,2026,100,60,60,0.8033182979652262,True,5,8,0.04476457961101561,2.8398268265573206e-05,0.00012785968536799242,7.450705529738991e-05,0.05201844880711663,2.0934957886851167e-08,4.243807143400917e-07,1.4410636894597563e-07
"Step (r*=5, eta=1e-3)",26,Haar-Random,5,2026,100,60,60,0.8033182979652262,True,5,8,0.0468305672455451,0.00013005856598621854,3.5494634690339296e-05,5.463818376197215e-05,0.056930790386408046,4.391028936729025e-07,3.270497325077999e-08,7.749628530214386e-08
"Step (r*=5, eta=1e-3)",26,Haar-Random,6,2026,100,60,60,0.8033182979652262,True,5,8,0.022611750567642495,0.0002838226122245009,4.59003242347759e-05,0.00013625455248030203,0.013272622697533801,2.091136403056694e-06,5.469150612693131e-08,4.81937166568432e-07
"Step (r*=5, eta=1e-3)",26,Haar-Random,7,2026,100,60,60,0.8033182979652262,True,5,8,0.045246561008004775,0.0002372879320552444,8.917886717037018e-06,4.482604027241012e-05,0.053144647238005424,1.461637509743815e-06,2.064487602319707e-09,5.216138695409751e-08
"Step (r*=5, eta=1e-3)",26,Haar-Random,8,2026,100,60,60,0.8033182979652262,True,5,8,0.060862552991212716,0.00011969694148745164,5.154161121732596e-05,1.5817077838218843e-05,0.09615872761345037,3.7192423935179585e-07,6.896112822710755e-08,6.494427611340935e-09
"Step (r*=5, eta=1e-3)",26,Haar-Random,9,2026,100,60,60,0.8033182979652262,True,5,8,0.025442743525498742,0.00010607529227687371,0.00014463275820238538,6.971342056771024e-05,0.01680413867291966,2.9209010904852243e-07,5.430273623172848e-07,1.2615984928623924e-07
"Step (r*=5, eta=1e-3)",27,Haar-Random,0,2026,100,60,60,0.8037205064560666,True,5,8,0.09575132401289706,0.00016265820733509399,0.00019724666451299242,0.00014577828081510226,0.2380005455556344,6.868158988034839e-07,1.0099682297420687e-06,5.516632137818014e-07
"Step (r*=5, eta=1e-3)",27,Haar-Random,1,2026,100,60,60,0.8037205064560666,True,5,8,0.10877692509093918,0.0005811617937905778,0.00014503877085368988,6.67022517729087e-05,0.30715807185199806,8.767635528081645e-06,5.460804111785227e-07,1.1549664460469399e-07
"Step (r*=5, eta=1e-3)",27,Haar-Random,2,2026,100,60,60,0.8037205064560666,True,5,8,0.002241420329545833,0.0002761975896644891,7.030766923377398e-05,4.482154797822764e-05,0.00013041723546652046,1.9802870396260255e-06,1.2831983085696202e-07,5.2150932648867855e-08
"Step (r*=5, eta=1e-3)",27,Haar-Random,3,2026,100,60,60,0.8037205064560666,True,5,8,0.0976176514624461,5.5488503375363203e-05,0.00015553594068835422,0.00023116278047837524,0.24736889359232136,7.992716321784971e-08,6.27985906194134e-07,1.3871524584723873e-06
"Step (r*=5, eta=1e-3)",27,Haar-Random,4,2026,100,60,60,0.8037205064560666,True,5,8,0.14012565651174733,0.0002633779771669115,0.0001972652871552714,1.7799534883629884e-05,0.5097106376299156,1.8007245781557382e-06,1.0101589469334053e-06,8.224427653373505e-09
"Step (r*=5, eta=1e-3)",27,Haar-Random,5,2026,100,60,60,0.8037205064560666,True,5,8,0.11437072535328156,0.0001763711366934782,1.2584201680274043e-06,4.5307371764443874e-05,0.33956125310476837,8.075016240995333e-07,4.110926541819281e-11,5.328759458480372e-08
"Step (r*=5, eta=1e-3)",27,Haar-Random,6,2026,100,60,60,0.8037205064560666,True,5,8,0.012946618181862298,8.383539740008108e-05,0.0002877556034485741,2.309918680913517e-05,0.00435111995957694,1.824497326691672e-07,2.1494926055195997e-06,1.3851020081956209e-08
"Step (r*=5, eta=1e-3)",27,Haar-Random,7,2026,100,60,60,0.8037205064560666,True,5,8,0.032423405407275195,0.0003432985788121702,2.2787816925425934e-05,5.944577682843897e-05,0.027290131589301596,3.0593727054409085e-06,1.3480121919400633e-08,9.173401248046805e-08
"Step (r*=5, eta=1e-3)",27,Haar-Random,8,2026,100,60,60,0.8037205064560666,True,5,8,0.01796497229800913,2.4757739240414017e-05,4.722302305294114e-05,9.56745635842297e-05,0.008378021690463451,1.5911471511601866e-08,5.788898674291481e-08,2.376191053766073e-07
"Step (r*=5, eta=1e-3)",27,Haar-Random,9,2026,100,60,60,0.8037205064560666,True,5,8,0.014967434113612491,9.712311427599086e-05,0.0003622301540623829,0.00011251337097762469,0.005815446795738934,2.44868869443436e-07,3.4061014395156115e-06,3.2862201174433044e-07
"Step (r*=5, eta=1e-3)",28,Haar-Random,0,2026,100,60,60,0.8044005410212954,True,5,8,0.01984341608061351,0.0003048856573453201,6.422456413730103e-05,5.467590371121669e-05,0.010221655841854466,2.4130280234824333e-06,1.0707564714396572e-07,7.760332271664306e-08
"Step (r*=5, eta=1e-3)",28,Haar-Random,1,2026,100,60,60,0.8044005410212954,True,5,8,0.12266561847410803,3.365993335964647e-05,5.076806227400894e-05,9.51863595399903e-05,0.3906016580056884,2.9411344647284855e-08,6.690669101637308e-08,2.3520026745071796e-07
"Step (r*=5, eta=1e-3)",28,Haar-Random,2,2026,100,60,60,0.8044005410212954,True,5,8,0.04906380841820209,0.00016049737279738354,3.608448471510013e-05,6.23365848449997e-05,0.06249005234122488,6.686890818579164e-07,3.380098782673921e-08,1.0087287236761342e-07
"Step (r*=5, eta=1e-3)",28,Haar-Random,3,2026,100,60,60,0.8044005410212954,True,5,8,0.1376789667266169,6.322212856473972e-05,0.00024796754038043645,9.958820587646877e-05,0.49206624332604176,1.0375919743345622e-07,1.596165961393557e-06,2.574566971965729e-07
"Step (r*=5, eta=1e-3)",28,Haar-Random,4,2026,100,60,60,0.8044005410212954,True,5,8,0.17939855422575213,0.0001514081921254239,0.0001702324747006631,0.00010318809466113656,0.8354611398199833,5.950961277545859e-07,7.522690630747429e-07,2.764060619711875e-07
"Step (r*=5, eta=1e-3)",28,Haar-Random,5,2026,100,60,60,0.8044005410212954,True,5,8,0.09160214719702547,2.1750324826172054e-05,2.402522147485459e-05,0.0002147528199860522,0.2178209683343621,1.2280608066227832e-08,1.4983841708149265e-08,1.1971983992389749e-06
"Step (r*=5, eta=1e-3)",28,Haar-Random,6,2026,100,60,60,0.8044005410212954,True,5,8,0.04083736902135343,0.0003715571334514902,4.5969443984629795e-05,4.4839399591164406e-05,0.04329162479645672,3.5837654974133135e-06,5.4856346335410346e-08,5.219248247040923e-08
"Step (r*=5, eta=1e-3)",28,Haar-Random,7,2026,100,60,60,0.8044005410212954,True,5,8,0.0006954679488699882,0.00011815027170351319,0.00018676697115259215,1.6508945569441938e-05,1.2555748755048693e-05,3.623746643262825e-07,9.055001534368249e-07,7.075009836180388e-09
"Step (r*=5, eta=1e-3)",28,Haar-Random,8,2026,100,60,60,0.8044005410212954,True,5,8,0.0062515525856766795,0.00017897520390234092,0.00023392819819223714,0.00013769351858718734,0.001014528271767251,8.315226976439987e-07,1.4205401992278883e-06,4.921702658640506e-07
"Step (r*=5, eta=1e-3)",28,Haar-Random,9,2026,100,60,60,0.8044005410212954,True,5,8,0.04424904949657683,6.825168478380767e-05,2.482359116988442e-05,0.00014184955351702035,0.05082720975093722,1.2092473083733702e-07,1.599622841025424e-08,5.223292215606712e-07
"Step (r*=5, eta=1e-3)",29,Haar-Random,0,2026,100,60,60,0.8039472273425765,True,5,8,0.03098094449951298,0.0005377501020824613,5.006487157239769e-06,0.00011789464494022774,0.02491596339379714,7.506705526847553e-06,6.506607202087356e-10,3.608083123842946e-07
"Step (r*=5, eta=1e-3)",29,Haar-Random,1,2026,100,60,60,0.8039472273425765,True,5,8,0.007417199316522796,0.00011097183280549384,9.319434778858328e-05,7.788768748767041e-05,0.0014281317549240799,3.1967884279543916e-07,2.2545897243803664e-07,1.5748021391254926e-07
"Step (r*=5, eta=1e-3)",29,Haar-Random,2,2026,100,60,60,0.8039472273425765,True,5,8,0.09676644742279171,2.981094900808164e-05,0.00016763318143755767,0.00019305932157731505,0.243073699551939,2.3069595517229255e-08,7.294715377886181e-07,9.675422266751976e-07
"Step (r*=5, eta=1e-3)",29,Haar-Random,3,2026,100,60,60,0.8039472273425765,True,5,8,0.029537931860416283,0.0002831942167265698,0.0003331054084291345,0.0001007574139735086,0.02264897462942869,2.0818869215059834e-06,2.8803929874854617e-06,2.6353748772246916e-07
"Step (r*=5, eta=1e-3)",29,Haar-Random,4,2026,100,60,60,0.8039472273425765,True,5,8,0.06124601900461769,0.00026321330153929043,0.0002963443548925242,4.974181673791679e-05,0.0973742456500342,1.7984734958922026e-06,2.2797209700489945e-06,6.422907431668123e-08
"Step (r*=5, eta=1e-3)",29,Haar-Random,5,2026,100,60,60,0.8039472273425765,True,5,8,0.010994788991237516,0.00018597373709171118,0.00019263022453504217,7.244357817479798e-05,0.0031380667303589627,8.978248322736483e-07,9.63246053635442e-07,1.3623483273700046e-07
"Step (r*=5, eta=1e-3)",29,Haar-Random,6,2026,100,60,60,0.8039472273425765,True,5,8,0.03822049992223674,8.992349299467889e-05,1.4083440145106807e-05,0.00014317003254459283,0.037921115420926924,2.0991076593904317e-07,5.148798328183953e-09,5.320992221437969e-07
"Step (r*=5, eta=1e-3)",29,Haar-Random,7,2026,100,60,60,0.8039472273425765,True,5,8,0.07034753993844807,0.00014366000284937538,0.00029062166310109635,1.3226190781517164e-05,0.1284654096481983,5.357474567874895e-07,2.192523940184989e-06,4.541067343593234e-09
"Step (r*=5, eta=1e-3)",29,Haar-Random,8,2026,100,60,60,0.8039472273425765,True,5,8,0.08191430882931981,5.014735007131655e-05,0.0003778654837297106,1.0705505438802765e-05,0.1741838634008338,6.528063254198614e-08,3.7064899129340154e-06,2.9751079576875774e-09
"Step (r*=5, eta=1e-3)",29,Haar-Random,9,2026,100,60,60,0.8039472273425765,True,5,8,0.007545921933092281,0.00010839741665969928,0.00013828596648065712,2.085782088988325e-05,0.0014781312284012113,3.050185421534273e-07,4.964146563883922e-07,1.1293439878969736e-08
"Step (r*=5, eta=1e-3)",30,Haar-Random,0,2026,100,60,60,0.8040906215133107,True,5,8,0.04290359593354735,0.000246088976626945,5.290549982884029e-06,5.1729835090625176e-05,0.04778325870241495,1.5720729576832225e-06,7.265910102202485e-10,6.946572369110238e-08
"Step (r*=5, eta=1e-3)",30,Haar-Random,1,2026,100,60,60,0.8040906215133107,True,5,8,0.03737099458720785,0.00019592396357505297,4.593457459216204e-05,0.00010074120254946158,0.036254146821452,9.964683125522902e-07,5.477315707580235e-08,2.6345269050311397e-07
"Step (r*=5, eta=1e-3)",30,Haar-Random,2,2026,100,60,60,0.8040906215133107,True,5,8,0.03418280524370446,3.672931502519469e-05,5.3699788657290985e-05,5.544894724039552e-05,0.030332190713011575,3.5019830117913283e-08,7.485719158008772e-08,7.98132483506631e-08
"Step (r*=5, eta=1e-3)",30,Haar-Random,3,2026,100,60,60,0.8040906215133107,True,5,8,0.07177942399027636,0.0001060346030063187,0.00037486237107507144,0.00019697919010800815,0.13374831351087144,2.918660671674002e-07,3.6478088478063936e-06,1.0072309718910489e-06
"Step (r*=5, eta=1e-3)",30,Haar-Random,4,2026,100,60,60,0.8040906215133107,True,5,8,0.03459918557782329,0.0005392319792926946,5.59697815813985e-06,3.622384616597146e-05,0.031075643387107447,7.548134967840847e-06,8.131966874795589e-10,3.4062576763357516e-08
"Step (r*=5, eta=1e-3)",30,Haar-Random,5,2026,100,60,60,0.8040906215133107,True,5,8,0.04687218169812919,9.62701557075765e-05,0.00025367357296033363,1.723283138868237e-05,0.057032014712635845,2.4058676091947974e-07,1.6704705692906852e-06,7.709064054117092e-09
"Step (r*=5, eta=1e-3)",30,Haar-Random,6,2026,100,60,60,0.8040906215133107,True,5,8,0.1303435012186919,0.00035637754853396305,4.125993324690097e-06,8.802641246681258e-05,0.44102899423362474,3.2969248564588666e-06,4.4192179273805946e-10,2.0114738068148186e-07
"Step (r*=5, eta=1e-3)",30,Haar-Random,7,2026,100,60,60,0.8040906215133107,True,5,8,0.026714663859512766,0.0003179719193567507,0.00019725343720953842,0.00012859759272292637,0.01852626213125709,2.6246168548368717e-06,1.0100375878302405e-06,4.2929324466592387e-07
"Step (r*=5, eta=1e-3)",30,Haar-Random,8,2026,100,60,60,0.8040906215133107,True,5,8,0.15072995214193918,6.455408214520876e-05,6.401093874070073e-05,0.00024758694915529987,0.5897765480210728,1.0817721533222117e-07,1.0636451626369892e-07,1.591269993482114e-06
"Step (r*=5, eta=1e-3)",30,Haar-Random,9,2026,100,60,60,0.8040906215133107,True,5,8,0.09228428831810184,0.00048583970319266025,0.00017342377877234815,0.00016712864374406668,0.22107717755490305,6.127373899256925e-06,7.807386269420729e-07,7.250870595266489e-07
"Step (r*=15, eta=1e-2)",0,Coordinate-Aligned (U=I),0,2026,100,60,60,1.0,False,7,20,1.008656880416547e-15,0.0001599622582369509,0.012766891807416988,0.0006768339280433972,2.5559093329160782e-28,6.428262252229903e-06,0.04094764119162392,0.00011508607388078258
"Step (r*=15, eta=1e-2)",0,Coordinate-Aligned (U=I),1,2026,100,60,60,1.0,False,7,20,1.008656880416547e-15,0.0006286259844194014,0.0018219990974433977,5.690301126192347e-07,2.5559093329160782e-28,9.927575316489635e-05,0.0008339784874404381,8.134465698329953e-11
"Step (r*=15, eta=1e-2)",0,Coordinate-Aligned (U=I),2,2026,100,60,60,1.0,False,7,20,1.008656880416547e-15,3.309633824847385e-05,0.013219845271464168,0.00018346199796922592,2.5559093329160782e-28,2.7518098826201936e-07,0.04390472661811756,8.455723452209404e-06
"Step (r*=15, eta=1e-2)",0,Coordinate-Aligned (U=I),3,2026,100,60,60,1.0,False,7,20,1.008656880416547e-15,0.00037755777122939983,0.001383781883188209,0.0006531535234842029,2.5559093329160782e-28,3.581173487075559e-05,0.00048105398199701875,0.00010717391145456278
"Step (r*=15, eta=1e-2)",0,Coordinate-Aligned (U=I),4,2026,100,60,60,1.0,False,7,20,1.008656880416547e-15,0.00030653640839430106,0.0013780590226996178,0.0003583193925957588,2.5559093329160782e-28,2.360601410424252e-05,0.0004770832520650841,3.2255156959790524e-05
"Step (r*=15, eta=1e-2)",0,Coordinate-Aligned (U=I),5,2026,100,60,60,1.0,False,7,20,1.008656880416547e-15,0.0004171420475930656,0.008186319698739921,0.00040096195010298855,2.5559093329160782e-28,4.3714596121455e-05,0.01683588440492598,4.038916327603644e-05
"Step (r*=15, eta=1e-2)",0,Coordinate-Aligned (U=I),6,2026,100,60,60,1.0,False,7,20,1.008656880416547e-15,0.00027233907590903066,0.009674835768266752,0.0003275732646005721,2.5559093329160782e-28,1.863281414634254e-05,0.023515040777365617,2.695724035816917e-05
"Step (r*=15, eta=1e-2)",0,Coordinate-Aligned (U=I),7,2026,100,60,60,1.0,False,6,20,1.008656880416547e-15,0.00048303534917704273,0.0013069313258783602,0.0004173748656373622,2.5559093329160782e-28,5.861602468775476e-05,0.00042910548759275355,4.37634062906259e-05
"Step (r*=15, eta=1e-2)",0,Coordinate-Aligned (U=I),8,2026,100,60,60,1.0,False,7,20,1.008656880416547e-15,0.00022195984479134236,0.0001892938103595621,0.00022019828801917766,2.5559093329160782e-28,1.2376771071074674e-05,9.001841459378386e-06,1.2181097218836094e-05
"Step (r*=15, eta=1e-2)",0,Coordinate-Aligned (U=I),9,2026,100,60,60,1.0,False,7,20,1.008656880416547e-15,7.99060001578413e-05,0.005145614677245834,0.0006824912958978611,2.5559093329160782e-28,1.6040478397390778e-06,0.006651706162544098,0.0001170180258601588
"Step (r*=15, eta=1e-2)",1,Haar-Random,0,2026,100,60,60,0.8049129513548371,False,7,20,0.001935904146249771,0.0015479242389173364,0.0007781078780470528,0.000335422878197731,0.0009415128095123501,0.000601946557258878,0.00015210313238064844,2.826466845468697e-05
"Step (r*=15, eta=1e-2)",1,Haar-Random,1,2026,100,60,60,0.8049129513548371,False,7,20,0.007126459646100675,0.0014427596490321922,0.006464099265936441,0.00013650836372649733,0.012758693178989783,0.0005229335527013328,0.010497226478188541,4.68141405886292e-06
"Step (r*=15, eta=1e-2)",1,Haar-Random,2,2026,100,60,60,0.8049129513548371,False,6,20,0.06478997428003572,0.0010950816189278182,0.00195964771908028,0.00040041468157820423,1.0545669298898315,0.000301266964615351,0.0009647494636752249,4.027898507464916e-05
"Step (r*=15, eta=1e-2)",1,Haar-Random,3,2026,100,60,60,0.8049129513548371,False,7,20,0.02142614251378833,0.00011984468727049935,0.0015455421213495721,0.002035661791975691,0.11533112054553506,3.6082457274753032e-06,0.000600095298515171,0.0010410456737209445
"Step (r*=15, eta=1e-2)",1,Haar-Random,4,2026,100,60,60,0.8049129513548371,False,7,20,0.016964624458839193,0.0009046832714757206,0.0011522224253694893,0.0007435306368471865,0.0723014544028646,0.00020561351277401625,0.0003335271405737599,0.0001388852962027903
"Step (r*=15, eta=1e-2)",1,Haar-Random,5,2026,100,60,60,0.8049129513548371,False,7,20,0.08845303994199144,0.00028242609497135143,0.0007059896243871385,0.000769100686389456,1.9655498357310415,2.0038636880366804e-05,0.00012521465753563291,0.00014860209459712908
"Step (r*=15, eta=1e-2)",1,Haar-Random,6,2026,100,60,60,0.8049129513548371,False,7,20,0.06012166873149018,0.00025634543894672863,0.002233804982067276,0.0015998585060339342,0.9080726296646788,1.6508580140221803e-05,0.0012535713085203362,0.0006430158563323615
"Step (r*=15, eta=1e-2)",1,Haar-Random,7,2026,100,60,60,0.8049129513548371,False,7,20,0.020347830645846644,0.0018978274405504426,0.01391239889458842,0.0011776313437098901,0.10401470982217403,0.000904840386671854,0.04862533154610629,0.00034839927747060313
"Step (r*=15, eta=1e-2)",1,Haar-Random,8,2026,100,60,60,0.8049129513548371,False,7,20,0.020518094328331564,0.0008124144145824862,0.006891519556002099,0.0004934475491423603,0.10576271167480182,0.00016581116625914927,0.01193132069127902,6.117028805504042e-05
"Step (r*=15, eta=1e-2)",1,Haar-Random,9,2026,100,60,60,0.8049129513548371,False,7,20,0.05649274664430286,0.0007529250662804246,0.0007047223892289977,0.00015441519108498074,0.801759129546974,0.00014241706940836246,0.00012476554610224555,5.99016216209099e-06
"Step (r*=15, eta=1e-2)",2,Haar-Random,0,2026,100,60,60,0.8030209439531797,False,7,20,0.03029113385418403,0.0013505725800059241,0.001198379190176586,0.0004916185614301772,0.23050990582900835,0.00045824147006021213,0.00036078381861758723,6.071766705582401e-05
"Step (r*=15, eta=1e-2)",2,Haar-Random,1,2026,100,60,60,0.8030209439531797,False,7,20,0.034532996410039804,0.000656127184231833,0.001164562758814338,0.0007300114651627796,0.2995898255496456,0.00010815201024510625,0.00034070956715180796,0.00013388067553103325
"Step (r*=15, eta=1e-2)",2,Haar-Random,2,2026,100,60,60,0.8030209439531797,False,7,20,0.036185992484675036,0.0001550689618988419,0.001318984375283147,0.0005080599535771925,0.32895728637393223,6.040992439245618e-06,0.00043705675299405726,6.484678681754891e-05
"Step (r*=15, eta=1e-2)",2,Haar-Random,3,2026,100,60,60,0.8030209439531797,False,7,20,0.02552695651322169,0.000979992819074537,0.0039750682578329,2.0751572273180035e-05,0.16370298939151962,0.0002412705531532616,0.003969608841065206,1.081833803788399e-07
"Step (r*=15, eta=1e-2)",2,Haar-Random,4,2026,100,60,60,0.8030209439531797,False,7,20,0.017260150261607956,0.0008669907587520099,0.0017904662277617054,0.0006478213333932352,0.07484239514549378,0.00018883716415321437,0.0008053613811736495,0.00010543116960664634
"Step (r*=15, eta=1e-2)",2,Haar-Random,5,2026,100,60,60,0.8030209439531797,False,7,20,0.012822838044649542,0.0011551916804022656,0.001638996729660281,0.0011237949377744018,0.04130730365690019,0.00033524834152573224,0.0006748615842763735,0.0003172726792053418
"Step (r*=15, eta=1e-2)",2,Haar-Random,6,2026,100,60,60,0.8030209439531797,False,7,20,0.047210338945979584,0.0001817309037732872,0.0029245933254156004,0.0025133900985048704,0.5599287535349676,8.296904779958623e-06,0.002148767873146923,0.0015870051379805058
"Step (r*=15, eta=1e-2)",2,Haar-Random,7,2026,100,60,60,0.8030209439531797,False,7,20,0.03900870161823971,0.00045891486514489425,0.0013170670269941763,0.00027760165742973407,0.38227995282058624,5.29081753510828e-05,0.00043578701703808896,1.9359879178487772e-05
"Step (r*=15, eta=1e-2)",2,Haar-Random,8,2026,100,60,60,0.8030209439531797,False,7,20,0.01196550617997337,0.00012905934407193378,0.0004543141600517016,0.00019945164942582053,0.03596836394162495,4.184440917291748e-06,5.1852664663609386e-05,9.99387233883082e-06
"Step (r*=15, eta=1e-2)",2,Haar-Random,9,2026,100,60,60,0.8030209439531797,False,7,20,0.10697366962435054,0.0009653468420104156,0.002632685066126277,0.000805662387271441,2.874831013151238,0.00023411287240214648,0.0017412308493297529,0.00016306648539204664
"Step (r*=15, eta=1e-2)",3,Haar-Random,0,2026,100,60,60,0.8047195342509917,False,7,20,0.004537094834480938,0.0008027997970299858,0.005683919662746181,0.0008181696449903424,0.005171472827377464,0.00016190976451384745,0.008116230920628693,0.00016816873541276536
"Step (r*=15, eta=1e-2)",3,Haar-Random,1,2026,100,60,60,0.8047195342509917,False,7,20,0.019720024184993475,0.0004161537356691292,0.0007870166986740995,0.0011208078746062875,0.09769524347427154,4.350770028435992e-05,0.0001556060317326493,0.0003155882900265656
"Step (r*=15, eta=1e-2)",3,Haar-Random,2,2026,100,60,60,0.8047195342509917,False,7,20,0.022574797605109834,0.0014182150701364214,0.005949684646254239,0.0004884242220111924,0.12802838399566743,0.0005052923520873732,0.00889296181615246,5.993119258655076e-05
"Step (r*=15, eta=1e-2)",3,Haar-Random,3,2026,100,60,60,0.8047195342509917,False,7,20,0.05269852581012219,0.00034086154918618045,0.022957301346498177,0.0006433696711247562,0.6976787027161069,2.9188687041660548e-05,0.13240372484853324,0.0001039871561732706
"Step (r*=15, eta=1e-2)",3,Haar-Random,4,2026,100,60,60,0.8047195342509917,False,6,20,0.01750350556150717,0.000391835419680654,0.01576047909849066,0.0004202221732929931,0.07696771736966418,3.857144556183067e-05,0.0624018354309687,4.4362545941869864e-05
"Step (r*=15, eta=1e-2)",3,Haar-Random,5,2026,100,60,60,0.8047195342509917,False,7,20,0.03327316552296715,0.0003958003549110692,0.012655454172885699,0.0005967595958251727,0.2781293200621326,3.9355994545290596e-05,0.04023592631659609,8.94658629659492e-05
"Step (r*=15, eta=1e-2)",3,Haar-Random,6,2026,100,60,60,0.8047195342509917,False,6,20,0.005279374530210254,6.141070054339299e-05,0.028959696913588153,0.0007262262382244113,0.007002022127471631,9.47428917945224e-07,0.2106912781271335,0.0001324958893326517
"Step (r*=15, eta=1e-2)",3,Haar-Random,7,2026,100,60,60,0.8047195342509917,False,7,20,0.053823030827712635,0.0010576450975856946,0.017214103000939108,0.0004609570295603984,0.7277711449167701,0.00028102079269062927,0.07444359326248523,5.3380104266127545e-05
"Step (r*=15, eta=1e-2)",3,Haar-Random,8,2026,100,60,60,0.8047195342509917,False,7,20,0.004988150584689988,0.0012626611387788623,0.00030459520400080085,0.0006505781369487808,0.006250829376433156,0.0004005273356731474,2.3307980971394426e-05,0.00010633040353169354
"Step (r*=15, eta=1e-2)",3,Haar-Random,9,2026,100,60,60,0.8047195342509917,False,7,20,0.03099132588674149,0.0022092072119573236,0.0007530427853239947,0.00031055969311152886,0.24128973519211958,0.0012261156555688681,0.00014246160640828584,2.4229737598731497e-05
"Step (r*=15, eta=1e-2)",4,Haar-Random,0,2026,100,60,60,0.8032893926406832,False,6,20,0.0029832259696637325,0.001179438201599052,0.010856954246887427,0.0002915094049680599,0.0022357891029790027,0.0003494692063890765,0.029612464179123665,2.13483185750265e-05
"Step (r*=15, eta=1e-2)",4,Haar-Random,1,2026,100,60,60,0.8032893926406832,False,7,20,0.032670011009833605,0.00045915736960274085,0.001832775339343595,0.0016456970227548362,0.26813721530535695,5.296410667672585e-05,0.0008438728186324143,0.0006803905922754173
"Step (r*=15, eta=1e-2)",4,Haar-Random,2,2026,100,60,60,0.8032893926406832,False,7,20,0.007187404311621592,0.000839519115955649,0.0009613876770787292,0.0003256726706398872,0.012977848044132215,0.00017705969515679042,0.00023219648191945172,2.664533373700016e-05
"Step (r*=15, eta=1e-2)",4,Haar-Random,3,2026,100,60,60,0.8032893926406832,False,7,20,0.03677681108594554,0.0002486651690745361,0.002654892152330051,0.00017073398055501943,0.33978693102446983,1.553418409053191e-05,0.0017707298181121852,7.323159016652431e-06
"Step (r*=15, eta=1e-2)",4,Haar-Random,4,2026,100,60,60,0.8032893926406832,False,7,20,0.03964819849376331,0.00043636368504200456,0.0031716981498275186,0.000876918029006752,0.39491665606475956,4.783609662308399e-05,0.0025272152339451204,0.00019318639184245378
"Step (r*=15, eta=1e-2)",4,Haar-Random,5,2026,100,60,60,0.8032893926406832,False,7,20,0.06263908906341935,0.0007574669402989822,0.0001477588541148021,0.0003780004746363719,0.985710538496448,0.00014414045832397725,5.484860192369824e-06,3.5895765834994495e-05
"Step (r*=15, eta=1e-2)",4,Haar-Random,6,2026,100,60,60,0.8032893926406832,False,7,20,0.12355468993806236,0.001991218668958942,0.003737339835370417,0.0002941436084658866,3.8351027447411314,0.000996085100463007,0.0035090027855692063,2.1735886865618783e-05
"Step (r*=15, eta=1e-2)",4,Haar-Random,7,2026,100,60,60,0.8032893926406832,False,7,20,0.03878092887938154,0.0013627381981758159,0.0018842046565571175,0.0012107958958395952,0.3778287028306155,0.00046653409941441453,0.0008918969496849545,0.0003682988929879407
"Step (r*=15, eta=1e-2)",4,Haar-Random,8,2026,100,60,60,0.8032893926406832,False,7,20,0.0015797765555799466,0.0007744596090979734,0.0001639415654988385,0.0002915640581980002,0.0006269744772629059,0.00015068016197733295,6.752066157660537e-06,2.1356324244261872e-05
"Step (r*=15, eta=1e-2)",4,Haar-Random,9,2026,100,60,60,0.8032893926406832,False,7,20,0.01780252863135373,2.290854642387662e-05,0.0022735624223347954,0.0012095000583560952,0.07961995337392394,1.3184194464656643e-07,0.0012985907298061021,0.0003675109812940459
"Step (r*=15, eta=1e-2)",5,Haar-Random,0,2026,100,60,60,0.8040673583834481,False,7,20,0.008806393654700886,0.0014828865177281701,0.0018089504493385429,0.0008176865014668642,0.019482950316237868,0.0005524263254538958,0.0008220758209032056,0.00016797018088022736
"Step (r*=15, eta=1e-2)",5,Haar-Random,1,2026,100,60,60,0.8040673583834481,False,7,20,0.03641025424227197,0.00031030377714587185,0.002619157677653835,0.00069902640853747,0.3330473298323192,2.4189821138449366e-05,0.0017233830691379087,0.0001227568398151938
"Step (r*=15, eta=1e-2)",5,Haar-Random,2,2026,100,60,60,0.8040673583834481,False,7,20,0.04515516237798278,0.0013304886845455373,0.0036797722916018546,0.0019530423760479782,0.5122398360182664,0.00044471410459671543,0.0034017345647444895,0.0009582567035137076
"Step (r*=15, eta=1e-2)",5,Haar-Random,3,2026,100,60,60,0.8040673583834481,False,7,20,0.03442019452673181,0.0005622627177574804,0.004095653775325776,0.0001372319569025092,0.297635804434327,7.942132131722794e-05,0.004214101641198435,4.73117536454227e-06
"Step (r*=15, eta=1e-2)",5,Haar-Random,4,2026,100,60,60,0.8040673583834481,False,7,20,0.021314905564549583,0.0002975653547628335,0.013210035719841352,0.0008171737817666453,0.11413671236246983,2.224453152286684e-05,0.043839593345818086,0.00016775959988149416
"Step (r*=15, eta=1e-2)",5,Haar-Random,5,2026,100,60,60,0.8040673583834481,False,7,20,0.04078722269986573,0.0005372216410911997,0.013790318521393525,0.0008251703483180328,0.41793313187934217,7.250459508373065e-05,0.04777570758218875,0.00017105893364765176
"Step (r*=15, eta=1e-2)",5,Haar-Random,6,2026,100,60,60,0.8040673583834481,False,7,20,0.04934639933699392,0.0004859647329741125,0.0010939023059058455,0.00012553470974491777,0.6117436514449177,5.932913812842164e-05,0.0003006184344231047,3.95900617038146e-06
"Step (r*=15, eta=1e-2)",5,Haar-Random,7,2026,100,60,60,0.8040673583834481,False,6,20,0.018489381308944515,0.0003743097840996478,0.0041738937150490475,0.0011901223985462228,0.08588222574978828,3.519823542137407e-05,0.004376644833871659,0.00035582936927335777
"Step (r*=15, eta=1e-2)",5,Haar-Random,8,2026,100,60,60,0.8040673583834481,False,7,20,0.008021032752288585,0.0008032234300104581,0.014879220368747661,0.0008397473931462518,0.016162893544761754,0.00016208068736092894,0.05561845043594941,0.00017715599834803282
"Step (r*=15, eta=1e-2)",5,Haar-Random,9,2026,100,60,60,0.8040673583834481,False,7,20,0.013008394887601561,0.0011933427573968922,0.014430265482822552,0.0014527571364431038,0.042511453805601576,0.00035775765598793584,0.05231270478311343,0.0005302059146527677
"Step (r*=15, eta=1e-2)",6,Haar-Random,0,2026,100,60,60,0.8033171002438405,False,7,20,0.0336108400278514,0.0007021721112848981,0.0003126501987392299,0.0007312754742390302,0.28380318611807326,0.00012386416680287412,2.4557036247348322e-05,0.0001343447035748801
"Step (r*=15, eta=1e-2)",6,Haar-Random,1,2026,100,60,60,0.8033171002438405,False,7,20,0.07369676348581318,0.0004257731348260305,0.00021767190814903594,0.0009916817121941343,1.364442894900246,4.554230876185634e-05,1.190318824466819e-05,0.00024706040095094406
"Step (r*=15, eta=1e-2)",6,Haar-Random,2,2026,100,60,60,0.8033171002438405,False,7,20,0.021211843587204935,0.0018869999345236738,0.030591164885059696,0.0011858787838282454,0.11303563156399148,0.0008945452280234964,0.2350988814348598,0.00035329633461243315
"Step (r*=15, eta=1e-2)",6,Haar-Random,3,2026,100,60,60,0.8033171002438405,False,6,20,0.044243948595810864,9.688202986569013e-05,0.012423188881234658,0.0007595722039917652,0.4917748235792214,2.3580064688506852e-06,0.03877258079257716,0.00014494280456241315
"Step (r*=15, eta=1e-2)",6,Haar-Random,4,2026,100,60,60,0.8033171002438405,False,7,20,0.012565498614332227,0.0005154309586077347,0.00019845553878677192,0.00037515955818477386,0.03966596152770544,6.674204871467606e-05,9.894297893356831e-06,3.535823391288268e-05
"Step (r*=15, eta=1e-2)",6,Haar-Random,5,2026,100,60,60,0.8033171002438405,False,7,20,0.01227818913448145,0.0004378914173012173,0.0008789621973355622,6.347777835090553e-05,0.037872778783020526,4.817163635863267e-05,0.00019408810846670125,1.0122830622426588e-06
"Step (r*=15, eta=1e-2)",6,Haar-Random,6,2026,100,60,60,0.8033171002438405,False,7,20,0.02363511536497646,0.001014150834799711,0.0022843692584009314,0.0011229659541321796,0.1403375809131773,0.00025838282252321087,0.001310965151387722,0.0003168047702579846
"Step (r*=15, eta=1e-2)",6,Haar-Random,7,2026,100,60,60,0.8033171002438405,False,7,20,0.13517309264302324,0.0011335913876972476,0.01856859176635859,0.0005827595051462679,4.590278476351371,0.0003228283070487267,0.08661965900014681,8.531733177300543e-05
"Step (r*=15, eta=1e-2)",6,Haar-Random,8,2026,100,60,60,0.8033171002438405,False,6,20,0.029684852236746946,0.0002921285562638451,0.01564490492188055,0.00018874820133726064,0.22137486840733273,2.14391003878625e-05,0.06148998533231339,8.950023519601345e-06
"Step (r*=15, eta=1e-2)",6,Haar-Random,9,2026,100,60,60,0.8033171002438405,False,7,20,0.0650101980084514,0.0013735249885838917,0.004094572201684388,0.0002839970586715079,1.0617481446201449,0.0004739490564843322,0.004211876228753476,2.0262182251127835e-05
"Step (r*=15, eta=1e-2)",7,Haar-Random,0,2026,100,60,60,0.8038440931062694,False,7,20,0.02575870490312777,0.0005770405074749564,0.0026277021468741565,0.001481175219408519,0.1666888616203095,8.365099966777247e-05,0.0017346457838768692,0.0005511520259848636
"Step (r*=15, eta=1e-2)",7,Haar-Random,1,2026,100,60,60,0.8038440931062694,False,6,20,0.0659703705176183,0.0007053843162983687,0.001103342564852531,0.0001153177480743917,1.0933428763216264,0.00012500003411860242,0.0003058294323406851,3.3408027839803215e-06
"Step (r*=15, eta=1e-2)",7,Haar-Random,2,2026,100,60,60,0.8038440931062694,False,7,20,0.00024278997585881865,0.0005182492944281018,0.001199202853425765,0.0009279319144150616,1.4808805768112929e-05,6.747392469366792e-05,0.0003612799328649033,0.00021631705240969813
"Step (r*=15, eta=1e-2)",7,Haar-Random,3,2026,100,60,60,0.8038440931062694,False,7,20,0.022132451886645383,0.0007132652090558199,0.003252767093039967,0.0007416240517988335,0.12306019266258214,0.0001278087581358148,0.0026580580940144256,0.00013817394117294693
"Step (r*=15, eta=1e-2)",7,Haar-Random,4,2026,100,60,60,0.8038440931062694,False,7,20,0.058222206491017975,0.0001796007433177735,0.004471761460988291,0.00045237293848099884,0.8516003936349967,8.103540232082038e-06,0.0050236085463094896,5.141049282674527e-05
"Step (r*=15, eta=1e-2)",7,Haar-Random,5,2026,100,60,60,0.8038440931062694,False,7,20,0.009349833734085954,3.620035638934682e-05,0.0006530901027709513,0.0003658279810116585,0.02196171791908318,3.292184951227501e-07,0.00010715309945350013,3.3621135234308854e-05
"Step (r*=15, eta=1e-2)",7,Haar-Random,6,2026,100,60,60,0.8038440931062694,False,7,20,0.015758830373163966,0.00042493670100761556,0.013350268430899778,0.0003906619400250265,0.06238878023074628,4.5363548257641624e-05,0.0447753025623937,3.8340761824596356e-05
"Step (r*=15, eta=1e-2)",7,Haar-Random,7,2026,100,60,60,0.8038440931062694,False,7,20,0.014800806444857898,0.000228994635352062,0.025734194172687144,0.0003026550327590771,0.05503377343734534,1.3173741873847914e-05,0.1663717865259206,2.3011998297773965e-05
"Step (r*=15, eta=1e-2)",7,Haar-Random,8,2026,100,60,60,0.8038440931062694,False,7,20,0.0019125086407713074,0.00045506179474635264,0.00020120880510995283,0.00011636403182921103,0.0009188938504267294,5.2023466071721466e-05,1.0170738705471464e-05,3.4017003445994918e-06
"Step (r*=15, eta=1e-2)",7,Haar-Random,9,2026,100,60,60,0.8038440931062694,False,7,20,0.021416135591334613,0.00014087829461694219,0.004161174220900467,0.0003470525198786622,0.11522341659743925,4.985936056830112e-06,0.004350010765092844,3.0258607453057166e-05
"Step (r*=15, eta=1e-2)",8,Haar-Random,0,2026,100,60,60,0.8030485064601024,False,7,20,0.0414763532058426,0.0005541773396437964,0.005287622038919183,0.0008382451384564798,0.4321750207414518,7.715357600398329e-05,0.0070239165191113015,0.0001765227236665788
"Step (r*=15, eta=1e-2)",8,Haar-Random,1,2026,100,60,60,0.8030485064601024,False,7,20,0.025125378765011266,0.001587655403787772,0.004136594233257889,0.0001508782239536601,0.15859291001582868,0.0006332439145293652,0.004298771663642984,5.718888897374212e-06
"Step (r*=15, eta=1e-2)",8,Haar-Random,2,2026,100,60,60,0.8030485064601024,False,7,20,0.03239301441847394,0.00016127183981448764,0.002978224957086274,0.0004569209432522442,0.2636096240547232,6.533947100510143e-06,0.002228299333464532,5.244941667052767e-05
"Step (r*=15, eta=1e-2)",8,Haar-Random,3,2026,100,60,60,0.8030485064601024,False,7,20,0.03967901908236341,0.0015582069042905022,0.0006415449376074383,0.0010809712090278155,0.39553087285354055,0.0006099704298495636,0.00010339813317870323,0.0002935531784144419
"Step (r*=15, eta=1e-2)",8,Haar-Random,4,2026,100,60,60,0.8030485064601024,False,6,20,0.002709113870250704,0.0013593328467925605,0.007344491028192535,0.0016658897996038949,0.0018437967822547096,0.00046420536521857205,0.013551330658796394,0.0006971898744439336
"Step (r*=15, eta=1e-2)",8,Haar-Random,5,2026,100,60,60,0.8030485064601024,False,6,20,0.0024195779873615523,9.340484723508438e-05,9.346413446381049e-05,4.9341257679734044e-05,0.0014707463614422826,2.191782030810227e-06,2.194565310834289e-06,6.116161765992406e-07
"Step (r*=15, eta=1e-2)",8,Haar-Random,6,2026,100,60,60,0.8030485064601024,False,7,20,0.05661595706684217,0.000530647670768754,0.03659208651209726,0.0016732847895406398,0.8052602093105191,7.07409776700527e-05,0.336382102849467,0.0007033933524560095
"Step (r*=15, eta=1e-2)",8,Haar-Random,7,2026,100,60,60,0.8030485064601024,False,6,20,0.013324005559212393,2.9962737129710887e-05,0.0004098618185842877,0.0012425784778056742,0.0445993103897441,2.255389225419702e-07,4.220204133668716e-05,0.00038788785993332676
"Step (r*=15, eta=1e-2)",8,Haar-Random,8,2026,100,60,60,0.8030485064601024,False,7,20,0.03865755787775974,0.0007242559295895948,0.0011561061593836942,0.0011265901035424498,0.37542860755794627,0.00013177792116793636,0.00033577933376601095,0.0003188529187820075
"Step (r*=15, eta=1e-2)",8,Haar-Random,9,2026,100,60,60,0.8030485064601024,False,7,20,0.011016678211555723,4.7458066301921986e-05,0.0007579405796876661,0.0003865069510795673,0.03049017110479533,5.658204119792309e-07,0.00014432077495437582,3.7529532177607814e-05
"Step (r*=15, eta=1e-2)",9,Haar-Random,0,2026,100,60,60,0.8046871485795455,False,7,20,0.030743766780703025,0.000389101292475972,0.0003339554752950585,0.0023455849187980476,0.23745028053351072,3.803504022644131e-05,2.80179057221008e-05,0.0013821680649505137
"Step (r*=15, eta=1e-2)",9,Haar-Random,1,2026,100,60,60,0.8046871485795455,False,7,20,0.010597519024491681,0.0002471682301393304,0.002246542635786976,0.0003560750591100702,0.02821414817669825,1.534771863135525e-05,0.0012679083546402851,3.185236202989793e-05
"Step (r*=15, eta=1e-2)",9,Haar-Random,2,2026,100,60,60,0.8046871485795455,False,7,20,0.03870735201883078,0.0005738062064717301,0.0006909955589710716,0.0006330849073813781,0.3763963968275486,8.271590312663002e-05,0.0001199524286488636,0.00010068909870971566
"Step (r*=15, eta=1e-2)",9,Haar-Random,3,2026,100,60,60,0.8046871485795455,False,7,20,0.005077807390723563,0.00010253707161640008,0.0024463122033064697,0.0011424071677212419,0.00647755307067613,2.6413159468322366e-06,0.0015034268310632017,0.00032786901179752915
"Step (r*=15, eta=1e-2)",9,Haar-Random,4,2026,100,60,60,0.8046871485795455,False,7,20,0.02567661858873045,0.00109350389881912,0.012114247326655038,0.0004901634388820998,0.16562816602506397,0.0003003994995077091,0.036868155046028306,6.035876729478981e-05
"Step (r*=15, eta=1e-2)",9,Haar-Random,5,2026,100,60,60,0.8046871485795455,False,7,20,0.02984330292064032,0.0009390146101044879,0.0001095880681571617,0.0012241883524371523,0.22374446858973732,0.00022151504696286278,3.01706783897893e-06,0.00037649136444263846
"Step (r*=15, eta=1e-2)",9,Haar-Random,6,2026,100,60,60,0.8046871485795455,False,6,20,0.005435961478005573,0.0007091090129704277,0.018364391353073852,0.0010537544660770668,0.007423543777955335,0.00012632361458053058,0.08472500663050567,0.00027895708082975574
"Step (r*=15, eta=1e-2)",9,Haar-Random,7,2026,100,60,60,0.8046871485795455,False,7,20,0.03982903318279831,0.0005411223509760964,0.0007027681597309134,0.0009446158736022639,0.3985272862476394,7.356131406141667e-05,0.00012407454365593373,0.0002241656228745801
"Step (r*=15, eta=1e-2)",9,Haar-Random,8,2026,100,60,60,0.8046871485795455,False,7,20,0.04622483284481548,2.3718895907123085e-05,0.0006630487389318224,0.0020055212362090533,0.5367959516299787,1.4133426717641695e-07,0.00011044585966268815,0.0010104458933331828
"Step (r*=15, eta=1e-2)",9,Haar-Random,9,2026,100,60,60,0.8046871485795455,False,7,20,0.02373815464247829,0.0015063740408373866,0.001660665596776811,1.77843177973477e-05,0.14156387519023056,0.0005700647391901739,0.0006928239790787479,7.945714457477398e-08
"Step (r*=15, eta=1e-2)",10,Haar-Random,0,2026,100,60,60,0.8047881407901334,False,7,20,0.012885363743547667,7.02344134976341e-05,0.02695943669673607,0.0005531766980838587,0.04171112455292042,1.2392486468852729e-06,0.18259133347634351,7.687520527723785e-05
"Step (r*=15, eta=1e-2)",10,Haar-Random,1,2026,100,60,60,0.8047881407901334,False,7,20,0.052541567677769734,0.0024802340539009254,0.0016338847422944875,0.00037495202809632156,0.693528936977774,0.0015454105238086552,0.0006706583985324027,3.531912592446026e-05
"Step (r*=15, eta=1e-2)",10,Haar-Random,2,2026,100,60,60,0.8047881407901334,False,7,20,0.06916552973435071,0.0004244866630045374,0.006378640629107553,0.00015621716715777536,1.2018159075487826,4.526751273052335e-05,0.010221503995121936,6.130784478252414e-06
"Step (r*=15, eta=1e-2)",10,Haar-Random,3,2026,100,60,60,0.8047881407901334,False,7,20,0.0560673194383205,0.00016380567230222007,0.0036064125284062873,0.0011354000839196106,0.7897290601674173,6.740877054240885e-06,0.003267452924606319,0.0003238593031622293
"Step (r*=15, eta=1e-2)",10,Haar-Random,4,2026,100,60,60,0.8047881407901334,False,7,20,0.09252975007690833,0.0005239670620933409,0.01319089017742998,0.0006797441047716678,2.1509054073825387,6.897099750162064e-05,0.04371261040929487,0.00011607787062160437
"Step (r*=15, eta=1e-2)",10,Haar-Random,5,2026,100,60,60,0.8047881407901334,False,6,20,0.014194311569243457,0.000923604096198988,0.0014558480607135373,0.0010946937890971493,0.05061592767412008,0.00021430397856255214,0.0005324644748673582,0.0003010536113383008
"Step (r*=15, eta=1e-2)",10,Haar-Random,6,2026,100,60,60,0.8047881407901334,False,7,20,0.04097541166274707,0.0012243004144438508,0.0012616398670795051,0.00037760673265126377,0.42179864861413513,0.0003765602955164724,0.0003998796847771119,3.5821023553345175e-05
"Step (r*=15, eta=1e-2)",10,Haar-Random,7,2026,100,60,60,0.8047881407901334,False,7,20,0.03527321783288716,0.0003039961211406776,0.00045327272730438545,0.00022901561971373408,0.3125710084447865,2.3216386094084166e-05,5.1615211491590035e-05,1.3176156386570468e-05
"Step (r*=15, eta=1e-2)",10,Haar-Random,8,2026,100,60,60,0.8047881407901334,False,7,20,0.03532368075925968,0.0007701249337162688,0.0001273591648859372,0.00021446305697785868,0.31346599515688456,0.00014899815885841377,4.0749186063971675e-06,1.1554828859505173e-05
"Step (r*=15, eta=1e-2)",10,Haar-Random,9,2026,100,60,60,0.8047881407901334,False,7,20,0.02810846662023381,0.00038309694793474234,0.00035313121545205774,0.0008786113507681171,0.1984873539427423,3.6870235978658026e-05,3.132786160529867e-05,0.00019393319496435992
"Step (r*=15, eta=1e-2)",11,Haar-Random,0,2026,100,60,60,0.8034730984709108,False,7,20,0.10477568561510334,0.0003335577693228167,0.00027290616917337963,0.00027633030330388166,2.7579066109307377,2.7951212679147233e-05,1.8710493375816143e-05,1.9182957319654376e-05
"Step (r*=15, eta=1e-2)",11,Haar-Random,1,2026,100,60,60,0.8034730984709108,False,6,20,0.054262793319469524,0.0010166234596882021,0.0009106266472089318,0.00037784347901770744,0.7397122757360864,0.0002596442968809706,0.0002083239696405117,3.586595472074387e-05
"Step (r*=15, eta=1e-2)",11,Haar-Random,2,2026,100,60,60,0.8034730984709108,False,7,20,0.01788177583726872,0.001107299406236512,0.0013074993755994668,1.2608131020845608e-05,0.0803303808150045,0.0003080269156524331,0.0004294785848177664,3.993557663288519e-08
"Step (r*=15, eta=1e-2)",11,Haar-Random,3,2026,100,60,60,0.8034730984709108,False,7,20,0.01024024789305352,4.148126195892504e-05,0.00024559429912831844,0.00019113147732963256,0.026343863850320632,4.3227732317829385e-07,1.5152876935394353e-05,9.177469849439981e-06
"Step (r*=15, eta=1e-2)",11,Haar-Random,4,2026,100,60,60,0.8034730984709108,False,6,20,0.04453764139412969,0.0013119517818854258,0.0018656255645846608,0.0010464555613012082,0.49832532807293645,0.0004324085578649307,0.0008743946698764476,0.00027510603259262993
"Step (r*=15, eta=1e-2)",11,Haar-Random,5,2026,100,60,60,0.8034730984709108,False,7,20,0.014415037236834629,0.0008223839105587248,0.010018330617258524,0.0002675481593961701,0.05220235194229645,0.00016990561953624761,0.025214435683540905,1.798301341558102e-05
"Step (r*=15, eta=1e-2)",11,Haar-Random,6,2026,100,60,60,0.8034730984709108,False,7,20,0.06855160428270035,0.0008771201243731455,0.009346704945865059,0.0015790341910442,1.1805755341277802,0.0001932754459437196,0.02194702202837888,0.0006263853632454063
"Step (r*=15, eta=1e-2)",11,Haar-Random,7,2026,100,60,60,0.8034730984709108,False,7,20,0.05240916336021786,0.0017017127916156268,0.002209021240402757,0.0012742146653445733,0.6900379667235332,0.0007274967540918045,0.0012259092348802041,0.000407890632478651
"Step (r*=15, eta=1e-2)",11,Haar-Random,8,2026,100,60,60,0.8034730984709108,False,7,20,0.01604634880792417,0.0004614903199268253,0.0007467217390799774,0.001020450464168305,0.0646861033079474,5.3503688724600374e-05,0.00014007999678089506,0.00026160280011598323
"Step (r*=15, eta=1e-2)",11,Haar-Random,9,2026,100,60,60,0.8034730984709108,False,7,20,0.012463293389573369,0.00047004790368944876,0.0003634560356729959,0.00020653785432229432,0.03902331595503081,5.5506363242041284e-05,3.3186565071145024e-05,1.0716620581754495e-05
"Step (r*=15, eta=1e-2)",12,Haar-Random,0,2026,100,60,60,0.803635052396738,False,7,20,0.012606639826168749,0.0016730674945510111,0.0008507982356006758,0.00025599010645031904,0.03992613063370742,0.0007032106771243155,0.00018184932538739513,1.646284521766043e-05
"Step (r*=15, eta=1e-2)",12,Haar-Random,1,2026,100,60,60,0.803635052396738,False,7,20,0.005615632078078232,0.00235878249690587,0.003482591591361931,0.0003471739483572068,0.007922382842230721,0.0013977655295031443,0.003046938071081195,3.0279785224368982e-05
"Step (r*=15, eta=1e-2)",12,Haar-Random,2,2026,100,60,60,0.803635052396738,False,7,20,0.012272209102815691,0.0011935506318317254,0.020280361936516788,0.001505529507643865,0.0378358962654398,0.00035788230608936394,0.1033260758596671,0.0005694257164443708
"Step (r*=15, eta=1e-2)",12,Haar-Random,3,2026,100,60,60,0.803635052396738,False,7,20,0.02989819804843098,0.0008285668136383686,0.00548436071525861,0.0003000381486917949,0.22456835713219908,0.00017247001549000973,0.007556323728494293,2.2615775651444427e-05
"Step (r*=15, eta=1e-2)",12,Haar-Random,4,2026,100,60,60,0.803635052396738,False,7,20,0.002525989092526112,0.0005678249855340582,0.010266350452437407,2.7553129000391365e-05,0.0016029555329350425,8.100046837354372e-05,0.02647833689891138,1.9072182076495467e-07
"Step (r*=15, eta=1e-2)",12,Haar-Random,5,2026,100,60,60,0.803635052396738,False,7,20,0.04304752188268719,0.0015124785763042318,0.005720380969561072,0.0014634930378337914,0.4655376865340512,0.000574694441484838,0.00822069318141823,0.0005380713329602544
"Step (r*=15, eta=1e-2)",12,Haar-Random,6,2026,100,60,60,0.803635052396738,False,6,20,0.0010930393719324543,1.0219092256566635e-05,0.0009417382091535216,0.0005466094573676999,0.00030014433076997973,2.6235127124460183e-08,0.00022280191326464366,7.506073559233813e-05
"Step (r*=15, eta=1e-2)",12,Haar-Random,7,2026,100,60,60,0.803635052396738,False,7,20,0.005522520676613767,0.0004776352046644549,0.004237067437939802,0.00019517338867677282,0.007661842747734013,5.731274269644218e-05,0.004510132343641469,9.5697311785328e-06
"Step (r*=15, eta=1e-2)",12,Haar-Random,8,2026,100,60,60,0.803635052396738,False,7,20,0.044866491416880934,4.895947119883256e-05,0.020351725408658407,0.001975815591447571,0.5057114080239061,6.021878239723622e-07,0.10405453238624914,0.0009807342661166724
"Step (r*=15, eta=1e-2)",12,Haar-Random,9,2026,100,60,60,0.803635052396738,False,7,20,0.02302999656179881,0.0005736075923669949,0.0010789771755620242,8.757451565088836e-05,0.13324357586576657,8.265865138686575e-05,0.0002924711607546819,1.9266996619770127e-06
"Step (r*=15, eta=1e-2)",13,Haar-Random,0,2026,100,60,60,0.8039078275857536,False,7,20,0.036735862132857504,0.0015472991786355272,0.0001056338107870249,0.0009359898335068825,0.3390306842213004,0.0006014605167812251,2.803266764019487e-06,0.00022009024620096344
"Step (r*=15, eta=1e-2)",13,Haar-Random,1,2026,100,60,60,0.8039078275857536,False,7,20,0.0345772961203926,0.0008684504688715177,0.007734720157117234,0.0005116387033434046,0.3003589597993829,0.00018947357132092897,0.01502961113497753,6.576355960370273e-05
"Step (r*=15, eta=1e-2)",13,Haar-Random,2,2026,100,60,60,0.8039078275857536,False,6,20,0.040113449863085314,0.0009866214378313198,0.010308457931747452,0.0013940234358353646,0.404239326110814,0.0002445454736228765,0.026695984345429347,0.0004882010208022899
"Step (r*=15, eta=1e-2)",13,Haar-Random,3,2026,100,60,60,0.8039078275857536,False,6,20,0.04235399177641007,0.00022687620708176814,0.004322058237277154,0.0014129761562524854,0.4506581494562639,1.2931128849260224e-05,0.004692883380708158,0.0005015661277626847
"Step (r*=15, eta=1e-2)",13,Haar-Random,4,2026,100,60,60,0.8039078275857536,False,7,20,0.02165174478830155,0.0008089213197489827,0.002572483542354045,0.0019363822683613474,0.11777261871346738,0.0001643883727862467,0.0016625079974218718,0.0009419779293196339
"Step (r*=15, eta=1e-2)",13,Haar-Random,5,2026,100,60,60,0.8039078275857536,False,7,20,0.0421252786547386,0.000597071951801854,0.00019690789625501182,0.0006228370559490486,0.4458041494867193,8.95595439414745e-05,9.740579551613863e-06,9.745573909869621e-05
"Step (r*=15, eta=1e-2)",13,Haar-Random,6,2026,100,60,60,0.8039078275857536,False,6,20,0.006623600779540676,0.0005289200379108103,0.0003716889419654875,0.0004598967941183008,0.011021655448390968,7.028110383284374e-05,3.4707059033416656e-05,5.3134830247438836e-05
"Step (r*=15, eta=1e-2)",13,Haar-Random,7,2026,100,60,60,0.8039078275857536,False,7,20,0.005229139976866092,0.0005568712016644558,0.0011350726274159733,0.000712789987313904,0.006869404148152152,7.79054878276384e-05,0.0003236725239927243,0.0001276385065481919
"Step (r*=15, eta=1e-2)",13,Haar-Random,8,2026,100,60,60,0.8039078275857536,False,7,20,0.007533852339703825,0.00014150046766606215,0.00019568637227379668,0.000443541422981215,0.014259120562356141,5.030072949851091e-06,9.620102456988737e-06,4.9422749670093156e-05
"Step (r*=15, eta=1e-2)",13,Haar-Random,9,2026,100,60,60,0.8039078275857536,False,7,20,0.008215267398795793,0.0015662271446274295,0.02135288276350983,0.0002245725008007488,0.016955161889464433,0.0006162657421222706,0.11454379407687519,1.2669856136897245e-05
"Step (r*=15, eta=1e-2)",14,Haar-Random,0,2026,100,60,60,0.8038104836340872,False,7,20,0.029409044822770833,0.0015620774733552261,0.0031648629010582593,0.0008050539001976604,0.21728030971594206,0.0006130045133660144,0.00251633429227932,0.00016282026220963396
"Step (r*=15, eta=1e-2)",14,Haar-Random,1,2026,100,60,60,0.8038104836340872,False,7,20,0.00217972329059219,0.0012723602601985122,0.004058423153061713,0.0004025473101943535,0.0011936067400922983,0.0004067042639553985,0.004137835173480014,4.070918343809208e-05
"Step (r*=15, eta=1e-2)",14,Haar-Random,2,2026,100,60,60,0.8038104836340872,False,7,20,0.04926774970601169,0.0008121374829679656,0.0072177301210079505,9.43285280066315e-05,0.6097951781679903,0.00016569814382392812,0.013087593930278224,2.235345446511446e-06
"Step (r*=15, eta=1e-2)",14,Haar-Random,3,2026,100,60,60,0.8038104836340872,False,7,20,0.008866127860896683,0.0007011052896528405,0.00024372315266867127,0.00023246011175231889,0.019748154364360015,0.00012348807499152462,1.492286147880599e-05,1.3575486981572205e-05
"Step (r*=15, eta=1e-2)",14,Haar-Random,4,2026,100,60,60,0.8038104836340872,False,7,20,0.0015603475195133587,0.0005563735288623631,0.0006522952442887139,0.0001634687174636778,0.0006116474970694405,7.776630261786347e-05,0.00010689243183771276,6.713173068697736e-06
"Step (r*=15, eta=1e-2)",14,Haar-Random,5,2026,100,60,60,0.8038104836340872,False,7,20,0.02689333505521539,0.0007821471322257156,0.004336736669551782,3.0863577929325326e-05,0.18169704252057314,0.0001536864035440362,0.004724813141099175,2.3930461579096174e-07
"Step (r*=15, eta=1e-2)",14,Haar-Random,6,2026,100,60,60,0.8038104836340872,False,7,20,0.035142543762560575,0.0002084666891988451,0.0002424128642722479,0.00011306988416645344,0.31025938104799217,1.0917717972099956e-05,1.4762838177213607e-05,3.2118290927711633e-06
"Step (r*=15, eta=1e-2)",14,Haar-Random,7,2026,100,60,60,0.8038104836340872,False,7,20,0.011447441545083346,0.0016609155624258318,0.002468044643364877,0.00035022418642631335,0.03292118067169208,0.0006930325643950618,0.0015302576366426203,3.081419334846983e-05
"Step (r*=15, eta=1e-2)",14,Haar-Random,8,2026,100,60,60,0.8038104836340872,False,7,20,0.0012922740965932403,0.00034896397684263053,0.008052708940734213,0.001100050723131261,0.0004195346263680053,3.059283526880203e-05,0.01629080470431506,0.0003040072597884088
"Step (r*=15, eta=1e-2)",14,Haar-Random,9,2026,100,60,60,0.8038104836340872,False,7,20,0.03062612482596697,0.0004834152106236237,0.006036983776876978,0.0017625001862584424,0.2356365359793957,5.870825281558713e-05,0.009155847504710917,0.0007803993090835303
"Step (r*=15, eta=1e-2)",15,Haar-Random,0,2026,100,60,60,0.8030498291940599,False,7,20,0.06495414916063935,0.001971363843329279,0.005166922107929978,0.0005603963052911638,1.05991815152106,0.0009763198223764004,0.0067069082026287394,7.889492355920456e-05
"Step (r*=15, eta=1e-2)",15,Haar-Random,1,2026,100,60,60,0.8030498291940599,False,6,20,0.021865549378554616,1.5486108717508436e-05,0.003312379647126447,0.00022538479387805067,0.1201100424066701,6.024807021864738e-08,0.002756377829212263,1.276167725610607e-05
"Step (r*=15, eta=1e-2)",15,Haar-Random,2,2026,100,60,60,0.8030498291940599,False,7,20,0.009692874087601016,0.0006054621896980738,0.004982742444761196,0.00040639320563142184,0.023602808104897215,9.209426529470216e-05,0.006237282458182265,4.149076191829138e-05
"Step (r*=15, eta=1e-2)",15,Haar-Random,3,2026,100,60,60,0.8030498291940599,False,7,20,0.0533874795886472,0.00041743548117754146,0.02828136881163808,9.520919733919754e-05,0.7160401417962264,4.37761187721877e-05,0.20093675475719708,2.2772795218064337e-06
"Step (r*=15, eta=1e-2)",15,Haar-Random,4,2026,100,60,60,0.8030498291940599,False,7,20,0.0730675439537889,0.0008805775906061515,0.000881359332150527,0.0013659940457104711,1.341243258519579,0.00019480217042122086,0.0001951481990901762,0.0004687660445526045
"Step (r*=15, eta=1e-2)",15,Haar-Random,5,2026,100,60,60,0.8030498291940599,False,7,20,0.02010358180640187,0.0009869749819290958,0.007234822436289272,0.00037361073526994597,0.10153257862844146,0.0002447207649677655,0.0131496528177331,3.506688801713203e-05
"Step (r*=15, eta=1e-2)",15,Haar-Random,6,2026,100,60,60,0.8030498291940599,False,6,20,0.026592380364021496,0.0013402661309103428,0.0018138582148862748,0.0014778111680684948,0.17765316996891045,0.00045127431842763006,0.0008265425307125902,0.0005486513114667433
"Step (r*=15, eta=1e-2)",15,Haar-Random,7,2026,100,60,60,0.8030498291940599,False,7,20,0.0484970485212834,0.0017188453545701277,0.0025307524793596863,0.001280740253555579,0.5908662044608525,0.0007422191281157791,0.0016090067836129539,0.0004120791606368286
"Step (r*=15, eta=1e-2)",15,Haar-Random,8,2026,100,60,60,0.8030498291940599,False,7,20,0.031240838522077735,0.0009041898796578596,0.0018332574826408832,0.00011793509847064725,0.24519064565531873,0.00020538930091020978,0.0008443168677543331,3.4941752332295e-06
"Step (r*=15, eta=1e-2)",15,Haar-Random,9,2026,100,60,60,0.8030498291940599,False,7,20,0.01920881684561838,9.837800095091059e-06,0.0001169606754949708,0.0005953542568036288,0.09269573754516183,2.4313894052587526e-08,3.4366734580859215e-06,8.904498385341278e-05
"Step (r*=15, eta=1e-2)",16,Haar-Random,0,2026,100,60,60,0.8041387626160393,False,7,20,0.010691619218838279,0.00014744087157378183,0.0018165859097628622,0.0006617710305201239,0.028717425237216924,5.461278348580354e-06,0.0008290303227765683,0.00011002060695529804
"Step (r*=15, eta=1e-2)",16,Haar-Random,1,2026,100,60,60,0.8041387626160393,False,7,20,0.05648426783085985,0.0008928647062884095,0.009823281454861992,0.0009537217895762938,0.8015184807434703,0.00020027643196048818,0.024242182044925738,0.00022850828094861478
"Step (r*=15, eta=1e-2)",16,Haar-Random,2,2026,100,60,60,0.8041387626160393,False,6,20,0.050671950730898745,9.382746529020995e-05,0.002173063823877164,0.00014286958114469007,0.6450505956760003,2.211660703435689e-06,0.0011863244929636895,5.127882628411907e-06
"Step (r*=15, eta=1e-2)",16,Haar-Random,3,2026,100,60,60,0.8041387626160393,False,7,20,0.06226030174839872,0.0020961899877575763,0.004196259266147446,0.0010484989906619866,0.9738251254253858,0.0011038747964319624,0.004423674460692686,0.0002761814888929056
"Step (r*=15, eta=1e-2)",16,Haar-Random,4,2026,100,60,60,0.8041387626160393,False,7,20,0.0198175717518622,0.00022220030789891053,0.001461050110182833,0.00036120401498907574,0.09866415747859784,1.2403602671767764e-05,0.0005362764870427248,3.277658265725011e-05
"Step (r*=15, eta=1e-2)",16,Haar-Random,5,2026,100,60,60,0.8041387626160393,False,7,20,0.06459901315243774,0.0005068110517330004,0.0026983395018373053,0.0001183756313101011,1.0483596572987823,6.452836876271638e-05,0.0018291600833860173,3.5203281578988993e-06
"Step (r*=15, eta=1e-2)",16,Haar-Random,6,2026,100,60,60,0.8041387626160393,False,7,20,0.04609103896593552,0.001384561098007537,0.00036028979646616485,0.000999154445463632,0.5336930275245383,0.00048159590256216484,3.2610875540925054e-05,0.00025079783496563426
"Step (r*=15, eta=1e-2)",16,Haar-Random,7,2026,100,60,60,0.8041387626160393,False,7,20,0.014208157518078005,0.0004373863294392091,0.0001750655041903803,0.0017459973249340588,0.05071472321685057,4.806057285951891e-05,7.699449784708961e-06,0.0007658534640594533
"Step (r*=15, eta=1e-2)",16,Haar-Random,8,2026,100,60,60,0.8041387626160393,False,7,20,0.06517664191996653,0.0011888950566237158,0.005659580579494185,0.0005453013450219656,1.0671918364529078,0.00035509583277062605,0.008046870800927418,7.470190394398022e-05
"Step (r*=15, eta=1e-2)",16,Haar-Random,9,2026,100,60,60,0.8041387626160393,False,7,20,0.03238718972149801,0.0009271897984162929,0.007245007270075148,0.0003185664444559604,0.26351483151004984,0.00021597119049930716,0.01318670177020527,2.5495209781807552e-05
"Step (r*=15, eta=1e-2)",17,Haar-Random,0,2026,100,60,60,0.8039281992689722,False,7,20,0.0058299770827487,2.2175890732864132e-05,0.003080640568998242,0.0001139820744808764,0.008538709299923865,1.235437214326576e-07,0.0023841885272099734,3.2638609397538806e-06
"Step (r*=15, eta=1e-2)",17,Haar-Random,1,2026,100,60,60,0.8039281992689722,False,7,20,0.00397625508257886,0.0004180813663012646,0.00308013333174076,0.00017504280036852236,0.003971979584412466,4.3911690467350043e-05,0.0023834034634148435,7.697452868160723e-06
"Step (r*=15, eta=1e-2)",17,Haar-Random,2,2026,100,60,60,0.8039281992689722,False,7,20,0.022236066947127542,0.00011705451993983918,0.0004753012245337484,0.0004528635252072644,0.12421512448736553,3.442190561966923e-06,5.6753990018887966e-05,5.1522059983623746e-05
"Step (r*=15, eta=1e-2)",17,Haar-Random,3,2026,100,60,60,0.8039281992689722,False,7,20,0.058480271856041786,0.0007966131972479795,0.0013749691646399143,0.0006882825430723492,0.8591664284241824,0.000159423935943833,0.0004749462363266811,0.00011901235319478229
"Step (r*=15, eta=1e-2)",17,Haar-Random,4,2026,100,60,60,0.8039281992689722,False,7,20,0.01992512186897199,0.0008622245158629944,0.001975687073379263,0.0017979286668707267,0.09973796568697192,0.0001867666234778041,0.000980606685410547,0.0008120886620968231
"Step (r*=15, eta=1e-2)",17,Haar-Random,5,2026,100,60,60,0.8039281992689722,False,7,20,0.030163254298857113,0.00032794005204064196,0.0047725615113020335,0.0008054914397220757,0.22856773475922976,2.7017642801632566e-05,0.005722181147071401,0.00016299729298808186
"Step (r*=15, eta=1e-2)",17,Haar-Random,6,2026,100,60,60,0.8039281992689722,False,7,20,0.011552570590238932,0.0007602334448426093,0.002023872756726048,0.00015682664073283974,0.03352862896776721,0.00014519527251814337,0.0010290226683480196,6.1787157035720205e-06
"Step (r*=15, eta=1e-2)",17,Haar-Random,7,2026,100,60,60,0.8039281992689722,False,7,20,0.02367037427904643,6.832269713928109e-05,0.0012559751373717762,0.00012068681051947436,0.14075660501866405,1.1727043550259915e-06,0.00039629684783362555,3.6591326452111564e-06
"Step (r*=15, eta=1e-2)",17,Haar-Random,8,2026,100,60,60,0.8039281992689722,False,7,20,0.011848722075527804,0.00015922762453651025,5.993163173849098e-05,0.0009601120674207566,0.03526968318839614,6.369353679902955e-06,9.023410967997927e-07,0.0002315807145617429
"Step (r*=15, eta=1e-2)",17,Haar-Random,9,2026,100,60,60,0.8039281992689722,False,6,20,0.008031997770562271,0.0021159462481208664,0.0005985536502781263,0.0007753438814328244,0.01620711417463706,0.0011247805431059256,9.00045988276566e-05,0.00015102444943822514
"Step (r*=15, eta=1e-2)",18,Haar-Random,0,2026,100,60,60,0.8047088282580357,False,7,20,0.019849066291214135,0.0002974679687314528,0.026099493088537096,0.00035023528771772417,0.09897800534964699,2.2229973698039034e-05,0.17112863174666115,3.0816146855821616e-05
"Step (r*=15, eta=1e-2)",18,Haar-Random,1,2026,100,60,60,0.8047088282580357,False,7,20,0.12019579522725378,0.00021828524595787028,0.0009095892443982105,0.0011689837406684217,3.6294187907631295,1.1970362379138989e-05,0.00020784958692681061,0.0003433013208371036
"Step (r*=15, eta=1e-2)",18,Haar-Random,2,2026,100,60,60,0.8047088282580357,False,6,20,0.006413398995609067,0.0005676871359018374,0.005091642951402133,0.0007460909877861463,0.010333205156182313,8.096114453362579e-05,0.00651290008830297,0.0001398434472930397
"Step (r*=15, eta=1e-2)",18,Haar-Random,3,2026,100,60,60,0.8047088282580357,False,7,20,0.08236462814478825,0.0009153276877487703,0.0004946562193676049,0.00130622432643901,1.7042763491899346,0.00021048043477848766,6.147032097763934e-05,0.00042864135412923484
"Step (r*=15, eta=1e-2)",18,Haar-Random,4,2026,100,60,60,0.8047088282580357,False,7,20,0.031236261495502477,1.8466660552796864e-05,0.0008523923270419005,0.0005000111569485492,0.24511880623323548,8.567128195034182e-08,0.00018253140490029807,6.28084279077783e-05
"Step (r*=15, eta=1e-2)",18,Haar-Random,5,2026,100,60,60,0.8047088282580357,False,7,20,0.041869162525329566,0.0014958201095631506,0.011185612338962791,0.0005184201409363849,0.44039976787013935,0.0005621047666540899,0.03143243751074261,6.751841905061624e-05
"Step (r*=15, eta=1e-2)",18,Haar-Random,6,2026,100,60,60,0.8047088282580357,False,6,20,0.04428221923984733,0.000552411091680768,0.005317819857633545,0.0008817586657674964,0.4926259537166104,7.666255922535838e-05,0.007104373341387148,0.00019532507789036055
"Step (r*=15, eta=1e-2)",18,Haar-Random,7,2026,100,60,60,0.8047088282580357,False,7,20,0.04195870811716864,0.0021920035322709713,0.01335596755299152,0.0010582275144537963,0.4422855485363759,0.0012070938365431108,0.04481353915433108,0.00028133037917670863
"Step (r*=15, eta=1e-2)",18,Haar-Random,8,2026,100,60,60,0.8047088282580357,False,7,20,0.022694926602548116,0.0005556624056100498,0.00019347179474560978,0.0006416528755206548,0.12939458384905894,7.756763721884943e-05,9.403593648001972e-06,0.00010343292892546267
"Step (r*=15, eta=1e-2)",18,Haar-Random,9,2026,100,60,60,0.8047088282580357,False,6,20,0.0622354893686245,0.0001902088742655986,0.0035182223569812147,0.0018573918323912513,0.9730490898654653,9.08908329822243e-06,0.0031096041070468477,0.0008666936129106995
"Step (r*=15, eta=1e-2)",19,Haar-Random,0,2026,100,60,60,0.8034457697739804,False,7,20,0.011852213913951175,0.0001853633443738224,5.2040336243244785e-05,0.000343203399719261,0.03529047432203875,8.631896932999333e-06,6.803599194164818e-07,2.95911399259148e-05
"Step (r*=15, eta=1e-2)",19,Haar-Random,1,2026,100,60,60,0.8034457697739804,False,7,20,0.009181549658146486,0.00031415766076281596,0.0007248828071012615,0.0005692740483708329,0.021178271325420245,2.4794413635276103e-05,0.00013200613984797882,8.141441470890574e-05
"Step (r*=15, eta=1e-2)",19,Haar-Random,2,2026,100,60,60,0.8034457697739804,False,7,20,0.03094712705624758,4.3974434865354504e-05,0.0006201330144100603,7.240642717485634e-05,0.24060198667166818,4.85801740933637e-07,9.661136954850051e-05,1.3170818634330797e-06
"Step (r*=15, eta=1e-2)",19,Haar-Random,3,2026,100,60,60,0.8034457697739804,False,7,20,0.13689683074090406,0.00022091404176855626,0.002094430781413487,0.0005153351684662096,4.708096124147215,1.226041514706209e-05,0.0011020227422975418,6.671724370011057e-05
"Step (r*=15, eta=1e-2)",19,Haar-Random,4,2026,100,60,60,0.8034457697739804,False,7,20,0.12028376519215149,2.7292081220405824e-05,0.008656480018217538,0.0005005886989616974,3.6347333973465097,1.8712501287030634e-07,0.018825269181558676,6.295360649019927e-05
"Step (r*=15, eta=1e-2)",19,Haar-Random,5,2026,100,60,60,0.8034457697739804,False,6,20,0.03836793695718109,0.00042833116900610604,3.08670898379021e-05,0.0007642786853828222,0.36982428710936804,4.609118671472752e-05,2.393590789351415e-07,0.00014674456626629097
"Step (r*=15, eta=1e-2)",19,Haar-Random,6,2026,100,60,60,0.8034457697739804,False,7,20,0.002183934398310061,0.0011593475703045944,8.476979253601619e-05,0.0012931743818059287,0.0011982231626905886,0.0003376648432920637,1.80526421607057e-06,0.0004201193821674862
"Step (r*=15, eta=1e-2)",19,Haar-Random,7,2026,100,60,60,0.8034457697739804,False,7,20,0.025601422546724026,0.00013224931453589256,0.0013860631101505203,0.00020150027284458337,0.16465947574649545,4.393851678564499e-06,0.0004826413678106862,1.0200226374157113e-05
"Step (r*=15, eta=1e-2)",19,Haar-Random,8,2026,100,60,60,0.8034457697739804,False,7,20,0.06803543335519732,0.0002152247677657345,0.0008758658112854005,0.0013494482144602855,1.1628637806418831,1.1637053444010187e-05,0.00019272305961859818,0.0004574788061936033
"Step (r*=15, eta=1e-2)",19,Haar-Random,9,2026,100,60,60,0.8034457697739804,False,7,20,0.005999132629326632,0.0006352061498108685,6.743019722085252e-05,0.0018331161827909975,0.009041395352654797,0.00010136497586688277,1.1422663758161441e-06,0.0008441867199162311
"Step (r*=15, eta=1e-2)",20,Haar-Random,0,2026,100,60,60,0.8035803446998286,False,7,20,0.05034112504773304,0.00013045529074050442,0.007045531658688164,0.00019787824177425057,0.6366553125627573,4.275450938120852e-06,0.01247056339713652,9.836817605666147e-06
"Step (r*=15, eta=1e-2)",20,Haar-Random,1,2026,100,60,60,0.8035803446998286,False,7,20,0.0191856488951165,0.00031578247008331485,0.014891239699798017,0.00012031096898747337,0.09247226983518245,2.505154805286343e-05,0.05570834312591166,3.636377671194954e-06
"Step (r*=15, eta=1e-2)",20,Haar-Random,2,2026,100,60,60,0.8035803446998286,False,7,20,0.010294598878036,0.00035538558706165715,0.008168522443747928,0.0011868053218126115,0.0266242505564229,3.1729129296977544e-05,0.01676276074627575,0.00035384861762156
"Step (r*=15, eta=1e-2)",20,Haar-Random,3,2026,100,60,60,0.8035803446998286,False,7,20,0.033784201704228474,0.00011481211221672137,0.01944485972087033,0.0006732256025899792,0.28673839881615615,3.3115700542252593e-06,0.09498787278237353,0.00011386225498605869
"Step (r*=15, eta=1e-2)",20,Haar-Random,4,2026,100,60,60,0.8035803446998286,False,7,20,0.025881464412642396,0.00012407815039234798,0.0022096259129599136,0.0002417001256055078,0.16828144190539301,3.867667712298873e-06,0.0012265804598664415,1.4676154846681943e-05
"Step (r*=15, eta=1e-2)",20,Haar-Random,5,2026,100,60,60,0.8035803446998286,False,6,20,0.03265636359042794,0.0003582785644704688,0.001948878981558246,0.000632533573013159,0.26791324129396304,3.2247806854885305e-05,0.000954175534240493,0.0001005138009336069
"Step (r*=15, eta=1e-2)",20,Haar-Random,6,2026,100,60,60,0.8035803446998286,False,7,20,0.03347014579017828,0.0007148458341717588,0.013369401085164238,0.0002968299597568702,0.2814321712348379,0.00012837584474088764,0.04490373207636973,2.2134718312890074e-05
"Step (r*=15, eta=1e-2)",20,Haar-Random,7,2026,100,60,60,0.8035803446998286,False,7,20,0.014889816338111584,0.00030390816365366346,0.000184463954660049,0.0007837169935210589,0.055697694001560896,2.3202953294026376e-05,8.548335589276523e-06,0.0001543039560518755
"Step (r*=15, eta=1e-2)",20,Haar-Random,8,2026,100,60,60,0.8035803446998286,False,7,20,0.007063161699488418,8.916572288931708e-05,0.003201830222760541,0.00113358981964946,0.012533051687808591,1.9973510527977797e-06,0.002575461917603604,0.00032282741394056084
"Step (r*=15, eta=1e-2)",20,Haar-Random,9,2026,100,60,60,0.8035803446998286,False,7,20,0.04308105884303341,0.0019402476777218196,0.02267796319674642,0.0007444367434130047,0.46626334041316847,0.0009457424386109578,0.12920122323128153,0.00013922400870023288
"Step (r*=15, eta=1e-2)",21,Haar-Random,0,2026,100,60,60,0.8049680207963723,False,7,20,0.028680584575586716,0.0002130236714008486,0.022628544780161946,0.0005104556934788663,0.206649581975723,1.140024707516966e-05,0.12863874211196422,6.545979448209103e-05
"Step (r*=15, eta=1e-2)",21,Haar-Random,1,2026,100,60,60,0.8049680207963723,False,6,20,0.006609724767315613,0.001859169699809653,0.00231849921638939,0.000367490273000455,0.010975524519099675,0.000868353579059191,0.0013504311278080975,3.392737271315398e-05
"Step (r*=15, eta=1e-2)",21,Haar-Random,2,2026,100,60,60,0.8049680207963723,False,7,20,0.010233855329190224,5.109289981045302e-06,0.0013281057915365965,0.0004440997616689139,0.026310983343962504,6.558124199527438e-09,0.0004431225733328312,4.9547256650035776e-05
"Step (r*=15, eta=1e-2)",21,Haar-Random,3,2026,100,60,60,0.8049680207963723,False,7,20,0.014114177081215618,0.0017650751468729186,0.00032023872947307557,0.00035039446227206055,0.050046032888474146,0.0007826812553872098,2.5763581815244526e-05,3.084416379904246e-05
"Step (r*=15, eta=1e-2)",21,Haar-Random,4,2026,100,60,60,0.8049680207963723,False,7,20,0.02841551453430633,0.00011498349266099832,0.008360227620397254,0.0012025861206115842,0.20284746375483304,3.3214638175125348e-06,0.01755879615488303,0.00036332134022588284
"Step (r*=15, eta=1e-2)",21,Haar-Random,5,2026,100,60,60,0.8049680207963723,False,7,20,0.06656132545662562,0.00014021386310678053,0.013342869109368211,0.002009654850306347,1.1130186879176056,4.9390161130871935e-06,0.04472568332822826,0.0010146154805146768
"Step (r*=15, eta=1e-2)",21,Haar-Random,6,2026,100,60,60,0.8049680207963723,False,7,20,0.019030762989775137,0.0008040344827546101,0.001343634772007781,0.0004366578155041569,0.09098523774486558,0.000162408173711581,0.0004535456458917699,4.7900606093700936e-05
"Step (r*=15, eta=1e-2)",21,Haar-Random,7,2026,100,60,60,0.8049680207963723,False,7,20,0.03847273831056472,0.0011280902562261375,0.0009961789859695576,0.0004890066400923722,0.3718473836008787,0.00031970264492110767,0.0002493063184912103,6.007420687508913e-05
"Step (r*=15, eta=1e-2)",21,Haar-Random,8,2026,100,60,60,0.8049680207963723,False,7,20,0.013330166131415234,0.0009189484692221122,0.0003062463866325178,0.0011409596784659707,0.04464056236759626,0.0002121489323098226,2.3561366754668736e-05,0.0003270386840089817
"Step (r*=15, eta=1e-2)",21,Haar-Random,9,2026,100,60,60,0.8049680207963723,False,7,20,0.06406742398273213,0.0014194162390698806,0.0033648931100686177,0.0003757936976360778,1.0311766200080827,0.0005061486375908464,0.002844468173694382,3.54778683498901e-05
"Step (r*=15, eta=1e-2)",22,Haar-Random,0,2026,100,60,60,0.8038294080817712,False,7,20,0.0287227661451501,0.0007071469049121766,0.0010624601728782637,0.0009656401066681751,0.2072578829504177,0.00012562550565263508,0.00028358538916729636,0.00023425513724860915
"Step (r*=15, eta=1e-2)",22,Haar-Random,1,2026,100,60,60,0.8038294080817712,False,7,20,0.005500532490123518,0.000565246135963856,0.0022137154830436253,0.000690149475661328,0.007600952204733663,8.026639121045382e-05,0.0012311249655200028,0.00011965885913912995
"Step (r*=15, eta=1e-2)",22,Haar-Random,2,2026,100,60,60,0.8038294080817712,False,7,20,0.026761822383271298,0.0006162309196297406,0.015642657269592974,0.0008237183755016752,0.17992433287375698,9.539936939478994e-05,0.06147231847157729,0.00017045747140849443
"Step (r*=15, eta=1e-2)",22,Haar-Random,3,2026,100,60,60,0.8038294080817712,False,7,20,0.050829970894658426,0.0008061844231390978,0.01786914195228773,0.0007826585437377465,0.6490800413510124,0.00016327787451675673,0.08021691039895289,0.00015388744677063696
"Step (r*=15, eta=1e-2)",22,Haar-Random,4,2026,100,60,60,0.8038294080817712,False,7,20,0.04305125784507843,0.0001806802137838198,0.005119916207101995,0.00020306315566660704,0.465618495216354,8.20124384096744e-06,0.0065854315469919735,1.0359070651064045e-05
"Step (r*=15, eta=1e-2)",22,Haar-Random,5,2026,100,60,60,0.8038294080817712,False,7,20,0.020664288371749533,0.0004217412529597323,0.0005606053799095599,0.0006079277075330282,0.1072752266427115,4.468386191124887e-05,7.895380333008522e-05,9.284583117588992e-05
"Step (r*=15, eta=1e-2)",22,Haar-Random,6,2026,100,60,60,0.8038294080817712,False,6,20,0.01044743239281097,0.0002473558465603204,0.007566415332504352,0.001186024114000257,0.027420645361892818,1.5371027265269875e-05,0.014382649154592093,0.00035338293328328834
"Step (r*=15, eta=1e-2)",22,Haar-Random,7,2026,100,60,60,0.8038294080817712,False,6,20,0.0005140407859633111,0.00016893028390052456,0.0016924069894193644,0.00021330372326987615,6.638251327742182e-05,7.169247226078816e-06,0.0007195618895921817,1.1430241479994022e-05
"Step (r*=15, eta=1e-2)",22,Haar-Random,8,2026,100,60,60,0.8038294080817712,False,7,20,0.000694987556454381,0.00021978709925532644,0.002378302310009715,0.0008047840950567956,0.00012134240282429094,1.2135646785869017e-05,0.0014209953229449915,0.00016271114558407594
"Step (r*=15, eta=1e-2)",22,Haar-Random,9,2026,100,60,60,0.8038294080817712,False,7,20,0.010768653536407068,0.001020995384268431,0.001062094471360881,0.000225411860998611,0.02913274061330487,0.00026188226627442727,0.00028339020112813835,1.2764742614618157e-05
"Step (r*=15, eta=1e-2)",23,Haar-Random,0,2026,100,60,60,0.8033326674856769,False,7,20,0.029246405751009452,0.0005061851820972894,0.00016185111927531195,3.997652236122697e-05,0.2148837304630029,6.436909279737416e-05,6.580970549598845e-06,4.014842895851886e-07
"Step (r*=15, eta=1e-2)",23,Haar-Random,1,2026,100,60,60,0.8033326674856769,False,6,20,0.07964445121672749,0.0006796179281157235,0.0009334064475041538,6.634268901468676e-05,1.5935642616036707,0.00011603478099982137,0.00021887699924698695,1.1057187497163751e-06
"Step (r*=15, eta=1e-2)",23,Haar-Random,2,2026,100,60,60,0.8033326674856769,False,7,20,0.016900936972690017,0.00023443036709788718,0.0004819395002944484,0.0003797831573309431,0.07175961458096325,1.3806584916766585e-05,5.835036528219216e-05,3.623513923702393e-05
"Step (r*=15, eta=1e-2)",23,Haar-Random,3,2026,100,60,60,0.8033326674856769,False,7,20,0.03242353528487053,3.642888890115376e-05,0.0006052724527818708,0.00045999528948598465,0.26410660678766196,3.333883223178352e-07,9.20365541963584e-05,5.315759228943561e-05
"Step (r*=15, eta=1e-2)",23,Haar-Random,4,2026,100,60,60,0.8033326674856769,False,6,20,0.07185415532405653,0.0006506535495175607,0.0004091146995020334,0.0001465292391447897,1.297066700840048,0.00010635505580068351,4.2048325075818404e-05,5.39395255600025e-06
"Step (r*=15, eta=1e-2)",23,Haar-Random,5,2026,100,60,60,0.8033326674856769,False,7,20,0.029364065407183775,0.0001631795691271383,0.004025884584007099,0.00018398109056758823,0.21661618290161394,6.689445151631298e-06,0.004071750641257375,8.503640875071429e-06
"Step (r*=15, eta=1e-2)",23,Haar-Random,6,2026,100,60,60,0.8033326674856769,False,7,20,0.024658404473727864,0.00019102811749761788,0.007831371436657774,0.0005378657742520018,0.15275255292142,9.167546572868209e-06,0.015407571032537485,7.267856652806025e-05
"Step (r*=15, eta=1e-2)",23,Haar-Random,7,2026,100,60,60,0.8033326674856769,False,7,20,0.01987374487567096,0.0010004151382888866,0.0024449628843347094,6.931938051387954e-05,0.09922427945732026,0.0002514311274531942,0.0015017687901293815,1.2071684569963805e-06
"Step (r*=15, eta=1e-2)",23,Haar-Random,8,2026,100,60,60,0.8033326674856769,False,7,20,0.0534038995593052,0.0014306342168771808,0.0006523873219082142,0.0025708626013389276,0.7164806632918397,0.0005141806738108509,0.00010692261171538683,0.0016604135401853282
"Step (r*=15, eta=1e-2)",23,Haar-Random,9,2026,100,60,60,0.8033326674856769,False,7,20,0.029684927384122012,0.0012992402433865283,0.002002627965762443,0.0009853656091113145,0.22137598923227,0.00042406991332803837,0.001007532551508866,0.00024392332663630207
"Step (r*=15, eta=1e-2)",24,Haar-Random,0,2026,100,60,60,0.8040572230984558,False,7,20,0.026628087738992043,0.00029793848706867877,0.0008212165554005434,0.0015362725477366538,0.17813058396560108,2.2300353594882127e-05,0.00016942360759721428,0.0005929185982416021
"Step (r*=15, eta=1e-2)",24,Haar-Random,1,2026,100,60,60,0.8040572230984558,False,7,20,0.018119442930633636,0.0007753713616759317,0.03241721604167409,0.000985196861498866,0.08247991715343454,0.00015103515504184684,0.2640036697558712,0.00024383978819315002
"Step (r*=15, eta=1e-2)",24,Haar-Random,2,2026,100,60,60,0.8040572230984558,False,7,20,0.023137726934966338,0.0010162248881084798,0.006797559573655942,0.0009768702708746906,0.1344930726927005,0.000259440747473648,0.011608191872102786,0.0002397354833603776
"Step (r*=15, eta=1e-2)",24,Haar-Random,3,2026,100,60,60,0.8040572230984558,False,7,20,0.047753295450134015,0.00016096202248203973,0.00038917329021984814,0.001170229503053504,0.5728820677461565,6.508866644980298e-06,3.804911723154107e-05,0.0003440334092965131
"Step (r*=15, eta=1e-2)",24,Haar-Random,4,2026,100,60,60,0.8040572230984558,False,5,20,0.0216235889555036,0.0003680567187635715,0.0036717066979493765,0.0006582346096413942,0.11746651588930856,3.403204393395914e-05,0.0033868385672091955,0.00010884787633206506
"Step (r*=15, eta=1e-2)",24,Haar-Random,5,2026,100,60,60,0.8040572230984558,False,7,20,0.04215932816919888,0.0010287317346389898,0.005499850066307135,0.0007747528985337255,0.44652512036297715,0.00026586600374365135,0.0075990662967587806,0.00015079430935735583
"Step (r*=15, eta=1e-2)",24,Haar-Random,6,2026,100,60,60,0.8040572230984558,False,6,20,0.0003529432852450849,1.1495073103745458e-05,0.0008090727868345584,0.0009322890554986062,3.129452620667628e-05,3.31957135377829e-08,0.00016444994060075876,0.00021835327237509092
"Step (r*=15, eta=1e-2)",24,Haar-Random,7,2026,100,60,60,0.8040572230984558,False,7,20,0.029496974018862254,6.166901116706549e-05,0.0009706957850028678,0.0007105766650620066,0.21858153144709763,9.55415983913011e-07,0.00023671447775591776,0.00012684706295090824
"Step (r*=15, eta=1e-2)",24,Haar-Random,8,2026,100,60,60,0.8040572230984558,False,6,20,0.021667862879369646,0.0018856822869308997,0.008264356321315202,0.00038676230478513655,0.11794802964424159,0.000893296384483892,0.017158392594574027,3.757913786146995e-05
"Step (r*=15, eta=1e-2)",24,Haar-Random,9,2026,100,60,60,0.8040572230984558,False,7,20,0.011573236470503531,0.0009942916184269128,0.004893489800161278,0.0001393320173915919,0.03364869200898487,0.0002483625384614764,0.00601583488743429,4.877085662636284e-06
"Step (r*=15, eta=1e-2)",25,Haar-Random,0,2026,100,60,60,0.8038687056269551,False,7,20,0.07159554670745168,0.0008489778597333575,0.0010841954302103763,0.0012885175932370388,1.2877470171066654,0.00018107198484358083,0.00029530695669327696,0.0004170990863717713
"Step (r*=15, eta=1e-2)",25,Haar-Random,1,2026,100,60,60,0.8038687056269551,False,7,20,0.032794399219102356,0.000374682482120316,0.0011589591945646142,0.0006347081474440372,0.2701829203135882,3.5268363663503745e-05,0.00033743864905839315,0.00010120609765160815
"Step (r*=15, eta=1e-2)",25,Haar-Random,2,2026,100,60,60,0.8038687056269551,False,6,20,0.06254092589892585,0.001444914558369234,0.005974940833334403,0.0005974561525728203,0.982623499735262,0.0005244968289508455,0.008968622640170043,8.96748396485962e-05
"Step (r*=15, eta=1e-2)",25,Haar-Random,3,2026,100,60,60,0.8038687056269551,False,7,20,0.016663623166729678,9.654857457093616e-05,0.0017367727923104596,4.4234096597470505e-05,0.06975854358272714,2.3418025022350785e-06,0.0007577824572499703,4.915558365550305e-07
"Step (r*=15, eta=1e-2)",25,Haar-Random,4,2026,100,60,60,0.8038687056269551,False,7,20,0.0018640603188980467,0.0007047816323348131,0.0033990139442547384,0.0002026038035497164,0.0008729280643891895,0.0001247865240341212,0.0029024478524167664,1.0312256851435661e-05
"Step (r*=15, eta=1e-2)",25,Haar-Random,5,2026,100,60,60,0.8038687056269551,False,7,20,0.030514365074420645,0.0005281887645866302,0.0010434925376697221,0.0001224920110235483,0.23391992109053678,7.008689992997847e-05,0.0002735503207797193,3.769415939052976e-06
"Step (r*=15, eta=1e-2)",25,Haar-Random,6,2026,100,60,60,0.8038687056269551,False,6,20,0.034598272470549064,0.0006955766490143784,0.002890288251999621,0.0007247309490383127,0.30072349644642715,0.0001215481970177823,0.00209865402406637,0.00013195083684802695
"Step (r*=15, eta=1e-2)",25,Haar-Random,7,2026,100,60,60,0.8038687056269551,False,7,20,0.06286917218284492,0.0009434381023485325,8.273702630542717e-05,0.00012835826028089825,0.9929651741004425,0.00022360698048199686,1.7197224009417134e-06,4.139102463630606e-06
"Step (r*=15, eta=1e-2)",25,Haar-Random,8,2026,100,60,60,0.8038687056269551,False,7,20,0.016977945849652048,0.0004131644535530452,0.0016812785964730379,0.002595647928407641,0.07241504773227626,4.288490311824007e-05,0.0007101300677010121,0.001692583499097398
"Step (r*=15, eta=1e-2)",25,Haar-Random,9,2026,100,60,60,0.8038687056269551,False,7,20,0.05588184729800279,0.0014180926214003215,0.00836711990434517,0.0010696097959589502,0.7845128139575409,0.0005052051019373164,0.017587759503663276,0.000287414898506671
"Step (r*=15, eta=1e-2)",26,Haar-Random,0,2026,100,60,60,0.8033437834953799,False,7,20,0.017938797217815404,0.0007619379275685349,0.0005035199871982193,0.0008152436195563661,0.08084351245024804,0.0001458470730150421,6.369303770852726e-05,0.00016696804039649635
"Step (r*=15, eta=1e-2)",26,Haar-Random,1,2026,100,60,60,0.8033437834953799,False,7,20,0.004198936746762682,0.0012390927137443466,0.013830832511516013,0.000983810787831135,0.004429321433663038,0.0003857146546094349,0.04805683637233505,0.00024315415434522333
"Step (r*=15, eta=1e-2)",26,Haar-Random,2,2026,100,60,60,0.8033437834953799,False,7,20,0.005444687327470949,3.9308906850788416e-05,0.0006689586110619453,8.467827439338311e-05,0.007447395571545492,3.881865344189046e-07,0.00011242348145298278,1.8013683649738266e-06
"Step (r*=15, eta=1e-2)",26,Haar-Random,3,2026,100,60,60,0.8033437834953799,False,7,20,0.01842424518470846,0.00033434950550599964,0.0009823948807633563,0.0008213130490186025,0.08527818371755362,2.8084060734041315e-05,0.00024245475982290123,0.00016946342476174486
"Step (r*=15, eta=1e-2)",26,Haar-Random,4,2026,100,60,60,0.8033437834953799,False,7,20,0.03147413179932358,3.999440106388132e-05,0.001257219096599109,6.525614629768875e-05,0.24886627726920457,4.018434815770176e-07,0.0003970822475383726,1.0697970081660543e-06
"Step (r*=15, eta=1e-2)",26,Haar-Random,5,2026,100,60,60,0.8033437834953799,False,7,20,0.0540633484472299,0.000911142845535861,0.00046807657393949445,0.0013605442450048666,0.7342845901330591,0.00020856021786367333,5.5041764235397856e-05,0.0004650331067395626
"Step (r*=15, eta=1e-2)",26,Haar-Random,6,2026,100,60,60,0.8033437834953799,False,6,20,0.0283296859304159,0.0006216198311368037,0.00021313746745672176,0.001143102210000171,0.20162391940476054,9.707519132531737e-05,1.1412430225057658e-05,0.00032826808518173314
"Step (r*=15, eta=1e-2)",26,Haar-Random,7,2026,100,60,60,0.8033437834953799,False,7,20,0.030917143805365574,0.00018402708178419968,0.0020153848159759594,0.0002835556715725238,0.24013599607778555,8.507892851951798e-06,0.001020409510223391,2.0199248388818158e-05
"Step (r*=15, eta=1e-2)",26,Haar-Random,8,2026,100,60,60,0.8033437834953799,False,7,20,0.021358574354572113,0.0007091826336168873,0.001682498549895358,0.0015801938501564356,0.11460486529881324,0.00012634984611551036,0.0007111609972753081,0.0006273057489265319
"Step (r*=15, eta=1e-2)",26,Haar-Random,9,2026,100,60,60,0.8033437834953799,False,7,20,0.0036273093338917584,0.00017738136256305646,0.0006615550421719637,0.0012594862561970004,0.0033054281394316316,7.904501866848434e-06,0.00010994880178353575,0.00039851566601940705
"Step (r*=15, eta=1e-2)",27,Haar-Random,0,2026,100,60,60,0.8047241216706843,False,7,20,0.009335850351093024,0.00018831508170549208,0.009346008632048947,0.00023640071088955138,0.021896076223924497,8.908995491258766e-06,0.021943752117644096,1.4039643801764641e-05
"Step (r*=15, eta=1e-2)",27,Haar-Random,1,2026,100,60,60,0.8047241216706843,False,7,20,0.0069265830798524814,0.0010534566745165708,0.004887345419622389,0.0007465481311837446,0.012053040849265312,0.0002787994362756921,0.006000737125244961,0.00014001486899561778
"Step (r*=15, eta=1e-2)",27,Haar-Random,2,2026,100,60,60,0.8047241216706843,False,7,20,0.020552453274840114,0.00046085729336565903,0.0002488394084732462,2.110913623924989e-05,0.10611722198141002,5.335700730840724e-05,1.5555961287432125e-05,1.1194364885286092e-07
"Step (r*=15, eta=1e-2)",27,Haar-Random,3,2026,100,60,60,0.8047241216706843,False,7,20,0.00029493148676490666,0.0005274673111216415,0.0005300942925138206,0.0005738603801356446,2.1852484122694383e-05,6.989556718233255e-05,7.059351218875524e-05,8.273152245948127e-05
"Step (r*=15, eta=1e-2)",27,Haar-Random,4,2026,100,60,60,0.8047241216706843,False,7,20,0.046354505278342846,0.00014612452125765761,0.018869004423696115,0.0011951414499858058,0.5398118747450885,5.364197207503769e-06,0.08944509006377413,0.00035883694524053506
"Step (r*=15, eta=1e-2)",27,Haar-Random,5,2026,100,60,60,0.8047241216706843,False,7,20,0.022556131649838097,1.617153337485567e-05,0.0031694559052909627,0.0010483508535004235,0.12781675117040012,6.569932927961357e-08,0.002523643247420185,0.00027610345381222893
"Step (r*=15, eta=1e-2)",27,Haar-Random,6,2026,100,60,60,0.8047241216706843,False,7,20,0.026102218352668728,0.00048001926384986756,0.0027532944300218596,0.0013024675614354206,0.1711643715266811,5.7886310025249946e-05,0.0019044248750393266,0.00042617931273553506
"Step (r*=15, eta=1e-2)",27,Haar-Random,7,2026,100,60,60,0.8047241216706843,False,7,20,0.03588851482252771,0.0010094184847075154,0.003392456655556142,0.0004492339080795272,0.323570936310761,0.0002559770559577653,0.0028912600016971746,5.0699490116947044e-05
"Step (r*=15, eta=1e-2)",27,Haar-Random,8,2026,100,60,60,0.8047241216706843,False,7,20,0.005463328969407268,0.0011856812447013738,2.705084237085736e-05,0.0002976291365647135,0.007498479992281842,0.0003531786429263087,1.8383158026245203e-07,2.2254068576398856e-05
"Step (r*=15, eta=1e-2)",27,Haar-Random,9,2026,100,60,60,0.8047241216706843,False,7,20,0.006403480412531514,0.0017021843815704318,0.005832065295622542,0.0008890223822929764,0.010301268424722438,0.000727900027430761,0.008544827278012361,0.00019855641512784571
"Step (r*=15, eta=1e-2)",28,Haar-Random,0,2026,100,60,60,0.8034545850245604,False,7,20,0.016488506615482297,0.00035378211929692235,0.0066052539287668015,0.00021322733253277532,0.06830007471682549,3.1443457269304965e-05,0.01096068178226641,1.142205589181264e-05
"Step (r*=15, eta=1e-2)",28,Haar-Random,1,2026,100,60,60,0.8034545850245604,False,7,20,0.013109699999819141,0.0005678372371659159,0.0025683455285931663,6.953323244495364e-05,0.04317616254748364,8.100396381192766e-05,0.0016571637860381882,1.2146282326423992e-06
"Step (r*=15, eta=1e-2)",28,Haar-Random,2,2026,100,60,60,0.8034545850245604,False,7,20,0.06436546205509633,0.00022006352137697154,0.003917438835666804,0.00022231240287311067,1.0407928871740637,1.2166191533289595e-05,0.0038553426425932437,1.2416120496270103e-05
"Step (r*=15, eta=1e-2)",28,Haar-Random,3,2026,100,60,60,0.8034545850245604,False,7,20,0.027106025393409085,0.0006760697504674437,0.0005010229530548516,0.0011143909100202313,0.18458236866597208,0.00011482634532519287,6.306287671132471e-05,0.0003119849576140896
"Step (r*=15, eta=1e-2)",28,Haar-Random,4,2026,100,60,60,0.8034545850245604,False,7,20,0.003591534518234541,0.0008538546657689816,0.0018423401060839667,0.0008873243531158293,0.003240549223356755,0.00018315823293745177,0.0008527036969851471,0.00019779865556868647
"Step (r*=15, eta=1e-2)",28,Haar-Random,5,2026,100,60,60,0.8034545850245604,False,7,20,0.03489154109262246,0.0010824349536729704,0.001255991719581507,0.0005500503732030045,0.3058432054642176,0.00029434871822012145,0.00039630731224590793,7.600872725765774e-05
"Step (r*=15, eta=1e-2)",28,Haar-Random,6,2026,100,60,60,0.8034545850245604,False,7,20,0.05389774806182414,0.000173926644447774,0.0016111833033131142,5.3531571951033314e-05,0.7297931339923664,7.599600621141318e-06,0.0006521514111948179,7.199105305787209e-07
"Step (r*=15, eta=1e-2)",28,Haar-Random,7,2026,100,60,60,0.8034545850245604,False,7,20,4.304042735842049e-05,0.0009430768183853938,0.006201970022657697,0.0004337827000557523,4.653842516272132e-07,0.00022343575536885087,0.009663130808804137,4.7271892401150306e-05
"Step (r*=15, eta=1e-2)",28,Haar-Random,8,2026,100,60,60,0.8034545850245604,False,7,20,0.050199753968076403,0.0003811445932376244,0.00013282120039227803,0.00021586018677550948,0.6330845433162111,3.649539428173507e-05,4.431934517043441e-06,1.1705868204426426e-05
"Step (r*=15, eta=1e-2)",28,Haar-Random,9,2026,100,60,60,0.8034545850245604,False,7,20,0.040375360494780764,0.0003876170385002494,0.0008298330850698014,0.00015857926616258102,0.40953531627201456,3.774541905296078e-05,0.00017299757882436172,6.317588590685935e-06
"Step (r*=15, eta=1e-2)",29,Haar-Random,0,2026,100,60,60,0.8042419851749791,False,7,20,0.012914110401576069,0.0012911869055179876,0.004978661796062895,0.0011068844017374671,0.041897443383548574,0.0004188290137768177,0.006227070516978322,0.0003077960682412719
"Step (r*=15, eta=1e-2)",29,Haar-Random,1,2026,100,60,60,0.8042419851749791,False,6,20,0.08889266216747856,0.0005865665307724402,0.000632443630160694,0.0004440411595991766,1.9851364261412423,8.643568746626872e-05,0.00010048521792837593,4.9534181298653984e-05
"Step (r*=15, eta=1e-2)",29,Haar-Random,2,2026,100,60,60,0.8042419851749791,False,7,20,0.04116805168457561,0.001393042830752356,0.0023894299824465436,7.421566050532697e-07,0.4257740232421648,0.0004875144268589929,0.0014343236219747594,1.3837245523735202e-10
"Step (r*=15, eta=1e-2)",29,Haar-Random,3,2026,100,60,60,0.8042419851749791,False,5,20,0.03614577919352033,0.0005646563421117393,0.01194973033630118,0.0004040933596114093,0.328226555841343,8.00989741410321e-05,0.03587358195495147,4.102248460992114e-05
"Step (r*=15, eta=1e-2)",29,Haar-Random,4,2026,100,60,60,0.8042419851749791,False,7,20,0.05218689668173451,0.00011982629922906985,0.023706406376241104,6.377040295513091e-05,0.6841974910639994,3.6071385698126665e-06,0.1411854631211252,1.021637570363206e-06
"Step (r*=15, eta=1e-2)",29,Haar-Random,5,2026,100,60,60,0.8042419851749791,False,7,20,0.010391745950759985,0.0008823407963389898,0.0003743438133632608,2.2532854076487014e-05,0.027129111775608113,0.00019558306737691109,3.5204635598599486e-05,1.2755307753750153e-07
"Step (r*=15, eta=1e-2)",29,Haar-Random,6,2026,100,60,60,0.8042419851749791,False,7,20,0.0090001860332708,0.0016723710740395102,0.0034043812404459133,5.281090432008527e-05,0.02034986375207508,0.0007026253708948646,0.0029116214522930495,7.00657446025765e-07
"Step (r*=15, eta=1e-2)",29,Haar-Random,7,2026,100,60,60,0.8042419851749791,False,7,20,0.026215903578112616,0.0017147144154390623,0.0016667355545645557,0.0006550669469703425,0.17265859208073375,0.0007386558317847937,0.0006978979662697214,0.00010780276653513958
"Step (r*=15, eta=1e-2)",29,Haar-Random,8,2026,100,60,60,0.8042419851749791,False,7,20,0.020437360249292463,0.000472814210141158,0.0008852558793571178,0.00017862613550381846,0.10493204425070503,5.6161613209364864e-05,0.00019687753930477776,8.01583074096556e-06
"Step (r*=15, eta=1e-2)",29,Haar-Random,9,2026,100,60,60,0.8042419851749791,False,7,20,0.03123180423575327,0.0007762514739851323,0.001773069640722058,0.002163197635235375,0.24504885674599394,0.00015137822507995367,0.0007897872538124749,0.0011755765981230873
"Step (r*=15, eta=1e-2)",30,Haar-Random,0,2026,100,60,60,0.8040770415774374,False,6,20,0.0039035380312967896,0.000691130270357821,0.012404226625942469,0.0012731778278834557,0.003828030267645373,0.0001199992032855829,0.03865430931161945,0.00040722709558128645
"Step (r*=15, eta=1e-2)",30,Haar-Random,1,2026,100,60,60,0.8040770415774374,False,7,20,0.0031165353904145086,9.489517572661495e-05,0.012279215861472183,0.00015523105202979823,0.0024400720991730636,2.2622823219211645e-06,0.037879113044463474,6.0536280692756745e-06
"Step (r*=15, eta=1e-2)",30,Haar-Random,2,2026,100,60,60,0.8040770415774374,False,7,20,0.012336124061036022,2.320993928841541e-05,0.0011240002980075598,6.36171044297394e-05,0.03823102920956613,1.3533388275994823e-07,0.00031738864545924865,1.0167316177367801e-06
"Step (r*=15, eta=1e-2)",30,Haar-Random,3,2026,100,60,60,0.8040770415774374,False,7,20,0.026923932233997066,0.001085648042994308,0.009043422247611163,0.0015367151322870853,0.18211071969540138,0.00029609879553489925,0.020545851798719244,0.000593260275128838
"Step (r*=15, eta=1e-2)",30,Haar-Random,4,2026,100,60,60,0.8040770415774374,False,6,20,0.03837475673762675,0.0006431631316969524,0.00012586861546974703,0.0012861495502210472,0.3699557690075932,0.0001039204013936411,3.980095045538184e-06,0.00041556740224706475
"Step (r*=15, eta=1e-2)",30,Haar-Random,5,2026,100,60,60,0.8040770415774374,False,7,20,0.05214418183848374,0.000931341087475172,0.00027045834686652444,7.046781042020097e-05,0.6830779215939798,0.00021790944718529928,1.8376352431952272e-05,1.2474986596477166e-06
"Step (r*=15, eta=1e-2)",30,Haar-Random,6,2026,100,60,60,0.8040770415774374,False,6,20,0.0017673001316766237,0.0007107607439547593,0.0014007354069460064,3.192433746247741e-05,0.0007846557339320573,0.00012691279235774782,0.0004929135380271802,2.560367577661903e-07
"Step (r*=15, eta=1e-2)",30,Haar-Random,7,2026,100,60,60,0.8040770415774374,False,7,20,0.03438027216768893,0.0005098948618158914,0.001908992730514114,0.0003720934855800218,0.2969457773883524,6.53160336880165e-05,0.0009155184108811342,3.478264998233096e-05
"Step (r*=15, eta=1e-2)",30,Haar-Random,8,2026,100,60,60,0.8040770415774374,False,7,20,0.04579622402444129,0.0010438433914387532,0.0007286575642907065,0.00021541371330745669,0.5268874758041137,0.0002737343034966911,0.0001333845379062486,1.1657494720711172e-05
"Step (r*=15, eta=1e-2)",30,Haar-Random,9,2026,100,60,60,0.8040770415774374,False,7,20,0.027817191473041774,0.0002747957404501982,0.005839703780502725,0.0002383076205597759,0.19439500114488661,1.897048901688344e-05,0.008567224927452747,1.4267056917381116e-05
PowerLaw (c=0.5 - Flat),0,Coordinate-Aligned (U=I),0,2026,100,60,60,0.9999999999999997,False,1,20,0.0,0.01356544483637536,0.0023838289943913563,0.018271172178887244,0.0,0.06359285865082755,0.0019637692904459084,0.11536473932783951
PowerLaw (c=0.5 - Flat),0,Coordinate-Aligned (U=I),1,2026,100,60,60,0.9999999999999997,False,1,20,0.0,0.019057215083358635,0.005703179368165208,0.017077984280473194,0.0,0.12550445430728005,0.011240207532949154,0.10078908153748783
PowerLaw (c=0.5 - Flat),0,Coordinate-Aligned (U=I),2,2026,100,60,60,0.9999999999999997,False,1,20,0.0,0.007290656929148014,0.004629754231539206,0.009951347214611536,0.0,0.018368495812076457,0.007407235342608627,0.034221892900246506
PowerLaw (c=0.5 - Flat),0,Coordinate-Aligned (U=I),3,2026,100,60,60,0.9999999999999997,False,1,20,0.0,0.014828734120867812,0.016236264991752156,0.030445193015888307,0.0,0.07598859687772053,0.09109877357840615,0.3203153359274918
PowerLaw (c=0.5 - Flat),0,Coordinate-Aligned (U=I),4,2026,100,60,60,0.9999999999999997,False,1,20,0.0,0.00922201704892175,0.011678968218640133,0.005696522097543246,0.0,0.029389494091064852,0.04713561977687507,0.011213981659662612
PowerLaw (c=0.5 - Flat),0,Coordinate-Aligned (U=I),5,2026,100,60,60,0.9999999999999997,False,1,20,0.0,0.0014266395635681981,0.0028513387653873413,0.026699502013329882,0.0,0.0007033456342500538,0.002809557377639546,0.2463466104276033
PowerLaw (c=0.5 - Flat),0,Coordinate-Aligned (U=I),6,2026,100,60,60,0.9999999999999997,False,1,20,0.0,0.009980869508206465,0.0020744390107490227,0.014406281815737465,0.0,0.034425243737189054,0.0014871049202950467,0.0717206275683045
PowerLaw (c=0.5 - Flat),0,Coordinate-Aligned (U=I),7,2026,100,60,60,0.9999999999999997,False,1,20,0.0,0.004972460186696708,0.019539593937053994,0.0012651113681683354,0.0,0.008544426095159098,0.1319384376293968,0.0005530925201337256
PowerLaw (c=0.5 - Flat),0,Coordinate-Aligned (U=I),8,2026,100,60,60,0.9999999999999997,False,1,20,0.0,0.01169862357845971,0.006526255609403624,0.00439498456560784,0.0,0.04729440900525551,0.014718665233866108,0.006675056977983144
PowerLaw (c=0.5 - Flat),0,Coordinate-Aligned (U=I),9,2026,100,60,60,0.9999999999999997,False,1,20,0.0,0.0005078572684254829,0.010987282996560262,0.003120014888740195,0.0,8.912993987037203e-05,0.041717751230460814,0.0033639815222819298
PowerLaw (c=0.5 - Flat),1,Haar-Random,0,2026,100,60,60,0.7653148467719768,False,1,20,0.0005276202539630375,0.001983075874712085,0.009011617315881317,0.007527104614875142,9.620179731276088e-05,0.001358998354588967,0.02806375306870589,0.019579255458591602
PowerLaw (c=0.5 - Flat),1,Haar-Random,1,2026,100,60,60,0.7653148467719768,False,1,20,0.01353864775488188,0.002301169945852627,0.0120060134716881,0.00923100666526947,0.06334186505646691,0.0018299433920334514,0.04981245212505147,0.029446819738211397
PowerLaw (c=0.5 - Flat),1,Haar-Random,2,2026,100,60,60,0.7653148467719768,False,1,20,0.001113309211750118,0.002787569447904025,0.001640659990361149,0.00027603164738579524,0.00042832347147305476,0.0026852928815772935,0.0009302023737608637,2.6330434351402254e-05
PowerLaw (c=0.5 - Flat),1,Haar-Random,3,2026,100,60,60,0.7653148467719768,False,1,20,0.00980526957364763,0.018650865763725967,0.008919801813103681,0.0004108532299833909,0.03322456816241492,0.12020935346825887,0.027494807201229862,5.833291505588827e-05
PowerLaw (c=0.5 - Flat),1,Haar-Random,4,2026,100,60,60,0.7653148467719768,False,1,20,0.0003993211206216138,0.000641940142489676,0.001986648347697745,0.001147646564248147,5.5104216416992894e-05,0.00014240634411274866,0.0013638991837021486,0.0004551521414508524
PowerLaw (c=0.5 - Flat),1,Haar-Random,5,2026,100,60,60,0.7653148467719768,False,2,20,0.017763699495253457,0.008026102907274396,0.007805942463204906,0.02993234514970518,0.10904533827221821,0.022261258677967306,0.021056731545829755,0.3096148321990157
PowerLaw (c=0.5 - Flat),1,Haar-Random,6,2026,100,60,60,0.7653148467719768,False,1,20,0.003960860897637899,0.01105256263181823,0.012003618680629425,0.009090573912078688,0.005421499846917629,0.042214945982735945,0.04979258232929418,0.0285576767338026
PowerLaw (c=0.5 - Flat),1,Haar-Random,7,2026,100,60,60,0.7653148467719768,False,2,20,0.0181457447095687,0.005676650810432122,0.013105339927559726,0.0006609097427051067,0.11378627015914557,0.0111358822216436,0.05935220376508602,0.00015094703150303292
PowerLaw (c=0.5 - Flat),1,Haar-Random,8,2026,100,60,60,0.7653148467719768,False,1,20,0.005186203835737201,0.025409510325725568,0.0012827255363659967,0.01069608246332143,0.009294786804396606,0.22311710185681916,0.0005686011714477304,0.03953572923437588
PowerLaw (c=0.5 - Flat),1,Haar-Random,9,2026,100,60,60,0.7653148467719768,False,1,20,0.014993231954376072,0.0060842088329084365,0.022674564188226304,0.03912894504730135,0.07768385847092225,0.012792295800320529,0.1776716623535001,0.5290985201271092
PowerLaw (c=0.5 - Flat),2,Haar-Random,0,2026,100,60,60,0.7654198620520946,False,1,20,0.010274314545844616,0.005417506670055825,0.01676649655503877,0.032679720696945996,0.03647925694659615,0.010142363653233432,0.09714599856453524,0.36905996895527143
PowerLaw (c=0.5 - Flat),2,Haar-Random,1,2026,100,60,60,0.7654198620520946,False,1,20,0.021047086267525703,0.011910823196226068,0.011786234764605363,0.004802128718565688,0.15308203643328286,0.04902570241790397,0.04800543875767219,0.007969074052209578
PowerLaw (c=0.5 - Flat),2,Haar-Random,2,2026,100,60,60,0.7654198620520946,False,1,20,2.2652153598593143e-05,0.010902942812912417,0.013744470672564495,0.0013529355799820448,1.7732062945201247e-07,0.04107974480500423,0.06528242922078371,0.0006325494828334955
PowerLaw (c=0.5 - Flat),2,Haar-Random,3,2026,100,60,60,0.7654198620520946,False,1,20,0.02504920553259854,0.005662211547094419,0.00812615685769119,0.015246855181790435,0.21683439926041295,0.011079303283946533,0.02281973890250476,0.08033426401704265
PowerLaw (c=0.5 - Flat),2,Haar-Random,4,2026,100,60,60,0.7654198620520946,False,1,20,0.026391777247891584,0.001010484947150562,0.01164233269543999,0.010776682800018365,0.2407008049856414,0.0003528579977154563,0.04684036601514317,0.04013381725136927
PowerLaw (c=0.5 - Flat),2,Haar-Random,5,2026,100,60,60,0.7654198620520946,False,1,20,0.016746353925795994,0.0004619082925246364,0.003315732032409381,0.024343544262899572,0.09691272378024465,7.373128227491437e-05,0.003799260903216882,0.20478959475969857
PowerLaw (c=0.5 - Flat),2,Haar-Random,6,2026,100,60,60,0.7654198620520946,False,1,20,0.008418001736595685,0.004099480117741233,0.004892831966574049,0.010483010045027684,0.024488280469384602,0.005807615257985473,0.008272958979799926,0.0379762670391289
PowerLaw (c=0.5 - Flat),2,Haar-Random,7,2026,100,60,60,0.7654198620520946,False,1,20,0.0046256975332205,0.004347429914705168,0.0030428340378530687,0.003640856983175551,0.007394260245928486,0.006531387451886289,0.003199608192624178,0.004580865157858343
PowerLaw (c=0.5 - Flat),2,Haar-Random,8,2026,100,60,60,0.7654198620520946,False,1,20,0.010733143183460001,0.006207414198266453,0.0032447602747352343,0.022071532692338545,0.03981017756949967,0.013315630006611128,0.0036383586001967117,0.16834695044643633
PowerLaw (c=0.5 - Flat),2,Haar-Random,9,2026,100,60,60,0.7654198620520946,False,1,20,0.004589131723446658,0.013153407631546161,0.016945949014214142,0.0048047536179112735,0.007277820095781516,0.05978838567997177,0.09923664186527546,0.007977788410156419
PowerLaw (c=0.5 - Flat),3,Haar-Random,0,2026,100,60,60,0.7645338542695826,False,2,20,0.009107889027294452,0.02007980174427178,0.007259316237480526,0.0020733996189853795,0.02866656983414549,0.13933464317537303,0.018210912204762217,0.0014856150742524451
PowerLaw (c=0.5 - Flat),3,Haar-Random,1,2026,100,60,60,0.7645338542695826,False,2,20,0.00032209147003476755,0.01881918642477911,0.013540200260995696,0.010451519218700026,3.585078881167208e-05,0.1223888791700869,0.06335639298760058,0.03774844930649891
PowerLaw (c=0.5 - Flat),3,Haar-Random,2,2026,100,60,60,0.7645338542695826,False,1,20,0.002762146280691577,0.012207712562914105,0.02229670791924474,0.009660857079585243,0.002636535467900638,0.05150019325589417,0.17179944566006858,0.032253108925825294
PowerLaw (c=0.5 - Flat),3,Haar-Random,3,2026,100,60,60,0.7645338542695826,False,2,20,0.015497375882706619,0.009195341044859823,0.004543107883400306,0.0017455095104800557,0.08299589303241274,0.029219713369169373,0.007132575354245783,0.0010528941374548847
PowerLaw (c=0.5 - Flat),3,Haar-Random,4,2026,100,60,60,0.7645338542695826,False,1,20,0.0039167960950434065,0.02685207959595166,0.0065960408707192875,0.005487322848781192,0.005301541861254397,0.24917021125475036,0.015035121590378038,0.010405460246010132
PowerLaw (c=0.5 - Flat),3,Haar-Random,5,2026,100,60,60,0.7645338542695826,False,2,20,0.0010523336110398504,0.009059777787958663,0.005630156431311941,0.019265087851974033,0.0003826900337750001,0.02836451487552456,0.010954213270158896,0.12825734817692294
PowerLaw (c=0.5 - Flat),3,Haar-Random,6,2026,100,60,60,0.7645338542695826,False,3,20,0.0005483328635362657,0.01958581780534077,0.004698161220793653,0.006595841772197595,0.00010390317523861513,0.1325634167039533,0.0076277438483270095,0.015034213947335034
PowerLaw (c=0.5 - Flat),3,Haar-Random,7,2026,100,60,60,0.7645338542695826,False,1,20,0.014058180409185009,0.0013414223848323926,0.009525880905123468,0.012484067911593755,0.06829650714562803,0.0006218295656783229,0.031358159428215585,0.05385828419932975
PowerLaw (c=0.5 - Flat),3,Haar-Random,8,2026,100,60,60,0.7645338542695826,False,1,20,0.005325924509368854,0.00845412809274909,0.003534030350789894,0.0147507374341434,0.00980235171931811,0.02469891731209451,0.004315993864406675,0.07519132428667154
PowerLaw (c=0.5 - Flat),3,Haar-Random,9,2026,100,60,60,0.7645338542695826,False,1,20,0.01269112673230523,0.006786410851439582,0.008680920418220633,0.005072908847420901,0.05565967044283939,0.01591551020984092,0.026041849122336206,0.008893124784761529
PowerLaw (c=0.5 - Flat),4,Haar-Random,0,2026,100,60,60,0.7655617716989441,False,1,20,0.005272773636425096,0.010078052699722303,0.006966133044471087,0.006530474809606256,0.009607679852370158,0.03509890103677928,0.01676964225875697,0.01473770251131507
PowerLaw (c=0.5 - Flat),4,Haar-Random,1,2026,100,60,60,0.7655617716989441,False,1,20,0.0002515563926767153,0.0017724399460747654,0.005557702789145303,0.00346110092920189,2.1868096681576815e-05,0.0010856337278986354,0.010674091099227997,0.0041396993060399834
PowerLaw (c=0.5 - Flat),4,Haar-Random,2,2026,100,60,60,0.7655617716989441,False,1,20,0.008248063890366338,0.02678691755467239,0.001236492280207828,0.011114098273009649,0.02350954919481206,0.2479623540368935,0.0005283516733517831,0.042686321776357145
PowerLaw (c=0.5 - Flat),4,Haar-Random,3,2026,100,60,60,0.7655617716989441,False,1,20,0.011898734451846823,0.0006145440689646251,0.011737007027577838,0.018242266795131665,0.04892623684467071,0.00013051076396254765,0.047605266190570095,0.11500000910951662
PowerLaw (c=0.5 - Flat),4,Haar-Random,4,2026,100,60,60,0.7655617716989441,False,1,20,0.00962847246804663,0.012634624941496557,0.016703432368681655,0.0003095126740846121,0.032037237036029766,0.055165172116848765,0.09641657824776716,3.310527070824799e-05
PowerLaw (c=0.5 - Flat),4,Haar-Random,5,2026,100,60,60,0.7655617716989441,False,1,20,0.019392356951394775,0.014836970671765209,0.0019422299673646924,0.022487828852565773,0.12995753397490997,0.07607303534196906,0.001303591650419053,0.17475729883832253
PowerLaw (c=0.5 - Flat),4,Haar-Random,6,2026,100,60,60,0.7655617716989441,False,1,20,0.022648674697341265,0.0039008395913639198,0.0045726386213292775,0.004644494509200367,0.1772661680881483,0.005258434302067329,0.007225601881285606,0.0074544769507352265
PowerLaw (c=0.5 - Flat),4,Haar-Random,7,2026,100,60,60,0.7655617716989441,False,1,20,0.006524338955476859,0.03596584808486925,0.003533265391325575,0.024264500401060658,0.014710021243586658,0.44701374759639556,0.004314125627460873,0.2034618439641845
PowerLaw (c=0.5 - Flat),4,Haar-Random,8,2026,100,60,60,0.7655617716989441,False,1,20,0.015353700875952244,0.009488530541199728,0.016970061821283782,0.007434660998093995,0.0814641291635679,0.03111273488371965,0.09951925530133869,0.019101286113022965
PowerLaw (c=0.5 - Flat),4,Haar-Random,9,2026,100,60,60,0.7655617716989441,False,1,20,0.012687311331353625,0.009233724277328128,0.009592185031189844,0.009877110186922031,0.055626208947733576,0.029464160601459084,0.03179621053192758,0.03371320691508175
PowerLaw (c=0.5 - Flat),5,Haar-Random,0,2026,100,60,60,0.7649234976295622,False,1,20,0.012947078335292458,0.0003865111942890835,0.021824792829791457,0.009386414479482415,0.057927371170493326,5.1625517958591905e-05,0.16460405448998497,0.030446664657114316
PowerLaw (c=0.5 - Flat),5,Haar-Random,1,2026,100,60,60,0.7649234976295622,False,1,20,0.010702387447058207,0.011014699471553176,0.010099223943081803,0.006665363648223064,0.039582352958435804,0.04192620689383266,0.035246522389780724,0.015352813200950619
PowerLaw (c=0.5 - Flat),5,Haar-Random,2,2026,100,60,60,0.7649234976295622,False,2,20,0.007323971482710727,0.00041199434891918787,0.012072339099392022,0.004419855169050636,0.01853674851278987,5.8657397030689085e-05,0.050364336891995626,0.006750817160478667
PowerLaw (c=0.5 - Flat),5,Haar-Random,3,2026,100,60,60,0.7649234976295622,False,2,20,0.008931706102831163,0.021916348549227697,0.0037311660166505947,0.009921544874489215,0.027568244833086467,0.1659879900213321,0.004810934178861898,0.03401722406887471
PowerLaw (c=0.5 - Flat),5,Haar-Random,4,2026,100,60,60,0.7649234976295622,False,1,20,0.021725292891895193,0.0002747513612441874,0.003423920633079357,0.004487491093479787,0.1631066053093403,2.608674988436298e-05,0.004051236967129464,0.006959010117780492
PowerLaw (c=0.5 - Flat),5,Haar-Random,5,2026,100,60,60,0.7649234976295622,False,1,20,0.0017796677585206015,0.013971841493245285,0.006610843800051114,0.0038053313950900196,0.0010945059676464282,0.06746019135434006,0.015102681384880594,0.005004091440624666
PowerLaw (c=0.5 - Flat),5,Haar-Random,6,2026,100,60,60,0.7649234976295622,False,1,20,0.0013073628668482597,0.009751942840361833,0.030507274047170366,0.00556351125231484,0.0005906531979217236,0.03286416200538197,0.32162298280135343,0.010696414158271602
PowerLaw (c=0.5 - Flat),5,Haar-Random,7,2026,100,60,60,0.7649234976295622,False,1,20,0.015587788493158238,0.0018271889731252596,0.0028673700993943263,0.009052666485439162,0.08396712383042551,0.001153738008008814,0.0028412390368981163,0.028320003964305753
PowerLaw (c=0.5 - Flat),5,Haar-Random,8,2026,100,60,60,0.7649234976295622,False,1,20,0.0009526143498518884,0.015766854874734535,0.011916072441985294,0.015777522892303306,0.00031359888309593996,0.08590736712823904,0.0490689243958428,0.08602365808832038
PowerLaw (c=0.5 - Flat),5,Haar-Random,9,2026,100,60,60,0.7649234976295622,False,1,20,0.010104881868416465,0.003142424916031006,0.013780703307810208,0.004779303221591917,0.03528602602978826,0.003412479789099755,0.06562707285671662,0.007893496829283758
PowerLaw (c=0.5 - Flat),6,Haar-Random,0,2026,100,60,60,0.7650599085426788,False,1,20,0.006309276151183006,0.0082872358709582,0.016536306018749555,0.007521612038187209,0.013756227249666608,0.023733384130775532,0.0944968365684635,0.019550691666515078
PowerLaw (c=0.5 - Flat),6,Haar-Random,1,2026,100,60,60,0.7650599085426788,False,1,20,0.004976913612128405,0.0032863300196947645,0.018403914333278978,0.011206988156415998,0.008559738034543822,0.003732180304275043,0.11704710453263803,0.04340283467924985
PowerLaw (c=0.5 - Flat),6,Haar-Random,2,2026,100,60,60,0.7650599085426788,False,1,20,0.0008126891366054096,0.009224410139333146,0.0012496436257485718,0.01663107961036371,0.00022823864357345914,0.029404749070877718,0.0005396505514520742,0.09558310922630354
PowerLaw (c=0.5 - Flat),6,Haar-Random,3,2026,100,60,60,0.7650599085426788,False,2,20,0.0029263858049696236,0.002817864797148035,0.022260312746509425,0.022249658517362728,0.002959398379635317,0.002743977663423484,0.17123904298804388,0.171075165380236
PowerLaw (c=0.5 - Flat),6,Haar-Random,4,2026,100,60,60,0.7650599085426788,False,4,20,0.019052926026249185,0.0015994940937321656,0.009222965511932031,0.0008520146745054256,0.1254479680689007,0.0008841084678252651,0.02939553968419704,0.0002508617330995657
PowerLaw (c=0.5 - Flat),6,Haar-Random,5,2026,100,60,60,0.7650599085426788,False,1,20,0.012331823852157173,0.04171609552442913,0.014446559729746953,0.005413091439765235,0.05255268309003507,0.601378053713506,0.07212222953389667,0.01012583847813105
PowerLaw (c=0.5 - Flat),6,Haar-Random,6,2026,100,60,60,0.7650599085426788,False,1,20,0.018735612348379525,0.011578838227370672,0.008495441840165326,0.01866942211869141,0.12130425995596275,0.04633084714475344,0.02494090515143741,0.12044867287931002
PowerLaw (c=0.5 - Flat),6,Haar-Random,7,2026,100,60,60,0.7650599085426788,False,3,20,0.020917763203290893,0.03378189899739083,0.016036718969072866,0.004973386502117866,0.15120660183049928,0.39437410128793604,0.08887329987613514,0.008547609859566872
PowerLaw (c=0.5 - Flat),6,Haar-Random,8,2026,100,60,60,0.7650599085426788,False,1,20,0.01348752343879492,0.008543117908837666,0.018103361094904458,0.0022602093008241534,0.06286438822481955,0.025221625301181168,0.11325534224553532,0.0017653774877379464
PowerLaw (c=0.5 - Flat),6,Haar-Random,9,2026,100,60,60,0.7650599085426788,False,1,20,0.003921360975668895,0.021568535483343892,0.005117620520076095,0.011858733502584432,0.005313906563306394,0.16076132727967124,0.009050580319293861,0.04859783112038398
PowerLaw (c=0.5 - Flat),7,Haar-Random,0,2026,100,60,60,0.7650659023854949,False,4,20,0.0010286567108195904,0.01715904301572237,0.006325262831247668,0.01692580676120641,0.0003656631499419568,0.10174812025603247,0.013826027656200956,0.09900087323260105
PowerLaw (c=0.5 - Flat),7,Haar-Random,1,2026,100,60,60,0.7650659023854949,False,1,20,0.010861837516904511,0.015914470613313005,0.010941412553234647,0.014451354225729605,0.04077057837089501,0.08752349706784136,0.04137014623894637,0.07217010904656145
PowerLaw (c=0.5 - Flat),7,Haar-Random,2,2026,100,60,60,0.7650659023854949,False,2,20,0.011670964201000285,0.014739635881824491,0.008030088452783706,0.012326995472310854,0.04707103443932581,0.0750781873933829,0.02228337284454745,0.05251153838286932
PowerLaw (c=0.5 - Flat),7,Haar-Random,3,2026,100,60,60,0.7650659023854949,False,1,20,0.025079140268888207,0.008355540762250063,2.0188801499365735e-05,0.002163098917458803,0.217352959338041,0.024126226080294674,1.4085145727407338e-07,0.0016169367378791246
PowerLaw (c=0.5 - Flat),7,Haar-Random,4,2026,100,60,60,0.7650659023854949,False,1,20,0.015788817081339352,0.00843190729685564,0.005699920389545692,0.024179559036110375,0.08614686059688864,0.024569250876094646,0.011227365176981198,0.202039842536229
PowerLaw (c=0.5 - Flat),7,Haar-Random,5,2026,100,60,60,0.7650659023854949,False,1,20,0.02686698208945038,0.019273262518947468,0.007765618574270575,0.005846293623318488,0.24944685931402438,0.1283662169825742,0.020839743988453344,0.011811403760993011
PowerLaw (c=0.5 - Flat),7,Haar-Random,6,2026,100,60,60,0.7650659023854949,False,1,20,9.204792214678624e-05,0.009864880176208343,0.0026288296373861977,0.022683257822751896,2.9279809540394674e-06,0.03362977003780637,0.0023881695320437783,0.17780793034034958
PowerLaw (c=0.5 - Flat),7,Haar-Random,7,2026,100,60,60,0.7650659023854949,False,1,20,0.008180143141136248,0.005050380779983537,0.0063127961242982296,0.002730583553809315,0.023123952854033233,0.008814313960738722,0.01377158085164052,0.0025766249568394306
PowerLaw (c=0.5 - Flat),7,Haar-Random,8,2026,100,60,60,0.7650659023854949,False,1,20,0.008136504664530086,0.0014708030525905054,0.004263153001348316,0.022685717815659513,0.022877892984561537,0.0007475656088296029,0.0062806140664173424,0.1778464988713133
PowerLaw (c=0.5 - Flat),7,Haar-Random,9,2026,100,60,60,0.7650659023854949,False,1,20,0.006261226706920103,0.0071266331950139055,0.011503994285285677,0.017362145228592328,0.013547498972342201,0.017551291590614197,0.045733831072270005,0.10417104909924267
PowerLaw (c=0.5 - Flat),8,Haar-Random,0,2026,100,60,60,0.765705392922495,False,1,20,0.00221133955867677,0.012249832498849155,0.015018991330331615,0.007598065131442235,0.0016898616061557733,0.05185618574324543,0.07795101991062198,0.019950155852322144
PowerLaw (c=0.5 - Flat),8,Haar-Random,1,2026,100,60,60,0.765705392922495,False,1,20,0.0029349046423671637,0.0015647800431234757,0.02150071025465596,0.003500347420547749,0.0029766533349988265,0.0008461490395665618,0.15975184476345847,0.00423411424367816
PowerLaw (c=0.5 - Flat),8,Haar-Random,2,2026,100,60,60,0.765705392922495,False,1,20,0.0010880104182745536,0.020749901917715533,0.0037273021594662822,0.0008733297272881192,0.00040907823796928653,0.14878952765303502,0.004800975287946466,0.00026357047266978095
PowerLaw (c=0.5 - Flat),8,Haar-Random,3,2026,100,60,60,0.765705392922495,False,3,20,0.0004999788367806996,0.013302072576957646,0.0020413405411956204,0.005109044083967285,8.638602930036213e-05,0.06114752661680869,0.0014400288408966014,0.009020270654157631
PowerLaw (c=0.5 - Flat),8,Haar-Random,4,2026,100,60,60,0.765705392922495,False,1,20,0.023930929144776302,0.019044958579018573,0.006438505520716242,0.038794506968270276,0.1979061956691279,0.12534307173101591,0.014325520600000278,0.520092681255643
PowerLaw (c=0.5 - Flat),8,Haar-Random,5,2026,100,60,60,0.765705392922495,False,1,20,0.0222545024742301,0.0028412130377340993,0.0006574995361004499,0.016671340428010842,0.17114966278677107,0.002789638103789482,0.00014939331703191718,0.0960464480091722
PowerLaw (c=0.5 - Flat),8,Haar-Random,6,2026,100,60,60,0.765705392922495,False,1,20,0.0014101401638791583,0.027543889219260393,0.007079622092065285,0.029350809875092167,0.0006871710164762801,0.26217470900021206,0.017320499817439557,0.2977011053009565
PowerLaw (c=0.5 - Flat),8,Haar-Random,7,2026,100,60,60,0.765705392922495,False,1,20,0.028426661794953092,0.016279548515594704,0.009490656019381245,0.027195254970386967,0.2792492360910216,0.09158513319055045,0.031126675260585733,0.2555798073899842
PowerLaw (c=0.5 - Flat),8,Haar-Random,8,2026,100,60,60,0.765705392922495,False,1,20,0.00047240415528624534,1.893268060541017e-05,0.012610546388382113,0.016661592189805754,7.712011823666484e-05,1.2386952878209283e-07,0.054955109400244055,0.09593415830802092
PowerLaw (c=0.5 - Flat),8,Haar-Random,9,2026,100,60,60,0.765705392922495,False,1,20,0.016591089205380813,0.005887377633556636,0.011037965472397987,0.014022519969270723,0.09512399150984989,0.011977993026671723,0.0421035127529819,0.06795046029530853
PowerLaw (c=0.5 - Flat),9,Haar-Random,0,2026,100,60,60,0.7639534499515144,False,1,20,0.01796954622692179,0.022702638246715187,0.009963778926692094,0.03208409926033287,0.11158722802522704,0.1781118959539049,0.034307449649184626,0.3557295731325703
PowerLaw (c=0.5 - Flat),9,Haar-Random,1,2026,100,60,60,0.7639534499515144,False,2,20,0.0019035166790360284,0.036091867657309505,0.009594043991545861,0.009341226537226986,0.0012521421691075686,0.4501517896630819,0.03180853590350819,0.03015421850617873
PowerLaw (c=0.5 - Flat),9,Haar-Random,2,2026,100,60,60,0.7639534499515144,False,1,20,0.022924966733689666,0.004207554495449235,0.015343638437808314,0.013887792802557314,0.18161750155521314,0.006117863287816002,0.08135738497823226,0.06665100857388219
PowerLaw (c=0.5 - Flat),9,Haar-Random,3,2026,100,60,60,0.7639534499515144,False,1,20,0.016842476241599482,0.005846957005278261,0.006747463935189267,0.00027927645714638066,0.09802845445310182,0.011814084405253137,0.015733357557471052,2.6953112349187043e-05
PowerLaw (c=0.5 - Flat),9,Haar-Random,4,2026,100,60,60,0.7639534499515144,False,1,20,0.0022425464788288817,0.0025566719065764363,0.0039795603333240125,0.007113356719886354,0.0017378935628359659,0.00225886495328734,0.005472811063414055,0.01748595857019402
PowerLaw (c=0.5 - Flat),9,Haar-Random,5,2026,100,60,60,0.7639534499515144,False,1,20,0.017839498665331407,0.0019296479283721919,0.001661434440281152,0.008718800685178272,0.10997793466380784,0.0012867566571033067,0.0009539084289126538,0.026269618631961294
PowerLaw (c=0.5 - Flat),9,Haar-Random,6,2026,100,60,60,0.7639534499515144,False,1,20,0.02560690359126749,0.022824973377472173,0.005370486130649365,0.007133860213003095,0.22659712817245883,0.18003661049334613,0.009967069058957797,0.01758690667327284
PowerLaw (c=0.5 - Flat),9,Haar-Random,7,2026,100,60,60,0.7639534499515144,False,2,20,0.010801647375252214,0.014325411237704649,0.006379708931955953,0.0038567774070550004,0.040319975499698686,0.07091767103872999,0.014065073256600447,0.005140311259270904
PowerLaw (c=0.5 - Flat),9,Haar-Random,8,2026,100,60,60,0.7639534499515144,False,2,20,0.0012027182642055955,0.005803239748684171,0.007883961300032532,0.01706117010748473,0.0004998826700851618,0.011638078828234623,0.021479750687434275,0.10059071494207988
PowerLaw (c=0.5 - Flat),9,Haar-Random,9,2026,100,60,60,0.7639534499515144,False,2,20,0.019948945482798006,0.010014406662675168,0.0031440615480287115,0.0016139704237021124,0.1375245256407152,0.0346569799401894,0.0034160352777058553,0.0009001842551220542
PowerLaw (c=0.5 - Flat),10,Haar-Random,0,2026,100,60,60,0.7651817350561075,False,2,20,0.0005898361238722059,0.0037220483421911395,0.01872910462167543,0.024427118765538904,0.00012022727465721938,0.004787450401056596,0.1212200056644698,0.20619814625563532
PowerLaw (c=0.5 - Flat),10,Haar-Random,1,2026,100,60,60,0.7651817350561075,False,1,20,0.0015258805254093136,0.020091005932639183,0.0027176073741713874,0.025553975980463075,0.0008046024100876259,0.1394901792857975,0.0025521940585013247,0.22566137660971125
PowerLaw (c=0.5 - Flat),10,Haar-Random,2,2026,100,60,60,0.7651817350561075,False,1,20,0.011062900480967626,0.010753278549429259,0.005560789786012324,0.02232749462976384,0.04229395315122028,0.03995968538362481,0.010685952128228803,0.17227420555493075
PowerLaw (c=0.5 - Flat),10,Haar-Random,3,2026,100,60,60,0.7651817350561075,False,2,20,0.004267888089173166,0.022521314510982226,0.015817300425068074,0.0011425353337602014,0.006294573581780674,0.17527813347575652,0.08645796230091696,0.0004511069813781657
PowerLaw (c=0.5 - Flat),10,Haar-Random,4,2026,100,60,60,0.7651817350561075,False,1,20,0.0076449082617775325,0.012338822146667382,0.002458550655705664,0.010760015240245873,0.02019690511848105,0.0526123471778585,0.0020888083284166786,0.0400097687822833
PowerLaw (c=0.5 - Flat),10,Haar-Random,5,2026,100,60,60,0.7651817350561075,False,1,20,0.010621516749811245,0.005612195017482823,0.0006906146289207351,0.01054104428041106,0.03898641893813858,0.010884432148585765,0.00016482072333133093,0.03839790626337654
PowerLaw (c=0.5 - Flat),10,Haar-Random,6,2026,100,60,60,0.7651817350561075,False,1,20,0.00031172386381706754,0.009667553042569691,0.006692985910157826,0.00017885732780848173,3.3579975120618656e-05,0.03229783383270762,0.015480325569165345,1.105487266584235e-05
PowerLaw (c=0.5 - Flat),10,Haar-Random,7,2026,100,60,60,0.7651817350561075,False,1,20,0.016219015916405788,0.01959238075465747,0.005697189967371865,0.022587632407048537,0.09090531345506243,0.13265227209489586,0.011216611305934683,0.1763119267370697
PowerLaw (c=0.5 - Flat),10,Haar-Random,8,2026,100,60,60,0.7651817350561075,False,3,20,0.007250901972021193,0.01724488050066844,0.007882851859379574,0.004245826193084504,0.018168720174732023,0.10276864896466659,0.02147370579934006,0.006229664991843263
PowerLaw (c=0.5 - Flat),10,Haar-Random,9,2026,100,60,60,0.7651817350561075,False,1,20,0.018513797989854516,0.009894474631538155,0.011719074403833372,0.012395297497125087,0.11844897585911854,0.0338318500594752,0.04745990798074439,0.053095067586538376
PowerLaw (c=0.5 - Flat),11,Haar-Random,0,2026,100,60,60,0.7652271593155386,False,2,20,0.006367492134073088,0.037087907686950354,0.004110513929879634,0.002989009122162252,0.014011257122892359,0.47534062765358204,0.005838919896724213,0.0030874131501303637
PowerLaw (c=0.5 - Flat),11,Haar-Random,1,2026,100,60,60,0.7652271593155386,False,1,20,0.021108378012159687,0.02672752214384663,0.0004126658158717687,0.006998572059865267,0.15397492267056423,0.24686394488704458,5.8848752080713614e-05,0.016926187439197164
PowerLaw (c=0.5 - Flat),11,Haar-Random,2,2026,100,60,60,0.7652271593155386,False,2,20,0.0006034208933525586,0.006002541750689262,0.003295709649840377,0.0047918748077025826,0.0001258290609813495,0.012451183901850753,0.0037535150012050038,0.00793507790663649
PowerLaw (c=0.5 - Flat),11,Haar-Random,3,2026,100,60,60,0.7652271593155386,False,4,20,0.005026301321528723,0.0048473700577475595,0.014439003562822673,0.01849734524334285,0.0087304636759842,0.008119936265863796,0.07204680326011932,0.11823854415344678
PowerLaw (c=0.5 - Flat),11,Haar-Random,4,2026,100,60,60,0.7652271593155386,False,1,20,0.019511705662825275,0.014342966774793825,0.018705429559149913,0.015725928085447843,0.13156208288049503,0.07109159423644876,0.12091373610303757,0.08546195813221269
PowerLaw (c=0.5 - Flat),11,Haar-Random,5,2026,100,60,60,0.7652271593155386,False,1,20,0.024440963979177183,0.016345140947069136,0.003424465338273617,0.010728270020960048,0.20643195741250603,0.09232463694878705,0.004052526077239162,0.03977403579444848
PowerLaw (c=0.5 - Flat),11,Haar-Random,6,2026,100,60,60,0.7652271593155386,False,1,20,0.0089881878857165,0.00035337910459658337,0.001955715021982168,0.006629022980637947,0.027918016077249034,4.3154093741330596e-05,0.0013217563694310555,0.01518585741490986
PowerLaw (c=0.5 - Flat),11,Haar-Random,7,2026,100,60,60,0.7652271593155386,False,1,20,0.009869610479975423,0.017609767307754497,0.014055904771462902,0.007845693679619459,0.03366202935875227,0.1071636514866648,0.06827439823473923,0.02127173747413809
PowerLaw (c=0.5 - Flat),11,Haar-Random,8,2026,100,60,60,0.7652271593155386,False,1,20,0.004344971681110384,0.017774269212476553,0.013572846724931954,0.014707915344265193,0.00652400325613532,0.10917514471176826,0.06366227556674017,0.07475539001925531
PowerLaw (c=0.5 - Flat),11,Haar-Random,9,2026,100,60,60,0.7652271593155386,False,1,20,0.002307143121343099,0.0010542775931850713,0.007756655692996911,0.015646674976738315,0.001839455735396213,0.000384105230875599,0.020791666334734858,0.08460273268697943
PowerLaw (c=0.5 - Flat),12,Haar-Random,0,2026,100,60,60,0.7653892221437719,False,1,20,0.007677223832545442,0.021015853777401554,0.004611356867938654,0.013993430520458369,0.02036801350724022,0.1526280462051872,0.007348483694785427,0.06766882886408458
PowerLaw (c=0.5 - Flat),12,Haar-Random,1,2026,100,60,60,0.7653892221437719,False,2,20,0.0047712291482063865,0.01348877873070271,0.012418994554323392,0.01611600214068318,0.007866849079488326,0.06287609042210318,0.05329827360888313,0.08975422504288483
PowerLaw (c=0.5 - Flat),12,Haar-Random,2,2026,100,60,60,0.7653892221437719,False,2,20,0.015408819138602547,0.005901913344633878,0.013781808230875877,0.020633535983374585,0.08205007530396267,0.012037212458676243,0.06563759710528605,0.1471253767837918
PowerLaw (c=0.5 - Flat),12,Haar-Random,3,2026,100,60,60,0.7653892221437719,False,1,20,0.003679458551372095,0.01230022123154959,0.010775454247505504,0.027042014914825472,0.004678515780834382,0.052283675931658204,0.04012466718312383,0.25270763574763677
PowerLaw (c=0.5 - Flat),12,Haar-Random,4,2026,100,60,60,0.7653892221437719,False,1,20,0.00096931932456166,0.0010326735427377304,0.0060977864707414346,0.013049975750134075,0.00032469381107235747,0.00036852450337732394,0.012849454575847328,0.05885179018553475
PowerLaw (c=0.5 - Flat),12,Haar-Random,5,2026,100,60,60,0.7653892221437719,False,1,20,0.007839218165746424,0.005799682571943133,0.01160466082422006,0.013905001385180362,0.021236638324968013,0.011623815755484181,0.04653772745919437,0.06681628753767137
PowerLaw (c=0.5 - Flat),12,Haar-Random,6,2026,100,60,60,0.7653892221437719,False,1,20,0.008586496460072078,0.008744916328337194,0.009942818100105796,0.025822186439338472,0.025478406308344508,0.026427226422143305,0.0341632561441667,0.23042324775154022
PowerLaw (c=0.5 - Flat),12,Haar-Random,7,2026,100,60,60,0.7653892221437719,False,1,20,0.005369676237304896,0.011449749560346115,0.01869644225971949,0.01680321947446544,0.00996406312838404,0.045303550922811235,0.12079757444093307,0.09757201380493069
PowerLaw (c=0.5 - Flat),12,Haar-Random,8,2026,100,60,60,0.7653892221437719,False,1,20,0.004023803242980342,0.002528650646254506,0.01568697777912933,0.011497735155455494,0.00559517586094533,0.002209621733905995,0.0850391344938233,0.045684078593917515
PowerLaw (c=0.5 - Flat),12,Haar-Random,9,2026,100,60,60,0.7653892221437719,False,1,20,0.0029967640672591877,0.014351457756106379,0.00929850907624533,0.00504946939132474,0.0031034544387496684,0.07117579105334644,0.02987905841283407,0.008811132996257158
PowerLaw (c=0.5 - Flat),13,Haar-Random,0,2026,100,60,60,0.7646937160234316,False,1,20,0.007544471822815311,0.00022918548026907751,0.00010099410319869647,0.022449680592306905,0.019669709703656082,1.815158144902087e-05,3.5247823320283493e-06,0.1741648866235396
PowerLaw (c=0.5 - Flat),13,Haar-Random,1,2026,100,60,60,0.7646937160234316,False,2,20,0.00631740495413921,0.017495228104905086,0.013047982286294038,0.007584479471316569,0.013791696832217593,0.10577413614705561,0.058833811614951874,0.01987887619881547
PowerLaw (c=0.5 - Flat),13,Haar-Random,2,2026,100,60,60,0.7646937160234316,False,1,20,0.014150648372640753,0.02823535936745319,0.0020836660798069736,0.007099198613724832,0.06919790519968583,0.27550336513843005,0.0015003635762393316,0.01741642130576798
PowerLaw (c=0.5 - Flat),13,Haar-Random,3,2026,100,60,60,0.7646937160234316,False,1,20,0.005216067124347035,0.021728797318091946,0.006850706240580173,0.02014760785777285,0.00940213779647576,0.16315922979309666,0.016218510236939532,0.14027725132120103
PowerLaw (c=0.5 - Flat),13,Haar-Random,4,2026,100,60,60,0.7646937160234316,False,1,20,0.0005860250511163114,0.019122651899892824,0.0024125399441221862,0.006966078746731549,0.00011867865930831503,0.12636782408611455,0.0020113576143901213,0.01676938083678497
PowerLaw (c=0.5 - Flat),13,Haar-Random,5,2026,100,60,60,0.7646937160234316,False,2,20,0.011193733886991382,0.02857452243603465,0.01044429867027515,0.005787832732874202,0.04330023214678681,0.2821618085060199,0.03769630945039417,0.011576365009797926
PowerLaw (c=0.5 - Flat),13,Haar-Random,6,2026,100,60,60,0.7646937160234316,False,1,20,0.006958584465103614,0.016166202785034035,0.009917865208624642,0.01862788059722058,0.016733318407570592,0.09031425692319675,0.03399199638344278,0.11991324609485134
PowerLaw (c=0.5 - Flat),13,Haar-Random,7,2026,100,60,60,0.7646937160234316,False,1,20,0.009463479388074987,0.018242784454178308,0.00015444688611379568,0.0051046988149579305,0.03094866711739095,0.11500653589046962,8.243252102682987e-06,0.009004933603275114
PowerLaw (c=0.5 - Flat),13,Haar-Random,8,2026,100,60,60,0.7646937160234316,False,1,20,0.012429737830442588,1.0671239287119965e-05,0.00045782755506873203,0.00855327693896706,0.05339052676765784,3.935228778293596e-08,7.243427612060014e-05,0.025281645448420816
PowerLaw (c=0.5 - Flat),13,Haar-Random,9,2026,100,60,60,0.7646937160234316,False,1,20,0.0062179492815525395,0.014787264550624991,0.01258545120439251,0.004311534757632357,0.01336086633457174,0.0755641765412663,0.05473660398178828,0.006423978100370636
PowerLaw (c=0.5 - Flat),14,Haar-Random,0,2026,100,60,60,0.766568599325698,False,1,20,0.011935911776897339,0.02298282216016884,0.004832632985768651,0.01409512475558795,0.049232452307616595,0.18253534950861094,0.008070638530716278,0.068655939894418
PowerLaw (c=0.5 - Flat),14,Haar-Random,1,2026,100,60,60,0.766568599325698,False,1,20,0.0016661269768944074,0.00676438732569194,0.00680464648008705,7.835138010859687e-06,0.0009593044547261396,0.015812378553649763,0.016001157623473275,2.121453759442608e-08
PowerLaw (c=0.5 - Flat),14,Haar-Random,2,2026,100,60,60,0.766568599325698,False,1,20,0.0049735641766829215,0.017981623303006317,0.004150806698530431,0.01579381768415766,0.008548220598342602,0.11173727080240398,0.005953951416252371,0.08620143776382269
PowerLaw (c=0.5 - Flat),14,Haar-Random,3,2026,100,60,60,0.766568599325698,False,1,20,0.01338919806254125,0.026635026163636298,0.02963643195573023,0.010464145298345235,0.06195115400458611,0.24515825651523077,0.303523345744777,0.03783970930565458
PowerLaw (c=0.5 - Flat),14,Haar-Random,4,2026,100,60,60,0.766568599325698,False,1,20,0.008913505914687222,0.013238799215621058,0.006829248270190548,0.007261037600610276,0.027456007365711355,0.06056719482962347,0.01611706922718202,0.01821954974263684
PowerLaw (c=0.5 - Flat),14,Haar-Random,5,2026,100,60,60,0.766568599325698,False,1,20,0.019951135611682852,0.006861382574410952,0.0005491539711050793,0.008277265609332873,0.13755472402588012,0.016269100394409305,0.00010421459032161486,0.02367631185463557
PowerLaw (c=0.5 - Flat),14,Haar-Random,6,2026,100,60,60,0.766568599325698,False,1,20,0.0025921415927945813,0.010272353667962995,0.0077990345175542805,0.0065709318856498194,0.0023219759118117585,0.036465333965788486,0.021019479312623063,0.014920871812580392
PowerLaw (c=0.5 - Flat),14,Haar-Random,7,2026,100,60,60,0.766568599325698,False,1,20,0.02577820358656692,0.007946419269177189,0.004025927142314484,0.0065153859787396035,0.22963895780562474,0.02182143062816756,0.00560108406562034,0.014669677503705387
PowerLaw (c=0.5 - Flat),14,Haar-Random,8,2026,100,60,60,0.766568599325698,False,1,20,0.008812701156239553,0.00492105976265384,0.007698495459366281,0.0014476783950451379,0.026838507140642853,0.008368691281853878,0.02048103900170735,0.0007242432477136736
PowerLaw (c=0.5 - Flat),14,Haar-Random,9,2026,100,60,60,0.766568599325698,False,1,20,0.012041894013017838,0.018377754530004564,0.016298853232953815,0.005637185762579013,0.05011063077752766,0.11671459341353388,0.09180247010185537,0.010981583331039194
PowerLaw (c=0.5 - Flat),15,Haar-Random,0,2026,100,60,60,0.7659199554931422,False,1,20,0.02213519175305082,0.013018377258181193,0.008582055542366926,0.007953204410817823,0.16931944870314633,0.058567134266779716,0.025452058368559013,0.02185871149760159
PowerLaw (c=0.5 - Flat),15,Haar-Random,1,2026,100,60,60,0.7659199554931422,False,1,20,0.024592209798162363,0.022509773160101047,0.008331408312958177,0.01257445198306171,0.20899475113422575,0.17509853222768695,0.023987064737221286,0.05464097023403241
PowerLaw (c=0.5 - Flat),15,Haar-Random,2,2026,100,60,60,0.7659199554931422,False,1,20,0.012425205810516217,0.008761777692620286,0.01360884028093815,0.007411791238493476,0.05335160031199473,0.026529235100596026,0.06400037265545178,0.018983951930053203
PowerLaw (c=0.5 - Flat),15,Haar-Random,3,2026,100,60,60,0.7659199554931422,False,1,20,0.009785472752282068,0.009115110623799461,0.011568561772592077,0.007416031128551473,0.033090542912594806,0.02871204699615209,0.0462486444980823,0.019005677553033513
PowerLaw (c=0.5 - Flat),15,Haar-Random,4,2026,100,60,60,0.7659199554931422,False,3,20,0.01735742106165736,0.008673839483139037,0.005656366028106763,0.016445024786521295,0.10411436780010959,0.025999382326804977,0.01105643912682157,0.09345646149494574
PowerLaw (c=0.5 - Flat),15,Haar-Random,5,2026,100,60,60,0.7659199554931422,False,1,20,0.006329288570159987,0.012239020938284094,0.0034576882636224446,0.020940691901269546,0.013843632518332958,0.051764690797021465,0.004131539795661021,0.15153826928522285
PowerLaw (c=0.5 - Flat),15,Haar-Random,6,2026,100,60,60,0.7659199554931422,False,1,20,0.006931957930554774,0.002425487540835956,0.001239435939496296,0.0155233977339129,0.0166055056751094,0.0020330046167088664,0.0005308703119807684,0.083274846061862
PowerLaw (c=0.5 - Flat),15,Haar-Random,7,2026,100,60,60,0.7659199554931422,False,1,20,0.009822104183023728,0.0007437352238187049,5.626795687072364e-05,0.013199075767582887,0.033338752228718266,0.0001911511739629775,1.0941139629301617e-06,0.06020427244820002
PowerLaw (c=0.5 - Flat),15,Haar-Random,8,2026,100,60,60,0.7659199554931422,False,1,20,0.00386644841281409,0.016142099473618318,0.00911103011972245,0.012328616226835237,0.005166122604760882,0.09004514612906488,0.028686346068186132,0.05252534773465047
PowerLaw (c=0.5 - Flat),15,Haar-Random,9,2026,100,60,60,0.7659199554931422,False,4,20,0.012218991681529918,0.0030563665873472993,0.009540466605844455,0.03325799585633623,0.051595402760759766,0.0032281310356606675,0.031454262013571925,0.3822367311741368
PowerLaw (c=0.5 - Flat),16,Haar-Random,0,2026,100,60,60,0.7651683852878597,False,4,20,0.010361902814431032,0.004841886967497509,0.009549371512429234,0.01028254165661901,0.037103877547429207,0.008101576964975755,0.031513007145329855,0.03653770153595474
PowerLaw (c=0.5 - Flat),16,Haar-Random,1,2026,100,60,60,0.7651683852878597,False,1,20,0.01389458312914624,0.0073255126994440836,0.002868555577185099,0.012014324681638735,0.06671620147607467,0.018544550878767222,0.0028435888710212653,0.04988144172695576
PowerLaw (c=0.5 - Flat),16,Haar-Random,2,2026,100,60,60,0.7651683852878597,False,1,20,0.005832192429722741,0.0023859660401883438,0.012545900157552513,0.0006747436518200955,0.011754494533526855,0.001967291813263814,0.054393113985199915,0.00015733229698942865
PowerLaw (c=0.5 - Flat),16,Haar-Random,3,2026,100,60,60,0.7651683852878597,False,3,20,0.006986985143373838,0.0194631019540818,0.0008872330839316953,0.0021766751740288233,0.016870187453053125,0.13090745626521463,0.00027202932524316944,0.001637297190499151
PowerLaw (c=0.5 - Flat),16,Haar-Random,4,2026,100,60,60,0.7651683852878597,False,1,20,0.0025800986168642522,0.009083029266837985,0.0034990729856660386,0.010635487280096906,0.002300450435349993,0.028510293997937284,0.004231031623635838,0.03908904442127405
PowerLaw (c=0.5 - Flat),16,Haar-Random,5,2026,100,60,60,0.7651683852878597,False,1,20,0.012529005929124919,0.01333555307911377,0.0011300471516190425,0.0015799351249622972,0.05424672178239003,0.061455723145761976,0.00044129946260132913,0.0008626185189172457
PowerLaw (c=0.5 - Flat),16,Haar-Random,6,2026,100,60,60,0.7651683852878597,False,2,20,0.00923945605155563,0.004230912180920072,0.013839599831969288,0.01703998841761739,0.029500751326386885,0.00618597685328005,0.06618923082978248,0.10034110032852718
PowerLaw (c=0.5 - Flat),16,Haar-Random,7,2026,100,60,60,0.7651683852878597,False,1,20,0.002762382656176951,0.00038521626734892275,0.009667804493990436,0.01583509700912016,0.002636986739450976,5.128017588721219e-05,0.03229951397695626,0.08665262535328047
PowerLaw (c=0.5 - Flat),16,Haar-Random,8,2026,100,60,60,0.7651683852878597,False,1,20,0.004227449151337608,0.01751936360726389,0.0035880409909982095,0.02956049842409904,0.006175854471718341,0.10606617839184218,0.004448924754735545,0.30196998239167266
PowerLaw (c=0.5 - Flat),16,Haar-Random,9,2026,100,60,60,0.7651683852878597,False,2,20,0.02364288839273581,0.006342583871628421,0.016666712980881678,0.005264639175291919,0.19317073528899542,0.013901853463364687,0.09599313637783989,0.009578058624894255
PowerLaw (c=0.5 - Flat),17,Haar-Random,0,2026,100,60,60,0.7650007688585739,False,1,20,0.002420624279918187,0.014550599357790189,0.0034885943672948376,0.006957169398038389,0.002024860175923686,0.07316477381615834,0.004205728361501162,0.016726513471801173
PowerLaw (c=0.5 - Flat),17,Haar-Random,1,2026,100,60,60,0.7650007688585739,False,1,20,0.012391385046226394,0.0017810575857992203,0.005484398456976529,0.0013408644295450653,0.05306155502893978,0.0010962161387970334,0.010394372312976213,0.0006213123819164464
PowerLaw (c=0.5 - Flat),17,Haar-Random,2,2026,100,60,60,0.7650007688585739,False,1,20,0.00037954047742474204,0.04105365528973733,0.026992739999070713,0.008082358363785408,4.97801805904843e-05,0.5824302612706137,0.25178752660710063,0.02257441341045258
PowerLaw (c=0.5 - Flat),17,Haar-Random,3,2026,100,60,60,0.7650007688585739,False,1,20,0.022296387759530547,0.0084956741445359,0.003909166065011688,0.0066082860661958835,0.17179451193920517,0.02494226916771753,0.005280906871399852,0.01509099719812762
PowerLaw (c=0.5 - Flat),17,Haar-Random,4,2026,100,60,60,0.7650007688585739,False,1,20,0.013858200513690378,0.0049545565404726195,0.011789478497994603,0.0018038660915846662,0.06636726952819681,0.008483007410699185,0.04803186590347049,0.0011244725510199298
PowerLaw (c=0.5 - Flat),17,Haar-Random,5,2026,100,60,60,0.7650007688585739,False,1,20,0.0013611265238221478,0.024192383825299014,0.004719812467625914,0.024978130323567684,0.0006402318312187981,0.20225422242184538,0.00769821001595892,0.21560564286862696
PowerLaw (c=0.5 - Flat),17,Haar-Random,6,2026,100,60,60,0.7650007688585739,False,2,20,0.005846808564929975,8.269347503392904e-05,0.011384101069940674,0.0031633896006018187,0.011813484549792856,2.363103557961859e-06,0.04478553373686442,0.0034581643855693244
PowerLaw (c=0.5 - Flat),17,Haar-Random,7,2026,100,60,60,0.7650007688585739,False,2,20,0.0048267240078686095,0.005517848415785805,0.016108190123860666,0.01805415916728882,0.008050914264681571,0.0105215518505572,0.08966723180840062,0.11264056041369619
PowerLaw (c=0.5 - Flat),17,Haar-Random,8,2026,100,60,60,0.7650007688585739,False,1,20,0.03484929760426798,0.018883267927410585,0.011983833855747264,0.026794779313042343,0.41968971564704316,0.1232237947751273,0.04962857751086842,0.24810792555913808
PowerLaw (c=0.5 - Flat),17,Haar-Random,9,2026,100,60,60,0.7650007688585739,False,1,20,0.001821417907981228,0.007041800512888568,0.0006589486851457983,0.009343982632306657,0.001146461494864372,0.01713593097989703,0.00015005257760823603,0.030172014917231704
PowerLaw (c=0.5 - Flat),18,Haar-Random,0,2026,100,60,60,0.7653835265308873,False,1,20,0.015462878647747931,0.005744947005900995,0.004711349833894939,0.001971245089882576,0.0826268057527638,0.011405447308732119,0.007670628950938575,0.001342831492198338
PowerLaw (c=0.5 - Flat),18,Haar-Random,1,2026,100,60,60,0.7653835265308873,False,2,20,0.004627621374505184,0.021052311445424028,0.007576243857863264,0.023102713171437073,0.007400412114362638,0.15315805457213436,0.01983572864835173,0.1844447258136272
PowerLaw (c=0.5 - Flat),18,Haar-Random,2,2026,100,60,60,0.7653835265308873,False,1,20,0.017646068492160036,0.002540089029599898,0.018984350329631697,0.0022757565917135695,0.10760592616832788,0.0022296574515645656,0.12454656318126457,0.0017897480064643994
PowerLaw (c=0.5 - Flat),18,Haar-Random,3,2026,100,60,60,0.7653835265308873,False,1,20,0.007114605491367223,0.01990504086385624,0.004139021206868414,0.010352579058476159,0.017492098535873607,0.13691985031318282,0.005920189002449087,0.03703713462159571
PowerLaw (c=0.5 - Flat),18,Haar-Random,4,2026,100,60,60,0.7653835265308873,False,1,20,0.0004802062371796633,0.001082831692813164,0.0013198158978272366,0.003991556617025142,7.968853850422301e-05,0.00040519323464458066,0.0006019590932982277,0.005505856095476841
PowerLaw (c=0.5 - Flat),18,Haar-Random,5,2026,100,60,60,0.7653835265308873,False,1,20,0.021746453611382433,0.013688432557376997,0.0022949449114014957,0.003582280029362846,0.16342449598348635,0.0647511833593576,0.0018200562015512262,0.004434649829197062
PowerLaw (c=0.5 - Flat),18,Haar-Random,6,2026,100,60,60,0.7653835265308873,False,1,20,0.032144586543408515,0.0036497333564529093,0.004129913718632832,0.01624935853088965,0.35707213213857686,0.004603228593385765,0.005894164138863585,0.09124576382764701
PowerLaw (c=0.5 - Flat),18,Haar-Random,7,2026,100,60,60,0.7653835265308873,False,3,20,0.008830359832514123,0.020628557307879342,9.62297453073481e-05,0.014045758742516507,0.026946171596318187,0.14705438544839053,3.200066042782527e-06,0.06817586825466251
PowerLaw (c=0.5 - Flat),18,Haar-Random,8,2026,100,60,60,0.7653835265308873,False,2,20,0.0016221940323759973,0.002730636613290904,0.009273303178545519,0.0042600653607472,0.0009093809819803302,0.0025767250934659435,0.02971728888322977,0.006271519738140647
PowerLaw (c=0.5 - Flat),18,Haar-Random,9,2026,100,60,60,0.7653835265308873,False,2,20,0.019777021432306207,0.010176499633814411,0.0043886234821708895,0.0024362820744269855,0.13516431165373446,0.035787973846099476,0.006655748665943763,0.002051140492213695
PowerLaw (c=0.5 - Flat),19,Haar-Random,0,2026,100,60,60,0.7649048630733577,False,1,20,0.001568995784824382,0.019064919269235408,0.02296714201194836,0.018220162450696607,0.0008507144748275531,0.12560594920929039,0.18228636311808943,0.11472148454279305
PowerLaw (c=0.5 - Flat),19,Haar-Random,1,2026,100,60,60,0.7649048630733577,False,2,20,0.0021802469445775666,0.00010458085298730914,0.01120183629228876,0.004142433917577076,0.0016426749777530725,3.779589450404093e-06,0.043362939194746423,0.005929955669815356
PowerLaw (c=0.5 - Flat),19,Haar-Random,2,2026,100,60,60,0.7649048630733577,False,2,20,0.010882851198605596,0.00937607987338148,0.01601672353147878,0.022711813557248873,0.040928483273174346,0.030379656947817756,0.088651814089934,0.17825589350839116
PowerLaw (c=0.5 - Flat),19,Haar-Random,3,2026,100,60,60,0.7649048630733577,False,1,20,0.002206918574272617,0.0077623211142632985,0.008397627608992713,0.005891320593706292,0.0016831115041303882,0.02082204967806739,0.02436988572711834,0.011994042469190856
PowerLaw (c=0.5 - Flat),19,Haar-Random,4,2026,100,60,60,0.7649048630733577,False,2,20,0.005200784650495183,0.012284999472724942,0.0029689254174617994,0.03362529745093179,0.009347124152249708,0.05215435190552247,0.003046062739842892,0.39072620418339765
PowerLaw (c=0.5 - Flat),19,Haar-Random,5,2026,100,60,60,0.7649048630733577,False,1,20,0.033093767247188495,0.004274374533360437,0.003806076464445817,0.0042203727901157385,0.3784710673085463,0.006313721425465585,0.005006051196452292,0.006155196151069508
PowerLaw (c=0.5 - Flat),19,Haar-Random,6,2026,100,60,60,0.7649048630733577,False,1,20,0.011603443065137562,0.007705951604198931,0.027706091456122656,0.010477465826213962,0.04652796090631231,0.02052073079474773,0.2652716236624368,0.03793610814275492
PowerLaw (c=0.5 - Flat),19,Haar-Random,7,2026,100,60,60,0.7649048630733577,False,1,20,0.0004865053714658071,0.006073567931928833,0.01828012710254353,0.010170283147691042,8.179288896461698e-05,0.012747589077522575,0.11547785036267871,0.03574426382804495
PowerLaw (c=0.5 - Flat),19,Haar-Random,8,2026,100,60,60,0.7649048630733577,False,1,20,0.015164177156835762,0.005964635913391886,0.011056892622014945,0.028159300058627244,0.07946538056687391,0.012294422874352125,0.04224802900857008,0.27402108386666696
PowerLaw (c=0.5 - Flat),19,Haar-Random,9,2026,100,60,60,0.7649048630733577,False,1,20,0.01480588562818567,0.02171770160709143,0.01667419852813284,0.0024917147850516672,0.07575460693957924,0.16299263930892297,0.09607938284086166,0.002145541538306135
PowerLaw (c=0.5 - Flat),20,Haar-Random,0,2026,100,60,60,0.7641670883921868,False,1,20,0.0034926111413900404,0.013822065771750377,0.006273003209191321,0.0299245932183403,0.004215418904187113,0.06602162038083233,0.01359850884573086,0.3094544837783343
PowerLaw (c=0.5 - Flat),20,Haar-Random,1,2026,100,60,60,0.7641670883921868,False,2,20,0.00142519528437924,0.014168973791282569,0.008542844829370786,0.009444633555785838,0.0007019222708521634,0.06937724704260692,0.02522001291610455,0.030825525804819176
PowerLaw (c=0.5 - Flat),20,Haar-Random,2,2026,100,60,60,0.7641670883921868,False,1,20,0.011543803622905845,0.009650950031855779,0.006289723256466376,0.011511149718012452,0.04605090071072407,0.03218699279368606,0.013671096318061468,0.04579074124034316
PowerLaw (c=0.5 - Flat),20,Haar-Random,3,2026,100,60,60,0.7641670883921868,False,1,20,0.005799376616307882,0.02854487515555828,0.010508703411994237,0.014011308156040313,0.011622589385563679,0.28157660253433575,0.03816265127517307,0.0678418431136934
PowerLaw (c=0.5 - Flat),20,Haar-Random,4,2026,100,60,60,0.7641670883921868,False,1,20,0.008046245554254747,0.02912080711426703,0.0037944266720878043,0.015974006167113884,0.022373134476898704,0.293053615751761,0.004975452650026274,0.08817956746352064
PowerLaw (c=0.5 - Flat),20,Haar-Random,5,2026,100,60,60,0.7641670883921868,False,1,20,0.0011754820856390328,0.012138730150211614,0.0007306411132990296,0.011067938783686735,0.00047749881527399613,0.050919810950044816,0.0001844796565638231,0.04233248522742348
PowerLaw (c=0.5 - Flat),20,Haar-Random,6,2026,100,60,60,0.7641670883921868,False,2,20,0.006044004642382337,0.005941733675865841,0.006249761497377052,0.001997011010951478,0.012623792495232796,0.012200191062265655,0.013497929547499182,0.0013781649087435037
PowerLaw (c=0.5 - Flat),20,Haar-Random,7,2026,100,60,60,0.7641670883921868,False,1,20,0.006012297052933785,0.015001891101155919,0.025544947474636887,0.016230335005405758,0.012491687998126593,0.07777361499341257,0.2255019473968523,0.09103224154874963
PowerLaw (c=0.5 - Flat),20,Haar-Random,8,2026,100,60,60,0.7641670883921868,False,1,20,0.000494367326448348,0.023652430593176135,0.00640794416732045,0.03231613420367984,8.445780461745182e-05,0.19332669303956065,0.014189846805357812,0.3608935121263838
PowerLaw (c=0.5 - Flat),20,Haar-Random,9,2026,100,60,60,0.7641670883921868,False,3,20,0.010981836545440028,0.005570251953761497,0.01584303484953488,0.01781501274036482,0.04167640208572466,0.010722349223301956,0.08673952183526172,0.10967623746876896
PowerLaw (c=0.5 - Flat),21,Haar-Random,0,2026,100,60,60,0.7647747023304158,False,1,20,0.015091376559623351,6.220800929823143e-05,0.003873590651217991,0.02591561531743749,0.07870421292753695,1.3373124147040184e-06,0.005185226316831534,0.23209368195877356
PowerLaw (c=0.5 - Flat),21,Haar-Random,1,2026,100,60,60,0.7647747023304158,False,2,20,0.010288377728558113,0.01613651899822611,0.005980077794674477,0.009357013676196744,0.03657918878205431,0.08998289798539437,0.012358163485463593,0.03025622890263538
PowerLaw (c=0.5 - Flat),21,Haar-Random,2,2026,100,60,60,0.7647747023304158,False,1,20,0.018262242073607816,0.010236494145087243,0.007333680380501801,0.003458267949017858,0.11525199697109921,0.03621118635115305,0.0185859269360319,0.004132925226538057
PowerLaw (c=0.5 - Flat),21,Haar-Random,3,2026,100,60,60,0.7647747023304158,False,2,20,0.008390776941564617,0.01656953310239852,0.0020828604887949023,0.020401592996865916,0.024330140719977168,0.0948769708994573,0.0014992036535697816,0.14383627497664322
PowerLaw (c=0.5 - Flat),21,Haar-Random,4,2026,100,60,60,0.7647747023304158,False,3,20,0.005369287592892695,0.01589066128251857,0.012228240755390597,0.002217096699162918,0.009962620830135072,0.08726180855536525,0.05167354182715602,0.0016986720440437782
PowerLaw (c=0.5 - Flat),21,Haar-Random,5,2026,100,60,60,0.7647747023304158,False,1,20,0.010122179164583201,0.039558825598589656,0.011062200359281158,6.778505096860805e-05,0.035406932982382164,0.540788003216802,0.04228860012885745,1.5878450611841998e-06
PowerLaw (c=0.5 - Flat),21,Haar-Random,6,2026,100,60,60,0.7647747023304158,False,1,20,0.008242322668428267,0.004782868963092034,0.0006575050435378638,0.00115017199896763,0.023476832046658607,0.007905279579849529,0.00014939581977981082,0.0004571575005324015
PowerLaw (c=0.5 - Flat),21,Haar-Random,7,2026,100,60,60,0.7647747023304158,False,1,20,0.008079399904241592,0.00818285942504221,0.02142301704702357,0.006654099499606619,0.02255789019711728,0.02313931240175444,0.1585993983310506,0.015300965994537948
PowerLaw (c=0.5 - Flat),21,Haar-Random,8,2026,100,60,60,0.7647747023304158,False,2,20,0.012216541474118096,0.020257355261416025,0.0012799394795188713,0.02068528506207964,0.0515747125489229,0.14180964107005442,0.000566133870744949,0.14786428553875033
PowerLaw (c=0.5 - Flat),21,Haar-Random,9,2026,100,60,60,0.7647747023304158,False,1,20,0.002706705828204551,0.005025201601318629,0.007776057840023481,0.001917630747246222,0.0025317591302610933,0.008726643762926837,0.020895811087342273,0.0012707796097993593
PowerLaw (c=0.5 - Flat),22,Haar-Random,0,2026,100,60,60,0.765634357708487,False,1,20,0.010786907686981232,0.007109061518510686,0.028440675315061982,0.0003780800330455746,0.040210011091050324,0.017464848132176993,0.2795246275088834,4.9397816575072996e-05
PowerLaw (c=0.5 - Flat),22,Haar-Random,1,2026,100,60,60,0.765634357708487,False,1,20,0.0030994779499601425,0.013843165996254781,0.01815400266137337,0.020532420719923058,0.0033198416624952358,0.06622334627897779,0.11388985977322959,0.14568692536363406
PowerLaw (c=0.5 - Flat),22,Haar-Random,2,2026,100,60,60,0.765634357708487,False,2,20,0.013382750690007982,0.02577732323756646,0.005088195652762678,0.007586841862712565,0.061891505025025724,0.2296232733166512,0.008946802982014205,0.019891261755402664
PowerLaw (c=0.5 - Flat),22,Haar-Random,3,2026,100,60,60,0.765634357708487,False,1,20,0.0029286224678190366,2.0223743567182953e-05,0.013604135831760138,0.013121339642762039,0.00296392389773274,1.4133944070133428e-07,0.06395613163962396,0.05949721305673615
PowerLaw (c=0.5 - Flat),22,Haar-Random,4,2026,100,60,60,0.765634357708487,False,1,20,0.0035137250089575535,0.01351512816628718,0.01809050772744297,0.022176400452274852,0.0042665398678503755,0.06312197890506754,0.11309457698807378,0.1699504736516467
PowerLaw (c=0.5 - Flat),22,Haar-Random,5,2026,100,60,60,0.765634357708487,False,1,20,0.004604170836609314,0.030122537165129873,0.019009702364505617,0.013120897890005643,0.007325598765012878,0.31356195710257173,0.12487942862619168,0.059493206969530296
PowerLaw (c=0.5 - Flat),22,Haar-Random,6,2026,100,60,60,0.765634357708487,False,1,20,0.011206156062057547,0.013262199476728487,0.010677420642404675,0.0033869470002477835,0.04339638978743165,0.06078149534366001,0.039397890906880374,0.003964213810457412
PowerLaw (c=0.5 - Flat),22,Haar-Random,7,2026,100,60,60,0.765634357708487,False,1,20,0.017413200826303866,0.0024783559514851053,0.017644732095315308,0.021838649268896494,0.10478460635167337,0.002122597419769598,0.10758962805921903,0.16481313323058425
PowerLaw (c=0.5 - Flat),22,Haar-Random,8,2026,100,60,60,0.765634357708487,False,2,20,0.016451177689502373,0.012485238022799645,0.01476529668270952,0.0040953174706299346,0.0935264080132892,0.05386838076972765,0.07533982797255051,0.005795827041721134
PowerLaw (c=0.5 - Flat),22,Haar-Random,9,2026,100,60,60,0.765634357708487,False,2,20,0.0012947512921222194,0.001752257003443694,0.01253123234201162,0.004689911277756016,0.0005793126005450436,0.001061050068112344,0.05426600285418043,0.0076009788233282975
PowerLaw (c=0.5 - Flat),23,Haar-Random,0,2026,100,60,60,0.765088972942275,False,1,20,0.0009662358006336097,0.01716712611771928,0.011005586655152328,0.0040310184964555676,0.0003226313149713142,0.1018440037090404,0.04185686178294718,0.005615259749132541
PowerLaw (c=0.5 - Flat),23,Haar-Random,1,2026,100,60,60,0.765088972942275,False,1,20,0.0013143668632743133,0.017382151407660817,0.01178928783778059,0.003473454752957318,0.0005969988185367691,0.10441125736327632,0.04803031236710598,0.004169303981850262
PowerLaw (c=0.5 - Flat),23,Haar-Random,2,2026,100,60,60,0.765088972942275,False,2,20,0.00965119851302973,0.006097132268395188,0.006232059452174652,0.007712883283590201,0.03218865023977969,0.012846697610694681,0.013421573812425753,0.02055766513057619
PowerLaw (c=0.5 - Flat),23,Haar-Random,3,2026,100,60,60,0.765088972942275,False,1,20,0.002386574691034972,0.02252609632504826,0.00641852034380248,0.002786157647537486,0.0019682956385763607,0.1753525728627732,0.01423672554443398,0.002682573568196735
PowerLaw (c=0.5 - Flat),23,Haar-Random,4,2026,100,60,60,0.765088972942275,False,2,20,0.016870959971721666,0.005445670870052496,0.011775213652021773,0.01879037039422851,0.09836030317614106,0.010248092760616131,0.04791570255406163,0.12201436121757994
PowerLaw (c=0.5 - Flat),23,Haar-Random,5,2026,100,60,60,0.765088972942275,False,1,20,0.00226414367768958,0.0009810296132368558,0.0035583762229471055,0.0005995337417534211,0.0017715288698655813,0.00033258641279579126,0.004375664302926711,0.00012421313673652772
PowerLaw (c=0.5 - Flat),23,Haar-Random,6,2026,100,60,60,0.765088972942275,False,2,20,0.0010045110912865883,0.01854817181818458,0.009635292431291822,0.011716496781892358,0.0003486982288012083,0.11888922312782615,0.03208263783253714,0.04743903256990464
PowerLaw (c=0.5 - Flat),23,Haar-Random,7,2026,100,60,60,0.765088972942275,False,1,20,0.010291674673867305,0.024826341446311767,0.00794884806154225,0.008112358406725952,0.03660263638697766,0.21299318944947918,0.02183477193873508,0.02274230753646126
PowerLaw (c=0.5 - Flat),23,Haar-Random,8,2026,100,60,60,0.765088972942275,False,2,20,0.0018089600382879042,0.00040144529167973993,0.002509794711449713,0.0014829826474082812,0.0011308323256614865,5.569202456869703e-05,0.0021767906750577545,0.0007599979263384423
PowerLaw (c=0.5 - Flat),23,Haar-Random,9,2026,100,60,60,0.765088972942275,False,1,20,0.0010007236602768356,0.0022181076302191225,0.01580393987735,0.0036453749315745144,0.00034607370677546944,0.0017002214864563576,0.08631196546903684,0.004592241025369724
PowerLaw (c=0.5 - Flat),24,Haar-Random,0,2026,100,60,60,0.7656733927777885,False,2,20,0.009305930189026933,0.001987725409722487,0.0008247601853783364,0.0028728818300516727,0.029926770222080273,0.0013653784613292528,0.00023506915372455074,0.0028521725368803705
PowerLaw (c=0.5 - Flat),24,Haar-Random,1,2026,100,60,60,0.7656733927777885,False,1,20,0.004491588516321348,0.0014061200557678418,0.009844012216536302,0.018466544483195783,0.006971724137330585,0.0006832585486252916,0.03348764111132399,0.11784510337613009
PowerLaw (c=0.5 - Flat),24,Haar-Random,2,2026,100,60,60,0.7656733927777885,False,2,20,0.00841786111344818,0.0037016516323782325,0.00013207802978488261,0.006237057997177016,0.024487462320274777,0.004735124008187473,6.0283912734274964e-06,0.013443112517560389
PowerLaw (c=0.5 - Flat),24,Haar-Random,3,2026,100,60,60,0.7656733927777885,False,1,20,0.0001919815686637153,0.007468217963594615,0.01790216951601936,0.0022953377570441046,1.2736771000900705e-05,0.01927410576423711,0.11075200544964135,0.00182067936452216
PowerLaw (c=0.5 - Flat),24,Haar-Random,4,2026,100,60,60,0.7656733927777885,False,1,20,0.006131679491096048,0.013031438400199533,0.026955191452723015,0.009846433347305495,0.012992692505033735,0.0586847122684515,0.2510875102404745,0.03350411568023835
PowerLaw (c=0.5 - Flat),24,Haar-Random,5,2026,100,60,60,0.7656733927777885,False,1,20,0.014366569281043275,0.016388369460472656,0.003616070509145354,0.0072092084014989686,0.071325760628397,0.09281363052260876,0.00451870561617595,0.017960376190483913
PowerLaw (c=0.5 - Flat),24,Haar-Random,6,2026,100,60,60,0.7656733927777885,False,2,20,0.008136388215488892,0.030578510436626755,0.009948474920703557,0.011811769911737383,0.022877238135889242,0.3231267559432466,0.03420214056989252,0.048213673848231636
PowerLaw (c=0.5 - Flat),24,Haar-Random,7,2026,100,60,60,0.7656733927777885,False,1,20,0.0008802490701873562,0.00033432274387726877,0.007979039789090595,0.03590515804184323,0.00026776352620905936,3.862532206886141e-05,0.022000954872457304,0.4455064068516434
PowerLaw (c=0.5 - Flat),24,Haar-Random,8,2026,100,60,60,0.7656733927777885,False,1,20,0.011810481743680715,0.00023101665107511942,0.020688630027247266,0.0026201101612085393,0.04820315824754519,1.8442799137407616e-05,0.14791211092510667,0.0023723533281173846
PowerLaw (c=0.5 - Flat),24,Haar-Random,9,2026,100,60,60,0.7656733927777885,False,1,20,0.011139689935405447,0.009587008746992998,0.014306789238990343,0.013312019045570183,0.042883129762360736,0.031761903059068904,0.0707334151879139,0.06123900549555393
PowerLaw (c=0.5 - Flat),25,Haar-Random,0,2026,100,60,60,0.7643488985787537,False,6,20,0.011779815531172399,0.024440702991298188,0.002157518453264665,0.012124669722185193,0.04795316180812005,0.20642754875242905,0.0016086046008831486,0.05080191728585816
PowerLaw (c=0.5 - Flat),25,Haar-Random,1,2026,100,60,60,0.7643488985787537,False,1,20,0.006288698102487304,0.008358991217522047,0.008728766195286628,0.0035471866802181903,0.013666640212100829,0.02414615624515835,0.026329704823023874,0.004348188455493399
PowerLaw (c=0.5 - Flat),25,Haar-Random,2,2026,100,60,60,0.7643488985787537,False,1,20,0.007655558280984615,0.002116433648958212,0.0028254457283829445,0.0216558206318101,0.020253216389914567,0.0015479238226306536,0.0027587618275115534,0.16206512181439758
PowerLaw (c=0.5 - Flat),25,Haar-Random,3,2026,100,60,60,0.7643488985787537,False,2,20,0.009295116144190993,0.006299319215819762,0.020078638312908514,0.014916099639373317,0.029857257257750562,0.013712842942712678,0.13931849743851032,0.07688662900409127
PowerLaw (c=0.5 - Flat),25,Haar-Random,4,2026,100,60,60,0.7643488985787537,False,2,20,0.012160891674798073,0.006346102221797725,0.007398843909927967,0.010995011295394468,0.0511059079694893,0.013917280978574323,0.018917685416569754,0.04177645921798439
PowerLaw (c=0.5 - Flat),25,Haar-Random,5,2026,100,60,60,0.7643488985787537,False,1,20,0.012926347356452058,0.02627754440941524,0.028215860524616575,0.011032624631242407,0.05774201202828462,0.23862163995577776,0.2751229809651938,0.04206277811365066
PowerLaw (c=0.5 - Flat),25,Haar-Random,6,2026,100,60,60,0.7643488985787537,False,1,20,0.02949568604051697,0.01265774274292323,0.005740072548370704,0.017158495087136762,0.3006472754075387,0.055367230225895056,0.011386100991783586,0.10174162224638897
PowerLaw (c=0.5 - Flat),25,Haar-Random,7,2026,100,60,60,0.7643488985787537,False,1,20,0.0011328454976900484,0.010667817866692492,0.00501557093779939,0.020172298419897344,0.00044348775646725055,0.03932705751054421,0.008693227059292992,0.14062127692055099
PowerLaw (c=0.5 - Flat),25,Haar-Random,8,2026,100,60,60,0.7643488985787537,False,1,20,0.01647695012656361,0.005048817568317287,0.01066793689408583,0.00791141272350988,0.09381967474230608,0.00880885833012107,0.039327935107690316,0.02162959320192737
PowerLaw (c=0.5 - Flat),25,Haar-Random,9,2026,100,60,60,0.7643488985787537,False,3,20,0.005396834337489296,0.0019066509426853735,0.016074272119268204,0.028739885604707475,0.010065108081340892,0.0012562690304432629,0.08929001604619216,0.28543704651664553
PowerLaw (c=0.5 - Flat),26,Haar-Random,0,2026,100,60,60,0.7650912645160469,False,1,20,0.008277181782556202,0.0028636905158954144,0.0061564942115576735,0.0014457829171891166,0.023675832300408366,0.002833951614667442,0.013098067361897898,0.000722347953382212
PowerLaw (c=0.5 - Flat),26,Haar-Random,1,2026,100,60,60,0.7650912645160469,False,1,20,0.023328114044262868,0.0005787367503819466,0.0197856956584519,0.02167936654652451,0.18806134084749176,0.00011574504055914777,0.13528290412512536,0.16241773334677193
PowerLaw (c=0.5 - Flat),26,Haar-Random,2,2026,100,60,60,0.7650912645160469,False,4,20,0.016331418487181393,0.0004202595206147402,0.0005108693219983423,0.008916052381460477,0.09216968089016825,6.103449987397923e-05,9.019031761178536e-05,0.02747169721842427
PowerLaw (c=0.5 - Flat),26,Haar-Random,3,2026,100,60,60,0.7650912645160469,False,2,20,0.020925569345706867,0.0201587464656148,0.009829283868907237,0.02013591770590851,0.15131947819283267,0.14043239879230177,0.0333875094497164,0.14011451372596787
PowerLaw (c=0.5 - Flat),26,Haar-Random,4,2026,100,60,60,0.7650912645160469,False,1,20,0.007135922056068206,0.0011539958431096595,0.017262208077507814,0.005369694543016123,0.017597074150811423,0.00046020227102506805,0.10297527565564865,0.009964131065281955
PowerLaw (c=0.5 - Flat),26,Haar-Random,5,2026,100,60,60,0.7650912645160469,False,1,20,0.009896658188855217,0.012972370144682784,0.005093073060366645,0.02185194919997115,0.0338467840378618,0.05815391170719932,0.008963963532669476,0.16501393967789654
PowerLaw (c=0.5 - Flat),26,Haar-Random,6,2026,100,60,60,0.7650912645160469,False,1,20,0.014812935960514683,0.0170261099266431,0.0003627717618271122,0.006135254153829212,0.07582677044694301,0.10017771806377693,4.547861361796827e-05,0.013007845949350446
PowerLaw (c=0.5 - Flat),26,Haar-Random,7,2026,100,60,60,0.7650912645160469,False,1,20,0.004156471879127922,0.0018280492743505566,0.00040643199870853553,0.007711341781685964,0.005970214870870757,0.0011548247000830176,5.708421781571762e-05,0.020549448614904868
PowerLaw (c=0.5 - Flat),26,Haar-Random,8,2026,100,60,60,0.7650912645160469,False,1,20,0.029508105139465512,0.005235172547214961,0.0009700776882732357,0.008563865636719998,0.30090050256113354,0.009471140281335153,0.0003252020694366413,0.025344280016744238
PowerLaw (c=0.5 - Flat),26,Haar-Random,9,2026,100,60,60,0.7650912645160469,False,1,20,0.01838142599813518,0.024362959140605222,0.007865212898131338,0.02031138520269586,0.11676123205082636,0.20511637958480902,0.021377712599927788,0.14256711255529092
PowerLaw (c=0.5 - Flat),27,Haar-Random,0,2026,100,60,60,0.7651394267192351,False,3,20,0.003893162290380557,0.013518201665849675,0.043471533690239525,0.025218283629311986,0.005237756263445946,0.06315069153460633,0.6530556538183536,0.21977147274141126
PowerLaw (c=0.5 - Flat),27,Haar-Random,1,2026,100,60,60,0.7651394267192351,False,1,20,0.0033684678156256187,0.02471271290161873,0.01067457373619095,0.009781328543731475,0.003921074311656156,0.2110479394440638,0.03937688449505643,0.03306252074631247
PowerLaw (c=0.5 - Flat),27,Haar-Random,2,2026,100,60,60,0.7651394267192351,False,1,20,0.006690849095527791,0.0028315398237356093,0.00021022185316714917,0.00577353210239686,0.015470442594291763,0.002770675196231794,1.5272002591312224e-05,0.011519229703538685
PowerLaw (c=0.5 - Flat),27,Haar-Random,3,2026,100,60,60,0.7651394267192351,False,1,20,0.024914068430953635,0.010686379835243866,0.015713986523506217,0.028647125923088004,0.21450112517454836,0.039464034482197326,0.08533221548280505,0.28359749003415385
PowerLaw (c=0.5 - Flat),27,Haar-Random,4,2026,100,60,60,0.7651394267192351,False,1,20,0.0034550580881310034,0.002327594112242536,0.0020483112919196314,0.0003670210833971375,0.0041252566718610805,0.001872210896588176,0.0014498804270059252,4.655027965604188e-05
PowerLaw (c=0.5 - Flat),27,Haar-Random,5,2026,100,60,60,0.7651394267192351,False,1,20,0.007311106617619131,0.013743149247170256,0.005411502914168206,0.012018312381312232,0.018471684544238514,0.0652698770148931,0.010119896293847417,0.04991455972981382
PowerLaw (c=0.5 - Flat),27,Haar-Random,6,2026,100,60,60,0.7651394267192351,False,1,20,0.015200278433564657,0.008975117768209489,0.001501250453170095,0.0002759456086357589,0.07984419657977739,0.027836881491992562,0.0007788369936148481,2.6314022576782995e-05
PowerLaw (c=0.5 - Flat),27,Haar-Random,7,2026,100,60,60,0.7651394267192351,False,1,20,0.009414335365770991,0.008329378586390213,0.012730781774079096,0.00400823830635113,0.030628067729988377,0.02397537853722102,0.05600804532253405,0.005551972894091632
PowerLaw (c=0.5 - Flat),27,Haar-Random,8,2026,100,60,60,0.7651394267192351,False,1,20,0.01068018717012216,0.010245043790128201,0.004586642801169757,0.005818991323773434,0.03941830959810641,0.03627169966230544,0.007269927963850167,0.011701342407933227
PowerLaw (c=0.5 - Flat),27,Haar-Random,9,2026,100,60,60,0.7651394267192351,False,1,20,0.0034893190179078834,0.013167767934890297,0.011528349686450796,0.01355365073912509,0.004207475770254883,0.059919005525139284,0.04592768459337779,0.0634823286495982
PowerLaw (c=0.5 - Flat),28,Haar-Random,0,2026,100,60,60,0.7642003240327223,False,1,20,0.013028141135506804,0.0071099165667757565,0.01736163002920275,0.014250821538636538,0.05865501876204194,0.017469049582991017,0.1041648669064406,0.07018108395590933
PowerLaw (c=0.5 - Flat),28,Haar-Random,1,2026,100,60,60,0.7642003240327223,False,1,20,0.008803045015734657,0.017979144736210356,0.008364932694267028,0.019573887936158805,0.026779725068828683,0.11170646944509659,0.024180494075719924,0.13240197513491386
PowerLaw (c=0.5 - Flat),28,Haar-Random,2,2026,100,60,60,0.7642003240327223,False,1,20,0.0014783288063831169,0.01041140248310633,0.0028456348998400606,0.015111043532727509,0.0007552354163579066,0.03745922087464747,0.002798328049825019,0.0789094801172585
PowerLaw (c=0.5 - Flat),28,Haar-Random,3,2026,100,60,60,0.7642003240327223,False,1,20,0.011550742209655863,0.005152772106331581,0.005897989038469717,0.006008130664673335,0.046106276600453765,0.009175339422139987,0.012021210189709704,0.012474381072444352
PowerLaw (c=0.5 - Flat),28,Haar-Random,4,2026,100,60,60,0.7642003240327223,False,1,20,0.01411022185031631,0.005994083774903499,0.011762352859084443,0.007117899412757469,0.06880309152868835,0.012416119550552562,0.04781109342774877,0.01750829927546503
PowerLaw (c=0.5 - Flat),28,Haar-Random,5,2026,100,60,60,0.7642003240327223,False,1,20,0.013585424066911746,0.014458627466179604,0.0023457980380678827,0.019977556067749744,0.06378031612440299,0.07224277249936288,0.001901610234546253,0.1379192812082022
PowerLaw (c=0.5 - Flat),28,Haar-Random,6,2026,100,60,60,0.7642003240327223,False,1,20,0.0029860835643781684,0.0036048545399083518,0.0049462760720032535,0.004290480383882519,0.0030813723621145235,0.004490717741839223,0.00845467608513909,0.006361391292822362
PowerLaw (c=0.5 - Flat),28,Haar-Random,7,2026,100,60,60,0.7642003240327223,False,1,20,0.01607732759069973,0.006073644937371083,0.01037176643482626,0.027689882815880272,0.08932396458468374,0.012747912327371264,0.037174550426645074,0.26496133560780377
PowerLaw (c=0.5 - Flat),28,Haar-Random,8,2026,100,60,60,0.7642003240327223,False,2,20,0.014669953708468693,0.008326611290197308,0.005200947685968325,0.006205660821467679,0.07436999555021637,0.02395945034960717,0.009347710193317387,0.013308108672100498
PowerLaw (c=0.5 - Flat),28,Haar-Random,9,2026,100,60,60,0.7642003240327223,False,1,20,0.008252175884603218,0.0009246677209457797,0.01835390045789327,0.005006550968265628,0.02353299596470253,0.00029546882360445667,0.11641180218301944,0.008661987491232842
PowerLaw (c=0.5 - Flat),29,Haar-Random,0,2026,100,60,60,0.7655163979305117,False,1,20,0.002041981694351109,0.0012474874681667196,0.014655558609626024,0.01850669879049058,0.0014409335640532296,0.0005377899124980478,0.07422411394685102,0.11835815368719556
PowerLaw (c=0.5 - Flat),29,Haar-Random,1,2026,100,60,60,0.7655163979305117,False,1,20,0.007137169232984,0.02269884571318797,0.0002215311506864322,0.0027813013852178796,0.017603225726557953,0.17805239283289725,1.6959376252927382e-05,0.002673230286635173
PowerLaw (c=0.5 - Flat),29,Haar-Random,2,2026,100,60,60,0.7655163979305117,False,1,20,0.002728318212669818,0.007455626865834836,0.010649947396073473,0.010274269417206628,0.002572351501595909,0.0192091699053209,0.03919540839849422,0.03647893648617848
PowerLaw (c=0.5 - Flat),29,Haar-Random,3,2026,100,60,60,0.7655163979305117,False,1,20,0.024762367210224068,0.009712648683221765,0.009085112455768696,0.009188673361201927,0.21189689257404928,0.032599852038380554,0.028523373145416746,0.029177353402737204
PowerLaw (c=0.5 - Flat),29,Haar-Random,4,2026,100,60,60,0.7655163979305117,False,1,20,0.00013813636082583652,0.002873213256737187,0.005845644693443185,0.006352517892343654,6.594111547835178e-06,0.0028528306500031878,0.011808781810104325,0.013945434897400114
PowerLaw (c=0.5 - Flat),29,Haar-Random,5,2026,100,60,60,0.7655163979305117,False,1,20,0.033870633783591717,0.004796899028632668,0.01994072259982808,0.0009730598975569057,0.39644862420263133,0.007951726290174661,0.13741117478564624,0.0003272046128448718
PowerLaw (c=0.5 - Flat),29,Haar-Random,6,2026,100,60,60,0.7655163979305117,False,1,20,0.009884665557973136,0.010167458610713678,0.023077659379812935,0.0017678629843899969,0.033764803627796464,0.03572441246820113,0.18404489969418103,0.0010800341154537617
PowerLaw (c=0.5 - Flat),29,Haar-Random,7,2026,100,60,60,0.7655163979305117,False,1,20,0.008946258347520006,0.009703288652419918,0.023634753152896558,0.015356504751595937,0.027658150760768593,0.03253704968645175,0.1930378226033927,0.08149388565627463
PowerLaw (c=0.5 - Flat),29,Haar-Random,8,2026,100,60,60,0.7655163979305117,False,1,20,0.0032457055188072903,0.013484868656104307,0.01754685306958847,0.011803702530573626,0.0036404787185055944,0.0628396431534713,0.1063992943405903,0.04814783693151073
PowerLaw (c=0.5 - Flat),29,Haar-Random,9,2026,100,60,60,0.7655163979305117,False,1,20,0.020672954233842234,0.0006255096740330527,0.010716352592582228,0.0033246311958304107,0.14768804956655068,0.00013520984978333136,0.03968571942103303,0.0038196821045325623
PowerLaw (c=0.5 - Flat),30,Haar-Random,0,2026,100,60,60,0.7674949531923528,False,1,20,0.017819251494408377,0.015876460793592395,0.008749044956176344,0.005169346431268179,0.10972843455758441,0.0871059174135122,0.026452185823596777,0.009234460856175741
PowerLaw (c=0.5 - Flat),30,Haar-Random,1,2026,100,60,60,0.7674949531923528,False,3,20,0.007583454376099182,0.0016218967013197012,0.0024481161824082202,0.004060183849107908,0.01987350302484916,0.0009090476526461196,0.0020711154957081886,0.005696809110236263
PowerLaw (c=0.5 - Flat),30,Haar-Random,2,2026,100,60,60,0.7674949531923528,False,1,20,0.005094551169829293,0.015503102842906211,0.012650533702602978,0.013849644363102744,0.008969167322926288,0.08305724561293265,0.05530418092245874,0.06628534358769295
PowerLaw (c=0.5 - Flat),30,Haar-Random,3,2026,100,60,60,0.7674949531923528,False,1,20,0.009286007648764272,0.004717204524049885,0.01651945140502909,0.010824597503901304,0.029798770319087148,0.007689705037916852,0.09430430312193783,0.040491492238052186
PowerLaw (c=0.5 - Flat),30,Haar-Random,4,2026,100,60,60,0.7674949531923528,False,1,20,0.009436545595084363,0.014405993141928206,0.0024503929928892873,0.004828264583426872,0.030772753214231834,0.07171775331392088,0.0020749696675706835,0.008056054405736104
PowerLaw (c=0.5 - Flat),30,Haar-Random,5,2026,100,60,60,0.7674949531923528,False,3,20,0.01690904938998275,0.002391314067568735,0.0018297693512256828,0.011900510142537563,0.09880493892174799,0.0019761208758803635,0.001156998954158872,0.04894084080884804
PowerLaw (c=0.5 - Flat),30,Haar-Random,6,2026,100,60,60,0.7674949531923528,False,1,20,0.014592222279609813,0.02329342821504905,0.0019905891559930033,0.0064696312766609875,0.07358395755817275,0.18750251178224014,0.0013693155384786701,0.014464363519074819
PowerLaw (c=0.5 - Flat),30,Haar-Random,7,2026,100,60,60,0.7674949531923528,False,1,20,0.014254609728079298,0.005854507699887671,0.025567557806395302,0.00793495624192824,0.07021840034167563,0.011844617259257725,0.22590131641616698,0.021758519465991787
PowerLaw (c=0.5 - Flat),30,Haar-Random,8,2026,100,60,60,0.7674949531923528,False,1,20,0.0017529339603218198,0.003550638103632355,0.01373719188334681,0.01316303727276449,0.0010618700664223005,0.004356654173224189,0.0652133030636205,0.0598759601655847
PowerLaw (c=0.5 - Flat),30,Haar-Random,9,2026,100,60,60,0.7674949531923528,False,1,20,0.00505050391910088,0.003312178685489499,0.014522454480061757,0.020359154102201103,0.008814743789743871,0.003791122212802412,0.07288200579834975,0.1432384879739062
PowerLaw (c=1.0 - Moderate),0,Coordinate-Aligned (U=I),0,2026,100,60,60,0.9999999999999998,False,1,20,0.0,0.0006735726967400246,0.012921635016198599,0.02218880854023214,0.0,1.2208566140348156e-05,0.004492940326838929,0.013248407458200337
PowerLaw (c=1.0 - Moderate),0,Coordinate-Aligned (U=I),1,2026,100,60,60,0.9999999999999998,False,1,20,0.0,0.004286491450771715,0.017225845115746076,0.0020357585755141445,0.0,0.0004944241034075573,0.007984666599923858,0.0001115188434387985
PowerLaw (c=1.0 - Moderate),0,Coordinate-Aligned (U=I),2,2026,100,60,60,0.9999999999999998,False,1,20,0.0,0.002024389422331094,0.004955306551092983,0.009311273190550742,0.0,0.00011027671732173594,0.0006607493793822752,0.002332995218801227
PowerLaw (c=1.0 - Moderate),0,Coordinate-Aligned (U=I),3,2026,100,60,60,0.9999999999999998,False,1,20,0.0,0.004909753393810854,0.006265160834306439,0.003125998651512779,0.0,0.0006486569398969404,0.0010562340397183296,0.00026295006564510455
PowerLaw (c=1.0 - Moderate),0,Coordinate-Aligned (U=I),4,2026,100,60,60,0.9999999999999998,False,1,20,0.0,0.005088478214345129,0.013625708263212693,0.011635452128246009,0.0,0.0006967412925317112,0.004995901683856933,0.003643025727252556
PowerLaw (c=1.0 - Moderate),0,Coordinate-Aligned (U=I),5,2026,100,60,60,0.9999999999999998,False,1,20,0.0,0.0015763922882167116,0.005711096268941996,0.009529566648983308,0.0,6.686892079278537e-05,0.0008776769092801924,0.0024436669465904923
PowerLaw (c=1.0 - Moderate),0,Coordinate-Aligned (U=I),6,2026,100,60,60,0.9999999999999998,False,1,20,0.0,0.012331438365584013,0.0006281964401936037,0.006696399270284063,0.0,0.004091882780794424,1.0619074140827659e-05,0.0012066418716901587
PowerLaw (c=1.0 - Moderate),0,Coordinate-Aligned (U=I),7,2026,100,60,60,0.9999999999999998,False,1,20,0.0,0.00011087500208744214,0.004802395128494291,0.009850467438728047,0.0,3.30798089709312e-07,0.0006205995988178059,0.0026110151419510693
PowerLaw (c=1.0 - Moderate),0,Coordinate-Aligned (U=I),8,2026,100,60,60,0.9999999999999998,False,1,20,0.0,5.9859004989964466e-05,0.002318169386384807,0.011461169946066021,0.0,9.641724054562294e-08,0.00014460591020445541,0.0035347085913181985
PowerLaw (c=1.0 - Moderate),0,Coordinate-Aligned (U=I),9,2026,100,60,60,0.9999999999999998,False,1,20,0.0,0.0003303183908282543,0.009383965315942702,0.00035848333707094433,0.0,2.9360349378695292e-06,0.0023695643033049803,3.4580690292052524e-06
PowerLaw (c=1.0 - Moderate),1,Haar-Random,0,2026,100,60,60,0.6570945235777443,False,1,20,0.021038909955633435,0.0008402415852196762,0.005973155256875432,8.806521523745982e-05,0.01191083423851286,1.8997832512261573e-05,0.0009600709245724258,2.086913808447036e-07
PowerLaw (c=1.0 - Moderate),1,Haar-Random,1,2026,100,60,60,0.6570945235777443,False,1,20,0.049277331075876465,0.006386214849266426,0.0019786499414950363,0.009608651906301564,0.06534164541767683,0.0010974449930680845,0.00010534978266492913,0.0024843949155239258
PowerLaw (c=1.0 - Moderate),1,Haar-Random,2,2026,100,60,60,0.6570945235777443,False,1,20,0.014676738861536823,0.015714543493210765,0.0001839576972871925,0.0028078833974482633,0.005796353249276218,0.006645065245753856,9.106083746589981e-07,0.00021215528199510395
PowerLaw (c=1.0 - Moderate),1,Haar-Random,3,2026,100,60,60,0.6570945235777443,False,1,20,0.01411817563099873,0.022240654003251512,0.0017267667631441972,0.007562035535563116,0.00536355664224753,0.013310391162612735,8.023485505575624e-05,0.0015387679731885843
PowerLaw (c=1.0 - Moderate),1,Haar-Random,4,2026,100,60,60,0.6570945235777443,False,1,20,0.018983355676774314,0.02227753414599719,0.006502407448279644,0.0025996210221750525,0.009697095676810768,0.013354571170071003,0.0011377427315295695,0.00018185104098714157
PowerLaw (c=1.0 - Moderate),1,Haar-Random,5,2026,100,60,60,0.6570945235777443,False,1,20,0.01025064785871466,0.001447152545031462,0.005113825293460801,0.002829376092255913,0.0028274721749400786,5.635394662783212e-05,0.0007036998924955312,0.00021541555981249386
PowerLaw (c=1.0 - Moderate),1,Haar-Random,6,2026,100,60,60,0.6570945235777443,False,1,20,0.03633933187935299,0.009745249409126388,0.0192288504856353,0.0028789610505049953,0.03553444914929535,0.002555533790560384,0.009949525193751902,0.00022303205685973119
PowerLaw (c=1.0 - Moderate),1,Haar-Random,7,2026,100,60,60,0.6570945235777443,False,1,20,0.010686091798984835,0.006868778254728854,0.019857754539966733,0.0007334485315471015,0.003072794467661351,0.0012695643051751906,0.010610992000492774,1.447554746421792e-05
PowerLaw (c=1.0 - Moderate),1,Haar-Random,8,2026,100,60,60,0.6570945235777443,False,1,20,0.06105860566693917,0.004627814922764894,0.0040185777402968635,0.012180033015596628,0.10032045101472402,0.0005762987468618931,0.00043455070559091357,0.00399201938857764
PowerLaw (c=1.0 - Moderate),1,Haar-Random,9,2026,100,60,60,0.6570945235777443,False,1,20,0.02445078468385666,6.260284421509581e-05,0.020349015939800343,0.009179785220914966,0.01608723156890519,1.0545904654008817e-07,0.0111424972313811,0.0022675702535452057
PowerLaw (c=1.0 - Moderate),2,Haar-Random,0,2026,100,60,60,0.65814102007928,False,1,20,0.02851470968013082,0.0036789334519585887,0.021534614203084022,0.014915651148824864,0.021879309880932507,0.00036419969255023954,0.012478716041925426,0.005986598681908852
PowerLaw (c=1.0 - Moderate),2,Haar-Random,1,2026,100,60,60,0.65814102007928,False,1,20,0.03470893820196655,0.0016875107436043245,0.001606838442268869,0.03231453835855083,0.0324174139876487,7.662823171481595e-05,6.947685283417696e-05,0.028099049084093046
PowerLaw (c=1.0 - Moderate),2,Haar-Random,2,2026,100,60,60,0.65814102007928,False,1,20,0.016595159495067645,0.0026968393622559383,0.0060631686119577135,0.026652863092109284,0.007410688735676423,0.00019570677828982132,0.0009892248155565593,0.01911540253159782
PowerLaw (c=1.0 - Moderate),2,Haar-Random,3,2026,100,60,60,0.65814102007928,False,1,20,0.013152342499847798,0.00882826924713999,0.016045533365846368,0.011397090994472382,0.004654809698132556,0.0020972338114307134,0.00692793854865573,0.003495294248053104
PowerLaw (c=1.0 - Moderate),2,Haar-Random,4,2026,100,60,60,0.65814102007928,False,1,20,0.0030879207241645557,0.001621567379548053,0.007166792569826427,0.01875679951947484,0.0002565830689289052,7.075639689553941e-05,0.001382118819104705,0.009467017587296053
PowerLaw (c=1.0 - Moderate),2,Haar-Random,5,2026,100,60,60,0.65814102007928,False,1,20,0.14138746907813382,0.0018872051893625771,0.013510419437069224,0.01582918511791625,0.5379198265466054,9.583716431132531e-05,0.004911717442503089,0.006742373811348851
PowerLaw (c=1.0 - Moderate),2,Haar-Random,6,2026,100,60,60,0.65814102007928,False,1,20,0.03365490134247256,0.004682035211107903,0.019737927196099195,0.012535894619344507,0.030478413334263894,0.0005898818883231305,0.010483318881415014,0.00422869513612305
PowerLaw (c=1.0 - Moderate),2,Haar-Random,7,2026,100,60,60,0.65814102007928,False,1,20,0.037851273541174554,0.007633115000960442,0.013870203627985628,0.0021440852492679826,0.0385528690826546,0.001567831269556355,0.005176799976698863,0.00012370287945406418
PowerLaw (c=1.0 - Moderate),2,Haar-Random,8,2026,100,60,60,0.65814102007928,False,4,20,0.022450964502600878,0.013153756031022085,0.008678849072527636,0.017989283155336457,0.013563310915228494,0.004655810291326077,0.0020268424090835483,0.008708100375453082
PowerLaw (c=1.0 - Moderate),2,Haar-Random,9,2026,100,60,60,0.65814102007928,False,1,20,0.059554769703383637,0.010762447570297932,0.0015574086597827778,0.0004703969838086769,0.09543964385738428,0.0031168636813720357,6.526808663179894e-05,5.954218498354707e-06
PowerLaw (c=1.0 - Moderate),3,Haar-Random,0,2026,100,60,60,0.6583767765332855,False,1,20,0.032244203145229425,0.0019533601262211996,0.019453866261085632,0.0005517454690992623,0.02797686248537474,0.00010267396824907406,0.010183746093695868,8.191685340188864e-06
PowerLaw (c=1.0 - Moderate),3,Haar-Random,1,2026,100,60,60,0.6583767765332855,False,1,20,0.016230789964690392,0.010378392072642906,0.0007091656871033561,0.00021830039861389124,0.0070888375893576275,0.0028983835595815387,1.3532908305626718e-05,1.2823446621135448e-06
PowerLaw (c=1.0 - Moderate),3,Haar-Random,2,2026,100,60,60,0.6583767765332855,False,6,20,0.005812924458264851,0.008287380342687589,0.02336643274920758,0.0025279307108497704,0.0009092536835832417,0.0018481203650448962,0.014691987227964427,0.0001719594482269008
PowerLaw (c=1.0 - Moderate),3,Haar-Random,3,2026,100,60,60,0.6583767765332855,False,1,20,0.0430839542560182,0.002450148631257924,0.010202125749932895,0.0008712578266096305,0.049949002901141515,0.00016154018342866869,0.00280076748196598,2.0426271295483864e-05
PowerLaw (c=1.0 - Moderate),3,Haar-Random,4,2026,100,60,60,0.6583767765332855,False,1,20,0.06155951370483299,0.007500063244846274,0.013406963617959752,0.0161346832009442,0.10197320556897763,0.0015136503377989015,0.004836782656850319,0.007005136400859503
PowerLaw (c=1.0 - Moderate),3,Haar-Random,5,2026,100,60,60,0.6583767765332855,False,1,20,0.0046225054534588745,0.005466784557285388,0.0031630361291625133,0.01346979439627397,0.0005749771359986181,0.000804191778344597,0.00026921795194687027,0.0048822233588036255
PowerLaw (c=1.0 - Moderate),3,Haar-Random,6,2026,100,60,60,0.6583767765332855,False,1,20,0.02224148545922425,0.007103690456625873,0.0023496276073024583,0.004874081940784825,0.013311386386143239,0.001357887431332267,0.00014855722680285667,0.0006392656413749227
PowerLaw (c=1.0 - Moderate),3,Haar-Random,7,2026,100,60,60,0.6583767765332855,False,1,20,0.013260001321002851,0.0036075966526857867,0.0048199315081510685,0.016423382513093707,0.0047313257006871895,0.00035021251479784685,0.000625140224961618,0.007258066232786668
PowerLaw (c=1.0 - Moderate),3,Haar-Random,8,2026,100,60,60,0.6583767765332855,False,1,20,0.008058423907301538,0.0031855878413112678,0.0017700327923414966,0.019567809888709202,0.0017474144779188812,0.0002730705600608889,8.430597115980714e-05,0.01030339030003734
PowerLaw (c=1.0 - Moderate),3,Haar-Random,9,2026,100,60,60,0.6583767765332855,False,1,20,0.0343415182438422,0.00943280307300333,0.0042904253466186796,0.022007681209039464,0.031734721682219046,0.002394292728542891,0.0004953320279701049,0.013032996656822208
PowerLaw (c=1.0 - Moderate),4,Haar-Random,0,2026,100,60,60,0.658030530364273,False,1,20,0.03711535415295512,0.00202795492854864,0.019137292739572154,0.001782081219823023,0.03706832215457862,0.00011066551463197423,0.009855001878054062,8.545760117584603e-05
PowerLaw (c=1.0 - Moderate),4,Haar-Random,1,2026,100,60,60,0.658030530364273,False,1,20,0.01672065731249482,0.005534688819166104,0.015120357439109663,0.0009838162510998952,0.007523196462289012,0.0008242939786341815,0.0061520495761240804,2.6044960024478174e-05
PowerLaw (c=1.0 - Moderate),4,Haar-Random,2,2026,100,60,60,0.658030530364273,False,1,20,0.007171200647577402,0.028945579863630538,0.010912866533865037,0.004402950057338645,0.0013838195410968098,0.022545518063680867,0.003204596827297858,0.0005216548259127516
PowerLaw (c=1.0 - Moderate),4,Haar-Random,3,2026,100,60,60,0.658030530364273,False,1,20,0.07360079504185359,0.0071178870559539765,0.010798226509984727,0.023096471497100323,0.1457675056232369,0.001363320282515139,0.003137621681562721,0.014354464130967963
PowerLaw (c=1.0 - Moderate),4,Haar-Random,4,2026,100,60,60,0.658030530364273,False,1,20,0.055575075240007606,0.0059673040498138515,0.003970064509870089,0.012518995882360679,0.08311048746530701,0.0009581909056914698,0.0004241220367109718,0.004217302021505707
PowerLaw (c=1.0 - Moderate),4,Haar-Random,5,2026,100,60,60,0.658030530364273,False,1,20,0.0019884773141618877,0.004812632378602607,0.0024132311457361042,0.0036440372501522454,0.00010639886426040809,0.0006232482792047636,0.00015670886114840292,0.00035732329198594307
PowerLaw (c=1.0 - Moderate),4,Haar-Random,6,2026,100,60,60,0.658030530364273,False,1,20,0.029743493895951177,0.0017141386348554894,0.007843310085405607,0.017581237213355933,0.02380562983665144,7.906560492083043e-05,0.001655367716787047,0.008317533872945003
PowerLaw (c=1.0 - Moderate),4,Haar-Random,7,2026,100,60,60,0.658030530364273,False,1,20,0.00033660737143856355,0.012585551854158042,0.00949964554992768,0.00014655890725989105,3.048898423958261e-06,0.004262262936591814,0.0024283457014326023,5.779897641362555e-07
PowerLaw (c=1.0 - Moderate),4,Haar-Random,8,2026,100,60,60,0.658030530364273,False,1,20,0.04959747946730374,0.02559650325607484,0.005794934069754878,0.011044409872708133,0.06619343573570376,0.017630189950915195,0.0009036343041250018,0.0032823186614314315
PowerLaw (c=1.0 - Moderate),4,Haar-Random,9,2026,100,60,60,0.658030530364273,False,1,20,0.019723034831204238,0.012176186229340344,0.009645287118523636,0.0003289391519056614,0.010467505416166213,0.003989498209807887,0.002503375693742987,2.91156739697544e-06
PowerLaw (c=1.0 - Moderate),5,Haar-Random,0,2026,100,60,60,0.6570243193955552,False,1,20,0.01221249135980254,0.005155227597151049,0.00750159962515144,0.008748795577868982,0.004013324255215124,0.0007151405400887646,0.0015142705407717263,0.002059644416932036
PowerLaw (c=1.0 - Moderate),5,Haar-Random,1,2026,100,60,60,0.6570243193955552,False,1,20,0.056589650661084005,0.011981556119318957,0.00832105161246952,0.00426449243820307,0.08617270717351466,0.0038629773647238966,0.0018631685401743778,0.0004893621867906359
PowerLaw (c=1.0 - Moderate),5,Haar-Random,2,2026,100,60,60,0.6570243193955552,False,1,20,0.08862053707240147,0.005853408294127003,0.0085607032780426,0.0027670787212903214,0.21133161223965446,0.0009219626937082225,0.0019720349128652757,0.00020603392698746663
PowerLaw (c=1.0 - Moderate),5,Haar-Random,3,2026,100,60,60,0.6570243193955552,False,1,20,0.04429341464232822,0.015150405113204351,0.005166837897238223,0.004406392703442118,0.05279271956176522,0.006176524983691407,0.0007183653622243455,0.0005224709037799682
PowerLaw (c=1.0 - Moderate),5,Haar-Random,4,2026,100,60,60,0.6570243193955552,False,1,20,0.06527785946445772,0.004507477281674179,0.00996740338255459,0.014155997591741222,0.11466411431338025,0.0005467172839052169,0.0026733743698668477,0.0053923325918900245
PowerLaw (c=1.0 - Moderate),5,Haar-Random,5,2026,100,60,60,0.6570243193955552,False,1,20,0.03707160714087092,0.021017472317249604,0.01763172187876538,0.00026965663033029274,0.03698099049972793,0.011886573469478983,0.008365370187761463,1.9566714909772973e-06
PowerLaw (c=1.0 - Moderate),5,Haar-Random,6,2026,100,60,60,0.6570243193955552,False,1,20,0.0015831696016124204,0.019885262477731258,0.0005010080349390221,0.007307497942736014,6.744512993739475e-05,0.010640410097564229,6.7543738174382534e-06,0.0014369217363764386
PowerLaw (c=1.0 - Moderate),5,Haar-Random,7,2026,100,60,60,0.6570243193955552,False,1,20,0.038282737514512145,0.02014724149785871,0.0008111793575871816,0.002375878307417168,0.039436801293972375,0.010922621774753451,1.770636823182333e-05,0.00015189521589112045
PowerLaw (c=1.0 - Moderate),5,Haar-Random,8,2026,100,60,60,0.6570243193955552,False,1,20,0.02622085813680096,0.009717216613798828,0.010943326899571284,0.007506326860065753,0.018500757583739924,0.0025408526436531804,0.0032225113544541444,0.001516179618403649
PowerLaw (c=1.0 - Moderate),5,Haar-Random,9,2026,100,60,60,0.6570243193955552,False,1,20,0.003165623867404256,0.013142740320750308,0.0013364883698730775,0.016443559191681913,0.0002696586364908626,0.004648015471083707,4.806468258869173e-05,0.007275910745014802
PowerLaw (c=1.0 - Moderate),6,Haar-Random,0,2026,100,60,60,0.6571185093511932,False,1,20,0.07484385835772892,0.018478514138671527,0.00020873324568686623,0.013437051417330953,0.15073289740468676,0.009188186546695619,1.1724085131520135e-06,0.004858516353886815
PowerLaw (c=1.0 - Moderate),6,Haar-Random,1,2026,100,60,60,0.6571185093511932,False,1,20,0.024087268660742213,0.008603137692327496,0.0076148258621933545,0.01055073513180142,0.015612441502488264,0.001991633664300618,0.001560327142737831,0.002995443635360758
PowerLaw (c=1.0 - Moderate),6,Haar-Random,2,2026,100,60,60,0.6571185093511932,False,1,20,0.04310092083916286,0.0030424486925168864,0.006338004449503431,0.009948102434924798,0.0499883507647346,0.00024908193852864294,0.0010809380144383217,0.0026630309135558076
PowerLaw (c=1.0 - Moderate),6,Haar-Random,3,2026,100,60,60,0.6571185093511932,False,1,20,0.03602450969179826,0.020330489963549813,0.00026733980379560506,0.0047991304769755385,0.03492141783778068,0.011122217953644799,1.92319340416168e-06,0.0006197561227102939
PowerLaw (c=1.0 - Moderate),6,Haar-Random,4,2026,100,60,60,0.6571185093511932,False,1,20,0.11185422612315293,0.01732714773548554,0.013969441691453569,0.010538463024554086,0.33666696644431526,0.008078856005867066,0.005251142567122894,0.0029884793762602487
PowerLaw (c=1.0 - Moderate),6,Haar-Random,5,2026,100,60,60,0.6571185093511932,False,1,20,0.06746661416724295,0.0062459595944443416,0.0011707395625460413,0.006864037530899982,0.12248235890086082,0.0010497697444072456,3.688215597430795e-05,0.0012678124428962996
PowerLaw (c=1.0 - Moderate),6,Haar-Random,6,2026,100,60,60,0.6571185093511932,False,1,20,0.016707456552444763,0.007272468908730935,0.0020578927847385037,0.0029938337253671552,0.007511322203201406,0.0014231787723897379,0.00011395705044287189,0.00024118542728090322
PowerLaw (c=1.0 - Moderate),6,Haar-Random,7,2026,100,60,60,0.6571185093511932,False,1,20,0.04419939815143097,0.0007595039150302354,0.013245718911567634,0.0011332063868019968,0.052568843453942894,1.5522288270801606e-05,0.004721138923678003,3.455522602388196e-05
PowerLaw (c=1.0 - Moderate),6,Haar-Random,8,2026,100,60,60,0.6571185093511932,False,1,20,0.0192861990747761,0.004364262493347264,0.0026288639767469983,0.03345118719625567,0.010008961102878255,0.0005125278137086456,0.00018596531134552693,0.03011055650382448
PowerLaw (c=1.0 - Moderate),6,Haar-Random,9,2026,100,60,60,0.6571185093511932,False,1,20,0.015538453827853564,0.005016527406752173,0.01771984850810499,0.0025245219151220914,0.006496976773171431,0.0006771768290249265,0.00844920252631942,0.00017149600244061592
PowerLaw (c=1.0 - Moderate),7,Haar-Random,0,2026,100,60,60,0.658776944794544,False,1,20,0.011299196369968558,0.0063416116341100505,0.0013806847403830336,0.023943266126991262,0.0034355068879954333,0.001082168765400458,5.129614884055101e-05,0.0154263256924744
PowerLaw (c=1.0 - Moderate),7,Haar-Random,1,2026,100,60,60,0.658776944794544,False,1,20,0.07794109181749254,0.026943410146630903,0.0028448700319948553,0.007066902644450889,0.16346646887243377,0.019534434136678748,0.00021778129289493634,0.0013438596916118225
PowerLaw (c=1.0 - Moderate),7,Haar-Random,2,2026,100,60,60,0.658776944794544,False,1,20,0.014310268427495344,0.003977058906558875,0.0026034998878515766,0.0034339970814862763,0.005510503356813495,0.00042561777609181754,0.00018239412168757926,0.00031731861813226025
PowerLaw (c=1.0 - Moderate),7,Haar-Random,3,2026,100,60,60,0.658776944794544,False,1,20,0.008645538674727218,0.001676893453122919,0.0003554574591632289,0.017106613251448168,0.0020113137689551593,7.566702327278914e-05,3.3999378261917285e-06,0.007874514457723388
PowerLaw (c=1.0 - Moderate),7,Haar-Random,4,2026,100,60,60,0.658776944794544,False,1,20,0.023614477290492597,0.005063669041875846,0.0050154531043619804,0.0012257043267843632,0.015005566111732588,0.0006899638491578797,0.0006768868217231422,4.042659365763768e-05
PowerLaw (c=1.0 - Moderate),7,Haar-Random,5,2026,100,60,60,0.658776944794544,False,1,20,0.04479184336581821,0.0033238172570845327,0.013240004160135392,0.008395755707627071,0.053987545425479205,0.0002972829401613791,0.00471706601296136,0.001896772732176328
PowerLaw (c=1.0 - Moderate),7,Haar-Random,6,2026,100,60,60,0.658776944794544,False,1,20,0.06699947892543218,0.00754630021192551,0.005656936529137776,0.0011286024448900226,0.1207921081781901,0.0015323708013304457,0.0008611093856751413,3.4275017435725775e-05
PowerLaw (c=1.0 - Moderate),7,Haar-Random,7,2026,100,60,60,0.658776944794544,False,1,20,0.0486421301557315,0.011493357154145529,0.006335484926907812,0.012002607164842315,0.06366795224454617,0.003554590009877601,0.0010800787829711726,0.003876563438027841
PowerLaw (c=1.0 - Moderate),7,Haar-Random,8,2026,100,60,60,0.658776944794544,False,1,20,0.003263091017173658,0.010412151800247233,0.007951889044601356,0.003075265337297989,0.0002865194351430235,0.0029172704515045473,0.0017015171626522168,0.0002544842430253199
PowerLaw (c=1.0 - Moderate),7,Haar-Random,9,2026,100,60,60,0.658776944794544,False,1,20,0.04621753592771794,0.008803600115856288,0.020306479684458725,0.007325906930973096,0.05747901086164391,0.0020855294445507946,0.011095962819974237,0.0014441706182034295
PowerLaw (c=1.0 - Moderate),8,Haar-Random,0,2026,100,60,60,0.6582426609723511,False,1,20,0.01860633272728039,0.0051662154920267345,0.014241728983381035,0.01586221427219247,0.0093157382371167,0.0007181923018636168,0.005457844335388982,0.006770540421388721
PowerLaw (c=1.0 - Moderate),8,Haar-Random,1,2026,100,60,60,0.6582426609723511,False,1,20,0.019846735113772957,0.016827116562658766,0.00375599522052535,0.0003503254049416088,0.010599218806248261,0.007619300762533965,0.0003796171049392099,3.3024707233988436e-06
PowerLaw (c=1.0 - Moderate),8,Haar-Random,2,2026,100,60,60,0.6582426609723511,False,1,20,0.09764355001763893,0.005227811640477545,0.01675509929992608,0.0005730310237717039,0.25655638772814504,0.000735420232481196,0.007554221642760746,8.835924194808867e-06
PowerLaw (c=1.0 - Moderate),8,Haar-Random,3,2026,100,60,60,0.6582426609723511,False,1,20,0.01900042021999774,0.016189624442389108,0.017852385644324134,0.006037362756750904,0.00971453736481561,0.0070529249021634,0.008576068289290468,0.000980822124251056
PowerLaw (c=1.0 - Moderate),8,Haar-Random,4,2026,100,60,60,0.6582426609723511,False,1,20,0.013941910985092912,0.02097273975491855,0.011683221820354925,0.0070991944177084335,0.005230465261374994,0.01183602970850993,0.0036730002310877852,0.001356169118080353
PowerLaw (c=1.0 - Moderate),8,Haar-Random,5,2026,100,60,60,0.6582426609723511,False,1,20,0.1137688413805882,0.004334792797974775,0.007978511650354729,0.003134209553940764,0.34829110360429444,0.0005056294919278412,0.0017129294571817627,0.00026433323506822796
PowerLaw (c=1.0 - Moderate),8,Haar-Random,6,2026,100,60,60,0.6582426609723511,False,1,20,0.049066979872469045,0.0041228498584577325,0.0022712560036304776,0.0009193291260852965,0.06478498549670225,0.0004573943016386378,0.00013881227996393903,2.2742476263401533e-05
PowerLaw (c=1.0 - Moderate),8,Haar-Random,7,2026,100,60,60,0.6582426609723511,False,1,20,0.049449348277362554,0.008081841054005504,0.018962995152653178,0.0015470209082616487,0.06579863060035979,0.0017575849320977579,0.009676305667589997,6.440032773564322e-05
PowerLaw (c=1.0 - Moderate),8,Haar-Random,8,2026,100,60,60,0.6582426609723511,False,1,20,0.004593667576385367,0.011378344743150063,0.0002318857656023592,0.012347154728587028,0.0005678254305868377,0.0034838053906102577,1.4469179058333384e-06,0.004102319599977328
PowerLaw (c=1.0 - Moderate),8,Haar-Random,9,2026,100,60,60,0.6582426609723511,False,1,20,0.006320459095753443,0.01147580463680249,0.003619345743091629,0.0006062755061893182,0.0010749616257507272,0.0035437412457088643,0.00035249734825486067,9.890898762002686e-06
PowerLaw (c=1.0 - Moderate),9,Haar-Random,0,2026,100,60,60,0.6569351059510342,False,1,20,0.05713437928886743,0.0136657686412669,0.003572064522899944,0.011970950999900325,0.087839678585248,0.005025321353584666,0.00034334782526935137,0.003856141991197353
PowerLaw (c=1.0 - Moderate),9,Haar-Random,1,2026,100,60,60,0.6569351059510342,False,1,20,0.005728570448602393,0.0023582351348425045,0.011561307447318989,0.007020151715702149,0.0008830559629737483,0.00014964765713670544,0.003596744695445269,0.001326137960438112
PowerLaw (c=1.0 - Moderate),9,Haar-Random,2,2026,100,60,60,0.6569351059510342,False,1,20,0.008892947579459728,0.010120667391727168,0.005099086125883908,0.01079200189459066,0.0021280762042165187,0.0027562208616691737,0.0006996493029954251,0.003134005373079666
PowerLaw (c=1.0 - Moderate),9,Haar-Random,3,2026,100,60,60,0.6569351059510342,False,2,20,0.011511168609410023,0.011044497326922916,0.011098023639992459,0.0017381615193237006,0.003565615766455792,0.0032823706431563066,0.0033142632563335976,8.129727202217268e-05
PowerLaw (c=1.0 - Moderate),9,Haar-Random,4,2026,100,60,60,0.6569351059510342,False,1,20,0.13564087772517902,0.0008589358943277638,0.013753365392998906,0.02345011230318296,0.4950817230010829,1.9852591889015274e-05,0.0050899518434078025,0.014797405144403053
PowerLaw (c=1.0 - Moderate),9,Haar-Random,5,2026,100,60,60,0.6569351059510342,False,1,20,0.008891730511642442,0.006212161524503542,0.003087407702223533,0.0035015434278830417,0.002127493757101835,0.001038439476994544,0.0002564978194544583,0.0003299246350747035
PowerLaw (c=1.0 - Moderate),9,Haar-Random,6,2026,100,60,60,0.6569351059510342,False,1,20,0.0494713056769576,0.013311004336095503,0.0022290077492235806,0.008388197439167262,0.06585707778484537,0.004767792660072253,0.0001336961396317554,0.00189335913490404
PowerLaw (c=1.0 - Moderate),9,Haar-Random,7,2026,100,60,60,0.6569351059510342,False,1,20,0.042479203086794606,0.008765139884249392,0.007691332204340758,0.004561699162127823,0.04855661824247382,0.0020673471695567235,0.0015918379364974694,0.0005599496691809958
PowerLaw (c=1.0 - Moderate),9,Haar-Random,8,2026,100,60,60,0.6569351059510342,False,1,20,0.02233129682299171,0.00927421394509679,0.004439149986292621,0.019194586966079615,0.013419106485689676,0.0023144613436929633,0.0005302679132991219,0.009914099048585964
PowerLaw (c=1.0 - Moderate),9,Haar-Random,9,2026,100,60,60,0.6569351059510342,False,1,20,0.00988649326945587,0.0015593837787459973,0.00031263786710055205,0.0006521862922778522,0.0026301484468174907,6.543373869567868e-05,2.6301400183675646e-06,1.1445612644448339e-05
PowerLaw (c=1.0 - Moderate),10,Haar-Random,0,2026,100,60,60,0.6568847249566191,False,1,20,0.03334181085065809,0.01115178517398728,0.0017395705702947556,0.0037531360252140793,0.029913971648450645,0.0033464512306816438,8.142913368168242e-05,0.00037903936920699935
PowerLaw (c=1.0 - Moderate),10,Haar-Random,1,2026,100,60,60,0.6568847249566191,False,1,20,0.08703164627012502,0.0031498859882162474,0.007483274692881181,0.017938329086435563,0.20382155383753153,0.0002669840888686195,0.0015068814467317873,0.008658839408125353
PowerLaw (c=1.0 - Moderate),10,Haar-Random,2,2026,100,60,60,0.6568847249566191,False,1,20,0.021675378294113968,0.009244229142899279,0.013580275099058056,0.018837462177657673,0.012642387059325477,0.002299519596973391,0.004962640850759414,0.00954861752006631
PowerLaw (c=1.0 - Moderate),10,Haar-Random,3,2026,100,60,60,0.6568847249566191,False,1,20,0.04849402176499102,0.022941480373409165,0.020784301446375896,0.020180468997087597,0.06328082274259184,0.014162456480922014,0.011624293746599977,0.010958679384515673
PowerLaw (c=1.0 - Moderate),10,Haar-Random,4,2026,100,60,60,0.6568847249566191,False,1,20,0.012909064399586322,0.014118021550411357,0.015595192199102565,0.005032472465149486,0.004484202801308171,0.005363439571108903,0.00654451057584209,0.0006814884906024741
PowerLaw (c=1.0 - Moderate),10,Haar-Random,5,2026,100,60,60,0.6568847249566191,False,1,20,0.033198441200298016,0.002885340001036422,0.014015250718218046,0.016690839947134016,0.02965726484512833,0.00022402150172643945,0.005285638453901214,0.007496388678276924
PowerLaw (c=1.0 - Moderate),10,Haar-Random,6,2026,100,60,60,0.6568847249566191,False,1,20,0.07957584733576428,0.01162364449859092,0.023158718274828714,0.016730773942195593,0.1703955522463729,0.003635635610886866,0.014431941176748628,0.007532302852771398
PowerLaw (c=1.0 - Moderate),10,Haar-Random,7,2026,100,60,60,0.6568847249566191,False,1,20,0.0898535160449386,0.0055053235136254255,0.0020871742388416928,0.010789153606632957,0.21725304043822966,0.0008155702972906419,0.0001172230784749509,0.0031323513015038443
PowerLaw (c=1.0 - Moderate),10,Haar-Random,8,2026,100,60,60,0.6568847249566191,False,1,20,0.025789608800485298,0.0002264492522457098,0.001225331299786222,0.0013643685929436245,0.017897205291899542,1.379867839805018e-06,4.0401990797362586e-05,5.009093497690186e-05
PowerLaw (c=1.0 - Moderate),10,Haar-Random,9,2026,100,60,60,0.6568847249566191,False,1,20,0.05630042604539435,0.0018678001449251025,0.01127585138295245,0.00829211050654996,0.08529411621090106,9.38764202387308e-05,0.0034213255233145564,0.001850230659637467
PowerLaw (c=1.0 - Moderate),11,Haar-Random,0,2026,100,60,60,0.6576788649715177,False,2,20,0.030069166258081134,0.0049620483337951184,0.024135470681124115,0.00845595095821632,0.024329796905990284,0.0006625485250017113,0.015674989416464738,0.001924068909354206
PowerLaw (c=1.0 - Moderate),11,Haar-Random,1,2026,100,60,60,0.6576788649715177,False,1,20,0.0029971100719188384,0.01746344240935501,0.011564954160736721,0.0055563834924721375,0.00024171360586591642,0.008206451809432462,0.003599014052228319,0.0008307687190629087
PowerLaw (c=1.0 - Moderate),11,Haar-Random,2,2026,100,60,60,0.6576788649715177,False,1,20,0.03497717739923584,0.006902372032528542,0.010556072811532674,0.008769183984832004,0.032920409613868315,0.00128201302733338,0.0029984752275622134,0.002069255293949512
PowerLaw (c=1.0 - Moderate),11,Haar-Random,3,2026,100,60,60,0.6576788649715177,False,1,20,0.028281090680599953,0.015481483509540463,0.00037969781346495416,0.0009712046404729994,0.02152226723308709,0.006449422968115707,3.879465582764235e-06,2.5381495559088553e-05
PowerLaw (c=1.0 - Moderate),11,Haar-Random,4,2026,100,60,60,0.6576788649715177,False,1,20,0.011424550212955058,0.011363361587252848,0.015269096156723236,0.009020175147536079,0.0035121570895085942,0.0034746363888464842,0.006273680116215188,0.00218940271248594
PowerLaw (c=1.0 - Moderate),11,Haar-Random,5,2026,100,60,60,0.6576788649715177,False,1,20,0.10744641454574812,0.011279519103134513,0.009665312078712792,0.0051956355210086595,0.3106558716035631,0.0034235516089692773,0.0025137811977825396,0.0007263953668218297
PowerLaw (c=1.0 - Moderate),11,Haar-Random,6,2026,100,60,60,0.6576788649715177,False,1,20,0.004594668952096408,0.001778514375240438,0.0007309254156551084,0.010883241895810542,0.0005680730186241749,8.511585587822009e-05,1.4376124912877003e-05,0.0031872217108627485
PowerLaw (c=1.0 - Moderate),11,Haar-Random,7,2026,100,60,60,0.6576788649715177,False,1,20,0.06441335640637152,0.006371501905592408,0.0011575373247631705,0.007111018251944595,0.11164713170532686,0.0010923940992462304,3.60550181364156e-05,0.0013606903274716036
PowerLaw (c=1.0 - Moderate),11,Haar-Random,8,2026,100,60,60,0.6576788649715177,False,1,20,0.0022463831295582294,0.003333119968633401,0.016423178991810533,0.0037238466653576052,0.00013578861812552545,0.0002989493419666081,0.007257886347577368,0.0003731464299291307
PowerLaw (c=1.0 - Moderate),11,Haar-Random,9,2026,100,60,60,0.6576788649715177,False,1,20,0.0006244318645261264,0.015436168891463833,0.016293055550556514,0.010933699290612955,1.0492182222611987e-05,0.006411723038004305,0.0071433312119021045,0.0032168437120626532
PowerLaw (c=1.0 - Moderate),12,Haar-Random,0,2026,100,60,60,0.6558286550945917,False,1,20,0.006780967959913645,0.010399410978993108,3.925066030449478e-05,0.015993928674177475,0.0012373116314706816,0.0029101353882571832,4.145621473857909e-08,0.0068834477590131084
PowerLaw (c=1.0 - Moderate),12,Haar-Random,1,2026,100,60,60,0.6558286550945917,False,1,20,0.004785308670271934,0.039710605775442026,0.0066617512899436685,0.010405046855203237,0.0006161913878734384,0.042433488325053705,0.0011941875531511624,0.0029132904913826345
PowerLaw (c=1.0 - Moderate),12,Haar-Random,2,2026,100,60,60,0.6558286550945917,False,1,20,0.023546805521399556,0.001843395750087528,0.008422335387430358,0.0014999284658993603,0.014919686741585836,9.14392962031501e-05,0.0019088015280826092,6.0539217827577804e-05
PowerLaw (c=1.0 - Moderate),12,Haar-Random,3,2026,100,60,60,0.6558286550945917,False,1,20,0.041468708880802785,0.015245763497304792,0.025780345085689996,0.028194416087454304,0.04627396765893967,0.00625452118273544,0.01788435012765508,0.02139054846530618
PowerLaw (c=1.0 - Moderate),12,Haar-Random,4,2026,100,60,60,0.6558286550945917,False,1,20,0.0008462320403743817,0.013851223262377282,0.01109458929956263,0.01626216074236259,1.9269686110683067e-05,0.005162641521681142,0.0033122123421332667,0.007116266600282799
PowerLaw (c=1.0 - Moderate),12,Haar-Random,5,2026,100,60,60,0.6558286550945917,False,1,20,0.023236276943052598,0.0004940811994558101,0.005005449362372498,0.008652375985438582,0.014528768335495962,6.5688957288808834e-06,0.0006741892995188555,0.0020144963155977196
PowerLaw (c=1.0 - Moderate),12,Haar-Random,6,2026,100,60,60,0.6558286550945917,False,1,20,0.07501273279039856,0.0007012572300135143,0.005175484977295017,0.006590971615433958,0.15141387913907006,1.3232759354962253e-05,0.0007207718479085774,0.00116894638850815
PowerLaw (c=1.0 - Moderate),12,Haar-Random,7,2026,100,60,60,0.6558286550945917,False,1,20,0.059432350168118965,0.0006944123326032708,0.00405242514917535,0.01666553332215738,0.09504767966897534,1.2975692986950428e-05,0.0004419017431449172,0.007473673886229114
PowerLaw (c=1.0 - Moderate),12,Haar-Random,8,2026,100,60,60,0.6558286550945917,False,1,20,0.043333281869097746,0.01674897977378621,0.02210059441770621,0.0020590363304604687,0.05052878721655965,0.007548704538513938,0.013143275765913114,0.00011408373469555718
PowerLaw (c=1.0 - Moderate),12,Haar-Random,9,2026,100,60,60,0.6558286550945917,False,1,20,0.022457869740312143,0.002200382495494459,0.017512251757937098,0.004681333470450728,0.013571655526808743,0.0001302842969285905,0.008252389067075386,0.0005897050792798593
PowerLaw (c=1.0 - Moderate),13,Haar-Random,0,2026,100,60,60,0.6579380390835006,False,1,20,0.010809146012634772,0.00139936364776388,0.006988141890523316,0.0013791130435863114,0.003143970611410644,5.269348061469662e-05,0.0013140719346577156,5.11794297915123e-05
PowerLaw (c=1.0 - Moderate),13,Haar-Random,1,2026,100,60,60,0.6579380390835006,False,1,20,0.10482041884047842,0.010504452448691514,0.013169668186326276,0.009035115987303187,0.29565654148772946,0.0029692211800575676,0.0046670814120767165,0.0021966616860492854
PowerLaw (c=1.0 - Moderate),13,Haar-Random,2,2026,100,60,60,0.6579380390835006,False,1,20,0.00321614637918717,0.012788201181413505,0.001712437528392861,0.011068307463618695,0.00027833468176506615,0.004400627725787764,7.890875381142246e-05,0.0032965384109955626
PowerLaw (c=1.0 - Moderate),13,Haar-Random,3,2026,100,60,60,0.6579380390835006,False,1,20,0.026659518500144738,0.003320778249732604,0.008765382761089409,0.0038928554370669115,0.019124950225377385,0.0002967395697198637,0.002067461741077769,0.00040778595481031493
PowerLaw (c=1.0 - Moderate),13,Haar-Random,4,2026,100,60,60,0.6579380390835006,False,1,20,0.05877762858522619,0.00248844106545238,0.002288590255473951,0.002580421391558519,0.09296507658178288,0.00016662893947729887,0.00014093919926830067,0.00017917482044478117
PowerLaw (c=1.0 - Moderate),13,Haar-Random,5,2026,100,60,60,0.6579380390835006,False,1,20,0.015272114555074857,0.010666447088060938,0.0030027228315655102,0.00024898358217160686,0.006276160726358631,0.0030615071466948917,0.0002426197792691924,1.6681578086291217e-06
PowerLaw (c=1.0 - Moderate),13,Haar-Random,6,2026,100,60,60,0.6579380390835006,False,1,20,0.04081683029477055,0.0042094185667120665,0.01568104386780089,0.01385478371141967,0.0448305701715668,0.0004768040497964644,0.006616764083309785,0.005165295970919018
PowerLaw (c=1.0 - Moderate),13,Haar-Random,7,2026,100,60,60,0.6579380390835006,False,1,20,0.0410975461130951,0.02763958351949289,0.009190000582922195,0.025950560007971517,0.04544933087730887,0.020556950980166976,0.0022726198138692034,0.01812129287441336
PowerLaw (c=1.0 - Moderate),13,Haar-Random,8,2026,100,60,60,0.6579380390835006,False,1,20,0.04196072912000497,0.009849194423648724,0.00402481700347652,0.006969594077029612,0.04737854974793299,0.0026103403218187687,0.0004359011241532539,0.0013071056148213273
PowerLaw (c=1.0 - Moderate),13,Haar-Random,9,2026,100,60,60,0.6579380390835006,False,1,20,0.0034808992713451867,0.008742215834391111,0.006424787436822589,0.0064564124162720385,0.0003260458096395418,0.002056547571024675,0.0011107421132223168,0.0011217039235012982
PowerLaw (c=1.0 - Moderate),14,Haar-Random,0,2026,100,60,60,0.6574006596623871,False,1,20,0.03922431396894691,0.020526066394881724,0.004225856938544904,0.007302083387364579,0.04140057986422111,0.011337235542279459,0.0004805352949335632,0.0014347931254815188
PowerLaw (c=1.0 - Moderate),14,Haar-Random,1,2026,100,60,60,0.6574006596623871,False,1,20,0.00977279264922727,0.010283388704501004,0.01221980412414343,0.010235972655976667,0.0025699997415163977,0.0028455630650728305,0.004018132001724102,0.0028193821447282928
PowerLaw (c=1.0 - Moderate),14,Haar-Random,2,2026,100,60,60,0.6574006596623871,False,1,20,0.014970463301712216,0.0050126758249992515,0.011554801133532883,0.00434636752328492,0.006030678726644834,0.0006761373846259897,0.003592697581413853,0.0005083333518019905
PowerLaw (c=1.0 - Moderate),14,Haar-Random,3,2026,100,60,60,0.6574006596623871,False,1,20,0.08094146716176685,0.0017868759759741945,0.012110282107838665,0.004434769302665153,0.1762941313691195,8.59180735448694e-05,0.0039464284299642735,0.0005292218617791683
PowerLaw (c=1.0 - Moderate),14,Haar-Random,4,2026,100,60,60,0.6574006596623871,False,1,20,0.02907550741934753,0.006182068910949017,0.0175151788798846,0.001366914341055515,0.022748371721004322,0.0010284031411582403,0.008255148023293362,5.027803671947767e-05
PowerLaw (c=1.0 - Moderate),14,Haar-Random,5,2026,100,60,60,0.6574006596623871,False,1,20,0.012896837824983153,0.0021498811031959554,0.005946747546536649,0.013169498998025435,0.004475712569254146,0.00012437256631664577,0.0009516006171556356,0.0046669614985768776
PowerLaw (c=1.0 - Moderate),14,Haar-Random,6,2026,100,60,60,0.6574006596623871,False,1,20,0.07219378808415111,0.005945375804504548,0.0071290040855984125,0.0015629121762515273,0.1402475784952244,0.0009511616545123183,0.001367582195520188,6.57301858485644e-05
PowerLaw (c=1.0 - Moderate),14,Haar-Random,7,2026,100,60,60,0.6574006596623871,False,1,20,0.0014429915912869266,0.0054893717202608265,0.0045974118466319824,0.011785056911594878,5.6030346934667745e-05,0.0008108508795401847,0.0005687514698841378,0.0037373096233478177
PowerLaw (c=1.0 - Moderate),14,Haar-Random,8,2026,100,60,60,0.6574006596623871,False,1,20,0.010325355196152526,0.014116274664377943,0.009423846796607462,0.006604398486346842,0.002868835932604856,0.005362112368428192,0.002389748211507416,0.0011737139038605535
PowerLaw (c=1.0 - Moderate),14,Haar-Random,9,2026,100,60,60,0.6574006596623871,False,1,20,0.04488536612684839,0.024464349377699444,0.0031444796743527056,0.013129117967363654,0.05421322648728804,0.016105086120808083,0.00026606839789112456,0.004638385197032088
PowerLaw (c=1.0 - Moderate),15,Haar-Random,0,2026,100,60,60,0.6581422487814207,False,1,20,0.013139966354541842,0.022472304782247664,0.0029008445988935923,0.02126847167366437,0.004646053615813812,0.013589107794521549,0.00022643556418538874,0.012172177511178606
PowerLaw (c=1.0 - Moderate),15,Haar-Random,1,2026,100,60,60,0.6581422487814207,False,1,20,0.05947538169182596,0.004047887287744083,0.01440385320096673,0.009675525262400527,0.0951853665399243,0.00044091262376451797,0.0055828130368779285,0.0025190965509583963
PowerLaw (c=1.0 - Moderate),15,Haar-Random,2,2026,100,60,60,0.6581422487814207,False,1,20,0.009887090554774155,0.0010604963011002736,0.020359417894742146,0.002795413533774231,0.002630466253437745,3.0263142795779004e-05,0.01115389172614849,0.0002102750949593477
PowerLaw (c=1.0 - Moderate),15,Haar-Random,3,2026,100,60,60,0.6581422487814207,False,1,20,0.031239465358446926,0.012952483253094586,0.00812171469678774,0.010906967966103688,0.02626049427620737,0.004514418217007973,0.0017749706229333074,0.003201133498405433
PowerLaw (c=1.0 - Moderate),15,Haar-Random,4,2026,100,60,60,0.6581422487814207,False,1,20,0.06980367361425038,0.006487262073292269,0.010940421436841494,0.004115286044712382,0.1311149667857792,0.0011324488545659311,0.003220800422523596,0.0004557175625490307
PowerLaw (c=1.0 - Moderate),15,Haar-Random,5,2026,100,60,60,0.6581422487814207,False,1,20,0.08497797880546708,0.01736373032729686,0.01742064646409482,0.0003305509491341398,0.19431597467603967,0.008113005594344571,0.00816627959996855,2.940170582085101e-06
PowerLaw (c=1.0 - Moderate),15,Haar-Random,6,2026,100,60,60,0.6581422487814207,False,1,20,0.03930071512921928,0.002011318921330264,0.002844209236950014,0.012068908612559819,0.041562017121654235,0.00010885730778682414,0.000217680133907492,0.0039195093827674565
PowerLaw (c=1.0 - Moderate),15,Haar-Random,7,2026,100,60,60,0.6581422487814207,False,1,20,0.053248893304144444,0.027035184243044477,0.0082886945000301,0.007038666914691941,0.07629865513846566,0.019667736361970733,0.0018487065366485373,0.0013331423924318447
PowerLaw (c=1.0 - Moderate),15,Haar-Random,8,2026,100,60,60,0.6581422487814207,False,1,20,0.00036836260256043667,0.013333571257002198,0.002955610016558808,0.008106275737968733,3.6512937712300495e-06,0.004783972597012644,0.0002350660828698034,0.0017682287826029863
PowerLaw (c=1.0 - Moderate),15,Haar-Random,9,2026,100,60,60,0.6581422487814207,False,1,20,0.09169042830721785,0.011329471141641543,0.0008829969372494062,0.0017926290153368232,0.22622662358428838,0.003453941566525498,2.0980416489806618e-05,8.647220911524118e-05
PowerLaw (c=1.0 - Moderate),16,Haar-Random,0,2026,100,60,60,0.6580616692605462,False,1,20,0.038553011355415466,0.02520970162419327,0.024005571009579042,0.01688143548255141,0.039995609857419935,0.017101378605993173,0.01550671455283277,0.007668571258530245
PowerLaw (c=1.0 - Moderate),16,Haar-Random,1,2026,100,60,60,0.6580616692605462,False,1,20,0.008142983312394972,0.002339373472638264,0.004334281542318105,0.0060623631879203515,0.0017842791493837052,0.00014726340322782961,0.0005055102286986281,0.0009889620181394202
PowerLaw (c=1.0 - Moderate),16,Haar-Random,2,2026,100,60,60,0.6580616692605462,False,1,20,0.009452128115548339,0.00956741568750667,0.012165994690922806,0.010753241025398225,0.0024041131827830468,0.0024631167541605942,0.003982822538535264,0.003111533430665817
PowerLaw (c=1.0 - Moderate),16,Haar-Random,3,2026,100,60,60,0.6580616692605462,False,1,20,0.0030245600833120737,0.0024443664026135505,0.017792927427932884,0.006836903039959894,0.0002461615077920987,0.00016077862954272926,0.008519037416027844,0.0012578085790618332
PowerLaw (c=1.0 - Moderate),16,Haar-Random,4,2026,100,60,60,0.6580616692605462,False,1,20,0.03426964102718853,0.008210678622799292,0.0015717448935814427,0.019243815058005383,0.031602018383222415,0.001814069067575813,6.647522668775767e-05,0.009965017365351866
PowerLaw (c=1.0 - Moderate),16,Haar-Random,5,2026,100,60,60,0.6580616692605462,False,1,20,0.06583463774497605,0.008328509418862647,0.012225111970706509,0.007186260641022302,0.11662847885209156,0.001866509795033823,0.004021623425956221,0.0013896378683917615
PowerLaw (c=1.0 - Moderate),16,Haar-Random,6,2026,100,60,60,0.6580616692605462,False,1,20,0.02618323541595861,0.006840900087379917,0.004777211670205627,0.008524063545450992,0.018447704439928908,0.0012592797101052236,0.0006141078940098975,0.0019551904540600676
PowerLaw (c=1.0 - Moderate),16,Haar-Random,7,2026,100,60,60,0.6580616692605462,False,1,20,0.012649340629490548,0.008209537235165052,0.014096645309717633,0.004876971626170205,0.004305578247288867,0.0018135647457822469,0.00534721018963243,0.0006400238658770733
PowerLaw (c=1.0 - Moderate),16,Haar-Random,8,2026,100,60,60,0.6580616692605462,False,1,20,0.021646651707634152,0.005957991286719222,0.001592402120460883,0.015307944694112795,0.012608899111648907,0.0009552024734761869,6.823405879091044e-05,0.006305644463242946
PowerLaw (c=1.0 - Moderate),16,Haar-Random,9,2026,100,60,60,0.6580616692605462,False,1,20,0.05066428064676278,0.01900570204587471,0.016361297212907182,0.006072553542486327,0.06907159301435892,0.009719939100778084,0.007203294631049692,0.0009922895468142874
PowerLaw (c=1.0 - Moderate),17,Haar-Random,0,2026,100,60,60,0.6582194349532514,False,1,20,0.007549884341956342,0.0025727147400643026,0.003151725977949687,0.01697748618109313,0.0015338267520142383,0.00017810617645790507,0.00026729609474079527,0.007756083611537437
PowerLaw (c=1.0 - Moderate),17,Haar-Random,1,2026,100,60,60,0.6582194349532514,False,4,20,0.04838608360445956,0.02090452551984712,0.010476912641825856,0.006546408488663044,0.06299943490243544,0.011759161096819497,0.0029536726140377443,0.0011531927769786276
PowerLaw (c=1.0 - Moderate),17,Haar-Random,2,2026,100,60,60,0.6582194349532514,False,1,20,0.039587149411738916,0.003475099502203992,0.018222336219952683,0.00016874150732169472,0.04217005538118112,0.0003249602194385411,0.008935190618916355,7.661954336147712e-07
PowerLaw (c=1.0 - Moderate),17,Haar-Random,3,2026,100,60,60,0.6582194349532514,False,1,20,0.010604922831861532,0.0022835276240911256,0.007751397611523337,0.005193054039980526,0.0030262913479602613,0.00014031634070909926,0.0016167979151480761,0.0007256737188136487
PowerLaw (c=1.0 - Moderate),17,Haar-Random,4,2026,100,60,60,0.6582194349532514,False,1,20,0.052675751386018536,0.012117890396437068,0.016690405688787234,0.007412687678311775,0.07466502062689068,0.003951388677454215,0.007495998604797595,0.0014785877892618926
PowerLaw (c=1.0 - Moderate),17,Haar-Random,5,2026,100,60,60,0.6582194349532514,False,1,20,0.0023228804180302717,0.0020940046752113196,0.00431449179667135,0.0056633954564352575,0.00014519424964259785,0.00011799157677715696,0.0005009045839210945,0.0008630768880731848
PowerLaw (c=1.0 - Moderate),17,Haar-Random,6,2026,100,60,60,0.6582194349532514,False,1,20,0.055868995302875334,0.008767535874662348,0.011428641170714592,0.009050360591727572,0.083991905453087,0.002068477561329898,0.0035146728399804814,0.0022040806255230463
PowerLaw (c=1.0 - Moderate),17,Haar-Random,7,2026,100,60,60,0.6582194349532514,False,1,20,0.014438672756592249,0.0071999266491099044,0.021330216383752404,0.00526156240075781,0.005609837198357623,0.0013949282024236398,0.0122429544362661,0.000744946633149799
PowerLaw (c=1.0 - Moderate),17,Haar-Random,8,2026,100,60,60,0.6582194349532514,False,1,20,0.10960273879631705,0.021833429091782715,0.015279298138710092,0.0017659029138092951,0.32324999296787926,0.012827428747520827,0.006282066382549639,8.391302110929707e-05
PowerLaw (c=1.0 - Moderate),17,Haar-Random,9,2026,100,60,60,0.6582194349532514,False,1,20,0.06146944275094256,9.031944048445582e-05,0.007467632965821751,0.002409028160943762,0.10167501918167014,2.1951196021391012e-07,0.0015005885881296274,0.00015616347501784362
PowerLaw (c=1.0 - Moderate),18,Haar-Random,0,2026,100,60,60,0.6565597946573366,False,1,20,0.013465580914369337,0.006639213718067223,0.008859519220894512,0.021219052087049977,0.004879169423198853,0.001186121037392096,0.0021121075075270913,0.012115676497483166
PowerLaw (c=1.0 - Moderate),18,Haar-Random,1,2026,100,60,60,0.6565597946573366,False,1,20,0.018713906685220445,0.00679743773506147,0.009822337627904262,0.010839605473328934,0.00942376895941525,0.0012433293540316315,0.0025961239723143598,0.003161714580633409
PowerLaw (c=1.0 - Moderate),18,Haar-Random,2,2026,100,60,60,0.6565597946573366,False,1,20,0.0880785009335615,0.00435273077517796,0.0020091966871406573,0.0018137483717866865,0.20875435280016313,0.0005098228811504048,0.00010862770837551825,8.85217074149417e-05
PowerLaw (c=1.0 - Moderate),18,Haar-Random,3,2026,100,60,60,0.6565597946573366,False,1,20,0.010073837951982615,0.0011848255224349662,0.00823389772460207,0.007445672236282001,0.0027307731993809203,3.7775003432704414e-05,0.0018243436413783612,0.0014917757380920405
PowerLaw (c=1.0 - Moderate),18,Haar-Random,4,2026,100,60,60,0.6565597946573366,False,1,20,0.06681194094183139,0.01755626885077797,0.0013979940067855453,0.008954290673366032,0.12011683712679788,0.008293926008284474,5.2590382565317576e-05,0.0021575361815619793
PowerLaw (c=1.0 - Moderate),18,Haar-Random,5,2026,100,60,60,0.6565597946573366,False,1,20,0.0177041688376261,0.023946416625900406,0.0069503940203103996,0.00362161622243097,0.008434256337857209,0.0154303856080672,0.0012999138233483693,0.0003529397425638096
PowerLaw (c=1.0 - Moderate),18,Haar-Random,6,2026,100,60,60,0.6565597946573366,False,1,20,0.011937560656442319,0.023512943095930952,0.015214301648185857,0.008897766514179686,0.003834660266890756,0.014876805892525937,0.006228733591190231,0.0021303831645883425
PowerLaw (c=1.0 - Moderate),18,Haar-Random,7,2026,100,60,60,0.6565597946573366,False,1,20,0.03420633201370513,0.0010911229396941785,0.01905701317137905,0.0022211977708038394,0.03148536442774999,3.203635398832331e-05,0.009772493250920321,0.00013276089416275853
PowerLaw (c=1.0 - Moderate),18,Haar-Random,8,2026,100,60,60,0.6565597946573366,False,1,20,0.06331277519689459,0.0012619100524237743,0.013582253244281228,0.006108802980088367,0.10786446946982503,4.285016621080033e-05,0.004964086703541668,0.0010041716313587406
PowerLaw (c=1.0 - Moderate),18,Haar-Random,9,2026,100,60,60,0.6565597946573366,False,1,20,0.08899282100020552,0.006795576870655001,0.005747030301944963,0.012313706140225202,0.2131108976743327,0.0012426487003099848,0.0008887562849565806,0.004080123241111986
PowerLaw (c=1.0 - Moderate),19,Haar-Random,0,2026,100,60,60,0.6580446583791976,False,1,20,0.016267183304140124,0.008120647402830767,0.026131025503552202,0.014604452504145002,0.0071206629912207095,0.001774504147314414,0.018374207582562103,0.005739397077072809
PowerLaw (c=1.0 - Moderate),19,Haar-Random,1,2026,100,60,60,0.6580446583791976,False,1,20,0.03529658398748809,0.0006294842988914544,0.010946963298663792,0.011318895694818676,0.033524403830873996,1.0662658868446776e-05,0.003224653351022027,0.003447496441782347
PowerLaw (c=1.0 - Moderate),19,Haar-Random,2,2026,100,60,60,0.6580446583791976,False,1,20,0.007392724097563334,0.0030558318728830624,0.02543999253423164,0.002200539944503757,0.0014706343559789453,0.0002512780907709969,0.017415248263974895,0.00013030294265716912
PowerLaw (c=1.0 - Moderate),19,Haar-Random,3,2026,100,60,60,0.6580446583791976,False,1,20,0.005020372184121281,0.0005078172467143373,0.015643812679063212,0.020039682572361436,0.0006782152333480581,6.939219158872109e-06,0.006585381282194817,0.010806309129660904
PowerLaw (c=1.0 - Moderate),19,Haar-Random,4,2026,100,60,60,0.6580446583791976,False,1,20,0.008667935900471794,0.00046460718645730426,0.02197819585534779,0.001640355787850556,0.0020217483297025347,5.80854765919636e-06,0.012998097469917676,7.240554411821707e-05
PowerLaw (c=1.0 - Moderate),19,Haar-Random,5,2026,100,60,60,0.6580446583791976,False,1,20,0.12573886869314074,0.010638441090641122,0.0250568143689468,0.002347923231372478,0.42543655965520116,0.0030454515661184874,0.016894580869989746,0.00014834178370158816
PowerLaw (c=1.0 - Moderate),19,Haar-Random,6,2026,100,60,60,0.6580446583791976,False,1,20,0.017027884164329196,0.0034353049842315783,0.007527312860135758,0.014983526643861569,0.007802200115619747,0.0003175603777589632,0.0015246692631838898,0.006041208152539949
PowerLaw (c=1.0 - Moderate),19,Haar-Random,7,2026,100,60,60,0.6580446583791976,False,1,20,0.04225516963230635,0.005335517658308178,0.016795037343433697,0.007923985888928127,0.04804579787495912,0.0007660353900291806,0.007590277580070494,0.0016895968759250441
PowerLaw (c=1.0 - Moderate),19,Haar-Random,8,2026,100,60,60,0.6580446583791976,False,1,20,0.04764459535662526,0.0018139492147947027,0.00495846486892795,0.009160129918309298,0.0610833710293473,8.85413131669121e-05,0.0006615919192203401,0.0022578702304756905
PowerLaw (c=1.0 - Moderate),19,Haar-Random,9,2026,100,60,60,0.6580446583791976,False,1,20,0.015456739696060031,0.0003234727564229446,0.01588538541462495,0.009539861650412899,0.006428823419097409,2.81560112163026e-06,0.006790335355169275,0.002448949693386206
PowerLaw (c=1.0 - Moderate),20,Haar-Random,0,2026,100,60,60,0.6588468451922779,False,1,20,0.026075547394718398,0.009723831410989136,0.0019402638157882297,0.0022973705701023815,0.01829627078726299,0.0025443130883842945,0.00010130182745689643,0.00014202271726686448
PowerLaw (c=1.0 - Moderate),20,Haar-Random,1,2026,100,60,60,0.6588468451922779,False,1,20,0.030977817672438096,0.009862067874708724,0.008658591067060135,0.00696104908990525,0.02582244431008366,0.002617168504541793,0.0020173914176500837,0.001303902457336603
PowerLaw (c=1.0 - Moderate),20,Haar-Random,2,2026,100,60,60,0.6588468451922779,False,1,20,0.020656325343108718,0.012156313083876765,0.003877027796344858,0.016383585879570232,0.011481584895884979,0.003976486060375664,0.0004044767291245429,0.007222933806242906
PowerLaw (c=1.0 - Moderate),20,Haar-Random,3,2026,100,60,60,0.6588468451922779,False,1,20,0.039989290722027636,0.013207191051655229,0.010478492558161684,0.010297996767983694,0.043031165924175434,0.004693714086945424,0.002954563507687616,0.0028536533341298846
PowerLaw (c=1.0 - Moderate),20,Haar-Random,4,2026,100,60,60,0.6588468451922779,False,1,20,0.059774101658580055,0.0059832826277567835,0.006881686953490886,0.003913021995762946,0.09614392028715248,0.0009633292483503379,0.0012743406488541235,0.0004120218892846983
PowerLaw (c=1.0 - Moderate),20,Haar-Random,5,2026,100,60,60,0.6588468451922779,False,1,20,0.03876127894203077,0.010137159422757745,0.017510199076908893,0.0020864324395913616,0.04042889836396436,0.00276521092411039,0.008250454589438254,0.0001171397691491922
PowerLaw (c=1.0 - Moderate),20,Haar-Random,6,2026,100,60,60,0.6588468451922779,False,1,20,0.017094075654615726,0.003366955674250849,0.01710166805499367,0.013394107786116124,0.007862976076990503,0.00030504963439982976,0.007869962371129654,0.004827511198539399
PowerLaw (c=1.0 - Moderate),20,Haar-Random,7,2026,100,60,60,0.6588468451922779,False,1,20,0.05059666287220808,0.0007343199694037306,0.004989182144846695,0.021545699787837692,0.06888734680832945,1.450996578648104e-05,0.0006698143225438987,0.01249156693107863
PowerLaw (c=1.0 - Moderate),20,Haar-Random,8,2026,100,60,60,0.6588468451922779,False,1,20,0.056134655592521794,0.0020758776477296744,0.006564105089865734,0.005713479563997366,0.08479257725166338,0.0001159575994706366,0.001159435948686249,0.0008784095880500568
PowerLaw (c=1.0 - Moderate),20,Haar-Random,9,2026,100,60,60,0.6588468451922779,False,1,20,0.0873781766324268,0.0014810842363295205,0.016119219067504006,0.01005402665754526,0.20544788110898585,5.9027614205585564e-05,0.006991714823307996,0.002720043037699674
PowerLaw (c=1.0 - Moderate),21,Haar-Random,0,2026,100,60,60,0.6591487022187769,False,1,20,0.015356306174867513,0.00642369364930866,0.002011444101894055,0.014179455015436602,0.00634554949493098,0.0011103639489795467,0.0001088708583412094,0.005410218301580231
PowerLaw (c=1.0 - Moderate),21,Haar-Random,1,2026,100,60,60,0.6591487022187769,False,1,20,0.021026537341618034,0.006062915656696178,0.0018197202734231595,0.006248135214192137,0.011896829252262958,0.0009891422764031347,8.910559571579483e-05,0.0010505011924805074
PowerLaw (c=1.0 - Moderate),21,Haar-Random,2,2026,100,60,60,0.6591487022187769,False,1,20,0.004342967461063047,0.0015465845034977825,0.00011325440932551167,0.010221713238811781,0.0005075383481643808,6.436399901428926e-05,3.4514846767660726e-07,0.0028115324278723468
PowerLaw (c=1.0 - Moderate),21,Haar-Random,3,2026,100,60,60,0.6591487022187769,False,1,20,0.051409536581123044,0.008600818696219875,0.016572547782276275,0.008872602091967,0.07111858202013567,0.001990560109882579,0.007390507645485754,0.0021183500206832305
PowerLaw (c=1.0 - Moderate),21,Haar-Random,4,2026,100,60,60,0.6591487022187769,False,1,20,0.06471428364476729,0.017197310067264254,0.005798125315456837,0.007284817988467714,0.11269275782756767,0.00795823490577042,0.0009046298333511908,0.0014280161584296778
PowerLaw (c=1.0 - Moderate),21,Haar-Random,5,2026,100,60,60,0.6591487022187769,False,1,20,0.024852356297300437,0.011304352477882841,0.01302809759554583,0.008862940340870637,0.0166199936471816,0.0034386430200372686,0.004567280844688982,0.0021137390110271053
PowerLaw (c=1.0 - Moderate),21,Haar-Random,6,2026,100,60,60,0.6591487022187769,False,2,20,0.0065406673357560246,0.00649278328380975,0.01986283219974849,0.019176608137106064,0.0011511709804648237,0.0011343772949942113,0.010616419189724205,0.009895535438496455
PowerLaw (c=1.0 - Moderate),21,Haar-Random,7,2026,100,60,60,0.6591487022187769,False,1,20,0.019126505358771417,0.02700509997762629,0.018896412544412877,0.020913390854124587,0.009843894800685926,0.01962398891161675,0.009608474338006283,0.0117691370227633
PowerLaw (c=1.0 - Moderate),21,Haar-Random,8,2026,100,60,60,0.6591487022187769,False,1,20,0.07309677571559973,0.005218804271818528,0.00386747790448704,0.017901278840715573,0.14377790539282956,0.0007328881999770952,0.0004024865696963086,0.00862310800641794
PowerLaw (c=1.0 - Moderate),21,Haar-Random,9,2026,100,60,60,0.6591487022187769,False,1,20,0.022619717230787328,0.01909421459983929,0.004967046081828898,0.0100025646092896,0.01376797453019923,0.00981068449853837,0.0006638838276436943,0.002692268943592042
PowerLaw (c=1.0 - Moderate),22,Haar-Random,0,2026,100,60,60,0.6578116393688422,False,1,20,0.01603109988836,0.01700164622941408,0.012713570244146379,0.00585785774566029,0.006915480343776233,0.007778174124223389,0.004349414167013525,0.0009233648810368665
PowerLaw (c=1.0 - Moderate),22,Haar-Random,1,2026,100,60,60,0.6578116393688422,False,1,20,0.03409318084407052,0.008744354984509766,0.009218048714256405,0.009862933138218222,0.031277407992328886,0.0020575541355607693,0.0022865131777969417,0.0026176277671985508
PowerLaw (c=1.0 - Moderate),22,Haar-Random,2,2026,100,60,60,0.6578116393688422,False,2,20,0.0194137863446022,0.0164179816044057,0.005993646002808027,0.016591912257766787,0.010141827101666334,0.007253293317418753,0.0009666692169827704,0.007407788864720433
PowerLaw (c=1.0 - Moderate),22,Haar-Random,3,2026,100,60,60,0.6578116393688422,False,1,20,0.02252293733319062,0.007084762403746084,0.004778917289550205,0.01777402178346986,0.01365041226030722,0.0013506607867974322,0.0006145464851211964,0.008500943448273712
PowerLaw (c=1.0 - Moderate),22,Haar-Random,4,2026,100,60,60,0.6578116393688422,False,1,20,0.034723993023424944,0.008960632373359817,0.013043710202521567,0.014619566787479067,0.03244554185597709,0.0021605933287666764,0.00457823407662138,0.0057512827347017985
PowerLaw (c=1.0 - Moderate),22,Haar-Random,5,2026,100,60,60,0.6578116393688422,False,1,20,0.07428300668239333,0.016625289133583018,0.010652259468733447,0.003985701650935962,0.1484822906365321,0.007437622380281214,0.003053368239621734,0.00042746964839210014
PowerLaw (c=1.0 - Moderate),22,Haar-Random,6,2026,100,60,60,0.6578116393688422,False,1,20,0.03977523418538589,0.0003813474870133022,0.011459515258890223,0.007924997539719248,0.04257172043910477,3.9132490508169064e-06,0.003533688029753237,0.001690028323217278
PowerLaw (c=1.0 - Moderate),22,Haar-Random,7,2026,100,60,60,0.6578116393688422,False,1,20,0.017766861668283764,0.018534932990473374,0.010485805636630317,0.02075845364160653,0.008494095760677275,0.009244379193381983,0.0029586890046600068,0.01159539928071505
PowerLaw (c=1.0 - Moderate),22,Haar-Random,8,2026,100,60,60,0.6578116393688422,False,1,20,0.017284428169749285,0.013076495407082934,0.01201325839006433,0.003160276991044197,0.008039068756688814,0.004601277669826324,0.0038834466876968856,0.00026874847546660594
PowerLaw (c=1.0 - Moderate),22,Haar-Random,9,2026,100,60,60,0.6578116393688422,False,1,20,0.013963445916039471,0.000725800429461592,0.0014856222506901453,0.0019611185753996173,0.005246635885255139,1.4175231250519983e-05,5.9389887364494205e-05,0.00010349119874594187
PowerLaw (c=1.0 - Moderate),23,Haar-Random,0,2026,100,60,60,0.6574405809115069,False,1,20,0.07577225229480009,0.007974634458443257,0.029642000018368496,0.016028503316527148,0.15449559603364404,0.0017112650508790516,0.023643442878401085,0.006913240311915955
PowerLaw (c=1.0 - Moderate),23,Haar-Random,1,2026,100,60,60,0.6574405809115069,False,1,20,0.020622078406020438,0.008708316263015011,0.017776760406222492,0.009448140968930846,0.011443544910493497,0.002040629201142079,0.008503563302236946,0.0024020853791152145
PowerLaw (c=1.0 - Moderate),23,Haar-Random,2,2026,100,60,60,0.6574405809115069,False,1,20,0.013583945729476661,0.00747780343861272,0.026962156329490727,0.0015799114131185286,0.004965323930762814,0.00150467879669705,0.019561626200706984,6.716780927298181e-05
PowerLaw (c=1.0 - Moderate),23,Haar-Random,3,2026,100,60,60,0.6574405809115069,False,1,20,0.08263750115258413,0.00622564467385039,0.004492728978839078,0.012453959824024002,0.18375961121802906,0.0010429521185819285,0.0005431454585164118,0.004173598154117628
PowerLaw (c=1.0 - Moderate),23,Haar-Random,4,2026,100,60,60,0.6574405809115069,False,1,20,0.0122837017824471,0.011884742555372295,0.0039926595784916296,0.007266856925694307,0.004060263691737924,0.0038008021934829413,0.0004289634375713289,0.001420983156677826
PowerLaw (c=1.0 - Moderate),23,Haar-Random,5,2026,100,60,60,0.6574405809115069,False,2,20,0.023022424348706876,0.022858405607732144,0.0024385976890855753,0.010065146712485686,0.014262571020904577,0.014060073155189963,0.0001600206487266946,0.0027260632634480875
PowerLaw (c=1.0 - Moderate),23,Haar-Random,6,2026,100,60,60,0.6574405809115069,False,1,20,0.005537365495735239,0.0019710936586283803,0.010435587067395564,0.00869989903096942,0.0008250914586627111,0.00010454667675436266,0.002930417388390791,0.002036686269389996
PowerLaw (c=1.0 - Moderate),23,Haar-Random,7,2026,100,60,60,0.6574405809115069,False,1,20,0.027666149028461075,0.015689555638443365,0.003272712441411884,0.0014358932160041039,0.020596486185705035,0.006623949276371899,0.00028821156644429904,5.548045296766921e-05
PowerLaw (c=1.0 - Moderate),23,Haar-Random,8,2026,100,60,60,0.6574405809115069,False,1,20,0.014902027784313052,0.007471487507129695,0.010559940569228208,0.01619868654096197,0.005975667832230297,0.0015021380947804613,0.0030006729199217714,0.007060822823309937
PowerLaw (c=1.0 - Moderate),23,Haar-Random,9,2026,100,60,60,0.6574405809115069,False,1,20,0.019780831365416727,0.006674044982671129,0.005122596704235428,0.014557848539054825,0.010528943421751211,0.0011985991621831095,0.0007061159837998185,0.005702825779635594
PowerLaw (c=1.0 - Moderate),24,Haar-Random,0,2026,100,60,60,0.657574897548636,False,1,20,0.04730271973812017,0.002747594793569052,0.0038441731337776506,0.001685197652433568,0.06020990397537224,0.00020314263450700349,0.00039765055163433575,7.64183052194202e-05
PowerLaw (c=1.0 - Moderate),24,Haar-Random,1,2026,100,60,60,0.657574897548636,False,1,20,0.04393432181379752,0.011488780577680935,0.0027080352577518335,0.022840695208968045,0.05194019366538201,0.0035517597464674805,0.00019733509984052632,0.014038294467575263
PowerLaw (c=1.0 - Moderate),24,Haar-Random,2,2026,100,60,60,0.657574897548636,False,1,20,0.010846757148558824,0.0036071151767241784,0.0032688295192699274,0.0027256303202542304,0.003165887982543473,0.00035011904112466246,0.0002875280727302101,0.0001999077422847812
PowerLaw (c=1.0 - Moderate),24,Haar-Random,3,2026,100,60,60,0.657574897548636,False,1,20,0.03343058915836144,0.007282246784392284,0.005428867180740603,0.00915713991918114,0.030073485925362898,0.0014270082889130359,0.0007930747885857632,0.002256396467927822
PowerLaw (c=1.0 - Moderate),24,Haar-Random,4,2026,100,60,60,0.657574897548636,False,1,20,0.002855893671047183,0.010533826570940237,0.0021645085342645383,0.0023584153545015345,0.00021947233232976255,0.0029858503594913646,0.00012607074402329782,0.00014967053058122928
PowerLaw (c=1.0 - Moderate),24,Haar-Random,5,2026,100,60,60,0.657574897548636,False,1,20,0.03415600221542998,0.02235132508362947,0.013702135095439346,0.012229974402104117,0.03139278003468937,0.013443187656281474,0.005052103057397145,0.004024823193279659
PowerLaw (c=1.0 - Moderate),24,Haar-Random,6,2026,100,60,60,0.657574897548636,False,1,20,0.016055760218688504,0.013035715461888909,0.0078095381729014314,0.010793364509105025,0.00693677260675502,0.004572623621243482,0.0016411429635426649,0.003134796831577796
PowerLaw (c=1.0 - Moderate),24,Haar-Random,7,2026,100,60,60,0.657574897548636,False,1,20,0.02410128676247658,0.0008573625456257106,0.00012526107598895232,0.011407138971364104,0.01563061877950423,1.9779928858827735e-05,4.2220948620355044e-07,0.003501460052553924
PowerLaw (c=1.0 - Moderate),24,Haar-Random,8,2026,100,60,60,0.657574897548636,False,1,20,0.025817230233788787,0.015896952468013762,0.003129735265234603,0.005805194818845673,0.017935562693591974,0.006800227814907777,0.000263579067872336,0.0009068371614532514
PowerLaw (c=1.0 - Moderate),24,Haar-Random,9,2026,100,60,60,0.657574897548636,False,1,20,0.03190750925469106,0.000263032136805492,0.011782857291162501,0.0036911295397529706,0.027395644291764856,1.8617155963834183e-06,0.003735914654193399,0.00036661842289215297
PowerLaw (c=1.0 - Moderate),25,Haar-Random,0,2026,100,60,60,0.6591628578427859,False,1,20,0.02655647091073545,0.017927207922169456,0.0031784951650771815,0.005867471436023242,0.018977387832616145,0.008648106354374225,0.00027185593655350396,0.0009263981497481541
PowerLaw (c=1.0 - Moderate),25,Haar-Random,1,2026,100,60,60,0.6591628578427859,False,1,20,0.027260502034885295,0.0049199001435622945,0.013985546309261826,0.00934341837379085,0.01999693385871732,0.0006513408061595735,0.0052632570657138635,0.002349131360147914
PowerLaw (c=1.0 - Moderate),25,Haar-Random,2,2026,100,60,60,0.6591628578427859,False,1,20,0.028973507466828575,0.0038639489612558807,0.013811833957496725,0.010179556922186157,0.02258904429702319,0.0004017523939471282,0.005133320830575712,0.0027883896452762253
PowerLaw (c=1.0 - Moderate),25,Haar-Random,3,2026,100,60,60,0.6591628578427859,False,1,20,0.09777415489631364,0.027289956191761704,0.015255518598407816,0.022383880902606627,0.2572431699103849,0.02004016938099287,0.0062625277356952586,0.01348237752217043
PowerLaw (c=1.0 - Moderate),25,Haar-Random,4,2026,100,60,60,0.6591628578427859,False,1,20,0.02355403793103429,0.011030965738871568,0.0010391142508863556,0.00633678265646744,0.01492885332323636,0.003274332526568006,2.9055095874877738e-05,0.0010805213043355586
PowerLaw (c=1.0 - Moderate),25,Haar-Random,5,2026,100,60,60,0.6591628578427859,False,1,20,0.0200577258938162,0.0055471815356877355,0.0030147607712557455,0.002986281032736674,0.010825777450822057,0.0008280193164530102,0.00024456900793510254,0.0002399700614011801
PowerLaw (c=1.0 - Moderate),25,Haar-Random,6,2026,100,60,60,0.6591628578427859,False,1,20,0.02088498606003706,0.0013050760503236472,0.020032726609354373,0.0051103440077802835,0.011737188794839192,4.583184608304288e-05,0.010798808487825239,0.0007027421176937584
PowerLaw (c=1.0 - Moderate),25,Haar-Random,7,2026,100,60,60,0.6591628578427859,False,1,20,0.015117641021595213,0.0061302739216206005,0.007107341362388733,0.004703545720974282,0.006149839306406984,0.00101124286950602,0.0013592835487516728,0.0005953144863870756
PowerLaw (c=1.0 - Moderate),25,Haar-Random,8,2026,100,60,60,0.6591628578427859,False,1,20,0.03263698619952325,0.03702117320104184,0.013541716136114143,0.0019623500413510856,0.02866261475897217,0.03688043762322692,0.004934499649829793,0.00010362121220188917
PowerLaw (c=1.0 - Moderate),25,Haar-Random,9,2026,100,60,60,0.6591628578427859,False,1,20,0.05444045863765971,0.008540350935703149,0.01822173633864871,0.007841689869412888,0.07975157368872121,0.0019626693691827883,0.008934602333692303,0.0016546838789177057
PowerLaw (c=1.0 - Moderate),26,Haar-Random,0,2026,100,60,60,0.6568096945642787,False,1,20,0.036115477365641795,0.01179341608724141,0.006184443933157223,0.038481977017142906,0.03509800489140443,0.0037426132731183835,0.0010291934751093744,0.03984836095328098
PowerLaw (c=1.0 - Moderate),26,Haar-Random,1,2026,100,60,60,0.6568096945642787,False,1,20,0.017162216867554175,0.0027343824686230683,0.0008898855147277446,0.006980910821505495,0.007925788555324595,0.0002011936329457141,2.130904497103971e-05,0.0013113538362647978
PowerLaw (c=1.0 - Moderate),26,Haar-Random,2,2026,100,60,60,0.6568096945642787,False,1,20,0.027978058711193503,0.005344985281105503,0.0042949874721022975,0.02408180615127215,0.021063515919528968,0.000768756388899702,0.0004963859879487331,0.015605361128161912
PowerLaw (c=1.0 - Moderate),26,Haar-Random,3,2026,100,60,60,0.6568096945642787,False,1,20,0.015512614431289184,0.00231548858976732,0.0023440563492728916,0.00569125461950156,0.006475386674654495,0.00014427165086405833,0.00014785356686200285,0.0008715890040279459
PowerLaw (c=1.0 - Moderate),26,Haar-Random,4,2026,100,60,60,0.6568096945642787,False,1,20,0.01483615123601026,0.0028066397222648184,0.02039283116820818,0.009612598666160925,0.005922952018102078,0.00021196738685214927,0.011190532641784193,0.0024864362682530494
PowerLaw (c=1.0 - Moderate),26,Haar-Random,5,2026,100,60,60,0.6568096945642787,False,1,20,0.010702089977974234,0.016255849060119277,0.00796001972566884,0.012356129724221418,0.003082001933766661,0.007110743730608836,0.00170499849044196,0.004108285619306682
PowerLaw (c=1.0 - Moderate),26,Haar-Random,6,2026,100,60,60,0.6568096945642787,False,1,20,0.022518472844202792,0.02962467774889846,0.0026511593017033387,0.009921237826436039,0.013645001236482811,0.02361581731877812,0.00018913302090167185,0.0026486674335641333
PowerLaw (c=1.0 - Moderate),26,Haar-Random,7,2026,100,60,60,0.6568096945642787,False,1,20,0.02310134913331458,0.01295163091666589,0.012915485625569092,0.012018857421496436,0.014360527675977532,0.004513824095182304,0.004488664974556806,0.003887067455082379
PowerLaw (c=1.0 - Moderate),26,Haar-Random,8,2026,100,60,60,0.6568096945642787,False,1,20,0.04179529103128153,0.0024948773870266425,0.012841599978962998,0.0034892881009427443,0.04700568850090689,0.00016749202153110146,0.004437455241657829,0.0003276192183006471
PowerLaw (c=1.0 - Moderate),26,Haar-Random,9,2026,100,60,60,0.6568096945642787,False,1,20,0.0004039229278935948,0.023749520084591056,0.002742744070675897,0.010924961545202573,4.390285086339869e-06,0.015177679825003643,0.00020242599404299137,0.0032117042383505673
PowerLaw (c=1.0 - Moderate),27,Haar-Random,0,2026,100,60,60,0.6592778221997175,False,1,20,0.07402071706647077,0.005052320587924402,0.005424635089038512,0.005870816835132939,0.14743557463390466,0.0006868746864308843,0.0007918387822929953,0.0009274548417462116
PowerLaw (c=1.0 - Moderate),27,Haar-Random,1,2026,100,60,60,0.6592778221997175,False,1,20,0.03116131331453589,0.007832941897150926,0.022320852402594096,0.005383218778351237,0.026129266411984518,0.0016509940990642622,0.013406557101282548,0.0007797937883832734
PowerLaw (c=1.0 - Moderate),27,Haar-Random,2,2026,100,60,60,0.6592778221997175,False,5,20,0.0006388410690654809,0.00565781675036762,0.002681759375086439,0.00921930601661388,1.0981998156008536e-05,0.0008613773843449255,0.0001935242201145442,0.002287136961540288
PowerLaw (c=1.0 - Moderate),27,Haar-Random,3,2026,100,60,60,0.6592778221997175,False,1,20,0.039300296940911784,0.0001548880166800366,6.719964747157666e-05,0.006818996098970112,0.041561132625936165,6.45552174470447e-07,1.215149466089846e-07,0.0012512284045169803
PowerLaw (c=1.0 - Moderate),27,Haar-Random,4,2026,100,60,60,0.6592778221997175,False,1,20,0.040772820201096856,0.004988306148262646,0.012940669048112332,0.018647125972338707,0.044733946602224246,0.000669579132274042,0.004506186600327996,0.009356631387076556
PowerLaw (c=1.0 - Moderate),27,Haar-Random,5,2026,100,60,60,0.6592778221997175,False,1,20,0.0214559540632803,0.007983398998665056,0.0034251805568923208,0.0037925095087862847,0.012387719767730154,0.0017150286574714073,0.00031569132727450605,0.00038703395470528396
PowerLaw (c=1.0 - Moderate),27,Haar-Random,6,2026,100,60,60,0.6592778221997175,False,1,20,0.10317936156423164,0.00807692025282949,0.005208871676559014,0.007135645682216892,0.2864714745333973,0.0017554452975856564,0.0007301011421720229,0.001370131544669795
PowerLaw (c=1.0 - Moderate),27,Haar-Random,7,2026,100,60,60,0.6592778221997175,False,1,20,0.0012848847807370868,0.0004950580816654181,0.001784821589149086,0.0012700651931690323,4.442465674990251e-05,6.594897046746175e-06,8.572062560359066e-05,4.3405797414097944e-05
PowerLaw (c=1.0 - Moderate),27,Haar-Random,8,2026,100,60,60,0.6592778221997175,False,1,20,0.05236245583908898,0.012171176254526165,0.0007903769213803781,0.006674422842829329,0.07377950295305646,0.0039862158727569375,1.6809864474197448e-05,0.0011987348866773473
PowerLaw (c=1.0 - Moderate),27,Haar-Random,9,2026,100,60,60,0.6592778221997175,False,1,20,0.011194673751697408,0.012837617080733403,0.0069469492858470075,0.029335240932915115,0.0033722409175254357,0.004434703062518555,0.0012986256234903315,0.023156612582518662
PowerLaw (c=1.0 - Moderate),28,Haar-Random,0,2026,100,60,60,0.6581598938582786,False,1,20,0.04365044843520093,0.015406128090538032,0.010921566847577292,0.03241964888720743,0.051271158458141876,0.006386791220865849,0.0032097086119484597,0.02828214372419203
PowerLaw (c=1.0 - Moderate),28,Haar-Random,1,2026,100,60,60,0.6581598938582786,False,1,20,0.00519468332660872,0.01337883596426401,0.004185687471745951,0.009183155624699528,0.0007261291409801069,0.0048165089187288575,0.0004714431255024462,0.002269235658605275
PowerLaw (c=1.0 - Moderate),28,Haar-Random,2,2026,100,60,60,0.6581598938582786,False,1,20,0.008425408468133368,0.016825575481102667,0.010622774105265673,0.003701127774876608,0.0019101947215439696,0.007617905226210394,0.0030364882392937232,0.00036860724588496166
PowerLaw (c=1.0 - Moderate),28,Haar-Random,3,2026,100,60,60,0.6581598938582786,False,1,20,0.02198450929789237,0.002671650637308384,0.02259832493011088,0.002719513788086148,0.013005566192896651,0.000192068012999213,0.013741945082125303,0.0001990115311135575
PowerLaw (c=1.0 - Moderate),28,Haar-Random,4,2026,100,60,60,0.6581598938582786,False,1,20,0.042641319517358084,0.011032095910341363,0.009579568695906752,0.001434757066743862,0.048927945666863606,0.003275003500780241,0.002469378275889885,5.539268998214072e-05
PowerLaw (c=1.0 - Moderate),28,Haar-Random,5,2026,100,60,60,0.6581598938582786,False,1,20,0.06048688577620809,0.015783643347264363,0.005514897842316614,0.0008116673317908634,0.09845055323098674,0.006703632976302848,0.000818409486670368,1.7727677575257625e-05
PowerLaw (c=1.0 - Moderate),28,Haar-Random,6,2026,100,60,60,0.6581598938582786,False,1,20,0.0743556620388755,0.007209925443841278,0.0035322647791114293,0.0002388152466071904,0.14877289033262817,0.0013988052656789681,0.00033573932481328547,1.5346869869752529e-06
PowerLaw (c=1.0 - Moderate),28,Haar-Random,7,2026,100,60,60,0.6581598938582786,False,1,20,0.019633359921514017,0.011890544930903826,0.00032785641994318945,0.016022579699257196,0.010372536393896079,0.0038045143589043053,2.8924315854684043e-06,0.0069081314353429185
PowerLaw (c=1.0 - Moderate),28,Haar-Random,8,2026,100,60,60,0.6581598938582786,False,1,20,0.01724762332326364,0.003003276994867054,0.0025195541553589573,0.00021157764281124283,0.008004868993303648,0.0002427093402391174,0.00017082172609553868,1.2045789221776388e-06
PowerLaw (c=1.0 - Moderate),28,Haar-Random,9,2026,100,60,60,0.6581598938582786,False,2,20,0.014304836447460959,0.005866793075976008,0.002204334541848279,0.0035571596144583543,0.005506320729031302,0.0009261839535064411,0.00013075271727931053,0.00034048847544273305
PowerLaw (c=1.0 - Moderate),29,Haar-Random,0,2026,100,60,60,0.6580831532538676,False,1,20,0.023379374215722035,0.003331645276624687,0.0059679279362275656,0.007254555623548554,0.014708266008386305,0.00029868486862991275,0.0009583912754172851,0.0014161763610166427
PowerLaw (c=1.0 - Moderate),29,Haar-Random,1,2026,100,60,60,0.6580831532538676,False,1,20,0.015177720332140484,0.022024881783687514,0.01550962365708973,0.013836822080474659,0.006198816826116405,0.013053377053480291,0.006472890054552563,0.005151911857132515
PowerLaw (c=1.0 - Moderate),29,Haar-Random,2,2026,100,60,60,0.6580831532538676,False,1,20,0.012193259070655656,0.005824076859456195,0.019455781015653702,0.0007994322426299285,0.004000693804266509,0.0009127459323972723,0.010185750870916818,1.7197251051854942e-05
PowerLaw (c=1.0 - Moderate),29,Haar-Random,3,2026,100,60,60,0.6580831532538676,False,1,20,0.0035425980524028317,0.024140483534714683,0.02324702447116594,0.001353050658844896,0.00033770653901337225,0.015681501374573404,0.01454221149236192,4.9263336810864774e-05
PowerLaw (c=1.0 - Moderate),29,Haar-Random,4,2026,100,60,60,0.6580831532538676,False,1,20,0.003696152896211193,0.005855875153823318,0.004084551197973389,0.024280507479859447,0.00036761698345805314,0.000922739961155752,0.0004489359652848382,0.015863946260509534
PowerLaw (c=1.0 - Moderate),29,Haar-Random,5,2026,100,60,60,0.6580831532538676,False,1,20,0.10391454288242184,0.016702348120234294,0.00222608929513783,0.006381811881779679,0.29056839459018075,0.0075067296173652,0.00013334627040536754,0.00109593225069286
PowerLaw (c=1.0 - Moderate),29,Haar-Random,6,2026,100,60,60,0.6580831532538676,False,1,20,0.023634298557164427,0.004713933809877115,0.0018220574601924672,0.0023913334496369256,0.015030767106048197,0.0005979469722860755,8.933463109134061e-05,0.00015387780702744112
PowerLaw (c=1.0 - Moderate),29,Haar-Random,7,2026,100,60,60,0.6580831532538676,False,1,20,0.0007232920569328033,0.009759841519576689,0.00943495746364519,0.0032622868892894772,1.4077421117095326e-05,0.0025631926094259088,0.0023953865350949204,0.00028637823780757116
PowerLaw (c=1.0 - Moderate),29,Haar-Random,8,2026,100,60,60,0.6580831532538676,False,1,20,0.022420658607651432,0.005843533901251428,0.014174443869977339,0.0031331540169367614,0.013526718202720061,0.000918854711977864,0.005406394938814482,0.0002641552211076366
PowerLaw (c=1.0 - Moderate),29,Haar-Random,9,2026,100,60,60,0.6580831532538676,False,1,20,0.005904831537048178,0.0006296852428379592,0.005254025355899241,0.01544429635001962,0.0009382330658470369,1.066946742185104e-05,0.0007428139302322083,0.006418476622055645
PowerLaw (c=1.0 - Moderate),30,Haar-Random,0,2026,100,60,60,0.6573122681331588,False,1,20,0.012569504525874494,0.0007250209933583368,0.004648759085214063,0.0035538379351036883,0.004251400587821212,1.4144802074742857e-05,0.0005815268761919407,0.00033985287535702864
PowerLaw (c=1.0 - Moderate),30,Haar-Random,1,2026,100,60,60,0.6573122681331588,False,1,20,0.046340260326160794,0.0038071822576232666,0.001955708876475587,0.005575499495144748,0.05778467157945279,0.0003900345206274413,0.00010292103021204861,0.0008364948519967746
PowerLaw (c=1.0 - Moderate),30,Haar-Random,2,2026,100,60,60,0.6573122681331588,False,1,20,0.11063987101298682,0.005217556779149648,0.013659230351306563,0.0052858670315178175,0.329396539597003,0.0007325378655571781,0.005020513845289332,0.0007518447630259845
PowerLaw (c=1.0 - Moderate),30,Haar-Random,3,2026,100,60,60,0.6573122681331588,False,1,20,0.01190953741823352,0.00011187695293511352,0.020635264752111724,0.008710298313585928,0.0038166777876675324,3.3680378995857213e-07,0.011458184248502883,0.0020415582189771417
PowerLaw (c=1.0 - Moderate),30,Haar-Random,4,2026,100,60,60,0.6573122681331588,False,5,20,0.011826932659973711,0.012644680971857064,0.005179287664097455,0.016398038092772224,0.0037639163149168937,0.004302406726194944,0.0007218314110345064,0.007235682348709263
PowerLaw (c=1.0 - Moderate),30,Haar-Random,5,2026,100,60,60,0.6573122681331588,False,1,20,0.008097000073915147,0.008900571669552488,0.0032901546960638147,0.003671774079662461,0.0017641844808983648,0.0021317266473132933,0.0002912918588555461,0.00036278357338234593
PowerLaw (c=1.0 - Moderate),30,Haar-Random,6,2026,100,60,60,0.6573122681331588,False,1,20,0.023462407772983977,0.005223490119113624,0.01691984280905529,0.005876432170714681,0.014812926498315006,0.0007342048785713015,0.007703504823928547,0.00092922987952603
PowerLaw (c=1.0 - Moderate),30,Haar-Random,7,2026,100,60,60,0.6573122681331588,False,1,20,0.09839995206701674,0.014787029578173417,0.008419276688993454,0.015119436024090622,0.2605466446515369,0.005883795829113895,0.0019074153595625002,0.006151299803087052
PowerLaw (c=1.0 - Moderate),30,Haar-Random,8,2026,100,60,60,0.6573122681331588,False,2,20,0.02829126331247001,0.01191678277612356,0.007238233130803621,0.009494323848913062,0.02153775302037626,0.003821323074412731,0.0014098108370570604,0.002425625745197832
PowerLaw (c=1.0 - Moderate),30,Haar-Random,9,2026,100,60,60,0.6573122681331588,False,1,20,0.008294929078228925,0.0002454315946545895,0.0006176836653923163,0.0037091455845029053,0.001851488697395032,1.6209015934550013e-06,1.0266630788712235e-05,0.00037020601474301387
PowerLaw (c=2.0 - Steep),0,Coordinate-Aligned (U=I),0,2026,100,60,60,1.0,False,1,20,0.0,0.000226763934886327,0.0025466057920440063,0.0008970658787547201,0.0,1.3745955378746867e-07,1.7336060183032926e-05,2.151174478918487e-06
PowerLaw (c=2.0 - Steep),0,Coordinate-Aligned (U=I),1,2026,100,60,60,1.0,False,1,20,0.0,0.0002893669712938721,0.0008036495989539151,0.0006897931038455932,0.0,2.2383339316272825e-07,1.7264755232279465e-06,1.2719342367719114e-06
PowerLaw (c=2.0 - Steep),0,Coordinate-Aligned (U=I),2,2026,100,60,60,1.0,False,1,20,0.0,0.000246968340212326,0.0012320712360765886,0.001755935199079294,0.0,1.6304576657415537e-07,4.057874378825355e-06,8.242214835776424e-06
PowerLaw (c=2.0 - Steep),0,Coordinate-Aligned (U=I),3,2026,100,60,60,1.0,False,1,20,0.0,0.00033670566442328676,0.0018768858495263271,0.0034064911325732404,0.0,3.0305943288644033e-07,9.416785566563579e-06,3.101997807400599e-05
PowerLaw (c=2.0 - Steep),0,Coordinate-Aligned (U=I),4,2026,100,60,60,1.0,False,1,20,0.0,0.001413538853780941,0.0004312018029635835,0.0011976523872636506,0.0,5.341244538531649e-06,4.970362879264715e-07,3.834321545865541e-06
PowerLaw (c=2.0 - Steep),0,Coordinate-Aligned (U=I),5,2026,100,60,60,1.0,False,1,20,0.0,0.0020847672303243824,0.0008230757481936164,0.0006736101115831125,0.0,1.161828711732746e-05,1.8109504678185073e-06,1.2129535124934911e-06
PowerLaw (c=2.0 - Steep),0,Coordinate-Aligned (U=I),6,2026,100,60,60,1.0,False,1,20,0.0,0.0008435983384467028,0.0005311812008300952,0.0004213410991879196,0.0,1.9023849097050944e-06,7.542448505126177e-07,4.7456380203704383e-07
PowerLaw (c=2.0 - Steep),0,Coordinate-Aligned (U=I),7,2026,100,60,60,1.0,False,1,20,0.0,0.0017095198499924931,0.0011084545769974024,0.0008566425649124207,0.0,7.812234245074927e-06,3.2844508174781914e-06,1.961671401338162e-06
PowerLaw (c=2.0 - Steep),0,Coordinate-Aligned (U=I),8,2026,100,60,60,1.0,False,1,20,0.0,9.116101556574574e-05,0.002243302167624454,0.001964412662535029,0.0,2.2214946436364365e-08,1.3452484890992563e-05,1.0315550530903632e-05
PowerLaw (c=2.0 - Steep),0,Coordinate-Aligned (U=I),9,2026,100,60,60,1.0,False,1,20,0.0,0.0004327349931478685,0.001173289381264702,0.0018245662101282103,0.0,5.005771170008593e-07,3.6799103733628307e-06,8.899102652020052e-06
PowerLaw (c=2.0 - Steep),1,Haar-Random,0,2026,100,60,60,0.4046754112088924,False,1,20,0.10273398319753413,0.0005832238890390899,0.0036561261862664853,0.0005993672237170546,0.028213386264045088,9.092798561705652e-07,3.5732986376795776e-05,9.60313293665849e-07
PowerLaw (c=2.0 - Steep),1,Haar-Random,1,2026,100,60,60,0.4046754112088924,False,1,20,0.07358612737238611,0.001051157014900864,0.0022697840997943503,0.00013280892277946736,0.014475009474734533,2.9536711891831118e-06,1.3771969738216457e-05,4.714997526302796e-08
PowerLaw (c=2.0 - Steep),1,Haar-Random,2,2026,100,60,60,0.4046754112088924,False,1,20,0.09658360653286774,0.0017637084806825045,0.002628746785363697,0.0004818817321895517,0.02493640240962991,8.315350643295006e-06,1.8472448743920063e-05,6.207373624968937e-07
PowerLaw (c=2.0 - Steep),1,Haar-Random,3,2026,100,60,60,0.4046754112088924,False,1,20,0.0710214897058907,0.00010783118432170068,0.0012069612958593172,0.0017102646526061633,0.013483620357968887,3.108248346220147e-08,3.894158715265578e-06,7.819042987308016e-06
PowerLaw (c=2.0 - Steep),1,Haar-Random,4,2026,100,60,60,0.4046754112088924,False,1,20,0.06455244865137287,0.0006611052742526615,0.0018134716438534804,0.0003206212658672631,0.011139158991432863,1.168337199893614e-06,8.791206860983034e-06,2.747967612774937e-07
PowerLaw (c=2.0 - Steep),1,Haar-Random,5,2026,100,60,60,0.4046754112088924,False,1,20,0.035720724418232326,7.458841638538187e-05,0.003419698705186271,0.00036787617072463907,0.003410888137256861,1.4872012237760737e-08,3.126098433770902e-05,3.617681053305631e-07
PowerLaw (c=2.0 - Steep),1,Haar-Random,6,2026,100,60,60,0.4046754112088924,False,1,20,0.007754912356823139,4.409236106546775e-05,0.001784337917086968,2.166256406197653e-06,0.00016076101844593883,5.197011420871425e-09,8.511011348576391e-06,1.2544307202147335e-11
PowerLaw (c=2.0 - Steep),1,Haar-Random,7,2026,100,60,60,0.4046754112088924,False,1,20,0.2050651308094559,0.001605128333351397,0.001595708220314341,0.00024247572121055213,0.11241146292126436,6.88726007039386e-06,6.806657930275023e-06,1.5716776613659292e-07
PowerLaw (c=2.0 - Steep),1,Haar-Random,8,2026,100,60,60,0.4046754112088924,False,1,20,0.01625257875532082,0.0009802871470993505,0.0018891402205089335,0.000253452025629408,0.0007061086298352083,2.5688194326905513e-06,9.540153220766184e-06,1.7171905666258956e-07
PowerLaw (c=2.0 - Steep),1,Haar-Random,9,2026,100,60,60,0.4046754112088924,False,1,20,0.031129751864469906,0.0011803447606724548,0.003275697356134218,0.003090799485769796,0.0025904682803918576,3.7243004903410184e-06,2.8683655730948167e-05,2.5536926329487638e-05
PowerLaw (c=2.0 - Steep),2,Haar-Random,0,2026,100,60,60,0.40564414919184244,False,1,20,0.1507654841774598,0.00013920857144559504,0.002237644258443571,0.00048406138833626824,0.06076182569226817,5.1803477520837675e-08,1.3384712519223176e-05,6.263655233526982e-07
PowerLaw (c=2.0 - Steep),2,Haar-Random,1,2026,100,60,60,0.40564414919184244,False,1,20,0.1859366519691043,0.0008783723054173675,0.0002534705667334134,0.0005683239257756896,0.09241808692543203,2.0624538027477735e-06,1.7174418155427618e-07,8.634135110938625e-07
PowerLaw (c=2.0 - Steep),2,Haar-Random,2,2026,100,60,60,0.40564414919184244,False,1,20,0.16966072412454591,0.001218098375604403,0.0027468696994178777,0.00020494897542818374,0.07694662814770424,3.966355975932185e-06,2.0169869038562686e-05,1.1228415216610289e-07
PowerLaw (c=2.0 - Steep),2,Haar-Random,3,2026,100,60,60,0.40564414919184244,False,1,20,0.234795808816675,0.0007214315348989495,0.004961026734325084,0.0028526514207062267,0.14736951073118335,1.3912885312564284e-06,6.57915466059304e-05,2.1753261152568287e-05
PowerLaw (c=2.0 - Steep),2,Haar-Random,4,2026,100,60,60,0.40564414919184244,False,1,20,0.12946895309180853,0.0009379224244315777,0.0016003571104796774,0.0007514417086729423,0.04480827586629094,2.3515856411055695e-06,6.846376343952338e-06,1.5094459089512627e-06
PowerLaw (c=2.0 - Steep),2,Haar-Random,5,2026,100,60,60,0.40564414919184244,False,1,20,0.1613720608176089,0.0009457470712532676,0.0034159462180875047,0.001710891710632078,0.06961192625644445,2.390985658164972e-06,3.1192415677447374e-05,7.82477764653627e-06
PowerLaw (c=2.0 - Steep),2,Haar-Random,6,2026,100,60,60,0.40564414919184244,False,1,20,0.04899630039407637,0.00175807395006664,0.001415863121630953,0.00045139594882034716,0.006417317669155957,8.262305304623638e-06,5.3588240899278245e-06,5.44681061411067e-07
PowerLaw (c=2.0 - Steep),2,Haar-Random,7,2026,100,60,60,0.40564414919184244,False,1,20,0.09488015389723704,0.0006592877885398443,0.0017823181413649468,0.0004054377246450087,0.024064548723792913,1.161922132836103e-06,8.491754228437056e-06,4.394153993999019e-07
PowerLaw (c=2.0 - Steep),2,Haar-Random,8,2026,100,60,60,0.40564414919184244,False,1,20,0.014832838336365931,0.0017923553684935556,0.0030260958620056564,4.645255781788849e-05,0.0005881329179971114,8.587667144401337e-06,2.447892402032772e-05,5.768278573757785e-09
PowerLaw (c=2.0 - Steep),2,Haar-Random,9,2026,100,60,60,0.40564414919184244,False,1,20,0.016413473563211562,0.0022082097115403883,0.0005984768835152175,0.0005296075095824013,0.0007201582843139203,1.3034896648077227e-05,9.574623853856765e-07,7.497823797936531e-07
PowerLaw (c=2.0 - Steep),3,Haar-Random,0,2026,100,60,60,0.40606202835241456,False,1,20,0.17671870928105302,0.0007371984103985785,0.0005168517111470503,9.8366574614847e-05,0.08348184193259722,1.4527662472830877e-06,7.140997447552479e-07,2.586557025595434e-08
PowerLaw (c=2.0 - Steep),3,Haar-Random,1,2026,100,60,60,0.40606202835241456,False,1,20,0.09406964624519791,0.0016475832309057316,0.0023251754299882343,6.183457972188937e-05,0.023655165051665112,7.256407893702776e-06,1.4452348026488555e-05,1.0220915259226481e-08
PowerLaw (c=2.0 - Steep),3,Haar-Random,2,2026,100,60,60,0.40606202835241456,False,1,20,0.03497372622479581,0.0021327801523085884,0.0018133275329849392,0.00012242692287478326,0.003269721575738623,1.2159595893852733e-05,8.789809697567829e-06,4.0066446711667606e-08
PowerLaw (c=2.0 - Steep),3,Haar-Random,3,2026,100,60,60,0.40606202835241456,False,1,20,0.1588100141856237,0.0005302040574309609,0.0009070698928683633,0.001978021072051862,0.06741906575027933,7.514724350337572e-07,2.1994214967219487e-06,1.0458966903341385e-05
PowerLaw (c=2.0 - Steep),3,Haar-Random,4,2026,100,60,60,0.40606202835241456,False,1,20,0.1148567581537169,0.0008394494356675042,0.0019959135236405903,0.0022553015994275535,0.03526468989562263,1.8837186775487483e-06,1.0649038633018228e-05,1.3596784576769038e-05
PowerLaw (c=2.0 - Steep),3,Haar-Random,5,2026,100,60,60,0.40606202835241456,False,1,20,0.15692373698027862,0.0006326582119021407,0.0030231869250519354,0.0004129713755193767,0.06582702754016254,1.0699543779214312e-06,2.4431884253884887e-05,4.5589713340786503e-07
PowerLaw (c=2.0 - Steep),3,Haar-Random,6,2026,100,60,60,0.40606202835241456,False,1,20,0.019797041788792182,0.00021813280243733157,0.0021682792415817255,0.00036209666361858983,0.0010476773637883956,1.271946717489381e-07,1.2567745716569775e-05,3.50490303440759e-07
PowerLaw (c=2.0 - Steep),3,Haar-Random,7,2026,100,60,60,0.40606202835241456,False,1,20,0.09461501562700741,0.0011358904621627797,0.0016496805344180317,0.0019345330331088306,0.023930242071742765,3.4490529897327256e-06,7.274893850559817e-06,1.0004128484405826e-05
PowerLaw (c=2.0 - Steep),3,Haar-Random,8,2026,100,60,60,0.40606202835241456,False,1,20,0.02182536722381625,0.0005724966115253756,0.0007785711732657242,2.254296281759815e-05,0.001273356707543104,8.761385749534591e-07,1.6204050973003652e-06,1.358466554026098e-09
PowerLaw (c=2.0 - Steep),3,Haar-Random,9,2026,100,60,60,0.40606202835241456,False,1,20,0.042695347534987486,0.0002596019219415255,0.0015423166453329153,0.0009501349742892546,0.004872906372729817,1.8015352647299054e-07,6.358783701080262e-06,2.4132236361852785e-06
PowerLaw (c=2.0 - Steep),4,Haar-Random,0,2026,100,60,60,0.40736194047703833,False,1,20,0.12683569114489318,0.0003771054007080732,0.0007969877568125798,0.0004577173320877192,0.04300410568837474,3.8014778589061696e-07,1.6979709694548556e-06,5.600433912610637e-07
PowerLaw (c=2.0 - Steep),4,Haar-Random,1,2026,100,60,60,0.40736194047703833,False,1,20,0.18440765626363123,0.0013672270478506034,0.007391294106128858,0.0044467990195143775,0.0909043900969016,4.996987279167183e-06,0.00014603868985301532,5.285936765184904e-05
PowerLaw (c=2.0 - Steep),4,Haar-Random,2,2026,100,60,60,0.40736194047703833,False,1,20,0.22252797180602707,0.0017526032815582356,0.004357192067565084,0.0021514249001583267,0.1323720151240775,8.210965021014885e-06,5.0750505172846534e-05,1.2373123349139525e-05
PowerLaw (c=2.0 - Steep),4,Haar-Random,3,2026,100,60,60,0.40736194047703833,False,1,20,0.055900094415394404,0.0017809925253921826,0.001544881116695932,0.0013817099188312856,0.008353183920148935,8.479127280864403e-06,6.3799472874764635e-06,5.103412951961579e-06
PowerLaw (c=2.0 - Steep),4,Haar-Random,4,2026,100,60,60,0.40736194047703833,False,1,20,0.027994599809988266,0.0011244734321446878,0.000564528958539118,2.0785446251410734e-05,0.0020949588076202954,3.380067386634462e-06,8.519211700236581e-07,1.1549034187641896e-09
PowerLaw (c=2.0 - Steep),4,Haar-Random,5,2026,100,60,60,0.40736194047703833,False,1,20,0.0662354032074897,2.3830008526340157e-05,0.00178268383886885,0.0007625485790305534,0.011727550988102782,1.5180125303839215e-09,8.49523927618319e-06,1.5543971568573222e-06
PowerLaw (c=2.0 - Steep),4,Haar-Random,6,2026,100,60,60,0.40736194047703833,False,1,20,0.051526880205268966,0.0010296029979097007,0.0012338700815809605,0.001414873183876684,0.00709732441544765,2.8337827862094076e-06,4.0697321636035085e-06,5.351333185371505e-06
PowerLaw (c=2.0 - Steep),4,Haar-Random,7,2026,100,60,60,0.40736194047703833,False,1,20,0.04026004687265895,0.0025513777951785086,0.0008130060907615865,0.0013118101289452278,0.004332868546650456,1.7401092033835168e-05,1.7669105316319947e-06,4.600117456325133e-06
PowerLaw (c=2.0 - Steep),4,Haar-Random,8,2026,100,60,60,0.40736194047703833,False,1,20,0.04999754954041036,0.0023622724135225477,0.0005803816719691716,0.0012364754353125194,0.006682275850628319,1.4917186436159938e-05,9.004390881993674e-07,4.086937032107576e-06
PowerLaw (c=2.0 - Steep),4,Haar-Random,9,2026,100,60,60,0.40736194047703833,False,1,20,0.21385825039751294,0.00010592919864197538,0.0008159930084195197,0.0017853739112423923,0.12225847659072979,2.999565395080629e-08,1.7799173493951799e-06,8.520897276154488e-06
PowerLaw (c=2.0 - Steep),5,Haar-Random,0,2026,100,60,60,0.4038647726598837,False,1,20,0.280421426718541,0.00017784656655449844,0.0011502163046428026,0.0012226538859911173,0.21020805320139568,8.455084095126553e-08,3.536600468116115e-06,3.996078637914803e-06
PowerLaw (c=2.0 - Steep),5,Haar-Random,1,2026,100,60,60,0.4038647726598837,False,1,20,0.045791042590699195,0.00019430490475895424,0.00097398166910286,0.0014377512894315258,0.005605160136421627,1.0092400765981004e-07,2.535879001663098e-06,5.525791480540902e-06
PowerLaw (c=2.0 - Steep),5,Haar-Random,2,2026,100,60,60,0.4038647726598837,False,1,20,0.08282886185539058,1.98705441693632e-05,0.0025971719305268345,0.0007146381445782404,0.018339620666707815,1.0554714308384826e-09,1.8031354923011724e-05,1.365209644896817e-06
PowerLaw (c=2.0 - Steep),5,Haar-Random,3,2026,100,60,60,0.4038647726598837,False,1,20,0.173618643971608,0.0006226583896917192,0.0023236601234352824,0.0004804975381292042,0.08057859317506338,1.0363981981786737e-06,1.4433517101813716e-05,6.171763770236082e-07
PowerLaw (c=2.0 - Steep),5,Haar-Random,4,2026,100,60,60,0.4038647726598837,False,1,20,0.14988634301474157,0.0023295954636617126,0.0004389529156047277,0.001140989113279245,0.060055265080491395,1.4507346526997632e-05,5.150659459253658e-07,3.4800858865886695e-06
PowerLaw (c=2.0 - Steep),5,Haar-Random,5,2026,100,60,60,0.4038647726598837,False,1,20,0.11991902546887692,0.0007521511859466317,0.0011178529610424233,0.0014088265758113135,0.03844174929258327,1.512297555624221e-06,3.3403834558009802e-06,5.305691959889117e-06
PowerLaw (c=2.0 - Steep),5,Haar-Random,6,2026,100,60,60,0.4038647726598837,False,1,20,0.0039581091780224965,0.0002832636945009065,0.0007685229653627985,0.002224918260725841,4.187959755664934e-05,2.1449086040800005e-07,1.5788492335192653e-06,1.3232901563110101e-05
PowerLaw (c=2.0 - Steep),5,Haar-Random,7,2026,100,60,60,0.4038647726598837,False,1,20,0.10246524645889704,0.00241075465714127,0.003258238621731283,0.00046894680405703247,0.028065975319380775,1.5535777394752046e-05,2.8378715591959686e-05,5.878602862880161e-07
PowerLaw (c=2.0 - Steep),5,Haar-Random,8,2026,100,60,60,0.4038647726598837,False,1,20,0.018592659978506707,0.0007093629422531623,0.0005934520195303854,0.00118074105714649,0.0009240809450601158,1.3451290579474306e-06,9.414520060197257e-07,3.7268017509393602e-06
PowerLaw (c=2.0 - Steep),5,Haar-Random,9,2026,100,60,60,0.4038647726598837,False,1,20,0.06066277038387113,0.0003577043042384927,0.00055569271286081,0.0013775292069636098,0.009837198639900506,3.4203873614592586e-07,8.254606293878514e-07,5.07257634837143e-06
PowerLaw (c=2.0 - Steep),6,Haar-Random,0,2026,100,60,60,0.4040436584911326,False,1,20,0.0685785300309803,0.004414754795569802,0.002233057352015475,0.00012288825858408774,0.012571969092943579,5.210028931321296e-05,1.3329894602565911e-05,4.036897671952616e-08
PowerLaw (c=2.0 - Steep),6,Haar-Random,1,2026,100,60,60,0.4040436584911326,False,1,20,0.049102255941912934,0.0009552944445640358,0.0044191241094101155,0.0006915018408036508,0.006445102853239467,2.43950361083077e-06,5.220346839129334e-05,1.2782436445401574e-06
PowerLaw (c=2.0 - Steep),6,Haar-Random,2,2026,100,60,60,0.4040436584911326,False,1,20,0.1144853053093778,0.0015206750605750157,0.00017189638422754507,0.0016923175796178889,0.03503696297954671,6.181584466479299e-06,7.898787752698283e-08,7.655801997344668e-06
PowerLaw (c=2.0 - Steep),6,Haar-Random,3,2026,100,60,60,0.4040436584911326,False,1,20,0.019042191980153424,0.0012220610628974925,0.0015063059312948747,0.001684861950016157,0.0009693058629540907,3.992204453385747e-06,6.065314617884504e-06,7.588494191524863e-06
PowerLaw (c=2.0 - Steep),6,Haar-Random,4,2026,100,60,60,0.4040436584911326,False,1,20,0.00837316751227785,0.00043149846127208167,0.0025632301962040076,0.0012963338465958312,0.0001874159378043507,4.977204254451314e-07,1.756314077110333e-05,4.492216531480991e-06
PowerLaw (c=2.0 - Steep),6,Haar-Random,5,2026,100,60,60,0.4040436584911326,False,1,20,0.0626740522720011,0.00037935331954794754,0.0004358554055299205,0.0016309994307602174,0.010500319454085803,3.846934026941485e-07,5.078223770499812e-07,7.111063878320285e-06
PowerLaw (c=2.0 - Steep),6,Haar-Random,6,2026,100,60,60,0.4040436584911326,False,1,20,0.10773760113672969,0.001246764608423503,0.002292850598691689,0.0015069132390067256,0.031028555916252844,4.1552378867446945e-06,1.4053305111457688e-05,6.07020639294718e-06
PowerLaw (c=2.0 - Steep),6,Haar-Random,7,2026,100,60,60,0.4040436584911326,False,1,20,0.011935835195933647,0.0005629927519235946,0.0027490560836175484,0.0030065924160876806,0.0003808312588056016,8.472909513197841e-07,2.020199042635454e-05,2.4164403347295272e-05
PowerLaw (c=2.0 - Steep),6,Haar-Random,8,2026,100,60,60,0.4040436584911326,False,1,20,0.12399322224449756,0.001704461518392622,0.00037733499037100315,0.0015635253983711298,0.04109820494486964,7.766071098472966e-06,3.80610810658757e-07,6.534868335789886e-06
PowerLaw (c=2.0 - Steep),6,Haar-Random,9,2026,100,60,60,0.4040436584911326,False,1,20,0.04004595393756043,0.0013559573015829293,0.0011721500690054538,0.0003857409140477777,0.0042869088349272565,4.9149486978292055e-06,3.6727671544933847e-06,3.9775749462993327e-07
PowerLaw (c=2.0 - Steep),7,Haar-Random,0,2026,100,60,60,0.4070190369544838,False,1,20,0.11827201036334412,0.0025806553577846407,0.0010055488911319243,3.5311495382610835e-05,0.03739305245990217,1.7802745327418893e-05,2.7029209460928716e-06,3.3331831688822194e-09
PowerLaw (c=2.0 - Steep),7,Haar-Random,1,2026,100,60,60,0.4070190369544838,False,1,20,0.18767678055169923,0.0021962237934413193,6.213298091232159e-06,7.807186978799717e-05,0.0941560109371189,1.2893776727142158e-05,1.0319801431829449e-10,1.6293565180089727e-08
PowerLaw (c=2.0 - Steep),7,Haar-Random,2,2026,100,60,60,0.4070190369544838,False,1,20,0.09302029310731842,0.00019505238419001802,0.002067256587869726,0.001303017088815839,0.023130358726470814,1.0170199855886135e-07,1.1423935178462869e-05,4.538655127320051e-06
PowerLaw (c=2.0 - Steep),7,Haar-Random,3,2026,100,60,60,0.4070190369544838,False,1,20,0.08873918720091764,0.0010978143853428842,0.0005102094670195819,0.0012291858973118546,0.021050278886604126,3.221697763392051e-06,6.958633868039499e-07,4.038890683314855e-06
PowerLaw (c=2.0 - Steep),7,Haar-Random,4,2026,100,60,60,0.4070190369544838,False,1,20,0.09633178026306442,0.0007068117836369416,0.00024181222402345557,0.0014609535028798817,0.024806536589799394,1.3354711900281897e-06,1.5630881253342716e-07,5.7055793422686194e-06
PowerLaw (c=2.0 - Steep),7,Haar-Random,5,2026,100,60,60,0.4070190369544838,False,1,20,0.3173987554539236,0.00019080847432242633,0.0030701830918617628,0.002838247890820407,0.2693006489807395,9.732452190093765e-08,2.519738734521566e-05,2.153414378548314e-05
PowerLaw (c=2.0 - Steep),7,Haar-Random,6,2026,100,60,60,0.4070190369544838,False,1,20,0.18109763682481875,8.632653859436197e-05,0.0012312382934328452,0.0026586987296069375,0.08767030699016778,1.9921205520919736e-08,4.052389575680321e-06,1.889579710688301e-05
PowerLaw (c=2.0 - Steep),7,Haar-Random,7,2026,100,60,60,0.4070190369544838,False,1,20,0.05606686096905737,0.00028890519940753004,0.00349399875305132,0.0008214595478268686,0.008403098311969778,2.2311957640061792e-07,3.263416103701676e-05,1.8038454468991277e-06
PowerLaw (c=2.0 - Steep),7,Haar-Random,8,2026,100,60,60,0.4070190369544838,False,1,20,0.04002050836115058,0.0024210184984953466,0.0032938944228531808,0.0008124578474364963,0.004281462681223402,1.5668346836732244e-05,2.900322626806958e-05,1.7645283347456694e-06
PowerLaw (c=2.0 - Steep),7,Haar-Random,9,2026,100,60,60,0.4070190369544838,False,1,20,0.06235287462994139,0.0004658015242060988,0.0005235544752893602,0.0009730471815269894,0.010392975936459733,5.800010390541501e-07,7.327413722108119e-07,2.531015233343895e-06
PowerLaw (c=2.0 - Steep),8,Haar-Random,0,2026,100,60,60,0.4037087142877852,False,1,20,0.18015629240061923,0.0019692276957373835,0.0011127348208151099,0.002904217468497862,0.0867612563124126,1.036618204306387e-05,3.3098652877247682e-06,2.2546816360931906e-05
PowerLaw (c=2.0 - Steep),8,Haar-Random,1,2026,100,60,60,0.4037087142877852,False,1,20,0.0432641849617648,0.0005472652552263582,0.0024506447246194596,0.0005341273898811175,0.005003616479371785,8.006131407065114e-07,1.605416311936471e-05,7.626348706148482e-07
PowerLaw (c=2.0 - Steep),8,Haar-Random,2,2026,100,60,60,0.4037087142877852,False,1,20,0.01756603741254698,0.0016202445717817184,0.0004694631902006192,0.0007764696486069794,0.0008248492194085946,7.017591940759302e-06,5.891556572744975e-07,1.6116692859766866e-06
PowerLaw (c=2.0 - Steep),8,Haar-Random,3,2026,100,60,60,0.4037087142877852,False,1,20,0.025816793190471674,0.0005442733005109774,0.0010193642374183988,0.0006766945138661518,0.0017816875798636754,7.918830037355768e-07,2.7777026114085044e-06,1.224086961702777e-06
PowerLaw (c=2.0 - Steep),8,Haar-Random,4,2026,100,60,60,0.4037087142877852,False,1,20,0.045470967990249335,0.001616356631855568,0.0020306792101888464,0.0002473788517945135,0.005527075030198474,6.983953512285739e-06,1.1023248708593653e-05,1.6358824746857483e-07
PowerLaw (c=2.0 - Steep),8,Haar-Random,5,2026,100,60,60,0.4037087142877852,False,1,20,0.13472339981034445,0.0016346366359301272,0.0003675071356792804,0.001581817725953658,0.048519132672726166,7.142815253855604e-06,3.61042653904556e-07,6.688671036149522e-06
PowerLaw (c=2.0 - Steep),8,Haar-Random,6,2026,100,60,60,0.4037087142877852,False,1,20,0.1646223422294825,0.0011327597968723978,0.00019405411408331886,6.357182062610784e-05,0.0724443489734441,3.430067091514749e-06,1.0066364917129496e-07,1.0803295604474085e-08
PowerLaw (c=2.0 - Steep),8,Haar-Random,7,2026,100,60,60,0.4037087142877852,False,1,20,0.02223102327741107,0.00010903090031497865,0.0018981304801190032,0.000981364240241845,0.001321130952853306,3.1777970495843994e-08,9.631170854793944e-06,2.5744675284544836e-06
PowerLaw (c=2.0 - Steep),8,Haar-Random,8,2026,100,60,60,0.4037087142877852,False,1,20,0.07389201103401123,0.0004587001584508484,0.00037262910337168277,0.0010595730265986385,0.014595599361746038,5.624510621835456e-07,3.7117652707655735e-07,3.0011572323337014e-06
PowerLaw (c=2.0 - Steep),8,Haar-Random,9,2026,100,60,60,0.4037087142877852,False,1,20,0.146258477894098,0.0004986750895749096,0.0006588096437867091,0.004475479147437844,0.05718327963229406,6.647560669999487e-07,1.1602373890258476e-06,5.354341128353103e-05
PowerLaw (c=2.0 - Steep),9,Haar-Random,0,2026,100,60,60,0.40252882411116836,False,1,20,0.06128037780982821,0.0008395856609758473,0.00041111929421962375,0.00030300860281415163,0.010038523252997868,1.8843301044389018e-06,4.518171161053562e-07,2.454352168975224e-07
PowerLaw (c=2.0 - Steep),9,Haar-Random,1,2026,100,60,60,0.40252882411116836,False,1,20,0.045411939135446035,0.0006673330283976676,0.003859729124694797,0.0004585436936586811,0.0055127342252375535,1.190452855049882e-06,3.9823608975736884e-05,5.620674181944444e-07
PowerLaw (c=2.0 - Steep),9,Haar-Random,2,2026,100,60,60,0.40252882411116836,False,1,20,0.12031704546516309,0.000447206776390288,0.0009189705228281223,5.223618214895299e-05,0.03869735471848898,5.346181666919764e-07,2.257512288757302e-06,7.294068141237935e-09
PowerLaw (c=2.0 - Steep),9,Haar-Random,3,2026,100,60,60,0.40252882411116836,False,1,20,0.07548415698782467,0.001003390509836552,0.0004249146976107846,0.002461141581504604,0.015231356364656678,2.691329917789988e-06,4.826479520776982e-07,1.6191987389402213e-05
PowerLaw (c=2.0 - Steep),9,Haar-Random,4,2026,100,60,60,0.40252882411116836,False,1,20,0.09937771820930391,0.0004040281046985202,0.0021266373527808703,0.0005294867682837425,0.02640006538769716,4.3636520501180733e-07,1.2089653013284723e-05,7.494405440869767e-07
PowerLaw (c=2.0 - Steep),9,Haar-Random,5,2026,100,60,60,0.40252882411116836,False,1,20,0.06742495874924397,0.0002851437824775804,0.0021245913248124685,0.0008389271922550927,0.012152575833847304,2.1734756225225286e-07,1.2066401405221885e-05,1.8813755854764649e-06
PowerLaw (c=2.0 - Steep),9,Haar-Random,6,2026,100,60,60,0.40252882411116836,False,1,20,0.09607893931608497,0.0001460451542230183,0.0017495279391285604,0.0007638374308183267,0.02467648860315591,5.7016593211327044e-08,8.182174279153492e-06,1.5596560496340253e-06
PowerLaw (c=2.0 - Steep),9,Haar-Random,7,2026,100,60,60,0.40252882411116836,False,1,20,0.18529865736285847,0.0008979823651121046,0.0010011255975372149,0.0010056194109180866,0.09178495641195746,2.1555722142702805e-06,2.679193573128609e-06,2.7033000745322603e-06
PowerLaw (c=2.0 - Steep),9,Haar-Random,8,2026,100,60,60,0.40252882411116836,False,1,20,0.023024128602425923,0.001616957058772755,0.00027312398256920347,0.0002224230076885892,0.0014170767274820566,6.989143125079899e-06,1.99409862472149e-07,1.3224716758488996e-07
PowerLaw (c=2.0 - Steep),9,Haar-Random,9,2026,100,60,60,0.40252882411116836,False,1,20,0.1457200744205994,5.488259951746158e-05,0.0010198387904954205,0.0011322000737933795,0.056763050878844354,8.051861724766154e-09,2.780289467218377e-06,3.426678176427339e-06
PowerLaw (c=2.0 - Steep),10,Haar-Random,0,2026,100,60,60,0.4072442745657677,False,1,20,0.02404207644000232,0.0008866602819125235,0.0018411778243134422,0.0014507340928162,0.0015451509321373702,2.1015584344343586e-06,9.061882610457453e-06,5.626037148752711e-06
PowerLaw (c=2.0 - Steep),10,Haar-Random,1,2026,100,60,60,0.4072442745657677,False,1,20,0.09857382087922817,0.0002280316769533188,0.0015257578262392602,0.0014375382924363162,0.025974676216684874,1.390008074734708e-07,6.22297668112208e-06,5.524154354832181e-06
PowerLaw (c=2.0 - Steep),10,Haar-Random,2,2026,100,60,60,0.4072442745657677,False,1,20,0.0745796912845548,0.0018054206954357106,0.0003993858674835302,5.5314386983952186e-05,0.014868533085819131,8.713322606290973e-06,4.263952391768376e-07,8.179055749920627e-09
PowerLaw (c=2.0 - Steep),10,Haar-Random,3,2026,100,60,60,0.4072442745657677,False,1,20,0.12596744322117642,0.000504745149493913,0.0006434101643997747,0.0002497322879910829,0.04241735559332168,6.810378812428888e-07,1.1066309082656912e-06,1.6671564353148395e-07
PowerLaw (c=2.0 - Steep),10,Haar-Random,4,2026,100,60,60,0.4072442745657677,False,1,20,0.05407876688907997,0.0017785229580373268,0.0008767636546949006,0.001271414848880966,0.007817727375614912,8.455628857561649e-06,2.054906365971758e-06,4.321171663376553e-06
PowerLaw (c=2.0 - Steep),10,Haar-Random,5,2026,100,60,60,0.4072442745657677,False,1,20,0.052985044293741144,0.0005194626605275585,0.0022287495802584822,0.0012625016323452522,0.007504703946786918,7.213327192564751e-07,1.3278515037989163e-05,4.2607971400968575e-06
PowerLaw (c=2.0 - Steep),10,Haar-Random,6,2026,100,60,60,0.4072442745657677,False,1,20,0.015595597851688143,0.0001429481696770133,0.0013512808973505958,0.000562588520259527,0.0006501761235631176,5.462408294878509e-08,4.881105961126905e-06,8.460746696856004e-07
PowerLaw (c=2.0 - Steep),10,Haar-Random,7,2026,100,60,60,0.4072442745657677,False,1,20,0.15735076207935825,0.0011664986628088603,0.0019563752547082374,0.0006183037144008881,0.06618577555447719,3.637436760584744e-06,1.02313109267198e-05,1.0219524094987594e-06
PowerLaw (c=2.0 - Steep),10,Haar-Random,8,2026,100,60,60,0.4072442745657677,False,1,20,0.04651838810554008,0.0022432421495785027,0.0013925678178701476,0.0010867372411979793,0.005784639201510911,1.345176507618796e-05,5.183936461844226e-06,3.1570107528892157e-06
PowerLaw (c=2.0 - Steep),10,Haar-Random,9,2026,100,60,60,0.4072442745657677,False,1,20,0.18711263220255364,0.003983253986225016,0.0001355444371668543,0.0009994102299022089,0.09359080385263067,4.2413387448324667e-05,4.911230959244328e-08,2.6700201694289502e-06
PowerLaw (c=2.0 - Steep),11,Haar-Random,0,2026,100,60,60,0.40254854052177524,False,1,20,0.082053064995133,0.0008678062943639773,0.003167373748646301,0.001147156236404212,0.017997682142732816,2.013133392195375e-06,2.681795062540366e-05,3.517807754388763e-06
PowerLaw (c=2.0 - Steep),11,Haar-Random,1,2026,100,60,60,0.40254854052177524,False,1,20,0.18566392724989433,0.0003874230650687587,0.0008420465777643063,2.4370208718001625e-06,0.09214717517241601,4.0123416532561394e-07,1.8953926459839867e-06,1.587615968198072e-11
PowerLaw (c=2.0 - Steep),11,Haar-Random,2,2026,100,60,60,0.40254854052177524,False,1,20,0.024206417817274544,0.0010106690807829468,0.0006948836196490619,0.00040128540491390295,0.0015663471145152198,2.7305172227410924e-06,1.290776676847584e-06,4.304608805129398e-07
PowerLaw (c=2.0 - Steep),11,Haar-Random,3,2026,100,60,60,0.40254854052177524,False,1,20,0.07238960237051627,0.0010302970388082428,0.0003214275815516339,0.0004123193606736306,0.014008103540444966,2.837604500089848e-06,2.761806467152341e-07,4.544586945203167e-07
PowerLaw (c=2.0 - Steep),11,Haar-Random,4,2026,100,60,60,0.40254854052177524,False,1,20,0.15341772879202856,0.0019715870738922386,0.002049771375036893,0.0002005696943110264,0.06291845637690147,1.0391036858191976e-05,1.1231501225721487e-05,1.0753691816989383e-07
PowerLaw (c=2.0 - Steep),11,Haar-Random,5,2026,100,60,60,0.40254854052177524,False,1,20,0.23373250022849576,0.002476960466509201,0.000397434930601989,0.0010222854374255072,0.14603776252890713,1.6400802965406645e-05,4.222396668918783e-07,2.7936455905488983e-06
PowerLaw (c=2.0 - Steep),11,Haar-Random,6,2026,100,60,60,0.40254854052177524,False,1,20,0.013623188842762904,0.0008313163465985684,0.0011337049513839592,0.00233026923265108,0.0004961174634316391,1.8473943099820279e-06,3.4357934527525733e-06,1.4515739412262424e-05
PowerLaw (c=2.0 - Steep),11,Haar-Random,7,2026,100,60,60,0.40254854052177524,False,1,20,0.059314213428339244,0.003137680562531788,0.00026265935651164295,0.005047107024718988,0.009404690590998585,2.631748691285005e-05,1.844219937884966e-07,6.809449276943874e-05
PowerLaw (c=2.0 - Steep),11,Haar-Random,8,2026,100,60,60,0.40254854052177524,False,1,20,0.20213644773338965,0.0012204444575982033,0.000357929754249953,0.0011363420274312327,0.10922353281283108,3.981649252260303e-06,3.4247002498942364e-07,3.451795828364157e-06
PowerLaw (c=2.0 - Steep),11,Haar-Random,9,2026,100,60,60,0.40254854052177524,False,1,20,0.0019809010881523792,0.0025032903419527712,0.0011463340968803765,0.0008418430567981754,1.0489445771788149e-05,1.675133440806327e-05,3.51276730333159e-06,1.894476531519694e-06
PowerLaw (c=2.0 - Steep),12,Haar-Random,0,2026,100,60,60,0.4044007143967754,False,1,20,0.19487287184612595,0.0005300196622892009,0.0006439016558603706,0.003347797360439253,0.10151488612645643,7.509498295629858e-07,1.1083222318100662e-06,2.9960239874754352e-05
PowerLaw (c=2.0 - Steep),12,Haar-Random,1,2026,100,60,60,0.4044007143967754,False,1,20,0.04580960095632505,0.002099013490219873,0.0007704716423932017,0.0024645488939350974,0.005609704417776842,1.1777616817256432e-05,1.5868660866096914e-06,1.6236852220429302e-05
PowerLaw (c=2.0 - Steep),12,Haar-Random,2,2026,100,60,60,0.4044007143967754,False,1,20,0.18207209676624583,0.001281901175092591,9.021248364181678e-05,0.0003514120202919544,0.08861632760235269,4.392745598528265e-06,2.1755057729603655e-08,3.301111446481265e-07
PowerLaw (c=2.0 - Steep),12,Haar-Random,3,2026,100,60,60,0.4044007143967754,False,1,20,0.1325497738544352,0.0011747711103794944,0.0019175714765854524,0.0012524546378853978,0.04696614809441608,3.6892108467987287e-06,9.829469582176034e-06,4.193252084771276e-06
PowerLaw (c=2.0 - Steep),12,Haar-Random,4,2026,100,60,60,0.4044007143967754,False,1,20,0.02485995701402059,0.0009225660906910419,0.0003849412211094141,0.00046971051148355,0.0016520671955988194,2.2752123516276915e-06,3.961099942860758e-07,5.897765754529851e-07
PowerLaw (c=2.0 - Steep),12,Haar-Random,5,2026,100,60,60,0.4044007143967754,False,1,20,0.029005717611184458,0.0013689502132413081,0.0003518790992067519,9.582075521082893e-05,0.002249024518276954,5.009590981964794e-06,3.30989261591624e-07,2.4544045073469225e-08
PowerLaw (c=2.0 - Steep),12,Haar-Random,6,2026,100,60,60,0.4044007143967754,False,1,20,0.20606858526425886,0.0008348801265405211,0.0017748411673634207,3.660283376049505e-05,0.11351429075870997,1.8632674939974378e-06,8.420656430934292e-06,3.5814292793394824e-09
PowerLaw (c=2.0 - Steep),12,Haar-Random,7,2026,100,60,60,0.4044007143967754,False,1,20,0.039680805199484026,0.0003772105719527614,0.001170680224547932,0.0015240569732334285,0.004209087105905674,3.8035985493469006e-07,3.6635618285424674e-06,6.209110169807176e-06
PowerLaw (c=2.0 - Steep),12,Haar-Random,8,2026,100,60,60,0.4044007143967754,False,1,20,0.07828371489063488,0.0004388842894856172,0.002208491250746417,0.0017852795224828782,0.016382109108730704,5.149049071778541e-07,1.3038220669685752e-05,8.519996338083633e-06
PowerLaw (c=2.0 - Steep),12,Haar-Random,9,2026,100,60,60,0.4044007143967754,False,1,20,0.16362143289105582,0.0026562484740586347,0.003638697695152205,0.0017460886766170755,0.07156609888747463,1.8860984439790166e-05,3.539312519635229e-05,8.150036483733227e-06
PowerLaw (c=2.0 - Steep),13,Haar-Random,0,2026,100,60,60,0.40633086170565264,False,1,20,0.19164263289234174,0.0015829962957390454,0.0008337427565014698,0.002829446676935271,0.09817733036002613,6.6986418465509256e-06,1.8581942361034332e-06,2.1400799019271677e-05
PowerLaw (c=2.0 - Steep),13,Haar-Random,1,2026,100,60,60,0.40633086170565264,False,1,20,0.006841617864766426,0.0015851349082827294,8.422890606412692e-05,0.0005013277915510033,0.00012512514316900822,6.716753672238575e-06,1.896484429857008e-08,6.718472170159194e-07
PowerLaw (c=2.0 - Steep),13,Haar-Random,2,2026,100,60,60,0.40633086170565264,False,1,20,0.09380043572692072,0.001399283004342385,0.0004715271021292821,0.0012200873268477437,0.023519965077081473,5.234052559489538e-06,5.943472816777239e-07,3.979319344781379e-06
PowerLaw (c=2.0 - Steep),13,Haar-Random,3,2026,100,60,60,0.40633086170565264,False,1,20,0.009975191940848586,0.00014823918323242214,0.0017623371883282914,0.0015444750081518217,0.00026599255620550467,5.874257605683854e-08,8.302425214828791e-06,6.376593488235824e-06
PowerLaw (c=2.0 - Steep),13,Haar-Random,4,2026,100,60,60,0.40633086170565264,False,1,20,0.07831428737988431,0.0008571617504593909,0.0031209637354594707,0.0007612452177861417,0.01639490716394089,1.964049943133334e-06,2.6037807125613952e-05,1.5490880928013553e-06
PowerLaw (c=2.0 - Steep),13,Haar-Random,5,2026,100,60,60,0.40633086170565264,False,1,20,0.08513020848031758,5.43787142437217e-05,0.0002200963211975005,3.2875540539529545e-05,0.019372887428963953,7.904689774421153e-09,1.2949485931948442e-07,2.889167796350112e-09
PowerLaw (c=2.0 - Steep),13,Haar-Random,6,2026,100,60,60,0.40633086170565264,False,1,20,0.13992683998075162,0.002160315136035922,0.001479634478438019,0.0005429706370528856,0.052339433028145685,1.2475592423557829e-05,5.852424858737859e-06,7.880969551199106e-07
PowerLaw (c=2.0 - Steep),13,Haar-Random,7,2026,100,60,60,0.40633086170565264,False,1,20,0.10198164702070017,0.0003710284797314456,0.003442282574059575,0.0008914962998459959,0.027801677691926045,3.6799460749957843e-07,3.167524608573384e-05,2.1245455704353704e-06
PowerLaw (c=2.0 - Steep),13,Haar-Random,8,2026,100,60,60,0.40633086170565264,False,1,20,0.02535601498474091,0.001736868345497921,0.0010542162303784626,0.0032249159308671595,0.0017186560075958877,8.06419018127004e-06,2.9708885320657553e-06,2.7801213715030587e-05
PowerLaw (c=2.0 - Steep),13,Haar-Random,9,2026,100,60,60,0.40633086170565264,False,1,20,0.15558300052204316,8.389547577387557e-05,0.0005493221922062702,0.0009019628059195518,0.06470699725720556,1.881499224048369e-08,8.066427784007715e-07,2.1747243586486754e-06
PowerLaw (c=2.0 - Steep),14,Haar-Random,0,2026,100,60,60,0.403446028201056,False,1,20,0.21717178433856282,0.0002446132526552626,0.0036148498196689562,0.0006747948688153354,0.12607638862481993,1.5995098764460087e-07,3.493071530368054e-05,1.2172239923472115e-06
PowerLaw (c=2.0 - Steep),14,Haar-Random,1,2026,100,60,60,0.403446028201056,False,1,20,0.15237769513857538,0.0028032106936822032,0.0011932063629196648,0.001758026837744037,0.06206828723897542,2.1005762141326327e-05,3.805906215056083e-06,8.261862489146672e-06
PowerLaw (c=2.0 - Steep),14,Haar-Random,2,2026,100,60,60,0.403446028201056,False,1,20,0.047763959824042315,0.0018106359402029642,0.0028322534204619446,0.0006264713304209418,0.00609856433601941,8.763734949102191e-06,2.144327824101946e-05,1.0491301374026922e-06
PowerLaw (c=2.0 - Steep),14,Haar-Random,3,2026,100,60,60,0.403446028201056,False,1,20,0.10339333313581775,0.0011843089191363569,0.001964361159340612,4.85899489929926e-05,0.028576697207683275,3.7493584388183933e-06,1.031500962944233e-05,6.311314866184655e-09
PowerLaw (c=2.0 - Steep),14,Haar-Random,4,2026,100,60,60,0.403446028201056,False,1,20,0.013321892589431963,0.00012365314739324343,0.000725126643910885,0.0006907009480633585,0.00047441544177196065,4.087307490742333e-08,1.4055771458257948e-06,1.2752844529580457e-06
PowerLaw (c=2.0 - Steep),14,Haar-Random,5,2026,100,60,60,0.403446028201056,False,1,20,0.154521892113,0.0006830486286364233,0.0003531731481929337,0.0003221967270425978,0.06382737677086732,1.2471830745673307e-06,3.3342818958862033e-07,2.7750397592161807e-07
PowerLaw (c=2.0 - Steep),14,Haar-Random,6,2026,100,60,60,0.403446028201056,False,1,20,0.039781347767032245,0.00047516569039809866,0.0007937600893327911,0.0025306016361274493,0.0042304439589993985,6.035553587698681e-07,1.6842458197105935e-06,1.7118847769383104e-05
PowerLaw (c=2.0 - Steep),14,Haar-Random,7,2026,100,60,60,0.403446028201056,False,1,20,0.07018331238671004,0.0006484074638143912,0.0032408059764041527,0.003462114604372135,0.013167237946294078,1.1238878383159362e-06,2.8075857088100573e-05,3.204127880221707e-05
PowerLaw (c=2.0 - Steep),14,Haar-Random,8,2026,100,60,60,0.403446028201056,False,1,20,0.018344895963454184,0.0003737377632871332,0.00039554498592668676,0.002472193202643633,0.0008996166138867063,3.733884890576295e-07,4.182334151064593e-07,1.6337732346861664e-05
PowerLaw (c=2.0 - Steep),14,Haar-Random,9,2026,100,60,60,0.403446028201056,False,1,20,0.19837070392339262,0.0007426684577869691,0.0022487930200099184,0.0011437934638564027,0.10519183468183563,1.4744054221695762e-06,1.3518419840779668e-05,3.4972137875857833e-06
PowerLaw (c=2.0 - Steep),15,Haar-Random,0,2026,100,60,60,0.4039266633316749,False,1,20,0.06733384376213096,0.0034553615527257013,0.0005254852075625477,0.0009117254696656246,0.012119753162653017,3.191640403172726e-05,7.381556549831906e-07,2.2220566945349493e-06
PowerLaw (c=2.0 - Steep),15,Haar-Random,1,2026,100,60,60,0.4039266633316749,False,1,20,0.057483295116458714,0.0008921641301674443,8.917917328040108e-05,0.001829445521539773,0.008833041512140764,2.1277298066117783e-06,2.1259539100609477e-08,8.94676280535568e-06
PowerLaw (c=2.0 - Steep),15,Haar-Random,2,2026,100,60,60,0.4039266633316749,False,1,20,0.08377291772674934,0.00021726219927061674,0.0009329305781795028,0.0008308763164792178,0.018760060925403565,1.2618138901474318e-07,2.3266208562928266e-06,1.845439112063446e-06
PowerLaw (c=2.0 - Steep),15,Haar-Random,3,2026,100,60,60,0.4039266633316749,False,1,20,0.14679764903321357,0.001989506147108365,0.0035212595146562322,0.001527379283653564,0.05760566066113144,1.0580776277988627e-05,3.314538194827229e-05,6.236210305876713e-06
PowerLaw (c=2.0 - Steep),15,Haar-Random,4,2026,100,60,60,0.4039266633316749,False,1,20,0.02035709216357978,0.000765897358078069,0.0005628143847288608,0.0009457884692194844,0.0011077925665976321,1.568079596358937e-06,8.467541594364572e-07,2.3911949828625932e-06
PowerLaw (c=2.0 - Steep),15,Haar-Random,5,2026,100,60,60,0.4039266633316749,False,1,20,0.0326790555704762,0.0025591799760436903,0.0023828161926954133,0.0033325161246268832,0.0028547360191251447,1.750768076113604e-05,1.5177772763852246e-05,2.968735323001325e-05
PowerLaw (c=2.0 - Steep),15,Haar-Random,6,2026,100,60,60,0.4039266633316749,False,1,20,0.0014221249569390125,0.00143169461660072,0.001319587779668223,0.0011916149248763282,5.4063290731304305e-06,5.479333629460792e-06,4.654826852586953e-06,3.7957607365213297e-06
PowerLaw (c=2.0 - Steep),15,Haar-Random,7,2026,100,60,60,0.4039266633316749,False,1,20,0.07905375558593536,0.0008945429691246946,0.001474573709428889,0.003307929709926173,0.016705980660529026,2.139091560200262e-06,5.81245942105383e-06,2.92509184003572e-05
PowerLaw (c=2.0 - Steep),15,Haar-Random,8,2026,100,60,60,0.4039266633316749,False,1,20,0.01869622791326695,0.0004820390458972953,0.0023022884739447567,0.00036917163969421216,0.000934404557878115,6.211427168768323e-07,1.4169236183940841e-05,3.643205106208211e-07
PowerLaw (c=2.0 - Steep),15,Haar-Random,9,2026,100,60,60,0.4039266633316749,False,1,20,0.1049665765454884,0.0012372367514936452,0.0008890136244170266,0.0008679650871840676,0.02945296539016237,4.091971356426764e-06,2.1127290038719535e-06,2.0138701934323613e-06
PowerLaw (c=2.0 - Steep),16,Haar-Random,0,2026,100,60,60,0.40565922749198047,False,1,20,0.009620173570247923,0.0023257247974675104,0.001908146688746097,0.0008451558334176822,0.0002473960587019881,1.445917812442451e-05,9.733084123888094e-06,1.909415957479951e-06
PowerLaw (c=2.0 - Steep),16,Haar-Random,1,2026,100,60,60,0.40565922749198047,False,1,20,0.011343401799227056,0.003369244154161831,0.0025558044709807102,0.0002353383241939398,0.0003439644764323925,3.0345334421009983e-05,1.7461526687118192e-05,1.4805131669663639e-07
PowerLaw (c=2.0 - Steep),16,Haar-Random,2,2026,100,60,60,0.40565922749198047,False,1,20,0.013445608740864602,0.002349519657582247,0.003487096267218483,0.0003578941360170808,0.00048326784515327674,1.4756559962054641e-05,3.2505349122789775e-05,3.4240186876588687e-07
PowerLaw (c=2.0 - Steep),16,Haar-Random,3,2026,100,60,60,0.40565922749198047,False,1,20,0.03716952704178302,0.0036989776482480212,0.003988129036570874,0.0009406408340226601,0.003693184727955109,3.6575508692352606e-05,4.2517269314641714e-05,2.3652367420715018e-06
PowerLaw (c=2.0 - Steep),16,Haar-Random,4,2026,100,60,60,0.40565922749198047,False,1,20,0.07700202857850084,0.0010283647775529005,0.000417893535150618,0.0011928762513073491,0.015850073999013732,2.8269709613875906e-06,4.668294719825437e-07,3.8038006278210957e-06
PowerLaw (c=2.0 - Steep),16,Haar-Random,5,2026,100,60,60,0.40565922749198047,False,1,20,0.10430982634124686,0.00011898579706342012,0.0025805978406579486,0.002314466426584167,0.0290855583791818,3.784575812072343e-08,1.7801951768260028e-05,1.4319528944140154e-05
PowerLaw (c=2.0 - Steep),16,Haar-Random,6,2026,100,60,60,0.40565922749198047,False,1,20,0.02910409805263759,0.00028389600181469066,0.000671669499822098,0.0001532330291144506,0.0022643066952878605,2.154495114033319e-07,1.2059747538254677e-06,6.276705244955859e-08
PowerLaw (c=2.0 - Steep),16,Haar-Random,7,2026,100,60,60,0.40565922749198047,False,1,20,0.037238097426483985,0.0017744440370365945,0.0022353920190213033,0.0013232855886675574,0.003706823679500349,8.416888517532273e-06,1.3357782048951962e-05,4.680951340767797e-06
PowerLaw (c=2.0 - Steep),16,Haar-Random,8,2026,100,60,60,0.40565922749198047,False,1,20,0.06047057324315891,0.0014908069343231817,0.0006060512969682975,0.000182591576735402,0.00977496322508584,5.941139765512362e-06,9.818513258502955e-07,8.912272127392437e-08
PowerLaw (c=2.0 - Steep),16,Haar-Random,9,2026,100,60,60,0.40565922749198047,False,1,20,0.21307482747257056,0.0024408559878982146,0.0010810965524756051,0.001499216303088655,0.12136438287734133,1.5926167316179357e-05,3.1243229991689157e-06,6.008354567253178e-06
PowerLaw (c=2.0 - Steep),17,Haar-Random,0,2026,100,60,60,0.40431448561551264,False,1,20,0.035771895591325584,0.0007703610460951942,0.0002510695810557159,0.0004292900482209192,0.0034206675673664317,1.586410550263136e-06,1.68505917489555e-07,4.926387874097282e-07
PowerLaw (c=2.0 - Steep),17,Haar-Random,1,2026,100,60,60,0.40431448561551264,False,1,20,0.08970007964236927,5.9633637509311295e-05,0.0016825489561822452,0.0004048470954273275,0.021508623538578662,9.506257261252642e-09,7.567673384924687e-06,4.381360782168454e-07
PowerLaw (c=2.0 - Steep),17,Haar-Random,2,2026,100,60,60,0.40431448561551264,False,1,20,0.015372825891286338,0.0005452199048150666,0.0010018535798519304,0.0005899486196816092,0.0006317341842532895,7.946398970606149e-07,2.6830914150695385e-06,9.303692322699441e-07
PowerLaw (c=2.0 - Steep),17,Haar-Random,3,2026,100,60,60,0.40431448561551264,False,1,20,0.061009608862724975,0.0015285059237809234,0.0020382902432608753,0.0002471749045308655,0.009950008285376864,6.245413725260713e-06,1.1106034346495906e-05,1.633186235919814e-07
PowerLaw (c=2.0 - Steep),17,Haar-Random,4,2026,100,60,60,0.40431448561551264,False,1,20,0.1909307823621779,0.0005281758012776465,0.0004015501451639518,0.0007278730487108168,0.09744933173052629,7.457340282704988e-07,4.310290442751961e-07,1.4162445078156534e-06
PowerLaw (c=2.0 - Steep),17,Haar-Random,5,2026,100,60,60,0.40431448561551264,False,1,20,0.14662339177491143,0.00044052804500345065,0.0011267878814067705,0.002170249486321733,0.05746897936422614,5.187690817410001e-07,3.393995764291842e-06,1.2590595896027258e-05
PowerLaw (c=2.0 - Steep),17,Haar-Random,6,2026,100,60,60,0.40431448561551264,False,1,20,0.04972658155179074,0.0020251367770973867,0.0016668135259537405,0.0008705755938150891,0.006610041261057972,1.0963158230031677e-05,7.426787419007217e-06,2.0260023112475206e-06
PowerLaw (c=2.0 - Steep),17,Haar-Random,7,2026,100,60,60,0.40431448561551264,False,1,20,0.14558682514569618,0.0030415449368299667,0.0025855643385028666,0.00017451346176350623,0.056659287862894876,2.4729505691002978e-05,1.7870539311658713e-05,8.141132593197079e-08
PowerLaw (c=2.0 - Steep),17,Haar-Random,8,2026,100,60,60,0.40431448561551264,False,1,20,0.03203594932997161,0.0012574096229111076,6.500732908935678e-05,0.0014830818450101277,0.0027434822653636714,4.226496564584909e-06,1.1296700288141682e-08,5.8797274896006e-06
PowerLaw (c=2.0 - Steep),17,Haar-Random,9,2026,100,60,60,0.40431448561551264,False,1,20,0.044386714365137074,0.0014650316475247685,0.00020129646284464358,0.0014077687858437954,0.005266631809835971,5.737477213763361e-06,1.083176547188133e-07,5.297727600220841e-06
PowerLaw (c=2.0 - Steep),18,Haar-Random,0,2026,100,60,60,0.4035671514431772,False,1,20,0.014850127073377368,0.000641089680728493,0.0014146452109478503,0.0008006777288647531,0.0005895047392125633,1.0986630879077711e-06,5.349608845932834e-06,1.7137302320082524e-06
PowerLaw (c=2.0 - Steep),18,Haar-Random,1,2026,100,60,60,0.4035671514431772,False,1,20,0.18259740250580778,0.0020528195022721085,0.00013890242679798516,0.0028522641887937625,0.08912840846721447,1.1264929831399408e-05,5.1575877762882575e-08,2.1747355779671136e-05
PowerLaw (c=2.0 - Steep),18,Haar-Random,2,2026,100,60,60,0.4035671514431772,False,1,20,0.2256989437696323,0.00016799770465441115,0.0021751724413468536,0.002111894849857717,0.13617143504175946,7.544555488246738e-08,1.2647781245655126e-05,1.1922615632818167e-05
PowerLaw (c=2.0 - Steep),18,Haar-Random,3,2026,100,60,60,0.4035671514431772,False,1,20,0.044316474238310755,0.0005578576966978328,0.0007177489236939731,0.0003867815215330355,0.005249976547421097,8.319051631222143e-07,1.3771208726036156e-06,3.999064381812375e-07
PowerLaw (c=2.0 - Steep),18,Haar-Random,4,2026,100,60,60,0.4035671514431772,False,1,20,0.045568944866132326,0.002093716278363683,0.0012525885731921795,0.0013930748946342358,0.005550919209647288,1.171824625314924e-05,4.1941489708012675e-06,5.187712410533258e-06
PowerLaw (c=2.0 - Steep),18,Haar-Random,5,2026,100,60,60,0.4035671514431772,False,1,20,0.05881430779670301,0.0014532757760636426,0.0005705772560081843,0.0035611646085455966,0.009246831441871254,5.645768029664059e-06,8.702737280113539e-07,3.3900886749081096e-05
PowerLaw (c=2.0 - Steep),18,Haar-Random,6,2026,100,60,60,0.4035671514431772,False,1,20,0.14892070955285572,0.00047314462854697374,0.001383948533368588,0.0002541047956705516,0.05928395303899109,5.984319731870038e-07,5.119963212163461e-06,1.726047264787865e-07
PowerLaw (c=2.0 - Steep),18,Haar-Random,7,2026,100,60,60,0.4035671514431772,False,1,20,0.1742155644431899,0.00014404424913575032,0.002579103979071752,0.00027811466409880415,0.08113362223931539,5.5464973406868546e-08,1.7781347275615624e-05,2.0676391073828485e-07
PowerLaw (c=2.0 - Steep),18,Haar-Random,8,2026,100,60,60,0.4035671514431772,False,1,20,0.03327306686634851,0.0031025091011886506,0.005427451964408765,0.0021533855699379712,0.002959461036486934,2.573078816139442e-05,7.874426575804253e-05,1.2395685757290089e-05
PowerLaw (c=2.0 - Steep),18,Haar-Random,9,2026,100,60,60,0.4035671514431772,False,1,20,0.10383248952674637,0.0010365842941025174,0.0006585009932582148,0.0012703574661827091,0.028819968039816467,2.872342403171903e-06,1.1591505075559335e-06,4.3139871756717635e-06
PowerLaw (c=2.0 - Steep),19,Haar-Random,0,2026,100,60,60,0.4059490396572494,False,1,20,0.17325327461282125,0.0018587354864151612,0.0026569688522586152,0.001521959108590145,0.08023980501328237,9.23553677236279e-06,1.8871216076299658e-05,6.192028252448069e-06
PowerLaw (c=2.0 - Steep),19,Haar-Random,1,2026,100,60,60,0.4059490396572494,False,1,20,0.13141708297729823,0.0005500566550345474,0.000189388420023736,7.903437016873703e-05,0.04616688867218971,8.088012391633959e-07,9.58812755211232e-08,1.6697788445113964e-08
PowerLaw (c=2.0 - Steep),19,Haar-Random,2,2026,100,60,60,0.4059490396572494,False,1,20,0.07338536534881618,0.00041381113959958405,0.0013382216463834412,0.0008554602874323539,0.014396134064584757,4.5775312301008576e-07,4.787216426078463e-06,1.9562604175963558e-06
PowerLaw (c=2.0 - Steep),19,Haar-Random,3,2026,100,60,60,0.4059490396572494,False,1,20,0.08466904273612319,0.00022891180733653372,0.003921797977225715,0.0020755360688391603,0.019163563069101577,1.400758767818371e-07,4.1114725715655355e-05,1.1515625452556387e-05
PowerLaw (c=2.0 - Steep),19,Haar-Random,4,2026,100,60,60,0.4059490396572494,False,1,20,0.13645470639221352,0.0007302585388586077,0.0005351389992255418,0.002380889501701806,0.04977416688402247,1.4255427596917959e-06,7.655263873414669e-07,1.5153237883139596e-05
PowerLaw (c=2.0 - Steep),19,Haar-Random,5,2026,100,60,60,0.4059490396572494,False,1,20,0.1815132441780424,0.0017923295572820801,0.00016009900866400904,0.0007102711331825289,0.08807316408429153,8.587419808967053e-06,6.851793197475663e-08,1.3485755758296117e-06
PowerLaw (c=2.0 - Steep),19,Haar-Random,6,2026,100,60,60,0.4059490396572494,False,1,20,0.2670928430052423,0.0018966450400952175,0.0016420469109900543,0.00037730663361103657,0.19070033795636793,9.616102418974008e-06,7.207722889580585e-06,3.805536069319327e-07
PowerLaw (c=2.0 - Steep),19,Haar-Random,7,2026,100,60,60,0.4059490396572494,False,1,20,0.1209143884157693,0.00021849099278991918,0.0008127340169846519,0.0011759874091927516,0.039082553231645084,1.2761274101861483e-07,1.7657281306911495e-06,3.6968540474811816e-06
PowerLaw (c=2.0 - Steep),19,Haar-Random,8,2026,100,60,60,0.4059490396572494,False,1,20,0.14845065647134656,0.0005346291320306618,0.0006659742751428326,0.001772278715705968,0.05891029613336826,7.640683330781999e-07,1.1856100407460877e-06,8.396359103377753e-06
PowerLaw (c=2.0 - Steep),19,Haar-Random,9,2026,100,60,60,0.4059490396572494,False,1,20,0.059691896053354794,0.001486207504243374,0.0010291881829941495,0.00013592144790819762,0.009524840438652418,5.904537166585226e-06,2.831499850800474e-06,4.938589689949158e-08
PowerLaw (c=2.0 - Steep),20,Haar-Random,0,2026,100,60,60,0.40314985130098835,False,1,20,0.0223553377601467,0.0019973641146712588,0.0004384580067735273,0.00041200439569147475,0.0013359476265487628,1.0664523285211618e-05,5.139051518018703e-07,4.537646504492324e-07
PowerLaw (c=2.0 - Steep),20,Haar-Random,1,2026,100,60,60,0.40314985130098835,False,1,20,0.10279785654108654,0.0021246225891476444,0.003969596111889187,0.0014287525662056914,0.02824847968623931,1.206675653308971e-05,4.212303006757177e-05,5.456837334293574e-06
PowerLaw (c=2.0 - Steep),20,Haar-Random,2,2026,100,60,60,0.40314985130098835,False,1,20,0.029361444138802133,0.0020647878412579372,0.00016974684614826704,0.001320339799910268,0.0023045269216225976,1.1396666225647372e-05,7.70247662234931e-08,4.6601338454639804e-06
PowerLaw (c=2.0 - Steep),20,Haar-Random,3,2026,100,60,60,0.40314985130098835,False,1,20,0.10918866627365531,0.0017721915530802392,0.00448479771370705,0.00041965069704194086,0.031870001455497926,8.395533239248186e-06,5.376661297838644e-05,4.707635818932585e-07
PowerLaw (c=2.0 - Steep),20,Haar-Random,4,2026,100,60,60,0.40314985130098835,False,1,20,0.058093735767524794,0.0024584103889395414,0.0014569872452457765,0.00274990444279863,0.009021641621972267,1.6156069994029526e-05,5.674641903919641e-06,2.02144610257252e-05
PowerLaw (c=2.0 - Steep),20,Haar-Random,5,2026,100,60,60,0.40314985130098835,False,1,20,0.003003692633225476,0.0011476988432867585,0.0002101965231135341,0.0013362285874046998,2.4117813905230975e-05,3.5211363997260276e-06,1.1810764691155423e-07,4.77296751643522e-06
PowerLaw (c=2.0 - Steep),20,Haar-Random,6,2026,100,60,60,0.40314985130098835,False,1,20,0.12388789899999886,0.0012787319706631715,0.0011768007169424895,0.0016974062987917414,0.04102841471286619,4.371052350684234e-06,3.7019692718897775e-06,7.701912490623294e-06
PowerLaw (c=2.0 - Steep),20,Haar-Random,7,2026,100,60,60,0.40314985130098835,False,1,20,0.130518301975463,0.002723298830848396,0.0012732588985903282,0.0005894322977938821,0.04553756362619133,1.982519922127588e-05,4.3337155377040255e-06,9.287414302111735e-07
PowerLaw (c=2.0 - Steep),20,Haar-Random,8,2026,100,60,60,0.40314985130098835,False,1,20,0.09408848139513705,0.0005091620539008013,0.0005757026551753046,0.0016028859988033556,0.023664638738523345,6.930092323844073e-07,8.859789954536193e-07,6.868030761800845e-06
PowerLaw (c=2.0 - Steep),20,Haar-Random,9,2026,100,60,60,0.40314985130098835,False,1,20,0.10083609123706257,0.001657062702559881,0.0003580124923684641,6.4790837912193296e-06,0.027180595411958497,7.3401484860038194e-06,3.426283722636469e-07,1.1221583722722877e-10
PowerLaw (c=2.0 - Steep),21,Haar-Random,0,2026,100,60,60,0.4061908120776958,False,1,20,0.0028392720936165107,0.0012321830694803858,0.003803256990694831,0.0009087360204166405,2.154968810052544e-05,4.058611067559487e-06,3.8666806527639446e-05,2.2075088168073095e-06
PowerLaw (c=2.0 - Steep),21,Haar-Random,1,2026,100,60,60,0.4061908120776958,False,1,20,0.012032726365454115,0.0028392341736772912,0.0029375374668626562,0.0005378292467953607,0.0003870392791330506,2.1549112490031477e-05,2.3067142048201053e-05,7.732426335778547e-07
PowerLaw (c=2.0 - Steep),21,Haar-Random,2,2026,100,60,60,0.4061908120776958,False,1,20,0.20134529360674164,0.0026836311173406104,0.0001658785693994512,0.0007469413281525554,0.10837021277262589,1.925185574954266e-05,7.355420796517425e-08,1.4914199223082326e-06
PowerLaw (c=2.0 - Steep),21,Haar-Random,3,2026,100,60,60,0.4061908120776958,False,1,20,0.08589652149559375,0.0012818722006067349,0.0007780388130953837,0.0015984563632514676,0.019723233422095917,4.392547024551931e-06,1.6181899004326763e-06,6.830123092907077e-06
PowerLaw (c=2.0 - Steep),21,Haar-Random,4,2026,100,60,60,0.4061908120776958,False,1,20,0.25543726666913324,0.0004972307366021269,0.000645955526196999,0.0031803592517455352,0.17441967690357685,6.609108701871772e-07,1.115403998418622e-06,2.7038296230282594e-05
PowerLaw (c=2.0 - Steep),21,Haar-Random,5,2026,100,60,60,0.4061908120776958,False,1,20,0.07230586975624331,0.0021267802509979676,0.0011667261239814968,0.0011118053995579722,0.013975716105548727,1.2091277782924816e-05,3.6388554613930827e-06,3.3043384104072035e-06
PowerLaw (c=2.0 - Steep),21,Haar-Random,6,2026,100,60,60,0.4061908120776958,False,1,20,0.1827555144347529,0.0016198759831213025,0.0018798758691164152,0.0007398818218621779,0.08928282869084722,7.0143994466814465e-06,9.446812753279807e-06,1.4633616707238688e-06
PowerLaw (c=2.0 - Steep),21,Haar-Random,7,2026,100,60,60,0.4061908120776958,False,1,20,0.09781478175451722,0.0034680174475368785,0.0016095993462541887,0.0008569029859746932,0.025576195414341876,3.215063155380533e-05,6.925681814373133e-06,1.9628642867314664e-06
PowerLaw (c=2.0 - Steep),21,Haar-Random,8,2026,100,60,60,0.4061908120776958,False,1,20,0.029506621146841085,0.0009105431894582529,0.0018551087336237144,0.0009458115242384253,0.0023273726266752454,2.2162975260246533e-06,9.199531292948625e-06,2.391311562244437e-06
PowerLaw (c=2.0 - Steep),21,Haar-Random,9,2026,100,60,60,0.4061908120776958,False,1,20,0.11185997370953024,0.0008194447758365349,0.0035007544839856385,0.0012919582943242945,0.03344847999322213,1.7950078105974993e-06,3.276048091664739e-05,4.461942299738909e-06
PowerLaw (c=2.0 - Steep),22,Haar-Random,0,2026,100,60,60,0.4025774798470781,False,1,20,0.05269820605842241,0.0007410446126562558,0.0008461686650103177,0.0010077498085578332,0.007423669407981153,1.4679648938995327e-06,1.913995173591444e-06,2.7147660513152327e-06
PowerLaw (c=2.0 - Steep),22,Haar-Random,1,2026,100,60,60,0.4025774798470781,False,1,20,0.0966745633495369,0.0002082355165951091,0.004133977103069666,0.0010585436559060184,0.02498339182870267,1.159141807968492e-07,4.568389184622682e-05,2.99532884184266e-06
PowerLaw (c=2.0 - Steep),22,Haar-Random,2,2026,100,60,60,0.4025774798470781,False,1,20,0.0596250860523929,0.0019269843434905236,0.0010269480728676776,0.0010420041589872117,0.009503531064288548,9.926207124534881e-06,2.819187294727926e-06,2.902457476932016e-06
PowerLaw (c=2.0 - Steep),22,Haar-Random,3,2026,100,60,60,0.4025774798470781,False,1,20,0.06004739812012963,0.0011802289556486188,0.001540278141591974,0.0026111093337969258,0.00963863088073271,3.7235697351174494e-06,6.341985804102854e-06,1.822540028050084e-05
PowerLaw (c=2.0 - Steep),22,Haar-Random,4,2026,100,60,60,0.4025774798470781,False,1,20,0.13847884878494715,0.0008615327780140608,0.0005420892838596201,0.0025215701397143537,0.05126179976720911,1.984132046567652e-06,7.855405441913057e-07,1.6996874466795634e-05
PowerLaw (c=2.0 - Steep),22,Haar-Random,5,2026,100,60,60,0.4025774798470781,False,1,20,0.014855780418897636,0.0005036735125901569,0.001415931410388194,0.0009998918218689014,0.0005899536657872174,6.781490944084589e-07,5.35934102727413e-06,2.672594027567935e-06
PowerLaw (c=2.0 - Steep),22,Haar-Random,6,2026,100,60,60,0.4025774798470781,False,1,20,0.1289412101180659,0.004162450781238242,0.002367123665420646,0.0017343405579083998,0.04444372426413523,4.6315374863597194e-05,1.49785183438864e-05,8.04073448715796e-06
PowerLaw (c=2.0 - Steep),22,Haar-Random,7,2026,100,60,60,0.4025774798470781,False,1,20,0.1670790121720582,0.0005619985487949627,0.0020800740211167675,0.0013473106336501363,0.07462266565874193,8.443010885823766e-07,1.1566036030607262e-05,4.85246527175254e-06
PowerLaw (c=2.0 - Steep),22,Haar-Random,8,2026,100,60,60,0.4025774798470781,False,1,20,0.18295803885342582,0.0020617661389696284,0.00021836510910703768,0.0011106040764311679,0.08948081967333381,1.1363333857871681e-05,1.274657351043449e-07,3.297201489580696e-06
PowerLaw (c=2.0 - Steep),22,Haar-Random,9,2026,100,60,60,0.4025774798470781,False,1,20,0.012693092721749061,0.001408174775194003,0.001088901228608921,0.0015594598518179532,0.00043068710212343776,5.3007836860603295e-06,3.169596193375996e-06,6.500928023623697e-06
PowerLaw (c=2.0 - Steep),23,Haar-Random,0,2026,100,60,60,0.40439878240573307,False,1,20,0.12040874082096442,0.0008705169691741398,0.002560516700233543,0.0007061798812502667,0.0387563608190272,2.025729458069029e-06,1.752597494331432e-05,1.3330843871292934e-06
PowerLaw (c=2.0 - Steep),23,Haar-Random,1,2026,100,60,60,0.40439878240573307,False,1,20,0.17618358258161648,0.0013472828685673222,0.004375749041466164,0.0020639594778399492,0.08297702018045179,4.852265276727601e-06,5.1183711358711215e-05,1.1387523700215483e-05
PowerLaw (c=2.0 - Steep),23,Haar-Random,2,2026,100,60,60,0.40439878240573307,False,1,20,0.04602230789456872,0.00044950254370428917,0.0013746603193312554,0.0008461278252371405,0.005661920252986205,5.401212553927907e-07,5.051469721287003e-06,1.913810422617693e-06
PowerLaw (c=2.0 - Steep),23,Haar-Random,3,2026,100,60,60,0.40439878240573307,False,1,20,0.15186799869410378,0.0005766752876368319,0.0011114013736808954,0.001206642925374856,0.061653750520500934,8.889751944763324e-07,3.30193727860656e-06,3.892104595242611e-06
PowerLaw (c=2.0 - Steep),23,Haar-Random,4,2026,100,60,60,0.40439878240573307,False,1,20,0.05071869349362936,0.0009845472812988274,0.0022059137260973974,0.00045124305578364045,0.006876430790353868,2.5911951105268495e-06,1.3007804679394633e-05,5.443121443300358e-07
PowerLaw (c=2.0 - Steep),23,Haar-Random,5,2026,100,60,60,0.40439878240573307,False,1,20,0.0836394898150536,0.0006740130849578548,0.0011788427272026304,0.001525063932808579,0.018700348970213634,1.2144051954940738e-06,3.714827894078283e-06,6.21731772180086e-06
PowerLaw (c=2.0 - Steep),23,Haar-Random,6,2026,100,60,60,0.40439878240573307,False,1,20,0.003804758698322193,0.0004534027635254309,0.002216202328317117,0.004375206930135967,3.869734756238592e-05,5.495349098290551e-07,1.3129427052677608e-05,5.117102984942802e-05
PowerLaw (c=2.0 - Steep),23,Haar-Random,7,2026,100,60,60,0.40439878240573307,False,1,20,0.04315212636769887,0.0022853639679508496,0.0015144106914548943,0.0002951902736469923,0.004977730306039594,1.3961681054646858e-05,6.130759714617203e-06,2.32933015083849e-07
PowerLaw (c=2.0 - Steep),23,Haar-Random,8,2026,100,60,60,0.40439878240573307,False,1,20,0.0409619388790241,0.0018233738431711413,0.0019880356414507722,0.0016791929736569148,0.004485263596552638,8.887475199192744e-06,1.0565140899030122e-05,7.537514795648855e-06
PowerLaw (c=2.0 - Steep),23,Haar-Random,9,2026,100,60,60,0.40439878240573307,False,1,20,0.2711507476076448,0.00012386744445707024,0.000828714312181615,0.0010640816240427059,0.19653892367827358,4.101486781769395e-08,1.8358476571936102e-06,3.0267520661757106e-06
PowerLaw (c=2.0 - Steep),24,Haar-Random,0,2026,100,60,60,0.40582604300661956,False,1,20,0.06599222525099624,0.0035415524992250674,0.0004462342225185218,0.0014968750884938864,0.011641595546794689,3.352851580659914e-05,5.322953950996699e-07,5.989603618774613e-06
PowerLaw (c=2.0 - Steep),24,Haar-Random,1,2026,100,60,60,0.40582604300661956,False,1,20,0.016850555933971507,0.0018009042845591693,0.0029370026681660322,0.0003294504822293084,0.0007590238602828657,8.669782922994415e-06,2.305874375222035e-05,2.9013976578274074e-07
PowerLaw (c=2.0 - Steep),24,Haar-Random,2,2026,100,60,60,0.40582604300661956,False,1,20,0.016634687958808334,0.00048217121294850994,0.00040815977915821045,0.00043071367862094004,0.0007397011231682844,6.214833774787308e-07,4.453355586164323e-07,4.959116257002447e-07
PowerLaw (c=2.0 - Steep),24,Haar-Random,3,2026,100,60,60,0.40582604300661956,False,1,20,0.04860457274056367,0.001368600655730351,0.00037664554382523885,0.002227288540221746,0.006315114374767452,5.007032939220325e-06,3.792212174124318e-07,1.326111148277265e-05
PowerLaw (c=2.0 - Steep),24,Haar-Random,4,2026,100,60,60,0.40582604300661956,False,1,20,0.009446463222190768,0.0024059801373869675,0.0003849299742312346,0.00035754916144135044,0.00023854231909419302,1.547430085844934e-05,3.960868482288288e-07,3.417421037708696e-07
PowerLaw (c=2.0 - Steep),24,Haar-Random,5,2026,100,60,60,0.40582604300661956,False,1,20,0.05995635633836419,0.00038056114175848713,0.0011386962695829604,0.0002886679712525397,0.009609425522121318,3.871469513895333e-07,3.4661133155815972e-06,2.227533073663024e-07
PowerLaw (c=2.0 - Steep),24,Haar-Random,6,2026,100,60,60,0.40582604300661956,False,1,20,0.04024711852115977,0.0020906598379759555,0.0002331081097719084,0.00024230639552390748,0.004330086242215914,1.1684058260230494e-05,1.452585573231163e-07,1.569483359375612e-07
PowerLaw (c=2.0 - Steep),24,Haar-Random,7,2026,100,60,60,0.40582604300661956,False,1,20,0.0651963904762108,0.0019886503390735043,0.002521472536879005,0.002213594414573197,0.011362504424148857,1.0571675360368013e-05,1.699555869055971e-05,1.3098545154722534e-05
PowerLaw (c=2.0 - Steep),24,Haar-Random,8,2026,100,60,60,0.40582604300661956,False,1,20,0.09848710716845722,0.001498294542706166,0.0034454672209273097,0.0010137031553845665,0.025928997356737354,6.000968627475735e-06,3.173388225714065e-05,2.746936104994861e-06
PowerLaw (c=2.0 - Steep),24,Haar-Random,9,2026,100,60,60,0.40582604300661956,False,1,20,0.10633200864511869,0.001944310833629581,0.0008357892539201117,0.00025016886254750943,0.030224212693359925,1.0105512720298874e-05,1.8673276452381265e-06,1.6729904768762376e-07
PowerLaw (c=2.0 - Steep),25,Haar-Random,0,2026,100,60,60,0.4048697921865959,False,1,20,0.07152769943146911,0.003391894196905063,0.0022911644730987373,2.8508578607422925e-05,0.013676515902736653,3.0754704229472145e-05,1.4032643560520647e-05,2.17259157063459e-09
PowerLaw (c=2.0 - Steep),25,Haar-Random,1,2026,100,60,60,0.4048697921865959,False,1,20,0.045942739744643496,0.00034285905064998566,0.0010590036385295372,0.00011073820853842107,0.005642359344497831,3.1423763497954064e-07,2.9979326051692128e-06,3.2780981136346025e-08
PowerLaw (c=2.0 - Steep),25,Haar-Random,2,2026,100,60,60,0.4048697921865959,False,1,20,0.0033018881477271922,0.0008935841292858094,0.0014304006126385654,0.001579449309538708,2.9144168936117165e-05,2.1345083326901402e-06,5.469433368396686e-06,6.668656468819155e-06
PowerLaw (c=2.0 - Steep),25,Haar-Random,3,2026,100,60,60,0.4048697921865959,False,1,20,0.1282478539734576,0.0009675206103446791,0.00016492571251561583,0.00046596006021447557,0.043967034498686774,2.502346299128919e-06,7.271159961385915e-08,5.803959140926464e-07
PowerLaw (c=2.0 - Steep),25,Haar-Random,4,2026,100,60,60,0.4048697921865959,False,1,20,0.028213676958413047,0.0010098157606095001,0.00048411847383292484,0.002496444416935369,0.0021278761156333804,2.7259083515517813e-06,6.265132669911342e-07,1.665983757459941e-05
PowerLaw (c=2.0 - Steep),25,Haar-Random,5,2026,100,60,60,0.4048697921865959,False,1,20,0.07440361539793079,0.0010453617859446328,0.00025536499030164353,0.00130644960626219,0.014798409445396227,2.92119266244425e-06,1.7432098623618422e-07,4.5625988389042945e-06
PowerLaw (c=2.0 - Steep),25,Haar-Random,6,2026,100,60,60,0.4048697921865959,False,1,20,0.12503252490691327,0.0007673349135967994,0.0007101603409330492,0.0015079420850742128,0.04179005702748278,1.573971552956175e-06,1.3481548912160821e-06,6.078498097882403e-06
PowerLaw (c=2.0 - Steep),25,Haar-Random,7,2026,100,60,60,0.4048697921865959,False,1,20,0.2102077607290802,0.0004904446665663022,0.002148455508748706,3.738977665652255e-05,0.11812027589121901,6.429941076889641e-07,1.2338992209813952e-05,3.737082649897559e-09
PowerLaw (c=2.0 - Steep),25,Haar-Random,8,2026,100,60,60,0.4048697921865959,False,1,20,0.1437075046788022,0.0003151606438201689,0.000815030793102994,0.0011627617510191718,0.05520594619200236,2.6551613582709334e-07,1.7757220831726577e-06,3.614168824979614e-06
PowerLaw (c=2.0 - Steep),25,Haar-Random,9,2026,100,60,60,0.4048697921865959,False,1,20,0.0055093068243652135,0.0020906361962694637,0.002884749834106867,0.0022377226673633227,8.113736144804468e-05,1.168379400919438e-05,2.224555652239309e-05,1.338565055862171e-05
PowerLaw (c=2.0 - Steep),26,Haar-Random,0,2026,100,60,60,0.4077948814877852,False,1,20,0.23066040292282347,0.0003302025177294311,0.001716786905650411,0.002430790159965684,0.14222405395987822,2.9146587973675586e-07,7.878793996285302e-06,1.5795082557481373e-05
PowerLaw (c=2.0 - Steep),26,Haar-Random,1,2026,100,60,60,0.4077948814877852,False,1,20,0.019931517818459272,9.134400251418787e-05,0.0009062403435696258,0.0010522790461012994,0.0010619588912367114,2.2304219797420573e-08,2.1954004300438186e-06,2.959980199094201e-06
PowerLaw (c=2.0 - Steep),26,Haar-Random,2,2026,100,60,60,0.4077948814877852,False,1,20,0.07909380428276849,0.0002335772262278558,0.0001118844586393457,0.0018533142813860026,0.01672291147478695,1.4584379433403524e-07,3.346312461168949e-08,9.181742432340375e-06
PowerLaw (c=2.0 - Steep),26,Haar-Random,3,2026,100,60,60,0.4077948814877852,False,1,20,0.1211450780947143,0.001754551416270383,0.002932631421065619,0.0010684017624163886,0.03923182483489543,8.229229230023123e-06,2.299015650911584e-05,3.051378996112112e-06
PowerLaw (c=2.0 - Steep),26,Haar-Random,4,2026,100,60,60,0.4077948814877852,False,1,20,0.04215552847172098,0.0006449814405124226,6.814053053734798e-05,0.0030485245756907927,0.0047504640643747115,1.1120425290422448e-06,1.2411891835532227e-08,2.4843132853796258e-05
PowerLaw (c=2.0 - Steep),26,Haar-Random,5,2026,100,60,60,0.4077948814877852,False,1,20,0.004942403719613748,0.0006531933165560759,0.0008551342526443528,7.196690664580317e-06,6.529852880134865e-05,1.1405397497646721e-06,1.9547695537459505e-06,1.3844989559515252e-10
PowerLaw (c=2.0 - Steep),26,Haar-Random,6,2026,100,60,60,0.4077948814877852,False,1,20,0.042699118052570637,0.0014188686941080106,0.0005578201336266486,0.0020577944741646437,0.004873767084330332,5.3815994967974774e-06,8.317931350513249e-07,1.131959671124902e-05
PowerLaw (c=2.0 - Steep),26,Haar-Random,7,2026,100,60,60,0.4077948814877852,False,1,20,0.005268042061533304,0.000368187901706505,0.003513848445019992,0.00026674529044022675,7.418659333472542e-05,3.6238147535573107e-07,3.300600895690063e-05,1.9020436607834957e-07
PowerLaw (c=2.0 - Steep),26,Haar-Random,8,2026,100,60,60,0.4077948814877852,False,1,20,0.1747876863952164,0.001275972066604744,0.0004117338034133129,0.0019092063919497117,0.08166738103531788,4.352204512679935e-06,4.531688078273861e-07,9.743897804529849e-06
PowerLaw (c=2.0 - Steep),26,Haar-Random,9,2026,100,60,60,0.4077948814877852,False,1,20,0.10373253594800462,0.0005467938581745343,0.00020454711289025212,0.0023247514206008375,0.028764508088207817,7.992344888463119e-07,1.1184425188328607e-07,1.4447077566099184e-05
PowerLaw (c=2.0 - Steep),27,Haar-Random,0,2026,100,60,60,0.40601810695671386,False,1,20,0.1002068292322815,4.811159279712444e-05,0.0007743739472578886,0.0011655582283035717,0.026842415929631845,6.1876598430858906e-09,1.6029811951005399e-06,3.6315741012746954e-06
PowerLaw (c=2.0 - Steep),27,Haar-Random,1,2026,100,60,60,0.40601810695671386,False,1,20,0.10202767583994232,0.000855584670615233,0.003495746575594976,0.0036165842432770295,0.02782677960432262,1.956829336085134e-06,3.266681874114649e-05,3.496424322030687e-05
PowerLaw (c=2.0 - Steep),27,Haar-Random,2,2026,100,60,60,0.40601810695671386,False,1,20,0.06831072578700771,0.00032093938453124215,0.0015769850503947918,0.002453752517647225,0.012473971867783686,2.753423354841613e-07,6.647863806523369e-06,1.609490721556299e-05
PowerLaw (c=2.0 - Steep),27,Haar-Random,3,2026,100,60,60,0.40601810695671386,False,1,20,0.16548021987612996,0.0026014908600851187,0.002135857271281405,0.0010648921269116344,0.07320135826113111,1.809137474869042e-05,1.2194708293949702e-05,3.0313647302162497e-06
PowerLaw (c=2.0 - Steep),27,Haar-Random,4,2026,100,60,60,0.40601810695671386,False,1,20,0.0654551630695029,0.0016627475459314108,0.0016790729774497776,0.002165508956449696,0.01145288181873929,7.390598202006707e-06,7.536437562854543e-06,1.2535652066374035e-05
PowerLaw (c=2.0 - Steep),27,Haar-Random,5,2026,100,60,60,0.40601810695671386,False,1,20,0.07500696527206926,0.0034812804825199665,0.0009737866390721258,0.0002949327996554667,0.015039387526082804,3.239701459254545e-05,2.5348635348247985e-06,2.3252684968586588e-07
PowerLaw (c=2.0 - Steep),27,Haar-Random,6,2026,100,60,60,0.40601810695671386,False,1,20,0.12244642165648344,0.0010970203139837819,0.0006284898697789589,0.0020633707607594027,0.04007921039295095,3.2170388105929674e-06,1.0559017870695424e-06,1.1381028346346756e-05
PowerLaw (c=2.0 - Steep),27,Haar-Random,7,2026,100,60,60,0.40601810695671386,False,1,20,0.1550968707453752,0.0003748849264993308,0.0005453222967810085,0.0006567978652120223,0.0643032660679853,3.7568418918451833e-07,7.949383908635068e-07,1.15316227435385e-06
PowerLaw (c=2.0 - Steep),27,Haar-Random,8,2026,100,60,60,0.40601810695671386,False,1,20,0.11313087804494962,0.0008250160334247062,0.003165445095369924,0.00011915522533011427,0.034212851838579715,1.8194986532133892e-06,2.6785301001331958e-05,3.795361479943144e-08
PowerLaw (c=2.0 - Steep),27,Haar-Random,9,2026,100,60,60,0.40601810695671386,False,1,20,0.09151506535468912,0.000832115240704383,0.0003512081963484769,0.0007852619187288881,0.02238783767535963,1.8509467039348237e-06,3.297283174344463e-07,1.6483750587740296e-06
PowerLaw (c=2.0 - Steep),28,Haar-Random,0,2026,100,60,60,0.4029527196752987,False,1,20,0.09205580390690168,0.0001014979973737879,0.0017032999353516493,0.0012208035081815185,0.02265318704441994,2.753860316021403e-08,7.75548961860808e-06,3.983992372049782e-06
PowerLaw (c=2.0 - Steep),28,Haar-Random,1,2026,100,60,60,0.4029527196752987,False,1,20,0.11307198484526064,0.0026353433547648144,0.0007415352337814332,0.002313312103743303,0.034177240343383423,1.856527448267283e-05,1.4699093193518976e-06,1.430524898985473e-05
PowerLaw (c=2.0 - Steep),28,Haar-Random,2,2026,100,60,60,0.4029527196752987,False,1,20,0.018182878988328585,0.001274405369060131,0.0012519783068676302,0.001293400287624159,0.0008837964601697387,4.341523397923561e-06,4.1900631529666764e-06,4.471908072735683e-06
PowerLaw (c=2.0 - Steep),28,Haar-Random,3,2026,100,60,60,0.4029527196752987,False,1,20,0.08821506982513967,0.0006236641104644253,0.0011433258113830635,0.001894409514124211,0.020802356049073493,1.039748892555814e-06,3.4943546239567794e-06,9.593447280833178e-06
PowerLaw (c=2.0 - Steep),28,Haar-Random,4,2026,100,60,60,0.4029527196752987,False,1,20,0.1371335932816389,0.0002621933946277431,0.0021395042542719967,0.00017256748770204042,0.05027066991381365,1.8376823907750354e-07,1.2236388853768266e-05,7.96058371893292e-08
PowerLaw (c=2.0 - Steep),28,Haar-Random,5,2026,100,60,60,0.4029527196752987,False,1,20,0.08416753696945777,0.002975857389003724,0.000990953094867183,0.0004915494965184677,0.01893721883392591,2.367288512356585e-05,2.6250232702666186e-06,6.458943301181537e-07
PowerLaw (c=2.0 - Steep),28,Haar-Random,6,2026,100,60,60,0.4029527196752987,False,1,20,0.09637692158753877,0.0003095376934314857,0.0007024136312256811,0.0005990642215461215,0.024829790853030338,2.5612622295085395e-07,1.3189028994389592e-06,9.593425917273515e-07
PowerLaw (c=2.0 - Steep),28,Haar-Random,7,2026,100,60,60,0.4029527196752987,False,1,20,0.11302877569587472,0.0006615535436842564,0.006233138852703915,0.001767522540446614,0.03415112446117902,1.169922143875148e-06,0.00010385814564105,8.351353800426614e-06
PowerLaw (c=2.0 - Steep),28,Haar-Random,8,2026,100,60,60,0.4029527196752987,False,1,20,0.27497902541273456,0.0005941846076243931,0.0022716314958383566,0.0019137182170246533,0.20212782265922138,9.437777954909703e-07,1.37943971014682e-05,9.790005662638616e-06
PowerLaw (c=2.0 - Steep),28,Haar-Random,9,2026,100,60,60,0.4029527196752987,False,1,20,0.19447578791162326,0.0005254147901675253,0.0011300311728968135,0.00021883840901607023,0.1011016027266641,7.379578358442824e-07,3.413562108234997e-06,1.2801889034330923e-07
PowerLaw (c=2.0 - Steep),29,Haar-Random,0,2026,100,60,60,0.405095201548723,False,1,20,0.020873736861540905,0.001558254786484151,0.0018936830472856372,0.0015063046243208058,0.0011647356532800465,6.490884781882564e-06,9.586090914672701e-06,6.065304092525317e-06
PowerLaw (c=2.0 - Steep),29,Haar-Random,1,2026,100,60,60,0.405095201548723,False,1,20,0.18227900817971737,0.001015078630453746,0.001002555468695808,0.0001347815970606722,0.0888178537947133,2.7543956960797946e-06,2.686852227340287e-06,4.856105991023015e-08
PowerLaw (c=2.0 - Steep),29,Haar-Random,2,2026,100,60,60,0.405095201548723,False,1,20,0.1163276744787318,0.0016108453099039743,0.0030454326449771574,0.0011503883653421134,0.03617371005658081,6.936408070754275e-06,2.4792764690368053e-05,3.5376586264133496e-06
PowerLaw (c=2.0 - Steep),29,Haar-Random,3,2026,100,60,60,0.405095201548723,False,1,20,0.12967602937107978,0.0020230922171112875,0.0009008695427058022,0.0007565524381312362,0.04495172572290429,1.0941032791411006e-05,2.1694556153663517e-06,1.5300479149152675e-06
PowerLaw (c=2.0 - Steep),29,Haar-Random,4,2026,100,60,60,0.405095201548723,False,1,20,0.045130742967648615,0.0003704131900840272,0.0019084591063403722,0.0012869168117713079,0.005444674574835763,3.667751025731389e-07,9.736271547241032e-06,4.427187440054364e-06
PowerLaw (c=2.0 - Steep),29,Haar-Random,5,2026,100,60,60,0.405095201548723,False,1,20,0.14880374506253047,0.0012762059793194717,0.0021707430983526816,0.00014526624490548122,0.05919086465263845,4.353800361543779e-06,1.2596323879303152e-05,5.64100366024167e-08
PowerLaw (c=2.0 - Steep),29,Haar-Random,6,2026,100,60,60,0.405095201548723,False,1,20,0.019799028906786656,0.0010737577392214326,0.0008672774903883025,0.0024513808583043464,0.0010478876945082016,3.0820492557905464e-06,2.010680705226425e-06,1.606380938518595e-05
PowerLaw (c=2.0 - Steep),29,Haar-Random,7,2026,100,60,60,0.405095201548723,False,1,20,0.21948358671794188,0.0009691858983515573,0.00032989250088265613,0.0021949735462769666,0.12877485166391295,2.510967745427644e-06,2.909188402058671e-07,1.2879100791660245e-05
PowerLaw (c=2.0 - Steep),29,Haar-Random,8,2026,100,60,60,0.405095201548723,False,1,20,0.02555037513707041,0.0002048238079188621,0.0005342597136737361,0.00022248120805420897,0.0017451048392982927,1.1214704451804217e-07,7.630127850996552e-07,1.3231638560853271e-07
PowerLaw (c=2.0 - Steep),29,Haar-Random,9,2026,100,60,60,0.405095201548723,False,1,20,0.10730338889306158,0.0014775226369226908,0.0036385367014515795,0.002678008563963442,0.03077895264255593,5.835730771311637e-06,3.538999333730587e-05,1.9171270014285314e-05
PowerLaw (c=2.0 - Steep),30,Haar-Random,0,2026,100,60,60,0.4019075079710711,False,1,20,0.11838520004359267,0.0005409239640029728,0.0014310206445265422,0.0020104494379750144,0.03746465913934543,7.821668487302717e-07,5.474176037072518e-06,1.0804713895992984e-05
PowerLaw (c=2.0 - Steep),30,Haar-Random,1,2026,100,60,60,0.4019075079710711,False,1,20,0.014220695669595771,0.00015099383876486533,0.002548101400827314,0.00048051651797268076,0.0005405907941888772,6.094602898880927e-08,1.7356428924547743e-05,6.172251354103047e-07
PowerLaw (c=2.0 - Steep),30,Haar-Random,2,2026,100,60,60,0.4019075079710711,False,1,20,0.012877213936633894,0.0018166429730739073,0.0024091278553232147,0.002885912139090135,0.00044327249360427576,8.821981192486412e-06,1.551481706734257e-05,2.2263486208903444e-05
PowerLaw (c=2.0 - Steep),30,Haar-Random,3,2026,100,60,60,0.4019075079710711,False,1,20,0.3066395178387709,0.0013944584496015453,0.0009129968714871896,0.0011993873932512956,0.2513524991493367,5.198022049333425e-06,2.2282583349275428e-06,3.845438944552163e-06
PowerLaw (c=2.0 - Steep),30,Haar-Random,4,2026,100,60,60,0.4019075079710711,False,1,20,0.0038635964156101825,0.0006391539495152114,0.0005162239934195752,0.00012640320626158515,3.9903452214387167e-05,1.092038411982824e-06,7.123662461247656e-07,4.2711334519217054e-08
PowerLaw (c=2.0 - Steep),30,Haar-Random,5,2026,100,60,60,0.4019075079710711,False,1,20,0.09273511600174784,0.0003563589452986296,7.201355066914267e-05,0.00018610021359999026,0.02298875225969726,3.3947069598140524e-07,1.3862942124754073e-08,9.258075202000636e-08
PowerLaw (c=2.0 - Steep),30,Haar-Random,6,2026,100,60,60,0.4019075079710711,False,1,20,0.10287145037373853,0.0012106366752932358,0.0008080665405273621,0.000362959267395773,0.028288940803084923,3.917911428434207e-06,1.7455054523346082e-06,3.5216220162433643e-07
PowerLaw (c=2.0 - Steep),30,Haar-Random,7,2026,100,60,60,0.4019075079710711,False,1,20,0.2254132410968412,0.00021061485676289568,0.002324148263906128,0.001537419090544747,0.13582690601119757,1.1857823099716504e-07,1.4439581950807597e-05,6.318463775999588e-06
PowerLaw (c=2.0 - Steep),30,Haar-Random,8,2026,100,60,60,0.4019075079710711,False,1,20,0.05615185605015944,8.205922135352349e-05,8.63519385427216e-05,0.00016849380806095273,0.00842859513401227,1.800038293978624e-08,1.9932930120094808e-08,7.589179980194564e-08
PowerLaw (c=2.0 - Steep),30,Haar-Random,9,2026,100,60,60,0.4019075079710711,False,1,20,0.1733040327236238,0.000914206028050507,0.004022784230136303,0.0030317823050508906,0.08028682770339979,2.2341643734354533e-06,4.325939475494388e-05,2.4571008871262146e-05
Exponential (alpha=0.08),0,Coordinate-Aligned (U=I),0,2026,100,60,60,1.0,False,5,20,1.3661863438028896e-16,0.01658064821233178,0.007309871189483031,0.021148381643817545,3.1554436208840472e-30,0.04647758516399274,0.009033582048328407,0.07561271342240876
Exponential (alpha=0.08),0,Coordinate-Aligned (U=I),1,2026,100,60,60,1.0,False,6,20,1.3661863438028896e-16,0.024834569903377544,0.0110665838046318,0.00419797969870603,3.1554436208840472e-30,0.10426866937877981,0.020704640757183063,0.0029793478605035914
Exponential (alpha=0.08),0,Coordinate-Aligned (U=I),2,2026,100,60,60,1.0,False,4,20,1.3661863438028896e-16,0.009705831835587148,0.0190643118385197,0.012645968023976405,3.1554436208840472e-30,0.015925976479166614,0.06144447129416047,0.02703614107037423
Exponential (alpha=0.08),0,Coordinate-Aligned (U=I),3,2026,100,60,60,1.0,False,7,20,1.3661863438028896e-16,0.0012376509215556906,0.013341586552108384,0.011358531721582138,3.1554436208840472e-30,0.0002589625031104224,0.03009230820215872,0.02181146997528079
Exponential (alpha=0.08),0,Coordinate-Aligned (U=I),4,2026,100,60,60,1.0,False,6,20,1.3661863438028896e-16,0.01346442891412813,0.005185155222395924,0.0007883046679456812,3.1554436208840472e-30,0.03064900787680954,0.004545315867558095,0.00010505790634150183
Exponential (alpha=0.08),0,Coordinate-Aligned (U=I),5,2026,100,60,60,1.0,False,6,20,1.3661863438028896e-16,0.013872377273206098,0.018187777739273082,0.030550855939844017,3.1554436208840472e-30,0.03253436449355687,0.055924205364871436,0.1577928461897398
Exponential (alpha=0.08),0,Coordinate-Aligned (U=I),6,2026,100,60,60,1.0,False,5,20,1.3661863438028896e-16,0.008307121269939998,0.030557168203586955,0.0040171106581610196,3.1554436208840472e-30,0.011666528495116794,0.15785805764968802,0.0027281493126212306
Exponential (alpha=0.08),0,Coordinate-Aligned (U=I),7,2026,100,60,60,1.0,False,7,20,1.3661863438028896e-16,0.0022054310844306767,0.015843748378763147,0.01207868638593664,3.1554436208840472e-30,0.0008222947700234959,0.0424381475391151,0.024664933889406958
Exponential (alpha=0.08),0,Coordinate-Aligned (U=I),8,2026,100,60,60,1.0,False,7,20,1.3661863438028896e-16,0.003058125506081365,0.0003775897025932379,0.012706631011585163,3.1554436208840472e-30,0.0015810702071230862,2.410353992087975e-05,0.02729614914077167
Exponential (alpha=0.08),0,Coordinate-Aligned (U=I),9,2026,100,60,60,1.0,False,6,20,1.3661863438028896e-16,0.007384592240506556,0.010080714884390479,0.01624065215138685,3.1554436208840472e-30,0.009219207382968844,0.017180001937357536,0.044591026935210894
Exponential (alpha=0.08),1,Haar-Random,0,2026,100,60,60,0.2652593332507157,False,5,20,0.07016716703533993,0.013401338473410903,0.011958583042009755,0.007211760597095708,0.8323546883362771,0.030362455934516728,0.02417686539315887,0.008792718065357323
Exponential (alpha=0.08),1,Haar-Random,1,2026,100,60,60,0.2652593332507157,False,7,20,0.02171123867972053,0.014349312404793178,0.0108760067244196,0.014186661981750314,0.07969108661925399,0.03480989609696125,0.01999767380476369,0.03402522356716304
Exponential (alpha=0.08),1,Haar-Random,2,2026,100,60,60,0.2652593332507157,False,5,20,0.04191979430582135,0.01841434791566589,0.0047098136406596635,0.0035983901945797017,0.2970837047513024,0.05732621047172354,0.0037501444076204933,0.002189056921189354
Exponential (alpha=0.08),1,Haar-Random,3,2026,100,60,60,0.2652593332507157,False,7,20,0.02816392576404831,0.03187217268842518,0.014177041429642365,0.002931130094427357,0.13409942850117362,0.1717370050229192,0.0339790914403855,0.0014524819165304187
Exponential (alpha=0.08),1,Haar-Random,4,2026,100,60,60,0.2652593332507157,False,7,20,0.0009254471840160058,0.02636760081374779,0.02247075710681689,0.0034740187973078224,0.00014479175151983482,0.11753894154336257,0.08536423561935998,0.002040350943613574
Exponential (alpha=0.08),1,Haar-Random,5,2026,100,60,60,0.2652593332507157,False,4,20,0.019241270907343552,0.0028231126383000448,0.0210020632018446,0.010773853967526614,0.06259044708523977,0.0013474012864413429,0.0745700556724449,0.019623782174648892
Exponential (alpha=0.08),1,Haar-Random,6,2026,100,60,60,0.2652593332507157,False,5,20,0.028845453949881188,0.02452528210733202,0.020573869176336523,0.016519085949673835,0.1406679962326223,0.10168773372008837,0.0715603561038805,0.0461330927804292
Exponential (alpha=0.08),1,Haar-Random,7,2026,100,60,60,0.2652593332507157,False,7,20,0.04681531253947834,0.02255689537002302,0.014758441279695738,0.000456579172964035,0.3705240473551573,0.08601995189216896,0.036823200150523906,3.524298940817759e-05
Exponential (alpha=0.08),1,Haar-Random,8,2026,100,60,60,0.2652593332507157,False,7,20,0.00483561193085652,0.024234660571176167,0.0355879943690651,0.0053557445816786245,0.003953151204703765,0.09929203872492412,0.21411523582196795,0.004849313476969369
Exponential (alpha=0.08),1,Haar-Random,9,2026,100,60,60,0.2652593332507157,False,5,20,0.05795600276828054,0.020001244978364717,0.0152970193956907,0.01778298820365205,0.5678549215978098,0.06763236955386971,0.03955980843251744,0.053462593890742954
Exponential (alpha=0.08),2,Haar-Random,0,2026,100,60,60,0.2607163130105607,False,7,20,0.004066026253148217,0.014492830298459188,0.023493868055985127,0.03875031205665426,0.002794994142220924,0.03550969638726751,0.09331459939187149,0.2538580581434788
Exponential (alpha=0.08),2,Haar-Random,1,2026,100,60,60,0.2607163130105607,False,5,20,0.03040292104355236,0.03411464515325787,0.01620974244505831,0.0072317334466387466,0.15626840105532017,0.1967534071651371,0.04442145444175671,0.008841488075092982
Exponential (alpha=0.08),2,Haar-Random,2,2026,100,60,60,0.2607163130105607,False,6,20,0.035584498970680334,0.02695117443515951,0.013587815261687328,0.021029608270761776,0.21407317774544657,0.12279931239836903,0.03121330904913053,0.07476578732795688
Exponential (alpha=0.08),2,Haar-Random,3,2026,100,60,60,0.2607163130105607,False,6,20,0.03800640835342447,0.02666936604542541,0.00860107283166092,0.012526140001691433,0.2442048054210447,0.12024469626378878,0.012506788208917579,0.026526201723319848
Exponential (alpha=0.08),2,Haar-Random,4,2026,100,60,60,0.2607163130105607,False,5,20,0.06380849145349701,0.01085559238928977,0.03426552322787019,0.01912167596490184,0.6883312703690921,0.01992267273288585,0.19849760942304864,0.06181479793743541
Exponential (alpha=0.08),2,Haar-Random,5,2026,100,60,60,0.2607163130105607,False,1,20,0.009622693712116062,0.0026228136026456112,0.03291517059105684,0.028087992824427747,0.015654307851712068,0.0011629884454097685,0.18316089867700902,0.13337731062207123
Exponential (alpha=0.08),2,Haar-Random,6,2026,100,60,60,0.2607163130105607,False,7,20,0.044746602051077104,0.0013699019560784044,0.013961142552639102,0.0061756530504794935,0.33850155527936127,0.00031726306591203,0.03295205230319451,0.006447722289922548
Exponential (alpha=0.08),2,Haar-Random,7,2026,100,60,60,0.2607163130105607,False,7,20,0.013290233483417737,0.004225059430019648,0.025447039152273074,0.022688069283436238,0.029861097574159112,0.0030179093423162895,0.10947502705241802,0.08702331533546338
Exponential (alpha=0.08),2,Haar-Random,8,2026,100,60,60,0.2607163130105607,False,6,20,0.03347577508613812,0.0054737663687539065,0.002234837763603475,0.0050273707242182025,0.18945314876813907,0.005065391986920888,0.0008443695200850773,0.00427289645565819
Exponential (alpha=0.08),2,Haar-Random,9,2026,100,60,60,0.2607163130105607,False,6,20,0.0529939074152156,0.010862943271591883,0.019175540419626533,0.018713699894910903,0.4747800157181649,0.019949663209557364,0.06216354456900713,0.059205201877821786
Exponential (alpha=0.08),3,Haar-Random,0,2026,100,60,60,0.26329844592575996,False,7,20,0.01349620460907453,0.014376126874401658,0.008466575954545747,0.024680096624437153,0.030793840266264663,0.034940115720351425,0.012118703578678098,0.1029755823092729
Exponential (alpha=0.08),3,Haar-Random,1,2026,100,60,60,0.26329844592575996,False,3,20,0.020392033057565477,0.005198857810555766,0.0167713281387037,0.0212682696134979,0.07030101545315796,0.004569371034466785,0.04755273030101828,0.07647242451256334
Exponential (alpha=0.08),3,Haar-Random,2,2026,100,60,60,0.26329844592575996,False,7,20,0.009391616382235003,0.028931346798948154,0.015472309701996565,0.01853590234223734,0.014911496626521548,0.1415069751427606,0.04047164388136426,0.058085537236576675
Exponential (alpha=0.08),3,Haar-Random,3,2026,100,60,60,0.26329844592575996,False,3,20,0.023682366974882067,0.011019751931021874,0.018932092641756826,0.005580948347917073,0.0948179929580045,0.020529774607402594,0.06059513914811415,0.005265705319752525
Exponential (alpha=0.08),3,Haar-Random,4,2026,100,60,60,0.26329844592575996,False,6,20,0.012725492624356124,0.005579623097951914,0.03656385373112635,0.0036275427575917403,0.027377245619255766,0.0052632048317296015,0.22601875121072135,0.002224670138965293
Exponential (alpha=0.08),3,Haar-Random,5,2026,100,60,60,0.26329844592575996,False,7,20,0.04193849241106317,0.0074461764080221305,0.004292169442768841,0.02902941362734675,0.29734878912667534,0.009373616621220259,0.0031145425028766245,0.14246791620054797
Exponential (alpha=0.08),3,Haar-Random,6,2026,100,60,60,0.26329844592575996,False,7,20,0.01582713751640689,0.008470731083476143,0.008328043318541919,0.006099885892314257,0.04234920839694886,0.012130601453894338,0.01172536838535951,0.006290482624216297
Exponential (alpha=0.08),3,Haar-Random,7,2026,100,60,60,0.26329844592575996,False,7,20,0.04160891423929895,0.018247122175238016,0.017300504145185344,0.007469396648914647,0.2926936575666927,0.05628974807933834,0.05060087920650501,0.00943216935944528
Exponential (alpha=0.08),3,Haar-Random,8,2026,100,60,60,0.26329844592575996,False,5,20,0.013400382812191157,9.128124728663187e-05,0.007056431666018492,0.006427065929612015,0.030358125742104333,1.4086518717210056e-06,0.008418036909291703,0.006983386116006497
Exponential (alpha=0.08),3,Haar-Random,9,2026,100,60,60,0.26329844592575996,False,7,20,0.016549380215196054,0.007262856032853603,0.004573823811399346,0.006011500175160081,0.04630245441009721,0.008917752525252504,0.00353670964983376,0.006109508500108388
Exponential (alpha=0.08),4,Haar-Random,0,2026,100,60,60,0.2621127996565328,False,3,20,0.0208098256275694,0.03094769726700347,0.0019280737215419913,0.001896571694359368,0.07321118348478715,0.16191878076771735,0.0006284747243886979,0.0006081057001553677
Exponential (alpha=0.08),4,Haar-Random,1,2026,100,60,60,0.2621127996565328,False,7,20,0.04212353227371563,0.0034087351178841273,0.005693959613924878,0.0065761354854369,0.2999784859916514,0.001964387016076442,0.0054811199970607625,0.007311088644450582
Exponential (alpha=0.08),4,Haar-Random,2,2026,100,60,60,0.2621127996565328,False,6,20,0.018248675052969295,0.005031320910230729,0.05329303594570632,0.01376403900967109,0.056299329296026476,0.004279613830545904,0.4801550136348533,0.03202818547279677
Exponential (alpha=0.08),4,Haar-Random,3,2026,100,60,60,0.2621127996565328,False,1,20,0.04792516567039997,0.009682213023325519,0.02536346637404732,0.002756484041984284,0.38830035792591455,0.01584856014277037,0.10875713540441577,0.0012845514696076994
Exponential (alpha=0.08),4,Haar-Random,4,2026,100,60,60,0.2621127996565328,False,7,20,0.02570651963348341,0.0029551140878112305,0.00044930441307899807,0.005360301159310979,0.1117190179610982,0.0014763490529297557,3.4128870360869025e-05,0.004857568416148642
Exponential (alpha=0.08),4,Haar-Random,5,2026,100,60,60,0.2621127996565328,False,7,20,0.03292982741688037,0.04538998671693399,0.0039927547953460705,0.010179658844106912,0.1833240547564615,0.34830575995617663,0.0026951678975294054,0.017518906397301554
Exponential (alpha=0.08),4,Haar-Random,6,2026,100,60,60,0.2621127996565328,False,2,20,0.026038733916755433,0.01349777023102852,0.0400451713566739,0.03011692774052973,0.11462524383627534,0.030800985135528865,0.27110707909914095,0.1533422668360553
Exponential (alpha=0.08),4,Haar-Random,7,2026,100,60,60,0.2621127996565328,False,5,20,0.03646094387968817,0.01417710026183309,0.019144512282951602,0.023159657625660204,0.22474827113560247,0.03397937345529617,0.061962532405163,0.0906786017680717
Exponential (alpha=0.08),4,Haar-Random,8,2026,100,60,60,0.2621127996565328,False,7,20,0.033726697857569134,0.02503064418529818,0.026545144458876017,0.005482593731031485,0.19230394302707268,0.10592161614169557,0.11912714439652855,0.005081742741252693
Exponential (alpha=0.08),4,Haar-Random,9,2026,100,60,60,0.2621127996565328,False,4,20,0.006897549728259584,0.006995423993452483,0.04672949215763036,0.0325714144327834,0.008043225145893895,0.008273106779116662,0.36916682607529633,0.17935512133772202
Exponential (alpha=0.08),5,Haar-Random,0,2026,100,60,60,0.2665111779899983,False,7,20,0.004056010956437797,0.007801319474070695,0.025957964736947763,0.019254021148243365,0.002781242032139663,0.010289083022231147,0.11391523788590692,0.06267342577143584
Exponential (alpha=0.08),5,Haar-Random,1,2026,100,60,60,0.2665111779899983,False,6,20,0.03533104296818335,0.006297612609866736,0.003068222852226611,0.019264240348211087,0.21103450065055848,0.006704901918087631,0.0015915282273584975,0.06273997210304623
Exponential (alpha=0.08),5,Haar-Random,2,2026,100,60,60,0.2665111779899983,False,7,20,0.04311366412269735,0.03644803232289999,0.030365499925110277,0.001788131149621631,0.3142464738850288,0.22458912351323035,0.15588395513169448,0.0005405542455466332
Exponential (alpha=0.08),5,Haar-Random,3,2026,100,60,60,0.2665111779899983,False,6,20,0.01060643132318882,0.03335789625605263,0.018479331460221134,0.023433761594957254,0.01901862492805251,0.1881212485783807,0.057731528490220625,0.09283774002089722
Exponential (alpha=0.08),5,Haar-Random,4,2026,100,60,60,0.2665111779899983,False,6,20,0.0004233997045271048,0.022042231452551526,0.02343218360176131,0.004998150249105877,3.0306909100178513e-05,0.08213942566882818,0.09282523734273905,0.004223370282911044
Exponential (alpha=0.08),5,Haar-Random,5,2026,100,60,60,0.2665111779899983,False,7,20,0.0269307335372175,0.01965153870973455,0.016125076965706538,0.004601911482454179,0.12261311076734115,0.0652880455015978,0.04395862885913565,0.0035802806121361433
Exponential (alpha=0.08),5,Haar-Random,6,2026,100,60,60,0.2665111779899983,False,6,20,0.0034496140793954357,0.0019840500513410584,0.009718424973114098,0.0017284376511801885,0.002011785013536877,0.0006654965261944093,0.015967330610499344,0.0005050658229491449
Exponential (alpha=0.08),5,Haar-Random,7,2026,100,60,60,0.2665111779899983,False,7,20,0.03528882951668766,0.014322993023364013,0.01304776522179302,0.0018966637012256,0.21053051480783347,0.03468231720159684,0.028781459440044378,0.0006081647026777631
Exponential (alpha=0.08),5,Haar-Random,8,2026,100,60,60,0.2665111779899983,False,7,20,0.008863692418821519,0.01333555268834283,0.011417540301986575,0.0075969745575978,0.013282196449249115,0.030065095272375365,0.02203868368862844,0.009757125454542905
Exponential (alpha=0.08),5,Haar-Random,9,2026,100,60,60,0.2665111779899983,False,7,20,0.0287273011809643,0.03065532300296587,0.008969849215967938,0.007220580962283117,0.13951798664257745,0.15887382006565123,0.013602252433749833,0.008814239137835637
Exponential (alpha=0.08),6,Haar-Random,0,2026,100,60,60,0.2619890549650452,False,5,20,0.018206570858463014,0.005262022622466918,0.009478094494106103,0.02444072596915543,0.05603983612055949,0.004681078960969074,0.015187371400223816,0.10098776217630616
Exponential (alpha=0.08),6,Haar-Random,1,2026,100,60,60,0.2619890549650452,False,5,20,0.012381793527419797,0.004738631599201131,0.011047950111512942,0.009164030903910209,0.02591836851480621,0.003796176859494974,0.020634975334802373,0.014197557471049867
Exponential (alpha=0.08),6,Haar-Random,2,2026,100,60,60,0.2619890549650452,False,5,20,0.013478012655959012,0.0050202644875328075,0.01169903208639738,0.014904433101287555,0.030710880269875222,0.0042608254327887035,0.023138777467590844,0.03755532020811117
Exponential (alpha=0.08),6,Haar-Random,3,2026,100,60,60,0.2619890549650452,False,6,20,0.03472559977196352,0.0105240281341327,0.02002441457775694,0.03209951915823233,0.20386377231543312,0.01872425495706388,0.06778915204729942,0.17419576761277936
Exponential (alpha=0.08),6,Haar-Random,4,2026,100,60,60,0.2619890549650452,False,6,20,0.04360490037666931,0.008207401947562063,0.02080690840285302,0.005961294272400337,0.3214483067144709,0.01138811780696489,0.07319065870885638,0.006007885771372446
Exponential (alpha=0.08),6,Haar-Random,5,2026,100,60,60,0.2619890549650452,False,6,20,0.0035592011787312088,0.024284069020578964,0.016248635947070756,0.015260654187341034,0.0021416358015958602,0.09969731500906234,0.04463487901086175,0.03937194298439663
Exponential (alpha=0.08),6,Haar-Random,6,2026,100,60,60,0.2619890549650452,False,7,20,0.01966176628485163,0.010453993513320143,0.0019208435514913907,0.020604885993890234,0.06535602105919092,0.01847587425174376,0.0006237700709891133,0.07177628511429936
Exponential (alpha=0.08),6,Haar-Random,7,2026,100,60,60,0.2619890549650452,False,7,20,0.004340535981433582,0.04394053866307881,0.019915703230739473,0.010535488292495048,0.003185130762632364,0.32641589466946247,0.06705510353343691,0.018765056779238898
Exponential (alpha=0.08),6,Haar-Random,8,2026,100,60,60,0.2619890549650452,False,6,20,0.009590921408144307,0.00716300676838589,0.04546016874669705,0.0028932905686314845,0.015551103421399743,0.008674236687160832,0.3493836938913442,0.0014152222499479283
Exponential (alpha=0.08),6,Haar-Random,9,2026,100,60,60,0.2619890549650452,False,5,20,0.03625365907289379,0.0248946534291139,0.007367680083891301,0.015106579066335946,0.22220009377239472,0.10477380457645136,0.009177028171374349,0.03858093969779705
Exponential (alpha=0.08),7,Haar-Random,0,2026,100,60,60,0.2664434683235759,False,5,20,0.024940142616330565,0.01893392334377943,0.0031033274828521306,0.011240265045125743,0.1051570539092575,0.06060685861403383,0.001628155048553834,0.02135962625162697
Exponential (alpha=0.08),7,Haar-Random,1,2026,100,60,60,0.2664434683235759,False,7,20,0.0047725675186055215,0.025594413631671642,0.008827906539110895,0.029536263452744665,0.0038507445330850758,0.11074673052228534,0.013175163047374826,0.14748629009046002
Exponential (alpha=0.08),7,Haar-Random,2,2026,100,60,60,0.2664434683235759,False,7,20,0.02885187106166599,0.008311780168680293,0.00019725154798410862,0.015921924127052137,0.1407305906827332,0.011679618087682121,6.577810919582208e-06,0.04285797481045602
Exponential (alpha=0.08),7,Haar-Random,3,2026,100,60,60,0.2664434683235759,False,2,20,0.006763203462912635,0.0060505663602545235,0.004695015424820131,0.0060072225644678,0.007732954429609109,0.006189172712781511,0.0037266155517615314,0.006100816892360993
Exponential (alpha=0.08),7,Haar-Random,4,2026,100,60,60,0.2664434683235759,False,4,20,0.06232193468040307,0.034070232249523956,0.001604715709528885,0.023727071741144974,0.6566325370487108,0.19624144510547117,0.0004353482004327312,0.09517630317122779
Exponential (alpha=0.08),7,Haar-Random,5,2026,100,60,60,0.2664434683235759,False,7,20,0.020065111508929596,0.04159264483146449,0.0033728158703619044,0.017958624661990136,0.06806497673122404,0.2924648113402339,0.001923206023834554,0.05452387238242552
Exponential (alpha=0.08),7,Haar-Random,6,2026,100,60,60,0.2664434683235759,False,7,20,0.022961170320584312,0.025119440291348643,0.0077952941144489914,4.4268269716089486e-05,0.08913096023744503,0.10667446212095806,0.010273195585633462,3.313032069960134e-07
Exponential (alpha=0.08),7,Haar-Random,7,2026,100,60,60,0.2664434683235759,False,6,20,0.010713060990167163,0.004316446531072502,0.01070531903082329,0.00019053340211232955,0.019402947114542896,0.00314987468641295,0.019374913567531054,6.137376831195303e-06
Exponential (alpha=0.08),7,Haar-Random,8,2026,100,60,60,0.2664434683235759,False,6,20,0.009965284384950465,0.02059423631107455,0.022853886033899106,0.02292725407938005,0.016788810959375854,0.07170210881157112,0.08829999111132802,0.08886784172411767
Exponential (alpha=0.08),7,Haar-Random,9,2026,100,60,60,0.2664434683235759,False,1,20,0.016901183119365035,0.002071527995505227,0.016967617240992692,0.011703670078372756,0.048291951927252046,0.0007254745119519413,0.048672344086504934,0.023157127487663746
Exponential (alpha=0.08),8,Haar-Random,0,2026,100,60,60,0.2649780026895202,False,2,20,0.0069311806296867675,0.028904438556692894,0.030403785817508012,0.0008937397110965048,0.008121850273230669,0.1412438741350863,0.15627729090935966,0.00013504007033706815
Exponential (alpha=0.08),8,Haar-Random,1,2026,100,60,60,0.2649780026895202,False,7,20,0.0064800348791027714,0.004756720152974004,0.034624661527447566,0.001592022263664912,0.007098968222986125,0.003825214107114945,0.20268033735648489,0.0004284881529734231
Exponential (alpha=0.08),8,Haar-Random,2,2026,100,60,60,0.2649780026895202,False,3,20,0.01861484545072263,0.000977499032513628,0.039409966295431885,0.007171637726687449,0.058581355281340106,0.00016153744803328136,0.2625745755145191,0.00869515306557292
Exponential (alpha=0.08),8,Haar-Random,3,2026,100,60,60,0.2649780026895202,False,7,20,0.00058000982075185,0.0005173253189615668,0.016113391279545284,0.007868289934349654,5.6873668124180176e-05,4.5244731320392606e-05,0.04389493916511051,0.010466494617091785
Exponential (alpha=0.08),8,Haar-Random,4,2026,100,60,60,0.2649780026895202,False,7,20,0.03526835858080134,0.014175575024988438,0.03513576906554243,0.03350059435641101,0.2102863295122711,0.03397206253789769,0.20870818107468733,0.1897341777796437
Exponential (alpha=0.08),8,Haar-Random,5,2026,100,60,60,0.2649780026895202,False,7,20,0.01169527192210456,0.011755087696214306,0.007184428189282679,0.021999870666140342,0.023123905874451282,0.023361046401016283,0.008726195962356522,0.08182401774567453
Exponential (alpha=0.08),8,Haar-Random,6,2026,100,60,60,0.2649780026895202,False,7,20,0.00244641066816658,0.07396643279204278,0.015012155768403247,0.0034000097427062466,0.0010118107028160561,0.9249321890342256,0.03810014858076806,0.001954343362708823
Exponential (alpha=0.08),8,Haar-Random,7,2026,100,60,60,0.2649780026895202,False,7,20,0.012410157432365345,0.005111364612953585,0.007542246873088365,0.00816870315947594,0.026037250834483723,0.004416866460786322,0.009617053509230802,0.011280978575465377
Exponential (alpha=0.08),8,Haar-Random,8,2026,100,60,60,0.2649780026895202,False,6,20,0.014090613978278764,0.023445616631306128,0.020148215920091913,0.032553113959307704,0.03356606101933743,0.09293169618504528,0.06862995875749173,0.17915363413729904
Exponential (alpha=0.08),8,Haar-Random,9,2026,100,60,60,0.2649780026895202,False,6,20,0.0007702313776606236,0.003289090086911642,0.060881054379707714,0.018782901314268907,0.0001002958490031104,0.0018289089398539926,0.6266208994523789,0.059643881490401035
Exponential (alpha=0.08),9,Haar-Random,0,2026,100,60,60,0.2651786001462434,False,7,20,0.029700550115024513,0.00472140168523906,0.010803108273257943,0.0017741870119555828,0.14913155009641135,0.0037686208504641933,0.01973049598876857,0.0005321564574461466
Exponential (alpha=0.08),9,Haar-Random,1,2026,100,60,60,0.2651786001462434,False,7,20,0.05829304017782953,0.016633518313506318,0.04455741077417322,0.022650277851010363,0.5744787342361718,0.04677446045003987,0.3356451973510441,0.08673364796161212
Exponential (alpha=0.08),9,Haar-Random,2,2026,100,60,60,0.2651786001462434,False,5,20,0.028994436575238005,0.019811817845483345,0.022028523278669554,0.02040609909628894,0.14212480863651886,0.06635737502749646,0.08203729159902794,0.07039803352391445
Exponential (alpha=0.08),9,Haar-Random,3,2026,100,60,60,0.2651786001462434,False,5,20,0.03610832350253315,0.014339337065016862,0.0010254102321217353,0.0013107970382814635,0.22042212994235658,0.0347615147063834,0.00017776073556884103,0.00029047679763088833
Exponential (alpha=0.08),9,Haar-Random,4,2026,100,60,60,0.2651786001462434,False,6,20,0.014500640193071,0.01753070733677458,0.0063391753088294905,0.02909154039164481,0.03554797762064091,0.051956444577185616,0.006793695378960996,0.14307836889459086
Exponential (alpha=0.08),9,Haar-Random,5,2026,100,60,60,0.2651786001462434,False,6,20,0.032850245559287665,0.00033377641680306974,0.03373659860893636,0.020443709854104354,0.18243904314584072,1.883440224128883e-05,0.19241686442812717,0.07065777581022567
Exponential (alpha=0.08),9,Haar-Random,6,2026,100,60,60,0.2651786001462434,False,6,20,0.03231691460234574,0.011940976482846248,0.00753293269569392,0.00148976573492792,0.1765632549307505,0.02410572685566753,0.009593315322366736,0.0003752118168128498
Exponential (alpha=0.08),9,Haar-Random,7,2026,100,60,60,0.2651786001462434,False,7,20,0.03131293800972667,0.04249668439641622,0.0028744794904280472,0.0007247159748293217,0.1657632227403956,0.30531675671474756,0.0013968795960169983,8.879248574477176e-05
Exponential (alpha=0.08),9,Haar-Random,8,2026,100,60,60,0.2651786001462434,False,7,20,0.03569170425927813,0.007694628570575966,0.0075584337930798984,0.013030681604256836,0.2153649956897757,0.010009580269370388,0.00965837740799344,0.028706140862849606
Exponential (alpha=0.08),9,Haar-Random,9,2026,100,60,60,0.2651786001462434,False,1,20,0.0006327628793837776,0.001132420575061226,0.03927229862172056,0.00351954102904192,6.768969113756658e-05,0.00021679838774718476,0.26074331820219726,0.0020941732599987183
Exponential (alpha=0.08),10,Haar-Random,0,2026,100,60,60,0.26245596703925195,False,6,20,0.04019629087641497,0.00934855111406982,0.0006648216212275631,0.037074431966857474,0.2731571078131109,0.014775056796626933,7.47224004827758e-05,0.23237508233438764
Exponential (alpha=0.08),10,Haar-Random,1,2026,100,60,60,0.26245596703925195,False,7,20,0.038534913459626,0.004893780195207678,0.04440856081681271,0.012310983107707688,0.2510436965600731,0.004048829264019775,0.3334064082408584,0.025622766328617267
Exponential (alpha=0.08),10,Haar-Random,2,2026,100,60,60,0.26245596703925195,False,7,20,0.005605351119645918,0.008402763551800044,0.04006289761823936,0.02187929842865855,0.005311854728803277,0.011936715172521234,0.27134714692626577,0.08092958794520888
Exponential (alpha=0.08),10,Haar-Random,3,2026,100,60,60,0.26245596703925195,False,1,20,1.195581605174306e-05,0.007054439621459237,0.014698844397597867,0.01636412431137776,2.416567854742332e-08,0.008413284723359012,0.03652640499263913,0.04527162516922196
Exponential (alpha=0.08),10,Haar-Random,4,2026,100,60,60,0.26245596703925195,False,4,20,0.04628601073672862,0.01764051653578964,0.025057450682840474,0.03215929501903044,0.36219299675752725,0.05260937476711894,0.1061486105361485,0.17484514788504765
Exponential (alpha=0.08),10,Haar-Random,5,2026,100,60,60,0.26245596703925195,False,6,20,0.01537155479917536,0.014780790547588294,0.016824120568651908,0.002554307845388765,0.03994626148119201,0.03693481013395753,0.047852572423525044,0.0011030292260976113
Exponential (alpha=0.08),10,Haar-Random,6,2026,100,60,60,0.26245596703925195,False,6,20,0.036674807839943716,0.02820432824606036,0.008775755969015754,0.0033592357978329368,0.22739255380991355,0.1344844483983073,0.013019959144069664,0.001907750274161731
Exponential (alpha=0.08),10,Haar-Random,7,2026,100,60,60,0.26245596703925195,False,6,20,0.03239269338188958,0.025927778391326328,0.048791334647615224,0.020297405089446142,0.17739225949275728,0.1136504493814676,0.4024629825130138,0.06965007426382908
Exponential (alpha=0.08),10,Haar-Random,8,2026,100,60,60,0.26245596703925195,False,3,20,0.04180870974394931,0.012136249036799895,0.0020776369588103444,0.012968600189129969,0.2955112882834404,0.02490058237122529,0.0007297596889261064,0.02843326601642528
Exponential (alpha=0.08),10,Haar-Random,9,2026,100,60,60,0.26245596703925195,False,5,20,0.02976045760504939,0.03069136311412917,0.017011221060170764,0.0043168408460249426,0.14973376837684696,0.15924760154161371,0.048922824402157644,0.0031504502058406158
Exponential (alpha=0.08),11,Haar-Random,0,2026,100,60,60,0.2632078172215666,False,7,20,0.02805991810775457,0.014539269919688774,0.014038633679881693,0.0031897990786258776,0.13311081533708688,0.03573762962964528,0.03331886730107444,0.0017201534931361802
Exponential (alpha=0.08),11,Haar-Random,1,2026,100,60,60,0.2632078172215666,False,6,20,0.013851304433497356,0.022502543488554315,0.02230691176407686,0.007186774191163006,0.03243559689078221,0.08560591322051488,0.08412390882193538,0.008731895793715236
Exponential (alpha=0.08),11,Haar-Random,2,2026,100,60,60,0.2632078172215666,False,5,20,0.0718203556217985,0.001516386912390232,0.016107885417845833,0.009386922577214622,0.8720384767413899,0.0003887412261045207,0.0438649469468554,0.014896595215639977
Exponential (alpha=0.08),11,Haar-Random,3,2026,100,60,60,0.2632078172215666,False,7,20,0.019006658948115096,0.027042777256101033,0.00037681484814062495,0.010740326262423503,0.06107340151845161,0.12363548225397636,2.4004715340790776e-05,0.01950183572082821
Exponential (alpha=0.08),11,Haar-Random,4,2026,100,60,60,0.2632078172215666,False,7,20,0.007898598231470969,0.02734271759635792,0.06269802111849301,0.007882797083890947,0.01054728284249064,0.12639325521706268,0.664581446667595,0.010505125369220936
Exponential (alpha=0.08),11,Haar-Random,5,2026,100,60,60,0.2632078172215666,False,7,20,0.053407176892115514,0.02472304128725258,0.011814302372807051,0.014381198394466924,0.48221397074563416,0.10333425992733776,0.023596995460644442,0.03496477197932462
Exponential (alpha=0.08),11,Haar-Random,6,2026,100,60,60,0.2632078172215666,False,6,20,0.022924971926869212,0.005648279122420825,0.015448255130116408,0.04144017888617132,0.0888501509990369,0.005393526856551899,0.04034590036656667,0.2903245677589219
Exponential (alpha=0.08),11,Haar-Random,7,2026,100,60,60,0.2632078172215666,False,7,20,0.07149111337661994,0.006026145145375492,0.021360484641320225,0.005247953181126443,0.8640615234794118,0.006139312227406337,0.07713700087179055,0.004656080163706838
Exponential (alpha=0.08),11,Haar-Random,8,2026,100,60,60,0.2632078172215666,False,6,20,0.032168996121024813,0.03164931810464546,0.018384902896366344,0.006169157677403191,0.1749506505987365,0.16934378405882403,0.057143024857282065,0.006434166367286571
Exponential (alpha=0.08),11,Haar-Random,9,2026,100,60,60,0.2632078172215666,False,3,20,0.03778520752036264,0.0028679499544133763,0.011405851697416992,0.021972534530334438,0.24137048810743814,0.001390540628377569,0.021993582976308962,0.08162080174983274
Exponential (alpha=0.08),12,Haar-Random,0,2026,100,60,60,0.26343005481434945,False,4,20,0.013015779321348217,0.023948375602536404,0.02820658464018183,0.0018774901660161966,0.028640519979733662,0.09696001344461112,0.1345059672272191,0.0005959308754665347
Exponential (alpha=0.08),12,Haar-Random,1,2026,100,60,60,0.26343005481434945,False,3,20,0.03501783939513009,0.015573395062180239,0.02700974520125731,0.0005913253047168217,0.20730951627686256,0.04100219878302,0.1233336316132855,5.9114425556570136e-05
Exponential (alpha=0.08),12,Haar-Random,2,2026,100,60,60,0.26343005481434945,False,1,20,0.01871428442214528,0.0575213311942634,0.005763712820752144,0.026443947831423117,0.0592089005150329,0.5593690094037723,0.005616234238006521,0.1182205916784009
Exponential (alpha=0.08),12,Haar-Random,3,2026,100,60,60,0.26343005481434945,False,6,20,0.05208824709098283,0.02848934013666111,0.013682062359723551,0.021260034262249712,0.45869080068650686,0.13721618035527638,0.031647810990129886,0.07641321373903841
Exponential (alpha=0.08),12,Haar-Random,4,2026,100,60,60,0.26343005481434945,False,7,20,0.01173321570886907,0.012007561488801768,0.010166049473572315,0.0011948364413912743,0.023274194277904094,0.024375312023021442,0.01747209502232363,0.00024135564707124268
Exponential (alpha=0.08),12,Haar-Random,5,2026,100,60,60,0.26343005481434945,False,7,20,0.03688258692231962,0.04946618380014907,0.03578978502070985,0.008608774645263051,0.22997641220010326,0.4136731743232837,0.21655026752900086,0.012529196594575022
Exponential (alpha=0.08),12,Haar-Random,6,2026,100,60,60,0.26343005481434945,False,7,20,0.0563051839879382,0.03129432239842179,0.011673455696217404,0.005301362169077391,0.5359660848937489,0.16556618811722632,0.023037716201374906,0.004751333274671386
Exponential (alpha=0.08),12,Haar-Random,7,2026,100,60,60,0.26343005481434945,False,2,20,0.03212095245914019,0.0067546020474987785,0.00598672705950938,0.007008007775650393,0.17442847121005867,0.007713297455678278,0.006059258246483795,0.008302897857054254
Exponential (alpha=0.08),12,Haar-Random,8,2026,100,60,60,0.26343005481434945,False,6,20,0.03505255104915388,0.02004599668620936,0.010968281506104445,0.03232088338358794,0.20772071370635775,0.06793535569750662,0.02033844389546441,0.17660662441519615
Exponential (alpha=0.08),12,Haar-Random,9,2026,100,60,60,0.26343005481434945,False,7,20,0.0057401492149041075,0.03423401179658198,0.01879143099190728,0.009439987041890736,0.005570406759813836,0.19813269057226443,0.05969806466356708,0.015065492773587963
Exponential (alpha=0.08),13,Haar-Random,0,2026,100,60,60,0.2650863938947462,False,7,20,0.029556456288984803,0.0037500628757341273,0.022376125867464087,0.012463074722063624,0.14768802072159648,0.0023774842250959415,0.08464675968839554,0.02625977150558968
Exponential (alpha=0.08),13,Haar-Random,1,2026,100,60,60,0.2650863938947462,False,1,20,0.03231169566919972,0.0018164046444174374,0.03497832362151336,0.014249505460130903,0.17650623232017282,0.0005577836149006561,0.20684190468580707,0.034327338243472644
Exponential (alpha=0.08),13,Haar-Random,2,2026,100,60,60,0.2650863938947462,False,4,20,0.02027198379753474,0.04917606538508852,0.006727731889133686,0.012313175365214344,0.06947571837159913,0.4088350301306214,0.007652051720669884,0.025631892602721317
Exponential (alpha=0.08),13,Haar-Random,3,2026,100,60,60,0.2650863938947462,False,7,20,0.015664556143428408,0.007276293950558101,0.007021059369187438,0.013193845478333922,0.04148362812394053,0.008950782750773779,0.008333853004656043,0.0294295303929091
Exponential (alpha=0.08),13,Haar-Random,4,2026,100,60,60,0.2650863938947462,False,3,20,0.03294845255271428,0.00031554140365557605,0.03770131131664455,0.02398794997316595,0.1835314898566751,1.683267938479037e-05,0.24029982644383516,0.09728072846731725
Exponential (alpha=0.08),13,Haar-Random,5,2026,100,60,60,0.2650863938947462,False,6,20,0.010750632337249636,0.03801206313753004,0.013724609159463712,0.03352337474065214,0.019539280357762753,0.24427747885915896,0.03184494599091818,0.1899923037687023
Exponential (alpha=0.08),13,Haar-Random,6,2026,100,60,60,0.2650863938947462,False,7,20,0.008278088973367046,0.0034800023197333755,0.05390044788199911,0.00041276936305289634,0.011585125025108096,0.002047385447491492,0.4911626038391358,2.8804175980380314e-05
Exponential (alpha=0.08),13,Haar-Random,7,2026,100,60,60,0.2650863938947462,False,2,20,0.01822293476288367,0.03266573025119428,0.019749026746759997,0.018695046420501817,0.056140617606387694,0.18039532894912486,0.06593741864845466,0.059087231373854555
Exponential (alpha=0.08),13,Haar-Random,8,2026,100,60,60,0.2650863938947462,False,4,20,0.027111368427805302,0.02523614786376707,0.03236894621773659,0.017393044260299428,0.12426345453738537,0.10766800646108865,0.17713226141629293,0.05114365353871605
Exponential (alpha=0.08),13,Haar-Random,9,2026,100,60,60,0.2650863938947462,False,4,20,0.04608345344413618,0.014723651550242314,0.008296738346851823,0.011137994764466856,0.3590298681273113,0.036649799826010535,0.011637383147804855,0.020972710594360542
Exponential (alpha=0.08),14,Haar-Random,0,2026,100,60,60,0.26559275331376186,False,5,20,0.035062259164924614,0.00781345221429878,0.006775586656420913,0.026893313390540217,0.20783578983809176,0.0103211114103655,0.007761297902355087,0.12227260664108405
Exponential (alpha=0.08),14,Haar-Random,1,2026,100,60,60,0.26559275331376186,False,4,20,0.0507030653162611,0.023880342351888025,0.018034396371201605,0.003472540273380421,0.4346192690338767,0.09640990221918291,0.054984941388679445,0.0020386145881595443
Exponential (alpha=0.08),14,Haar-Random,2,2026,100,60,60,0.26559275331376186,False,7,20,0.01432651703138735,0.015158943667200022,0.0009172209413059488,0.004934091678533987,0.0346993856731649,0.03884887289225091,0.0001422291021564121,0.004115806745063207
Exponential (alpha=0.08),14,Haar-Random,3,2026,100,60,60,0.26559275331376186,False,6,20,0.009572048568018998,0.0035168192048443837,0.0018076812319818237,0.0036509298256289934,0.015489961282787344,0.0020909354699688064,0.0005524388890779247,0.00225344787168799
Exponential (alpha=0.08),14,Haar-Random,4,2026,100,60,60,0.26559275331376186,False,4,20,0.00012363257697962398,0.008165786993253824,0.00602480926858792,0.0013724209568019134,2.5840825813289687e-06,0.011272925562397633,0.0061365906017373465,0.0003184309168926489
Exponential (alpha=0.08),14,Haar-Random,5,2026,100,60,60,0.26559275331376186,False,5,20,0.004748852128518168,0.005557925089441006,0.019815783817467313,0.0014049550425357577,0.003812570106306268,0.005222349380029687,0.06638394480856921,0.00033370706393927275
Exponential (alpha=0.08),14,Haar-Random,6,2026,100,60,60,0.26559275331376186,False,5,20,0.010158277101593042,0.00938821356484767,6.36955626414447e-05,0.02248800647998857,0.017445388933618248,0.014900692968121838,6.858969972768691e-07,0.08549534332643297
Exponential (alpha=0.08),14,Haar-Random,7,2026,100,60,60,0.26559275331376186,False,7,20,0.060381224357855985,0.004834982313812005,0.010341430361551114,0.040952743878641944,0.6163740912223373,0.003952121837841272,0.01808013915625619,0.28353492113876766
Exponential (alpha=0.08),14,Haar-Random,8,2026,100,60,60,0.26559275331376186,False,7,20,0.006344958002669784,0.003420158130517836,0.02233764985028141,0.033160420557748586,0.006806095660414325,0.001977574790988421,0.08435590772538756,0.18590052013725228
Exponential (alpha=0.08),14,Haar-Random,9,2026,100,60,60,0.26559275331376186,False,7,20,0.022151682622244876,0.011438655716323472,0.015363842780255097,0.03554711996629657,0.08295718106633831,0.02212027503598994,0.039906188886217456,0.2136236764291149
Exponential (alpha=0.08),15,Haar-Random,0,2026,100,60,60,0.26511512045771723,False,6,20,0.004060627598598801,0.013752208147541191,0.014677165692355963,0.021192182286376912,0.00278757697883991,0.03197314956425525,0.03641874193880039,0.07592624238460677
Exponential (alpha=0.08),15,Haar-Random,1,2026,100,60,60,0.26511512045771723,False,7,20,0.010163246451490594,0.014525362136370712,0.014918785207307323,0.0016778526794337977,0.01746246140475227,0.035669291468217554,0.03762768222892332,0.00047593560602844013
Exponential (alpha=0.08),15,Haar-Random,2,2026,100,60,60,0.26511512045771723,False,7,20,0.055398484624929065,0.029169419173746443,0.0033836944247543172,0.029279023355828854,0.5188434225554148,0.14384544301307067,0.0019356321047003734,0.14492847332965417
Exponential (alpha=0.08),15,Haar-Random,3,2026,100,60,60,0.26511512045771723,False,2,20,0.011230676836291994,0.01669901275254977,0.015177610677097712,0.02233287731637285,0.02132320127295284,0.047143534290945185,0.038944610275867785,0.08431986557905446
Exponential (alpha=0.08),15,Haar-Random,4,2026,100,60,60,0.26511512045771723,False,5,20,0.01984067092877763,0.0035058364144568105,0.04467928113679063,0.01635874121563961,0.0665507958498928,0.0020778961599265252,0.3374837755694123,0.04524184521837379
Exponential (alpha=0.08),15,Haar-Random,5,2026,100,60,60,0.26511512045771723,False,5,20,0.030734698332140747,0.03170689651610406,0.020121539811627835,0.001871523683268665,0.15969762401346438,0.1699605060649475,0.06844834781384017,0.0005921492720722761
Exponential (alpha=0.08),15,Haar-Random,6,2026,100,60,60,0.26511512045771723,False,7,20,0.014046096233291977,0.024855048357936112,0.005830847646483056,0.02857092155650126,0.033354299511729975,0.10444069905987333,0.00574783024172392,0.13800316374075625
Exponential (alpha=0.08),15,Haar-Random,7,2026,100,60,60,0.26511512045771723,False,2,20,0.024026722059814026,0.00497227355459501,0.03839669618720695,0.012832601455832263,0.09759545523867873,0.004179752562655087,0.24924603603083925,0.027840046621673296
Exponential (alpha=0.08),15,Haar-Random,8,2026,100,60,60,0.26511512045771723,False,7,20,0.04205299223434616,0.010750556117058975,0.006305530705174756,0.01312603833454813,0.29897463966653154,0.019539003298265578,0.006721772891652272,0.029127813265585986
Exponential (alpha=0.08),15,Haar-Random,9,2026,100,60,60,0.26511512045771723,False,4,20,0.027134892052569703,0.01439414005996582,0.015748582638206037,0.01843674319263617,0.12447918654912879,0.03502773001308868,0.04192986774200802,0.057465733962767246
Exponential (alpha=0.08),16,Haar-Random,0,2026,100,60,60,0.2681135753749602,False,7,20,0.013951124577280316,0.015739596652123534,0.028898272344528197,0.028588067036030416,0.0329047790361748,0.04188203185444889,0.14118361717531422,0.1381688455074088
Exponential (alpha=0.08),16,Haar-Random,1,2026,100,60,60,0.2681135753749602,False,1,20,0.0721884134834696,0.014211518650124585,0.010498402190989815,0.015017847035201273,0.8809992519390608,0.03414456025519883,0.018633179087766318,0.0381290423941247
Exponential (alpha=0.08),16,Haar-Random,2,2026,100,60,60,0.2681135753749602,False,7,20,0.026282576791782513,0.008126098057430949,0.0193231883228033,0.019314677279668225,0.11678213996240051,0.011163610165298864,0.06312452427848278,0.06306892918507219
Exponential (alpha=0.08),16,Haar-Random,3,2026,100,60,60,0.2681135753749602,False,6,20,0.009664866130607942,0.03219442146032952,0.0010807722872533047,0.005372588222198375,0.01579182166940896,0.17522731061543928,0.00019747355539936377,0.004879863303358097
Exponential (alpha=0.08),16,Haar-Random,4,2026,100,60,60,0.2681135753749602,False,2,20,0.06236796073554679,0.02196640553506822,0.020093274227170364,0.0011809537046729328,0.6576027689704409,0.08157527366232237,0.06825617826085657,0.0002357796349475726
Exponential (alpha=0.08),16,Haar-Random,5,2026,100,60,60,0.2681135753749602,False,3,20,0.020196738446378794,0.01817532838587378,0.06358108478068784,0.018079375668645356,0.0689609169817734,0.05584767243949359,0.6834337343110463,0.05525955753295247
Exponential (alpha=0.08),16,Haar-Random,6,2026,100,60,60,0.2681135753749602,False,7,20,0.07995035289228547,0.04528858240139279,0.003495494453176923,0.007701189789170836,1.0806406873890662,0.34675122088595645,0.00206565495820831,0.01002665790844817
Exponential (alpha=0.08),16,Haar-Random,7,2026,100,60,60,0.2681135753749602,False,7,20,0.002605988184535445,0.007435993514897363,0.007839457138670377,0.011130599321214902,0.001148115102551829,0.009347996688214878,0.010389927693250577,0.020944868778740754
Exponential (alpha=0.08),16,Haar-Random,8,2026,100,60,60,0.2681135753749602,False,6,20,0.003069632588391534,0.013030029377323574,0.007951448709347898,0.026479383016570317,0.0015929910613453162,0.028703267268018782,0.010688901351098234,0.11853763778266348
Exponential (alpha=0.08),16,Haar-Random,9,2026,100,60,60,0.2681135753749602,False,2,20,0.039607378794695045,0.016866123781577376,0.041262127846449545,0.01003775669304689,0.2652117424722492,0.04809180880113017,0.28783512191874616,0.017033891407031918
Exponential (alpha=0.08),17,Haar-Random,0,2026,100,60,60,0.26662594221729635,False,7,20,0.017352770416738376,0.016447113566833878,0.030188018578899585,0.005371005510759581,0.050907080023592434,0.04573197186356249,0.1540670483640598,0.00487698860776274
Exponential (alpha=0.08),17,Haar-Random,1,2026,100,60,60,0.26662594221729635,False,6,20,0.01579914814280186,0.002331703439322071,0.0494254779174467,0.00904932535937591,0.04219955660770179,0.0009191516513266381,0.4129926284629671,0.013844362152272627
Exponential (alpha=0.08),17,Haar-Random,2,2026,100,60,60,0.26662594221729635,False,7,20,0.02946785417191915,0.028064462337119987,0.022675561154863726,0.0365926547469087,0.14680389186300832,0.13315393271565049,0.08692738837455474,0.2263749572842426
Exponential (alpha=0.08),17,Haar-Random,3,2026,100,60,60,0.26662594221729635,False,7,20,0.005237518138292926,0.003347874352362083,0.02141055684682524,0.013865546010321875,0.00463758225047645,0.0018948674946959346,0.07749906632794146,0.03250233017527606
Exponential (alpha=0.08),17,Haar-Random,4,2026,100,60,60,0.26662594221729635,False,5,20,0.03949199056501529,0.0007881529180072044,0.0391556409855034,0.009109952819338718,0.2636687099614552,0.0001050174625968676,0.2591965525367982,0.014030488776327888
Exponential (alpha=0.08),17,Haar-Random,5,2026,100,60,60,0.26662594221729635,False,6,20,0.05022593233970189,0.0031456631899967158,0.005109607980409074,0.020687290722911464,0.4264779281601105,0.001672880758183953,0.004413831076416647,0.07235154018836862
Exponential (alpha=0.08),17,Haar-Random,6,2026,100,60,60,0.26662594221729635,False,6,20,0.044944313692515996,0.0193870041390619,0.011406980575597171,0.022167876642407113,0.34149948360177435,0.06354215669810964,0.02199793675983107,0.0830785173401314
Exponential (alpha=0.08),17,Haar-Random,7,2026,100,60,60,0.26662594221729635,False,6,20,0.012379868707881535,0.0035566157071140548,0.010397831010551042,0.021991677561179413,0.02591031082844482,0.002138525481521317,0.018277889811657372,0.08176308393898327
Exponential (alpha=0.08),17,Haar-Random,8,2026,100,60,60,0.26662594221729635,False,3,20,0.03432748792228587,0.01959978975088598,0.005231343728365596,0.007228747778395536,0.19921617221594784,0.06494464848184221,0.004626654381628521,0.00883418905028192
Exponential (alpha=0.08),17,Haar-Random,9,2026,100,60,60,0.26662594221729635,False,7,20,0.04823977932339545,0.00516943081992268,0.0046042805482024675,0.005907566376201241,0.3934152314349788,0.004517789592980433,0.003583967820570141,0.005900078163055032
Exponential (alpha=0.08),18,Haar-Random,0,2026,100,60,60,0.2647624655154153,False,6,20,0.012319454367634552,0.00416123781623973,0.015267549443364276,0.02757515282386452,0.025658040813336155,0.0029274239282170993,0.03940753005101966,0.12855127878269523
Exponential (alpha=0.08),18,Haar-Random,1,2026,100,60,60,0.2647624655154153,False,4,20,0.01768579277584679,0.0004972640559904317,0.026646908670241026,0.006428404555439612,0.05287977631062405,4.180369603522798e-05,0.12004227350625611,0.006986295410740438
Exponential (alpha=0.08),18,Haar-Random,2,2026,100,60,60,0.2647624655154153,False,7,20,0.0016729428480655177,0.002307663715418909,0.007764521126533706,0.008913503530168601,0.00047315425983667425,0.0009002965546229486,0.01019224599678164,0.013431899288120379
Exponential (alpha=0.08),18,Haar-Random,3,2026,100,60,60,0.2647624655154153,False,6,20,0.05692823419053936,0.014200039654828783,0.004292276778265249,0.011437702991068508,0.547893276725652,0.03408942371923041,0.0031146982773165998,0.022116590395495968
Exponential (alpha=0.08),18,Haar-Random,4,2026,100,60,60,0.2647624655154153,False,4,20,0.05457680747635345,0.004443773507562253,0.005271088363850667,0.00213456367487275,0.503566464773708,0.003338446156363877,0.004697222566290009,0.0007702980069720873
Exponential (alpha=0.08),18,Haar-Random,5,2026,100,60,60,0.2647624655154153,False,5,20,0.014354564258938354,0.01812887120711078,0.04903532670514149,0.0015833960726932788,0.0348353816320737,0.05556253762712792,0.40649826057735766,0.0004238573045916028
Exponential (alpha=0.08),18,Haar-Random,6,2026,100,60,60,0.2647624655154153,False,4,20,0.02509576993327505,0.02148203951943853,0.006015734273406138,0.0072478124114137114,0.10647351552291043,0.07801741699587766,0.006118117788440925,0.008880847937326372
Exponential (alpha=0.08),18,Haar-Random,7,2026,100,60,60,0.2647624655154153,False,6,20,0.043058922926801024,0.026186706497683915,0.011316277260166947,0.024467715410350525,0.3134489862510383,0.11593172726342295,0.021649491706554787,0.10121092315677274
Exponential (alpha=0.08),18,Haar-Random,8,2026,100,60,60,0.2647624655154153,False,7,20,0.04394627313074364,0.011596801884270286,0.017896188890040618,0.007267099565286479,0.3265010981554192,0.022736154980661626,0.05414541106282471,0.008928176476178086
Exponential (alpha=0.08),18,Haar-Random,9,2026,100,60,60,0.2647624655154153,False,6,20,0.014260866315543552,0.04116862488865679,0.02763352875449009,0.01604714390915964,0.03438209711106935,0.28653208968234034,0.12909613478340445,0.04353474849720138
Exponential (alpha=0.08),19,Haar-Random,0,2026,100,60,60,0.2634675367666493,False,5,20,0.012110143594441238,0.00727188573657942,0.018350323479686053,0.020928164118557586,0.0247935737580861,0.008939940689208434,0.0569282710220417,0.07404620583545528
Exponential (alpha=0.08),19,Haar-Random,1,2026,100,60,60,0.2634675367666493,False,5,20,0.0011328476177264201,0.0005153334422447256,0.011216036536640077,0.0037121202448119014,0.00021696193055098013,4.489698716910578e-05,0.02126764369913728,0.0023296174808718935
Exponential (alpha=0.08),19,Haar-Random,2,2026,100,60,60,0.2634675367666493,False,6,20,0.009032576067562926,0.0004894318146900442,0.009319601621142242,0.018985008503318905,0.013793160840036166,4.049719452864584e-05,0.014683691166928624,0.06093434360024217
Exponential (alpha=0.08),19,Haar-Random,3,2026,100,60,60,0.2634675367666493,False,5,20,0.015722432903073496,0.014105213407128848,0.011183503152740748,0.034767818923284406,0.041790738443019386,0.033635653329631636,0.02114444421855625,0.20435978607174812
Exponential (alpha=0.08),19,Haar-Random,4,2026,100,60,60,0.2634675367666493,False,7,20,0.005892799543376316,0.017381947692418808,0.03608691384644528,0.0052893380738461195,0.005870618798276829,0.05107841619679165,0.220160818284786,0.004729804583471968
Exponential (alpha=0.08),19,Haar-Random,5,2026,100,60,60,0.2634675367666493,False,7,20,0.022444098062825067,6.664656751769458e-05,0.01081766304505927,0.0312523616944325,0.08516180550516475,7.509242320830159e-07,0.01978369666212557,0.16512248998388582
Exponential (alpha=0.08),19,Haar-Random,6,2026,100,60,60,0.2634675367666493,False,7,20,0.004928018091182505,0.016180444948373503,0.026394871275229062,0.007458717462931901,0.004105680331517602,0.04426102483476834,0.1177821945225516,0.009405217815985936
Exponential (alpha=0.08),19,Haar-Random,7,2026,100,60,60,0.2634675367666493,False,7,20,0.06781702000990766,0.020577107103413435,0.01431546133593009,0.009698876668512902,0.7775314232570117,0.07158288229433908,0.034645851681793995,0.01590315965291637
Exponential (alpha=0.08),19,Haar-Random,8,2026,100,60,60,0.2634675367666493,False,7,20,0.021319108396514887,0.02734763116365853,0.02549085159365912,0.0011051667344655707,0.07683845443815802,0.12643868578300296,0.10985232023428047,0.00020648863507298298
Exponential (alpha=0.08),19,Haar-Random,9,2026,100,60,60,0.2634675367666493,False,4,20,0.004393800889312504,0.024671564327444537,0.022809413625245183,0.011248319862769066,0.003263783105443056,0.10290439406487062,0.08795667159848106,0.021390250002720112
Exponential (alpha=0.08),20,Haar-Random,0,2026,100,60,60,0.2641013340208178,False,4,20,0.010972123598263639,0.026262619869471305,0.005265478432516296,0.00986331984169828,0.020352695145677956,0.1166048569455004,0.004687229535733363,0.016447003239045178
Exponential (alpha=0.08),20,Haar-Random,1,2026,100,60,60,0.2641013340208178,False,7,20,0.03855400751365986,0.019693144077883314,0.03623373162062823,0.02014117046560611,0.2512925425572236,0.06556478806706947,0.22195588863866397,0.06858196992194066
Exponential (alpha=0.08),20,Haar-Random,2,2026,100,60,60,0.2641013340208178,False,7,20,0.05523357344318489,0.0006000987447291642,0.0031614064433848274,0.0279476160754589,0.5157590158359936,6.088158940507925e-05,0.001689667354881921,0.13204746930844463
Exponential (alpha=0.08),20,Haar-Random,3,2026,100,60,60,0.2641013340208178,False,5,20,0.021000540047944757,0.004349497205251303,0.008995986536077855,0.017892518731927032,0.07455923982532375,0.0031982960185184543,0.013681639367297195,0.05412320501170092
Exponential (alpha=0.08),20,Haar-Random,4,2026,100,60,60,0.2641013340208178,False,7,20,0.019322957720648272,0.025355740105437896,0.019238112637214626,0.022774012939845684,0.06312301763638715,0.10869088587495265,0.06256990152804648,0.08768386229027368
Exponential (alpha=0.08),20,Haar-Random,5,2026,100,60,60,0.2641013340208178,False,5,20,0.014573385030844696,0.021011805366393535,0.007603633915621437,0.005869809905146365,0.035905536763707814,0.07463925289744221,0.009774238759218179,0.00582490194185702
Exponential (alpha=0.08),20,Haar-Random,6,2026,100,60,60,0.2641013340208178,False,2,20,0.01972383870568387,0.008657078018267624,0.020748273386527117,0.005340553985284103,0.06576933185501561,0.012670192348519689,0.07277872931565559,0.004821844095084994
Exponential (alpha=0.08),20,Haar-Random,7,2026,100,60,60,0.2641013340208178,False,7,20,0.016235348150054292,0.006199824751315732,0.016701551003811453,0.009011414766191102,0.044561905906907305,0.006498294243568082,0.04715786702204665,0.013728607976031877
Exponential (alpha=0.08),20,Haar-Random,8,2026,100,60,60,0.2641013340208178,False,5,20,0.0067069559931972784,0.0002754708191034304,0.02654715591673091,0.014056889660764408,0.0076048641208426235,1.2828968711437847e-05,0.11914519879508496,0.03340558002792187
Exponential (alpha=0.08),20,Haar-Random,9,2026,100,60,60,0.2641013340208178,False,7,20,0.0038042449799061515,0.018881041210723083,0.0004990850741027913,0.005592521360842962,0.0024466818345781423,0.06026878349674151,4.2110433170033746e-05,0.005287566572197052
Exponential (alpha=0.08),21,Haar-Random,0,2026,100,60,60,0.26418549053283247,False,7,20,0.07327720523562342,0.003108163193317697,0.004654817126738531,0.004613136666028548,0.9077752535830662,0.0016332330950460387,0.0036630748445096602,0.00359776826831094
Exponential (alpha=0.08),21,Haar-Random,1,2026,100,60,60,0.26418549053283247,False,4,20,0.01899475574821947,0.006642674417412652,0.004055307910140165,0.006203970976078132,0.06099692923880736,0.007459787877302632,0.002780277945764904,0.006506988811231685
Exponential (alpha=0.08),21,Haar-Random,2,2026,100,60,60,0.26418549053283247,False,6,20,0.009755396950449125,0.006832354784726724,0.006508000081152349,0.01936706897508852,0.016089051303875238,0.007891896210934723,0.007160372971298062,0.06341154631249134
Exponential (alpha=0.08),21,Haar-Random,3,2026,100,60,60,0.26418549053283247,False,3,20,0.04840485429797451,0.00552082241419164,0.013104653856160582,0.003724999376659633,0.3961123468316916,0.005152857120212728,0.029032982565291517,0.002345810651844085
Exponential (alpha=0.08),21,Haar-Random,4,2026,100,60,60,0.26418549053283247,False,3,20,0.01496759221541746,0.0008731581867104232,0.014548989304675446,0.00986882127305843,0.03787428389583276,0.0001288921315153438,0.0357854262359948,0.016465355537215013
Exponential (alpha=0.08),21,Haar-Random,5,2026,100,60,60,0.26418549053283247,False,6,20,0.017566672135182673,0.002811451931844838,0.028206583545718474,0.04576026385457686,0.052169843816395445,0.001336293544847949,0.13450595678909968,0.3540116751154023
Exponential (alpha=0.08),21,Haar-Random,6,2026,100,60,60,0.26418549053283247,False,6,20,0.049161972693994034,0.012760379366212316,0.0044094100427213385,0.021620785366105615,0.4086007389088095,0.027527559973100302,0.003287013736212882,0.0790284521830342
Exponential (alpha=0.08),21,Haar-Random,7,2026,100,60,60,0.26418549053283247,False,3,20,0.015986727674532304,0.03317125629906237,0.02564510935985789,0.03161818686262135,0.04320755577855362,0.186022032411677,0.11118588466990785,0.1690108044024126
Exponential (alpha=0.08),21,Haar-Random,8,2026,100,60,60,0.26418549053283247,False,7,20,0.017074301258911254,0.01562890417858045,0.000814822337453126,0.011751041766980249,0.04928632367928996,0.041295012526578176,0.00011224484319256031,0.023344968107547853
Exponential (alpha=0.08),21,Haar-Random,9,2026,100,60,60,0.26418549053283247,False,7,20,0.028553360575673724,0.010172645604161616,0.015208046913199148,0.0035937613791171977,0.13783356990246343,0.017494775535439877,0.03910096108355936,0.002183428724793071
Exponential (alpha=0.08),22,Haar-Random,0,2026,100,60,60,0.26202524041164116,False,7,20,0.004715960017815824,0.0138642268337795,0.025331261077704226,0.018434893938060543,0.003759938783299436,0.03249614588626667,0.10848112170534205,0.05745420660776303
Exponential (alpha=0.08),22,Haar-Random,1,2026,100,60,60,0.26202524041164116,False,3,20,0.00799796247993526,0.015619224295087396,0.020624198790845143,0.003467199189444138,0.010814321336642872,0.04124387559243235,0.07191089886159634,0.002032348260291747
Exponential (alpha=0.08),22,Haar-Random,2,2026,100,60,60,0.26202524041164116,False,4,20,0.01711344849602189,0.005053913613439347,0.005883332995513769,0.00018398556316013304,0.04951258596907297,0.0043181345814276096,0.005851772117909716,5.722793010881989e-06
Exponential (alpha=0.08),22,Haar-Random,3,2026,100,60,60,0.26202524041164116,False,5,20,0.010148659906309726,0.024013673070310944,0.0020448024261553737,0.029352007654130187,0.017412372253539282,0.09748947521852981,0.0007068760196248839,0.1456519049932065
Exponential (alpha=0.08),22,Haar-Random,4,2026,100,60,60,0.26202524041164116,False,5,20,0.01971938431378173,0.0017775284692015546,0.0029045497008205953,0.018129747958803552,0.06573962878325772,0.0005341628440622836,0.0014262582503997933,0.05556791200773149
Exponential (alpha=0.08),22,Haar-Random,5,2026,100,60,60,0.26202524041164116,False,1,20,0.026070538219394816,0.004031409728594534,0.025391476377701144,0.001487770280798993,0.1149054266094845,0.0027476057983131692,0.10899747872268448,0.00037420734138485484
Exponential (alpha=0.08),22,Haar-Random,6,2026,100,60,60,0.26202524041164116,False,7,20,0.005678912814521332,0.01657937218171516,0.004763776784792202,0.018361280401317445,0.005452189570039634,0.046470431699447964,0.003836571996151784,0.05699627470895878
Exponential (alpha=0.08),22,Haar-Random,7,2026,100,60,60,0.26202524041164116,False,7,20,0.028132420163862422,0.00714148330476499,0.01754630941174108,0.03798169331256499,0.1337995754245557,0.008622186165500357,0.05204896669297179,0.24388730268431605
Exponential (alpha=0.08),22,Haar-Random,8,2026,100,60,60,0.26202524041164116,False,2,20,0.006434259071927254,0.05243769920178356,0.027769086763964102,0.003601955323597311,0.006999026409947748,0.46486601907637776,0.13036581980473821,0.0021933967153723584
Exponential (alpha=0.08),22,Haar-Random,9,2026,100,60,60,0.26202524041164116,False,6,20,0.006917340024152577,0.03287963674373167,0.013816888385829942,0.004851820247372607,0.008089446243691413,0.1827656463852679,0.032274613031953094,0.003979696473613698
Exponential (alpha=0.08),23,Haar-Random,0,2026,100,60,60,0.2663224535124839,False,4,20,0.01799594119998801,0.00825048676058144,0.013496074037595954,0.011634666344077234,0.054750700004586574,0.011507995638635724,0.030793244427964772,0.022884867992242233
Exponential (alpha=0.08),23,Haar-Random,1,2026,100,60,60,0.2663224535124839,False,2,20,0.002258907937284818,0.0009361091209492576,0.02052394829140576,0.004253263820276578,0.0008626559220236362,0.00014814721743002367,0.07121350619923124,0.0030583359436022494
Exponential (alpha=0.08),23,Haar-Random,2,2026,100,60,60,0.2663224535124839,False,2,20,0.008581815976754526,0.00912322542786676,0.0001677083015525037,0.017705810679901263,0.012450848257727862,0.014071401576812387,4.754990641955964e-06,0.05299954943753376
Exponential (alpha=0.08),23,Haar-Random,3,2026,100,60,60,0.2663224535124839,False,4,20,0.018466006939468312,0.013750528296074599,0.027847333763985238,0.014969056359080123,0.057648303875834035,0.03196533891141661,0.1311015376244734,0.03788169405295046
Exponential (alpha=0.08),23,Haar-Random,4,2026,100,60,60,0.2663224535124839,False,4,20,0.0026806125397526733,0.024621204016660424,0.02153417366305336,0.024860590524193295,0.0012148107738288332,0.10248471997611779,0.07839655294444821,0.10448728052237763
Exponential (alpha=0.08),23,Haar-Random,5,2026,100,60,60,0.2663224535124839,False,6,20,0.0032384148480146444,0.010380105031294056,0.031046571476979444,0.008348968096912848,0.0017729868286531544,0.018215623493409768,0.16295505598782362,0.01178436398747993
Exponential (alpha=0.08),23,Haar-Random,6,2026,100,60,60,0.2663224535124839,False,7,20,0.028801823578994343,0.004389592852221557,0.008983357541154431,0.016302626033835498,0.14024278155031597,0.0032575345093050355,0.013643252455253455,0.04493199252154682
Exponential (alpha=0.08),23,Haar-Random,7,2026,100,60,60,0.2663224535124839,False,7,20,0.05830879770504349,0.013143507520755774,0.0011254455357188515,0.007294831643598734,0.5747893575201622,0.029205396125366982,0.00021413591364641016,0.008996448368130754
Exponential (alpha=0.08),23,Haar-Random,8,2026,100,60,60,0.2663224535124839,False,7,20,0.010604066411824261,0.014201158034634433,0.021598572936911916,0.011889252270867868,0.01901014472456674,0.03409479362316582,0.07886615352980231,0.023897343686164394
Exponential (alpha=0.08),23,Haar-Random,9,2026,100,60,60,0.2663224535124839,False,6,20,0.03054280819254564,0.012470127462935706,0.013586580831597205,0.0007517570111721011,0.15770972513429146,0.026289500247552916,0.03120763795382369,9.554226208610534e-05
Exponential (alpha=0.08),24,Haar-Random,0,2026,100,60,60,0.2665872083173804,False,7,20,0.024941841855360133,0.013838183589321604,0.016772049216120237,0.019370970827100417,0.10517138366351736,0.032374175839052124,0.04755681941510123,0.06343709972935345
Exponential (alpha=0.08),24,Haar-Random,1,2026,100,60,60,0.2665872083173804,False,7,20,0.01834299772590197,0.016101245819669038,0.014125264707706314,0.02667829246181496,0.05688282667309838,0.043828792530661076,0.033731350991264605,0.12032520315361143
Exponential (alpha=0.08),24,Haar-Random,2,2026,100,60,60,0.2665872083173804,False,5,20,0.041350356813769966,7.973162501788205e-05,0.03633751985958945,0.01142304840648775,0.28906736794254717,1.0747359500846783e-06,0.22322925478849695,0.02205995283254519
Exponential (alpha=0.08),24,Haar-Random,3,2026,100,60,60,0.2665872083173804,False,7,20,0.015847892264745818,0.012164291911160145,0.01754346763080838,0.010746690611072533,0.042460349588553915,0.025015789409721424,0.052032108471697876,0.01952495480536497
Exponential (alpha=0.08),24,Haar-Random,4,2026,100,60,60,0.2665872083173804,False,4,20,0.02960576534301252,0.007235464823215662,0.015598723646750932,0.005563265481600363,0.14818120780070473,0.008850614360777697,0.04113567927157086,0.005232390102833826
Exponential (alpha=0.08),24,Haar-Random,5,2026,100,60,60,0.2665872083173804,False,6,20,0.0012354330307785685,0.01713259403330594,0.021107154565376998,0.013211072106156201,0.0002580352046057017,0.04962343157847773,0.07531819889502547,0.029506430267659513
Exponential (alpha=0.08),24,Haar-Random,6,2026,100,60,60,0.2665872083173804,False,6,20,0.0016244413959034347,0.04403723509857344,0.005078575898271729,0.029758834478928513,0.00044611686486518986,0.32785411021395977,0.004360381011637417,0.1497174359557344
Exponential (alpha=0.08),24,Haar-Random,7,2026,100,60,60,0.2665872083173804,False,6,20,0.05423823719249875,0.03889007041507101,0.008836778534579927,0.004682178695155459,0.4973380385080159,0.25569250866340026,0.013201658281148615,0.0037062653908782146
Exponential (alpha=0.08),24,Haar-Random,8,2026,100,60,60,0.2665872083173804,False,6,20,0.048689434514065114,0.047966982159309064,0.007413378742126969,0.0014096920060204738,0.40078365947615935,0.38897826654584233,0.00929122381575134,0.0003359611190232666
Exponential (alpha=0.08),24,Haar-Random,9,2026,100,60,60,0.2665872083173804,False,2,20,0.0167500646052986,0.006496680615608597,0.022746614056484277,0.036309718029282526,0.047432227252670975,0.007135486337318174,0.08747300838743105,0.22288780013166865
Exponential (alpha=0.08),25,Haar-Random,0,2026,100,60,60,0.2637595702827667,False,7,20,0.032198275459313655,0.004669033105271598,0.009402525557310725,0.015266134640916706,0.1752692661013993,0.00368548333453713,0.014946158733573443,0.03940022681130911
Exponential (alpha=0.08),25,Haar-Random,1,2026,100,60,60,0.2637595702827667,False,5,20,0.013313891914328383,0.0011086382272822118,0.041841190349978956,0.030285108241529798,0.0299675058653874,0.0002077878953854819,0.29597062387246714,0.1550596522291578
Exponential (alpha=0.08),25,Haar-Random,2,2026,100,60,60,0.2637595702827667,False,6,20,0.03954415292549695,0.03001568199064555,0.010354990160836125,0.01864386248122499,0.26436569510699026,0.15231300137606674,0.018127584002800706,0.0587641321790219
Exponential (alpha=0.08),25,Haar-Random,3,2026,100,60,60,0.2637595702827667,False,3,20,0.03386773525728265,0.022587170546660384,0.013414289797743147,0.01071249472408482,0.19391564882289408,0.08625101355916477,0.030421170074117213,0.01940089598452888
Exponential (alpha=0.08),25,Haar-Random,4,2026,100,60,60,0.2637595702827667,False,7,20,0.022609356157597987,0.0007851771586507012,0.019943847809000194,0.0321207443040383,0.08642053201938707,0.00010422594933129143,0.06724476001661335,0.1744262105013453
Exponential (alpha=0.08),25,Haar-Random,5,2026,100,60,60,0.2637595702827667,False,7,20,0.01754028878689527,0.01489036609647348,0.008933934411036562,0.0032248327181471645,0.05201325393626415,0.03748446322716438,0.01349354509155228,0.0017581459636301455
Exponential (alpha=0.08),25,Haar-Random,6,2026,100,60,60,0.2637595702827667,False,6,20,0.004067531638853496,0.03386289929795409,0.000695949578673023,0.011100811724816135,0.0027970641353082023,0.19386027451268417,8.18834434294404e-05,0.020832913897241137
Exponential (alpha=0.08),25,Haar-Random,7,2026,100,60,60,0.2637595702827667,False,7,20,0.01898280941631475,0.029868367281454828,0.023744229487592323,0.032109118034148364,0.060920228024544616,0.1508215887447381,0.09531400253292158,0.17429996441123133
Exponential (alpha=0.08),25,Haar-Random,8,2026,100,60,60,0.2637595702827667,False,6,20,0.05062779396576533,0.004593582757106778,0.023496088647832605,0.02449732312605444,0.43332979684813094,0.00356733286638927,0.09333224003162213,0.10145601651799083
Exponential (alpha=0.08),25,Haar-Random,9,2026,100,60,60,0.2637595702827667,False,1,20,0.03132426475207604,0.014373323736950694,0.015884053293704053,0.010820945564136984,0.1658831665729547,0.0349264914112258,0.04265433900002349,0.019795704840643327
Exponential (alpha=0.08),26,Haar-Random,0,2026,100,60,60,0.26171728539839734,False,5,20,8.4576092571784e-05,0.013655818876361941,0.024333640454723988,0.001254771648410693,1.2093048058367252e-06,0.031526520464776414,0.10010475769194331,0.0002661766406675896
Exponential (alpha=0.08),26,Haar-Random,1,2026,100,60,60,0.26171728539839734,False,5,20,0.03231850795730242,0.007949824039898636,0.02638162041445528,0.024830259048867747,0.17658066592905763,0.010684533805517472,0.11766396521303062,0.1042324740225682
Exponential (alpha=0.08),26,Haar-Random,2,2026,100,60,60,0.26171728539839734,False,6,20,0.019581958944088266,0.011447242245192757,0.009944444368972448,0.007913737031911776,0.06482653611991823,0.022153497063756765,0.01671866479378682,0.010587752359690228
Exponential (alpha=0.08),26,Haar-Random,3,2026,100,60,60,0.26171728539839734,False,7,20,0.0294980877322533,0.024611349689121997,0.0013098085107880228,0.007660456882364424,0.1471052834175438,0.1024026999502774,0.00029003884115334024,0.009920872998528688
Exponential (alpha=0.08),26,Haar-Random,4,2026,100,60,60,0.26171728539839734,False,7,20,0.008470721255058357,0.02239271400934264,0.0016354839560508829,0.010604798964614526,0.012130573304128107,0.08477230893958138,0.00045220266904382443,0.0190127713425146
Exponential (alpha=0.08),26,Haar-Random,5,2026,100,60,60,0.26171728539839734,False,2,20,0.001376730503359741,0.0012814629025012815,0.021294537438312125,0.0004740290657647652,0.00032043387003490714,0.00027762119642647136,0.07666143892417862,3.7988355096442244e-05
Exponential (alpha=0.08),26,Haar-Random,6,2026,100,60,60,0.26171728539839734,False,7,20,0.05463540998481536,0.019650045360876896,0.00022563824726380645,0.027213876786832854,0.5046484665571367,0.0652781232125488,8.607280973846368e-06,0.12520491377654147
Exponential (alpha=0.08),26,Haar-Random,7,2026,100,60,60,0.26171728539839734,False,7,20,0.01705100220763768,0.003884245400863347,0.002965574895155856,0.01878631650743557,0.04915190633694695,0.002550667599955803,0.0014868198079076621,0.05966557290979403
Exponential (alpha=0.08),26,Haar-Random,8,2026,100,60,60,0.26171728539839734,False,2,20,0.0006971769909711536,0.021213214899386306,0.01706505640188307,0.007481500750075553,8.217252578890396e-05,0.07607702626360931,0.049232966103507796,0.00946276364747209
Exponential (alpha=0.08),26,Haar-Random,9,2026,100,60,60,0.26171728539839734,False,4,20,0.009568677334993588,0.0011333068043996124,0.003786812970545457,0.012601513367617645,0.015479052212948355,0.0002171378522136442,0.002424310581931448,0.02684639365741176
Exponential (alpha=0.08),27,Haar-Random,0,2026,100,60,60,0.2664397625038769,False,7,20,0.011446752800249286,0.01263684555750378,0.001696797673331773,0.004748882536408119,0.022151602688660517,0.026997148826909498,0.00048674406546925865,0.0038126189318246277
Exponential (alpha=0.08),27,Haar-Random,1,2026,100,60,60,0.2664397625038769,False,3,20,0.046722354805819,0.018579050301252682,0.03238295156402314,0.02418651967859939,0.36905406335646657,0.058356275546473435,0.17728557721082355,0.09889795358905311
Exponential (alpha=0.08),27,Haar-Random,2,2026,100,60,60,0.2664397625038769,False,5,20,0.011849033226056006,0.019686435365183823,0.014621547442758122,0.01871871846830624,0.023735936953605253,0.06552012476663034,0.03614325157819314,0.05923696101617794
Exponential (alpha=0.08),27,Haar-Random,3,2026,100,60,60,0.2664397625038769,False,7,20,0.023760801430100054,0.000844518513232615,0.027313004148181223,0.015034588995844665,0.09544709502842035,0.00012057545074031145,0.1261187002959267,0.03821410262227171
Exponential (alpha=0.08),27,Haar-Random,4,2026,100,60,60,0.2664397625038769,False,4,20,0.0036487828455754375,0.01839045414110638,0.011447635571932202,0.008606817428272967,0.0022507983082589405,0.05717753826307132,0.022155019476278418,0.012523500181354487
Exponential (alpha=0.08),27,Haar-Random,5,2026,100,60,60,0.2664397625038769,False,4,20,0.0321932035620871,0.023534730082208168,0.027773023451384483,0.006672171310514766,0.17521405334990284,0.09363947901787122,0.13040278507225547,0.007526185565463079
Exponential (alpha=0.08),27,Haar-Random,6,2026,100,60,60,0.2664397625038769,False,7,20,0.02295699865048773,0.004985624841253718,0.004623279740023421,0.013029569465665565,0.08909857589648625,0.004202229200931015,0.003613606753503707,0.02870124106625289
Exponential (alpha=0.08),27,Haar-Random,7,2026,100,60,60,0.2664397625038769,False,5,20,0.006751895167575521,0.025017055318882646,0.02404415746092591,0.008537585280275336,0.0077071165478184295,0.10580663995677958,0.09773715024874832,0.012322835605797583
Exponential (alpha=0.08),27,Haar-Random,8,2026,100,60,60,0.2664397625038769,False,6,20,0.04180309851462411,0.010259749202388231,0.0017762886506996686,0.000841253132642351,0.2954319713017403,0.01779565733147828,0.0005334179513361583,0.00011964482920767123
Exponential (alpha=0.08),27,Haar-Random,9,2026,100,60,60,0.2664397625038769,False,7,20,0.004852747556193148,0.0005661190071674408,0.00837242642976116,0.014329612950503187,0.003981217865636172,5.4182123004540795e-05,0.011850678744567205,0.03471438416839662
Exponential (alpha=0.08),28,Haar-Random,0,2026,100,60,60,0.2641567125344862,False,6,20,0.02780551358897096,0.009238722485956167,0.023755282551359634,0.03488784208260443,0.13070806567223736,0.014429935471192978,0.09540276152643584,0.20577317608185727
Exponential (alpha=0.08),28,Haar-Random,1,2026,100,60,60,0.2641567125344862,False,4,20,0.03283512890532287,0.007780074110239153,0.01033738906551549,0.0009477155450839595,0.1822711763128381,0.010233118729962028,0.018066010952460666,0.00015184362168278837
Exponential (alpha=0.08),28,Haar-Random,2,2026,100,60,60,0.2641567125344862,False,7,20,0.026727365279545143,0.018403324664612045,0.023717329237632232,0.04415743894469141,0.1207682695459309,0.057257597445443925,0.09509815909097531,0.32964637127151103
Exponential (alpha=0.08),28,Haar-Random,3,2026,100,60,60,0.2641567125344862,False,6,20,0.01697599438578106,0.01265447145477377,0.03401928454469785,0.012630273586951889,0.048720416354997464,0.027072512702678037,0.19565497561862563,0.026969075629335856
Exponential (alpha=0.08),28,Haar-Random,4,2026,100,60,60,0.2641567125344862,False,3,20,0.03677725133452068,0.01595283205122092,0.027304294862808474,0.00394167624685281,0.2286646762260317,0.04302452964931109,0.12603828229269254,0.0026266514428686873
Exponential (alpha=0.08),28,Haar-Random,5,2026,100,60,60,0.2641567125344862,False,7,20,0.024984139550347256,0.005955615139862849,0.004473663880167628,0.013712640120602295,0.1055283965208873,0.005996444186476086,0.0033835083098766026,0.03178942714991994
Exponential (alpha=0.08),28,Haar-Random,6,2026,100,60,60,0.2641567125344862,False,5,20,0.023244478372813758,0.018421545164495602,0.0018819907478097265,0.007120507686294944,0.09134402709980156,0.057371031133712364,0.0005987913434322843,0.008571611213658875
Exponential (alpha=0.08),28,Haar-Random,7,2026,100,60,60,0.2641567125344862,False,5,20,0.05600307571164693,0.01174479320845597,0.007094577361479283,0.027612718857638455,0.5302300093049395,0.023320147565013046,0.008509295443827027,0.12890177193354552
Exponential (alpha=0.08),28,Haar-Random,8,2026,100,60,60,0.2641567125344862,False,7,20,0.047187596832937,0.009516722985985288,0.02374087818255618,0.0033132323589294974,0.3764404340836015,0.015311417588264736,0.09528709883788633,0.0018558562496254888
Exponential (alpha=0.08),28,Haar-Random,9,2026,100,60,60,0.2641567125344862,False,6,20,0.0028270738118576348,0.0015582440577319027,0.022610477550975318,0.0023022709227149634,0.001351185077928511,0.0004104984333572464,0.08642910491415981,0.0008960936547911659
Exponential (alpha=0.08),29,Haar-Random,0,2026,100,60,60,0.263093683754387,False,6,20,0.004120838953542751,0.019178637645579394,0.015017793361474978,0.014303479689240953,0.0028708587791337215,0.062183627454641656,0.03812876984851635,0.03458788070555784
Exponential (alpha=0.08),29,Haar-Random,1,2026,100,60,60,0.263093683754387,False,7,20,0.018929904315120073,0.008016395497036763,0.013720503307026287,0.004039807118118241,0.060581131790770903,0.010864226617432578,0.03182589538045296,0.0027590641951664397
Exponential (alpha=0.08),29,Haar-Random,2,2026,100,60,60,0.263093683754387,False,7,20,0.005221105015541268,0.002764950294663736,0.02520260757527198,0.004643591215447792,0.004608561657811153,0.0012924543185896722,0.10738200272856614,0.0036454278493883645
Exponential (alpha=0.08),29,Haar-Random,3,2026,100,60,60,0.263093683754387,False,4,20,0.03808479439352505,0.015298319516564988,0.0018106583864680114,0.015614416687086534,0.24521316103239038,0.03956653323518216,0.0005542600622483127,0.04121848971327423
Exponential (alpha=0.08),29,Haar-Random,4,2026,100,60,60,0.263093683754387,False,7,20,0.02982944067639179,0.022429546884956297,0.00298958119859115,0.014104799785674459,0.15042872182784622,0.08505141542671937,0.0015109888248344505,0.03363368069391691
Exponential (alpha=0.08),29,Haar-Random,5,2026,100,60,60,0.263093683754387,False,7,20,0.07388694877133345,0.0216716580642584,0.01626811389034752,0.016515456772356885,0.9229454005468982,0.07940079022912061,0.0447419546737626,0.0461128244940279
Exponential (alpha=0.08),29,Haar-Random,6,2026,100,60,60,0.263093683754387,False,7,20,0.04443128351617219,0.03650827692244455,0.033662247478729784,0.003049112629487489,0.3337476862121741,0.2253321794743323,0.1915696748960615,0.0015717645119052125
Exponential (alpha=0.08),29,Haar-Random,7,2026,100,60,60,0.263093683754387,False,7,20,0.04193243581641981,0.04091678397467826,0.012817489102371933,0.042557929835079764,0.29726291140724004,0.28303720542296446,0.02777451339520291,0.3061974246292298
Exponential (alpha=0.08),29,Haar-Random,8,2026,100,60,60,0.263093683754387,False,4,20,0.022331123166479106,0.013791073448609576,0.008601103304562898,0.005496272546843446,0.08430662018551906,0.03215412443025553,0.012506876830142802,0.0051071317965991
Exponential (alpha=0.08),29,Haar-Random,9,2026,100,60,60,0.263093683754387,False,6,20,0.0011733889295220854,0.004755710181592241,0.010826615462038707,0.018425105451768075,0.00023276866627923922,0.0038235899011456456,0.019816455158629113,0.05739320919622458
Exponential (alpha=0.08),30,Haar-Random,0,2026,100,60,60,0.26479583555146136,False,6,20,0.06082933502503138,0.0006078538853104799,0.022331773643951735,0.020569413659797982,0.6255567042554612,6.246531568664797e-05,0.08431153174823079,0.07152936496426836
Exponential (alpha=0.08),30,Haar-Random,1,2026,100,60,60,0.26479583555146136,False,7,20,0.02954061632976996,0.010077743412083414,0.005395262612439032,0.010537742902095585,0.1475297645801157,0.01716987519999045,0.004921140024629705,0.018773089136727712
Exponential (alpha=0.08),30,Haar-Random,2,2026,100,60,60,0.26479583555146136,False,4,20,0.02183826573206883,0.0012729312605741165,0.01989973970426499,0.012882513501724547,0.08062631996406934,0.00027393684474457856,0.06694764994250804,0.028057033957341812
Exponential (alpha=0.08),30,Haar-Random,3,2026,100,60,60,0.26479583555146136,False,3,20,0.024097321384528258,0.03567802965778654,0.0313822856756923,0.0015452379877233934,0.09816984038754095,0.21520000125277505,0.1664982557613889,0.0004036744828272929
Exponential (alpha=0.08),30,Haar-Random,4,2026,100,60,60,0.26479583555146136,False,6,20,0.053119399962118445,0.01969240526495767,0.00939235654155491,0.007715294626933151,0.4770312895832153,0.06555986866932845,0.014913847088394052,0.010063419473180027
Exponential (alpha=0.08),30,Haar-Random,5,2026,100,60,60,0.26479583555146136,False,7,20,0.009730453317379581,0.020994273716487294,0.0026370166705410826,0.01730551874649102,0.016006880106493038,0.07451475114043428,0.0011756181862396103,0.05063021708092924
Exponential (alpha=0.08),30,Haar-Random,6,2026,100,60,60,0.26479583555146136,False,7,20,0.009205231005901343,0.009466224382517733,0.007864239098893566,0.015993413209128386,0.014325504599308224,0.015149354706661598,0.010455720450418714,0.04324370151339222
Exponential (alpha=0.08),30,Haar-Random,7,2026,100,60,60,0.26479583555146136,False,4,20,0.04167098865920077,0.016892346794438625,0.0018717453207145163,0.014314556989481616,0.293567621327773,0.04824146885453721,0.0005922895323582354,0.034641474475565204
Exponential (alpha=0.08),30,Haar-Random,8,2026,100,60,60,0.26479583555146136,False,2,20,0.021213484397871508,0.01017400234845852,0.001624629248893172,0.012272617341146257,0.07607895928259484,0.017499442466877305,0.0004462200501603748,0.025463314349534208
Exponential (alpha=0.08),30,Haar-Random,9,2026,100,60,60,0.26479583555146136,False,7,20,0.04841422446033649,0.006762342814281378,0.005263169273770181,0.011118812462651307,0.39626571972392266,0.007730986447063678,0.0046831192981175475,0.020900532713114327
