orientation,trial,method,q,r,ell,query_count,signal_rank,exact_signal_rank,signal_sigma_min,signal_sigma_max,sketch_sigma_min,projection_error_op,projection_error_fro,largest_angle_degrees,orthogonality_error,energy_gaussian,energy_rademacher,risk_gaussian,risk_rademacher,estimate,squared_error,squared_error_over_risk,detected_knee,gap,contrast,ritz_values
0,0,hpp,20,20,20,60,5,5.0,2.547299014603405,5.540792920711379,0.006584099630174969,0.003893503430817908,0.005443411153712276,0.2230818777380757,2.802009947487476e-15,8.00594893922351e-05,1.253950934745584e-05,8.00594893922351e-06,1.2539509347455839e-06,5.095068585863141,4.704020623384088e-09,0.003751359397757053,,,,"[0.9999980650692848, 0.99999687955884, 0.9999956003189863, 0.9999949981682289, 0.9999848557904074, 0.0010000000000002552, 0.0010000000000001284, 0.0010000000000000718, 0.0010000000000000336, 0.0010000000000000057, 0.0010000000000000013, 0.0010000000000000009, 0.0009999999999999998, 0.0009999999999999994, 0.000999999999999999, 0.0009999999999999983, 0.0009999999999999961, 0.000999999999999971, 0.00099999999999996, 0.000999999999999832]"
0,0,gated,8,8,44,60,5,5.0,1.035276180410083,3.8637033051562732,0.009106462837414744,0.00961971115151885,0.011887532460754953,0.5511773502255413,4.863840093619901e-15,9.22917368554815e-05,2.8917103637189368e-06,4.1950789479764315e-06,1.3144138016904257e-07,5.095902704421261,8.148752721718783e-07,6.199533747468972,5.0,6.90766282840455,69076.6282840455,"[0.9999952979365958, 0.9999912959533991, 0.9999902362493517, 0.999974444049879, 0.9999075536962033, 0.0010000000000003678, 0.0010000000000000072, 0.0009999999999999224]"
0,1,hpp,20,20,20,60,5,5.0,2.441485777402083,6.393357436249027,0.0060651438001099265,0.004027840803321907,0.005883100320352112,0.23077890259077688,3.046222478349395e-15,8.006952691178074e-05,1.2555738584210184e-05,8.006952691178074e-06,1.2555738584210183e-06,5.095376196488856,1.415237982312629e-07,0.11271642626363698,,,,"[0.9999985751380936, 0.9999965811488599, 0.9999950448086127, 0.9999914299239662, 0.9999837927219639, 0.0010000000000001128, 0.0010000000000000857, 0.0010000000000000438, 0.0010000000000000338, 0.0010000000000000085, 0.0010000000000000026, 0.0010000000000000015, 0.0010000000000000002, 0.0009999999999999996, 0.000999999999999999, 0.0009999999999999976, 0.0009999999999999955, 0.0009999999999999753, 0.0009999999999999619, 0.0009999999999998586]"
0,1,gated,8,8,44,60,5,5.0,1.5924504340362515,3.8042260651806146,0.008949065349390137,0.004938662572243398,0.008585201056381423,0.28296567211047463,3.5091686940676102e-15,9.21486286924469e-05,2.8724289699467497e-06,4.188574031474859e-06,1.305649531793977e-07,5.095717112662626,5.142505709058384e-07,3.93865703148725,5.0,6.907730912687626,69077.30912687625,"[0.9999935616973367, 0.999990795037373, 0.9999894982122407, 0.9999768790791683, 0.9999756340023862, 0.0010000000000000419, 0.00100000000000001, 0.0009999999999999265]"
0,2,hpp,20,20,20,60,5,5.0,3.1214221628255903,5.476925204089171,0.006360116296731168,0.0031506935391886716,0.00473630408110758,0.18052174100478965,3.133422597073544e-15,8.004496148727782e-05,1.2561765387055827e-05,8.004496148727783e-06,1.2561765387055826e-06,5.095147675130949,2.1807944302259827e-08,0.01736057284172148,,,,"[0.9999980452371363, 0.9999974442143285, 0.9999965741245804, 0.9999954432230951, 0.9999900830570931, 0.0010000000000001418, 0.0010000000000000716, 0.001000000000000026, 0.0010000000000000024, 0.001000000000000001, 0.0010000000000000009, 0.0010000000000000002, 0.001, 0.0009999999999999996, 0.0009999999999999992, 0.0009999999999999983, 0.0009999999999999916, 0.000999999999999991, 0.0009999999999999627, 0.0009999999999998918]"
0,2,gated,8,8,44,60,5,5.0,1.218824616775646,3.9211228124365722,0.008680862169191101,0.00804714702986153,0.010807796418098982,0.4610725382700326,3.360766122389028e-15,9.223850958847406e-05,2.8780736517619814e-06,4.192659526748821e-06,1.308215296255446e-07,5.095181379954862,3.289868802759534e-08,0.25147762850474614,5.0,6.9076905850706645,69076.90585070664,"[0.9999948523385289, 0.9999936721342276, 0.9999849145745039, 0.9999745611165356, 0.9999353081812541, 0.0010000000000001208, 0.0010000000000000894, 0.0009999999999999716]"
0,3,hpp,20,20,20,60,5,5.0,3.7872345782255983,5.0652595441391135,0.006511317321910809,0.002318802767738443,0.0043462147652707315,0.13285773117411442,4.3724335944639005e-15,8.003781780155708e-05,1.2542129762680632e-05,8.003781780155709e-06,1.2542129762680631e-06,5.093221823363891,3.161912149188588e-06,2.521032878002047,,,,"[0.9999975087430117, 0.9999968867768411, 0.9999965528575526, 0.9999955523988266, 0.9999946285305719, 0.0010000000000000783, 0.0010000000000000497, 0.0010000000000000208, 0.001000000000000012, 0.0010000000000000076, 0.001000000000000005, 0.0010000000000000013, 0.0009999999999999998, 0.0009999999999999996, 0.0009999999999999968, 0.0009999999999999926, 0.0009999999999999894, 0.000999999999999962, 0.0009999999999999129, 0.0009999999999997526]"
0,3,gated,8,8,44,60,5,5.0,0.8080616016709309,4.191703265596461,0.00898685435656966,0.01203724881670971,0.01419567107130602,0.689700210556751,1.9621319617673516e-15,9.242480343035749e-05,2.9065338756238133e-06,4.201127428652613e-06,1.3211517616471878e-07,5.095477433854005,2.2794308495452485e-07,1.7253361163469183,5.0,6.907610518041057,69076.10518041057,"[0.9999949553355548, 0.9999926330254385, 0.9999870097608572, 0.999968836781781, 0.9998552495362836, 0.0010000000000000035, 0.0009999999999999313, 0.0009999999999998946]"
0,4,hpp,20,20,20,60,5,5.0,3.650991091411909,5.164326098382136,0.00639967889357945,0.002626121027299623,0.004776928828417688,0.15046582430338476,2.999813603248823e-15,8.004571044887959e-05,1.2551226960875951e-05,8.004571044887959e-06,1.255122696087595e-06,5.09539731421451,1.5785858505518527e-07,0.12577143696568793,,,,"[0.9999978009172102, 0.9999967598733448, 0.9999952159880942, 0.9999943166065139, 0.9999931103848624, 0.0010000000000002485, 0.001000000000000103, 0.0010000000000000577, 0.0010000000000000278, 0.0010000000000000078, 0.0010000000000000059, 0.0010000000000000002, 0.0010000000000000002, 0.0009999999999999998, 0.0009999999999999983, 0.0009999999999999955, 0.0009999999999999874, 0.000999999999999971, 0.0009999999999999573, 0.0009999999999999478]"
0,4,gated,8,8,44,60,5,5.0,2.000000000000001,3.9104350937113357,0.009127621832403964,0.004632571733514768,0.008477555375417287,0.26542775800627666,2.051129107980797e-15,9.214477877910771e-05,2.8716890804969815e-06,4.188399035413987e-06,1.3053132184077188e-07,5.095036559452911,1.33659359749503e-09,0.010239638874763472,5.0,6.9077338394921375,69077.33839492137,"[0.9999944429395125, 0.9999877563048668, 0.9999863874360426, 0.9999810555035316, 0.9999785607398551, 0.0010000000000000302, 0.000999999999999998, 0.0009999999999999638]"
0,5,hpp,20,20,20,60,5,5.0,3.0720330955878867,5.79947645120715,0.007164890007242305,0.0030630572040704707,0.00500080557044693,0.17550052463477347,2.1592153559988904e-15,8.005012618391161e-05,1.2524682073546974e-05,8.00501261839116e-06,1.2524682073546974e-06,5.09560908458521,3.709840319456124e-07,0.29620235449262,,,,"[0.9999979197977584, 0.999997224791512, 0.9999957122719351, 0.9999935330276193, 0.999990627062886, 0.0010000000000001473, 0.0010000000000001139, 0.001000000000000069, 0.0010000000000000185, 0.0010000000000000132, 0.0010000000000000059, 0.0010000000000000013, 0.0010000000000000005, 0.001, 0.000999999999999999, 0.0009999999999999979, 0.000999999999999991, 0.0009999999999999799, 0.0009999999999999616, 0.0009999999999999473]"
0,5,gated,8,8,44,60,5,5.0,1.0637471894074808,4.282164115664242,0.009312145511549503,0.008424331939727437,0.011876721531306306,0.4826843747793348,1.9156648978305173e-15,9.228901198179213e-05,2.882011955168469e-06,4.19495509008146e-06,1.3100054341674858e-07,5.094792054144032,4.3241479012165756e-08,0.33008625677683473,5.0,6.907684378069395,69076.84378069395,"[0.9999957501980627, 0.9999921893430952, 0.9999850917434276, 0.9999569516568675, 0.9999291016007381, 0.0010000000000000696, 0.0010000000000000193, 0.0009999999999999076]"
0,6,hpp,20,20,20,60,5,5.0,2.717575773510704,6.239553545645757,0.006483657661695798,0.003543634006476275,0.005403163621801139,0.20303569764308504,3.312877802873738e-15,8.005857890563129e-05,1.254276676861324e-05,8.005857890563129e-06,1.254276676861324e-06,5.096355232975386,1.8366564175852673e-06,1.4643152116814278,,,,"[0.9999983624800224, 0.999998014434939, 0.9999939922076811, 0.9999930106790511, 0.9999874552153711, 0.0010000000000001377, 0.0010000000000000406, 0.0010000000000000185, 0.0010000000000000065, 0.001000000000000001, 0.0010000000000000007, 0.001, 0.0009999999999999994, 0.0009999999999999987, 0.0009999999999999963, 0.0009999999999999924, 0.0009999999999999807, 0.0009999999999999374, 0.0009999999999999274, 0.0009999999999998782]"
0,6,gated,8,8,44,60,5,5.0,0.9751052108494933,4.833299251182563,0.008583701681368752,0.010319442107259292,0.014094849386587276,0.5912709741537896,4.2040222083216176e-15,9.241273492592731e-05,2.913518281198697e-06,4.2005788602694234e-06,1.324326491453953e-07,5.094702736029369,8.836586823260897e-08,0.6672513825166614,5.0,6.907648888928354,69076.48888928354,"[0.9999970031354732, 0.9999924473021418, 0.9999826357035195, 0.9999358321389393, 0.9998936156054811, 0.0010000000000000425, 0.0009999999999999586, 0.0009999999999999567]"
0,7,hpp,20,20,20,60,5,5.0,3.077000684287891,5.8736561780429595,0.006199382614009087,0.0030886152216434972,0.004931141792672185,0.17696489810153446,2.2683427267288794e-15,8.004873125188662e-05,1.2552136320574928e-05,8.004873125188662e-06,1.2552136320574928e-06,5.094087909085028,8.31909837166394e-07,0.6627635455191503,,,,"[0.999997325307314, 0.9999967338891423, 0.9999956834755205, 0.9999954954892563, 0.999990469995559, 0.001000000000000094, 0.0010000000000000432, 0.0010000000000000132, 0.0010000000000000022, 0.0010000000000000015, 0.0010000000000000005, 0.0010000000000000005, 0.0009999999999999998, 0.0009999999999999998, 0.0009999999999999992, 0.0009999999999999987, 0.0009999999999999866, 0.0009999999999999747, 0.000999999999999953, 0.0009999999999999209]"
0,7,gated,8,8,44,60,4,4.0,7.722586850476646e-17,4.3792764890230265,0.008481365804601715,1.0000000000000009,1.0000292398748247,90.0,2.4607877120581104e-15,1.000091118223709,0.5000037940227572,0.04545868719198678,0.0227274451828526,4.913237739665868,0.03303751928177116,1.4536398181128298,4.0,6.9077213004405955,69077.21300440594,"[0.9999948939823049, 0.9999927707745181, 0.9999878910833173, 0.9999660220358517, 0.0010000000000001286, 0.0010000000000000057, 0.0009999999999999957, 0.0009999999999999005]"
0,8,hpp,20,20,20,60,5,5.0,2.2801097875210607,6.097733367821131,0.0059470319735755025,0.00411225131446745,0.005695430535161159,0.23561530868575864,2.0053547036985555e-15,8.006517285491605e-05,1.2553810050067205e-05,8.006517285491605e-06,1.2553810050067205e-06,5.094289908857936,5.042294300306541e-07,0.4016545001236137,,,,"[0.999998439799518, 0.9999976425144066, 0.9999950004775299, 0.9999934054177586, 0.9999831062997379, 0.001000000000000172, 0.0010000000000000523, 0.0010000000000000254, 0.0010000000000000074, 0.0010000000000000067, 0.0010000000000000028, 0.001000000000000001, 0.0009999999999999994, 0.0009999999999999992, 0.000999999999999998, 0.0009999999999999913, 0.0009999999999999894, 0.0009999999999999402, 0.0009999999999998617, 0.000999999999999743]"
0,8,gated,8,8,44,60,5,5.0,1.3626891997688293,4.103559618227095,0.008303988860382793,0.006908721331758917,0.010630341879281578,0.3958437231495893,2.826972041961761e-15,9.222953785370434e-05,2.877419589450917e-06,4.192251720622925e-06,1.3079179952049622e-07,5.094577282363322,1.7869020035450788e-07,1.3662186850369435,5.0,6.907707595145269,69077.07595145269,"[0.9999940424308623, 0.99999280870897, 0.9999784186096177, 0.9999695217862667, 0.9999523172999923, 0.0010000000000000041, 0.0009999999999999029, 0.000999999999999819]"
0,9,hpp,20,20,20,60,5,5.0,3.267990979444108,5.339819871061036,0.005895631619776334,0.0028966752959825727,0.004812606656541819,0.16596750117818193,3.2580375934217394e-15,8.004641458586175e-05,1.2555035609033138e-05,8.004641458586175e-06,1.255503560903314e-06,5.095422388359191,1.7841192598415015e-07,0.14210387890559684,,,,"[0.9999979008901803, 0.9999975920091316, 0.9999965426774099, 0.9999932087386787, 0.9999916176629606, 0.0010000000000001848, 0.0010000000000000562, 0.001000000000000016, 0.0010000000000000091, 0.0010000000000000037, 0.0010000000000000015, 0.0010000000000000007, 0.0010000000000000002, 0.0009999999999999994, 0.0009999999999999985, 0.0009999999999999983, 0.0009999999999999933, 0.0009999999999999866, 0.0009999999999999365, 0.0009999999999998283]"
0,9,gated,8,8,44,60,5,5.0,1.0551397680045833,3.9309009463327746,0.008193311229098272,0.009095827291038722,0.011324435964554416,0.5211597014024542,4.175472117992868e-15,9.226374935922881e-05,2.8770745896158624e-06,4.193806789055855e-06,1.3077611770981192e-07,5.094940311056905,3.5627699272473088e-09,0.02724327644557382,5.0,6.907672624226137,69076.72624226137,"[0.9999953131793118, 0.9999916885047948, 0.9999897201424198, 0.9999778149064482, 0.9999173486599673, 0.0010000000000001566, 0.001000000000000108, 0.0010000000000000505]"
1,0,hpp,20,20,20,60,5,,3.462646294631043,6.065946139772262,0.0063108833332361555,0.002470186494048183,0.004724792645538963,0.141531404652651,6.882219526183049e-16,8.004471101587098e-05,1.5852244075797578e-05,8.004471101587099e-06,1.5852244075797578e-06,5.096745831492803,3.0479276012788256e-06,1.9227104924105038,,,,"[0.9999974143709471, 0.9999965732893211, 0.9999955338307082, 0.9999942728866401, 0.999993904280506, 0.0010000000000001737, 0.0010000000000000837, 0.0010000000000000388, 0.0010000000000000284, 0.001000000000000018, 0.0010000000000000148, 0.0010000000000000054, 0.0009999999999999976, 0.000999999999999986, 0.0009999999999999764, 0.000999999999999954, 0.0009999999999999454, 0.0009999999999999363, 0.0009999999999999172, 0.0009999999999998597]"
1,0,gated,8,8,44,60,5,,1.4772356601191348,3.971554350535726,0.009161368360287806,0.006729789218580994,0.00956429553982359,0.3855914298513721,7.182104147240732e-16,9.218548102993938e-05,7.228730945823703e-06,4.190249137724517e-06,3.285786793556229e-07,5.094766855140269,5.435652561692954e-08,0.16542925342425857,5.0,6.907710033185686,69077.10033185685,"[0.999995984662868, 0.9999913897513872, 0.9999858452592927, 0.999980640825895, 0.999954755227136, 0.0010000000000000122, 0.0009999999999999267, 0.0009999999999997008]"
1,1,hpp,20,20,20,60,5,,1.999068453279174,5.7616601014629705,0.005756151678745759,0.004590645842657123,0.006222313877598164,0.26302555586375653,1.038148313194319e-15,8.007788934638825e-05,1.58560468798236e-05,8.007788934638826e-06,1.5856046879823599e-06,5.096196395703573,1.4313626795390778e-06,0.9027235416164473,,,,"[0.9999975807044931, 0.9999960360035839, 0.9999958644484698, 0.9999928933258752, 0.9999789470447771, 0.001000000000000122, 0.0010000000000000343, 0.0010000000000000295, 0.0010000000000000187, 0.0010000000000000135, 0.0010000000000000083, 0.0010000000000000026, 0.0009999999999999933, 0.0009999999999999898, 0.0009999999999999757, 0.0009999999999999686, 0.0009999999999999636, 0.0009999999999999432, 0.0009999999999999254, 0.000999999999999906]"
1,1,gated,8,8,44,60,5,,0.9771459737540223,5.415000176018952,0.009036427724268426,0.010297399364828295,0.013009262095545187,0.5900079509351331,4.47672157723088e-16,9.235111625616817e-05,7.244326352150946e-06,4.1977780116440074e-06,3.2928756146140664e-07,5.094761622237964,5.682395743088431e-08,0.17256636472600023,5.0,6.90764934297363,69076.49342973629,"[0.9999975800362799, 0.9999938777957552, 0.9999831364535007, 0.9999622644523384, 0.9998940696027557, 0.0010000000000002422, 0.0010000000000000926, 0.0009999999999998823]"
1,2,hpp,20,20,20,60,5,,2.698207833563133,5.405390318517449,0.006427017628067738,0.003254288452959965,0.005231800986835979,0.18645732278314953,7.397954076089057e-16,8.005488130499003e-05,1.5763640794334303e-05,8.005488130499004e-06,1.5763640794334302e-06,5.095371583154208,1.3807404049441674e-07,0.08759019714788395,,,,"[0.9999978211117958, 0.9999968150012252, 0.9999949134959453, 0.9999936858241499, 0.9999894201970588, 0.0010000000000001546, 0.001000000000000074, 0.0010000000000000584, 0.0010000000000000438, 0.0010000000000000315, 0.0010000000000000115, 0.0010000000000000013, 0.0009999999999999974, 0.0009999999999999957, 0.0009999999999999766, 0.0009999999999999608, 0.000999999999999955, 0.0009999999999999291, 0.000999999999999911, 0.0009999999999997823]"
1,2,gated,8,8,44,60,5,,1.0964747694576642,3.738491121797331,0.009306043613556754,0.008643156158173928,0.011382771082171048,0.49522253552934786,3.5716702699770853e-16,9.226556957978107e-05,7.2342998026308e-06,4.193889526353685e-06,3.2883180921049093e-07,5.095348724876302,1.216090393548636e-07,0.36982139789590596,5.0,6.907680646752891,69076.8064675289,"[0.9999936457628601, 0.9999926601698224, 0.9999890542380627, 0.9999698313634494, 0.9999253705557739, 0.001000000000000104, 0.00099999999999996, 0.0009999999999998933]"
1,3,hpp,20,20,20,60,5,,2.799016055757157,5.54814090006006,0.006296474982196631,0.0032775302393088803,0.005180886311181248,0.1877889861512059,7.765839345847842e-16,8.005382375594275e-05,1.583559306421965e-05,8.005382375594274e-06,1.583559306421965e-06,5.095614240711694,3.772916519086564e-07,0.23825546058084984,,,,"[0.9999979890994203, 0.9999972323643035, 0.9999956717799457, 0.9999930234772113, 0.9999892685377351, 0.0010000000000001121, 0.00100000000000008, 0.001000000000000053, 0.0010000000000000445, 0.0010000000000000328, 0.001000000000000023, 0.0010000000000000091, 0.0010000000000000007, 0.0009999999999999926, 0.000999999999999982, 0.0009999999999999753, 0.000999999999999958, 0.0009999999999999354, 0.000999999999999921, 0.0009999999999998294]"
1,3,gated,8,8,44,60,5,,0.5710283533819488,3.9092152225634704,0.009575234718196487,0.01566820504223386,0.017931099003789742,0.8977587562167799,7.229638420410844e-16,9.270524579238405e-05,7.319568913222561e-06,4.21387480874473e-06,3.3270767787375277e-07,5.094840152321621,2.5551280281757554e-08,0.07679798808686672,5.0,6.907510001747549,69075.10001747549,"[0.9999941892182838, 0.9999906263769285, 0.9999886649682708, 0.9999505638059398, 0.9997547528434038, 0.0009999999999999907, 0.0009999999999998985, 0.000999999999999846]"
1,4,hpp,20,20,20,60,5,,3.3114452730761643,5.392660594354451,0.00647469189885015,0.002737038790946504,0.004896298657389395,0.15682096688618416,7.628305990727369e-16,8.004803466751997e-05,1.5778472222414387e-05,8.004803466751996e-06,1.5778472222414386e-06,5.094665238219338,1.120654497891287e-07,0.07102427168451211,,,,"[0.9999978046506943, 0.9999966215364181, 0.9999958906063575, 0.9999932173296902, 0.999992516110038, 0.001000000000000093, 0.0010000000000000744, 0.0010000000000000514, 0.0010000000000000447, 0.0010000000000000243, 0.0010000000000000117, 0.0009999999999999979, 0.0009999999999999896, 0.0009999999999999822, 0.0009999999999999703, 0.0009999999999999606, 0.000999999999999945, 0.0009999999999999183, 0.000999999999999854, 0.0009999999999997806]"
1,4,gated,8,8,44,60,5,,0.8804755377941264,4.793567478548955,0.007833089348375769,0.011389613175932182,0.013563149546629731,0.6525908751585042,3.8441998156257287e-16,9.238544570236445e-05,7.241620291366284e-06,4.199338441016566e-06,3.291645586984674e-07,5.094525452489857,2.2519533937836627e-07,0.6841421210983331,5.0,6.90762567701916,69076.2567701916,"[0.999996149592577, 0.9999929280402969, 0.9999854613588979, 0.9999712795066374, 0.9998704064349905, 0.0009999999999999955, 0.0009999999999998795, 0.000999999999999794]"
1,5,hpp,20,20,20,60,5,,3.0069474323910907,5.995537509835881,0.006029118884652064,0.002962031638675662,0.004745919945687043,0.1697121598462748,7.256883527762502e-16,8.004513241667826e-05,1.577986017570832e-05,8.004513241667826e-06,1.577986017570832e-06,5.092619972912121,5.6645289390171285e-06,3.589720615989464,,,,"[0.9999977805709445, 0.9999970738481325, 0.9999968750942415, 0.9999945341121043, 0.9999912351422029, 0.0010000000000002895, 0.0010000000000001947, 0.0010000000000000813, 0.001000000000000052, 0.0010000000000000406, 0.0010000000000000254, 0.001000000000000011, 0.0009999999999999996, 0.0009999999999999896, 0.000999999999999982, 0.0009999999999999686, 0.0009999999999999616, 0.0009999999999999304, 0.0009999999999998844, 0.0009999999999998185]"
1,5,gated,8,8,44,60,5,,0.9727508389205064,4.1000496451547,0.008410333773896618,0.010169987067239221,0.013358042137850006,0.5827073817215178,4.762619456701723e-16,9.236930954016875e-05,7.263955582792378e-06,4.19860497909858e-06,3.301797992178354e-07,5.0959162249975405,8.394682461266625e-07,2.542457921760456,5.0,6.907651948435301,69076.519484353,"[0.9999957331116038, 0.9999906473633606, 0.9999774159761837, 0.9999612699046969, 0.9998966747916891, 0.0010000000000001076, 0.0009999999999999272, 0.0009999999999998636]"
1,6,hpp,20,20,20,60,5,,2.118078140200694,5.631897827153502,0.006266968872932121,0.0037877742560937754,0.0060852389569080595,0.21702399757359406,7.406052875904153e-16,8.007437004289974e-05,1.5819833970422487e-05,8.007437004289975e-06,1.5819833970422488e-06,5.096907400751949,3.638177628552789e-06,2.2997571500149108,,,,"[0.9999974537895844, 0.9999966823491723, 0.9999947527297585, 0.9999884509150359, 0.9999856671134187, 0.0010000000000001525, 0.0010000000000000703, 0.0010000000000000568, 0.00100000000000004, 0.0010000000000000245, 0.0010000000000000122, 0.0010000000000000028, 0.0009999999999999957, 0.0009999999999999883, 0.0009999999999999608, 0.0009999999999999584, 0.0009999999999999417, 0.0009999999999999252, 0.0009999999999999037, 0.0009999999999998287]"
1,6,gated,8,8,44,60,5,,1.3488048837371511,5.043984950387258,0.007896939904722787,0.007247096288605603,0.011089004100162187,0.41523166580529525,4.601042079498694e-16,9.225053887117818e-05,7.204328542887762e-06,4.193206312326281e-06,3.27469479222171e-07,5.0938017350238445,1.4358389530697521e-06,4.384649697676436,5.0,6.907702809721124,69077.02809721124,"[0.9999968298268963, 0.9999939508097956, 0.9999789939847016, 0.9999598502168976, 0.9999475321157888, 0.0010000000000003136, 0.001000000000000022, 0.0009999999999996878]"
1,7,hpp,20,20,20,60,5,,3.405743494545927,5.424064546077947,0.0068100948177755374,0.0025528740005540435,0.004640610908460655,0.14626906473733928,7.126010657429625e-16,8.00431336563993e-05,1.5846098145684644e-05,8.00431336563993e-06,1.5846098145684644e-06,5.093970675119356,1.0595097099038718e-06,0.6686249827326781,,,,"[0.9999976532558481, 0.9999970354786218, 0.9999962805670171, 0.999994027612675, 0.9999934893515033, 0.0010000000000001442, 0.0010000000000000796, 0.0010000000000000768, 0.001000000000000036, 0.0010000000000000258, 0.0010000000000000052, 0.0009999999999999987, 0.0009999999999999887, 0.0009999999999999733, 0.000999999999999967, 0.0009999999999999593, 0.0009999999999999326, 0.0009999999999999068, 0.0009999999999998758, 0.0009999999999997947]"
1,7,gated,8,8,44,60,5,,0.3613096222428502,3.7403362971634646,0.009240394883301984,0.027843708826701816,0.02905760805007824,1.5955332091341312,4.626548646951749e-16,9.428911712025753e-05,7.912703750341839e-06,4.285868960011706e-06,3.5966835228826537e-07,5.09526120730023,6.822925369596471e-08,0.1897004650586567,5.0,6.90698048205506,69069.80482055059,"[0.9999956008205273, 0.9999932525907441, 0.999987391583447, 0.9999547516133814, 0.9992255031508948, 0.0010000000000003374, 0.0010000000000000462, 0.0009999999999997836]"
1,8,hpp,20,20,20,60,5,,3.0941215835395326,6.157513960241053,0.005912406992296922,0.003059551471924931,0.004927296951247324,0.17529966003751868,5.632878621682591e-16,8.004866717263492e-05,1.5813629674033857e-05,8.004866717263492e-06,1.5813629674033857e-06,5.095473118368831,2.2384099093004857e-07,0.14154940740619326,,,,"[0.9999985676652047, 0.9999978628731138, 0.9999950156298799, 0.9999936513491667, 0.9999906485056461, 0.0010000000000001128, 0.0010000000000000803, 0.0010000000000000638, 0.001000000000000049, 0.0010000000000000345, 0.0010000000000000224, 0.0010000000000000078, 0.0009999999999999953, 0.0009999999999999842, 0.0009999999999999786, 0.0009999999999999681, 0.0009999999999999393, 0.0009999999999999083, 0.000999999999999845, 0.000999999999999832]"
1,8,gated,8,8,44,60,5,,0.7808588694067805,5.030332939819769,0.00792542251962916,0.012812857020470938,0.015632903979271764,0.7341427189953112,5.045362002592228e-16,9.251779800985611e-05,7.296617032766073e-06,4.205354454993459e-06,3.3166441058027607e-07,5.095195572836711,3.824873446097223e-08,0.11532360193260624,5.0,6.907591260396,69075.91260396,"[0.9999963344428214, 0.9999924971611878, 0.9999746141197324, 0.9999564161128435, 0.9998359948642782, 0.0010000000000001024, 0.0009999999999999467, 0.0009999999999997856]"
1,9,hpp,20,20,20,60,5,,3.182407747849927,6.3181371082366,0.006333923451431566,0.0028899169225912675,0.004517954282855269,0.1655802732857087,6.732281260682045e-16,8.00408923951782e-05,1.582335945981749e-05,8.00408923951782e-06,1.582335945981749e-06,5.092197524035371,7.853871532295945e-06,4.9634665459255976,,,,"[0.9999982462887864, 0.9999973899754792, 0.9999965899611447, 0.9999957255438007, 0.9999916567318009, 0.0010000000000001154, 0.0010000000000000742, 0.0010000000000000581, 0.0010000000000000451, 0.0010000000000000232, 0.00100000000000002, 0.001000000000000006, 0.0009999999999999846, 0.000999999999999981, 0.0009999999999999716, 0.0009999999999999577, 0.0009999999999999517, 0.0009999999999999348, 0.0009999999999999037, 0.0009999999999998153]"
1,9,gated,8,8,44,60,5,,0.5009480165049489,4.628122518837707,0.008600409887095577,0.02107480907850004,0.022616950049206594,1.2075870166351386,3.590230064066342e-16,9.322053554382656e-05,7.484461569017049e-06,4.237297070173935e-06,3.4020279859168404e-07,5.095211397620463,4.468895393927963e-08,0.1313597481392736,5.0,6.907311477086507,69073.11477086507,"[0.999996004038706, 0.9999887708061621, 0.9999821558951799, 0.9999657577869687, 0.9995562965698831, 0.001000000000000019, 0.0009999999999999686, 0.0009999999999998203]"
2,0,hpp,20,20,20,60,5,,2.1031299689922203,5.751152054635663,0.0069309482007458385,0.004335448495273223,0.0058686811308067445,0.24840367925027462,8.009997667595145e-16,8.006923819342112e-05,1.581129231487311e-05,8.006923819342111e-06,1.581129231487311e-06,5.091124438233427,1.5019979006485422e-05,9.499526482320912,,,,"[0.9999982126987779, 0.999996840417043, 0.9999954994220529, 0.999993817802869, 0.999981222682458, 0.0010000000000001102, 0.0010000000000000681, 0.001000000000000057, 0.0010000000000000451, 0.0010000000000000297, 0.001000000000000024, 0.0010000000000000128, 0.0009999999999999833, 0.0009999999999999812, 0.000999999999999969, 0.0009999999999999664, 0.000999999999999961, 0.0009999999999999235, 0.0009999999999998864, 0.0009999999999998302]"
2,0,gated,8,8,44,60,5,,0.973791915516551,3.73883397585579,0.008306846787112729,0.010353654331038062,0.013232273317470363,0.5932312949114433,5.921423787370705e-16,9.236279502854713e-05,7.276119799044695e-06,4.198308864933961e-06,3.3073271813839524e-07,5.095135033888426,1.823415102478132e-08,0.055132589020573504,5.0,6.907648182287624,69076.48182287625,"[0.9999931223031774, 0.999990398330449, 0.9999783784615647, 0.999970273900566, 0.999892909040151, 0.001000000000000018, 0.000999999999999965, 0.0009999999999998125]"
2,1,hpp,20,20,20,60,5,,2.739793451286092,5.5202285902871315,0.006690170532735378,0.0032255889508832586,0.0049829118302468405,0.18481295380931095,6.952965756632657e-16,8.004977392185002e-05,1.5802128932770993e-05,8.004977392185002e-06,1.5802128932770994e-06,5.097013069377873,4.0524483201480464e-06,2.564495162258764,,,,"[0.9999975952730458, 0.9999969355549642, 0.9999964171831878, 0.9999946414275588, 0.9999896059803438, 0.001000000000000169, 0.0010000000000001178, 0.001000000000000068, 0.001000000000000058, 0.001000000000000048, 0.0010000000000000434, 0.001000000000000015, 0.001000000000000008, 0.0010000000000000052, 0.0009999999999999926, 0.0009999999999999883, 0.0009999999999999738, 0.0009999999999999595, 0.000999999999999933, 0.0009999999999998825]"
2,1,gated,8,8,44,60,5,,0.434564117990955,4.422248097328372,0.00879586875532126,0.023463340377037723,0.02594825516247736,1.3444737579490114,4.456008628898332e-16,9.365443713377482e-05,7.629632200936511e-06,4.257019869717037e-06,3.4680146367893235e-07,5.095921795305927,8.497065860369483e-07,2.4501239903174223,5.0,6.907205149875426,69072.05149875426,"[0.9999949694236174, 0.9999843098263161, 0.9999736966763586, 0.9999243632529841, 0.9994500221866932, 0.0010000000000001314, 0.0009999999999999699, 0.0009999999999999072]"
2,2,hpp,20,20,20,60,5,,2.593330340742682,6.529275422101465,0.006517866509334309,0.0031499975908534615,0.0050883133522553635,0.18048186590454873,9.563960264479347e-16,8.005190025111818e-05,1.5845404349029436e-05,8.005190025111818e-06,1.5845404349029436e-06,5.094141735846645,7.366173569253963e-07,0.4648776015428825,,,,"[0.9999980459902023, 0.9999965611431558, 0.9999952261321093, 0.9999942142550318, 0.9999900874376624, 0.0010000000000001774, 0.0010000000000001, 0.0010000000000000662, 0.0010000000000000378, 0.0010000000000000317, 0.0010000000000000074, 0.0009999999999999953, 0.0009999999999999805, 0.0009999999999999786, 0.0009999999999999707, 0.0009999999999999588, 0.000999999999999951, 0.0009999999999999198, 0.0009999999999998738, 0.0009999999999998573]"
2,2,gated,8,8,44,60,5,,1.61122930486042,4.054437583551685,0.00860800696876731,0.00577319435555572,0.009152729890587324,0.3307815083782125,4.7781704368569845e-16,9.216929054368987e-05,7.247147845248295e-06,4.189513206531358e-06,3.294158111476498e-07,5.094821567815219,3.183804456392891e-08,0.09665001947844742,5.0,6.907721981984495,69077.21981984495,"[0.9999933949602613, 0.9999924193485699, 0.9999867934728506, 0.9999769999696244, 0.999966703556706, 0.0010000000000000093, 0.0009999999999998547, 0.0009999999999998187]"
2,3,hpp,20,20,20,60,5,,2.7954555649819324,6.075711653623666,0.006417868389548157,0.0032376925903817508,0.0051007923030626165,0.18550644489057386,8.393867719678708e-16,8.005216604393213e-05,1.579619197712416e-05,8.005216604393214e-06,1.5796191977124159e-06,5.095575776315643,3.3151836566090666e-07,0.20987233261092755,,,,"[0.9999979444191646, 0.9999969691860245, 0.9999962680584487, 0.9999932984429802, 0.9999895278293431, 0.0010000000000000987, 0.0010000000000000805, 0.0010000000000000677, 0.0010000000000000555, 0.0010000000000000271, 0.0010000000000000128, 0.0010000000000000037, 0.0009999999999999966, 0.0009999999999999794, 0.0009999999999999707, 0.0009999999999999532, 0.0009999999999999324, 0.0009999999999999061, 0.000999999999999843, 0.0009999999999998166]"
2,3,gated,8,8,44,60,5,,0.8650735710199664,4.358133643183173,0.007902703490360442,0.012732046412547484,0.015729571160260136,0.7295122345064909,7.052447244739988e-16,9.252421845869705e-05,7.288718092770832e-06,4.205646293577139e-06,3.3130536785321967e-07,5.094853874728406,2.1352594997112616e-08,0.06444989145655072,5.0,6.907593322966985,69075.93322966984,"[0.999995655646875, 0.9999915808187951, 0.9999853726887431, 0.9999421617569565, 0.9998380570991541, 0.0010000000000001392, 0.001000000000000014, 0.0009999999999999714]"
2,4,hpp,20,20,20,60,5,,3.47335285218275,6.414674671365219,0.006645194613065773,0.0026399265206323236,0.004748876316863803,0.15125682354738093,6.17564833848717e-16,8.004517315433745e-05,1.5848029600905302e-05,8.004517315433746e-06,1.5848029600905302e-06,5.096597380450995,2.551624305236598e-06,1.6100577608025413,,,,"[0.9999979292274541, 0.9999962607472139, 0.9999954840729928, 0.9999947589207143, 0.9999930377571776, 0.0010000000000002845, 0.0010000000000000982, 0.0010000000000000614, 0.00100000000000005, 0.0010000000000000306, 0.0010000000000000226, 0.0010000000000000176, 0.0009999999999999992, 0.0009999999999999905, 0.000999999999999986, 0.0009999999999999616, 0.0009999999999999452, 0.0009999999999999397, 0.0009999999999999222, 0.0009999999999998445]"
2,4,gated,8,8,44,60,5,,1.4817901485332727,3.800726769409378,0.009376532808811462,0.0065163373772105775,0.010378430953814024,0.37336127194764923,5.268841715406122e-16,9.221860728750197e-05,7.238198431162685e-06,4.191754876704635e-06,3.2900901959830383e-07,5.09522223727861,4.9389408005969495e-08,0.15011566572329957,5.0,6.907712857892146,69077.12857892146,"[0.9999937540173701, 0.9999920623426813, 0.9999844257607919, 0.9999645739520818, 0.9999575798098385, 0.001000000000000068, 0.0009999999999999877, 0.0009999999999999608]"
2,5,hpp,20,20,20,60,5,,3.4751226478019714,6.782783915828549,0.006190650299348751,0.002317329112733808,0.004318365163515697,0.13277329673503893,8.252807958876349e-16,8.003733793985673e-05,1.5841674055951663e-05,8.003733793985672e-06,1.5841674055951663e-06,5.094233473103281,5.875634833864606e-07,0.37089734412614994,,,,"[0.999998605130031, 0.9999967678963476, 0.999995998685438, 0.9999953633029778, 0.9999946353557984, 0.0010000000000001486, 0.001000000000000092, 0.0010000000000000766, 0.0010000000000000577, 0.0010000000000000252, 0.0010000000000000204, 0.0010000000000000117, 0.0010000000000000072, 0.0009999999999999916, 0.000999999999999982, 0.0009999999999999707, 0.0009999999999999623, 0.0009999999999999606, 0.000999999999999931, 0.000999999999999834]"
2,5,gated,8,8,44,60,5,,0.5590312102423235,4.87991554191801,0.008989137048656073,0.017082614750091697,0.019702302413624407,0.9788093374911875,4.94956137325485e-16,9.286398560488473e-05,7.3662149775461545e-06,4.221090254767488e-06,3.348279535248252e-07,5.095242681677396,5.889439654607784e-08,0.17589450321002312,5.0,6.907463712569669,69074.63712569668,"[0.999996802743777, 0.9999829500095443, 0.9999725672335484, 0.9999514113844259, 0.9997084760890269, 0.00100000000000014, 0.0010000000000000761, 0.0009999999999999642]"
2,6,hpp,20,20,20,60,5,,2.997240786832201,5.320296660796866,0.006665702581131809,0.0029798562269406762,0.005139317673675905,0.17073343803260196,6.714883396437548e-16,8.005294356580183e-05,1.5826933946644973e-05,8.005294356580183e-06,1.5826933946644974e-06,5.093965190569492,1.0708305574594203e-06,0.6765874938692198,,,,"[0.9999978567502723, 0.9999968818228001, 0.9999951243927675, 0.9999926215241851, 0.9999911293364094, 0.0010000000000002125, 0.0010000000000000766, 0.0010000000000000599, 0.0010000000000000492, 0.001000000000000033, 0.0010000000000000247, 0.0010000000000000122, 0.0009999999999999983, 0.0009999999999999898, 0.00099999999999997, 0.0009999999999999527, 0.0009999999999999495, 0.0009999999999999374, 0.000999999999999927, 0.000999999999999849]"
2,6,gated,8,8,44,60,5,,1.366372971768784,3.721226677935396,0.008842880313381735,0.007017817883445064,0.010048451070623946,0.40209464667022465,3.2252674927566874e-16,9.220501383063655e-05,7.224547517180838e-06,4.191136992301661e-06,3.283885235082199e-07,5.095573744266744,3.291824836271553e-07,1.0024177462429362,5.0,6.90770607725353,69077.06077253529,"[0.9999942999986353, 0.9999931571236446, 0.99998238180789, 0.9999784911903572, 0.9999507994819229, 0.0010000000000001453, 0.0010000000000000338, 0.0009999999999998758]"
2,7,hpp,20,20,20,60,5,,2.2801786576914997,6.4471178624846495,0.006002916958897757,0.0037791053937325453,0.005098281821938543,0.21652730479216772,8.933840400158618e-16,8.005217362724042e-05,1.578138362848237e-05,8.005217362724042e-06,1.5781383628482372e-06,5.093342657564641,2.7467839480269055e-06,1.7405216251567999,,,,"[0.9999980626276119, 0.9999975357931655, 0.9999969199226147, 0.9999957825274868, 0.9999857326440603, 0.0010000000000001468, 0.0010000000000000982, 0.0010000000000000605, 0.00100000000000004, 0.001000000000000033, 0.001000000000000009, 0.001000000000000001, 0.000999999999999993, 0.0009999999999999879, 0.00099999999999997, 0.0009999999999999517, 0.000999999999999941, 0.0009999999999999302, 0.0009999999999999029, 0.000999999999999843]"
2,7,gated,8,8,44,60,5,,0.7961754014347109,4.658145913390092,0.008826566841585353,0.012096022272628687,0.01491514071076388,0.6930679267136721,4.734716607310975e-16,9.246787315333668e-05,7.266559685982983e-06,4.203085143333486e-06,3.3029816754468105e-07,5.0948050829137905,3.7992670494562496e-08,0.11502537473031255,5.0,6.9076091008574325,69076.09100857432,"[0.9999958648332655, 0.9999886132366601, 0.9999747464654075, 0.9999647039447309, 0.999853832558935, 0.001000000000000138, 0.001000000000000019, 0.0010000000000000018]"
2,8,hpp,20,20,20,60,5,,2.3614808638007574,6.232964475747315,0.00659611123241588,0.003518467496151156,0.005119518667341875,0.2015937538270092,7.632088236151208e-16,8.005257688722444e-05,1.5832265143489406e-05,8.005257688722444e-06,1.5832265143489405e-06,5.0950940988361415,8.854590964068407e-09,0.0055927505532647175,,,,"[0.9999982473993659, 0.9999972369317585, 0.9999966651962519, 0.9999940344446169, 0.9999876327660917, 0.0010000000000001867, 0.001000000000000135, 0.001000000000000075, 0.0010000000000000675, 0.0010000000000000466, 0.0010000000000000178, 0.0010000000000000122, 0.0010000000000000057, 0.0009999999999999935, 0.0009999999999999805, 0.0009999999999999714, 0.000999999999999953, 0.0009999999999999508, 0.0009999999999999345, 0.0009999999999999063]"
2,8,gated,8,8,44,60,5,,0.8557651351384723,4.880453349065072,0.0097270770466933,0.00906489902677228,0.011741077126535819,0.5193875693319466,5.215902424003383e-16,9.22835020693536e-05,7.271827682010045e-06,4.194704639516073e-06,3.3053762190954747e-07,5.095830211105576,6.892504798294957e-07,2.08524063266272,5.0,6.907673185390383,69076.73185390382,"[0.9999964307640153, 0.9999939288736861, 0.9999876450500094, 0.9999663704950598, 0.9999179097780281, 0.0010000000000001958, 0.001000000000000075, 0.0009999999999999972]"
2,9,hpp,20,20,20,60,5,,2.316539409077881,5.9726997525623835,0.005842562055910361,0.0045447878802932495,0.006057774101528314,0.26039806075278554,8.209395224088932e-16,8.007381731656137e-05,1.581871585269733e-05,8.007381731656137e-06,1.581871585269733e-06,5.096943536819931,3.7773353704464147e-06,2.387890019405287,,,,"[0.9999977324112489, 0.9999968175528936, 0.9999952049541908, 0.9999942195930082, 0.9999793655582198, 0.0010000000000001709, 0.0010000000000001022, 0.0010000000000000538, 0.001000000000000032, 0.0010000000000000267, 0.001000000000000011, 0.001000000000000001, 0.0009999999999999968, 0.00099999999999999, 0.0009999999999999844, 0.0009999999999999686, 0.0009999999999999573, 0.000999999999999943, 0.0009999999999998992, 0.0009999999999998458]"
2,9,gated,8,8,44,60,5,,1.000049542048622,3.7890954962172105,0.009103094370645366,0.00983968785047035,0.012189618601642712,0.5637816833137546,4.50090772100229e-16,9.230728223952154e-05,7.259895476663721e-06,4.195785556341888e-06,3.2999524893926005e-07,5.095089316775068,7.97748630941322e-09,0.024174548982314532,5.0,6.907658551666659,69076.58551666659,"[0.9999964825579287, 0.9999927037382645, 0.9999881645070313, 0.9999709336194581, 0.9999032773624617, 0.0010000000000000041, 0.000999999999999947, 0.0009999999999999404]"
3,0,hpp,20,20,20,60,5,,2.9453149882257716,5.713243991658877,0.005742940730072941,0.0029699387132808104,0.0049596162166480814,0.17016520384217987,6.410684042856106e-16,8.004929414935902e-05,1.584599405061347e-05,8.004929414935902e-06,1.5845994050613469e-06,5.094135352890481,7.47614623991596e-07,0.4718003942218144,,,,"[0.9999977662949375, 0.9999967193762027, 0.9999958404269843, 0.9999939124220775, 0.9999911882845749, 0.0010000000000001867, 0.0010000000000001481, 0.0010000000000000612, 0.0010000000000000538, 0.0010000000000000271, 0.001000000000000021, 0.0010000000000000085, 0.0010000000000000048, 0.000999999999999989, 0.000999999999999972, 0.0009999999999999677, 0.0009999999999999595, 0.0009999999999999267, 0.0009999999999999168, 0.0009999999999998586]"
3,0,gated,8,8,44,60,5,,0.6044709384319377,3.77217748674211,0.008761902535651558,0.01696345690884907,0.019767996040605706,0.9719811066612023,4.957699427141403e-16,9.286938287902745e-05,7.386151626982175e-06,4.221335585410339e-06,3.357341648628261e-07,5.094729198814961,7.333328181598573e-08,0.21842662883578787,5.0,6.907467766542829,69074.67766542829,"[0.9999935385114129, 0.9999917517202112, 0.999987346321538, 0.9999244516644717, 0.9997125288885715, 0.00100000000000014, 0.0010000000000000425, 0.0009999999999999612]"
3,1,hpp,20,20,20,60,5,,2.8747317136932353,6.101340247775731,0.006549448501666581,0.0030526362258978023,0.005239490935055097,0.17490344377559205,7.80762353580658e-16,8.005502834638168e-05,1.5829546096618494e-05,8.005502834638169e-06,1.5829546096618494e-06,5.095787333487907,6.19894021187397e-07,0.3916056830712403,,,,"[0.9999975534074586, 0.999996343925429, 0.9999945182529563, 0.999993468870501, 0.999990690730661, 0.001000000000000259, 0.0010000000000001002, 0.0010000000000000887, 0.0010000000000000523, 0.0010000000000000406, 0.0010000000000000245, 0.0010000000000000159, 0.0009999999999999994, 0.0009999999999999907, 0.0009999999999999846, 0.0009999999999999731, 0.0009999999999999573, 0.0009999999999999456, 0.000999999999999909, 0.000999999999999865]"
3,1,gated,8,8,44,60,5,,0.797562468860368,4.3038514124844705,0.0081724872436054,0.010895725397606816,0.013272180538443916,0.6242914327487351,4.686266250735966e-16,9.236719991802887e-05,7.289587426958809e-06,4.19850908718313e-06,3.313448830435822e-07,5.09376085793559,1.53547305577928e-06,4.634062978957539,5.0,6.907636673833568,69076.36673833568,"[0.9999958659542395, 0.9999919498880068, 0.9999838102727723, 0.9999709973746201, 0.9998814018848919, 0.0010000000000001486, 0.0010000000000000597, 0.000999999999999992]"
3,2,hpp,20,20,20,60,5,,2.316545104263585,6.934462682022443,0.00627905058290931,0.004181092764990198,0.006300686953589465,0.23955966716859858,9.26125701562273e-16,8.007977759729957e-05,1.585645407945326e-05,8.007977759729957e-06,1.585645407945326e-06,5.093847485063986,1.3282906777253323e-06,0.8376971743301215,,,,"[0.9999987712721311, 0.999995020935902, 0.9999925516582033, 0.9999914612315044, 0.9999825359448273, 0.0010000000000002264, 0.0010000000000000904, 0.001000000000000066, 0.001000000000000044, 0.0010000000000000386, 0.001000000000000031, 0.0010000000000000282, 0.0010000000000000152, 0.0010000000000000052, 0.0009999999999999937, 0.0009999999999999883, 0.0009999999999999636, 0.000999999999999947, 0.0009999999999999079, 0.0009999999999998007]"
3,2,gated,8,8,44,60,5,,0.777168909049564,3.5854377585786574,0.009268064822456859,0.012647596936332908,0.01523237995981069,0.7246732463052367,5.106857650879828e-16,9.249099845632272e-05,7.2910886095820895e-06,4.204136293469215e-06,3.314131186173677e-07,5.094589477093848,1.685290564716188e-07,0.5085165523160646,5.0,6.90759546446582,69075.9546446582,"[0.9999930108727723, 0.9999899674834943, 0.9999828774791236, 0.9999621525373263, 0.9998401982534445, 0.0010000000000001013, 0.0009999999999999976, 0.0009999999999998983]"
3,3,hpp,20,20,20,60,5,,3.3776889958737017,7.004863431434006,0.007095008680188822,0.002485275821219709,0.004266224856707379,0.14239596206910832,9.768758887415852e-16,8.003645341771927e-05,1.584929572701715e-05,8.003645341771926e-06,1.584929572701715e-06,5.095772912923281,5.9739438698228e-07,0.3769217240132285,,,,"[0.9999988784225616, 0.9999981313436371, 0.9999970622235352, 0.9999939159557238, 0.9999938295806879, 0.0010000000000004988, 0.0010000000000001496, 0.0010000000000000991, 0.0010000000000000564, 0.0010000000000000462, 0.0010000000000000325, 0.0010000000000000239, 0.0010000000000000093, 0.0009999999999999957, 0.0009999999999999933, 0.0009999999999999675, 0.0009999999999999606, 0.0009999999999999475, 0.0009999999999999152, 0.000999999999999841]"
3,3,gated,8,8,44,60,5,,0.8978590054209897,4.192802261837257,0.008695344827823076,0.011425448522777638,0.013095352884348398,0.6546442228974707,4.843326709943585e-16,9.236012646770612e-05,7.272053553703552e-06,4.198187566713914e-06,3.305478888047069e-07,5.095133172280352,1.7734856255491425e-08,0.05365291038349202,5.0,6.90762486014484,69076.2486014484,"[0.9999946038145666, 0.9999922004703743, 0.9999886105175878, 0.9999836787516458, 0.9998695896669267, 0.0010000000000000575, 0.0010000000000000213, 0.0009999999999999462]"
3,4,hpp,20,20,20,60,5,,2.4998532405229534,4.743005278420966,0.006644490894942071,0.003501926873119403,0.005902618960872739,0.20064604009812417,8.439303367828982e-16,8.006990146198031e-05,1.5815815777428726e-05,8.006990146198031e-06,1.5815815777428727e-06,5.093998662711517,1.0026763652974946e-06,0.6339706907363243,,,,"[0.999996425761528, 0.9999952343242929, 0.9999940568148245, 0.9999917282580005, 0.9999877487716667, 0.001000000000000247, 0.0010000000000000718, 0.001000000000000065, 0.0010000000000000404, 0.0010000000000000325, 0.0010000000000000172, 0.0010000000000000165, 0.0010000000000000113, 0.0009999999999999864, 0.000999999999999975, 0.000999999999999953, 0.0009999999999999508, 0.0009999999999999395, 0.0009999999999999066, 0.0009999999999998747]"
3,4,gated,8,8,44,60,5,,1.6381814042921405,4.277328981806458,0.008844308603703175,0.006018312952259871,0.00896215890848586,0.34482601357969156,2.5778275313094734e-16,9.216246681307287e-05,7.234460058554391e-06,4.189203036957858e-06,3.2883909357065416e-07,5.09475956811824,5.780748976427111e-08,0.17579263200301526,5.0,6.907719094456785,69077.19094456785,"[0.9999963039650858, 0.9999931470960347, 0.9999885193981557, 0.9999779734394161, 0.9999638161292995, 0.0009999999999999996, 0.0009999999999999421, 0.0009999999999997285]"
3,5,hpp,20,20,20,60,5,,3.1973710427634865,6.060082691787252,0.006608336884412402,0.0029450003155419044,0.004731026064734545,0.16873633265497037,8.745082057320774e-16,8.004485117569989e-05,1.5826770330627168e-05,8.004485117569989e-06,1.5826770330627168e-06,5.094722788738775,7.68460833475158e-08,0.04855449453184213,,,,"[0.9999984296009404, 0.9999973665951943, 0.9999960298504574, 0.9999944780822227, 0.9999913356461678, 0.0010000000000001282, 0.0010000000000001004, 0.001000000000000063, 0.001000000000000044, 0.0010000000000000271, 0.0010000000000000187, 0.0010000000000000154, 0.0009999999999999992, 0.0009999999999999944, 0.0009999999999999833, 0.0009999999999999705, 0.000999999999999955, 0.0009999999999999204, 0.000999999999999892, 0.0009999999999997981]"
3,5,gated,8,8,44,60,5,,0.9882665406178123,4.538278921717152,0.009064003526863316,0.010474450258138984,0.013153869431180774,0.6001527670565104,5.01927574017259e-16,9.23592126091848e-05,7.293945479997692e-06,4.198146027690218e-06,3.3154297636353147e-07,5.09474304468823,6.602603224427989e-08,0.19914773333000252,5.0,6.907645668580762,69076.45668580761,"[0.9999961033727436, 0.9999936768891521, 0.9999777213587998, 0.9999692515166765, 0.9998903956058979, 0.0010000000000002728, 0.0009999999999999829, 0.0009999999999999098]"
3,6,hpp,20,20,20,60,5,,3.2707557333482598,5.75413726227381,0.006692143142694539,0.0028180824530188446,0.004587663770165653,0.1614644445923699,9.726162167950012e-16,8.004216194692648e-05,1.585626536375894e-05,8.004216194692648e-06,1.585626536375894e-06,5.095848751212588,7.203786208780534e-07,0.4543179647614563,,,,"[0.9999977768623435, 0.9999974410859462, 0.9999967836697111, 0.9999949064169132, 0.9999920663528772, 0.0010000000000001859, 0.0010000000000000614, 0.001000000000000055, 0.0010000000000000282, 0.0010000000000000245, 0.0010000000000000189, 0.0010000000000000046, 0.0010000000000000002, 0.0009999999999999966, 0.0009999999999999892, 0.0009999999999999788, 0.0009999999999999493, 0.0009999999999999263, 0.000999999999999912, 0.0009999999999998127]"
3,6,gated,8,8,44,60,5,,0.9206605780241542,5.072033903901908,0.009352415912144217,0.010291248641788323,0.012566864936991553,0.5896555217894879,9.567140249370735e-16,9.232756858433501e-05,7.291990021695455e-06,4.196707662924319e-06,3.3145409189524795e-07,5.0946686707527915,1.0977907005263967e-07,0.33120444953605827,5.0,6.907649469495504,69076.49469495504,"[0.9999968167179579, 0.9999874638396968, 0.9999844902658656, 0.9999792648970378, 0.9998941961111918, 0.0010000000000001986, 0.0010000000000000091, 0.0009999999999999317]"
3,7,hpp,20,20,20,60,5,,3.2980078785685474,6.112956679248876,0.006546684322603736,0.0028841101175239,0.00458790453430455,0.16524756647635983,6.647271653733355e-16,8.004217056379871e-05,1.5859083217503e-05,8.004217056379872e-06,1.5859083217503e-06,5.097855160409453,8.151940963733786e-06,5.140234685657512,,,,"[0.9999981751333984, 0.9999977640751124, 0.9999958579841698, 0.9999954847612532, 0.9999916902269214, 0.0010000000000002442, 0.0010000000000001334, 0.0010000000000000852, 0.0010000000000000549, 0.001000000000000043, 0.0010000000000000397, 0.0010000000000000278, 0.0010000000000000098, 0.0010000000000000067, 0.000999999999999989, 0.0009999999999999816, 0.0009999999999999662, 0.0009999999999999595, 0.0009999999999999374, 0.000999999999999917]"
3,7,gated,8,8,44,60,5,,0.6872950634710595,4.757182971437983,0.00883872816888038,0.013714746863005185,0.015092805001847969,0.7858217484163407,4.890972432002974e-16,9.249091117284181e-05,7.323530234314368e-06,4.2041323260382646e-06,3.328877379233804e-07,5.0944877553514685,2.623945799443842e-07,0.788237444795214,5.0,6.9075673551382515,69075.67355138251,"[0.9999966071159156, 0.9999907765410416, 0.9999887444904207, 0.9999842130697968, 0.9998120938127649, 0.0010000000000000716, 0.0010000000000000328, 0.0009999999999998103]"
3,8,hpp,20,20,20,60,5,,2.76134153985382,5.4339191670684945,0.0062156321636706565,0.003025106342011407,0.005141659001977685,0.1733260903351264,7.695593541121677e-16,8.005299364764864e-05,1.584120303489664e-05,8.005299364764864e-06,1.584120303489664e-06,5.0963126006530075,1.7229204742880458e-06,1.08761971580859,,,,"[0.9999982416528821, 0.999996261502131, 0.9999953947335752, 0.9999928340078881, 0.9999908578828874, 0.001000000000000141, 0.0010000000000000915, 0.0010000000000000763, 0.0010000000000000573, 0.0010000000000000469, 0.0010000000000000232, 0.001000000000000008, 0.0010000000000000035, 0.0009999999999999877, 0.000999999999999979, 0.0009999999999999762, 0.0009999999999999538, 0.0009999999999999389, 0.0009999999999998695, 0.0009999999999998096]"
3,8,gated,8,8,44,60,5,,1.3816149240084319,4.113876211786517,0.008239140767348694,0.007481863757946778,0.010114929400786824,0.42868321577756807,7.838831083040278e-16,9.220825391519555e-05,7.243495126056706e-06,4.1912842688725245e-06,3.29249778457123e-07,5.09514492781087,2.100407036500228e-08,0.06379372664555207,5.0,6.907699355111398,69076.99355111398,"[0.9999943437513487, 0.9999922370778102, 0.9999896991744791, 0.9999774328183823, 0.9999440776929917, 0.00100000000000002, 0.0010000000000000015, 0.0009999999999999519]"
3,9,hpp,20,20,20,60,5,,2.6356848932681625,6.703331514537656,0.006023692062470607,0.003274674686482565,0.004972244177367512,0.18762537414806763,6.774093241901654e-16,8.004957359367793e-05,1.5836046360027114e-05,8.004957359367793e-06,1.5836046360027114e-06,5.09125070676768,1.4057199741882134e-05,8.876710399992833,,,,"[0.9999983327796927, 0.9999979117910014, 0.9999959763408014, 0.9999937933703662, 0.9999892872291906, 0.0010000000000001633, 0.001000000000000107, 0.0010000000000000722, 0.0010000000000000477, 0.0010000000000000354, 0.0010000000000000165, 0.0010000000000000132, 0.0009999999999999898, 0.0009999999999999855, 0.0009999999999999777, 0.0009999999999999749, 0.0009999999999999527, 0.0009999999999999055, 0.0009999999999998586, 0.0009999999999997853]"
3,9,gated,8,8,44,60,5,,1.006070128768812,4.073578052199806,0.008846003519906203,0.009631337406013503,0.01149117859991911,0.5518435164007355,7.122061061940122e-16,9.227289424771364e-05,7.260752687338708e-06,4.194222465805165e-06,3.3003421306085035e-07,5.094277194718618,5.224474747868425e-07,1.5830100459630705,5.0,6.907662604790354,69076.62604790354,"[0.9999949825100614, 0.9999929944425676, 0.9999903565215364, 0.9999824212849748, 0.9999073301024316, 0.0010000000000000946, 0.0010000000000000733, 0.0009999999999997732]"
4,0,hpp,20,20,20,60,5,,3.0021705478808487,5.466031521030252,0.006013966338806865,0.0030168731766395044,0.004969233540929252,0.17285436255469355,7.347029550144931e-16,8.004948494377483e-05,1.5831689586453615e-05,8.004948494377483e-06,1.5831689586453614e-06,5.0943008589143775,4.887982575989204e-07,0.30874674173574035,,,,"[0.9999976419459949, 0.9999965186644869, 0.9999952080959608, 0.9999950551270981, 0.9999909075777605, 0.0010000000000002225, 0.0010000000000001574, 0.0010000000000000675, 0.0010000000000000607, 0.0010000000000000527, 0.001000000000000047, 0.001000000000000026, 0.0010000000000000187, 0.0009999999999999955, 0.0009999999999999922, 0.0009999999999999773, 0.000999999999999959, 0.0009999999999999569, 0.0009999999999999222, 0.000999999999999752]"
4,0,gated,8,8,44,60,5,,2.0570583012425034,5.056053283654604,0.008826145687034057,0.005471098092810315,0.007956071775869019,0.3134723938904207,3.73965836199543e-16,9.21277347338793e-05,7.277375127189463e-06,4.187624306085423e-06,3.3078977850861195e-07,5.094271494581764,5.307201443924033e-07,1.6044030948755157,5.0,6.907725375553495,69077.25375553494,"[0.9999970025173109, 0.999995681935413, 0.9999881972542524, 0.9999857854954265, 0.9999700970185733, 0.001000000000000112, 0.0009999999999999864, 0.0009999999999999554]"
4,1,hpp,20,20,20,60,5,,2.880732366026432,6.674649325495706,0.006492183929122541,0.002893682198498215,0.0044538619656838314,0.16579600860592494,6.760144936867249e-16,8.003974518302818e-05,1.5840757095232614e-05,8.003974518302819e-06,1.5840757095232615e-06,5.096978741071029,3.915416226197293e-06,2.471735538054342,,,,"[0.9999985587432351, 0.9999978477999175, 0.9999973978598149, 0.9999947435707789, 0.9999916349767315, 0.0010000000000001347, 0.0010000000000001245, 0.0010000000000000705, 0.0010000000000000653, 0.001000000000000043, 0.0010000000000000254, 0.0010000000000000215, 0.00100000000000001, 0.0010000000000000044, 0.000999999999999984, 0.0009999999999999653, 0.0009999999999999558, 0.0009999999999999471, 0.0009999999999999306, 0.0009999999999997383]"
4,1,gated,8,8,44,60,5,,0.9915283944009113,4.1893833732428405,0.010141801847425328,0.009167856781094755,0.011654060793586812,0.525286859270584,4.718646162673851e-16,9.227940836875666e-05,7.275762417806136e-06,4.1945185622162115e-06,3.3071647353664254e-07,5.095100277739124,1.0055624964693735e-08,0.030405576284604392,5.0,6.907671309908421,69076.71309908421,"[0.9999956932127596, 0.9999938081120333, 0.9999860702078233, 0.9999727126998995, 0.9999160344516397, 0.001000000000000052, 0.0010000000000000091, 0.0009999999999999747]"
4,2,hpp,20,20,20,60,5,,2.9980112997730806,5.411311174354681,0.0065140546280004225,0.003197598469774176,0.0053668948619534276,0.18320920910436678,9.385252170534337e-16,8.005775324886175e-05,1.586186797479757e-05,8.005775324886174e-06,1.586186797479757e-06,5.096255493384139,1.5762636376287729e-06,0.9937440156060114,,,,"[0.9999973591271507, 0.999996406232341, 0.9999951694363423, 0.9999925048586058, 0.9999897855886621, 0.001000000000000149, 0.0010000000000001097, 0.001000000000000065, 0.0010000000000000414, 0.0010000000000000224, 0.0010000000000000122, 0.0009999999999999935, 0.0009999999999999894, 0.0009999999999999805, 0.0009999999999999731, 0.0009999999999999673, 0.0009999999999999577, 0.0009999999999999308, 0.0009999999999998888, 0.000999999999999875]"
4,2,gated,8,8,44,60,5,,0.9081249588851255,4.844623973185361,0.008227324233441606,0.009599231436338338,0.012541762182959482,0.5500038947992222,5.096323986104378e-16,9.232420492491804e-05,7.288275823279135e-06,4.196554769314456e-06,3.312852646945061e-07,5.094985113678648,2.216025632509959e-10,0.0006689176575823441,5.0,6.907663221646054,69076.63221646054,"[0.9999961737708206, 0.9999892605229515, 0.9999796416744294, 0.9999698386278676, 0.9999079469010752, 0.0010000000000000115, 0.0009999999999999868, 0.000999999999999865]"
4,3,hpp,20,20,20,60,5,,2.8095921196989533,6.298035738404328,0.005917385629602766,0.0031528237137038624,0.004860315182800638,0.1806437916203379,8.178507664771407e-16,8.004734880289622e-05,1.5842054422792253e-05,8.004734880289622e-06,1.5842054422792253e-06,5.092931161428987,4.280093032892869e-06,2.7017285250169456,,,,"[0.9999977049224688, 0.9999973926989779, 0.9999965166875954, 0.9999947170070175, 0.9999900696429274, 0.0010000000000002565, 0.0010000000000000874, 0.0010000000000000646, 0.0010000000000000555, 0.0010000000000000378, 0.0010000000000000312, 0.0010000000000000239, 0.001000000000000009, 0.0009999999999999896, 0.0009999999999999792, 0.0009999999999999716, 0.000999999999999956, 0.0009999999999999272, 0.0009999999999998988, 0.000999999999999775]"
4,3,gated,8,8,44,60,5,,1.1382039125792507,4.577604305962903,0.008374127009198417,0.009013448356503745,0.011984519513120089,0.5164395426329458,5.644518697042368e-16,9.22953617463467e-05,7.271741090068225e-06,4.195243715743032e-06,3.30533685912192e-07,5.095367197865915,1.3483427273611206e-07,0.4079289902449806,5.0,6.90767411467931,69076.7411467931,"[0.9999968365982891, 0.9999943815699068, 0.9999860647473592, 0.9999603930142164, 0.9999188389909754, 0.0010000000000000692, 0.0010000000000000345, 0.0009999999999999248]"
4,4,hpp,20,20,20,60,5,,2.7180871884909594,5.174777751991238,0.0066519960289104976,0.0031248843746442445,0.005166120891376072,0.1790429775238311,7.495879040310165e-16,8.005350067484978e-05,1.5843629880486488e-05,8.005350067484978e-06,1.5843629880486487e-06,5.09619246411947,1.42197067623513e-06,0.8975030892298701,,,,"[0.9999977479236444, 0.9999968047595087, 0.9999946802231248, 0.9999938601149163, 0.9999902448625472, 0.0010000000000001798, 0.001000000000000078, 0.001000000000000054, 0.001000000000000036, 0.0010000000000000343, 0.0010000000000000254, 0.0010000000000000206, 0.0010000000000000033, 0.0009999999999999966, 0.000999999999999982, 0.000999999999999976, 0.000999999999999964, 0.0009999999999999471, 0.0009999999999999326, 0.0009999999999997853]"
4,4,gated,8,8,44,60,5,,0.8546043439628306,4.208792660032946,0.009267278534683907,0.011992932670984632,0.014933274373302895,0.6871608991450419,5.281775987670737e-16,9.246978150294981e-05,7.306685511999328e-06,4.203171886497719e-06,3.321220687272422e-07,5.09496380076454,1.3103846475549052e-09,0.003945491043629108,5.0,6.907611582054497,69076.11582054498,"[0.9999959952314786, 0.9999920283748199, 0.9999913855117976, 0.999941497804697, 0.999856313396383, 0.0010000000000001139, 0.0009999999999999285, 0.0009999999999998866]"
4,5,hpp,20,20,20,60,5,,3.145864413684212,5.489731155830702,0.006120537414455837,0.002773710936407529,0.004669539741827216,0.1589221340230493,7.507567340075765e-16,8.00436789547775e-05,1.5861635574263364e-05,8.00436789547775e-06,1.5861635574263365e-06,5.092709664001631,5.245638985404723e-06,3.307123632266616,,,,"[0.999997899298453, 0.9999970034840345, 0.9999959471588863, 0.9999950530407139, 0.9999923142211138, 0.001000000000000231, 0.001000000000000151, 0.001000000000000084, 0.0010000000000000703, 0.0010000000000000345, 0.001000000000000028, 0.0010000000000000163, 0.0010000000000000035, 0.000999999999999991, 0.0009999999999999805, 0.0009999999999999773, 0.0009999999999999658, 0.0009999999999999378, 0.0009999999999999228, 0.0009999999999998623]"
4,5,gated,8,8,44,60,5,,1.2358494097576986,3.6655707729567855,0.00936036409846314,0.007209581356868504,0.01009230984502992,0.41308216239260326,6.165471038189901e-16,9.220693557317155e-05,7.273925534480411e-06,4.19122434423507e-06,3.306329788400187e-07,5.095094280184041,8.888753103664423e-09,0.026884048696078102,5.0,6.907703351548605,69077.03351548605,"[0.9999936247427323, 0.9999919079647821, 0.9999833824981618, 0.9999812580163119, 0.9999480739147217, 0.0010000000000000486, 0.0009999999999999688, 0.00099999999999985]"
4,6,hpp,20,20,20,60,5,,2.445301433428177,5.7945807942565235,0.006170215058944059,0.0038627700926716197,0.005589539878988625,0.22132097392987787,7.030444585605457e-16,8.006273502175291e-05,1.5828568865136293e-05,8.006273502175291e-06,1.5828568865136294e-06,5.096136033359663,1.290571794277929e-06,0.8153433233755694,,,,"[0.999998413178668, 0.9999976066485882, 0.9999954496940857, 0.9999922248373521, 0.9999850939282044, 0.0010000000000002305, 0.0010000000000001158, 0.0010000000000000696, 0.0010000000000000495, 0.0010000000000000395, 0.0010000000000000312, 0.0010000000000000135, 0.0010000000000000035, 0.0009999999999999955, 0.0009999999999999853, 0.0009999999999999668, 0.000999999999999964, 0.0009999999999999447, 0.0009999999999999393, 0.0009999999999999115]"
4,6,gated,8,8,44,60,5,,0.5988643849985157,3.675687574567855,0.008998172219275288,0.015105723864582954,0.01674773168614193,0.8655271424736314,5.022225788590463e-16,9.261326198583106e-05,7.31210244239866e-06,4.209693726628685e-06,3.3236829283630274e-07,5.094721385517128,7.762603006326506e-08,0.23355425814187775,5.0,6.907527298285818,69075.27298285818,"[0.9999937011680459, 0.9999912366436462, 0.999987673930523, 0.9999751369382501, 0.999772045289421, 0.0010000000000001156, 0.0010000000000000052, 0.0009999999999999066]"
4,7,hpp,20,20,20,60,5,,2.6011881632200824,5.7911466089536585,0.0060000367526402715,0.0034783296831090165,0.005999836256844368,0.19929401246758313,9.11497366448279e-16,8.00722451552385e-05,1.581897102265297e-05,8.007224515523851e-06,1.581897102265297e-06,5.095467716482169,2.1875870769683416e-07,0.1382888352115753,,,,"[0.9999977586791357, 0.999995420677408, 0.9999928082929763, 0.9999901369920127, 0.9999879133213936, 0.0010000000000002526, 0.0010000000000001644, 0.0010000000000000692, 0.0010000000000000603, 0.0010000000000000505, 0.0010000000000000265, 0.0010000000000000163, 0.0010000000000000085, 0.000999999999999991, 0.0009999999999999816, 0.00099999999999997, 0.0009999999999999681, 0.0009999999999999534, 0.0009999999999999204, 0.0009999999999999053]"
4,7,gated,8,8,44,60,5,,1.4111704311464237,4.933719293456732,0.009501755067672054,0.006925269392681377,0.009262251998869394,0.39679187988205017,6.089265997523882e-16,9.217424691871548e-05,7.26464101645268e-06,4.189738496305249e-06,3.3021095529330365e-07,5.094773376250048,5.135832404017991e-08,0.155531859912285,5.0,6.907707366437322,69077.07366437321,"[0.999997228917371, 0.9999941354565108, 0.9999916365993684, 0.9999792069007772, 0.9999520886031955, 0.0010000000000002231, 0.0010000000000000573, 0.0009999999999998896]"
4,8,hpp,20,20,20,60,5,,3.181823122088455,6.057982981952083,0.006203132429672324,0.002938940393902688,0.004977086519263606,0.16838912321827776,7.577875179910137e-16,8.004964011955074e-05,1.5850835432649362e-05,8.004964011955074e-06,1.5850835432649362e-06,5.095444621867349,1.976886049293089e-07,0.12471809815280288,,,,"[0.9999977543360891, 0.9999964522170336, 0.9999957038249535, 0.9999939717363628, 0.9999913712667329, 0.0010000000000001095, 0.0010000000000000913, 0.001000000000000081, 0.001000000000000056, 0.001000000000000038, 0.0010000000000000276, 0.0010000000000000098, 0.0010000000000000013, 0.0009999999999999883, 0.0009999999999999838, 0.00099999999999997, 0.000999999999999953, 0.0009999999999999387, 0.00099999999999993, 0.000999999999999875]"
4,8,gated,8,8,44,60,5,,0.8700916004049035,4.158408047075674,0.008687515283236882,0.011011793043022255,0.014316221326724434,0.6309420179694696,6.711057752044239e-16,9.2426640887205e-05,7.312094089565664e-06,4.201210949418409e-06,3.3236791316207563e-07,5.095384177322244,1.47592214930277e-07,0.4440627662463471,5.0,6.907634133317815,69076.34133317815,"[0.9999950212209251, 0.9999884756242157, 0.9999718586190361, 0.9999610336233804, 0.9998788616735634, 0.0010000000000000451, 0.0009999999999999623, 0.0009999999999997452]"
4,9,hpp,20,20,20,60,5,,2.284778721051073,5.896964338618676,0.0058844073429954215,0.0038312526219742966,0.005941503917225945,0.2195151425151721,8.699095111753039e-16,8.00708746370691e-05,1.5852086751612035e-05,8.007087463706909e-06,1.5852086751612034e-06,5.095602654225391,3.631921153869354e-07,0.22911312628919445,,,,"[0.9999979827323854, 0.9999957138135955, 0.9999939917980354, 0.9999917093068099, 0.9999853361818426, 0.0010000000000000996, 0.0010000000000000724, 0.0010000000000000523, 0.001000000000000033, 0.001000000000000023, 0.0010000000000000083, 0.0010000000000000052, 0.0010000000000000044, 0.0009999999999999948, 0.000999999999999969, 0.0009999999999999538, 0.0009999999999999417, 0.0009999999999999215, 0.0009999999999998246, 0.0009999999999996628]"
4,9,gated,8,8,44,60,5,,1.0644910324424752,3.4776213617301375,0.008480612025915895,0.009764070366361613,0.012453035448724866,0.5594489124714416,3.546421975520749e-16,9.232000121866723e-05,7.2772070734216235e-06,4.196363691757601e-06,3.307821397009829e-07,5.094361913227823,4.0715472882092103e-07,1.2308848633392862,5.0,6.907660032713167,69076.60032713167,"[0.9999928818881872, 0.9999889365733315, 0.9999842512353931, 0.9999742490223426, 0.9999047582669526, 0.001000000000000141, 0.0010000000000001071, 0.0010000000000000365]"
5,0,hpp,20,20,20,60,5,,2.9987041221019433,6.227766598899705,0.006520555081808843,0.0029559590987168045,0.004631763354528096,0.16936422741251592,7.243592776592306e-16,8.004298570672595e-05,1.585832759695365e-05,8.004298570672595e-06,1.585832759695365e-06,5.09582558584266,6.815919836087128e-07,0.42980067062030247,,,,"[0.999998111823166, 0.999997420239465, 0.9999968385713353, 0.9999949265439921, 0.9999912710435007, 0.0010000000000001102, 0.0010000000000000833, 0.0010000000000000592, 0.0010000000000000531, 0.0010000000000000384, 0.0010000000000000243, 0.0010000000000000124, 0.0010000000000000046, 0.0009999999999999953, 0.0009999999999999835, 0.0009999999999999688, 0.0009999999999999488, 0.0009999999999999426, 0.0009999999999999217, 0.0009999999999998953]"
5,0,gated,8,8,44,60,5,,1.1186573576561367,4.726388642299269,0.009019955901031187,0.009691155113804431,0.012202137398254138,0.5552709785606559,4.579930630419082e-16,9.230727564422989e-05,7.286624239947921e-06,4.195785256555904e-06,3.312101927249055e-07,5.0948882972229335,1.2477510403329498e-08,0.037672483146353505,5.0,6.907661450011349,69076.61450011349,"[0.999996388966642, 0.9999895600787417, 0.9999833705329212, 0.9999757617257206, 0.9999061754310478, 0.0010000000000000354, 0.0009999999999999885, 0.0009999999999999146]"
5,1,hpp,20,20,20,60,5,,2.6413699808007567,6.112743486976066,0.006015002863151595,0.0031304484998644945,0.005092923755876112,0.17936177997494815,1.0150422676208352e-15,8.005199488277936e-05,1.587406510944141e-05,8.005199488277936e-06,1.587406510944141e-06,5.095272163952883,7.407321725137033e-08,0.04666304235284624,,,,"[0.9999977438755177, 0.9999970850759015, 0.9999954252383665, 0.999993623783805, 0.9999902100918961, 0.0010000000000002767, 0.00100000000000016, 0.0010000000000000716, 0.001000000000000053, 0.0010000000000000447, 0.0010000000000000406, 0.0010000000000000256, 0.0010000000000000063, 0.0009999999999999885, 0.0009999999999999814, 0.0009999999999999668, 0.000999999999999956, 0.0009999999999999356, 0.0009999999999999224, 0.0009999999999998463]"
5,1,gated,8,8,44,60,5,,0.5565590976293533,4.788170414867952,0.008909275791116281,0.019752130923650673,0.022293395757435736,1.1317873402966314,6.805415051450651e-16,9.315070450101528e-05,7.480033925634412e-06,4.234122931864331e-06,3.4000154207429147e-07,5.0959409031962375,8.852988246987542e-07,2.6038082630381525,5.0,6.907365446477805,69073.65446477805,"[0.9999969713267935, 0.9999901721490382, 0.9999783984798728, 0.9999277160747408, 0.9996102434706513, 0.001000000000000165, 0.001000000000000091, 0.0009999999999999486]"
5,2,hpp,20,20,20,60,5,,2.363602759394621,5.786622368538652,0.0068930376019833775,0.0040585534040145435,0.005942762472150316,0.2325386193718982,1.029190556546943e-15,8.007093593111757e-05,1.583444565418032e-05,8.007093593111757e-06,1.583444565418032e-06,5.093622447308151,1.8976514188067347e-06,1.1984324934708097,,,,"[0.9999980837440967, 0.9999959353844948, 0.999993927169613, 0.9999932279762983, 0.999983544616122, 0.0010000000000001856, 0.0010000000000001577, 0.0010000000000000636, 0.0010000000000000514, 0.0010000000000000456, 0.001000000000000035, 0.001000000000000015, 0.0010000000000000109, 0.000999999999999997, 0.0009999999999999829, 0.0009999999999999645, 0.0009999999999999432, 0.0009999999999999213, 0.0009999999999998888, 0.000999999999999878]"
5,2,gated,8,8,44,60,5,,1.3154066200567207,4.76568138898375,0.008733051121110003,0.0066585152718005875,0.00846662355378129,0.3815076420090398,5.653432888704459e-16,9.214541494328906e-05,7.2597314430314935e-06,4.188427951967684e-06,3.299877928650679e-07,5.095129598886897,1.6795871486267416e-08,0.05089846306264805,5.0,6.907710986511179,69077.1098651118,"[0.9999966016314901, 0.9999952826566441, 0.9999927354136031, 0.9999880597573753, 0.9999557085102005, 0.0010000000000002617, 0.0010000000000001494, 0.0010000000000000328]"
5,3,hpp,20,20,20,60,5,,2.2278114725054405,5.813155881934749,0.007151948549421544,0.004785233803706177,0.0062065332776381635,0.27417474730585034,7.764663222763483e-16,8.007756335833078e-05,1.5862036848421322e-05,8.007756335833078e-06,1.5862036848421322e-06,5.095311233068104,9.686602268439373e-08,0.06106783360173216,,,,"[0.9999982267157186, 0.9999968536479957, 0.9999962127287383, 0.9999930999373708, 0.9999771244359061, 0.0010000000000001679, 0.0010000000000000837, 0.0010000000000000677, 0.0010000000000000484, 0.001000000000000041, 0.0010000000000000135, 0.0010000000000000087, 0.0009999999999999994, 0.000999999999999988, 0.0009999999999999757, 0.0009999999999999668, 0.000999999999999943, 0.0009999999999999096, 0.000999999999999852, 0.0009999999999996954]"
5,3,gated,8,8,44,60,5,,0.7445189874521781,3.267317546915357,0.00997189451253234,0.01286195994828265,0.015368196518953511,0.73695634137165,6.757495039779544e-16,9.250090417776638e-05,7.317171074383943e-06,4.2045865535348354e-06,3.3259868519927016e-07,5.095504741580459,2.5476406304928187e-07,0.7659803672905227,5.0,6.907590000740772,69075.90000740772,"[0.9999926112895205, 0.9999890717791113, 0.9999826563411004, 0.9999649798911844, 0.999834735416303, 0.0009999999999999714, 0.0009999999999999352, 0.0009999999999998912]"
5,4,hpp,20,20,20,60,5,,3.181368906766392,6.393826366677472,0.006470955742596727,0.0028019119100183773,0.004663525596393369,0.16053793706810027,6.561161927657681e-16,8.004357698824709e-05,1.585442975340506e-05,8.004357698824709e-06,1.585442975340506e-06,5.095046840301525,2.1940138474123825e-09,0.0013838491081277608,,,,"[0.999998208873372, 0.9999977200687119, 0.9999967490390657, 0.9999934381559763, 0.999992157140359, 0.001000000000000198, 0.0010000000000001045, 0.0010000000000000787, 0.0010000000000000503, 0.001000000000000035, 0.0010000000000000297, 0.0010000000000000174, 0.001000000000000007, 0.0009999999999999974, 0.0009999999999999898, 0.000999999999999962, 0.0009999999999999586, 0.0009999999999999454, 0.0009999999999999287, 0.0009999999999998174]"
5,4,gated,8,8,44,60,5,,1.4006037721387763,4.5712998034981505,0.007995452398438782,0.006802809426615462,0.009395028993220735,0.3897752753670351,1.1191416740337647e-15,9.217905120479454e-05,7.24844989267362e-06,4.1899568729452066e-06,3.2947499512152817e-07,5.095500514409551,2.5051467417275443e-07,0.7603450273376622,5.0,6.907709045975467,69077.09045975466,"[0.9999964789730498, 0.999991744765085, 0.99998819688224, 0.999981633014292, 0.999953768062121, 0.001000000000000062, 0.0010000000000000198, 0.0009999999999999523]"
5,5,hpp,20,20,20,60,5,,2.3541642378937198,6.034339042108429,0.006907509159570645,0.003824481702313434,0.005574190846954837,0.2191271945529546,7.170434687216878e-16,8.006237854929203e-05,1.5841321357178365e-05,8.006237854929203e-06,1.5841321357178365e-06,5.096390298062862,1.9329287036106563e-06,1.2201814861452611,,,,"[0.9999982738664148, 0.9999972080609182, 0.999995110196634, 0.9999929793776707, 0.9999853879663693, 0.001000000000000096, 0.0010000000000000586, 0.0010000000000000516, 0.0010000000000000328, 0.0010000000000000239, 0.0010000000000000115, 0.0010000000000000074, 0.000999999999999992, 0.0009999999999999898, 0.0009999999999999673, 0.000999999999999952, 0.0009999999999999458, 0.0009999999999999115, 0.000999999999999787, 0.000999999999999699]"
5,5,gated,8,8,44,60,5,,0.8374464165684605,4.49532020711961,0.009250887824152622,0.010724594780274615,0.014278530904017277,0.6144857976603155,6.921689642494694e-16,9.242546891097312e-05,7.285285958082028e-06,4.201157677771505e-06,3.3114936173100125e-07,5.094261909022494,5.447782910687001e-07,1.6451135168161175,5.0,6.90764037046403,69076.4037046403,"[0.9999956873792755, 0.9999945596776928, 0.9999900819292858, 0.9999309003616821, 0.9998850980837319, 0.0010000000000001087, 0.001000000000000067, 0.0009999999999997264]"
5,6,hpp,20,20,20,60,5,,2.292801828094906,5.862434611844422,0.006251122432984361,0.0036485026249609472,0.005526803983674815,0.20904426573902543,6.234808084093288e-16,8.006129398267492e-05,1.5867225193536184e-05,8.006129398267493e-06,1.5867225193536185e-06,5.096321894603208,1.7474053420029876e-06,1.10126712181209,,,,"[0.9999982282572158, 0.9999965534985181, 0.9999942308953235, 0.9999937705920636, 0.9999867017401667, 0.0010000000000000729, 0.0010000000000000514, 0.0010000000000000438, 0.0010000000000000358, 0.0010000000000000187, 0.001000000000000011, 0.0010000000000000063, 0.0009999999999999866, 0.0009999999999999799, 0.000999999999999974, 0.0009999999999999623, 0.0009999999999999501, 0.0009999999999999233, 0.000999999999999863, 0.0009999999999998105]"
5,6,gated,8,8,44,60,5,,1.2513834148871261,4.320312829192753,0.008915985201640305,0.007342725556420999,0.00993697045292487,0.42071096504551336,5.754106903800665e-16,9.22007968221746e-05,7.286404042932285e-06,4.190945310098846e-06,3.312001837696493e-07,5.095212749125524,4.5262190413372784e-08,0.13666112711112735,5.0,6.90770141582852,69077.0141582852,"[0.9999947854346567, 0.9999923457714238, 0.9999864332435684, 0.9999816526149293, 0.9999461382970221, 0.0010000000000000451, 0.0010000000000000334, 0.0009999999999999532]"
5,7,hpp,20,20,20,60,5,,2.739111662633082,5.604962757656762,0.006615371366704958,0.003185420739185183,0.005129782381859334,0.18251147298407966,8.994802006111003e-16,8.005275479890717e-05,1.5864489514488368e-05,8.005275479890717e-06,1.5864489514488368e-06,5.094911626538523,7.809868692592515e-09,0.004922861643584618,,,,"[0.9999977802101463, 0.9999968623193187, 0.9999956778196571, 0.9999935280566411, 0.9999898632416196, 0.0010000000000001282, 0.0010000000000001006, 0.0010000000000000531, 0.0010000000000000378, 0.0010000000000000252, 0.0010000000000000228, 0.0010000000000000204, 0.0010000000000000065, 0.0010000000000000002, 0.0009999999999999922, 0.0009999999999999829, 0.0009999999999999651, 0.0009999999999999536, 0.0009999999999999356, 0.0009999999999998903]"
5,7,gated,8,8,44,60,5,,1.0797410631759627,3.510804891480297,0.00918612830881076,0.009070759192310896,0.011908919063400464,0.5197233458895434,5.147306050771928e-16,9.229116843560792e-05,7.2712142740658685e-06,4.195053110709451e-06,3.305097397302668e-07,5.094895191076507,1.098491044282237e-08,0.03323626847362288,5.0,6.907673079210079,69076.73079210079,"[0.9999935904370474, 0.9999886511782405, 0.9999814532846267, 0.999976820962832, 0.9999178036063474, 0.0010000000000000965, 0.0009999999999999738, 0.0009999999999999129]"
5,8,hpp,20,20,20,60,5,,2.3531539796879093,6.26266200738046,0.00680397036878351,0.004028957353368391,0.0052244150957691145,0.23084287671514364,1.0089812496978285e-15,8.005483138195e-05,1.583499368441477e-05,8.005483138194999e-06,1.583499368441477e-06,5.095819676979181,6.718703502066697e-07,0.42429467519645603,,,,"[0.9999982023434124, 0.9999977201403636, 0.9999972987110678, 0.9999957278514341, 0.9999837837351423, 0.001000000000000106, 0.0010000000000000783, 0.0010000000000000644, 0.0010000000000000577, 0.0010000000000000373, 0.0010000000000000228, 0.0010000000000000156, 0.0009999999999999916, 0.000999999999999982, 0.0009999999999999703, 0.0009999999999999493, 0.0009999999999999432, 0.0009999999999999243, 0.000999999999999895, 0.0009999999999998164]"
5,8,gated,8,8,44,60,5,,1.0765051401185253,4.200657403905176,0.008463096715555217,0.00889967968405196,0.011568596636141962,0.5099208163856547,7.358675713591671e-16,9.227467027903473e-05,7.262376175400484e-06,4.194303194501578e-06,3.3010800797274927e-07,5.0947875671771135,4.512770423755501e-08,0.13670587549418173,5.0,6.907676150757329,69076.76150757329,"[0.9999952556378746, 0.9999924338300156, 0.9999833110320575, 0.9999744259985268, 0.9999208749058193, 0.0010000000000000724, 0.0010000000000000605, 0.0009999999999998417]"
5,9,hpp,20,20,20,60,5,,2.444210502347286,5.706990516607336,0.0067561668901308285,0.0037712192761132643,0.005983518019895353,0.21607546031601652,6.539151665858935e-16,8.00718932162973e-05,1.584921198236038e-05,8.00718932162973e-06,1.5849211982360379e-06,5.094465056909455,2.861641101163998e-07,0.18055415653149853,,,,"[0.999997729332507, 0.9999971559210331, 0.9999939612515516, 0.9999895946822359, 0.9999857921272663, 0.001000000000000166, 0.0010000000000000633, 0.0010000000000000573, 0.001000000000000051, 0.001000000000000025, 0.0010000000000000104, 0.000999999999999998, 0.0009999999999999946, 0.0009999999999999792, 0.0009999999999999664, 0.0009999999999999495, 0.0009999999999999371, 0.0009999999999999315, 0.0009999999999999046, 0.0009999999999998623]"
5,9,gated,8,8,44,60,5,,1.2014846505447494,4.261011931661096,0.007787604348103692,0.007755257861395371,0.010589182063010232,0.44434799871566544,5.923901214699718e-16,9.222855936303573e-05,7.266928979502037e-06,4.192207243774351e-06,3.3031495361372896e-07,5.09512724011538,1.6190046963048833e-08,0.04901396920098722,5.0,6.907695193296448,69076.95193296447,"[0.9999943755557323, 0.9999917335366054, 0.9999876249507557, 0.9999743311913933, 0.9999399161195285, 0.0010000000000001097, 0.0010000000000000534, 0.0010000000000000204]"
6,0,hpp,20,20,20,60,5,,3.188091791798652,5.730448914655642,0.006627730949663349,0.003068650746550127,0.005135476631672135,0.17582101251759552,6.277386130020546e-16,8.005286676242609e-05,1.5793886602173245e-05,8.005286676242609e-06,1.5793886602173245e-06,5.094333611898023,4.4407310245066405e-07,0.2811677161146386,,,,"[0.9999977204486767, 0.9999972825548433, 0.9999946919219401, 0.9999933655282132, 0.9999905927992128, 0.0010000000000001262, 0.0010000000000000946, 0.0010000000000000657, 0.0010000000000000492, 0.0010000000000000321, 0.0010000000000000252, 0.0010000000000000187, 0.001, 0.0009999999999999913, 0.0009999999999999744, 0.0009999999999999642, 0.0009999999999999588, 0.0009999999999999436, 0.0009999999999999202, 0.000999999999999813]"
6,0,gated,8,8,44,60,5,,0.4736873457658306,4.195783256473803,0.009008770988560713,0.02055920141652637,0.02277012666953637,1.1780384703004563,5.586824445585017e-16,9.321793041460646e-05,7.49904542103375e-06,4.237178655209384e-06,3.4086570095607957e-07,5.094442878747287,3.103840902189478e-07,0.9105758935215975,5.0,6.907332931723725,69073.32931723725,"[0.9999959986666801, 0.9999935695771898, 0.999960127928726, 0.9999546017196488, 0.9995777419178776, 0.0010000000000002405, 0.0010000000000000536, 0.0009999999999999773]"
6,1,hpp,20,20,20,60,5,,2.5747037266399295,5.2243828939032735,0.006447785576157798,0.0035151130421010915,0.005376100820434402,0.2014015565788363,9.524961370089855e-16,8.005797021998699e-05,1.5867832909663158e-05,8.005797021998698e-06,1.5867832909663159e-06,5.092934791983559,4.265084151151764e-06,2.687880680010452,,,,"[0.9999970738295084, 0.9999959010208548, 0.9999955674915999, 0.9999949277641467, 0.9999876563363221, 0.0010000000000001303, 0.0010000000000000857, 0.0010000000000000627, 0.001000000000000037, 0.0010000000000000323, 0.0010000000000000234, 0.0010000000000000091, 0.0010000000000000048, 0.000999999999999989, 0.0009999999999999816, 0.0009999999999999668, 0.0009999999999999408, 0.0009999999999999298, 0.000999999999999918, 0.0009999999999998224]"
6,1,gated,8,8,44,60,5,,1.4210875150646416,4.823918792443847,0.008164910275764046,0.0071310345519012205,0.011398628065630648,0.4085816462778675,5.011549290794685e-16,9.226463391951513e-05,7.236033829228565e-06,4.193846996341597e-06,3.289106286012984e-07,5.095355329031717,1.262587207843176e-07,0.3838693851920697,5.0,6.907704476889461,69077.0447688946,"[0.9999975047805155, 0.9999921213777881, 0.9999697299649386, 0.9999616458858271, 0.9999491991978731, 0.0010000000000001438, 0.0010000000000001243, 0.000999999999999972]"
6,2,hpp,20,20,20,60,5,,2.757898184648107,7.127171807151638,0.006313951420153559,0.0030620055821835458,0.005238200262297386,0.1754402708564454,8.908853056491959e-16,8.005501306867405e-05,1.581862358665414e-05,8.005501306867405e-06,1.581862358665414e-06,5.094222248908545,6.048967602526276e-07,0.3823953183657313,,,,"[0.9999981347321336, 0.9999968011969701, 0.9999950539107704, 0.9999919653591872, 0.9999906334976928, 0.0010000000000002062, 0.0010000000000001143, 0.0010000000000000846, 0.0010000000000000564, 0.0010000000000000447, 0.0010000000000000254, 0.0010000000000000054, 0.0009999999999999974, 0.000999999999999987, 0.0009999999999999768, 0.0009999999999999647, 0.0009999999999999525, 0.0009999999999999426, 0.0009999999999999276, 0.0009999999999998615]"
6,2,gated,8,8,44,60,5,,0.9587841464489795,3.4886144132928334,0.008806801697024708,0.009138776772695223,0.011732504173710785,0.5236206277184527,7.102041115488144e-16,9.228295254016279e-05,7.250396271632711e-06,4.194679660916491e-06,3.29563466892396e-07,5.094696458060487,9.213770904033947e-08,0.2795750084472284,5.0,6.907671841777565,69076.71841777564,"[0.9999928313397842, 0.9999918259475081, 0.99998751759897, 0.9999737448348666, 0.9999165662763396, 0.0010000000000001254, 0.0010000000000000466, 0.0009999999999999844]"
6,3,hpp,20,20,20,60,5,,3.3158882872622666,7.0242886757793785,0.00594851935264796,0.002773931658092653,0.004587182837859707,0.15893478049270554,6.428616430897648e-16,8.004215729994441e-05,1.586655616772926e-05,8.00421572999444e-06,1.586655616772926e-06,5.095839741853862,7.051663811349304e-07,0.4444356882996181,,,,"[0.9999989545712067, 0.9999975278119235, 0.9999955468734779, 0.9999946365413985, 0.999992312997853, 0.0010000000000004385, 0.0010000000000001455, 0.0010000000000000625, 0.0010000000000000438, 0.001000000000000024, 0.0010000000000000141, 0.0010000000000000033, 0.000999999999999997, 0.0009999999999999883, 0.0009999999999999768, 0.000999999999999952, 0.0009999999999999465, 0.0009999999999999397, 0.000999999999999921, 0.0009999999999998799]"
6,3,gated,8,8,44,60,5,,1.0287916399802732,3.3985553813585416,0.008477213320968877,0.009268914518568537,0.01257993690604032,0.5310772871539905,5.036429286173962e-16,9.232514312344979e-05,7.255272988834077e-06,4.196597414702263e-06,3.297851358560944e-07,5.094182271492385,6.686799121585761e-07,2.0276229564523565,5.0,6.907669448435019,69076.69448435018,"[0.9999916935188254, 0.9999872132662219, 0.9999789803072531, 0.9999698432135284, 0.9999141731364245, 0.0010000000000002067, 0.0010000000000001488, 0.0010000000000000453]"
6,4,hpp,20,20,20,60,5,,2.8654849780421277,5.5763316967247105,0.006755809196462222,0.0032229838318412456,0.0056475109966006255,0.1846636907072011,7.587487637299632e-16,8.006395777274814e-05,1.5817662344681252e-05,8.006395777274813e-06,1.5817662344681252e-06,5.095656854723083,4.3145812724311027e-07,0.27276984287642836,,,,"[0.9999970009799423, 0.9999950488922681, 0.999993288132825, 0.9999931767460432, 0.9999896227628448, 0.0010000000000002021, 0.001000000000000103, 0.0010000000000000718, 0.0010000000000000475, 0.0010000000000000243, 0.0010000000000000204, 0.0010000000000000152, 0.0010000000000000091, 0.0009999999999999953, 0.0009999999999999898, 0.0009999999999999718, 0.0009999999999999575, 0.0009999999999999376, 0.000999999999999917, 0.0009999999999997864]"
6,4,gated,8,8,44,60,5,,1.3562828977403338,3.5650782081145955,0.009055564224061516,0.006705066931581302,0.011118960113847961,0.38417491518669145,5.239082101707623e-16,9.225125582242772e-05,7.257891904063331e-06,4.1932389010194414e-06,3.299041774574241e-07,5.095584372543064,3.414912690921264e-07,1.0351225974887743,5.0,6.907710365008731,69077.1036500873,"[0.9999931741633495, 0.9999923318612307, 0.9999735852549352, 0.9999623140423788, 0.9999550870353653, 0.0010000000000001544, 0.0010000000000000577, 0.0010000000000000247]"
6,5,hpp,20,20,20,60,5,,2.7017089489539323,6.327647442387823,0.00648161548854811,0.004148053077980713,0.005540947405909291,0.23766661613014056,7.932796731542878e-16,8.006169512843744e-05,1.5813536520139723e-05,8.006169512843745e-06,1.5813536520139723e-06,5.097055058662321,4.223266105601235e-06,2.6706651609667387,,,,"[0.9999984435989774, 0.9999980394834325, 0.9999957064755989, 0.9999943281839287, 0.9999828108620067, 0.0010000000000001438, 0.0010000000000000623, 0.0010000000000000445, 0.0010000000000000247, 0.0010000000000000228, 0.0010000000000000167, 0.001000000000000002, 0.0009999999999999972, 0.000999999999999985, 0.0009999999999999762, 0.000999999999999969, 0.000999999999999957, 0.0009999999999999382, 0.0009999999999999287, 0.0009999999999998597]"
6,5,gated,8,8,44,60,5,,0.9332973098987046,4.034531862565378,0.008961857449688445,0.011174894731269654,0.013822309728685821,0.6402876314118026,5.638455252329552e-16,9.23990382795369e-05,7.268385322248429e-06,4.1999562854334955e-06,3.3038115101129224e-07,5.095829403667286,6.879104433159549e-07,2.082172185702091,5.0,6.9076305178057416,69076.30517805742,"[0.9999948579447512, 0.999990809378459, 0.9999862150551684, 0.9999620058256142, 0.999875246606017, 0.0010000000000000607, 0.001000000000000011, 0.0009999999999999907]"
6,6,hpp,20,20,20,60,5,,3.251494182392662,5.901411832041246,0.00648616596919117,0.0026652635843679943,0.004749446093325899,0.1527085354720483,9.357071206959306e-16,8.004518932771506e-05,1.5812470952071944e-05,8.004518932771506e-06,1.5812470952071945e-06,5.095532632265105,2.8369712983552356e-07,0.17941353422587636,,,,"[0.9999977352515574, 0.9999972786911134, 0.9999958801480271, 0.9999936677546909, 0.9999929034736552, 0.0010000000000001585, 0.0010000000000000594, 0.001000000000000048, 0.0010000000000000312, 0.0010000000000000293, 0.001000000000000005, 0.0009999999999999979, 0.0009999999999999911, 0.0009999999999999786, 0.000999999999999974, 0.0009999999999999508, 0.000999999999999922, 0.0009999999999998983, 0.0009999999999998296, 0.000999999999999794]"
6,6,gated,8,8,44,60,5,,1.0192637239691211,4.656549163385726,0.008487694774772426,0.009424191318954616,0.011542279550484084,0.5399743811062324,9.250399133196606e-16,9.227466583540452e-05,7.243737722365406e-06,4.194302992518387e-06,3.292608055620639e-07,5.0955394467697195,2.9100281736584417e-07,0.8838064307991002,5.0,6.9076665484788995,69076.66548478899,"[0.9999961324138668, 0.9999906545055692, 0.9999878845371903, 0.9999809641170029, 0.9999112734333655, 0.0010000000000001679, 0.0009999999999999976, 0.0009999999999999406]"
6,7,hpp,20,20,20,60,5,,2.3925313369581427,5.816684194203221,0.006440301739219207,0.003951593969155491,0.0056764653058581265,0.226410246020812,7.306067588124519e-16,8.006471032318147e-05,1.584236980379909e-05,8.006471032318147e-06,1.584236980379909e-06,5.093394002194864,2.579228950087154e-06,1.6280575330773055,,,,"[0.9999981231184691, 0.9999974694215308, 0.9999950846238979, 0.999992732279794, 0.9999844005201982, 0.0010000000000001707, 0.0010000000000000737, 0.0010000000000000633, 0.0010000000000000536, 0.0010000000000000406, 0.0010000000000000165, 0.0010000000000000063, 0.0009999999999999996, 0.0009999999999999887, 0.0009999999999999816, 0.0009999999999999567, 0.000999999999999948, 0.0009999999999999115, 0.000999999999999885, 0.0009999999999998465]"
6,7,gated,8,8,44,60,5,,1.5388818185090596,3.8674828828275865,0.008896272618672757,0.006892012161742022,0.009719703614194641,0.3948863354351349,4.808785852091122e-16,9.219166656487155e-05,7.252317940782342e-06,4.1905302984032524e-06,3.2965081549010643e-07,5.094363320800015,4.0536040368703896e-07,1.2296660121540175,5.0,6.9077078255244,69077.07825524399,"[0.9999947026043564, 0.9999908281074976, 0.999986903017979, 0.9999806404362621, 0.9999525476681936, 0.0010000000000000328, 0.000999999999999873, 0.0009999999999997823]"
6,8,hpp,20,20,20,60,5,,3.321624619455389,7.044622923659184,0.005782871654569794,0.0027266294886772345,0.004781581188395518,0.15622455557298795,6.651562390436209e-16,8.004581053852113e-05,1.584720837357786e-05,8.004581053852113e-06,1.5847208373577858e-06,5.095995908955606,9.9183464786591e-07,0.6258734185130055,,,,"[0.9999985782402895, 0.9999970372176242, 0.9999955917075505, 0.9999933792532524, 0.9999925729261382, 0.0010000000000001412, 0.0010000000000000996, 0.0010000000000000657, 0.0010000000000000456, 0.0010000000000000317, 0.001000000000000029, 0.001000000000000022, 0.0010000000000000115, 0.000999999999999998, 0.0009999999999999961, 0.0009999999999999905, 0.00099999999999997, 0.0009999999999999519, 0.000999999999999922, 0.0009999999999997864]"
6,8,gated,8,8,44,60,5,,0.6585246347197198,3.805170008025723,0.009493211388393031,0.014711111328919065,0.01673548500747535,0.842914996452526,7.099624398332898e-16,9.260787755645389e-05,7.325446989756113e-06,4.209448979838813e-06,3.329748631707324e-07,5.0949847349132265,2.3302287406071493e-10,0.0006998212172587717,5.0,6.907539055227762,69075.39055227762,"[0.9999934295011382, 0.9999898295038128, 0.9999887766351432, 0.9999643683576651, 0.9997837996202639, 0.0009999999999999684, 0.000999999999999876, 0.000999999999999675]"
6,9,hpp,20,20,20,60,5,,2.441241753111457,5.987856273520036,0.006665837341022797,0.0034653691547058747,0.00530732579845003,0.19855142441432394,7.9560352692864245e-16,8.005649439148647e-05,1.58253147123903e-05,8.005649439148647e-06,1.5825314712390302e-06,5.093620408847231,1.9032717487849576e-06,1.2026754496672387,,,,"[0.9999974548086291, 0.9999965237995004, 0.9999958356878744, 0.9999940429391679, 0.9999880032254048, 0.0010000000000001945, 0.0010000000000000829, 0.0010000000000000406, 0.0010000000000000373, 0.0010000000000000286, 0.0010000000000000198, 0.0010000000000000072, 0.0009999999999999994, 0.0009999999999999855, 0.0009999999999999612, 0.0009999999999999523, 0.0009999999999999397, 0.0009999999999999313, 0.0009999999999999213, 0.0009999999999996845]"
6,9,gated,8,8,44,60,5,,1.0203608007569178,5.171443799556585,0.009344745064272297,0.009448621782745697,0.012506940835655919,0.541374205898668,5.344715050462817e-16,9.232226155992174e-05,7.278908798075338e-06,4.196466434541897e-06,3.308594908216063e-07,5.094844917675847,2.4050527263373767e-08,0.07269106049716251,5.0,6.9076660878275,69076.660878275,"[0.9999969649367402, 0.9999888962774933, 0.9999844616475166, 0.9999625971698923, 0.9999108128228607, 0.0010000000000000859, 0.001000000000000018, 0.000999999999999737]"
7,0,hpp,20,20,20,60,5,,2.746562489853025,6.287685981430783,0.006039103434416356,0.0032007514972727975,0.0052926821453867035,0.18338986519721123,9.391093319310328e-16,8.005618162384507e-05,1.584484072147129e-05,8.005618162384506e-06,1.584484072147129e-06,5.094851257585233,2.2124305949208975e-08,0.013963097728857824,,,,"[0.9999977884290415, 0.9999975320221671, 0.9999958663640175, 0.9999910632783025, 0.9999897654346627, 0.0010000000000001121, 0.0010000000000000913, 0.0010000000000000748, 0.0010000000000000607, 0.0010000000000000443, 0.0010000000000000289, 0.0010000000000000247, 0.001000000000000017, 0.001000000000000008, 0.0010000000000000022, 0.000999999999999982, 0.0009999999999999736, 0.0009999999999999374, 0.0009999999999999204, 0.0009999999999998094]"
7,0,gated,8,8,44,60,5,,0.5055393059507987,3.868323828897951,0.009229330390309343,0.020360805577147992,0.024225971634568518,1.1666688460342318,6.13726634549099e-16,9.336537723653357e-05,7.54359854906065e-06,4.2438807834787985e-06,3.4289084313912046e-07,5.09486011303123,1.9568364030257463e-08,0.057068785655258886,5.0,6.9073410453578274,69073.41045357827,"[0.9999946881388933, 0.9999929357423408, 0.9999848875816006, 0.9998553255745732, 0.999585852158653, 0.0010000000000000597, 0.000999999999999979, 0.0009999999999999387]"
7,1,hpp,20,20,20,60,5,,3.698524056374954,6.185878899851085,0.006383180645341146,0.0027078942689926547,0.004774890398726235,0.15515110259386156,5.549805180711995e-16,8.004567584600597e-05,1.5871539445258666e-05,8.004567584600598e-06,1.5871539445258667e-06,5.09520630388755,4.2561294020142755e-08,0.02681610953174247,,,,"[0.9999983308203455, 0.9999962536709625, 0.9999958325567013, 0.9999941315319295, 0.9999926746413189, 0.001000000000000158, 0.0010000000000000846, 0.0010000000000000592, 0.0010000000000000404, 0.0010000000000000282, 0.0010000000000000189, 0.0010000000000000059, 0.0009999999999999985, 0.000999999999999986, 0.0009999999999999768, 0.0009999999999999588, 0.0009999999999999471, 0.0009999999999999447, 0.0009999999999999048, 0.0009999999999998448]"
7,1,gated,8,8,44,60,5,,1.190347928775944,5.014055077749984,0.009464832197491967,0.0076729208978188745,0.011413692304805169,0.43963029783286267,4.989052992035761e-16,9.226588666811485e-05,7.2975959689893514e-06,4.193903939459766e-06,3.3170890768133414e-07,5.093716007298536,1.6486372574015835e-06,4.9701326048964445,5.0,6.907696462411015,69076.96462411014,"[0.99999627853715, 0.9999915864255547, 0.9999827890863469, 0.9999580186926796, 0.9999411851586111, 0.001000000000000073, 0.000999999999999922, 0.0009999999999995943]"
7,2,hpp,20,20,20,60,5,,2.5113533948385003,6.545954567344142,0.006364573924213107,0.00349645208371425,0.004900285756310223,0.20033235585105344,7.184383745191179e-16,8.004816326160117e-05,1.5876198456807914e-05,8.004816326160116e-06,1.5876198456807914e-06,5.093657873925034,1.8013024010910625e-06,1.134593023633212,,,,"[0.9999978971682115, 0.9999974677281609, 0.9999967464061704, 0.9999961128617613, 0.9999877870480037, 0.001000000000000177, 0.0010000000000000837, 0.0010000000000000694, 0.0010000000000000401, 0.0010000000000000278, 0.0010000000000000172, 0.0010000000000000102, 0.0010000000000000093, 0.0009999999999999944, 0.0009999999999999861, 0.0009999999999999818, 0.0009999999999999619, 0.0009999999999999545, 0.000999999999999934, 0.0009999999999998708]"
7,2,gated,8,8,44,60,5,,1.4669822953995104,4.612505726435122,0.008687765004782858,0.006203012160822396,0.009279082965940327,0.35540869630634775,4.828248612631294e-16,9.217433599076134e-05,7.276636147700446e-06,4.189742545034606e-06,3.3075618853183846e-07,5.09557310908969,3.284540286907653e-07,0.99303970743135,5.0,6.907716839360705,69077.16839360705,"[0.9999952351902269, 0.9999938620647585, 0.9999885562295896, 0.9999747701186228, 0.9999615611174926, 0.001000000000000132, 0.0010000000000000026, 0.0009999999999997771]"
7,3,hpp,20,20,20,60,5,,3.294882400061901,6.462679735971958,0.005726898767480754,0.00265353131423419,0.004658165063009063,0.15203632353219176,6.291516012706545e-16,8.004346512539308e-05,1.585350530914835e-05,8.004346512539307e-06,1.585350530914835e-06,5.094080309790195,8.458300820021423e-07,0.5335287468027979,,,,"[0.9999978276037683, 0.9999976737552654, 0.9999954066894279, 0.9999944493354923, 0.9999929658127925, 0.00100000000000021, 0.001000000000000122, 0.001000000000000083, 0.0010000000000000718, 0.0010000000000000406, 0.0010000000000000178, 0.0010000000000000096, 0.0009999999999999983, 0.0009999999999999905, 0.0009999999999999827, 0.0009999999999999697, 0.000999999999999967, 0.0009999999999999508, 0.0009999999999998985, 0.0009999999999998287]"
7,3,gated,8,8,44,60,5,,0.8168875568323017,5.04012903014626,0.008547616603037675,0.012433001466092438,0.01403604470352108,0.7123768646372283,4.636153467575935e-16,9.241820287557202e-05,7.301084627887514e-06,4.200827403435092e-06,3.3186748308579607e-07,5.0943034119499275,4.852349114972337e-07,1.4621345453473917,5.0,6.907600842111085,69076.00842111085,"[0.9999967686607182, 0.9999959338966528, 0.999989014214188, 0.9999758946340034, 0.9998455750540688, 0.0010000000000003604, 0.001000000000000077, 0.001000000000000052]"
7,4,hpp,20,20,20,60,5,,3.1098522937654116,5.379614648068838,0.006496738672763282,0.0025366486739307158,0.004579123698482273,0.14533941899048153,6.722787994486511e-16,8.004199393824669e-05,1.5882663271999754e-05,8.00419939382467e-06,1.5882663271999754e-06,5.093861417455735,1.2963702100936318e-06,0.8162171468931535,,,,"[0.9999976434512936, 0.9999970916385497, 0.9999960702669444, 0.9999946753896481, 0.9999935718480916, 0.0010000000000002318, 0.0010000000000001455, 0.0010000000000000694, 0.0010000000000000447, 0.001000000000000034, 0.0010000000000000278, 0.0010000000000000232, 0.0010000000000000028, 0.0009999999999999929, 0.0009999999999999818, 0.0009999999999999788, 0.0009999999999999606, 0.000999999999999944, 0.0009999999999999378, 0.0009999999999998972]"
7,4,gated,8,8,44,60,5,,0.9305690081264821,4.623129441669843,0.00967067686037442,0.009416866715520951,0.011862255141153421,0.5395546936195923,5.787680658066841e-16,9.229002441728095e-05,7.285729234001645e-06,4.195001109876407e-06,3.311695106364384e-07,5.0957078535405875,5.01056634928939e-07,1.512991440443938,5.0,6.907666686356468,69076.66686356468,"[0.999996131705352, 0.9999919407354135, 0.9999886185978285, 0.9999713252788268, 0.9999114112986407, 0.0010000000000000991, 0.0010000000000000048, 0.000999999999999783]"
7,5,hpp,20,20,20,60,5,,3.70794078525011,6.037722683099384,0.006192408131793306,0.0024109646839990573,0.004216361432520249,0.13813823477564557,7.448928054519852e-16,8.003559467777624e-05,1.5893056810254013e-05,8.003559467777623e-06,1.5893056810254012e-06,5.094068172700255,8.683021165412697e-07,0.5463405353091366,,,,"[0.9999983784782731, 0.999997827507531, 0.9999964061633473, 0.9999954348627785, 0.9999941930620426, 0.0010000000000001982, 0.00100000000000009, 0.0010000000000000492, 0.0010000000000000317, 0.0010000000000000265, 0.0010000000000000254, 0.0010000000000000028, 0.0009999999999999983, 0.0009999999999999929, 0.0009999999999999675, 0.0009999999999999551, 0.0009999999999999423, 0.0009999999999999352, 0.0009999999999999196, 0.0009999999999998866]"
7,5,gated,8,8,44,60,5,,1.0561140491170253,4.066016254936661,0.008772133831258189,0.008762178625513754,0.012844259913428503,0.5020422788355409,4.867065010862445e-16,9.233883292298527e-05,7.277083136677374e-06,4.197219678317513e-06,3.307765062126079e-07,5.094841793057846,2.5029436544301296e-08,0.07566872517908974,5.0,6.907678577041994,69076.78577041994,"[0.9999938117664785, 0.9999917958307154, 0.9999790669162592, 0.9999472144473263, 0.9999233010015088, 0.001000000000000133, 0.0010000000000000783, 0.0010000000000000627]"
7,6,hpp,20,20,20,60,5,,3.3204559117035815,5.85771291778878,0.006356414456487766,0.002727768787360889,0.004562620233045417,0.15628983282192013,9.724441352821303e-16,8.004170064215949e-05,1.5889827087767964e-05,8.004170064215948e-06,1.5889827087767965e-06,5.095934923238804,8.740814624650151e-07,0.5500887187991401,,,,"[0.9999983272283787, 0.9999973098308846, 0.999996359233499, 0.9999946403031832, 0.999992566718165, 0.0010000000000001232, 0.0010000000000000985, 0.0010000000000000456, 0.0010000000000000408, 0.0010000000000000256, 0.0010000000000000122, 0.0010000000000000026, 0.0009999999999999896, 0.0009999999999999835, 0.0009999999999999651, 0.0009999999999999593, 0.0009999999999999432, 0.0009999999999999174, 0.0009999999999998521, 0.0009999999999998224]"
7,6,gated,8,8,44,60,5,,1.1446930209669957,4.642992884985731,0.00906323122819731,0.008645593675620122,0.010343716521382152,0.4953622002098387,7.919036116189115e-16,9.221965060411598e-05,7.285419752908834e-06,4.19180230018709e-06,3.3115544331403794e-07,5.0957077779745354,5.009496612441371e-07,1.51273267994898,5.0,6.90768060465021,69076.8060465021,"[0.9999953384423128, 0.9999944007728572, 0.9999912319080344, 0.9999868149415067, 0.9999253284562861, 0.0010000000000001544, 0.0010000000000000295, 0.000999999999999922]"
7,7,hpp,20,20,20,60,5,,2.4205261654970225,5.224755916732444,0.00625818586829425,0.0038599362372856274,0.006079908888404385,0.22115860476603952,1.0936958689082756e-15,8.007421821917711e-05,1.585383450558748e-05,8.00742182191771e-06,1.5853834505587482e-06,5.094043062156957,9.157300354387881e-07,0.5776079188388467,,,,"[0.9999972277403274, 0.9999952210307951, 0.999994250221909, 0.9999912568888161, 0.9999851157913524, 0.0010000000000001173, 0.0010000000000000779, 0.0010000000000000655, 0.0010000000000000542, 0.0010000000000000378, 0.0010000000000000354, 0.0010000000000000167, 0.001000000000000005, 0.0009999999999999987, 0.0009999999999999786, 0.0009999999999999731, 0.0009999999999999588, 0.0009999999999999532, 0.000999999999999934, 0.0009999999999998615]"
7,7,gated,8,8,44,60,5,,0.8995632723831148,4.117426130985853,0.00810198943414311,0.010661749648561033,0.014757882600383682,0.6108848309693601,4.6431231157538365e-16,9.245239973938413e-05,7.317738367645205e-06,4.202381806335643e-06,3.326244712566002e-07,5.094314009193871,4.7058338608676727e-07,1.4147587647685125,5.0,6.907641713301074,69076.41713301073,"[0.999994870295081, 0.9999848648764137, 0.9999752514828889, 0.99994099527453, 0.9998864407673361, 0.0010000000000000614, 0.0009999999999999666, 0.0009999999999998075]"
7,8,hpp,20,20,20,60,5,,2.987567635102522,5.540394059534896,0.006304461269188577,0.0029317244984307872,0.004919624099048167,0.16797568108118033,6.76775589586057e-16,8.004849852909515e-05,1.5890532985284575e-05,8.004849852909515e-06,1.5890532985284575e-06,5.095177945906086,3.16647454945839e-08,0.019926798883276624,,,,"[0.9999976230137205, 0.9999965802291467, 0.9999962173086043, 0.9999939873634787, 0.9999914135864748, 0.0010000000000001488, 0.0010000000000000779, 0.0010000000000000473, 0.0010000000000000347, 0.0010000000000000289, 0.0010000000000000247, 0.0010000000000000109, 0.0010000000000000035, 0.0009999999999999944, 0.0009999999999999922, 0.0009999999999999755, 0.000999999999999962, 0.0009999999999999439, 0.0009999999999999313, 0.0009999999999996353]"
7,8,gated,8,8,44,60,5,,1.0169810620964108,4.542844478744471,0.008730492531951814,0.010124242143709713,0.012431129198187145,0.5800862557247027,6.675643249205521e-16,9.232018218429209e-05,7.297071420962498e-06,4.196371917467822e-06,3.3168506458920445e-07,5.094742405204597,6.635507861625052e-08,0.20005446642112754,5.0,6.9076528759603555,69076.52875960355,"[0.9999959448503989, 0.9999922151630238, 0.9999852828884669, 0.9999745764366456, 0.9998976022212933, 0.001000000000000064, 0.0009999999999999983, 0.0009999999999998812]"
7,9,hpp,20,20,20,60,5,,2.4576070836168467,4.932026572732218,0.006221924485742922,0.003943369087457839,0.0062451758656951704,0.22593899134083748,7.417803178814322e-16,8.007835262973218e-05,1.5841203538008062e-05,8.007835262973217e-06,1.5841203538008062e-06,5.0956244932685015,3.89991842409583e-07,0.24618826560360085,,,,"[0.9999971254467854, 0.9999964787327976, 0.999994577676872, 0.9999883895337711, 0.9999844653903994, 0.0010000000000001709, 0.0010000000000000724, 0.0010000000000000575, 0.001000000000000038, 0.0010000000000000271, 0.001000000000000015, 0.0010000000000000052, 0.0009999999999999987, 0.0009999999999999864, 0.0009999999999999742, 0.0009999999999999694, 0.0009999999999999484, 0.0009999999999999278, 0.0009999999999999267, 0.000999999999999887]"
7,9,gated,8,8,44,60,5,,0.9316246280578012,3.725507908197956,0.009599811530948027,0.010795007811393056,0.01264426398600706,0.6185204007234232,5.43453394677465e-16,9.233363267273594e-05,7.301957552197262e-06,4.196983303306179e-06,3.319071614635119e-07,5.095824011863857,6.789955517846791e-07,2.0457393832381174,5.0,6.907638856543733,69076.38856543733,"[0.999994596877481, 0.999993541679534, 0.9999905981661589, 0.9999779614039436, 0.9998835843385451, 0.00100000000000012, 0.0010000000000001039, 0.0009999999999997966]"
8,0,hpp,20,20,20,60,5,,2.633013794584281,6.443265707168921,0.0068680327841799255,0.0034500435028000276,0.005185860120427939,0.19767332399264087,7.849690586988024e-16,8.00539398209054e-05,1.5843221294891297e-05,8.00539398209054e-06,1.5843221294891297e-06,5.096781119608166,3.172387058610268e-06,2.0023623981274663,,,,"[0.9999984806260909, 0.9999968359389367, 0.9999954205174875, 0.9999942875628132, 0.9999881091026288, 0.0010000000000001718, 0.0010000000000000779, 0.001000000000000068, 0.0010000000000000453, 0.0010000000000000351, 0.0010000000000000304, 0.0010000000000000202, 0.0010000000000000159, 0.0009999999999999996, 0.0009999999999999853, 0.0009999999999999725, 0.0009999999999999658, 0.0009999999999999612, 0.0009999999999999278, 0.000999999999999884]"
8,0,gated,8,8,44,60,5,,1.175093314794632,4.0958300681135436,0.008695041858493714,0.007622326143406703,0.01127646412788041,0.43673134716377016,4.724042439651629e-16,9.225952048933368e-05,7.259560195558813e-06,4.193614567696985e-06,3.2998000888903696e-07,5.095330842795866,1.0945695557932164e-07,0.33170783875010124,5.0,6.90769723554147,69076.97235541469,"[0.9999951967146112, 0.9999935841040791, 0.9999844511687149, 0.9999577782839905, 0.9999419582440194, 0.0010000000000001995, 0.0010000000000000035, 0.000999999999999984]"
8,1,hpp,20,20,20,60,5,,3.0797508744015896,6.489015663244267,0.005879631819982452,0.003253256290484363,0.005253366998895629,0.18639818391647234,6.717794807155943e-16,8.005534222545067e-05,1.5828802609572684e-05,8.005534222545067e-06,1.5828802609572684e-06,5.097758892478132,7.611487705919622e-06,4.808631387769325,,,,"[0.9999981465637232, 0.9999974631257781, 0.9999942274994967, 0.9999931656368576, 0.9999894269071852, 0.0010000000000001698, 0.0010000000000001186, 0.0010000000000000692, 0.0010000000000000527, 0.001000000000000036, 0.0010000000000000245, 0.0010000000000000204, 0.0010000000000000044, 0.0009999999999999968, 0.0009999999999999894, 0.0009999999999999673, 0.0009999999999999619, 0.0009999999999999523, 0.000999999999999934, 0.0009999999999998849]"
8,1,gated,8,8,44,60,5,,1.2937933552465795,5.448900514742223,0.008718556724485358,0.007052090218622673,0.010791292919757382,0.40405835542319785,4.624216751691994e-16,9.223696899110325e-05,7.240907171541031e-06,4.192589499595602e-06,3.2913214416095593e-07,5.0950863604134655,7.45812101474564e-09,0.02265995937211889,5.0,6.907705595503364,69077.05595503363,"[0.9999972927901845, 0.9999946648159032, 0.9999768650877786, 0.9999645239997302, 0.9999503177555246, 0.0010000000000000943, 0.000999999999999949, 0.0009999999999998122]"
8,2,hpp,20,20,20,60,5,,2.1402419773795174,5.940498904516344,0.006337804653141483,0.004415623202087447,0.005599876511150216,0.2529973955499397,6.264494654935994e-16,8.006307743568877e-05,1.5778548712695022e-05,8.006307743568876e-06,1.5778548712695022e-06,5.094246322557236,5.680296877240869e-07,0.3600012257572615,,,,"[0.9999986734159795, 0.9999979391699417, 0.9999966942008909, 0.9999948441854001, 0.9999805217694658, 0.0010000000000002036, 0.0010000000000001269, 0.0010000000000000941, 0.0010000000000000612, 0.0010000000000000562, 0.0010000000000000388, 0.001000000000000033, 0.0010000000000000215, 0.0009999999999999996, 0.0009999999999999955, 0.000999999999999984, 0.0009999999999999705, 0.0009999999999999196, 0.0009999999999999014, 0.0009999999999998868]"
8,2,gated,8,8,44,60,5,,1.1357849230728156,5.072876305745555,0.008592262759110212,0.008960977648034999,0.011537519898381587,0.5134330710704781,6.879041941497057e-16,9.227346122029135e-05,7.2460783852715814e-06,4.19424823728597e-06,3.2936719933052644e-07,5.09386684290252,1.284045007559656e-06,3.898521195096576,5.0,6.907675056942923,69076.75056942922,"[0.9999964067929377, 0.9999930841748567, 0.9999862977320361, 0.9999714488704181, 0.9999197811787114, 0.0010000000000002242, 0.0009999999999999534, 0.0009999999999998662]"
8,3,hpp,20,20,20,60,5,,2.6415138803397045,5.870983528122852,0.0060490006846267794,0.003729879944723452,0.005476348468688037,0.2137068744402588,7.2021759424821855e-16,8.006019491890688e-05,1.582184107658523e-05,8.006019491890687e-06,1.582184107658523e-06,5.097822774368591,7.968055136002632e-06,5.036111219568859,,,,"[0.9999980233931731, 0.9999966640318517, 0.9999966429980227, 0.9999926072671923, 0.9999861019076023, 0.0010000000000000998, 0.0010000000000000768, 0.0010000000000000581, 0.0010000000000000393, 0.0010000000000000228, 0.0010000000000000091, 0.001000000000000002, 0.0009999999999999907, 0.0009999999999999794, 0.0009999999999999697, 0.0009999999999999645, 0.0009999999999999564, 0.00099999999999994, 0.0009999999999998838, 0.000999999999999585]"
8,3,gated,8,8,44,60,5,,1.1640996743044716,3.193688305028661,0.008269766978556118,0.007853679802781404,0.012581913380668133,0.44998733231861526,5.013780304210194e-16,9.232408435928608e-05,7.273125113148889e-06,4.196549289058458e-06,3.305965960522222e-07,5.0955256930354835,2.76353167560816e-07,0.8359226043487825,5.0,6.907693658477362,69076.93658477362,"[0.9999919434717511, 0.9999899696282055, 0.9999801837148089, 0.9999413755516187, 0.9999383813938418, 0.0010000000000001128, 0.0009999999999999905, 0.0009999999999999417]"
8,4,hpp,20,20,20,60,5,,2.778315719977324,5.462863152390324,0.006261977098190585,0.003675349886664499,0.005588324709678639,0.21058251083990856,5.79147426244303e-16,8.006266810834982e-05,1.5836775509407558e-05,8.006266810834983e-06,1.5836775509407557e-06,5.096005012637709,1.0100504019651153e-06,0.637787914190684,,,,"[0.9999974943916972, 0.9999965633556555, 0.9999952290868587, 0.999993009710694, 0.9999865053114074, 0.0010000000000003064, 0.001000000000000154, 0.00100000000000008, 0.001000000000000056, 0.0010000000000000406, 0.0010000000000000282, 0.0010000000000000254, 0.001000000000000004, 0.0009999999999999933, 0.000999999999999984, 0.0009999999999999777, 0.0009999999999999634, 0.0009999999999999471, 0.0009999999999999022, 0.0009999999999998213]"
8,4,gated,8,8,44,60,5,,1.0654549975619505,4.585996339551122,0.00901086775430985,0.009728987140559593,0.012453732965311999,0.5574386962188423,4.930226142338273e-16,9.232016459112069e-05,7.262956667373538e-06,4.1963711177782135e-06,3.3013439397152446e-07,5.095081598400508,6.65829896626636e-09,0.020168449843007474,5.0,6.907660715973384,69076.60715973383,"[0.999995799014006, 0.9999929476585074, 0.9999812815458908, 0.9999695899498807, 0.9999054414624095, 0.0010000000000002227, 0.0010000000000000312, 0.0009999999999998528]"
8,5,hpp,20,20,20,60,5,,2.6457213357883465,5.703966399747803,0.006490757448295985,0.0030446173382762754,0.005236532457877043,0.17444399322338722,7.132033482437494e-16,8.005498232628858e-05,1.586291203529785e-05,8.005498232628859e-06,1.5862912035297851e-06,5.093714618885397,1.652204609767123e-06,1.0415518954468566,,,,"[0.9999980327385084, 0.9999971735163263, 0.9999953346954807, 0.999991325623815, 0.9999907395749581, 0.0010000000000001392, 0.0010000000000000926, 0.0010000000000000698, 0.001000000000000042, 0.0010000000000000267, 0.0010000000000000113, 0.0010000000000000007, 0.0009999999999999937, 0.0009999999999999848, 0.000999999999999963, 0.0009999999999999536, 0.0009999999999999458, 0.0009999999999999374, 0.00099999999999975, 0.0009999999999997318]"
8,5,gated,8,8,44,60,5,,1.2175384895820287,4.117721041284232,0.009128440749217372,0.0075716768988125125,0.009883526971995845,0.43382927546576866,9.42969032940413e-16,9.219893038821474e-05,7.245658196935279e-06,4.190860472191579e-06,3.293480998606945e-07,5.094700964051993,8.942249819742959e-08,0.27151363021451447,5.0,6.90769800438115,69076.98004381149,"[0.9999946641301576, 0.9999928447692132, 0.9999883956455826, 0.9999837819945141, 0.9999427270392309, 0.0010000000000000599, 0.0009999999999999727, 0.0009999999999998966]"
8,6,hpp,20,20,20,60,5,,2.1100268472880948,6.176198498974372,0.0060825882377554775,0.004459055944499407,0.006039952730956759,0.25548593288276833,8.45823930525027e-16,8.007336792654418e-05,1.5829841213847506e-05,8.007336792654417e-06,1.5829841213847506e-06,5.094734733489546,7.036632156579082e-08,0.044451691343711214,,,,"[0.9999981789266789, 0.9999969900290115, 0.9999953228418306, 0.999992926951252, 0.9999801367032635, 0.001000000000000131, 0.0010000000000000683, 0.0010000000000000516, 0.0010000000000000406, 0.0010000000000000276, 0.0010000000000000152, 0.0010000000000000059, 0.0009999999999999955, 0.000999999999999988, 0.000999999999999972, 0.000999999999999961, 0.0009999999999999573, 0.000999999999999931, 0.0009999999999999046, 0.0009999999999998252]"
8,6,gated,8,8,44,60,5,,0.6750685974561207,4.393230643438955,0.008343748749105392,0.014396817496257206,0.01573600976539595,0.8249053787592948,4.854375358417116e-16,9.253809572586997e-05,7.306147154163631e-06,4.206277078448635e-06,3.3209759791652865e-07,5.095504377634316,2.5439679800278524e-07,0.7660302260503757,5.0,6.907548196456267,69075.48196456266,"[0.9999951328691572, 0.999992085908156, 0.9999881497756505, 0.9999843181513689, 0.9997929389143331, 0.0010000000000000972, 0.0009999999999999842, 0.000999999999999934]"
8,7,hpp,20,20,20,60,5,,2.426921201159673,5.703382955162306,0.006405615347331935,0.003711798490913036,0.005498845828076078,0.21267087627790915,7.42110163287306e-16,8.006067583792796e-05,1.583327743381935e-05,8.006067583792796e-06,1.5833277433819349e-06,5.094690901642342,9.554179470393522e-08,0.06034239916737716,,,,"[0.9999971730345847, 0.9999964175575874, 0.9999957235883242, 0.9999942424219566, 0.9999862363294106, 0.0010000000000002756, 0.0010000000000000727, 0.0010000000000000623, 0.0010000000000000555, 0.0010000000000000486, 0.0010000000000000317, 0.0010000000000000267, 0.00100000000000001, 0.0009999999999999903, 0.0009999999999999812, 0.000999999999999967, 0.0009999999999999543, 0.0009999999999999406, 0.0009999999999998955, 0.0009999999999998435]"
8,7,gated,8,8,44,60,5,,1.1889798107387257,5.456134296075419,0.009039130724431505,0.00827280446877992,0.011278068638732422,0.4740021876320646,6.754936430227078e-16,9.22601792085952e-05,7.242367934735747e-06,4.1936445094816004e-06,3.291985424879885e-07,5.094210809726427,6.228212878952933e-07,1.8919320941951565,5.0,6.90768690579016,69076.8690579016,"[0.9999973259142149, 0.999993947922773, 0.9999812215522655, 0.9999688078278424, 0.9999316291455146, 0.0010000000000000978, 0.001000000000000039, 0.0010000000000000187]"
8,8,hpp,20,20,20,60,5,,1.9475053685954435,5.850749475875314,0.0065135831641985375,0.005269672701527594,0.007182467764078088,0.3019314026353463,7.568696507249029e-16,8.010406293932712e-05,1.584813310738227e-05,8.010406293932711e-06,1.5848133107382268e-06,5.094977260143225,5.17101085921827e-10,0.000326285173413236,,,,"[0.9999977008649648, 0.9999969159020388, 0.9999950687508992, 0.9999865199076877, 0.9999722583190691, 0.0010000000000001728, 0.0010000000000001212, 0.0010000000000000946, 0.0010000000000000584, 0.0010000000000000469, 0.0010000000000000373, 0.0010000000000000263, 0.0010000000000000135, 0.0009999999999999992, 0.0009999999999999948, 0.0009999999999999829, 0.0009999999999999705, 0.0009999999999999612, 0.000999999999999945, 0.0009999999999999055]"
8,8,gated,8,8,44,60,5,,0.718457183779267,3.690749533198482,0.009465045044815887,0.012202395526636963,0.014566686371805691,0.6991631150757829,6.116698801809074e-16,9.244729734493018e-05,7.275843843539058e-06,4.202149879315008e-06,3.3072017470632085e-07,5.094762658388332,5.633104062710652e-08,0.1703284073223789,5.0,6.907606518359688,69076.06518359687,"[0.9999931049443959, 0.9999886164556234, 0.9999814819050203, 0.9999735700895892, 0.9998512504418686, 0.0010000000000000048, 0.0009999999999999872, 0.0009999999999997977]"
8,9,hpp,20,20,20,60,5,,2.622038182519539,6.086400897825808,0.006025545286331048,0.00310899191746033,0.005164769461483248,0.1781324023778232,1.0197512091918558e-15,8.005347251909843e-05,1.580368338608798e-05,8.005347251909843e-06,1.580368338608798e-06,5.0950106138549245,1.1265391645758643e-10,7.12833291489223e-05,,,,"[0.999997659776749, 0.999996730267827, 0.9999953081699451, 0.9999933097816434, 0.9999903438350878, 0.0010000000000002004, 0.0010000000000001054, 0.0010000000000000822, 0.0010000000000000547, 0.0010000000000000427, 0.0010000000000000174, 0.0010000000000000067, 0.0009999999999999924, 0.0009999999999999799, 0.0009999999999999634, 0.0009999999999999501, 0.0009999999999999354, 0.0009999999999999222, 0.0009999999999998977, 0.00099999999999989]"
8,9,gated,8,8,44,60,5,,0.7009806402197764,4.2786700179825194,0.008237539598919595,0.013072059832774909,0.016948791761270218,0.7489951902201079,2.831686101472085e-16,9.260973289812315e-05,7.3009167461466725e-06,4.209533313551053e-06,3.31859852097576e-07,5.094969441369516,9.338298967768062e-10,0.0028139285028736596,5.0,6.907584556540273,69075.84556540273,"[0.999995103227118, 0.9999883723778471, 0.9999776039377397, 0.9999226540461944, 0.9998292921304768, 0.0010000000000000935, 0.001000000000000014, 0.0009999999999999304]"
9,0,hpp,20,20,20,60,5,,3.0467422713005963,5.525850347948096,0.0070272188288290445,0.0030398532991921918,0.005251130316103229,0.1741710326272788,6.455230079030103e-16,8.005527359647285e-05,1.5851288094688033e-05,8.005527359647284e-06,1.5851288094688034e-06,5.096350576974441,1.8240581639024054e-06,1.1507318225536953,,,,"[0.9999972760199924, 0.9999967695050498, 0.9999943365464249, 0.9999933026006778, 0.9999907685326279, 0.001000000000000083, 0.0010000000000000742, 0.0010000000000000395, 0.0010000000000000276, 0.0010000000000000232, 0.0010000000000000076, 0.0010000000000000044, 0.0009999999999999911, 0.000999999999999981, 0.0009999999999999692, 0.0009999999999999608, 0.00099999999999996, 0.0009999999999999176, 0.0009999999999998964, 0.000999999999999769]"
9,0,gated,8,8,44,60,5,,1.9143778639879887,4.172662711966012,0.008925059033747147,0.005213693908630241,0.008914540022921944,0.29872400999742205,6.928260659580751e-16,9.216042710629899e-05,7.255972597165524e-06,4.18911032301359e-06,3.2981693623479655e-07,5.095378444182242,1.4321999907658017e-07,0.43424088741950445,5.0,6.907728123191858,69077.28123191858,"[0.9999951427968141, 0.9999928110080852, 0.9999836323275233, 0.9999761797343493, 0.9999728445784317, 0.000999999999999996, 0.0009999999999998773, 0.000999999999999816]"
9,1,hpp,20,20,20,60,5,,2.366985898301028,6.087016350374658,0.006650303280176374,0.0038823750420484675,0.005450882179023444,0.22244426320967106,6.005063139872171e-16,8.00596656293698e-05,1.5815883434114583e-05,8.00596656293698e-06,1.5815883434114583e-06,5.096437983303168,2.0677959802024686e-06,1.3074173117274428,,,,"[0.9999986785585194, 0.9999972283888687, 0.9999968788615047, 0.9999925895498251, 0.9999849422368685, 0.001000000000000273, 0.0010000000000001037, 0.0010000000000000675, 0.001000000000000045, 0.001000000000000032, 0.0010000000000000174, 0.0010000000000000141, 0.0010000000000000028, 0.0009999999999999913, 0.000999999999999984, 0.0009999999999999777, 0.0009999999999999627, 0.0009999999999999315, 0.0009999999999999029, 0.0009999999999998628]"
9,1,gated,8,8,44,60,5,,0.45593566928494705,5.9663367803866265,0.008957247205956751,0.021505908576492712,0.023090152437459054,1.2322927985573437,6.730215051737597e-16,9.328108556435049e-05,7.525296228719746e-06,4.240049343834113e-06,3.420589194872612e-07,5.094394612822637,3.6649363450938835e-07,1.0714342285204965,5.0,6.907293130608425,69072.93130608424,"[0.9999976006433928, 0.9999908726746876, 0.9999866969089997, 0.9999542493880701, 0.9995379584004029, 0.0010000000000000048, 0.0009999999999998732, 0.0009999999999997045]"
9,2,hpp,20,20,20,60,5,,2.9647895198565184,5.7271640396357135,0.006275549611961143,0.003279841470484486,0.005579554657275632,0.18792141065481632,6.193527865973366e-16,8.006245375039158e-05,1.5831842623395478e-05,8.006245375039158e-06,1.5831842623395478e-06,5.093958573204052,1.0845697713087762e-06,0.6850559325962823,,,,"[0.999997849358652, 0.9999962907244171, 0.9999954218775022, 0.9999900843433969, 0.9999892533972893, 0.0010000000000002173, 0.0010000000000001399, 0.001000000000000065, 0.0010000000000000453, 0.0010000000000000395, 0.0010000000000000265, 0.0010000000000000122, 0.0009999999999999983, 0.0009999999999999942, 0.0009999999999999773, 0.0009999999999999627, 0.0009999999999999504, 0.0009999999999999306, 0.000999999999999913, 0.000999999999999905]"
9,2,gated,8,8,44,60,5,,0.49232799807015853,3.8613882356533282,0.008837403873529152,0.02019221935610888,0.02140962700399272,1.1570075808174018,5.004814545328278e-16,9.308253676166326e-05,7.465323913444539e-06,4.231024398257421e-06,3.3933290515657e-07,5.094967239923112,1.0732226373959636e-09,0.0031627426078846468,5.0,6.907347878008641,69073.4787800864,"[0.9999934504668345, 0.9999905972534444, 0.9999885903294022, 0.9999767661907988, 0.9995926820031974, 0.0010000000000001863, 0.001000000000000008, 0.0009999999999999454]"
9,3,hpp,20,20,20,60,5,,3.0546853808564403,6.594494565285957,0.00653683779462185,0.0032724413237950906,0.005202596659985336,0.18749741120631444,5.422128595084837e-16,8.00542830138733e-05,1.5813271615415197e-05,8.00542830138733e-06,1.5813271615415198e-06,5.097339757883882,5.474466955208594e-06,3.4619445541376384,,,,"[0.999998302316167, 0.9999979241461963, 0.9999948342489479, 0.9999925975070391, 0.9999893018366542, 0.0010000000000001228, 0.0010000000000000774, 0.0010000000000000475, 0.0010000000000000365, 0.0010000000000000239, 0.0010000000000000156, 0.001000000000000008, 0.000999999999999992, 0.0009999999999999874, 0.0009999999999999799, 0.0009999999999999642, 0.0009999999999999569, 0.0009999999999999352, 0.0009999999999998498, 0.0009999999999998302]"
9,3,gated,8,8,44,60,5,,0.76388110790778,4.405148361898793,0.0091243522876014,0.013668546041693886,0.014939319204862635,0.7831743881946605,4.0133490083527503e-16,9.24812204934527e-05,7.293741433406634e-06,4.203691840611487e-06,3.3153370151848336e-07,5.094727669574251,7.416386078611064e-08,0.22369931155242126,5.0,6.907568619240544,69075.68619240544,"[0.9999960514710072, 0.9999942624559137, 0.9999922453470361, 0.9999811229727401, 0.9998133576782566, 0.0010000000000000044, 0.0009999999999999083, 0.000999999999999881]"
9,4,hpp,20,20,20,60,5,,2.8511535569091895,5.731280632928406,0.006025427572703275,0.0037663220400237203,0.00549925574134331,0.21579486736407957,6.864420526538267e-16,8.006070082034237e-05,1.5887910821005795e-05,8.006070082034237e-06,1.5887910821005794e-06,5.096486096855669,2.208483864442901e-06,1.3900404460497162,,,,"[0.9999980855596057, 0.9999967376650564, 0.9999958985929287, 0.9999932376070406, 0.9999858290034721, 0.0010000000000002396, 0.0010000000000000976, 0.001000000000000075, 0.0010000000000000616, 0.0010000000000000453, 0.0010000000000000254, 0.0010000000000000126, 0.001000000000000007, 0.0009999999999999918, 0.000999999999999983, 0.000999999999999973, 0.000999999999999963, 0.0009999999999999415, 0.0009999999999999165, 0.0009999999999998532]"
9,4,gated,8,8,44,60,5,,0.7987240153835875,4.757070870572637,0.008261018542738738,0.012115414948907862,0.014528447875846515,0.6941791266432318,7.215261901575139e-16,9.244483793049903e-05,7.2863588386571335e-06,4.202038087749956e-06,3.311981290298697e-07,5.095764694780171,5.847581068281503e-07,1.7655839679438916,5.0,6.907608631733627,69076.08631733626,"[0.9999953620979305, 0.9999941447090063, 0.9999804367051405, 0.9999658282621424, 0.9998533635038952, 0.0010000000000002234, 0.0009999999999999972, 0.0009999999999998894]"
9,5,hpp,20,20,20,60,5,,1.9744011863722477,5.320123686064002,0.006488980359480416,0.0047938879042031925,0.006775001334571875,0.2746705964272085,7.595512820101836e-16,8.009240529587754e-05,1.5866883887618147e-05,8.009240529587754e-06,1.5866883887618147e-06,5.094658954928462,1.1631174081686383e-07,0.07330471543163472,,,,"[0.9999972441782259, 0.9999963708045745, 0.9999941574077451, 0.9999893312468909, 0.9999770416201228, 0.001000000000000138, 0.001000000000000088, 0.0010000000000000553, 0.0010000000000000469, 0.001000000000000035, 0.0010000000000000202, 0.001000000000000017, 0.0009999999999999972, 0.0009999999999999844, 0.0009999999999999777, 0.0009999999999999642, 0.0009999999999999421, 0.000999999999999935, 0.0009999999999999176, 0.0009999999999998426]"
9,5,gated,8,8,44,60,5,,0.8776343323930902,4.464613787085675,0.008951641523845796,0.01115833803508842,0.01271770501137121,0.6393389434485561,4.841325089816009e-16,9.233901878787813e-05,7.272869871371344e-06,4.197228126721733e-06,3.305849941532429e-07,5.095671763741101,4.5126652386413473e-07,1.3650544696379951,5.0,6.907630887246624,69076.30887246624,"[0.9999952281095411, 0.9999925795218481, 0.9999879811696434, 0.9999870169174281, 0.999875616000802, 0.000999999999999984, 0.000999999999999907, 0.0009999999999998534]"
9,6,hpp,20,20,20,60,5,,2.3266760501731145,6.557960692358003,0.006800003418986876,0.003547636960287933,0.005057116247085942,0.20326505144374774,7.140885996784069e-16,8.005130456955395e-05,1.589828409180262e-05,8.005130456955396e-06,1.589828409180262e-06,5.093588200294732,1.993178407780554e-06,1.2537066241055945,,,,"[0.9999984822460939, 0.9999972903104752, 0.9999962865350258, 0.9999949652003648, 0.9999874268577263, 0.0010000000000001368, 0.0010000000000000926, 0.00100000000000005, 0.0010000000000000386, 0.0010000000000000286, 0.0010000000000000206, 0.0010000000000000037, 0.0009999999999999974, 0.00099999999999999, 0.0009999999999999794, 0.0009999999999999658, 0.000999999999999953, 0.0009999999999999129, 0.0009999999999998252, 0.000999999999999788]"
9,6,gated,8,8,44,60,5,,0.6378833150043759,5.192521589726639,0.009862683324579548,0.01541946656985414,0.017714208309497218,0.8835053695197896,4.749108844612122e-16,9.268573739923917e-05,7.344470396907019e-06,4.212988063601781e-06,3.338395634957736e-07,5.095244432930612,5.97474575700369e-08,0.17897057180519976,5.0,6.907517728579785,69075.17728579785,"[0.9999977635223116, 0.9999903030172758, 0.9999783150542729, 0.9999576612126332, 0.999762477810651, 0.0010000000000001394, 0.0010000000000000234, 0.0009999999999998842]"
9,7,hpp,20,20,20,60,5,,2.6539207755094267,7.440549456902139,0.0059140708751488575,0.003630938648259373,0.0053686166125028745,0.2080379173366905,6.397050154286239e-16,8.005784110640975e-05,1.583204686305749e-05,8.005784110640975e-06,1.5832046863057488e-06,5.095527664879119,2.7843022466016187e-07,0.17586495736685268,,,,"[0.9999985394272108, 0.9999971363732988, 0.9999962265672313, 0.9999924749417234, 0.9999868294682478, 0.0010000000000000941, 0.0010000000000000822, 0.0010000000000000683, 0.0010000000000000518, 0.0010000000000000351, 0.0010000000000000263, 0.0010000000000000102, 0.0010000000000000041, 0.0009999999999999855, 0.0009999999999999816, 0.0009999999999999733, 0.0009999999999999603, 0.000999999999999952, 0.0009999999999999285, 0.0009999999999999241]"
9,7,gated,8,8,44,60,5,,1.1969978944553066,4.080186612972503,0.00958335611559199,0.007952256771851799,0.011800568759494982,0.45563555299378095,6.798637674445375e-16,9.228451217727313e-05,7.258749113035761e-06,4.194750553512415e-06,3.299431415016255e-07,5.094767247918025,5.4173531661597085e-08,0.16419050693111675,5.0,6.907692101837043,69076.92101837043,"[0.9999948449026677, 0.9999906326390854, 0.9999813834310844, 0.9999572000069163, 0.9999368248506227, 0.0010000000000000824, 0.0010000000000000037, 0.000999999999999876]"
9,8,hpp,20,20,20,60,5,,2.81315346256213,7.062185884169124,0.006801564194139557,0.003516619088061611,0.004827771449381188,0.20148784718946108,6.545624404306241e-16,8.004675494356792e-05,1.584522194058214e-05,8.004675494356791e-06,1.584522194058214e-06,5.095044721487363,2.000011432366877e-09,0.0012622173673973787,,,,"[0.999998769563472, 0.9999976396496121, 0.9999966139255821, 0.9999960470347423, 0.9999876457567992, 0.0010000000000001028, 0.0010000000000000655, 0.0010000000000000633, 0.0010000000000000419, 0.001000000000000032, 0.0010000000000000135, 0.0010000000000000065, 0.0009999999999999998, 0.0009999999999999887, 0.0009999999999999844, 0.0009999999999999642, 0.0009999999999999428, 0.0009999999999999348, 0.000999999999999902, 0.000999999999999868]"
9,8,gated,8,8,44,60,5,,1.190643917725447,3.232688941044485,0.009017958911829186,0.008529232390637942,0.011323385942052273,0.4886949438393939,4.999556474869273e-16,9.226238489017373e-05,7.270060492498377e-06,4.19374476773517e-06,3.304572951135626e-07,5.094942346911224,3.3238786448922696e-09,0.010058421145612806,5.0,6.907682601283721,69076.8260128372,"[0.9999934177457046, 0.999989182092927, 0.9999853841464755, 0.9999766002221373, 0.9999273249426313, 0.001000000000000087, 0.0009999999999998769, 0.000999999999999744]"
9,9,hpp,20,20,20,60,5,,2.931134941616864,5.611583932959411,0.006661453823403155,0.0030471286058825786,0.004891231469297592,0.1745878789258963,5.585829000167767e-16,8.004794738946615e-05,1.584720160274952e-05,8.004794738946615e-06,1.5847201602749519e-06,5.095880720694277,7.756689413358251e-07,0.4894674534848128,,,,"[0.9999977429463945, 0.9999972697419212, 0.9999961617055869, 0.9999942010927029, 0.9999907242922518, 0.001000000000000141, 0.0010000000000001108, 0.001000000000000072, 0.0010000000000000451, 0.001000000000000042, 0.0010000000000000267, 0.0010000000000000224, 0.0010000000000000198, 0.0009999999999999955, 0.0009999999999999933, 0.0009999999999999768, 0.0009999999999999699, 0.0009999999999999495, 0.0009999999999999291, 0.0009999999999999217]"
9,9,gated,8,8,44,60,5,,0.5622636805733136,4.160636150643096,0.008174282414588138,0.01745267668188859,0.019142200048551293,1.0000154862339723,5.759948083423441e-16,9.282619636069154e-05,7.4116395057204404e-06,4.219372561849615e-06,3.3689270480547456e-07,5.094110148424312,7.918358267467004e-07,2.3504095382650534,5.0,6.907450941348632,69074.50941348632,"[0.9999943860253253, 0.9999927592165876, 0.9999857484366657, 0.9999653402499838, 0.9996957086725605, 0.0010000000000000664, 0.0010000000000000009, 0.000999999999999898]"
10,0,hpp,20,20,20,60,5,,2.6891222781279858,6.285803042031992,0.0061719763591842,0.0036043060607235866,0.005675534508127405,0.20651197248813322,7.858394320933421e-16,8.006464589063518e-05,1.5833605938947424e-05,8.006464589063517e-06,1.5833605938947423e-06,5.095169705227851,2.8799864361422744e-08,0.018189074852861524,,,,"[0.9999981251667764, 0.9999966529890099, 0.9999947521306557, 0.9999912682644555, 0.9999870219688433, 0.0010000000000002487, 0.0010000000000002101, 0.0010000000000000753, 0.0010000000000000555, 0.0010000000000000436, 0.0010000000000000245, 0.0010000000000000167, 0.0010000000000000102, 0.000999999999999994, 0.0009999999999999712, 0.0009999999999999627, 0.0009999999999999569, 0.0009999999999999387, 0.0009999999999999046, 0.000999999999999857]"
10,0,gated,8,8,44,60,5,,0.9142794437603038,3.659166955816429,0.009251687929666913,0.009792679568863961,0.012373948027345783,0.5610881774024743,6.968650022537037e-16,9.231618819331795e-05,7.270365567865307e-06,4.196190372423543e-06,3.3047116217569576e-07,5.095163248774373,2.6650162335813957e-08,0.08064292860036404,5.0,6.907659473716207,69076.59473716207,"[0.9999936585679999, 0.9999888371171205, 0.9999884280052942, 0.9999719155109585, 0.9999041993234347, 0.001000000000000187, 0.0010000000000001009, 0.0009999999999999768]"
10,1,hpp,20,20,20,60,5,,2.3630763165472417,6.6444437176357365,0.0064297313959632415,0.004035417199956644,0.005395891318976067,0.23121300166981001,8.651523695905318e-16,8.005848729487796e-05,1.5835832416437653e-05,8.005848729487797e-06,1.5835832416437652e-06,5.096351974693257,1.8278355712202282e-06,1.1542402844090016,,,,"[0.999998550973147, 0.9999977331078053, 0.9999961262213725, 0.999994771477576, 0.999983731692614, 0.0010000000000002739, 0.0010000000000000829, 0.0010000000000000711, 0.0010000000000000438, 0.0010000000000000384, 0.0010000000000000145, 0.0010000000000000065, 0.0009999999999999913, 0.0009999999999999818, 0.0009999999999999714, 0.0009999999999999536, 0.0009999999999999488, 0.0009999999999999339, 0.000999999999999912, 0.0009999999999998673]"
10,1,gated,8,8,44,60,5,,0.5427037355064671,4.448783947650569,0.008814347488696585,0.020203497994140857,0.0215739348853417,1.1576539310291563,6.856374944437597e-16,9.309737732100595e-05,7.456768254511672e-06,4.231698969136634e-06,3.3894401156871235e-07,5.0958205235794525,6.732589444452009e-07,1.9863426449967374,5.0,6.907347422670202,69073.47422670202,"[0.9999960789922729, 0.9999916588615655, 0.9999832530639908, 0.999971813000268, 0.9995922268501322, 0.0009999999999999887, 0.0009999999999999072, 0.0009999999999998638]"
10,2,hpp,20,20,20,60,5,,3.292809548765216,6.005280012363096,0.006646767675896656,0.002921322955856903,0.004840210322196061,0.16737971403917082,9.151820739730453e-16,8.004694051273353e-05,1.5840649160785535e-05,8.004694051273352e-06,1.5840649160785534e-06,5.097197468769914,4.8288689947678485e-06,3.048403474980053,,,,"[0.99999733544371, 0.999996985652814, 0.9999960735089698, 0.9999947267798637, 0.9999914744063149, 0.0010000000000000985, 0.0010000000000000852, 0.0010000000000000655, 0.0010000000000000594, 0.0010000000000000375, 0.0010000000000000224, 0.0010000000000000213, 0.0010000000000000054, 0.0009999999999999933, 0.000999999999999985, 0.0009999999999999764, 0.0009999999999999593, 0.0009999999999999512, 0.0009999999999999439, 0.0009999999999999135]"
10,2,gated,8,8,44,60,5,,0.8820061079044547,4.850648427568955,0.008849430846238073,0.011835847861330809,0.014700283763859881,0.6781599636408017,5.822839018837532e-16,9.24539360935192e-05,7.296591824415917e-06,4.20245164061451e-06,3.3166326474617803e-07,5.095035181176429,1.2377151752393332e-09,0.0037318428261464438,5.0,6.907615321981317,69076.15321981316,"[0.9999963049546587, 0.9999946527744838, 0.9999789394278984, 0.9999541678058672, 0.9998600527926985, 0.000999999999999994, 0.0009999999999998673, 0.0009999999999998086]"
10,3,hpp,20,20,20,60,5,,1.9355119251259352,5.433087285196386,0.0062430528230605535,0.0049029072851482685,0.006786325918932776,0.28091702026123055,7.881418491726563e-16,8.009277825209586e-05,1.589229978379767e-05,8.009277825209586e-06,1.5892299783797669e-06,5.096041653360836,1.0850417241510024e-06,0.6827468263952656,,,,"[0.9999976333702836, 0.9999973358510532, 0.9999953039160049, 0.9999877331587453, 0.999975985538653, 0.0010000000000001642, 0.0010000000000001314, 0.00100000000000009, 0.0010000000000000757, 0.001000000000000045, 0.0010000000000000332, 0.0010000000000000167, 0.0010000000000000085, 0.0009999999999999966, 0.0009999999999999864, 0.0009999999999999792, 0.000999999999999967, 0.000999999999999943, 0.0009999999999999243, 0.000999999999999815]"
10,3,gated,8,8,44,60,5,,1.2728888187135208,4.915388715565222,0.00839413702088413,0.007916607918852939,0.010566299295576278,0.45359295987539766,5.185140622977162e-16,9.222816487755411e-05,7.261823312229058e-06,4.192189312616096e-06,3.300828778285936e-07,5.094943216223812,3.2243972376401636e-09,0.00976844742402706,5.0,6.907692667013635,69076.92667013635,"[0.9999968701051263, 0.99999484906758, 0.9999921777484869, 0.9999671780529428, 0.9999373899917403, 0.0010000000000001535, 0.0010000000000000044, 0.0009999999999999434]"
10,4,hpp,20,20,20,60,5,,2.9643833160013164,6.686162067543826,0.006183195992506364,0.0029413499115637856,0.005074309843896407,0.16852717900763065,6.661898408876069e-16,8.005162051341758e-05,1.583309544355391e-05,8.005162051341759e-06,1.5833095443553911e-06,5.094957662231261,1.7924866614086273e-09,0.0011321138483621014,,,,"[0.999998404173739, 0.9999977696891189, 0.999994908848244, 0.9999918373048895, 0.9999913571122367, 0.0010000000000001386, 0.0010000000000000746, 0.001000000000000065, 0.001000000000000038, 0.0010000000000000308, 0.0010000000000000128, 0.0010000000000000044, 0.0009999999999999961, 0.0009999999999999799, 0.0009999999999999738, 0.0009999999999999488, 0.000999999999999946, 0.0009999999999999259, 0.0009999999999998988, 0.0009999999999998129]"
10,4,gated,8,8,44,60,5,,1.3049551774110686,4.206576296779368,0.00889484657968662,0.00780273543898892,0.011065987076120921,0.44706834584267713,6.764479183115758e-16,9.224974115576413e-05,7.268866561715902e-06,4.193170052534733e-06,3.30403025532541e-07,5.095421795119131,1.7791112252703044e-07,0.5384669896417403,5.0,6.907694455334704,69076.94455334704,"[0.9999952355652076, 0.9999897595727687, 0.9999858465864159, 0.9999676464593584, 0.9999391782023496, 0.0010000000000000616, 0.0010000000000000013, 0.0009999999999998435]"
10,5,hpp,20,20,20,60,5,,3.5334507452788606,6.333871291534782,0.006293934145386404,0.0027776352069991445,0.004623867096256823,0.15914697903176156,7.78131026559582e-16,8.004283078907041e-05,1.5845208245515438e-05,8.00428307890704e-06,1.5845208245515438e-06,5.0963392038379896,1.7934669196985043e-06,1.1318670552695935,,,,"[0.9999979557584597, 0.9999975601690986, 0.9999963381811834, 0.9999944946665665, 0.999992292457914, 0.0010000000000001585, 0.0010000000000000742, 0.0010000000000000501, 0.0010000000000000384, 0.0010000000000000336, 0.0010000000000000256, 0.0010000000000000232, 0.0009999999999999985, 0.0009999999999999892, 0.0009999999999999827, 0.0009999999999999642, 0.0009999999999999382, 0.0009999999999999246, 0.000999999999999911, 0.0009999999999998235]"
10,5,gated,8,8,44,60,5,,0.7732391745957783,4.086909145307882,0.009019415417015125,0.011172517745186699,0.01402277639527893,0.6401514316386352,4.562713854093337e-16,9.241014464508728e-05,7.2602985600079406e-06,4.20046112023124e-06,3.300135709094518e-07,5.094663530302851,1.132118570962973e-07,0.34305212596048074,5.0,6.907630570878677,69076.30570878676,"[0.9999943680007346, 0.9999892447833556, 0.9999763106469819, 0.9999683352769669, 0.9998752996723865, 0.0010000000000001139, 0.001000000000000075, 0.0010000000000000002]"
10,6,hpp,20,20,20,60,5,,2.6796005393845825,5.913683781710413,0.00653180764275103,0.00344937412839514,0.00502792433660409,0.1976349714361189,6.237444306134876e-16,8.0050699491284e-05,1.5861653977918083e-05,8.005069949128399e-06,1.5861653977918084e-06,5.09416178136795,7.026104751085566e-07,0.4429616710128092,,,,"[0.999997781051235, 0.9999972315623983, 0.9999965208522015, 0.9999950980747494, 0.9999881137163037, 0.001000000000000169, 0.0010000000000000972, 0.001000000000000075, 0.0010000000000000501, 0.0010000000000000414, 0.0010000000000000315, 0.0010000000000000165, 0.0010000000000000013, 0.0009999999999999918, 0.0009999999999999792, 0.000999999999999971, 0.00099999999999995, 0.0009999999999999458, 0.0009999999999999376, 0.0009999999999999272]"
10,6,gated,8,8,44,60,5,,0.697049000923108,4.465873090885988,0.009475288163267764,0.014374301212165633,0.016811278406122603,0.8236151572015851,6.905016137768045e-16,9.260960578561893e-05,7.340785605737121e-06,4.209527535709951e-06,3.3367207298805096e-07,5.094955912735442,1.943686895831304e-09,0.005825141068671063,5.0,6.907548843761041,69075.4884376104,"[0.9999955446163791, 0.9999900904338572, 0.9999817399345936, 0.9999567024674052, 0.9997935860851971, 0.0010000000000000093, 0.0009999999999999887, 0.0009999999999999458]"
10,7,hpp,20,20,20,60,5,,2.4858500819487306,5.40142112282853,0.006809937119338038,0.004204958547969148,0.005931430721714125,0.24092708782878156,5.417501192881131e-16,8.007069205221477e-05,1.5855882447379522e-05,8.007069205221477e-06,1.5855882447379523e-06,5.093698902997457,1.6928534100139427e-06,1.0676500760093097,,,,"[0.9999979576566242, 0.9999957340095715, 0.9999953760000482, 0.9999934496399334, 0.9999823360052861, 0.0010000000000001247, 0.001000000000000092, 0.0010000000000000557, 0.0010000000000000549, 0.0010000000000000282, 0.0010000000000000202, 0.0009999999999999955, 0.0009999999999999913, 0.0009999999999999803, 0.0009999999999999612, 0.0009999999999999601, 0.000999999999999952, 0.0009999999999999233, 0.000999999999999894, 0.0009999999999997476]"
10,7,gated,8,8,44,60,5,,0.9980070389716443,4.519612451035226,0.008216897139449703,0.010745509289107353,0.014144410649274066,0.6156841798006152,4.613640190598894e-16,9.241621533589711e-05,7.281783303064477e-06,4.200737060722596e-06,3.3099015013929445e-07,5.095154670919051,2.3923093201514113e-08,0.07227735686831248,5.0,6.907639921824716,69076.39921824716,"[0.9999960521763774, 0.9999900310574852, 0.9999816438343334, 0.9999477591474539, 0.9998846494960872, 0.0010000000000001275, 0.0010000000000000369, 0.000999999999999925]"
10,8,hpp,20,20,20,60,5,,2.761052246399544,6.102142074869195,0.006588699134948676,0.0034131824799949317,0.005126993893105719,0.19556133052183375,8.204768171292021e-16,8.0052716759322e-05,1.5834150842016837e-05,8.0052716759322e-06,1.5834150842016837e-06,5.095467595917881,2.1864594242295424e-07,0.13808504453725715,,,,"[0.9999981209950546, 0.9999972665869988, 0.9999955688078972, 0.9999944219945625, 0.9999883618351724, 0.0010000000000003274, 0.0010000000000001531, 0.00100000000000006, 0.001000000000000034, 0.0010000000000000195, 0.0010000000000000102, 0.0010000000000000028, 0.00099999999999999, 0.0009999999999999799, 0.000999999999999969, 0.000999999999999941, 0.0009999999999999321, 0.000999999999999918, 0.0009999999999998782, 0.0009999999999998077]"
10,8,gated,8,8,44,60,5,,0.985389304760701,4.5311184066910535,0.008801188020805133,0.010056545260063696,0.012374877630523202,0.5762073125305027,2.913807161024668e-16,9.231719376030682e-05,7.264497499367331e-06,4.1962360800139466e-06,3.3020443178942413e-07,5.095948688938346,9.000107017495159e-07,2.725616663811057,5.0,6.90765424090937,69076.5424090937,"[0.9999959695093419, 0.9999936522482076, 0.9999861587257861, 0.9999722680263554, 0.9998989670315344, 0.0010000000000001269, 0.0010000000000000009, 0.0009999999999998274]"
10,9,hpp,20,20,20,60,5,,2.8491332172257104,5.779091651860737,0.006408361200541931,0.003496183496795961,0.005625091583121644,0.20031696686014344,6.787234160672362e-16,8.006348460343593e-05,1.5871056892663118e-05,8.006348460343594e-06,1.5871056892663118e-06,5.094670629016312,1.0848524489268553e-07,0.06835414026071329,,,,"[0.9999979414655062, 0.9999966813993268, 0.9999939662341865, 0.9999920119630592, 0.9999877889242555, 0.0010000000000001301, 0.0010000000000000557, 0.0010000000000000414, 0.0010000000000000332, 0.0010000000000000217, 0.0010000000000000065, 0.0009999999999999974, 0.000999999999999989, 0.000999999999999981, 0.0009999999999999673, 0.000999999999999948, 0.0009999999999999393, 0.0009999999999999209, 0.0009999999999998896, 0.0009999999999998467]"
10,9,gated,8,8,44,60,5,,0.6667010160162226,4.770823019321334,0.008310277074045315,0.01399877113466123,0.01646348562619295,0.802096703066409,5.672385862792907e-16,9.258272756640682e-05,7.322001541351208e-06,4.2083057984730375e-06,3.3281825187960035e-07,5.09358228926808,2.00990371938725e-06,6.039042955235366,5.0,6.907559490189045,69075.59490189045,"[0.9999962182066435, 0.9999938631424898, 0.999985910074633, 0.9999490028913147, 0.9998042303723126, 0.00100000000000003, 0.000999999999999967, 0.0009999999999999295]"
11,0,hpp,20,20,20,60,5,,2.0225085761591357,5.420298750944222,0.0063034749760238085,0.0045503194129400334,0.00610698193847968,0.26071499750486715,8.273805226464076e-16,8.007502086582144e-05,1.5862801657668245e-05,8.007502086582144e-06,1.5862801657668245e-06,5.093984785064452,1.0306613653493897e-06,0.649734761608872,,,,"[0.9999974514876873, 0.9999969368150303, 0.9999952896149491, 0.9999937488505194, 0.9999793152986463, 0.0010000000000001074, 0.0010000000000000868, 0.0010000000000000508, 0.0010000000000000419, 0.0010000000000000202, 0.0010000000000000115, 0.0010000000000000044, 0.0009999999999999892, 0.000999999999999984, 0.0009999999999999777, 0.0009999999999999688, 0.0009999999999999584, 0.0009999999999999272, 0.0009999999999999083, 0.0009999999999998677]"
11,0,gated,8,8,44,60,5,,0.7506731860348049,4.467191097865001,0.009598750134960459,0.013322225325046412,0.015947488621376356,0.7633298654951305,5.2288406520606495e-16,9.254148018764017e-05,7.299646634494667e-06,4.206430917620008e-06,3.318021197497576e-07,5.094751147854344,6.19273903950853e-08,0.18663952611812856,5.0,6.907577959055748,69075.77959055747,"[0.9999952723476131, 0.9999861315075083, 0.9999715629462842, 0.9999702693335831, 0.9998226957940759, 0.0010000000000002162, 0.001000000000000179, 0.0010000000000000501]"
11,1,hpp,20,20,20,60,5,,3.026218333610387,5.326222020479643,0.0056248098030858016,0.0029152484459413716,0.005135290995870217,0.16703166877635198,7.770756696821262e-16,8.005284666129205e-05,1.5792903239785413e-05,8.005284666129204e-06,1.5792903239785412e-06,5.0934284139158095,2.469882820006578e-06,1.5639194279266273,,,,"[0.9999966465208655, 0.9999964326141092, 0.9999952905096715, 0.9999937756877834, 0.999991509825172, 0.001000000000000129, 0.001000000000000105, 0.001000000000000093, 0.0010000000000000492, 0.0010000000000000356, 0.0010000000000000258, 0.001000000000000006, 0.0010000000000000022, 0.0009999999999999926, 0.000999999999999984, 0.0009999999999999731, 0.0009999999999999684, 0.0009999999999999478, 0.0009999999999999304, 0.000999999999999852]"
11,1,gated,8,8,44,60,5,,1.0538618615500406,4.427077536077236,0.008944859746423636,0.00897401603386129,0.011563460475657173,0.5141801455889692,4.87401798392069e-16,9.227452853366012e-05,7.23258594513341e-06,4.194296751530006e-06,3.287539065969732e-07,5.095596755984969,3.561177056022837e-07,1.0832349014147424,5.0,6.907674823314866,69076.74823314865,"[0.999995179597767, 0.9999913715992328, 0.9999825320455881, 0.9999777892836711, 0.9999195475691877, 0.0009999999999999877, 0.0009999999999999705, 0.000999999999999869]"
11,2,hpp,20,20,20,60,5,,2.619561090100125,5.4795847684682935,0.0067439617663796496,0.003631341376268912,0.005638526507453476,0.20806099210405174,9.818607043106663e-16,8.006380241244488e-05,1.5871439073300583e-05,8.006380241244488e-06,1.5871439073300584e-06,5.095996943558561,9.938964589647989e-07,0.6262169765290923,,,,"[0.9999975401120821, 0.999996782592179, 0.9999953824013255, 0.9999917071597695, 0.9999868265464484, 0.0010000000000002405, 0.0010000000000000792, 0.001000000000000042, 0.0010000000000000369, 0.0010000000000000297, 0.0010000000000000156, 0.0010000000000000143, 0.0010000000000000041, 0.000999999999999997, 0.0009999999999999827, 0.0009999999999999718, 0.0009999999999999584, 0.0009999999999999178, 0.0009999999999998799, 0.0009999999999998164]"
11,2,gated,8,8,44,60,5,,1.4408491434161028,3.7097287706330153,0.008055620067526137,0.007137915917287054,0.010042183792076487,0.40897592950654515,9.154135573428952e-16,9.220484368117711e-05,7.245907542398424e-06,4.191129258235323e-06,3.293594337453829e-07,5.095995481292012,9.909830027549243e-07,3.0088192449378,5.0,6.907704378792729,69077.04378792728,"[0.9999942181107522, 0.9999917595923082, 0.9999853109313745, 0.999978865649507, 0.9999491011062024, 0.001000000000000218, 0.0009999999999999727, 0.0009999999999999196]"
11,3,hpp,20,20,20,60,5,,3.1169614076511416,5.770386161342938,0.006078031865742489,0.002710908087791408,0.00468764252210399,0.15532378232505695,7.32629214639815e-16,8.004401772625718e-05,1.5845044492578745e-05,8.004401772625718e-06,1.5845044492578745e-06,5.093289088544669,2.927218007967185e-06,1.847402832688914,,,,"[0.9999978985231593, 0.9999969585877534, 0.9999960745072878, 0.9999944580370139, 0.9999926583263624, 0.0010000000000002557, 0.0010000000000000874, 0.0010000000000000685, 0.0010000000000000451, 0.0010000000000000254, 0.0010000000000000167, 0.0010000000000000067, 0.0010000000000000037, 0.0009999999999999877, 0.0009999999999999794, 0.0009999999999999766, 0.0009999999999999681, 0.0009999999999999514, 0.000999999999999916, 0.0009999999999998615]"
11,3,gated,8,8,44,60,5,,0.9414240464645255,4.85324899056926,0.008971467877596066,0.009372824729695759,0.011742635301641638,0.5370311623403925,4.557577091467639e-16,9.228407774870956e-05,7.273899425683209e-06,4.194730806759525e-06,3.306317920765095e-07,5.094784957350723,4.6243341006097696e-08,0.13986356458847976,5.0,6.907667513136852,69076.67513136852,"[0.9999974175118949, 0.9999928330977609, 0.999981416369143, 0.9999783434204292, 0.9999122380064308, 0.0010000000000004072, 0.001000000000000143, 0.0009999999999999814]"
11,4,hpp,20,20,20,60,5,,2.717957709765664,5.575010520153315,0.0064631035360054965,0.003237716183545349,0.005337108517713876,0.18550779668635864,6.035242011990302e-16,8.005712194811537e-05,1.5842156978995038e-05,8.005712194811537e-06,1.5842156978995038e-06,5.09681652300923,3.2997558430796327e-06,2.082895559900553,,,,"[0.9999978570222967, 0.9999973979882323, 0.9999940113698201, 0.9999927497003277, 0.999989527676721, 0.0010000000000001028, 0.0010000000000000497, 0.0010000000000000386, 0.0010000000000000289, 0.0010000000000000178, 0.0010000000000000154, 0.0010000000000000044, 0.0009999999999999879, 0.0009999999999999747, 0.0009999999999999638, 0.0009999999999999514, 0.000999999999999945, 0.00099999999999993, 0.0009999999999998988, 0.0009999999999997311]"
11,4,gated,8,8,44,60,5,,1.6816863536105082,5.348648180318242,0.009476806039723909,0.005009381280494348,0.007236381890253131,0.28701760575125607,6.96243382429171e-16,9.210546729995664e-05,7.26211916009613e-06,4.186612149998029e-06,3.30096325458915e-07,5.0946306560868715,1.3641492616161644e-07,0.413257936064469,5.0,6.9077302098609765,69077.30209860977,"[0.9999975035239338, 0.9999926000887055, 0.9999922420851124, 0.9999904102515218, 0.9999749311930879, 0.0010000000000000204, 0.000999999999999899, 0.0009999999999998621]"
11,5,hpp,20,20,20,60,5,,3.0108540974968236,7.3118098713615165,0.0067478180407073126,0.002891108738936874,0.004637416752382282,0.1656485596175356,7.819518820537238e-16,8.004309070605526e-05,1.5844857776871637e-05,8.004309070605526e-06,1.5844857776871637e-06,5.094259012559853,5.490623864489413e-07,0.3465240232388798,,,,"[0.9999988251402485, 0.9999970108836913, 0.9999965586599765, 0.9999944713388117, 0.9999916498487692, 0.0010000000000001355, 0.001000000000000089, 0.0010000000000000742, 0.0010000000000000566, 0.0010000000000000215, 0.0010000000000000176, 0.0010000000000000046, 0.0009999999999999944, 0.0009999999999999892, 0.0009999999999999705, 0.0009999999999999627, 0.0009999999999999514, 0.0009999999999999243, 0.000999999999999905, 0.000999999999999848]"
11,5,gated,8,8,44,60,5,,1.063465686966468,3.8012189194065344,0.008979009232824667,0.008694710758704904,0.012260099814950052,0.49817650755276877,4.584013058979001e-16,9.230817794130755e-05,7.25778152584448e-06,4.195826270059434e-06,3.298991602656582e-07,5.094399240669597,3.609117730603116e-07,1.0940063405122942,5.0,6.907679753732927,69076.79753732926,"[0.9999940100044225, 0.9999888838673162, 0.9999842817184927, 0.999958187069526, 0.9999244776028177, 0.0010000000000000683, 0.001000000000000017, 0.000999999999999912]"
11,6,hpp,20,20,20,60,5,,2.7522635538186395,5.065847752644413,0.006454662974831543,0.003435582637569936,0.005664049852084028,0.19684477253643298,6.790908553678169e-16,8.006436201147383e-05,1.5814715297725254e-05,8.006436201147383e-06,1.5814715297725254e-06,5.094443589203619,3.0959297432380555e-07,0.19576259736293614,,,,"[0.9999975706805028, 0.99999692746712, 0.9999926529041678, 0.9999925909937745, 0.9999882085751687, 0.0010000000000001288, 0.0010000000000000818, 0.001000000000000059, 0.0010000000000000531, 0.0010000000000000286, 0.0010000000000000195, 0.0010000000000000109, 0.001000000000000001, 0.0009999999999999812, 0.0009999999999999749, 0.0009999999999999638, 0.000999999999999937, 0.0009999999999999302, 0.0009999999999999183, 0.0009999999999997621]"
11,6,gated,8,8,44,60,5,,1.273417943468665,3.962471863795553,0.00903847421376327,0.0072128119334559605,0.011315259141347093,0.4132672656093302,5.550927965833316e-16,9.226140792703841e-05,7.247515195685563e-06,4.1937003603199275e-06,3.294325088947983e-07,5.094664436753809,1.1260269219110903e-07,0.3418080764672433,5.0,6.907703305000021,69077.03305000022,"[0.9999944770018806, 0.9999919515314197, 0.9999894681395518, 0.9999481689041313, 0.9999480273686684, 0.00100000000000016, 0.0010000000000001117, 0.000999999999999992]"
11,7,hpp,20,20,20,60,5,,2.581077540550773,5.506746213671703,0.006509085204468743,0.003421110499078006,0.005792179737436961,0.19601557520728466,8.269297779190728e-16,8.006731006225798e-05,1.585751820154222e-05,8.006731006225798e-06,1.585751820154222e-06,5.096771645636187,3.138728260235909e-06,1.9793313306306988,,,,"[0.9999972484177237, 0.9999961940748472, 0.9999936274421161, 0.9999911065615972, 0.9999883077069506, 0.0010000000000000891, 0.0010000000000000742, 0.001000000000000066, 0.0010000000000000334, 0.0010000000000000273, 0.0010000000000000185, 0.0010000000000000028, 0.000999999999999992, 0.0009999999999999796, 0.0009999999999999727, 0.0009999999999999694, 0.00099999999999995, 0.000999999999999941, 0.000999999999999928, 0.0009999999999998402]"
11,7,gated,8,8,44,60,5,,0.9012864477894127,4.926227116966685,0.008265290383426533,0.01134171115296291,0.012773254036300778,0.6498461141244883,4.796234039298414e-16,9.23429090148568e-05,7.259326804278246e-06,4.197404955220764e-06,3.299694001944657e-07,5.094565810219027,1.8852076589712424e-07,0.5713280255260655,5.0,6.9076267649469845,69076.26764946984,"[0.9999968027165028, 0.9999953530082463, 0.9999900563076819, 0.9999833008823773, 0.9998714942225345, 0.0010000000000001121, 0.0009999999999999803, 0.0009999999999996676]"
11,8,hpp,20,20,20,60,5,,1.9558204508404835,5.141730381672117,0.006207560209569936,0.004474765730684492,0.006303801052634114,0.2563860463083939,8.083168520051026e-16,8.007990830032797e-05,1.5816275601112037e-05,8.007990830032797e-06,1.5816275601112036e-06,5.0953832245992,1.468610934353486e-07,0.09285440968480775,,,,"[0.9999970519527406, 0.9999963912057906, 0.9999948103877704, 0.9999920517887101, 0.9999799964951842, 0.001000000000000156, 0.0010000000000000933, 0.0010000000000000544, 0.0010000000000000445, 0.0010000000000000221, 0.001000000000000014, 0.0010000000000000054, 0.0010000000000000007, 0.0009999999999999922, 0.0009999999999999864, 0.0009999999999999707, 0.0009999999999999497, 0.0009999999999999406, 0.0009999999999999302, 0.000999999999999879]"
11,8,gated,8,8,44,60,5,,0.3422341269761699,3.885272846753092,0.008754132353364816,0.028250117025275356,0.03000903899797476,1.6188278477580975,7.138424084495435e-16,9.444038791409958e-05,7.986012010717395e-06,4.292744905186344e-06,3.6300054594169976e-07,5.09550440961776,2.544290624937106e-07,0.7009054541052221,5.0,6.906957689949663,69069.57689949662,"[0.9999942970630142, 0.9999930569206111, 0.9999811859925087, 0.9999290891875356, 0.9992027289571708, 0.0010000000000000594, 0.0009999999999999983, 0.0009999999999999525]"
11,9,hpp,20,20,20,60,5,,2.6427305390711706,6.084545958012436,0.005991495546845267,0.004000475802691554,0.006276909019592949,0.22921099091593858,9.973728366778034e-16,8.007914795420931e-05,1.5850033512375738e-05,8.007914795420931e-06,1.5850033512375737e-06,5.095698620242306,4.880702429662754e-07,0.3079301015894945,,,,"[0.9999976707732905, 0.9999953708442642, 0.9999940739804516, 0.9999895120175806, 0.9999840121971587, 0.0010000000000001301, 0.001000000000000065, 0.0010000000000000577, 0.0010000000000000453, 0.0010000000000000195, 0.0010000000000000074, 0.0010000000000000022, 0.0009999999999999907, 0.0009999999999999896, 0.0009999999999999818, 0.0009999999999999636, 0.0009999999999999265, 0.000999999999999908, 0.000999999999999892, 0.0009999999999997292]"
11,9,gated,8,8,44,60,5,,0.9045916061747868,3.3225298855662437,0.008220128318532416,0.011773270513617375,0.014265839029299825,0.6745742958872806,3.3524977809397727e-16,9.242736511753999e-05,7.262401006024275e-06,4.2012438689790905e-06,3.30109136637467e-07,5.0950563596594804,3.1764112172808173e-09,0.009622306276148972,5.0,6.9076167981052095,69076.16798105209,"[0.999993348584781, 0.9999919755513162, 0.9999849855345792, 0.9999648509689653, 0.9998615287113123, 0.0010000000000002067, 0.0009999999999999298, 0.00099999999999985]"
12,0,hpp,20,20,20,60,5,,2.6258072037759543,5.560768486923127,0.006456450950564498,0.003166046656863038,0.005089683176519653,0.1814014142374211,7.206149370662914e-16,8.005193080797265e-05,1.5846114163984903e-05,8.005193080797265e-06,1.5846114163984904e-06,5.093149002835031,3.4261905047049997e-06,2.162164470890949,,,,"[0.9999979672988956, 0.9999967826867376, 0.9999956326101804, 0.9999937522618056, 0.9999899861724172, 0.0010000000000002028, 0.001000000000000124, 0.0010000000000000724, 0.0010000000000000636, 0.001000000000000049, 0.0010000000000000334, 0.0010000000000000152, 0.001, 0.0009999999999999922, 0.0009999999999999812, 0.0009999999999999757, 0.0009999999999999684, 0.0009999999999999582, 0.0009999999999998563, 0.0009999999999998148]"
12,0,gated,8,8,44,60,5,,1.6829293272749355,4.071613329287462,0.00930629690562456,0.005725062271279457,0.009066058735188008,0.32802369751313254,4.541969461396504e-16,9.216603188810404e-05,7.267805972613422e-06,4.189365085822911e-06,3.3035481693697375e-07,5.0940425672825755,9.166774083858062e-07,2.7748268267591,5.0,6.9077225348843525,69077.22534884352,"[0.9999944649124086, 0.9999918980371559, 0.9999832911303536, 0.9999809782541839, 0.9999672564383283, 0.0010000000000000308, 0.0009999999999998925, 0.0009999999999997608]"
12,1,hpp,20,20,20,60,5,,2.7858040046780355,5.0067602261246655,0.006406607886028187,0.0036382899876741424,0.00573348691935477,0.20845912084107296,8.298852654756167e-16,8.006596142099624e-05,1.587429811454829e-05,8.006596142099624e-06,1.587429811454829e-06,5.0951166275701745,1.360199012589534e-08,0.008568561600483958,,,,"[0.9999974078619995, 0.9999955325217618, 0.999994442977848, 0.9999930005558906, 0.9999867760831195, 0.0010000000000000883, 0.0010000000000000477, 0.0010000000000000419, 0.0010000000000000323, 0.001000000000000008, 0.0010000000000000015, 0.000999999999999994, 0.0009999999999999877, 0.0009999999999999705, 0.0009999999999999612, 0.0009999999999999434, 0.0009999999999999376, 0.0009999999999999352, 0.0009999999999998682, 0.0009999999999997233]"
12,1,gated,8,8,44,60,5,,0.6878936355002281,4.154960734193195,0.008925028229800453,0.015235123442398305,0.018127151558866784,0.8729420454468876,3.747277215392349e-16,9.27144678102926e-05,7.3645634689280565e-06,4.214293991376936e-06,3.347528849512753e-07,5.095385364802287,1.4850603084555977e-07,0.44362883046452445,5.0,6.907523375216976,69075.23375216976,"[0.9999950366928518, 0.9999908812625871, 0.9999772307774245, 0.9999404631144423, 0.999768123122681, 0.0010000000000002429, 0.0009999999999999298, 0.0009999999999998116]"
12,2,hpp,20,20,20,60,5,,3.099625503556519,5.7979454282671234,0.006792843941050474,0.002753101797051352,0.004773975264814369,0.15774131280989362,6.492902595505751e-16,8.004566534583852e-05,1.5842191900737317e-05,8.004566534583852e-06,1.5842191900737316e-06,5.094920465569644,6.325725611262016e-09,0.003992961107211186,,,,"[0.9999981102686739, 0.9999976711025853, 0.9999956658394475, 0.9999933567302386, 0.9999924280100643, 0.0010000000000000941, 0.0010000000000000703, 0.001000000000000063, 0.0010000000000000456, 0.001000000000000027, 0.0010000000000000154, 0.0010000000000000137, 0.0010000000000000005, 0.0009999999999999972, 0.0009999999999999874, 0.000999999999999955, 0.0009999999999999378, 0.0009999999999999105, 0.000999999999999907, 0.000999999999999719]"
12,2,gated,8,8,44,60,5,,1.0493285423724448,4.475018648936125,0.008314209096342768,0.008268343663622574,0.010935296303715675,0.4737465935815461,4.473901523737767e-16,9.224434892439756e-05,7.258586114300462e-06,4.19292495110898e-06,3.299357324682028e-07,5.095307385393425,9.448578009377717e-08,0.2863763175541562,5.0,6.90768697950804,69076.86979508039,"[0.9999951283872013, 0.9999878686964205, 0.9999848924595427, 0.9999809464737224, 0.999931702858567, 0.0010000000000003088, 0.0010000000000003023, 0.000999999999999983]"
12,3,hpp,20,20,20,60,5,,2.254854605071299,6.296672993750528,0.006142106638283278,0.004243942325152217,0.005957130094990585,0.24316071366170278,6.765523242031241e-16,8.007132781543253e-05,1.5835873698880462e-05,8.007132781543252e-06,1.5835873698880463e-06,5.093599347752617,1.9618267180855344e-06,1.2388496873552535,,,,"[0.9999980901088024, 0.9999971561772396, 0.9999956219295115, 0.9999916729082919, 0.9999820069645871, 0.0010000000000001488, 0.0010000000000000913, 0.001000000000000058, 0.0010000000000000423, 0.0010000000000000332, 0.001000000000000009, 0.0009999999999999968, 0.0009999999999999822, 0.0009999999999999753, 0.0009999999999999647, 0.0009999999999999606, 0.0009999999999999486, 0.0009999999999999022, 0.0009999999999998994, 0.0009999999999998654]"
12,3,gated,8,8,44,60,5,,1.3574042130025525,5.141320606826028,0.008983795473304777,0.007111919183027539,0.0105665086479564,0.40748638854396607,9.931329369083004e-16,9.222754560771607e-05,7.254158407109309e-06,4.192161163987094e-06,3.2973447305042313e-07,5.095566026375232,3.203858574631263e-07,0.9716480491080858,5.0,6.90770474889021,69077.0474889021,"[0.9999968306736042, 0.9999945182496655, 0.9999896739672535, 0.9999579664706449, 0.9999494711849287, 0.0010000000000002323, 0.0009999999999999501, 0.0009999999999998942]"
12,4,hpp,20,20,20,60,5,,2.5045175942549536,6.140072794294531,0.006312875007497878,0.003413517698108707,0.005247577015682548,0.19558053721685795,7.533072988570439e-16,8.005523094041991e-05,1.5843211347703838e-05,8.005523094041992e-06,1.5843211347703837e-06,5.09697115605925,3.885456209936026e-06,2.4524423266619784,,,,"[0.999998322444313, 0.9999970071365523, 0.9999953776541841, 0.9999934236884532, 0.9999883595490272, 0.001000000000000129, 0.0010000000000000894, 0.0010000000000000666, 0.001000000000000035, 0.0010000000000000243, 0.0010000000000000172, 0.0010000000000000137, 0.0009999999999999903, 0.0009999999999999874, 0.0009999999999999766, 0.0009999999999999597, 0.000999999999999945, 0.0009999999999999196, 0.000999999999999858, 0.0009999999999998053]"
12,4,gated,8,8,44,60,5,,0.34197346652605776,3.819773173188423,0.009286017943065201,0.030660067011440327,0.031629432876249856,1.7569677826098018,5.645376598573068e-16,9.488188997606144e-05,8.230109253125641e-06,4.312813180730065e-06,3.740958751420746e-07,5.094807861877641,3.691705806196461e-08,0.0986834138386161,5.0,6.906815738082204,69068.15738082204,"[0.9999944525571413, 0.9999891841248107, 0.9999816741064878, 0.9999743682779476, 0.9990609003305627, 0.0010000000000001397, 0.0010000000000000508, 0.0009999999999999475]"
12,5,hpp,20,20,20,60,5,,2.047755081956531,5.811392325617704,0.006497262114625757,0.003944593154487238,0.006008865245715405,0.2260091257609353,8.069341315587266e-16,8.00725131275295e-05,1.582610621649215e-05,8.00725131275295e-06,1.582610621649215e-06,5.096361872192768,1.8546958694466923e-06,1.1719217880099537,,,,"[0.9999977277696142, 0.9999959699992316, 0.999994916653921, 0.9999908594774918, 0.9999844557446615, 0.0010000000000002411, 0.0010000000000000818, 0.0010000000000000594, 0.0010000000000000427, 0.0010000000000000393, 0.0010000000000000256, 0.0010000000000000076, 0.001000000000000002, 0.0009999999999999861, 0.000999999999999962, 0.000999999999999955, 0.0009999999999999402, 0.0009999999999999274, 0.0009999999999998998, 0.000999999999999866]"
12,5,gated,8,8,44,60,5,,0.8709141026441373,3.49136094097903,0.008826481655266498,0.012017728155295872,0.014727426527361266,0.6885816781377724,5.611672357043144e-16,9.245616932141566e-05,7.294361729160844e-06,4.202553150973439e-06,3.315618967800384e-07,5.095415779558746,1.7287264147457195e-07,0.5213887456713926,5.0,6.907610987208298,69076.10987208298,"[0.9999928134196101, 0.9999888227867378, 0.9999863119533923, 0.9999596530094585, 0.999855718635775, 0.0010000000000000562, 0.0009999999999999848, 0.000999999999999832]"
12,6,hpp,20,20,20,60,5,,3.378822474583968,5.80773198874667,0.006304381499876939,0.0027275819812087668,0.004427561256004764,0.15627912957799917,6.772370822726942e-16,8.003926149012339e-05,1.5851819689263284e-05,8.00392614901234e-06,1.5851819689263285e-06,5.095274432611207,7.531325809655444e-08,0.047510796598049514,,,,"[0.9999979958469288, 0.9999970833353647, 0.9999966980409991, 0.9999960713450932, 0.9999925677362396, 0.001000000000000394, 0.0010000000000000996, 0.00100000000000008, 0.001000000000000064, 0.00100000000000003, 0.0010000000000000267, 0.0010000000000000189, 0.0010000000000000013, 0.0009999999999999935, 0.0009999999999999911, 0.000999999999999977, 0.000999999999999966, 0.0009999999999999387, 0.0009999999999999354, 0.0009999999999998398]"
12,6,gated,8,8,44,60,5,,0.5031174094157267,4.381830650514672,0.009040810173669755,0.019544491122679405,0.021420467653085404,1.1198881589229808,4.9091237048121e-16,9.306495361432104e-05,7.454719639015085e-06,4.23022516428732e-06,3.388508926825039e-07,5.094907579847756,8.54148453999958e-09,0.0252072068406878,5.0,6.907373601006213,69073.73601006212,"[0.9999958031521485, 0.9999931678563589, 0.9999803671837064, 0.999953889355856, 0.9996183948538893, 0.0010000000000000414, 0.000999999999999933, 0.0009999999999994657]"
12,7,hpp,20,20,20,60,5,,3.5064789576776176,6.646388155490858,0.006392246257055886,0.0027363011932782996,0.0044815782200807695,0.15677870549456163,7.523744347045386e-16,8.00402272021429e-05,1.5809174554697608e-05,8.00402272021429e-06,1.5809174554697607e-06,5.09296943807457,4.123181732988617e-06,2.6080942548410517,,,,"[0.9999978811286195, 0.9999972709313125, 0.9999966168933168, 0.9999956464448286, 0.9999925201431241, 0.0010000000000001024, 0.0010000000000000748, 0.001000000000000064, 0.001000000000000047, 0.0010000000000000347, 0.001000000000000029, 0.0010000000000000083, 0.0010000000000000007, 0.000999999999999989, 0.000999999999999988, 0.0009999999999999731, 0.0009999999999999593, 0.0009999999999999389, 0.0009999999999999217, 0.0009999999999998246]"
12,7,gated,8,8,44,60,5,,0.7872940278606478,4.5692309998350735,0.008902153722804047,0.011343871070583255,0.012851449996302947,0.6499698762500362,8.446956835831179e-16,9.23469597979537e-05,7.306921379733614e-06,4.1975890817251686e-06,3.3213278998789156e-07,5.0955249757071295,2.7559949308101936e-07,0.8297870652610565,5.0,6.907626715990813,69076.26715990812,"[0.9999962064456183, 0.9999957416110559, 0.9999879040215456, 0.9999837080419923, 0.9998714452725447, 0.0010000000000000024, 0.0009999999999999948, 0.0009999999999998589]"
12,8,hpp,20,20,20,60,5,,2.4223405727820038,7.151442146666475,0.006194021044650447,0.003760415322674982,0.005386505738146109,0.21545643499261183,8.566324943226305e-16,8.005825775781089e-05,1.5847052211270632e-05,8.005825775781089e-06,1.5847052211270632e-06,5.093018842402698,3.9249854253302646e-06,2.4767921333273346,,,,"[0.9999986348133064, 0.9999980081756055, 0.999997020454795, 0.9999914777093454, 0.9999858734173247, 0.0010000000000001143, 0.0010000000000000772, 0.001000000000000046, 0.0010000000000000362, 0.0010000000000000354, 0.0010000000000000289, 0.0010000000000000026, 0.000999999999999999, 0.0009999999999999848, 0.0009999999999999712, 0.000999999999999961, 0.0009999999999999525, 0.000999999999999921, 0.0009999999999999022, 0.000999999999999841]"
12,8,gated,8,8,44,60,5,,1.3966496056548192,4.14520567083377,0.008557676137494778,0.007232330558875795,0.009792663235925184,0.41438562963821085,7.971097916612627e-16,9.219504955966846e-05,7.255289848148082e-06,4.190684070894021e-06,3.2978590218854916e-07,5.094760505354128,5.7357685398975685e-08,0.17392400650947917,5.0,6.907703023318086,69077.03023318085,"[0.9999950196585918, 0.9999932168180184, 0.9999925483361044, 0.9999756691289942, 0.9999477457012927, 0.0010000000000000406, 0.0009999999999999217, 0.0009999999999998708]"
12,9,hpp,20,20,20,60,5,,2.9217494437540257,7.21969678037497,0.006537933690052671,0.0028949017092042726,0.004630200941264622,0.1658658817151146,9.608648092612084e-16,8.004295577748303e-05,1.587709078726288e-05,8.004295577748302e-06,1.5877090787262881e-06,5.093444299126086,2.420205209080862e-06,1.5243379542947686,,,,"[0.9999986537446109, 0.9999970153600236, 0.9999967271229433, 0.9999945585258759, 0.9999916279245499, 0.0010000000000002127, 0.0010000000000001136, 0.001000000000000077, 0.0010000000000000705, 0.0010000000000000488, 0.0010000000000000297, 0.0010000000000000286, 0.0010000000000000137, 0.0010000000000000022, 0.0009999999999999929, 0.000999999999999981, 0.000999999999999957, 0.000999999999999951, 0.0009999999999999282, 0.0009999999999998881]"
12,9,gated,8,8,44,60,5,,0.9151823266254488,4.754938958784366,0.009385572691038544,0.009270404370133633,0.012194585125151732,0.5311626530284493,4.863188168409413e-16,9.230593640714562e-05,7.273756107544995e-06,4.195724382142983e-06,3.306252776156816e-07,5.095353228659038,1.2477048556890265e-07,0.37737733324170003,5.0,6.907669420839642,69076.69420839641,"[0.9999961702614232, 0.9999922912818531, 0.9999800709210008, 0.9999687627940426, 0.9999141455432118, 0.0010000000000000018, 0.0009999999999999044, 0.000999999999999889]"
13,0,hpp,20,20,20,60,5,,2.6091496751111047,5.783383063686222,0.006395154253669729,0.0031179987961866013,0.004863976789832583,0.1786484610167309,1.0019151495008646e-15,8.004741684276772e-05,1.5871786930113236e-05,8.004741684276771e-06,1.5871786930113237e-06,5.095583721521441,3.407308145991437e-07,0.21467703422396736,,,,"[0.9999982155908668, 0.9999964447016768, 0.9999962727566364, 0.9999951445334547, 0.9999902878054238, 0.001000000000000063, 0.0010000000000000573, 0.0010000000000000447, 0.0010000000000000202, 0.0010000000000000182, 0.0010000000000000044, 0.0009999999999999926, 0.000999999999999988, 0.000999999999999983, 0.0009999999999999718, 0.0009999999999999625, 0.0009999999999999586, 0.0009999999999999447, 0.0009999999999999267, 0.0009999999999998543]"
13,0,gated,8,8,44,60,5,,1.1728268457981137,4.372158437161501,0.008838183596678859,0.007632363885177897,0.01101434624286567,0.4373064841330444,5.03851195923363e-16,9.224715749273085e-05,7.2278293287323415e-06,4.193052613305948e-06,3.2853769676056095e-07,5.094753618972189,6.070361086293117e-08,0.18476908878792106,5.0,6.907697082563194,69076.97082563194,"[0.9999946173604239, 0.9999924688181459, 0.9999795318838475, 0.9999703821557464, 0.9999418052745022, 0.0010000000000000662, 0.0010000000000000078, 0.0009999999999998142]"
13,1,hpp,20,20,20,60,5,,2.4044814558277854,5.544475112655672,0.0065877065023526625,0.0032714458835149778,0.005612685727268064,0.18744037637420935,6.204670492670236e-16,8.0063184758379e-05,1.5827169167909474e-05,8.0063184758379e-06,1.5827169167909474e-06,5.094469543396088,2.813842086285988e-07,0.17778555700227303,,,,"[0.9999976126266257, 0.9999957771072396, 0.9999945060553447, 0.9999913251277668, 0.9999893083441889, 0.0010000000000002043, 0.0010000000000001184, 0.0010000000000000805, 0.0010000000000000453, 0.0010000000000000295, 0.0010000000000000271, 0.0010000000000000224, 0.0010000000000000074, 0.0009999999999999944, 0.0009999999999999777, 0.000999999999999965, 0.0009999999999999527, 0.0009999999999999397, 0.000999999999999921, 0.0009999999999998916]"
13,1,gated,8,8,44,60,5,,1.2281876401602527,4.707692740985357,0.00807232302751977,0.007103469156549183,0.010935225600298333,0.4070022254600325,7.862940770081369e-16,9.224369123764662e-05,7.231569070856112e-06,4.1928950562566645e-06,3.287076850389142e-07,5.094913952134672,7.404235126771653e-09,0.022525287554183895,5.0,6.907704868896868,69077.04868896867,"[0.9999961751210491, 0.9999921556371216, 0.9999872551810055, 0.9999553632958373, 0.9999495911852158, 0.0009999999999999176, 0.0009999999999999024, 0.000999999999999817]"
13,2,hpp,20,20,20,60,5,,2.242019935045059,5.03174198009009,0.006595327818146231,0.003427722977429734,0.005512019231084867,0.1963944445303977,6.822601012433227e-16,8.006093395008056e-05,1.5806206774890512e-05,8.006093395008057e-06,1.580620677489051e-06,5.09228071229818,7.3945256052432625e-06,4.678241725263324,,,,"[0.9999969293913953, 0.9999956449033462, 0.999995194198418, 0.9999936170687183, 0.9999882624644744, 0.0010000000000001733, 0.001000000000000128, 0.0010000000000001065, 0.0010000000000000768, 0.0010000000000000475, 0.0010000000000000308, 0.0010000000000000215, 0.0010000000000000057, 0.0009999999999999961, 0.0009999999999999744, 0.000999999999999974, 0.0009999999999999658, 0.0009999999999999254, 0.0009999999999998818, 0.0009999999999998701]"
13,2,gated,8,8,44,60,5,,0.5154705557107666,5.16825017127941,0.009278559886053658,0.018706970270339563,0.019938076338857524,1.0718929684561296,4.639177354503829e-16,9.291725546144583e-05,7.4062448072732545e-06,4.223511611883901e-06,3.366474912396934e-07,5.094127615036028,7.610555253567093e-07,2.260689727863847,5.0,6.907405617071506,69074.05617071505,"[0.9999965890172677, 0.9999905876478539, 0.9999887126687702, 0.9999765820908618, 0.9996503992140409, 0.001000000000000071, 0.0009999999999999666, 0.0009999999999997845]"
13,3,hpp,20,20,20,60,5,,3.327072619851062,6.455671679728615,0.0062185316390514275,0.003308460119352151,0.005283817950304553,0.189561147347124,8.202539622831666e-16,8.005598688779225e-05,1.578079841584037e-05,8.005598688779225e-06,1.578079841584037e-06,5.0950360342712075,1.298468701797085e-09,0.0008228155937241518,,,,"[0.9999982171650272, 0.9999967606602597, 0.9999946693426809, 0.9999933969810857, 0.9999890650375468, 0.0010000000000001362, 0.0010000000000001056, 0.0010000000000000638, 0.0010000000000000588, 0.0010000000000000462, 0.0010000000000000312, 0.0010000000000000182, 0.0009999999999999922, 0.0009999999999999857, 0.0009999999999999768, 0.0009999999999999577, 0.00099999999999993, 0.0009999999999999163, 0.0009999999999998838, 0.0009999999999998543]"
13,3,gated,8,8,44,60,5,,0.8709576758020704,3.2806164100668807,0.008677441274084922,0.012178557604726973,0.01559961340125525,0.6977972012615066,5.7780132970871735e-16,9.251196991984628e-05,7.283439684400526e-06,4.205089541811195e-06,3.310654402000239e-07,5.094669651394124,1.0913020140106023e-07,0.32963332365687487,5.0,6.907607099055817,69076.07099055818,"[0.9999913107313071, 0.9999884342054416, 0.9999827698643899, 0.9999425495565966, 0.9998518310519334, 0.0010000000000001503, 0.0010000000000000228, 0.0009999999999999452]"
13,4,hpp,20,20,20,60,5,,2.0543953414574934,5.353549634009212,0.0068207703906576255,0.004599318059471253,0.006408162211335307,0.26352244253185536,6.743703122401789e-16,8.00826061793205e-05,1.5818185313533632e-05,8.00826061793205e-06,1.5818185313533633e-06,5.094514380011556,2.3582677317202393e-07,0.1490858581421831,,,,"[0.9999973959444975, 0.9999960689681947, 0.9999941011480661, 0.9999925430337426, 0.9999788674271142, 0.0010000000000001587, 0.0010000000000001332, 0.001000000000000066, 0.0010000000000000527, 0.001000000000000027, 0.0010000000000000156, 0.0010000000000000085, 0.0009999999999999983, 0.0009999999999999864, 0.0009999999999999781, 0.0009999999999999684, 0.0009999999999999506, 0.0009999999999999304, 0.0009999999999999107, 0.000999999999999836]"
13,4,gated,8,8,44,60,5,,2.0539068980549,3.4501264169834487,0.008319545952250602,0.004977916072111993,0.008310699416996506,0.2852147596308724,4.916481300317456e-16,9.213921246572128e-05,7.232523160947746e-06,4.188146021169149e-06,3.287510527703521e-07,5.094859697811832,1.9684704003441e-08,0.059877234878975984,5.0,6.907730523806894,69077.30523806893,"[0.9999950988348076, 0.9999915231560716, 0.9999884479336534, 0.9999806862871634, 0.9999752451312273, 0.0010000000000000631, 0.001000000000000028, 0.0009999999999997988]"
13,5,hpp,20,20,20,60,5,,2.8425522348156327,6.324761878202971,0.006038433339293124,0.003246959355170663,0.004740317211632608,0.18603739419357765,6.512987027657301e-16,8.00450462382958e-05,1.5835286943338346e-05,8.00450462382958e-06,1.5835286943338346e-06,5.095053573206935,2.8700885018354343e-09,0.0018124638423699894,,,,"[0.999998117834675, 0.9999974596961381, 0.9999969482461724, 0.9999955582886627, 0.9999894677976905, 0.0010000000000001898, 0.0010000000000001024, 0.0010000000000000768, 0.0010000000000000505, 0.0010000000000000302, 0.0010000000000000263, 0.0010000000000000041, 0.0009999999999999874, 0.000999999999999981, 0.0009999999999999707, 0.000999999999999948, 0.000999999999999944, 0.0009999999999999313, 0.0009999999999999085, 0.0009999999999998795]"
13,5,gated,8,8,44,60,5,,0.9234469770280924,3.6100087021161595,0.00963123384417832,0.011449683399185777,0.014590055119572322,0.6560328698656336,4.597982292418353e-16,9.244492009294506e-05,7.271365483352295e-06,4.202041822406594e-06,3.3051661287964977e-07,5.096081137805989,1.1688589555482074e-06,3.5364605287596276,5.0,6.907624306250514,69076.24306250513,"[0.9999940356525582, 0.9999858301019499, 0.9999819433126695, 0.999956498248828, 0.9998690358453075, 0.0010000000000003769, 0.001000000000000032, 0.000999999999999909]"
13,6,hpp,20,20,20,60,5,,2.3810658697662115,6.315902788474082,0.006907183703639776,0.003351516703626311,0.005148511670355617,0.19202812158443133,6.729553356164764e-16,8.005315480742777e-05,1.5812534307007743e-05,8.005315480742777e-06,1.5812534307007743e-06,5.096103781039052,1.2183325821818858e-06,0.7704853368393638,,,,"[0.9999980951625606, 0.9999969548091374, 0.9999957157294164, 0.9999939750651891, 0.9999887785684499, 0.001000000000000322, 0.0010000000000000937, 0.0010000000000000902, 0.0010000000000000553, 0.0010000000000000475, 0.0010000000000000245, 0.0010000000000000076, 0.000999999999999997, 0.000999999999999994, 0.0009999999999999703, 0.0009999999999999545, 0.000999999999999948, 0.0009999999999999246, 0.000999999999999884, 0.0009999999999998053]"
13,6,gated,8,8,44,60,5,,0.7021689580830975,4.608993729110264,0.00896088942540336,0.01301162061325483,0.015030938021883235,0.7455319834837721,4.752703734398337e-16,9.2481216189294e-05,7.27983575233267e-06,4.2036916449679095e-06,3.3090162510603047e-07,5.094460342193691,2.912305479052593e-07,0.8801121717427063,5.0,6.907586131708614,69075.86131708614,"[0.9999959089655711, 0.9999938740263328, 0.9999829600738459, 0.999970686734242, 0.9998308670312878, 0.0010000000000002166, 0.0010000000000001824, 0.0009999999999999597]"
13,7,hpp,20,20,20,60,5,,2.6803503826452517,6.919251978959836,0.006472441935542439,0.003101447016558526,0.0050307012150894136,0.17770010931513064,9.349313734084543e-16,8.005074277299283e-05,1.5841284472228196e-05,8.005074277299283e-06,1.5841284472228196e-06,5.095733624586939,5.382050345678319e-07,0.33974835532521014,,,,"[0.9999988334857737, 0.999997806080584, 0.9999951010473898, 0.9999925860941146, 0.9999903906453766, 0.0010000000000001355, 0.0010000000000000562, 0.0010000000000000397, 0.0010000000000000358, 0.0010000000000000338, 0.0010000000000000221, 0.001000000000000009, 0.0009999999999999946, 0.0009999999999999812, 0.0009999999999999786, 0.0009999999999999742, 0.0009999999999999614, 0.000999999999999934, 0.0009999999999999122, 0.0009999999999998662]"
13,7,gated,8,8,44,60,5,,1.0672419183300064,4.497444149684993,0.009342646951604217,0.00820102857640254,0.010341768672166884,0.46988959241160605,5.097154309780644e-16,9.221869180091642e-05,7.226961382595708e-06,4.191758718223473e-06,3.2849824466344125e-07,5.094408009263004,3.5045303268329116e-07,1.0668338061968745,5.0,6.907688087111966,69076.88087111966,"[0.9999961441611736, 0.9999929630393735, 0.9999877241327485, 0.9999835130524567, 0.9999328103871575, 0.0010000000000000054, 0.0009999999999999146, 0.000999999999999844]"
13,8,hpp,20,20,20,60,5,,2.943208360303308,6.072241571464735,0.006491840365775263,0.0030622059753345012,0.004809400381654267,0.1754517525920678,7.891930068769064e-16,8.004636171410956e-05,1.5831246042084406e-05,8.004636171410957e-06,1.5831246042084406e-06,5.093345750956476,2.7365398979848725e-06,1.7285688635691043,,,,"[0.9999982374241991, 0.9999977097855558, 0.9999966210195286, 0.9999936922973472, 0.9999906322716698, 0.0010000000000001397, 0.0010000000000000837, 0.001000000000000067, 0.001000000000000058, 0.0010000000000000345, 0.00100000000000003, 0.0010000000000000137, 0.000999999999999998, 0.0009999999999999892, 0.0009999999999999747, 0.0009999999999999697, 0.0009999999999999428, 0.0009999999999999313, 0.0009999999999998554, 0.0009999999999996804]"
13,8,gated,8,8,44,60,5,,1.675998660231744,4.885809069982881,0.009201611627166886,0.006012598366589245,0.008797709380096387,0.34449858601494576,4.706936254913631e-16,9.215648292292451e-05,7.25642345877873e-06,4.188931041951114e-06,3.298374299444877e-07,5.094746504789333,6.425982182884323e-08,0.1948227095986598,5.0,6.907719163142093,69077.19163142092,"[0.9999967947853742, 0.9999921294551556, 0.9999869176385607, 0.9999829510180409, 0.9999638848122208, 0.0010000000000000963, 0.0010000000000000152, 0.0009999999999999681]"
13,9,hpp,20,20,20,60,5,,2.7256645753867224,6.424469240213157,0.006874664033786766,0.0035998780981372205,0.0055540808418224705,0.20625826727416596,9.317998345865068e-16,8.006189422370167e-05,1.5807821932600763e-05,8.006189422370167e-06,1.5807821932600762e-06,5.092318958955868,7.187981080294353e-06,4.547104029221412,,,,"[0.9999979239591185, 0.9999962740705021, 0.9999948786380471, 0.9999930525293487, 0.999987053836801, 0.0010000000000002231, 0.001000000000000161, 0.001000000000000093, 0.001000000000000063, 0.0010000000000000488, 0.0010000000000000351, 0.0010000000000000198, 0.0010000000000000113, 0.0010000000000000054, 0.0009999999999999974, 0.0009999999999999929, 0.0009999999999999861, 0.0009999999999999651, 0.0009999999999999606, 0.0009999999999999408]"
13,9,gated,8,8,44,60,5,,1.0398744010940224,4.354000625268041,0.00918961387465318,0.00941272072023635,0.012740891707803226,0.5393171350592717,5.752273635544305e-16,9.233490707936229e-05,7.233883641795786e-06,4.197041230880104e-06,3.2881289280889936e-07,5.094474549294792,2.760984435988445e-07,0.8396825356824082,5.0,6.9076667643527525,69076.66764352751,"[0.9999946833704454, 0.999994357904715, 0.9999875093640189, 0.9999497920816771, 0.999911489287954, 0.0010000000000000338, 0.000999999999999947, 0.0009999999999999048]"
14,0,hpp,20,20,20,60,5,,2.74296666779578,5.859282494536117,0.006207732741222234,0.0028155380217850996,0.004661278989395285,0.16131865884305116,8.120413658337536e-16,8.004352813682992e-05,1.5825551225251078e-05,8.004352813682991e-06,1.5825551225251078e-06,5.09554234978174,2.941432857580659e-07,0.18586606025370797,,,,"[0.9999979521290268, 0.999997137175619, 0.9999965753504918, 0.9999945488776659, 0.9999920806729025, 0.001000000000000118, 0.0010000000000000705, 0.0010000000000000577, 0.0010000000000000503, 0.0010000000000000317, 0.0010000000000000148, 0.001000000000000008, 0.0009999999999999953, 0.0009999999999999816, 0.0009999999999999666, 0.0009999999999999534, 0.0009999999999999475, 0.0009999999999999326, 0.0009999999999999111, 0.0009999999999998558]"
14,0,gated,8,8,44,60,5,,0.9946032661800226,3.629406448446771,0.009391844451064994,0.0101804369480371,0.01400219376248705,0.5833061467850084,7.173257737645851e-16,9.240626584949644e-05,7.299371557240513e-06,4.200284811340747e-06,3.3178961623820516e-07,5.095475792372566,2.2637838179663988e-07,0.6822949565549806,5.0,6.907651735966583,69076.51735966583,"[0.9999935618856615, 0.9999912907274063, 0.9999803751186599, 0.9999424445546977, 0.9998964623448438, 0.001000000000000005, 0.000999999999999973, 0.000999999999999765]"
14,1,hpp,20,20,20,60,5,,2.7905375278554287,6.213204944179089,0.006732774105280061,0.0031300009567917448,0.005112240960482081,0.17933613752010266,7.800434807908958e-16,8.005239214683879e-05,1.586378482454366e-05,8.00523921468388e-06,1.5863784824543659e-06,5.094469027502004,2.819317936227438e-07,0.1777203843477207,,,,"[0.9999980366211091, 0.9999968374753138, 0.9999954228575785, 0.9999933812824519, 0.9999902128909162, 0.0010000000000002045, 0.0010000000000001165, 0.001000000000000059, 0.0010000000000000514, 0.0010000000000000308, 0.0010000000000000226, 0.0010000000000000093, 0.0009999999999999972, 0.000999999999999994, 0.0009999999999999799, 0.0009999999999999645, 0.0009999999999999623, 0.0009999999999999168, 0.0009999999999998933, 0.0009999999999998563]"
14,1,gated,8,8,44,60,5,,1.4401395396111478,3.772622898770281,0.008940936621724722,0.005996761824477702,0.010636375968968175,0.3435912026313255,5.617535484004254e-16,9.222917852695373e-05,7.28504293463748e-06,4.192235387588806e-06,3.3113831521079454e-07,5.094997537144435,6.0656575113004564e-12,1.831759489215015e-05,5.0,6.907719353145469,69077.19353145469,"[0.9999925656873188, 0.999987466907694, 0.9999730341186575, 0.9999698391162982, 0.9999640748087731, 0.001000000000000117, 0.0010000000000000666, 0.0009999999999999083]"
14,2,hpp,20,20,20,60,5,,3.3306034237848032,6.032727547629287,0.006249790324174245,0.002556377565030248,0.004566464379384015,0.14646980485010525,5.179715329321197e-16,8.004176656839851e-05,1.5841037192880126e-05,8.00417665683985e-06,1.5841037192880126e-06,5.097017368584789,4.069776006910876e-06,2.569134809392448,,,,"[0.999998339701318, 0.9999969640732527, 0.9999962775859503, 0.9999941154263354, 0.9999934714688113, 0.0010000000000002572, 0.0010000000000002411, 0.0010000000000000636, 0.0010000000000000575, 0.0010000000000000475, 0.0010000000000000345, 0.0010000000000000165, 0.0010000000000000018, 0.000999999999999995, 0.000999999999999988, 0.0009999999999999766, 0.0009999999999999584, 0.0009999999999999382, 0.0009999999999999126, 0.0009999999999998862]"
14,2,gated,8,8,44,60,5,,0.658547981694399,4.32344664518596,0.00790112237045314,0.015756820792976606,0.017361870705772765,0.9028366916011974,5.112707729705178e-16,9.26647821889335e-05,7.3730741025972066e-06,4.212035554042432e-06,3.351397319362367e-07,5.095136850693394,1.8728112283718404e-08,0.05588150403868436,5.0,6.907507219093696,69075.07219093696,"[0.9999957947204844, 0.9999930048970022, 0.9999841926364754, 0.9999739037502895, 0.9997519708758998, 0.0010000000000000302, 0.0009999999999999601, 0.0009999999999998632]"
14,3,hpp,20,20,20,60,5,,2.4261142049291777,6.177793043221151,0.005610610318405801,0.003742758781154667,0.005595613178445729,0.21444478256345892,9.176487023012006e-16,8.006284511620631e-05,1.583997793174784e-05,8.00628451162063e-06,1.5839977931747841e-06,5.095381406849518,1.4547118486300317e-07,0.09183799718018379,,,,"[0.9999979136644775, 0.9999967587869003, 0.9999953946072904, 0.999992647600429, 0.9999860057649497, 0.0010000000000002362, 0.0010000000000001312, 0.0010000000000001117, 0.0010000000000000625, 0.0010000000000000345, 0.001000000000000032, 0.0010000000000000172, 0.0010000000000000046, 0.0009999999999999922, 0.0009999999999999812, 0.0009999999999999645, 0.0009999999999999573, 0.0009999999999999523, 0.000999999999999937, 0.000999999999999903]"
14,3,gated,8,8,44,60,5,,0.9182240022228001,4.878321808128795,0.008696211160118386,0.010500683086665507,0.01353226584773992,0.6016558800810771,7.254692829423746e-16,9.238049238393318e-05,7.286227996837509e-06,4.199113290178781e-06,3.311921816744322e-07,5.095899585688026,8.092544101101106e-07,2.4434586771303137,5.0,6.907645118833653,69076.45118833652,"[0.9999969351934136, 0.9999948931124337, 0.9999810603670237, 0.9999543263113171, 0.9998898459190589, 0.0010000000000001373, 0.0010000000000000202, 0.0009999999999998962]"
14,4,hpp,20,20,20,60,5,,3.000116282428909,5.668006280678425,0.006383237863290785,0.003179559993957935,0.005000059149568959,0.18217567531723158,7.509623360678289e-16,8.005011568057735e-05,1.5850502298256607e-05,8.005011568057736e-06,1.5850502298256607e-06,5.092941108233817,4.2390353048360915e-06,2.674385470612084,,,,"[0.9999977699309733, 0.9999974424444866, 0.9999951749273996, 0.9999947365983849, 0.999989900507846, 0.0010000000000001514, 0.001000000000000084, 0.0010000000000000514, 0.001000000000000038, 0.0010000000000000315, 0.0010000000000000206, 0.0010000000000000044, 0.0009999999999999963, 0.000999999999999982, 0.0009999999999999718, 0.0009999999999999653, 0.0009999999999999567, 0.000999999999999949, 0.0009999999999999272, 0.0009999999999998706]"
14,4,gated,8,8,44,60,5,,0.993932517056681,4.138179748950947,0.008296799352321187,0.00972755226437742,0.012150213530799038,0.557356479978947,6.826982349871816e-16,9.2304895013613e-05,7.283012509652528e-06,4.195677046073319e-06,3.31046023166024e-07,5.095182350159522,3.32515806794618e-08,0.1004439816598724,5.0,6.907660743866005,69076.60743866005,"[0.9999948061302918, 0.9999938327798072, 0.9999850813263447, 0.9999733303501848, 0.9999054693522175, 0.0010000000000000464, 0.0010000000000000052, 0.0009999999999999569]"
14,5,hpp,20,20,20,60,5,,3.0340906399717467,6.786287171528963,0.006724096028009628,0.002859952623330544,0.0043783755038435965,0.1638634383068883,8.881001149283184e-16,8.003840545929031e-05,1.5877270245858393e-05,8.00384054592903e-06,1.5877270245858394e-06,5.0949115897577775,7.816370929017158e-09,0.004922994197353332,,,,"[0.999998601392668, 0.9999982186981858, 0.999996854729595, 0.999995345327352, 0.9999918288503213, 0.001000000000000114, 0.0010000000000001024, 0.0010000000000000666, 0.001000000000000047, 0.0010000000000000263, 0.0010000000000000232, 0.0010000000000000198, 0.0010000000000000013, 0.0009999999999999926, 0.0009999999999999707, 0.000999999999999963, 0.0009999999999999458, 0.0009999999999999365, 0.0009999999999998597, 0.0009999999999998309]"
14,5,gated,8,8,44,60,5,,0.3005093978704701,4.494241977370775,0.008929667325858082,0.03206053896864362,0.03291539368352386,1.8372484081154046,4.870114213209979e-16,9.522039467125905e-05,8.433376895650349e-06,4.328199757784503e-06,3.833353134386522e-07,5.095502926228051,2.5293479086666906e-07,0.6598264808888993,5.0,6.906727901129285,69067.27901129285,"[0.9999958506462531, 0.9999920323884034, 0.9999899853114443, 0.9999666422164999, 0.9989731497191994, 0.001000000000000113, 0.0009999999999999384, 0.0009999999999998949]"
14,6,hpp,20,20,20,60,5,,2.3951796357666173,5.452145001119067,0.0060105361610926795,0.0046251173632392934,0.006445448781484891,0.26500064947488183,6.390589420253594e-16,8.00835873187883e-05,1.5836973461273527e-05,8.00835873187883e-06,1.5836973461273528e-06,5.094092987554525,8.226715762378346e-07,0.5194626222298914,,,,"[0.9999974772243191, 0.9999966957900441, 0.9999946499791827, 0.9999910450591843, 0.9999786296810872, 0.0010000000000003053, 0.00100000000000009, 0.0010000000000000633, 0.001000000000000051, 0.0010000000000000408, 0.0010000000000000317, 0.0010000000000000234, 0.001000000000000002, 0.0009999999999999926, 0.0009999999999999874, 0.0009999999999999807, 0.0009999999999999554, 0.0009999999999999421, 0.0009999999999999248, 0.0009999999999998116]"
14,6,gated,8,8,44,60,5,,0.36783837590144197,4.315333280629761,0.008429782721281403,0.025556547834128557,0.02705962934317539,1.464441772881226,5.081137968484028e-16,9.389156952953379e-05,7.737916862503865e-06,4.267798614978809e-06,3.517234937501757e-07,5.0946845432694925,9.951294881952669e-08,0.2829294903177817,5.0,6.907102582021466,69071.02582021465,"[0.9999941478276803, 0.9999924942025472, 0.9999845825465543, 0.9999497681066302, 0.9993475159999389, 0.0010000000000002843, 0.001000000000000018, 0.0009999999999998122]"
14,7,hpp,20,20,20,60,5,,2.7537793113876843,5.893498451481041,0.005956108803797299,0.003581812379578723,0.005667174022236403,0.20522317117350497,8.962628385407775e-16,8.00644420122963e-05,1.5829741713411065e-05,8.00644420122963e-06,1.5829741713411065e-06,5.094171770864418,6.85963501019373e-07,0.4333384040234972,,,,"[0.9999981958408534, 0.9999956431021797, 0.9999936946101216, 0.9999931982528518, 0.9999871834494578, 0.0010000000000002346, 0.0010000000000001394, 0.0010000000000000649, 0.0010000000000000573, 0.0010000000000000345, 0.0010000000000000213, 0.001000000000000017, 0.0010000000000000065, 0.0009999999999999953, 0.0009999999999999829, 0.0009999999999999697, 0.0009999999999999614, 0.0009999999999999495, 0.0009999999999999304, 0.0009999999999998797]"
14,7,gated,8,8,44,60,5,,0.9372197857735529,4.947099159448552,0.008799973936331687,0.009200772053232179,0.01110979427026242,0.5271728449903317,4.719305493264733e-16,9.225425580657123e-05,7.274565893907611e-06,4.193375263935056e-06,3.3066208608670957e-07,5.094218618543489,6.10556980571911e-07,1.8464680598785206,5.0,6.907670705853625,69076.70705853624,"[0.9999970706953349, 0.9999931019286221, 0.9999888341543643, 0.9999822586726506, 0.9999154304478317, 0.0010000000000001375, 0.0010000000000001267, 0.0009999999999999703]"
14,8,hpp,20,20,20,60,5,,3.2978534125042023,5.288521364084337,0.00677377577170491,0.0023844963155448917,0.004458179492861921,0.1366217046132236,6.881426988399395e-16,8.003979564489125e-05,1.5849584614544478e-05,8.003979564489125e-06,1.5849584614544478e-06,5.095091635980734,8.397152965921452e-09,0.005298027153478677,,,,"[0.9999973853073895, 0.9999968620748168, 0.999996141099182, 0.9999954361664409, 0.9999943198631437, 0.0010000000000001243, 0.0010000000000000792, 0.001000000000000067, 0.001000000000000046, 0.001000000000000034, 0.0010000000000000182, 0.0010000000000000128, 0.0010000000000000026, 0.000999999999999994, 0.000999999999999987, 0.000999999999999977, 0.000999999999999953, 0.0009999999999999345, 0.00099999999999993, 0.0009999999999998864]"
14,8,gated,8,8,44,60,5,,0.34552931295848627,4.303855767287731,0.009117091023907706,0.028168435218831007,0.029630698066959664,1.6141459617773608,5.283503618341179e-16,9.438653606429831e-05,7.977977035866025e-06,4.290297093831741e-06,3.626353198120921e-07,5.094477648031056,2.728515794549313e-07,0.7524131394490633,5.0,6.906962297373081,69069.6229737308,"[0.9999958694713972, 0.999994185962195, 0.9999871375026776, 0.9999383740559981, 0.9992073327180657, 0.001000000000000297, 0.0010000000000000213, 0.0009999999999999766]"
14,9,hpp,20,20,20,60,5,,2.606354257544386,5.555989915567255,0.006542268435815357,0.003324013681663525,0.005482922348847045,0.1904523057242066,1.0748055780903602e-15,8.006029402687674e-05,1.5813703200275457e-05,8.006029402687675e-06,1.5813703200275456e-06,5.094994562665214,2.956460952646693e-11,1.8695563684255786e-05,,,,"[0.999997711140629, 0.9999960512329749, 0.9999952403096519, 0.9999920029595867, 0.9999889619821106, 0.0010000000000001364, 0.0010000000000001184, 0.0010000000000000722, 0.0010000000000000492, 0.0010000000000000447, 0.001000000000000027, 0.0010000000000000148, 0.001000000000000006, 0.001, 0.0009999999999999846, 0.000999999999999981, 0.0009999999999999625, 0.000999999999999957, 0.000999999999999928, 0.000999999999999837]"
14,9,gated,8,8,44,60,5,,0.8662469515201736,4.0242032601074635,0.008886158605926406,0.010834587515222828,0.014472653454238824,0.6207882833368766,3.069899117799104e-16,9.243551027948099e-05,7.311898577005235e-06,4.201614103612772e-06,3.323590262275107e-07,5.096366331591151,1.8668620169892493e-06,5.6170041120270975,5.0,6.907638001206824,69076.38001206824,"[0.999994060797766, 0.9999884759200663, 0.9999753343197358, 0.9999501516204624, 0.9998827291016609, 0.001000000000000205, 0.0009999999999999907, 0.0009999999999999155]"
15,0,hpp,20,20,20,60,5,,2.9777823940063537,6.069700233608598,0.006829301691226667,0.0032527233122813123,0.004884764286378343,0.18636764635329126,6.624102704748439e-16,8.004784217563858e-05,1.585147252183966e-05,8.004784217563858e-06,1.585147252183966e-06,5.094666017157151,1.1154453931410404e-07,0.07036856617605808,,,,"[0.9999983477158901, 0.9999977726344509, 0.9999968193387603, 0.9999937928784243, 0.9999894303712626, 0.0010000000000002555, 0.0010000000000001785, 0.0010000000000000581, 0.0010000000000000514, 0.0010000000000000354, 0.0010000000000000187, 0.0010000000000000167, 0.001000000000000002, 0.0009999999999999963, 0.0009999999999999838, 0.0009999999999999703, 0.0009999999999999508, 0.0009999999999999454, 0.000999999999999935, 0.0009999999999998383]"
15,0,gated,8,8,44,60,5,,1.269805690561729,4.022646980414208,0.009268146553596734,0.007305734440935508,0.010918149533706425,0.41859147339845976,5.914781597220267e-16,9.224308498294095e-05,7.275881055543037e-06,4.192867499224588e-06,3.3072186616104715e-07,5.095060679170139,3.6819616893195176e-09,0.011133106292786105,5.0,6.907701957178414,69077.01957178414,"[0.9999945873400611, 0.9999936796375795, 0.9999894044313561, 0.9999565621897178, 0.999946679618033, 0.0010000000000001735, 0.001000000000000005, 0.0009999999999999074]"
15,1,hpp,20,20,20,60,5,,2.530056669035579,5.128144558520174,0.006797939724992187,0.004113671057548534,0.005866608091386481,0.2356966546603431,7.755735598756599e-16,8.006914292354258e-05,1.58606313027371e-05,8.006914292354258e-06,1.58606313027371e-06,5.096118598469914,1.2512625369049215e-06,0.7889109285889451,,,,"[0.9999975543309643, 0.9999973011254505, 0.9999949452724607, 0.9999927219649991, 0.9999830946327193, 0.0010000000000002542, 0.0010000000000001, 0.0010000000000000798, 0.0010000000000000575, 0.0010000000000000419, 0.0010000000000000193, 0.0010000000000000178, 0.0009999999999999944, 0.0009999999999999757, 0.0009999999999999733, 0.0009999999999999517, 0.000999999999999933, 0.000999999999999916, 0.0009999999999998701, 0.0009999999999998396]"
15,1,gated,8,8,44,60,5,,0.951905748743125,3.813421605433312,0.00865764645546587,0.011015091062175058,0.013814863548631545,0.6311309920089146,6.917981772747517e-16,9.239776405073412e-05,7.3053147072365766e-06,4.19989836594246e-06,3.3205975941984437e-07,5.09494054206363,3.535246196846898e-09,0.010646415582012937,5.0,6.907634060736515,69076.34060736514,"[0.9999948645462058, 0.9999902135464631, 0.9999812226624993, 0.9999642505392976, 0.9998787891011236, 0.00100000000000011, 0.001000000000000035, 0.0009999999999999547]"
15,2,hpp,20,20,20,60,5,,3.096713577394204,6.545799095020723,0.006341224231700602,0.003009577671403167,0.004392685113610227,0.17243635899759321,9.1028179291784e-16,8.003866362020867e-05,1.5853318820218326e-05,8.003866362020867e-06,1.5853318820218326e-06,5.0964644614084,2.1446472167054556e-06,1.352806463445564,,,,"[0.9999984763617115, 0.999997770836157, 0.9999973612892998, 0.9999961636262085, 0.9999909514997967, 0.0010000000000001126, 0.0010000000000000597, 0.0010000000000000564, 0.0010000000000000365, 0.001000000000000023, 0.0010000000000000189, 0.0010000000000000113, 0.0009999999999999942, 0.0009999999999999855, 0.0009999999999999775, 0.0009999999999999668, 0.0009999999999999445, 0.0009999999999999354, 0.000999999999999925, 0.0009999999999996225]"
15,2,gated,8,8,44,60,5,,1.129686174003879,4.602578829288102,0.009230579932744759,0.009279032465805455,0.011498832981899394,0.5316570277592951,4.819230481756579e-16,9.227228380110074e-05,7.294362919646462e-06,4.194194718231852e-06,3.3156195089302103e-07,5.094652826097035,1.205297188965694e-07,0.36352096062873784,5.0,6.907669260939597,69076.69260939596,"[0.9999959071263871, 0.9999928522868187, 0.9999863797070301, 0.9999787842860376, 0.9999139856569428, 0.0010000000000000365, 0.0009999999999999488, 0.000999999999999771]"
15,3,hpp,20,20,20,60,5,,2.612562355144468,4.676507263971773,0.006245514053144694,0.003713589420826327,0.005587842167577836,0.21277348971056362,6.151800045312024e-16,8.00626554819016e-05,1.5862549072118198e-05,8.006265548190161e-06,1.5862549072118198e-06,5.093196965484348,3.2509334646144342e-06,2.0494395004448815,,,,"[0.9999971267800307, 0.999996027130619, 0.9999950803121221, 0.9999943499767574, 0.9999862230443595, 0.001000000000000098, 0.0010000000000000575, 0.001000000000000048, 0.001000000000000024, 0.001000000000000017, 0.0010000000000000087, 0.0010000000000000009, 0.0009999999999999818, 0.0009999999999999777, 0.000999999999999968, 0.0009999999999999575, 0.0009999999999999367, 0.0009999999999999172, 0.0009999999999998955, 0.00099999999999983]"
15,3,gated,8,8,44,60,5,,1.2913159773004355,5.036762034939249,0.00844969360217687,0.007442351241651864,0.010486675186292791,0.4264192523227096,2.9521960022658784e-16,9.222395521343948e-05,7.278165758887137e-06,4.1919979642472486e-06,3.308257163130517e-07,5.094484174463439,2.6607598416379203e-07,0.804278419250852,5.0,6.907699944247609,69076.99944247608,"[0.9999966526173731, 0.9999924378895423, 0.9999869386096389, 0.9999694437007517, 0.9999446667965878, 0.0010000000000001776, 0.0009999999999999961, 0.0009999999999998996]"
15,4,hpp,20,20,20,60,5,,2.7679751310380687,5.581055179971186,0.006164714034233528,0.0032629000194457523,0.005331661385788319,0.18695073181740618,9.594954252487333e-16,8.005699453541734e-05,1.5846731060168233e-05,8.005699453541734e-06,1.5846731060168232e-06,5.093929183950707,1.1466470114128635e-06,0.7235858342387306,,,,"[0.999997515480502, 0.9999956165602646, 0.9999949463667521, 0.9999941592759833, 0.9999893641299792, 0.001000000000000151, 0.0010000000000000891, 0.0010000000000000705, 0.0010000000000000525, 0.0010000000000000393, 0.00100000000000003, 0.0010000000000000083, 0.000999999999999992, 0.0009999999999999855, 0.000999999999999972, 0.0009999999999999625, 0.0009999999999999493, 0.0009999999999999363, 0.0009999999999998988, 0.000999999999999861]"
15,4,gated,8,8,44,60,5,,1.2887104697880465,4.5380886842368655,0.008706357718418834,0.00756774022625317,0.009887519636164436,0.43360371428031763,5.261267791823323e-16,9.21991099538748e-05,7.280246368940955e-06,4.190868634267036e-06,3.3092028949731617e-07,5.094171969506458,6.85634498228363e-07,2.071902267672601,5.0,6.907698063923818,69076.98063923817,"[0.9999965103167628, 0.9999914878246691, 0.9999886628141026, 0.9999828871843937, 0.9999427865785598, 0.0010000000000001284, 0.0010000000000000776, 0.0009999999999999616]"
15,5,hpp,20,20,20,60,5,,2.9792586723753205,4.712882404940994,0.006507842867350833,0.002938224456148923,0.005106518279227019,0.16834810282948157,9.104677895213772e-16,8.00522534252661e-05,1.584739459244353e-05,8.00522534252661e-06,1.584739459244353e-06,5.0933516143684825,2.7171751901779066e-06,1.714587955974498,,,,"[0.9999965185263319, 0.9999962170322743, 0.9999951174810086, 0.9999947210377704, 0.9999913754702084, 0.0010000000000002119, 0.0010000000000001592, 0.0010000000000000811, 0.001000000000000055, 0.0010000000000000514, 0.0010000000000000332, 0.0010000000000000078, 0.000999999999999998, 0.0009999999999999913, 0.0009999999999999896, 0.0009999999999999681, 0.0009999999999999595, 0.000999999999999947, 0.0009999999999999308, 0.0009999999999998994]"
15,5,gated,8,8,44,60,5,,1.699700668314325,3.7761110628303456,0.007954600978860821,0.005980744412741565,0.009761444229966072,0.342673456082399,5.786486513270823e-16,9.219270226547934e-05,7.243160751783575e-06,4.1905773757036065e-06,3.292345796265261e-07,5.095331511562507,1.0989991607884528e-07,0.33380429298621206,5.0,6.907719544809118,69077.19544809118,"[0.9999926421914904, 0.9999898828325444, 0.9999808291941339, 0.9999771888085981, 0.9999642664655735, 0.0010000000000001342, 0.0009999999999999668, 0.000999999999999864]"
15,6,hpp,20,20,20,60,5,,2.816694809650599,5.500002283772758,0.006238074472350113,0.003381965857424777,0.005491019195436899,0.1937727394744991,5.861029454867223e-16,8.006047656530637e-05,1.585453264217906e-05,8.006047656530638e-06,1.5854532642179058e-06,5.096303782990842,1.699850087220478e-06,1.072154017771696,,,,"[0.9999975531518989, 0.999997103222823, 0.9999936549114952, 0.9999929938286389, 0.9999885737446329, 0.0010000000000001637, 0.0010000000000000982, 0.001000000000000048, 0.0010000000000000423, 0.0010000000000000289, 0.0010000000000000258, 0.001000000000000004, 0.0009999999999999966, 0.0009999999999999898, 0.0009999999999999699, 0.0009999999999999593, 0.0009999999999999452, 0.0009999999999999378, 0.0009999999999999241, 0.000999999999999761]"
15,6,gated,8,8,44,60,5,,1.5487152857866724,3.7489966598954845,0.008962928138780309,0.006300386471815352,0.009011642884386965,0.3609879423914222,6.86541111464352e-16,9.216434833387376e-05,7.266473995369409e-06,4.189288560630625e-06,3.3029427251679133e-07,5.094872662514087,1.621483531750782e-08,0.049092087470827994,5.0,6.907715623021001,69077.15623021,"[0.9999940304154548, 0.9999930035487424, 0.9999894804203688, 0.9999820122924915, 0.9999603448251755, 0.0010000000000000247, 0.0009999999999999517, 0.0009999999999999044]"
15,7,hpp,20,20,20,60,5,,3.5529574040828984,5.82716881661858,0.005940294620368721,0.002770381139625091,0.004617294847608849,0.15873134998776278,7.208770799903376e-16,8.004271051185502e-05,1.5868311463034554e-05,8.004271051185501e-06,1.5868311463034554e-06,5.0945062620807775,2.437771328735298e-07,0.15362512479126209,,,,"[0.9999986677470211, 0.9999973801662416, 0.9999953373924231, 0.9999949839386642, 0.9999923326633535, 0.0010000000000001707, 0.0010000000000000794, 0.0010000000000000594, 0.0010000000000000388, 0.001000000000000016, 0.0010000000000000113, 0.0010000000000000054, 0.0009999999999999955, 0.0009999999999999857, 0.0009999999999999736, 0.0009999999999999567, 0.0009999999999999315, 0.0009999999999999233, 0.000999999999999884, 0.000999999999999815]"
15,7,gated,8,8,44,60,5,,1.1853886317458329,3.637081820110315,0.008221155941981053,0.007655451232789512,0.010683993628370057,0.4386293303584399,4.149921235398993e-16,9.223242851946838e-05,7.2788835947565794e-06,4.1923831145212906e-06,3.3085834521620814e-07,5.094339954919772,4.3565950792657716e-07,1.3167553855771235,5.0,6.907696729940274,69076.96729940274,"[0.9999928195493997, 0.9999883042926017, 0.9999878222715425, 0.999975567641969, 0.9999414526723559, 0.001000000000000257, 0.00100000000000003, 0.0009999999999998539]"
15,8,hpp,20,20,20,60,5,,2.550960291212651,5.568313447591136,0.0061786716497229145,0.003238443117390966,0.005300129296513178,0.18554944714605417,8.518195352560563e-16,8.005632551062488e-05,1.585368465321864e-05,8.005632551062487e-06,1.585368465321864e-06,5.096447572709488,2.095466749268665e-06,1.321753772138542,,,,"[0.9999974670763289, 0.9999967228639456, 0.9999952715327912, 0.9999929522740579, 0.9999895229736886, 0.0010000000000004456, 0.0010000000000001009, 0.0010000000000000757, 0.0010000000000000464, 0.001000000000000038, 0.0010000000000000213, 0.0010000000000000143, 0.0010000000000000041, 0.0009999999999999979, 0.0009999999999999764, 0.0009999999999999705, 0.000999999999999959, 0.0009999999999999519, 0.0009999999999999243, 0.0009999999999998864]"
15,8,gated,8,8,44,60,5,,0.9997679803892627,4.126896663339653,0.008776391213449506,0.009642305996687646,0.011707715491924744,0.5524719995373416,5.802468086614973e-16,9.228322682943143e-05,7.2821783424518395e-06,4.194692128610519e-06,3.3100810647508364e-07,5.094411961915224,3.4578878914158037e-07,1.0446535368088012,5.0,6.907662393577519,69076.62393577519,"[0.9999953174799009, 0.9999945131231222, 0.9999903662610727, 0.9999757506953354, 0.9999071189091306, 0.0010000000000000332, 0.0009999999999999913, 0.0009999999999999057]"
15,9,hpp,20,20,20,60,5,,2.837832783448754,6.430579585984588,0.006231558068187536,0.003731987954611428,0.0053556977447662465,0.2138276553506418,6.69304688690504e-16,8.005756393244788e-05,1.585288932206167e-05,8.005756393244788e-06,1.5852889322061672e-06,5.094395283060805,3.6568257654420544e-07,0.23067250967008476,,,,"[0.9999979834562175, 0.999996695904273, 0.9999961124932855, 0.99999446713775, 0.9999860861936414, 0.0010000000000001828, 0.0010000000000001219, 0.0010000000000000696, 0.001000000000000053, 0.0010000000000000412, 0.0010000000000000282, 0.0010000000000000193, 0.001000000000000002, 0.0009999999999999922, 0.0009999999999999805, 0.000999999999999969, 0.0009999999999999627, 0.0009999999999999473, 0.0009999999999999321, 0.0009999999999998474]"
15,9,gated,8,8,44,60,5,,1.1571106764064003,4.7233379057633895,0.008497593384372712,0.0078099780788759956,0.010814161821788208,0.4474833311853718,2.6652166266840685e-16,9.223842768658625e-05,7.2728633054885276e-06,4.192655803935739e-06,3.30584695704024e-07,5.094639913712727,1.2966213427886995e-07,0.39222061990116397,5.0,6.907694342363725,69076.94342363725,"[0.9999959710490439, 0.9999880500445544, 0.9999871375057514, 0.9999729470126734, 0.999939065238165, 0.0009999999999999786, 0.0009999999999999675, 0.000999999999999847]"
16,0,hpp,20,20,20,60,5,,3.040678222386417,5.29841025005377,0.006506569771146669,0.00315079020947806,0.005384758375163527,0.18052727983186848,8.585779466229466e-16,8.005813901800992e-05,1.5863806126529692e-05,8.005813901800992e-06,1.5863806126529692e-06,5.096429627682132,2.043835309530672e-06,1.288363771738664,,,,"[0.999997421314482, 0.9999964095890377, 0.999995128179519, 0.9999919918412933, 0.9999900824485354, 0.0010000000000001943, 0.0010000000000001258, 0.0010000000000000826, 0.0010000000000000694, 0.0010000000000000414, 0.0010000000000000356, 0.0010000000000000239, 0.0010000000000000148, 0.0010000000000000085, 0.001000000000000002, 0.0009999999999999976, 0.0009999999999999853, 0.0009999999999999753, 0.0009999999999999092, 0.000999999999999809]"
16,0,gated,8,8,44,60,5,,1.0471465425707256,4.7155665081360425,0.009496688390266282,0.008479439879225403,0.012009679120824242,0.48584193991199087,4.557896270234332e-16,9.229541725183378e-05,7.295855623696297e-06,4.1952462387197174e-06,3.3162980107710443e-07,5.095411286934487,1.6915694248373084e-07,0.5100776285313442,5.0,6.90768344740254,69076.8344740254,"[0.9999967524077752, 0.9999921305920324, 0.9999777916325201, 0.9999610662072463, 0.9999281710002353, 0.0010000000000000054, 0.0009999999999999972, 0.000999999999999762]"
16,1,hpp,20,20,20,60,5,,2.5351403444256264,6.1274126054837765,0.006173286582098902,0.003556457361099594,0.005284164336496087,0.20377042637204898,7.683434587348683e-16,8.00560189090048e-05,1.5854042517638425e-05,8.00560189090048e-06,1.5854042517638424e-06,5.095467589550303,2.1863998755693728e-07,0.1379080365866871,,,,"[0.9999982992536744, 0.9999972825109716, 0.9999953769152499, 0.9999937825903351, 0.999987364259428, 0.0010000000000001557, 0.0010000000000001108, 0.001000000000000069, 0.0010000000000000475, 0.0010000000000000382, 0.0010000000000000234, 0.001000000000000012, 0.0010000000000000078, 0.0009999999999999916, 0.000999999999999972, 0.0009999999999999655, 0.0009999999999999612, 0.000999999999999934, 0.0009999999999999063, 0.0009999999999998623]"
16,1,gated,8,8,44,60,5,,0.7805532542769616,4.497696215209717,0.008480621512557626,0.01304297736634269,0.01573598186853488,0.7473287455661959,6.713367054819178e-16,9.252601503898734e-05,7.312456905184133e-06,4.2057279563176064e-06,3.3238440478109694e-07,5.0944634319117315,2.8790531334312884e-07,0.8661817738793692,5.0,6.907585315399744,69075.85315399744,"[0.9999955495052655, 0.9999914477708537, 0.9999782126890794, 0.9999573656698802, 0.9998300508606792, 0.0010000000000000811, 0.0009999999999999814, 0.0009999999999999404]"
16,2,hpp,20,20,20,60,5,,3.2051145739952713,5.92541445344396,0.006411504028437678,0.002706476377473628,0.004816110321260185,0.15506986309631723,6.453323188037799e-16,8.004646372458209e-05,1.5861059399398448e-05,8.004646372458209e-06,1.5861059399398449e-06,5.0964780214962495,2.1845475433895053e-06,1.377302416175528,,,,"[0.9999973255644582, 0.9999966480420557, 0.9999952428618305, 0.9999949294973163, 0.9999926823106324, 0.0010000000000001696, 0.0010000000000001475, 0.0010000000000001024, 0.001000000000000057, 0.00100000000000004, 0.0010000000000000315, 0.0010000000000000204, 0.001000000000000013, 0.0009999999999999974, 0.0009999999999999788, 0.0009999999999999718, 0.0009999999999999482, 0.0009999999999999467, 0.000999999999999935, 0.0009999999999998936]"
16,2,gated,8,8,44,60,5,,0.6666396513340727,4.0228082349129615,0.00929859829959993,0.01289968579002916,0.014924668195247947,0.7391180522206446,4.677739580028126e-16,9.247378573088134e-05,7.314717950953437e-06,4.2033538968582425e-06,3.324871795887926e-07,5.094397860557326,3.6257190841848625e-07,1.0904838763013398,5.0,6.90758902967169,69075.8902967169,"[0.9999945130881858, 0.9999915045871792, 0.9999862095097184, 0.9999714853314876, 0.9998337645084122, 0.0010000000000002088, 0.0010000000000001319, 0.0009999999999999653]"
16,3,hpp,20,20,20,60,5,,2.532393855625971,5.553815800155637,0.006384248044189567,0.003578811027187831,0.0051697144337776455,0.20505120524648782,8.131449537533148e-16,8.005361541028552e-05,1.582972377785917e-05,8.005361541028552e-06,1.582972377785917e-06,5.0967672449284,3.1231546369722856e-06,1.9729684995139345,,,,"[0.9999979379753572, 0.9999971903778414, 0.9999958803288779, 0.9999950871770237, 0.9999872049195202, 0.0010000000000001692, 0.0010000000000001301, 0.001000000000000064, 0.0010000000000000373, 0.0010000000000000271, 0.0010000000000000137, 0.0010000000000000072, 0.0010000000000000022, 0.0009999999999999686, 0.0009999999999999673, 0.0009999999999999582, 0.0009999999999999527, 0.0009999999999999315, 0.0009999999999999102, 0.0009999999999998328]"
16,3,gated,8,8,44,60,5,,0.552775115181265,4.5879929420579915,0.008581893592011502,0.017505560861787898,0.019460363761500076,1.0030459895199966,6.741969289977879e-16,9.285249780288324e-05,7.401182324443594e-06,4.220568081949238e-06,3.3641737838379974e-07,5.095008026021553,6.441702204279287e-11,0.00019147947217311437,5.0,6.907449093895802,69074.49093895801,"[0.9999957347706616, 0.9999910219048008, 0.9999825065260753, 0.9999585479629162, 0.9996938617835758, 0.0010000000000000412, 0.0010000000000000271, 0.0010000000000000009]"
16,4,hpp,20,20,20,60,5,,3.027773642067015,6.5064212871415315,0.0066539088759739766,0.003135733032706526,0.005262778326223672,0.17966456288959642,6.610631551737723e-16,8.005552620061577e-05,1.5856905988454555e-05,8.005552620061577e-06,1.5856905988454555e-06,5.095568869456702,3.2361245877409165e-07,0.2040829774797899,,,,"[0.9999979629833273, 0.999996030987267, 0.9999949270017545, 0.9999932328776074, 0.9999901770111695, 0.001000000000000088, 0.0010000000000000685, 0.0010000000000000625, 0.0010000000000000456, 0.0010000000000000375, 0.0010000000000000286, 0.0010000000000000093, 0.0009999999999999955, 0.0009999999999999953, 0.00099999999999999, 0.0009999999999999757, 0.0009999999999999519, 0.0009999999999999478, 0.0009999999999999018, 0.0009999999999998805]"
16,4,gated,8,8,44,60,5,,0.4265719158707192,4.515625543728814,0.00881225025944647,0.022503032735066614,0.024052769511140226,1.2894376432140444,6.811302150492615e-16,9.341440732655771e-05,7.561029385257138e-06,4.2461094239344415e-06,3.4368315387532445e-07,5.0958073309796745,6.517833107498117e-07,1.8964656934749111,5.0,6.907249270885694,69072.49270885694,"[0.999995798561691, 0.9999936745542929, 0.9999869224551338, 0.9999515273392396, 0.9994941199042072, 0.0010000000000001444, 0.0010000000000000488, 0.0009999999999999473]"
16,5,hpp,20,20,20,60,5,,3.0717769875099705,6.9766320726298465,0.006381857797684277,0.0027673027827144034,0.004552201707417847,0.15855497245284617,5.784807551753796e-16,8.004151503085888e-05,1.5822136630791396e-05,8.004151503085888e-06,1.5822136630791395e-06,5.096321263704627,1.7457377771762127e-06,1.1033514738956556,,,,"[0.9999987796339451, 0.999997757378586, 0.9999956413065437, 0.9999947701698065, 0.9999923496932739, 0.001000000000000239, 0.0010000000000001147, 0.00100000000000007, 0.0010000000000000531, 0.0010000000000000243, 0.001000000000000016, 0.0010000000000000117, 0.0009999999999999983, 0.000999999999999991, 0.0009999999999999894, 0.0009999999999999762, 0.0009999999999999636, 0.0009999999999999595, 0.0009999999999999332, 0.0009999999999998673]"
16,5,gated,8,8,44,60,5,,1.248637303651239,4.38414740929177,0.00913797831137789,0.008184240295547303,0.011809013820660772,0.4689276624907559,2.8327273908369365e-16,9.228505611027303e-05,7.275917705996208e-06,4.1947752777396834e-06,3.3072353209073675e-07,5.094982835687572,2.946136209521144e-10,0.0008908154163982643,5.0,6.907688361935811,69076.88361935811,"[0.9999950885648423, 0.9999868998730059, 0.9999845772765538, 0.9999610357384154, 0.999933085192574, 0.001000000000000004, 0.0009999999999999042, 0.0009999999999998868]"
16,6,hpp,20,20,20,60,5,,2.7253836574385657,6.569575631401256,0.00664146190188567,0.003260038167759346,0.004562694024528361,0.18678675892207566,7.851625608742531e-16,8.004173614617088e-05,1.585371522623117e-05,8.004173614617088e-06,1.5853715226231167e-06,5.096797315963785,3.230344673694626e-06,2.037594738897402,,,,"[0.9999983824271772, 0.9999980904632264, 0.9999970667774883, 0.9999962801945307, 0.999989382778993, 0.001000000000000205, 0.0010000000000001399, 0.0010000000000000803, 0.0010000000000000588, 0.0010000000000000486, 0.001000000000000022, 0.0010000000000000182, 0.0010000000000000013, 0.0009999999999999935, 0.0009999999999999846, 0.0009999999999999805, 0.0009999999999999775, 0.0009999999999999575, 0.0009999999999999278, 0.0009999999999999011]"
16,6,gated,8,8,44,60,5,,1.291442092724463,3.433945879079014,0.008690755089044945,0.00842408872800524,0.01124218356695127,0.4826704392796334,7.451930949971897e-16,9.225848316882134e-05,7.264549066291627e-06,4.193567416764607e-06,3.302067757405285e-07,5.095024788407729,6.144651579655614e-10,0.0018608496345586768,5.0,6.9076843821633,69076.843821633,"[0.9999941839940654, 0.9999889054701356, 0.9999852573036896, 0.9999762872330739, 0.999929105694373, 0.0010000000000000896, 0.001000000000000019, 0.0009999999999999673]"
16,7,hpp,20,20,20,60,5,,2.5766845969726893,5.939752802815455,0.006393630938839642,0.003345926187430796,0.005489528098523819,0.19170780680512872,6.960401902479327e-16,8.006045592335581e-05,1.587303927843131e-05,8.00604559233558e-06,1.5873039278431309e-06,5.095530930126829,2.818867995796437e-07,0.17758842187373572,,,,"[0.9999981590902228, 0.999997870263937, 0.9999934181442678, 0.9999916317445756, 0.99998881597317, 0.0010000000000001722, 0.0010000000000001555, 0.001000000000000063, 0.0010000000000000443, 0.0010000000000000254, 0.0010000000000000213, 0.0010000000000000156, 0.0009999999999999948, 0.0009999999999999874, 0.0009999999999999835, 0.0009999999999999705, 0.0009999999999999666, 0.0009999999999999556, 0.0009999999999999343, 0.000999999999999859]"
16,7,gated,8,8,44,60,5,,0.5723691269241631,4.332973300662657,0.009286671644211694,0.016542349716315324,0.018734496693741106,0.9478500550826218,5.320974478465795e-16,9.277839662927185e-05,7.378035117153253e-06,4.217199846785084e-06,3.3536523259787517e-07,5.094156827262452,7.109402653359007e-07,2.1198985351840705,5.0,6.907481865923372,69074.81865923372,"[0.9999951475979236, 0.9999905377433542, 0.9999809354157785, 0.9999561245427456, 0.9997266243151979, 0.0010000000000000187, 0.00099999999999999, 0.0009999999999999536]"
16,8,hpp,20,20,20,60,5,,3.1262988913040095,6.7942369232855375,0.006308917475562901,0.002872313171209092,0.00439523109727652,0.16457164844168215,8.423086419096499e-16,8.003870353447763e-05,1.5826039298759885e-05,8.003870353447763e-06,1.5826039298759884e-06,5.096275821718738,1.6277210580151185e-06,1.0285081613203535,,,,"[0.9999985892324693, 0.9999979864891516, 0.9999973994894755, 0.9999949679833331, 0.9999917580672285, 0.0010000000000000898, 0.0010000000000000787, 0.001000000000000064, 0.001000000000000047, 0.0010000000000000308, 0.0010000000000000267, 0.0010000000000000093, 0.0009999999999999985, 0.0009999999999999879, 0.0009999999999999736, 0.0009999999999999658, 0.0009999999999999543, 0.0009999999999999282, 0.0009999999999999068, 0.0009999999999998638]"
16,8,gated,8,8,44,60,5,,0.8552744454047091,3.5377689360145004,0.008893794328291604,0.011844590149873312,0.016596658134171112,0.678660894991785,5.955450424591335e-16,9.257906556696654e-05,7.312637675863857e-06,4.208139343953024e-06,3.323926216301753e-07,5.094429366945314,3.256220830949139e-07,0.9796309000420762,5.0,6.9076151151381096,69076.1511513811,"[0.9999949919647442, 0.9999848387742972, 0.9999759286250568, 0.9999092210452427, 0.9998598459784975, 0.0010000000000000321, 0.0009999999999999994, 0.0009999999999998554]"
16,9,hpp,20,20,20,60,5,,2.478254548366585,5.737502835583,0.006499420717490383,0.003583240834232318,0.005329434982073675,0.20530501612160287,8.693885416533838e-16,8.005698929730591e-05,1.5861690371626876e-05,8.005698929730591e-06,1.5861690371626877e-06,5.0956380041443445,4.070492882067862e-07,0.25662415459509225,,,,"[0.9999978866310154, 0.9999973558941744, 0.9999963585050325, 0.9999928512706882, 0.999987173224738, 0.0010000000000002403, 0.001000000000000199, 0.0010000000000001147, 0.0010000000000000573, 0.0010000000000000447, 0.0010000000000000332, 0.0010000000000000148, 0.0010000000000000065, 0.000999999999999996, 0.0009999999999999814, 0.0009999999999999668, 0.00099999999999996, 0.00099999999999995, 0.0009999999999999191, 0.0009999999999999113]"
16,9,gated,8,8,44,60,5,,0.7128330745546613,3.941185905213103,0.008520206940862664,0.015065765441459416,0.01751994967206008,0.8632374329119787,4.603320219228193e-16,9.266707008226204e-05,7.3291188830448934e-06,4.212139549193729e-06,3.331417674111315e-07,5.095194772539186,3.7936342022685355e-08,0.11387446947133463,5.0,6.907528502959344,69075.28502959343,"[0.9999942041691119, 0.9999890609751071, 0.9999789899927578, 0.9999578534861968, 0.9997732496889515, 0.0010000000000000063, 0.0009999999999998684, 0.0009999999999997893]"
17,0,hpp,20,20,20,60,5,,2.290645820256804,6.4024133370717085,0.005989061391527578,0.003923269647159438,0.005415425191809023,0.22478736933273735,6.413899274680249e-16,8.005889268451448e-05,1.5861629395641073e-05,8.005889268451449e-06,1.5861629395641073e-06,5.09504726318713,2.233808858125958e-09,0.0014083098289636182,,,,"[0.9999982489780982, 0.9999975379016431, 0.9999967254846597, 0.999993566785099, 0.99998462334732, 0.0010000000000001492, 0.0010000000000000766, 0.0010000000000000625, 0.0010000000000000512, 0.0010000000000000404, 0.0010000000000000239, 0.0010000000000000102, 0.0009999999999999994, 0.0009999999999999972, 0.0009999999999999803, 0.0009999999999999712, 0.0009999999999999586, 0.0009999999999999415, 0.00099999999999992, 0.00099999999999985]"
17,0,gated,8,8,44,60,5,,1.0875111024906878,3.9502603119582758,0.009166436813592476,0.009032111633518447,0.011504285902177913,0.5175089131676996,7.239331708070235e-16,9.227212299797938e-05,7.265841503139453e-06,4.194187408999063e-06,3.3026552286997517e-07,5.09512620207173,1.592696291003063e-08,0.048224721647076196,5.0,6.9076737781995,69076.737781995,"[0.999995431904083, 0.999993172362033, 0.9999905373822202, 0.9999701395676589, 0.9999185025384799, 0.001000000000000018, 0.0009999999999999942, 0.0009999999999998593]"
17,1,hpp,20,20,20,60,5,,2.345315067138777,5.586214939794945,0.006618341264115391,0.0036806327383543105,0.005510224187417196,0.21088519799285402,5.438953896843408e-16,8.006092957735663e-05,1.5830580131461325e-05,8.006092957735663e-06,1.5830580131461324e-06,5.095004323886287,1.869599266337353e-11,1.1810048973642824e-05,,,,"[0.9999976179038625, 0.9999968904302472, 0.9999955163377293, 0.9999931766304339, 0.9999864664897025, 0.0010000000000001555, 0.0010000000000000503, 0.0010000000000000488, 0.0010000000000000325, 0.0010000000000000228, 0.0010000000000000187, 0.0010000000000000024, 0.000999999999999995, 0.000999999999999988, 0.00099999999999997, 0.000999999999999958, 0.0009999999999999514, 0.0009999999999999308, 0.000999999999999893, 0.0009999999999998246]"
17,1,gated,8,8,44,60,5,,1.126793837372523,4.141239398516014,0.009036837936966965,0.008818200408867181,0.011135705573601893,0.5052522145970502,4.797919070614012e-16,9.22545336213477e-05,7.268228287816906e-06,4.193387891879441e-06,3.303740130825866e-07,5.094985297657962,2.1615886127299704e-10,0.0006542853030603282,5.0,6.907677593066812,69076.77593066813,"[0.9999954347337333, 0.9999932252351521, 0.9999882668834441, 0.9999768761107786, 0.999922317102208, 0.0010000000000000607, 0.0010000000000000401, 0.000999999999999958]"
17,2,hpp,20,20,20,60,5,,1.8582027637550194,6.052701131038998,0.00627770100593348,0.005254792509130767,0.006649512067414489,0.30107881860808444,6.544550167451717e-16,8.008920573361835e-05,1.5875705284800085e-05,8.008920573361835e-06,1.5875705284800086e-06,5.094020684532101,9.59058785657496e-07,0.6041046797308147,,,,"[0.9999983744512918, 0.9999973150804496, 0.9999966900896475, 0.9999910338153567, 0.9999724147685302, 0.0010000000000001785, 0.0010000000000000636, 0.0010000000000000419, 0.0010000000000000351, 0.0010000000000000302, 0.0010000000000000185, 0.001000000000000007, 0.0009999999999999894, 0.00099999999999998, 0.0009999999999999773, 0.0009999999999999577, 0.0009999999999999508, 0.000999999999999935, 0.0009999999999998905, 0.0009999999999998203]"
17,2,gated,8,8,44,60,5,,0.6145729181697656,4.1557037283353,0.008361303376273534,0.015381539711669782,0.016715133451623374,0.8813320628726788,4.6909259834314215e-16,9.261464123305108e-05,7.361084909876625e-06,4.2097564196841395e-06,3.3459476863075565e-07,5.096070535104218,1.1460454093729232e-06,3.4251743207546963,5.0,6.907518895873588,69075.18895873587,"[0.9999949892595694, 0.9999915044721609, 0.9999885094342226, 0.9999822357155663, 0.9997636448278623, 0.0010000000000001251, 0.0010000000000000907, 0.0009999999999999554]"
17,3,hpp,20,20,20,60,5,,2.7504427956494877,5.463163798621657,0.0066698661904164135,0.0032251313980786456,0.005521568827853078,0.18478673782834013,6.970490894432193e-16,8.00611414135291e-05,1.586283924377359e-05,8.00611414135291e-06,1.5862839243773588e-06,5.094528992660365,2.2184791398565716e-07,0.13985384998006326,,,,"[0.9999979212649405, 0.9999960809970825, 0.9999933719597714, 0.9999925596146682, 0.999989608928938, 0.0010000000000002977, 0.001000000000000161, 0.0010000000000001013, 0.0010000000000000859, 0.0010000000000000586, 0.0010000000000000443, 0.0010000000000000351, 0.0010000000000000189, 0.0010000000000000109, 0.0009999999999999918, 0.000999999999999973, 0.0009999999999999632, 0.0009999999999999519, 0.000999999999999919, 0.00099999999999986]"
17,3,gated,8,8,44,60,5,,1.111247761662553,4.6965317179585195,0.009171361084876178,0.008957889588773452,0.011458794102059834,0.5132561312061528,6.915496279127679e-16,9.226996649013252e-05,7.270640944319207e-06,4.194089385915114e-06,3.304836792872367e-07,5.094372564002245,3.93675931273169e-07,1.1912114151059465,5.0,6.90767511222663,69076.7511222663,"[0.9999958185638188, 0.9999939070474909, 0.9999920968357011, 0.9999671684367766, 0.9999198364579008, 0.0010000000000001394, 0.0009999999999999794, 0.0009999999999999048]"
17,4,hpp,20,20,20,60,5,,2.289689868037139,5.553870148415467,0.006579780581368791,0.0036537748494320987,0.005404769349607767,0.20934634396334936,8.2666711837206365e-16,8.005861372061374e-05,1.586443086768544e-05,8.005861372061374e-06,1.5864430867685439e-06,5.095999427539797,9.988554073146344e-07,0.6296194396416842,,,,"[0.9999973778731452, 0.9999968553984834, 0.9999963126416272, 0.9999936084871341, 0.9999866632794201, 0.001000000000000144, 0.00100000000000008, 0.0010000000000000482, 0.0010000000000000388, 0.0010000000000000284, 0.001000000000000019, 0.0010000000000000174, 0.0010000000000000078, 0.0009999999999999887, 0.000999999999999955, 0.0009999999999999484, 0.0009999999999999326, 0.0009999999999999308, 0.000999999999999839, 0.0009999999999997845]"
17,4,gated,8,8,44,60,5,,0.6885902983846608,3.9016723442382726,0.008511618136175424,0.01470192983576334,0.016827184568404263,0.8423888787471678,7.046035504890371e-16,9.261401278586531e-05,7.320824939972545e-06,4.209727853902968e-06,3.32764769998752e-07,5.09404770674614,9.068624413390903e-07,2.725235731362101,5.0,6.907539325071528,69075.39325071528,"[0.9999938141611485, 0.9999917576096056, 0.9999826833375476, 0.9999648044994964, 0.999784069405845, 0.0010000000000000872, 0.0009999999999999278, 0.0009999999999998853]"
17,5,hpp,20,20,20,60,5,,1.635542907783459,5.966565909277697,0.006590802313996279,0.006408931598080283,0.0077927061070801095,0.36720724559043005,7.021944452905053e-16,8.01231571413363e-05,1.5815258074003516e-05,8.01231571413363e-06,1.5815258074003515e-06,5.095896965047449,8.045462963532826e-07,0.5087152499115797,,,,"[0.999998756225518, 0.9999976250037378, 0.9999938533914635, 0.999990133166903, 0.9999589666701753, 0.0010000000000001997, 0.0010000000000001312, 0.0010000000000000581, 0.001000000000000046, 0.0010000000000000315, 0.0010000000000000273, 0.0010000000000000206, 0.0010000000000000002, 0.0009999999999999972, 0.0009999999999999733, 0.000999999999999963, 0.0009999999999999573, 0.0009999999999999417, 0.000999999999999894, 0.0009999999999998723]"
17,5,gated,8,8,44,60,5,,1.414793068576494,3.9652865964332418,0.00830215887810373,0.007312197056310467,0.010918292348818524,0.41896176387483414,3.766617065150296e-16,9.224263806092671e-05,7.244156594490188e-06,4.192847184587578e-06,3.2927984520409943e-07,5.095143622137266,2.0627318314300822e-08,0.06264373181272383,5.0,6.907701862797802,69077.01862797802,"[0.9999942600256666, 0.999992758430454, 0.9999817597406121, 0.999965546662124, 0.999946585242435, 0.0010000000000001507, 0.0010000000000000887, 0.0009999999999999415]"
17,6,hpp,20,20,20,60,5,,2.7093660956433885,5.700113909274781,0.006799736420434926,0.0036730332945048537,0.005213076422602339,0.21044977899038575,9.176675354619787e-16,8.005453171504208e-05,1.584172970929526e-05,8.005453171504207e-06,1.584172970929526e-06,5.093139133979342,3.462822346821536e-06,2.185886522725923,,,,"[0.9999979688267864, 0.9999972261760246, 0.9999962605250141, 0.9999948731649626, 0.9999865223175914, 0.0010000000000001876, 0.0010000000000000727, 0.001000000000000048, 0.001000000000000037, 0.001000000000000013, 0.0010000000000000059, 0.0010000000000000022, 0.0009999999999999814, 0.0009999999999999783, 0.0009999999999999658, 0.0009999999999999593, 0.0009999999999999393, 0.0009999999999999265, 0.0009999999999999096, 0.000999999999999891]"
17,6,gated,8,8,44,60,5,,1.5620836963358629,3.195345244541654,0.009321850753701719,0.00652199801272936,0.010212214407431275,0.37368560936440764,4.865802523409405e-16,9.221151548869291e-05,7.269785661485898e-06,4.1914325222133145e-06,3.304448027948135e-07,5.094829140835605,2.9192854056076488e-08,0.08834411620086367,5.0,6.907712784157508,69077.12784157507,"[0.9999930492253839, 0.9999909894709522, 0.9999862064011641, 0.9999680637903408, 0.9999575060783801, 0.001000000000000117, 0.0010000000000000336, 0.0009999999999997513]"
17,7,hpp,20,20,20,60,5,,2.7375595606765777,5.628866892389491,0.005966759941720548,0.0033973908284612806,0.005646951641801756,0.1946565302913682,9.190574805932722e-16,8.00639739673241e-05,1.580570567850572e-05,8.006397396732411e-06,1.580570567850572e-06,5.0961718810130545,1.3733051087686711e-06,0.8688666844127292,,,,"[0.9999981978809539, 0.9999956059170929, 0.999994708330757, 0.9999911624185897, 0.9999884692778234, 0.0010000000000002216, 0.0010000000000000855, 0.0010000000000000365, 0.0010000000000000271, 0.0010000000000000174, 0.001000000000000011, 0.0010000000000000026, 0.0009999999999999935, 0.0009999999999999835, 0.0009999999999999703, 0.0009999999999999558, 0.0009999999999999497, 0.0009999999999999376, 0.0009999999999999035, 0.0009999999999998686]"
17,7,gated,8,8,44,60,5,,0.5364211562232395,3.2617045233254185,0.008967544493165558,0.019736934187155105,0.022637838706019934,1.1309164616619845,3.1113720478096e-16,9.318106607447192e-05,7.460960497378892e-06,4.235503003385087e-06,3.391345680626769e-07,5.095300344653783,9.020691105871915e-08,0.2659914958655811,5.0,6.907366046216298,69073.66046216298,"[0.9999906852370096, 0.9999885265595887, 0.9999608780257332, 0.9999371079326662, 0.9996108429754627, 0.001000000000000056, 0.0010000000000000302, 0.0009999999999999248]"
17,8,hpp,20,20,20,60,5,,2.539539709319284,5.506227837002373,0.006712352745920249,0.0038270558726724406,0.005689860765488667,0.21927468472964784,7.677447260519266e-16,8.00649931166583e-05,1.5834534374290475e-05,8.00649931166583e-06,1.5834534374290475e-06,5.092131530481242,8.22811738001553e-06,5.1963115463470775,,,,"[0.9999975434495662, 0.999996915725057, 0.9999955199781317, 0.9999923104165274, 0.999985368289704, 0.0010000000000002544, 0.0010000000000000805, 0.001000000000000065, 0.0010000000000000536, 0.0010000000000000351, 0.0010000000000000202, 0.0010000000000000126, 0.0010000000000000033, 0.0009999999999999868, 0.0009999999999999799, 0.0009999999999999653, 0.000999999999999959, 0.0009999999999999367, 0.0009999999999999265, 0.000999999999999905]"
17,8,gated,8,8,44,60,5,,1.220045646126651,4.25918338473392,0.00892584097753642,0.007624812244237768,0.010685818237707716,0.43687379438832574,5.803949826572023e-16,9.223268131903128e-05,7.261915341168824e-06,4.1923946054105125e-06,3.300870609622193e-07,5.096080971496772,1.1684993768428558e-06,3.539973282917013,5.0,6.907697197671394,69076.97197671393,"[0.9999949285586446, 0.9999909800763227, 0.9999884853072384, 0.999969613157095, 0.9999419203760018, 0.0010000000000000592, 0.0010000000000000204, 0.0009999999999999773]"
17,9,hpp,20,20,20,60,5,,3.199834108041728,5.100454227092219,0.006366658266932901,0.002612892270023051,0.004761497507242587,0.14970786974275221,5.545982306456655e-16,8.004541750370305e-05,1.5871426163190357e-05,8.004541750370304e-06,1.5871426163190356e-06,5.093780088900473,1.4881830907367523e-06,0.9376492543488031,,,,"[0.9999977148450302, 0.9999969213204322, 0.9999960234583564, 0.999993511568335, 0.9999931796211909, 0.0010000000000000935, 0.0010000000000000683, 0.0010000000000000501, 0.0010000000000000436, 0.0010000000000000265, 0.0010000000000000102, 0.001000000000000001, 0.000999999999999991, 0.0009999999999999755, 0.000999999999999972, 0.0009999999999999497, 0.0009999999999999456, 0.0009999999999999102, 0.0009999999999998552, 0.0009999999999998337]"
17,9,gated,8,8,44,60,5,,1.556926266042254,5.092863676440013,0.00866419188714028,0.005514639124232839,0.008101627192890551,0.3159671488624403,5.502361263852812e-16,9.213246741408932e-05,7.245503371264772e-06,4.1878394279131506e-06,3.293410623302169e-07,5.0949350830895535,4.21420526131634e-09,0.012795869520487937,5.0,6.907724897687172,69077.24897687172,"[0.9999966448572677, 0.9999949059093904, 0.9999886578759857, 0.9999846014639723, 0.9999696191665753, 0.001000000000000034, 0.0010000000000000018, 0.0009999999999999508]"
18,0,hpp,20,20,20,60,5,,2.596775961934895,5.621843036222089,0.006646301429767773,0.0032374473592307875,0.004839978610074362,0.18549239410697918,7.006330147739957e-16,8.004695926173577e-05,1.586889803505379e-05,8.004695926173578e-06,1.5868898035053788e-06,5.095650697815958,4.2340764769850894e-07,0.26681603647790647,,,,"[0.9999978636393718, 0.999997386050036, 0.9999965543464508, 0.9999952645809274, 0.9999895294156615, 0.0010000000000001956, 0.0010000000000000865, 0.0010000000000000631, 0.0010000000000000512, 0.0010000000000000432, 0.0010000000000000213, 0.001000000000000013, 0.0010000000000000113, 0.000999999999999999, 0.0009999999999999913, 0.000999999999999969, 0.0009999999999999462, 0.0009999999999999354, 0.0009999999999999172, 0.0009999999999999133]"
18,0,gated,8,8,44,60,5,,1.0908177468389388,5.339938936415519,0.008249671977472691,0.0083456672069176,0.010279644053823494,0.47817705913819414,5.77090763444347e-16,9.22164198798552e-05,7.277702168493425e-06,4.191655449084327e-06,3.308046440224284e-07,5.094504071667005,2.459449114621885e-07,0.743474784608869,5.0,6.907685696050204,69076.85696050203,"[0.9999975081541183, 0.9999936364576343, 0.999990491202747, 0.9999823792856752, 0.9999304194890324, 0.0010000000000001293, 0.0010000000000000898, 0.0009999999999999972]"
18,1,hpp,20,20,20,60,5,,2.2372410987953413,5.8819811999982115,0.006298744191916158,0.003989751006799959,0.00584024964516586,0.2285965004712686,7.008123898116654e-16,8.006850602547561e-05,1.5786468403434767e-05,8.00685060254756e-06,1.5786468403434766e-06,5.0958527009316725,7.270988788831979e-07,0.46058362155591315,,,,"[0.9999974918440957, 0.9999972180543568, 0.999995472894483, 0.9999916449946445, 0.999984097805017, 0.001000000000000153, 0.0010000000000000946, 0.0010000000000000774, 0.0010000000000000492, 0.0010000000000000356, 0.0010000000000000282, 0.0010000000000000132, 0.0010000000000000098, 0.0010000000000000022, 0.0009999999999999898, 0.0009999999999999825, 0.0009999999999999694, 0.0009999999999999593, 0.0009999999999998834, 0.0009999999999998714]"
18,1,gated,8,8,44,60,5,,1.2134999656073446,4.017422485038529,0.00848306826356293,0.007677311859936826,0.011663073107443776,0.43988188884061996,6.108933707793121e-16,9.22772243587086e-05,7.265815617428823e-06,4.194419289032209e-06,3.302643462467647e-07,5.0955137594989095,2.6394882272455986e-07,0.799204715023475,5.0,6.907696395072099,69076.963950721,"[0.9999934824702592, 0.9999891250034133, 0.9999744896357255, 0.999965893819844, 0.999941117823722, 0.0010000000000001358, 0.001000000000000002, 0.000999999999999911]"
18,2,hpp,20,20,20,60,5,,2.9521568922020736,5.733543952168565,0.006128957509555157,0.0027026645188760363,0.00473593571827556,0.1548514588877922,7.849463877196226e-16,8.00449293486739e-05,1.581321323691456e-05,8.00449293486739e-06,1.5813213236914562e-06,5.094001003833794,9.97993340084572e-07,0.6311135663148106,,,,"[0.9999977534204706, 0.9999969664742264, 0.9999954217941273, 0.9999947487442413, 0.9999927029088942, 0.0010000000000001375, 0.001000000000000079, 0.0010000000000000436, 0.001000000000000029, 0.0010000000000000263, 0.001000000000000023, 0.0010000000000000148, 0.0009999999999999972, 0.0009999999999999766, 0.0009999999999999638, 0.000999999999999957, 0.0009999999999999443, 0.0009999999999999415, 0.000999999999999913, 0.0009999999999998515]"
18,2,gated,8,8,44,60,5,,1.0657483178636336,5.069300588489064,0.009081838308732165,0.009136630412842054,0.011850497445154979,0.5234976452230694,4.506536654923893e-16,9.228911877762631e-05,7.257896872013028e-06,4.1949599444375595e-06,3.2990440327331947e-07,5.094468327384173,2.826757704152309e-07,0.8568414595577236,5.0,6.907671880967275,69076.71880967275,"[0.999996462248816, 0.9999932582314002, 0.9999913827526599, 0.9999619974490012, 0.9999166054627138, 0.0010000000000000584, 0.0009999999999999534, 0.0009999999999998717]"
18,3,hpp,20,20,20,60,5,,2.7466753096964913,6.6076469199063945,0.006865970944946131,0.003089024794452614,0.004607634372264519,0.1769883650068471,8.717956148008471e-16,8.004254924026318e-05,1.582083910803981e-05,8.004254924026317e-06,1.5820839108039812e-06,5.093771380109552,1.5095068351926744e-06,0.9541256471191691,,,,"[0.9999984946582049, 0.9999980667331292, 0.9999962730847471, 0.9999954889918117, 0.9999904674678938, 0.0010000000000001147, 0.0010000000000000972, 0.001000000000000081, 0.0010000000000000486, 0.0010000000000000382, 0.001000000000000025, 0.001000000000000022, 0.0010000000000000093, 0.0009999999999999894, 0.0009999999999999829, 0.0009999999999999703, 0.0009999999999999465, 0.0009999999999999439, 0.0009999999999999092, 0.0009999999999998712]"
18,3,gated,8,8,44,60,5,,0.8002402496332266,3.9270425770230037,0.008459493907917821,0.011281683950027651,0.013507113327479935,0.6464065886813847,8.993949431348034e-16,9.238169392845464e-05,7.279335357296334e-06,4.1991679058388475e-06,3.308788798771061e-07,5.094842914828587,2.467575107638543e-08,0.07457638603452241,5.0,6.907628121781539,69076.28121781538,"[0.9999943851968539, 0.9999914920744368, 0.9999851533161367, 0.9999738588605975, 0.9998728508836445, 0.001000000000000108, 0.0010000000000000909, 0.000999999999999887]"
18,4,hpp,20,20,20,60,5,,2.190300672731679,6.570989029378239,0.0065551007816925825,0.0038337045611864587,0.00569533752507265,0.21965562931538293,7.076889047823704e-16,8.00651147815018e-05,1.5856572633017205e-05,8.006511478150179e-06,1.5856572633017205e-06,5.093050454733276,3.8007267469885325e-06,2.396940899494575,,,,"[0.9999977144263299, 0.9999960712207159, 0.999995562951418, 0.999992929562253, 0.9999853174066289, 0.0010000000000001499, 0.0010000000000001225, 0.0010000000000000627, 0.001000000000000057, 0.0010000000000000347, 0.0010000000000000276, 0.001000000000000015, 0.0010000000000000046, 0.000999999999999988, 0.0009999999999999731, 0.000999999999999965, 0.000999999999999962, 0.0009999999999999415, 0.0009999999999999194, 0.0009999999999998252]"
18,4,gated,8,8,44,60,5,,0.9009919793322844,3.4205772465606983,0.0088869583326139,0.011210135000049111,0.013825198575947726,0.6423068765636701,4.751997515948e-16,9.239920050366404e-05,7.310166622384824e-06,4.1999636592574565e-06,3.32280301017492e-07,5.094948869349683,2.614343401320434e-09,0.007867885617398694,5.0,6.907629729641401,69076.297296414,"[0.9999920993671008, 0.9999911165589805, 0.9999863351278239, 0.9999650454261394, 0.999874458540408, 0.001000000000000156, 0.0010000000000000367, 0.000999999999999921]"
18,5,hpp,20,20,20,60,5,,2.9936498367946047,6.238492976296448,0.00681361578095744,0.002631756186229764,0.004640864802615963,0.150788696242705,7.105002884872902e-16,8.004314068627158e-05,1.5863191717963364e-05,8.004314068627159e-06,1.5863191717963365e-06,5.09436443455159,4.039434392067228e-07,0.25464197015869144,,,,"[0.9999977991109539, 0.9999975942882631, 0.9999952280464225, 0.9999947816803543, 0.9999930807855171, 0.001000000000000145, 0.0010000000000000833, 0.0010000000000000683, 0.0010000000000000417, 0.0010000000000000395, 0.0010000000000000317, 0.001000000000000026, 0.0010000000000000083, 0.0009999999999999946, 0.0009999999999999866, 0.0009999999999999788, 0.0009999999999999636, 0.000999999999999956, 0.0009999999999999285, 0.0009999999999998324]"
18,5,gated,8,8,44,60,5,,1.337040116290528,3.606860393990401,0.009737833939659941,0.007215517051686444,0.010591246803105182,0.41342226150038947,5.040821501060806e-16,9.222799525810382e-05,7.256360384181848e-06,4.192181602641083e-06,3.298345629173567e-07,5.095509797745065,2.598937408785538e-07,0.7879518100826587,5.0,6.907703266006616,69077.03266006616,"[0.9999942943406439, 0.9999910339368017, 0.9999806875883277, 0.9999739334225294, 0.9999479883773637, 0.001000000000000233, 0.0010000000000001481, 0.0009999999999999454]"
18,6,hpp,20,20,20,60,5,,2.4790615513556906,4.895198180570784,0.006632281015019573,0.003170946753033753,0.005660554009627653,0.18168217047652316,6.96988100250455e-16,8.006425918454115e-05,1.586720385127046e-05,8.006425918454115e-06,1.5867203851270462e-06,5.094769494744578,5.313267277496469e-08,0.03348584493714086,,,,"[0.9999969336836606, 0.999995232649255, 0.9999947576587415, 0.9999911110269278, 0.9999899551515935, 0.0010000000000001345, 0.0010000000000001167, 0.0010000000000000742, 0.001000000000000064, 0.0010000000000000373, 0.001000000000000027, 0.0010000000000000148, 0.0010000000000000074, 0.0010000000000000018, 0.0009999999999999747, 0.0009999999999999625, 0.0009999999999999551, 0.0009999999999999501, 0.0009999999999998903, 0.000999999999999856]"
18,6,gated,8,8,44,60,5,,0.7636727548412356,4.661247700488127,0.0093023996076451,0.011884359291344482,0.013756330430246674,0.6809396593447349,4.696482864779956e-16,9.239903671383103e-05,7.309155242631633e-06,4.199956214265047e-06,3.3223432921052875e-07,5.094493351086367,2.566931216807189e-07,0.7726267249103532,5.0,6.90761417226918,69076.1417226918,"[0.9999967208703237, 0.9999948956418702, 0.9999905617547572, 0.9999698711005383, 0.9998589032422299, 0.001000000000000103, 0.001000000000000071, 0.0009999999999999777]"
18,7,hpp,20,20,20,60,5,,2.6286441891387122,5.950407010593048,0.005815739521628407,0.0028083733267446564,0.005056947212780668,0.16090815043276693,7.705192141850555e-16,8.005124121023883e-05,1.5869114973480928e-05,8.005124121023882e-06,1.5869114973480927e-06,5.094244853356215,5.702464536129733e-07,0.3593435768572596,,,,"[0.9999975810450741, 0.9999955699005751, 0.9999952397158738, 0.9999939412698582, 0.999992120926218, 0.001000000000000078, 0.001000000000000052, 0.0010000000000000434, 0.0010000000000000315, 0.00100000000000003, 0.0010000000000000239, 0.0010000000000000122, 0.0010000000000000018, 0.000999999999999991, 0.0009999999999999807, 0.0009999999999999666, 0.000999999999999947, 0.000999999999999937, 0.0009999999999998738, 0.00099999999999975]"
18,7,gated,8,8,44,60,5,,0.9249143183666313,4.613488003778958,0.009035095035309398,0.011018176126148966,0.012859232210103157,0.6313077638815396,3.703843653320039e-16,9.234569537967788e-05,7.305192367046207e-06,4.197531608167177e-06,3.320541985021003e-07,5.095208341637392,4.340623787299581e-08,0.13072034044081288,5.0,6.907633992822334,69076.33992822334,"[0.9999954250644398, 0.9999930390947209, 0.9999852649461662, 0.9999823552064334, 0.9998787211950584, 0.000999999999999992, 0.0009999999999999738, 0.0009999999999999256]"
18,8,hpp,20,20,20,60,5,,2.2997038463451176,5.549478252126098,0.00632841279704002,0.0038275709816164233,0.005571542367513156,0.2193041985142921,8.755441209107329e-16,8.006232322325158e-05,1.585924210635251e-05,8.006232322325158e-06,1.5859242106352509e-06,5.095523374651405,2.7392102573825096e-07,0.17272012363600298,,,,"[0.9999976862665633, 0.9999975220395539, 0.9999962516512474, 0.9999921646496873, 0.9999853643506815, 0.0010000000000001505, 0.00100000000000007, 0.0010000000000000577, 0.0010000000000000406, 0.0010000000000000375, 0.001000000000000028, 0.001000000000000019, 0.0010000000000000098, 0.0009999999999999868, 0.0009999999999999744, 0.0009999999999999597, 0.000999999999999958, 0.0009999999999999421, 0.0009999999999999191, 0.0009999999999998714]"
18,8,gated,8,8,44,60,5,,1.9396978955551385,3.9515923539327473,0.007917153776335244,0.00520008213641212,0.009040498634797368,0.2979441023252479,3.565402136366595e-16,9.216491486798902e-05,7.258934848435197e-06,4.189314312181319e-06,3.299515840197817e-07,5.094101594734008,8.071320219536731e-07,2.4462135084197167,5.0,6.907728264803877,69077.28264803877,"[0.9999939197619142, 0.999990149166664, 0.9999821217619562, 0.9999791742378866, 0.9999729861866289, 0.0010000000000000087, 0.000999999999999975, 0.0009999999999999478]"
18,9,hpp,20,20,20,60,5,,2.209320450794886,6.168696062122058,0.006740438810334322,0.004150091609915529,0.005460035409380685,0.23778341641175937,7.57188242273976e-16,8.005990917035916e-05,1.583220212051566e-05,8.005990917035916e-06,1.583220212051566e-06,5.094926852640592,5.350536187680815e-09,0.0033795274636795416,,,,"[0.9999984834299657, 0.9999975732624831, 0.9999969722585896, 0.9999943949113854, 0.9999827939628887, 0.001000000000000085, 0.001000000000000067, 0.001000000000000053, 0.00100000000000005, 0.0010000000000000393, 0.001000000000000035, 0.0010000000000000098, 0.0009999999999999976, 0.0009999999999999868, 0.0009999999999999796, 0.0009999999999999753, 0.000999999999999963, 0.0009999999999999393, 0.0009999999999999259, 0.000999999999999783]"
18,9,gated,8,8,44,60,5,,1.015355435436544,4.180023571983954,0.009329252422033288,0.00979183596453432,0.011753051487718352,0.5610398401172608,4.760480843754479e-16,9.22856661293774e-05,7.275823858428272e-06,4.1948030058807904e-06,3.307192662921942e-07,5.094564725425388,1.8946395529931712e-07,0.5728845416944157,5.0,6.907659490222818,69076.59490222817,"[0.9999951672042172, 0.9999901258542853, 0.9999865905494871, 0.9999859044784634, 0.9999042158284953, 0.0010000000000002177, 0.0010000000000000018, 0.000999999999999951]"
19,0,hpp,20,20,20,60,5,,2.804104890875621,5.392163159898504,0.006349111283794271,0.0033974803272142514,0.005581106508235657,0.19466165822177997,6.304810203452226e-16,8.006248681279792e-05,1.5808273653573277e-05,8.006248681279793e-06,1.5808273653573277e-06,5.095864857140065,7.479778727300731e-07,0.4731559492968427,,,,"[0.9999974803118493, 0.9999966053612599, 0.9999950752559428, 0.9999912527995439, 0.9999884686702992, 0.001000000000000171, 0.0010000000000001024, 0.0010000000000000607, 0.0010000000000000406, 0.0010000000000000282, 0.0010000000000000243, 0.0010000000000000072, 0.0009999999999999968, 0.000999999999999986, 0.000999999999999981, 0.000999999999999964, 0.0009999999999999595, 0.0009999999999999321, 0.0009999999999998975, 0.0009999999999998853]"
19,0,gated,8,8,44,60,5,,0.9423434992830328,4.390786028133586,0.008470126083842238,0.010167401965157863,0.012913846313273024,0.5825592586243095,4.509688094177996e-16,9.234531137172955e-05,7.24477177131555e-06,4.197514153260434e-06,3.2930780778707044e-07,5.094351095066501,4.210776127132978e-07,1.2786748529982181,5.0,6.907652000962375,69076.52000962374,"[0.9999956119460941, 0.9999904077921049, 0.9999829400077063, 0.9999677122815767, 0.9998967273133422, 0.001000000000000113, 0.0009999999999999844, 0.0009999999999999478]"
19,1,hpp,20,20,20,60,5,,2.3546846102953074,5.201567798486042,0.0061657426986222045,0.004508755539658877,0.006452608379108124,0.25833353855549257,1.033559404358635e-15,8.008373431706576e-05,1.5831725178548543e-05,8.008373431706576e-06,1.5831725178548543e-06,5.095927123278843,8.595575741808925e-07,0.5429336124060341,,,,"[0.9999972247987218, 0.9999961172796173, 0.9999939259964757, 0.9999914459540863, 0.9999796914523601, 0.0010000000000002342, 0.0010000000000001065, 0.0010000000000000581, 0.001000000000000044, 0.001000000000000024, 0.0010000000000000159, 0.0010000000000000067, 0.0009999999999999968, 0.0009999999999999822, 0.000999999999999975, 0.0009999999999999625, 0.0009999999999999534, 0.0009999999999999426, 0.000999999999999893, 0.0009999999999997906]"
19,1,gated,8,8,44,60,5,,0.5458209892379587,4.179894617433156,0.008581157402806974,0.01910029081017684,0.02079871478886188,1.0944326031281333,6.751268849971135e-16,9.299872586614126e-05,7.399572470884811e-06,4.22721481209733e-06,3.363442032220369e-07,5.095053396554353,2.8511920172699225e-09,0.008477006560412502,5.0,6.9073907562636405,69073.9075626364,"[0.9999949150766568, 0.9999901270690913, 0.9999797743932088, 0.9999674857986347, 0.9996355437120754, 0.0010000000000002381, 0.0010000000000001624, 0.0010000000000000098]"
19,2,hpp,20,20,20,60,5,,2.66193275953882,5.922852231029721,0.006112081245847536,0.003183966642479666,0.004776704223914927,0.18242815895735173,8.183479544298268e-16,8.004573600224122e-05,1.579700720144133e-05,8.004573600224122e-06,1.5797007201441328e-06,5.093857039667677,1.306358321253182e-06,0.8269657059686528,,,,"[0.9999979570999235, 0.9999976803826245, 0.999996632312018, 0.9999950636250313, 0.9999898724940631, 0.001000000000000194, 0.001000000000000083, 0.0010000000000000603, 0.001000000000000051, 0.0010000000000000367, 0.0010000000000000293, 0.001000000000000016, 0.0010000000000000091, 0.0009999999999999963, 0.000999999999999978, 0.0009999999999999733, 0.0009999999999999421, 0.0009999999999999345, 0.0009999999999999046, 0.0009999999999998543]"
19,2,gated,8,8,44,60,5,,1.4840106035993563,4.153846001758837,0.008631694934305522,0.006683646106759813,0.010372976223516888,0.3829475648289089,6.139466055485693e-16,9.221836890234337e-05,7.249001555002378e-06,4.1917440410156074e-06,3.295000706819263e-07,5.094706068032247,8.639600166445026e-08,0.26220328719701624,5.0,6.907710651532185,69077.10651532185,"[0.9999951048495312, 0.9999934481671306, 0.9999760986777824, 0.9999724837226116, 0.9999553735458453, 0.0010000000000000076, 0.000999999999999918, 0.0009999999999998452]"
19,3,hpp,20,20,20,60,5,,3.407785183657218,6.510403884466516,0.006708111334559927,0.0024283889210988123,0.004152928883382037,0.13913657294526677,6.263218984583053e-16,8.003453268314198e-05,1.582350126614076e-05,8.003453268314198e-06,1.5823501266140758e-06,5.095878333745056,7.714701677130175e-07,0.48754706985350643,,,,"[0.9999983200892506, 0.9999979773406048, 0.9999973585307272, 0.9999950056436051, 0.9999941088243204, 0.0010000000000001106, 0.0010000000000001009, 0.0010000000000000586, 0.0010000000000000503, 0.0010000000000000351, 0.0010000000000000256, 0.0010000000000000145, 0.0009999999999999961, 0.000999999999999993, 0.0009999999999999807, 0.0009999999999999794, 0.0009999999999999747, 0.0009999999999999543, 0.0009999999999999326, 0.0009999999999999018]"
19,3,gated,8,8,44,60,5,,1.693405657823128,4.192871392038034,0.008569049246156939,0.006120853197403394,0.00914052728436954,0.3507012450815137,6.575030474714121e-16,9.216900258093875e-05,7.231896072446574e-06,4.1895001173153976e-06,3.2872254874757156e-07,5.095118805388358,1.4114720304019212e-08,0.042938095843428156,5.0,6.907717850902511,69077.1785090251,"[0.9999953157415428, 0.999991264340956, 0.9999881718098185, 0.999979209796906, 0.9999625726209791, 0.001000000000000183, 0.0009999999999999803, 0.0009999999999998465]"
19,4,hpp,20,20,20,60,5,,3.177814234059499,5.557121584775484,0.006427742838176163,0.0029044229452126194,0.005246989084470325,0.1664114106475627,5.7274003469626795e-16,8.005518196616718e-05,1.5762197215674068e-05,8.005518196616719e-06,1.5762197215674067e-06,5.096909017760352,3.6443488093589276e-06,2.3120817228038204,,,,"[0.999997856477365, 0.9999956184075349, 0.9999946365637468, 0.9999928124247668, 0.9999915727630284, 0.0010000000000001856, 0.0010000000000001503, 0.0010000000000000872, 0.0010000000000000672, 0.001000000000000045, 0.001000000000000033, 0.0010000000000000252, 0.0010000000000000178, 0.0010000000000000104, 0.0009999999999999872, 0.0009999999999999794, 0.0009999999999999567, 0.0009999999999999497, 0.0009999999999999267, 0.0009999999999998747]"
19,4,gated,8,8,44,60,5,,1.3075204771952587,3.528565651209304,0.008355368199287875,0.00769245357913309,0.011036022171178548,0.44074947106410955,4.881546505578045e-16,9.224820146169267e-05,7.222293065426282e-06,4.1931000664405755e-06,3.282860484284674e-07,5.095261241336422,6.824703585788569e-08,0.20788893157229776,5.0,6.907696162566571,69076.96162566572,"[0.9999921252565387, 0.9999915728889489, 0.9999858199623347, 0.9999679245688243, 0.9999408853317747, 0.0009999999999999994, 0.0009999999999999452, 0.0009999999999997916]"
19,5,hpp,20,20,20,60,5,,3.163272909220624,5.958462559730869,0.00618736845617741,0.002836840880091863,0.004825983169983477,0.16253922759017966,8.447674943391178e-16,8.004666653440799e-05,1.5840368437773147e-05,8.0046666534408e-06,1.5840368437773146e-06,5.096450989345227,2.105370079975889e-06,1.3291168625569316,,,,"[0.9999978187570874, 0.9999973279988026, 0.9999959410959922, 0.999993684943186, 0.9999919603814875, 0.0010000000000001147, 0.0010000000000000655, 0.001000000000000051, 0.0010000000000000384, 0.0010000000000000336, 0.001000000000000016, 0.001000000000000014, 0.0009999999999999911, 0.0009999999999999892, 0.0009999999999999736, 0.0009999999999999506, 0.0009999999999999408, 0.000999999999999927, 0.0009999999999999113, 0.0009999999999997155]"
19,5,gated,8,8,44,60,5,,1.2981590648087,6.131557217887312,0.00870535507218397,0.007233706217192371,0.010093497555165915,0.41446445111566377,4.736634084609389e-16,9.22071398297436e-05,7.235142546738749e-06,4.191233628624709e-06,3.288701157608522e-07,5.094301677879587,4.87653783851732e-07,1.4828157393490387,5.0,6.907703003436557,69077.03003436557,"[0.99999773827988, 0.9999912319694876, 0.9999847344756683, 0.9999767926398904, 0.9999477258208688, 0.0010000000000001063, 0.0009999999999999478, 0.0009999999999998955]"
19,6,hpp,20,20,20,60,5,,2.1118281618480688,5.518584404944593,0.006769226574924285,0.004492045848135534,0.005981799202035267,0.25737613405873233,8.298842489844336e-16,8.007196646673772e-05,1.5820482181025238e-05,8.007196646673772e-06,1.5820482181025239e-06,5.094662837560232,1.1367851078694248e-07,0.0718552756396301,,,,"[0.99999799452003, 0.9999965761870893, 0.9999954145525052, 0.999994426898029, 0.9999798417025738, 0.001000000000000084, 0.0010000000000000703, 0.0010000000000000523, 0.00100000000000005, 0.0010000000000000336, 0.001000000000000026, 0.0010000000000000178, 0.0009999999999999974, 0.0009999999999999953, 0.0009999999999999703, 0.000999999999999964, 0.0009999999999999527, 0.0009999999999999484, 0.000999999999999923, 0.0009999999999998042]"
19,6,gated,8,8,44,60,5,,1.1590634147678052,5.287635217486118,0.00946882129779361,0.008373639026691101,0.011058695280370942,0.47977978235974184,8.370884671107022e-16,9.225019894217353e-05,7.231901559462232e-06,4.193190861007888e-06,3.287227981573742e-07,5.095730270245584,5.332946315918462e-07,1.6223232297278463,5.0,6.907685228815933,69076.85228815932,"[0.9999972859512106, 0.9999904036263858, 0.9999853521619965, 0.9999748335265625, 0.9999299522872811, 0.00100000000000003, 0.0009999999999999788, 0.0009999999999997517]"
19,7,hpp,20,20,20,60,5,,2.922382598505859,7.393435645891622,0.006765404532630736,0.003164684274608177,0.005012090191821208,0.18132335509307476,8.704091325896035e-16,8.005037007565016e-05,1.581591456079772e-05,8.005037007565016e-06,1.581591456079772e-06,5.096868685175342,3.4919842845603876e-06,2.2078927343321837,,,,"[0.9999985534339081, 0.999997832060229, 0.9999959161468858, 0.9999926076432656, 0.9999899947886685, 0.001000000000000087, 0.001000000000000066, 0.001000000000000045, 0.001000000000000032, 0.0010000000000000232, 0.0010000000000000159, 0.001000000000000001, 0.001000000000000001, 0.0009999999999999883, 0.0009999999999999738, 0.000999999999999971, 0.0009999999999999593, 0.000999999999999938, 0.0009999999999999168, 0.0009999999999997203]"
19,7,gated,8,8,44,60,5,,0.9286445668903186,3.5893008823805084,0.009348083439037412,0.010353638776768238,0.013373195414189158,0.5932304036696582,5.082973270323972e-16,9.237051792602841e-05,7.264208073134627e-06,4.198659905728564e-06,3.30191276051574e-07,5.094460369783733,2.912007703031159e-07,0.8819153969944136,5.0,6.907648182609374,69076.48182609373,"[0.9999933812169185, 0.9999900705412545, 0.9999782425606502, 0.99996673280603, 0.9998929093619159, 0.0010000000000000668, 0.0009999999999999942, 0.0009999999999997882]"
19,8,hpp,20,20,20,60,5,,3.0612195997980276,5.780554015584683,0.006528217268401502,0.0029421101434653736,0.004911947009304333,0.16857073727551497,6.787482006596286e-16,8.004835767234942e-05,1.5842555233522525e-05,8.004835767234943e-06,1.5842555233522526e-06,5.093356758931572,2.7002412089536274e-06,1.7044227835418695,,,,"[0.9999981518700864, 0.9999979262147785, 0.9999953449454023, 0.9999931212296173, 0.9999913526439156, 0.0010000000000001852, 0.0010000000000001045, 0.001000000000000074, 0.0010000000000000614, 0.0010000000000000477, 0.0010000000000000304, 0.0010000000000000093, 0.0010000000000000085, 0.0009999999999999948, 0.0009999999999999861, 0.0009999999999999658, 0.0009999999999999614, 0.0009999999999999519, 0.0009999999999999508, 0.000999999999999917]"
19,8,gated,8,8,44,60,5,,1.2609869039581478,4.0047877487590595,0.008885269238930392,0.008634361702960237,0.010715570578218443,0.4947186315594222,4.785608715067382e-16,9.223547350484364e-05,7.240714345031993e-06,4.192521522947438e-06,3.2912337931963604e-07,5.094777158990521,4.96581155035921e-08,0.15087993932927332,5.0,6.9076807985586655,69076.80798558665,"[0.9999947133563625, 0.9999926871989061, 0.9999909878392927, 0.9999813806258897, 0.9999255223501842, 0.0010000000000000584, 0.0009999999999999519, 0.000999999999999936]"
19,9,hpp,20,20,20,60,5,,3.3924514547571545,5.813225832017091,0.006673423648638366,0.002554829133369772,0.0045774936099278124,0.14638108596137872,7.73579878806257e-16,8.004196642111119e-05,1.579124194044427e-05,8.00419664211112e-06,1.579124194044427e-06,5.093920942090531,1.1643659719781326e-06,0.7373492068384929,,,,"[0.9999980262791326, 0.9999968490731956, 0.9999963472984317, 0.9999943654796867, 0.999993479375251, 0.0010000000000001032, 0.0010000000000000876, 0.001000000000000081, 0.0010000000000000536, 0.0010000000000000375, 0.001000000000000023, 0.0010000000000000117, 0.000999999999999997, 0.0009999999999999883, 0.0009999999999999825, 0.0009999999999999686, 0.0009999999999999588, 0.000999999999999921, 0.0009999999999998916, 0.0009999999999998528]"
19,9,gated,8,8,44,60,5,,0.8589385970053867,3.5780718710715718,0.008179018015745476,0.011232667784408514,0.015194680020734354,0.6435979912992151,4.0730868418158757e-16,9.248242946263295e-05,7.237265823772294e-06,4.203746793756043e-06,3.2896662835328607e-07,5.094709191820136,8.456939747325518e-08,0.25707591647391614,5.0,6.907629224384756,69076.29224384755,"[0.9999929708155183, 0.999987917066263, 0.9999836876358721, 0.9999308237124447, 0.9998739533472705, 0.0010000000000001043, 0.000999999999999948, 0.0009999999999998844]"
20,0,hpp,20,20,20,60,5,,2.165862976782601,5.3351206268843265,0.0060238715426302065,0.004559394346787669,0.006283492585986801,0.26123495830746774,8.041486453191597e-16,8.007942823038895e-05,1.5849502040662423e-05,8.007942823038896e-06,1.5849502040662423e-06,5.094880916874676,1.418079073591187e-08,0.008947152219376092,,,,"[0.9999974628345012, 0.9999970874923737, 0.9999955054834713, 0.9999912686815877, 0.9999792327112672, 0.0010000000000002377, 0.0010000000000001056, 0.0010000000000000842, 0.0010000000000000482, 0.001000000000000027, 0.0010000000000000122, 0.00100000000000001, 0.0010000000000000037, 0.000999999999999992, 0.0009999999999999716, 0.0009999999999999573, 0.0009999999999999569, 0.0009999999999999259, 0.000999999999999887, 0.0009999999999998348]"
20,0,gated,8,8,44,60,5,,1.1823186776061438,4.872212538553652,0.007499934473085091,0.007822278088707571,0.011944777754348917,0.44818809136457816,5.775956409834287e-16,9.229162114666611e-05,7.278158330672056e-06,4.195073688484823e-06,3.308253786669116e-07,5.094247969258982,5.65550235429462e-07,1.7095128484652349,5.0,6.907694150267085,69076.94150267084,"[0.9999957060449082, 0.9999927566835995, 0.9999773670423904, 0.9999527620376778, 0.9999388731535372, 0.0010000000000002672, 0.0009999999999999805, 0.0009999999999999569]"
20,1,hpp,20,20,20,60,5,,2.6619498329209703,5.815496250329187,0.00654200075509733,0.0033535315783978386,0.005497128798765995,0.1921435660538534,7.968120837213387e-16,8.006062301685252e-05,1.5863989639910345e-05,8.006062301685252e-06,1.5863989639910344e-06,5.096063120269039,1.130224706451913e-06,0.7124466997939244,,,,"[0.9999982694321783, 0.9999970523906936, 0.9999947073759318, 0.9999910175224618, 0.9999887650721271, 0.0010000000000001013, 0.0010000000000000783, 0.0010000000000000547, 0.001000000000000045, 0.001000000000000031, 0.0010000000000000117, 0.001000000000000004, 0.0009999999999999874, 0.0009999999999999781, 0.0009999999999999634, 0.0009999999999999495, 0.0009999999999999408, 0.0009999999999999348, 0.0009999999999999074, 0.0009999999999996355]"
20,1,gated,8,8,44,60,5,,0.41827024011997244,3.739908000948989,0.009263665563441069,0.022659567869694038,0.024183563829696095,1.2984087333217926,6.852338603499648e-16,9.343351162983118e-05,7.621761064668679e-06,4.246977801355963e-06,3.464436847576672e-07,5.095233210430999,5.438710512901685e-08,0.15698685680202226,5.0,6.907242204821944,69072.42204821944,"[0.9999935714958454, 0.999992255759433, 0.9999800206660054, 0.9999628347239949, 0.9994870574399751, 0.001000000000000129, 0.0010000000000000295, 0.0009999999999998445]"
20,2,hpp,20,20,20,60,5,,2.425006608554705,5.088299752613579,0.006921265795752379,0.003982329836128176,0.0064232151138133966,0.228171295334775,8.31249466512234e-16,8.008287823675747e-05,1.586407395588607e-05,8.008287823675746e-06,1.5864073955886068e-06,5.096169877234888,1.3686127447201948e-06,0.862712030040932,,,,"[0.9999967898402662, 0.9999961572706285, 0.9999916978458132, 0.9999899817005581, 0.9999841569080276, 0.0010000000000003279, 0.001000000000000164, 0.001000000000000068, 0.0010000000000000544, 0.001000000000000025, 0.0010000000000000195, 0.001000000000000009, 0.0009999999999999968, 0.0009999999999999924, 0.0009999999999999681, 0.0009999999999999627, 0.000999999999999945, 0.0009999999999999389, 0.0009999999999999246, 0.0009999999999998994]"
20,2,gated,8,8,44,60,5,,0.7267749139361218,4.421285774619277,0.008897666939242054,0.01273231674431096,0.014039013073708626,0.7295277246311974,6.796575250325384e-16,9.24204290144729e-05,7.319923379237696e-06,4.20092859156695e-06,3.3272378996534986e-07,5.094610697962173,1.5155607665275368e-07,0.45550117311580535,5.0,6.907593316088897,69075.93316088896,"[0.9999954849444398, 0.9999942489768289, 0.9999926425633449, 0.9999826764989767, 0.9998380502222117, 0.0010000000000001709, 0.0010000000000000434, 0.0009999999999997945]"
20,3,hpp,20,20,20,60,5,,2.318898347698139,5.76055407977244,0.0059027356004077705,0.0042014357797882425,0.006150819323582609,0.24072524629685102,6.797622376854346e-16,8.007602582430053e-05,1.5874177476508046e-05,8.007602582430053e-06,1.5874177476508046e-06,5.093750306944552,1.5617327328221329e-06,0.9838196247543014,,,,"[0.9999977665577041, 0.9999963253436329, 0.9999945026591288, 0.9999912451043099, 0.9999823655894501, 0.0010000000000000811, 0.0010000000000000688, 0.001000000000000038, 0.0010000000000000323, 0.0010000000000000237, 0.0010000000000000182, 0.000999999999999998, 0.0009999999999999913, 0.0009999999999999816, 0.0009999999999999638, 0.0009999999999999593, 0.0009999999999999404, 0.0009999999999999191, 0.0009999999999998545, 0.0009999999999998285]"
20,3,gated,8,8,44,60,5,,0.44677036935236064,4.000125126595638,0.00884392637694743,0.022809069978473536,0.026669333267280573,1.3069767876735954,6.80768688014182e-16,9.371253956266775e-05,7.646387564479358e-06,4.259660889212171e-06,3.4756307111269804e-07,5.094453967394879,2.981516058496301e-07,0.8578345360314584,5.0,6.907235410454295,69072.35410454294,"[0.9999947273510811, 0.9999904246385669, 0.9999655547264489, 0.999858484619929, 0.9994802665803904, 0.0010000000000000035, 0.000999999999999963, 0.0009999999999999486]"
20,4,hpp,20,20,20,60,5,,3.264605572022033,4.794773320569173,0.0070150777864985015,0.0026628210853801093,0.0049615795648015135,0.1525685900919719,7.607565642888548e-16,8.004932309450577e-05,1.587976655661322e-05,8.004932309450578e-06,1.587976655661322e-06,5.095157472574478,2.4797611714114363e-08,0.015615854065428472,,,,"[0.9999975306186344, 0.9999961956869025, 0.9999957824653829, 0.9999929821000905, 0.999992916474484, 0.00100000000000021, 0.001000000000000058, 0.001000000000000054, 0.0010000000000000408, 0.0010000000000000156, 0.0010000000000000059, 0.000999999999999997, 0.0009999999999999892, 0.0009999999999999812, 0.0009999999999999725, 0.0009999999999999673, 0.000999999999999955, 0.000999999999999948, 0.0009999999999999304, 0.0009999999999998992]"
20,4,gated,8,8,44,60,5,,1.4604531938043372,3.053313583616046,0.009420815875434528,0.005663819401411765,0.0100588833067381,0.32451468265062555,4.787232040325724e-16,9.22045523041834e-05,7.281959791068654e-06,4.191116013826518e-06,3.3099817232130244e-07,5.095102794364161,1.0566681304210755e-08,0.03192368474455985,5.0,6.907723231697184,69077.23231697183,"[0.9999894852064616, 0.9999885870911095, 0.9999791973258234, 0.9999736971957223, 0.9999679532286383, 0.0010000000000000824, 0.0009999999999999985, 0.0009999999999998799]"
20,5,hpp,20,20,20,60,5,,2.456361821922919,6.20619643786754,0.007040992175263894,0.0033917003188555666,0.005430544752301452,0.19433048622918325,6.593664827109445e-16,8.005914831741275e-05,1.5909281001301756e-05,8.005914831741276e-06,1.5909281001301756e-06,5.096982120528212,3.9288017883779255e-06,2.469503045459098,,,,"[0.9999977939228862, 0.9999962426412136, 0.9999951248944403, 0.9999928693433896, 0.9999885078725776, 0.0010000000000001473, 0.0010000000000000863, 0.001000000000000056, 0.0010000000000000347, 0.0010000000000000325, 0.001000000000000025, 0.0010000000000000172, 0.0010000000000000054, 0.0009999999999999777, 0.0009999999999999642, 0.0009999999999999569, 0.0009999999999999332, 0.00099999999999992, 0.0009999999999998818, 0.000999999999999667]"
20,5,gated,8,8,44,60,5,,0.49137122519579707,4.154829803364655,0.008328679458808963,0.01661469363057463,0.018313624555606423,0.9519956257828163,7.231029606635816e-16,9.274761410497091e-05,7.382910244815014e-06,4.215800641135041e-06,3.3558682930977333e-07,5.09501461654418,2.1364336390549883e-10,0.0006366261880566505,5.0,6.907479468953575,69074.79468953575,"[0.9999949169316457, 0.9999928243745984, 0.999988195506783, 0.999964781727846, 0.999724228003607, 0.0010000000000000803, 0.000999999999999992, 0.0009999999999999129]"
20,6,hpp,20,20,20,60,5,,2.9925958215392097,5.9894759317887445,0.006494099081529245,0.002887403440334532,0.004864583503194172,0.16543626075966947,6.470055644003989e-16,8.004742101069706e-05,1.5887912543817196e-05,8.004742101069706e-06,1.5887912543817196e-06,5.0942827110480255,5.145034406178815e-07,0.3238332532350836,,,,"[0.9999981255553035, 0.9999968901901758, 0.9999962702071611, 0.9999934023004015, 0.9999916712384705, 0.0010000000000001804, 0.0010000000000000835, 0.0010000000000000594, 0.001000000000000058, 0.0010000000000000369, 0.0010000000000000195, 0.0010000000000000159, 0.001000000000000009, 0.0009999999999999866, 0.000999999999999976, 0.0009999999999999677, 0.0009999999999999519, 0.0009999999999999421, 0.0009999999999999224, 0.0009999999999999142]"
20,6,gated,8,8,44,60,5,,0.854442871369575,5.116260797995883,0.008851363448408601,0.011728939692434468,0.013564422174245517,0.6720341515425633,4.99437849029415e-16,9.238727985227474e-05,7.303791882986108e-06,4.199421811467034e-06,3.319905401357322e-07,5.094564020211027,1.9007837638909446e-07,0.5725415438385146,5.0,6.907617839079375,69076.17839079375,"[0.9999967807116519, 0.9999945011317286, 0.9999846217810759, 0.9999777172784526, 0.9998625695417175, 0.0010000000000000492, 0.0009999999999999573, 0.0009999999999999241]"
20,7,hpp,20,20,20,60,5,,3.2962008162584047,5.510337573791983,0.006325885725472825,0.0026859118757857755,0.004881662969607711,0.153891599659114,8.762184719643795e-16,8.004774125835299e-05,1.582138677866023e-05,8.004774125835298e-06,1.582138677866023e-06,5.096670606307104,2.790925433350224e-06,1.7640207349678119,,,,"[0.9999977776828675, 0.9999962284659641, 0.9999950882296424, 0.9999943057272922, 0.9999927930915179, 0.0010000000000001312, 0.0010000000000000703, 0.0010000000000000562, 0.0010000000000000325, 0.0010000000000000304, 0.0010000000000000206, 0.00100000000000001, 0.0009999999999999963, 0.0009999999999999864, 0.0009999999999999673, 0.0009999999999999554, 0.0009999999999999452, 0.0009999999999999317, 0.0009999999999998847, 0.0009999999999998474]"
20,7,gated,8,8,44,60,5,,0.8010222470065169,3.8196470727141154,0.009328727317385026,0.009689624701510115,0.012531424088318284,0.5551832882779609,6.247327604001618e-16,9.232392465483527e-05,7.304842169128394e-06,4.1965420297652395e-06,3.32038280414927e-07,5.0957748976163355,6.004663158097203e-07,1.8084249655170963,5.0,6.9076614796449975,69076.61479644997,"[0.9999938001805467, 0.9999898504999534, 0.9999848333952623, 0.9999684313091743, 0.9999062050619703, 0.0010000000000000894, 0.000999999999999987, 0.0009999999999996604]"
20,8,hpp,20,20,20,60,5,,3.0696159871144744,5.88933206582731,0.00629327640830324,0.003158376763399672,0.005110869074744184,0.18096195951546673,6.660965590333609e-16,8.005236485373183e-05,1.5864924718351333e-05,8.005236485373183e-06,1.5864924718351333e-06,5.096038549415563,1.0785848885757621e-06,0.6798550309716488,,,,"[0.9999977260922532, 0.999997399139988, 0.9999948980790923, 0.9999938471953862, 0.9999900346315642, 0.001000000000000142, 0.0010000000000000807, 0.0010000000000000644, 0.001000000000000056, 0.001000000000000049, 0.0010000000000000453, 0.001000000000000019, 0.001000000000000005, 0.000999999999999985, 0.0009999999999999822, 0.0009999999999999547, 0.0009999999999999443, 0.000999999999999916, 0.0009999999999998888, 0.0009999999999998161]"
20,8,gated,8,8,44,60,5,,0.5600387193136166,3.438067762107078,0.007872319457529045,0.017809910327813493,0.020114914641964982,1.0204866486603028,5.189626198394489e-16,9.291157773595187e-05,7.418594626138249e-06,4.223253533452358e-06,3.372088466426477e-07,5.094963865762567,1.305683114502148e-09,0.0038720310202473044,5.0,6.907438353053424,69074.38353053424,"[0.9999941183438265, 0.9999843869979604, 0.999979566286935, 0.999954598902993, 0.9996831242870204, 0.0010000000000000165, 0.000999999999999939, 0.0009999999999999135]"
20,9,hpp,20,20,20,60,5,,2.3467011520902994,5.694211338906735,0.006211664306894988,0.0037299772277837625,0.005404789665305304,0.21371244838780623,8.621546024460722e-16,8.005862161560161e-05,1.5840470940161025e-05,8.00586216156016e-06,1.5840470940161025e-06,5.0969345738966645,3.7425761616737687e-06,2.3626672311774866,,,,"[0.9999974170232134, 0.9999968888815651, 0.9999959221340086, 0.9999944882390274, 0.9999861011826098, 0.0010000000000002602, 0.0010000000000000868, 0.0010000000000000562, 0.0010000000000000436, 0.0010000000000000375, 0.0010000000000000185, 0.0010000000000000104, 0.0009999999999999998, 0.0009999999999999866, 0.0009999999999999697, 0.000999999999999964, 0.000999999999999962, 0.000999999999999939, 0.0009999999999999165, 0.0009999999999997526]"
20,9,gated,8,8,44,60,5,,0.9147351235238576,5.342916586216387,0.008994806117876607,0.009984843784365195,0.013809855062244657,0.5720989143110559,5.696409557664894e-16,9.239540335583654e-05,7.316042522802e-06,4.1997910616289335e-06,3.325473874000909e-07,5.094048818028306,9.047471432661254e-07,2.7206562960532765,5.0,6.907655676613601,69076.55676613601,"[0.9999971699498267, 0.9999952491112927, 0.9999799771708742, 0.999936679791555, 0.9999004025917069, 0.0010000000000000913, 0.0010000000000000542, 0.0009999999999997517]"
21,0,hpp,20,20,20,60,5,,2.796721615998871,5.412773074195864,0.006407302417090022,0.0036266333451890655,0.005901424947359131,0.2077912400170973,8.114980439583522e-16,8.006989974489691e-05,1.5840061718571518e-05,8.006989974489691e-06,1.5840061718571519e-06,5.094691281875006,9.530688069686386e-08,0.06016825085038797,,,,"[0.9999977840483816, 0.9999952083589291, 0.9999946792856916, 0.9999906756343542, 0.999986860683048, 0.0010000000000001778, 0.0010000000000000917, 0.0010000000000000698, 0.0010000000000000512, 0.0010000000000000271, 0.0010000000000000204, 0.001000000000000013, 0.0010000000000000005, 0.0009999999999999822, 0.0009999999999999703, 0.0009999999999999612, 0.0009999999999999582, 0.0009999999999999367, 0.0009999999999999241, 0.0009999999999998853]"
21,0,gated,8,8,44,60,5,,0.8636599942307576,3.506392212902881,0.009674094744231755,0.011006897056997115,0.013570421854706092,0.63066148163186,6.795525004679405e-16,9.238385461560273e-05,7.255692111094867e-06,4.199266118891034e-06,3.298041868679485e-07,5.095203707284481,4.1496657752677756e-08,0.1258221071926317,5.0,6.90763424102602,69076.3424102602,"[0.9999925746496579, 0.9999914245602661, 0.9999804934503929, 0.9999725657777582, 0.9998789693689589, 0.0010000000000002778, 0.0010000000000001336, 0.0010000000000000189]"
21,1,hpp,20,20,20,60,5,,3.081639637955705,5.70393228360313,0.006509372982299699,0.0027681406069207178,0.004647150188887086,0.15860297642770424,9.140623499343803e-16,8.004326464958802e-05,1.58016063489637e-05,8.004326464958802e-06,1.5801606348963701e-06,5.094444676560687,3.083841222454551e-07,0.1951599827480068,,,,"[0.9999980951265931, 0.999997256343587, 0.9999966099997037, 0.999994119061061, 0.9999923450601819, 0.0010000000000004669, 0.0010000000000002507, 0.0010000000000000783, 0.0010000000000000614, 0.0010000000000000434, 0.00100000000000003, 0.0010000000000000115, 0.0010000000000000048, 0.0009999999999999985, 0.000999999999999994, 0.000999999999999978, 0.0009999999999999612, 0.0009999999999999475, 0.0009999999999999404, 0.0009999999999999159]"
21,1,gated,8,8,44,60,5,,1.0400137662023952,3.7064002907704725,0.00839553166012055,0.008634005066200715,0.012440360206749544,0.49469819701657947,4.549773111718777e-16,9.231702518053292e-05,7.223893967335275e-06,4.196228417296951e-06,3.28358816697058e-07,5.0949874708059655,1.5698070303715536e-10,0.00047807671076481215,5.0,6.907680804711507,69076.80804711508,"[0.9999921783785524, 0.9999877392659983, 0.9999811273076147, 0.9999588187457616, 0.9999255285025596, 0.00100000000000005, 0.0009999999999999918, 0.0009999999999998827]"
21,2,hpp,20,20,20,60,5,,1.9476017916939197,6.754074591404181,0.00652856319304586,0.004520543806747355,0.005854503995959881,0.25900896339074964,6.702601467085538e-16,8.00689622760897e-05,1.5821569501289514e-05,8.00689622760897e-06,1.5821569501289514e-06,5.096059661124684,1.122881699176977e-06,0.7097157453850949,,,,"[0.9999983349869325, 0.9999975980544068, 0.9999970522138737, 0.9999931886839566, 0.9999795851190072, 0.0010000000000002093, 0.001000000000000116, 0.0010000000000000516, 0.001000000000000047, 0.0010000000000000215, 0.0010000000000000159, 0.0010000000000000104, 0.0009999999999999998, 0.0009999999999999933, 0.0009999999999999822, 0.0009999999999999684, 0.0009999999999999616, 0.0009999999999999397, 0.0009999999999999222, 0.00099999999999989]"
21,2,gated,8,8,44,60,5,,0.9711360656960821,4.03550781776653,0.007364737552548122,0.010085099849592041,0.012720107382189818,0.5778434529682465,6.744045457366687e-16,9.233478676686226e-05,7.263087164711545e-06,4.197035762130102e-06,3.301403256687066e-07,5.094871231598596,1.6581301198989465e-08,0.05022501012381226,5.0,6.907653666289872,69076.53666289871,"[0.999994602059907, 0.9999915447465293, 0.9999798393853754, 0.9999739820072414, 0.9998983924702627, 0.0010000000000001327, 0.001000000000000002, 0.0009999999999999163]"
21,3,hpp,20,20,20,60,5,,3.532846078949046,6.269900414728203,0.00682858227226734,0.002603222772739106,0.004235255000101389,0.1491538464741404,5.438103483750138e-16,8.003592026489563e-05,1.5833977061651864e-05,8.003592026489563e-06,1.5833977061651863e-06,5.095167639025153,2.810284275575169e-08,0.01774844225574487,,,,"[0.9999985463444591, 0.9999978404338924, 0.9999966577886071, 0.9999958059775464, 0.9999932300079651, 0.0010000000000001878, 0.0010000000000001158, 0.0010000000000000792, 0.0010000000000000475, 0.001000000000000031, 0.001000000000000022, 0.0010000000000000113, 0.0009999999999999942, 0.0009999999999999885, 0.0009999999999999727, 0.0009999999999999714, 0.0009999999999999488, 0.0009999999999999443, 0.000999999999999896, 0.0009999999999996659]"
21,3,gated,8,8,44,60,5,,0.6625305089882434,4.413769840556952,0.008203272104687662,0.014574912369232128,0.01734730849158788,0.8351105341296942,4.757813930268707e-16,9.264931372102873e-05,7.271904956570648e-06,4.211332441864942e-06,3.3054113438957494e-07,5.095392003857252,1.5366702410394474e-07,0.4648953129168885,5.0,6.9075430408186245,69075.43040818624,"[0.9999946125695212, 0.9999908098845043, 0.9999726373629482, 0.999953527642735, 0.9997877843574994, 0.0010000000000000863, 0.0010000000000000293, 0.0010000000000000009]"
21,4,hpp,20,20,20,60,5,,2.1814005550908924,5.858515212908432,0.0067784646528639275,0.004280436079949643,0.006187214209691013,0.24525167078281487,1.0471542603184613e-15,8.007694402168165e-05,1.582094569696353e-05,8.007694402168165e-06,1.582094569696353e-06,5.096755343845398,3.0812320155941568e-06,1.9475650031372835,,,,"[0.9999974930595447, 0.9999959011746585, 0.9999956064823246, 0.9999910597563172, 0.9999816961890982, 0.0010000000000001898, 0.001000000000000092, 0.0010000000000000616, 0.0010000000000000458, 0.0010000000000000321, 0.0010000000000000104, 0.0009999999999999998, 0.000999999999999991, 0.0009999999999999848, 0.0009999999999999749, 0.0009999999999999352, 0.000999999999999933, 0.0009999999999999209, 0.0009999999999999048, 0.0009999999999998305]"
21,4,gated,8,8,44,60,5,,1.0153724034740936,4.582958027788268,0.00904172256213351,0.009486489778912071,0.012002340216336798,0.5435439795033359,4.889586036083579e-16,9.229728877399636e-05,7.267668592055642e-06,4.195331307908925e-06,3.3034857236616557e-07,5.094857164583831,2.040195611077478e-08,0.061758874768681624,5.0,6.90766537144573,69076.6537144573,"[0.9999963867799594, 0.9999932781587136, 0.9999917642917144, 0.9999645621499516, 0.9999100965051626, 0.0010000000000000078, 0.0009999999999999662, 0.0009999999999996886]"
21,5,hpp,20,20,20,60,5,,2.790474015236048,5.94285302786679,0.006441353191633581,0.0033754708643724406,0.004952626680579307,0.19340060166051287,8.23833402053689e-16,8.004918687846204e-05,1.5868012251063046e-05,8.004918687846204e-06,1.5868012251063046e-06,5.0966873915774284,2.8472903355922984e-06,1.794358543806613,,,,"[0.9999983343216593, 0.9999973903106416, 0.9999961432555479, 0.9999950105393766, 0.9999886175902477, 0.0010000000000002964, 0.0010000000000000666, 0.0010000000000000466, 0.0010000000000000286, 0.0010000000000000215, 0.0010000000000000074, 0.0010000000000000005, 0.000999999999999987, 0.0009999999999999838, 0.0009999999999999707, 0.0009999999999999666, 0.0009999999999999462, 0.0009999999999999254, 0.000999999999999865, 0.0009999999999997784]"
21,5,gated,8,8,44,60,5,,0.9247728733462631,3.717715823299268,0.009164714274132162,0.01127205972379349,0.013420372749699885,0.6458551260718172,4.715832315189286e-16,9.237699402490481e-05,7.2646050829093656e-06,4.198954273859309e-06,3.302093219504257e-07,5.095274907761716,7.557427745445589e-08,0.22886778909834,5.0,6.907628338654363,69076.28338654363,"[0.9999938395913271, 0.999993207649566, 0.9999884613631195, 0.9999714973687378, 0.9998730677289133, 0.0010000000000001048, 0.0010000000000000026, 0.0009999999999999497]"
21,6,hpp,20,20,20,60,5,,2.7586791878760244,6.279276672328839,0.0059907104862734085,0.0033099695143709394,0.004748292680789725,0.18964762978485034,9.890542889785768e-16,8.004520529514938e-05,1.5877050562134605e-05,8.004520529514938e-06,1.5877050562134605e-06,5.094622564972647,1.4245719986968403e-07,0.0897252290733596,,,,"[0.9999983148469481, 0.9999974757424279, 0.9999972273552823, 0.9999954032605288, 0.9999890550577119, 0.0010000000000001683, 0.0010000000000001618, 0.0010000000000000763, 0.0010000000000000729, 0.0010000000000000482, 0.0010000000000000295, 0.00100000000000002, 0.0010000000000000054, 0.0009999999999999953, 0.0009999999999999681, 0.000999999999999965, 0.000999999999999959, 0.0009999999999999473, 0.0009999999999999217, 0.0009999999999997305]"
21,6,gated,8,8,44,60,5,,1.0476574517499133,4.154551919398871,0.009449141004385066,0.00824351911194082,0.011923910032183394,0.4723242030656592,4.826287934260212e-16,9.22911581104359e-05,7.25416737011653e-06,4.1950526413834505e-06,3.2973488045984227e-07,5.095045642767424,2.083262218549353e-09,0.006317991641175703,5.0,6.907687389025919,69076.87389025919,"[0.9999955621582016, 0.9999903859224619, 0.9999866314831554, 0.9999532706370979, 0.9999321123482589, 0.0010000000000000052, 0.00099999999999989, 0.0009999999999997786]"
21,7,hpp,20,20,20,60,5,,2.669083311876469,6.420446767318869,0.005566457876899647,0.002905091039039199,0.004978278564685157,0.166449689765637,7.673598159305915e-16,8.004967085443803e-05,1.5819859002115453e-05,8.004967085443803e-06,1.5819859002115454e-06,5.094077558902138,8.508975790156208e-07,0.5378667274479738,,,,"[0.9999986316154726, 0.999996685294021, 0.9999952190358449, 0.9999931366948437, 0.9999915688856098, 0.00100000000000043, 0.00100000000000017, 0.0010000000000000534, 0.0010000000000000414, 0.0010000000000000289, 0.0010000000000000165, 0.0010000000000000091, 0.0009999999999999966, 0.0009999999999999835, 0.0009999999999999642, 0.0009999999999999493, 0.0009999999999999365, 0.0009999999999999293, 0.000999999999999922, 0.000999999999999862]"
21,7,gated,8,8,44,60,5,,1.1292608658905434,4.246906794670491,0.008824495837763291,0.009319618294671022,0.012285843322056582,0.5339825250152053,3.882751378676568e-16,9.231067118404263e-05,7.244983952131328e-06,4.195939599274665e-06,3.293174523696058e-07,5.095263401829566,6.938052382127263e-08,0.21067976604958114,5.0,6.907668506787664,69076.68506787664,"[0.9999943839304386, 0.9999903736714656, 0.9999867107228887, 0.9999645091008922, 0.9999132315701272, 0.001000000000000002, 0.0009999999999999384, 0.0009999999999998797]"
21,8,hpp,20,20,20,60,5,,2.425918988770241,6.616389568180399,0.006403190043057937,0.003923537502327202,0.005970573735433713,0.22480271642149102,9.674532644782006e-16,8.007160697038346e-05,1.5799497335371916e-05,8.007160697038346e-06,1.5799497335371917e-06,5.094556392066212,1.9678799891527876e-07,0.12455332896870697,,,,"[0.9999983193948025, 0.9999961218785789, 0.9999958815267369, 0.9999894438492876, 0.9999846212476139, 0.0010000000000002908, 0.0010000000000001763, 0.0010000000000001306, 0.0010000000000000553, 0.001000000000000045, 0.0010000000000000317, 0.0010000000000000172, 0.001000000000000012, 0.0009999999999999907, 0.0009999999999999744, 0.0009999999999999727, 0.0009999999999999567, 0.0009999999999999517, 0.0009999999999999421, 0.0009999999999998404]"
21,8,gated,8,8,44,60,5,,0.7081158139966257,4.446984558710781,0.008681369406126908,0.013463528627352402,0.015461383415733174,0.7714266745467243,3.8232467633306485e-16,9.251159929561305e-05,7.29175794002863e-06,4.2050726952551385e-06,3.314435427285741e-07,5.095678751783045,4.607039829932409e-07,1.3899923323307004,5.0,6.90757417724744,69075.7417724744,"[0.9999946599874501, 0.9999926384012092, 0.9999838208292043, 0.9999711507958821, 0.9998189146635033, 0.001000000000000271, 0.0010000000000001351, 0.0010000000000000466]"
21,9,hpp,20,20,20,60,5,,2.28934936210662,5.898057860099874,0.0062883083765716994,0.0036640425731540947,0.005429109286739278,0.20993464513581606,1.1195097028737378e-15,8.005914874870049e-05,1.5813659681566808e-05,8.005914874870049e-06,1.5813659681566808e-06,5.094134508023911,7.490763606657654e-07,0.4736894404898104,,,,"[0.9999980152487129, 0.9999972214812689, 0.9999954120767639, 0.9999933172236048, 0.99998658821723, 0.0010000000000001134, 0.0010000000000000963, 0.001000000000000075, 0.0010000000000000538, 0.0010000000000000308, 0.0010000000000000152, 0.0010000000000000052, 0.0009999999999999972, 0.0009999999999999827, 0.0009999999999999747, 0.0009999999999999677, 0.0009999999999999564, 0.0009999999999999252, 0.0009999999999999094, 0.0009999999999998077]"
21,9,gated,8,8,44,60,5,,0.5440449350362135,4.091756721651509,0.00919948570885114,0.019704088572438685,0.020782070055616712,1.1290341805193225,6.507621988738815e-16,9.301393056900061e-05,7.445450204468351e-06,4.2279059349545734e-06,3.384295547485614e-07,5.095185721340145,3.44924161869232e-08,0.10191904253914698,5.0,6.907367340888234,69073.67340888233,"[0.9999953621828221, 0.999990458453011, 0.9999886486761242, 0.999981931002045, 0.999612137144635, 0.001000000000000285, 0.0009999999999999016, 0.0009999999999997817]"
22,0,hpp,20,20,20,60,5,,3.0514288640605547,5.872076551964225,0.006538989634188476,0.003174184007587092,0.005069899644817149,0.18186765243309524,6.83234647666662e-16,8.005152819954896e-05,1.5857182084279062e-05,8.005152819954896e-06,1.5857182084279061e-06,5.096675614109795,2.8076826449608276e-06,1.7706062969059218,,,,"[0.9999981666017573, 0.9999965684666425, 0.9999957890737953, 0.9999938630479515, 0.9999899346313305, 0.0010000000000001898, 0.001000000000000057, 0.0010000000000000503, 0.0010000000000000273, 0.001000000000000024, 0.0010000000000000213, 0.0010000000000000087, 0.000999999999999996, 0.0009999999999999868, 0.0009999999999999803, 0.0009999999999999614, 0.0009999999999999462, 0.0009999999999999326, 0.000999999999999912, 0.0009999999999998426]"
22,0,gated,8,8,44,60,5,,0.4415050427770972,4.175509351853917,0.008940007571324784,0.023132306973648903,0.027813162428217384,1.325501791387841,5.051107433708631e-16,9.386507427241775e-05,7.672311797535777e-06,4.266594285109898e-06,3.487414453425353e-07,5.094363206702863,4.0550570327232714e-07,1.1627688899265693,5.0,6.907220567527115,69072.20567527115,"[0.9999955727908418, 0.9999777826502001, 0.9999677481692285, 0.9998206664797726, 0.999465431477703, 0.001000000000000032, 0.0009999999999999753, 0.0009999999999994545]"
22,1,hpp,20,20,20,60,5,,2.834939629108198,5.713343761484002,0.006570463420831627,0.0030389098756078404,0.004987934073331883,0.1741169781879286,1.0301493666660375e-15,8.004986350816511e-05,1.5851035435198644e-05,8.00498635081651e-06,1.5851035435198645e-06,5.095302679018022,9.161458795335014e-08,0.057797226135720914,,,,"[0.9999980576364007, 0.9999966525401697, 0.9999954445053606, 0.9999942164494954, 0.999990774261741, 0.001000000000000167, 0.001000000000000081, 0.0010000000000000649, 0.0010000000000000404, 0.001000000000000031, 0.0010000000000000122, 0.0009999999999999957, 0.0009999999999999866, 0.00099999999999998, 0.0009999999999999712, 0.0009999999999999569, 0.0009999999999999519, 0.0009999999999999196, 0.000999999999999915, 0.0009999999999998905]"
22,1,gated,8,8,44,60,5,,1.385525088144924,4.43253311010487,0.008966383800111102,0.00704536326753606,0.010759294220454758,0.4036729199417304,5.700094511451958e-16,9.223560613107373e-05,7.2590119531984445e-06,4.192527551412442e-06,3.2995508878174745e-07,5.095797391749701,6.358336024991079e-07,1.9270307509022455,5.0,6.9077056902459155,69077.05690245915,"[0.9999961503561602, 0.9999896832980807, 0.9999879501034247, 0.9999601570990525, 0.9999504124935717, 0.0010000000000002923, 0.001000000000000056, 0.0009999999999998899]"
22,2,hpp,20,20,20,60,5,,2.1655569740008285,5.946809219526267,0.006558432162713797,0.00421324395874313,0.005568431808428288,0.2414018111029083,5.674019520369682e-16,8.006231791794599e-05,1.5866342187002926e-05,8.0062317917946e-06,1.5866342187002926e-06,5.094811679659149,3.546455077632599e-08,0.0223520647407801,,,,"[0.9999983370099556, 0.9999974159173474, 0.9999960852090438, 0.9999949191115133, 0.9999822663267695, 0.0010000000000001564, 0.0010000000000001058, 0.0010000000000000531, 0.0010000000000000453, 0.0010000000000000347, 0.0010000000000000208, 0.001000000000000014, 0.0010000000000000072, 0.0009999999999999855, 0.0009999999999999786, 0.000999999999999973, 0.0009999999999999358, 0.0009999999999999135, 0.0009999999999998803, 0.000999999999999857]"
22,2,gated,8,8,44,60,5,,0.9752816405977883,5.087805761238611,0.009351948109044569,0.009067372077940283,0.012280091449179388,0.5195292705500655,5.175709176333778e-16,9.230966983148237e-05,7.293016543417863e-06,4.1958940832491985e-06,3.315007519735392e-07,5.094822313057911,3.157264938731228e-08,0.09524156189495596,5.0,6.9076731405895,69076.731405895,"[0.9999966005970928, 0.9999882938961935, 0.9999782507863093, 0.9999683398942165, 0.9999178649808369, 0.001000000000000209, 0.0010000000000000458, 0.0009999999999999872]"
22,3,hpp,20,20,20,60,5,,3.1487376280643398,5.77492365142463,0.006170756305676866,0.0030237928488215794,0.0048849210001403395,0.17325083237472588,8.190718460509468e-16,8.004782927417778e-05,1.584363500301203e-05,8.004782927417779e-06,1.584363500301203e-06,5.095237478868159,5.6396212824480065e-08,0.035595501167351176,,,,"[0.9999980439172005, 0.9999971938291632, 0.9999969699761646, 0.9999930878666178, 0.9999908658201307, 0.00100000000000024, 0.0010000000000000902, 0.0010000000000000612, 0.0010000000000000414, 0.0010000000000000302, 0.0010000000000000198, 0.0010000000000000028, 0.0009999999999999948, 0.0009999999999999896, 0.0009999999999999848, 0.0009999999999999595, 0.0009999999999999478, 0.0009999999999999259, 0.0009999999999999083, 0.0009999999999998255]"
22,3,gated,8,8,44,60,5,,1.747067489151962,4.76811664848182,0.008947710822008308,0.005098015302634784,0.0074264164841779685,0.2920960259943361,3.8145649271969335e-16,9.211114459412869e-05,7.283982250287285e-06,4.186870208824031e-06,3.3109010228578567e-07,5.095968777798195,9.385304222842377e-07,2.8346677107071305,5.0,6.90772931487465,69077.2931487465,"[0.9999965668797262, 0.9999956208629286, 0.9999924391013392, 0.9999862404161387, 0.9999740362297348, 0.0010000000000001577, 0.0009999999999999608, 0.0009999999999998838]"
22,4,hpp,20,20,20,60,5,,3.653100311445712,6.469476861348093,0.006446086635208999,0.002741795048697966,0.004650914610517324,0.15709348140415114,5.970974167653869e-16,8.004333131305688e-05,1.5868230635811845e-05,8.004333131305688e-06,1.5868230635811846e-06,5.095447197099259,1.9998524558963598e-07,0.1260286985861574,,,,"[0.9999981894957516, 0.9999970971816775, 0.9999957589861117, 0.9999948548834013, 0.9999924900773498, 0.0010000000000001143, 0.0010000000000001054, 0.0010000000000000774, 0.0010000000000000577, 0.0010000000000000434, 0.001000000000000031, 0.0010000000000000098, 0.0009999999999999983, 0.0009999999999999792, 0.00099999999999997, 0.0009999999999999634, 0.0009999999999999475, 0.0009999999999999408, 0.0009999999999999183, 0.0009999999999998493]"
22,4,gated,8,8,44,60,5,,0.788391470204695,5.077074254647567,0.00946672069168078,0.012899367302489468,0.015852178797800882,0.7390998027103907,7.214944833556542e-16,9.253346376007622e-05,7.312157800095861e-06,4.206066534548919e-06,3.323708090952664e-07,5.095567239098897,3.217601953228952e-07,0.9680759757415102,5.0,6.90758903788154,69075.8903788154,"[0.9999972707033921, 0.9999934234973995, 0.9999828658127801, 0.999941626988494, 0.9998337727168726, 0.0010000000000001835, 0.00100000000000011, 0.0009999999999999634]"
22,5,hpp,20,20,20,60,5,,2.264612635215745,6.3507955949114026,0.006708197512269518,0.004213765919362646,0.005863959113219897,0.2414317175089533,8.71299270740867e-16,8.00691070966496e-05,1.5843710358675874e-05,8.00691070966496e-06,1.5843710358675874e-06,5.093294605396446,2.90837075381486e-06,1.8356626623272385,,,,"[0.9999982463504113, 0.9999969754965412, 0.9999959444592259, 0.9999922201307582, 0.9999822619325994, 0.0010000000000001791, 0.0010000000000001071, 0.0010000000000000573, 0.0010000000000000425, 0.0010000000000000189, 0.0010000000000000076, 0.0009999999999999948, 0.0009999999999999885, 0.0009999999999999786, 0.000999999999999965, 0.000999999999999955, 0.0009999999999999421, 0.0009999999999999413, 0.0009999999999999291, 0.0009999999999998792]"
22,5,gated,8,8,44,60,5,,0.5465614623553543,4.191292216322247,0.009419511915721969,0.01831114770449374,0.019449645597689753,1.0492101201112416,7.301225365341591e-16,9.2868620061e-05,7.419412193582129e-06,4.221300911863637e-06,3.3724600879918766e-07,5.095619238435,3.8345623938688964e-07,1.1370223201521052,5.0,6.907420260037339,69074.20260037339,"[0.9999957888244038, 0.9999941182026646, 0.9999854527431127, 0.9999816926367837, 0.999665037167875, 0.0010000000000000926, 0.0009999999999999142, 0.0009999999999999072]"
22,6,hpp,20,20,20,60,5,,2.741287534236544,5.662749930965151,0.005672736769422963,0.003456482852405382,0.005363197571955836,0.1980422737477119,7.795067006321752e-16,8.005770244283422e-05,1.583511450827759e-05,8.005770244283421e-06,1.583511450827759e-06,5.096669773854801,2.788144726192726e-06,1.7607354368894912,,,,"[0.99999774689684, 0.999997072756338, 0.9999962628515134, 0.9999921176974381, 0.9999880646735644, 0.0010000000000001074, 0.0010000000000000855, 0.001000000000000056, 0.0010000000000000404, 0.0010000000000000293, 0.00100000000000002, 0.0010000000000000113, 0.0009999999999999968, 0.0009999999999999916, 0.000999999999999973, 0.000999999999999956, 0.0009999999999999415, 0.0009999999999999098, 0.0009999999999998992, 0.0009999999999998567]"
22,6,gated,8,8,44,60,5,,0.7566759453994817,3.439915572540643,0.00932822006199638,0.013530364169945207,0.015571073693866858,0.7752564179028651,4.732493195838471e-16,9.25190651565296e-05,7.3120759303543244e-06,4.205412052569527e-06,3.323670877433784e-07,5.095148975346648,2.2193653910259704e-08,0.06677452349733103,5.0,6.9075723745723305,69075.7237457233,"[0.9999939667677022, 0.9999899190777334, 0.9999859343618605, 0.9999708515988768, 0.9998171123161839, 0.0009999999999999987, 0.0009999999999999738, 0.000999999999999825]"
22,7,hpp,20,20,20,60,5,,2.855640630641066,6.448166996197538,0.006770982643411352,0.00311236685336939,0.005132884483346696,0.17832577289709997,7.884174262115312e-16,8.005282113608415e-05,1.583200744805659e-05,8.005282113608415e-06,1.5832007448056589e-06,5.092548455866602,6.01006863797468e-06,3.796150714110754,,,,"[0.9999981735391235, 0.9999967520746748, 0.9999960009337165, 0.9999924304364723, 0.999990322859398, 0.0010000000000001247, 0.0010000000000000848, 0.0010000000000000588, 0.0010000000000000438, 0.0010000000000000234, 0.0010000000000000165, 0.001000000000000003, 0.0009999999999999872, 0.0009999999999999794, 0.0009999999999999705, 0.0009999999999999558, 0.0009999999999999467, 0.0009999999999999358, 0.0009999999999998693, 0.0009999999999998493]"
22,7,gated,8,8,44,60,5,,0.7148891157710309,4.718630543209225,0.007856649902754349,0.01362755724273563,0.014710895078267753,0.7808256842509544,5.094619525126363e-16,9.246707502150399e-05,7.312819983321386e-06,4.203048864613818e-06,3.324009083327903e-07,5.095215488983363,4.643550195272807e-08,0.13969727756049985,5.0,6.907569737163941,69075.69737163941,"[0.999996630599009, 0.9999928211183552, 0.999991006124188, 0.9999888727409681, 0.9998144753939125, 0.0010000000000002897, 0.0009999999999999699, 0.0009999999999998016]"
22,8,hpp,20,20,20,60,5,,2.16946738141733,6.169188602842181,0.006452251287323232,0.003654367137770232,0.005333950123361081,0.20938027981193968,1.1422051511148709e-15,8.005709153679611e-05,1.5870639909167476e-05,8.005709153679612e-06,1.5870639909167476e-06,5.096065108744269,1.1344566371282544e-06,0.7148146789424349,,,,"[0.9999982611683812, 0.999997183705706, 0.9999957491996446, 0.9999937243981519, 0.9999866589552217, 0.0010000000000001438, 0.001000000000000092, 0.0010000000000000544, 0.0010000000000000492, 0.0010000000000000293, 0.0010000000000000217, 0.0010000000000000098, 0.0010000000000000005, 0.000999999999999995, 0.0009999999999999753, 0.0009999999999999712, 0.0009999999999999692, 0.0009999999999999397, 0.000999999999999928, 0.0009999999999997968]"
22,8,gated,8,8,44,60,5,,1.9445259843424527,4.27027249666429,0.008678422732659336,0.004902466173562366,0.007978489677214142,0.28089174612531337,6.226791984946645e-16,9.212822259663489e-05,7.246121411848963e-06,4.187646481665222e-06,3.2936915508404377e-07,5.094968088575328,1.0183390242894797e-09,0.0030917862482588397,5.0,6.907731268553302,69077.31268553302,"[0.9999949375970818, 0.999992289599163, 0.9999894560250977, 0.9999837342778359, 0.999975989859592, 0.0010000000000001791, 0.0010000000000001295, 0.001000000000000006]"
22,9,hpp,20,20,20,60,5,,2.4022337239827607,7.034330979853728,0.00605281676147805,0.0037150793149529227,0.005239974393456888,0.21285885494480225,8.20031921041202e-16,8.005511026236481e-05,1.584890691709899e-05,8.005511026236481e-06,1.584890691709899e-06,5.094352143940076,4.1971747437465527e-07,0.2648242409208881,,,,"[0.9999986489065608, 0.9999980013233989, 0.9999957541521556, 0.9999939537560768, 0.9999862119874985, 0.0010000000000000935, 0.0010000000000000779, 0.0010000000000000577, 0.0010000000000000388, 0.0010000000000000263, 0.0010000000000000245, 0.0010000000000000041, 0.0009999999999999994, 0.0009999999999999853, 0.0009999999999999733, 0.0009999999999999705, 0.0009999999999999473, 0.0009999999999999371, 0.000999999999999905, 0.0009999999999998007]"
22,9,gated,8,8,44,60,5,,1.247703166270374,4.405685285712143,0.008615854036168711,0.007440502041376934,0.011033344361745918,0.42631329801784024,6.881246695909187e-16,9.224782779792038e-05,7.279267501751492e-06,4.193083081723654e-06,3.308757955341587e-07,5.095654431974189,4.2828120884762006e-07,1.294386638817784,5.0,6.907699971742978,69076.99971742978,"[0.9999953339377884, 0.9999924176926441, 0.9999741379803654, 0.9999718031456428, 0.9999446942904427, 0.0010000000000001848, 0.0010000000000001332, 0.0010000000000000818]"
23,0,hpp,20,20,20,60,5,,3.179016066169779,5.94310987420494,0.006559202006455709,0.0030629476544574642,0.004933388378082046,0.17549424787485665,7.815801455825546e-16,8.004877809664201e-05,1.5860748846533608e-05,8.0048778096642e-06,1.5860748846533609e-06,5.095395817676351,1.566716329159445e-07,0.09877946774889215,,,,"[0.9999981788012342, 0.9999966240954693, 0.9999953511768347, 0.9999949042105812, 0.9999906277333153, 0.0010000000000002405, 0.001000000000000097, 0.0010000000000000852, 0.001000000000000055, 0.0010000000000000436, 0.001000000000000031, 0.0010000000000000258, 0.0010000000000000052, 0.0009999999999999955, 0.0009999999999999835, 0.0009999999999999725, 0.0009999999999999567, 0.0009999999999999458, 0.0009999999999999224, 0.0009999999999998732]"
23,0,gated,8,8,44,60,5,,1.298958823573799,3.887802423373836,0.008995622274686291,0.007743608528361012,0.01070746167186138,0.4436805210560931,6.98379363106087e-16,9.223364080619983e-05,7.277066450342605e-06,4.192438218463629e-06,3.3077574774284565e-07,5.095809414705797,6.551521659677881e-07,1.9806535710021937,5.0,6.907695373678218,69076.95373678218,"[0.9999944426421798, 0.9999924317087061, 0.9999832886979465, 0.9999752053750152, 0.9999400964904321, 0.0010000000000000653, 0.000999999999999933, 0.0009999999999998892]"
23,1,hpp,20,20,20,60,5,,3.1061568966945505,6.260259678664091,0.006141506865463331,0.003061001259001694,0.004562204217371501,0.1753827271071844,5.467290710609328e-16,8.004171254223126e-05,1.585453386169773e-05,8.004171254223127e-06,1.585453386169773e-06,5.095075610904849,5.71700893278623e-09,0.0036059142341596686,,,,"[0.9999980510382861, 0.9999979645725885, 0.9999975911898461, 0.9999949606646432, 0.9999906396410215, 0.0010000000000002546, 0.0010000000000001837, 0.001000000000000119, 0.0010000000000000668, 0.0010000000000000462, 0.0010000000000000393, 0.001000000000000036, 0.0010000000000000189, 0.0010000000000000115, 0.000999999999999997, 0.0009999999999999894, 0.0009999999999999718, 0.0009999999999999402, 0.0009999999999999202, 0.0009999999999998886]"
23,1,gated,8,8,44,60,5,,1.4645803840064777,5.132212339107232,0.008705464378594424,0.006839019243104079,0.009491828788128332,0.39184999329244424,4.912815202108471e-16,9.218279861792286e-05,7.2689011258220825e-06,4.190127209905585e-06,3.3040459662827646e-07,5.095080158786522,6.425431057428887e-09,0.01944716000624487,5.0,6.907708552478356,69077.08552478356,"[0.9999971317359317, 0.9999919382121851, 0.9999860001625344, 0.9999816505824429, 0.9999532745879771, 0.0010000000000000922, 0.001000000000000043, 0.000999999999999999]"
23,2,hpp,20,20,20,60,5,,2.886207991251088,6.643639905485475,0.006041304638911509,0.003246866642371849,0.00537169062924005,0.18603208211349753,8.965093021536869e-16,8.005787303177636e-05,1.582698363590351e-05,8.005787303177635e-06,1.582698363590351e-06,5.09488913903574,1.22901533957083e-08,0.007765316296800919,,,,"[0.9999979025825337, 0.9999972093911478, 0.9999952527303424, 0.9999913406916685, 0.9999894683991501, 0.0010000000000002036, 0.001000000000000114, 0.001000000000000088, 0.0010000000000000655, 0.0010000000000000351, 0.0010000000000000187, 0.001000000000000013, 0.0010000000000000117, 0.001000000000000002, 0.0009999999999999794, 0.000999999999999968, 0.0009999999999999662, 0.0009999999999999493, 0.0009999999999999304, 0.0009999999999998888]"
23,2,gated,8,8,44,60,5,,1.2892076446948986,3.9669059255339882,0.009829093864102962,0.007231338817945399,0.010243963612574907,0.4143288055825764,4.756444231244769e-16,9.221338845971008e-05,7.271809964794969e-06,4.191517657259549e-06,3.305368165815895e-07,5.09487687821438,1.5158974093195295e-08,0.04586168115845414,5.0,6.907703037648727,69077.03037648727,"[0.9999944808332544, 0.999991549813629, 0.9999891714829624, 0.999972203987286, 0.999947760031161, 0.0010000000000000163, 0.000999999999999981, 0.0009999999999998756]"
23,3,hpp,20,20,20,60,5,,2.7930490905676337,4.700390531577232,0.006197663096617058,0.0033210125598521247,0.005849987793928226,0.19028035316150582,7.423940154562887e-16,8.006864281106053e-05,1.583892017131097e-05,8.006864281106053e-06,1.583892017131097e-06,5.095222164259681,4.9356958281738494e-08,0.03116182021747842,,,,"[0.9999962986192388, 0.9999948719026975, 0.9999939066407006, 0.9999917527978313, 0.9999889819047016, 0.0010000000000001548, 0.001000000000000127, 0.0010000000000000976, 0.001000000000000068, 0.0010000000000000443, 0.0010000000000000373, 0.00100000000000003, 0.0010000000000000243, 0.001000000000000004, 0.0009999999999999905, 0.0009999999999999861, 0.000999999999999973, 0.0009999999999999536, 0.000999999999999933, 0.000999999999999859]"
23,3,gated,8,8,44,60,5,,0.884938646583654,4.17242436933053,0.009011889258631443,0.010809450832320861,0.013496075988128636,0.6193479731513726,5.339628238561138e-16,9.237932878423002e-05,7.260494543576988e-06,4.199060399283183e-06,3.3002247925349947e-07,5.095141929542816,2.0143995125282238e-08,0.0610382516089429,5.0,6.907638544785839,69076.38544785838,"[0.9999961136641785, 0.9999907707912055, 0.9999866129037173, 0.9999612681009582, 0.9998832726169313, 0.0010000000000000584, 0.001000000000000032, 0.0009999999999996982]"
23,4,hpp,20,20,20,60,5,,2.9565827693845437,5.448643105698695,0.006795222896411366,0.00311059045310159,0.005137688844272811,0.17822399216634305,8.634461509292658e-16,8.005290842919612e-05,1.585503990846546e-05,8.005290842919612e-06,1.5855039908465459e-06,5.093609396770908,1.933777340746931e-06,1.2196609733630706,,,,"[0.9999974404745355, 0.9999962321048824, 0.9999956826470342, 0.9999939414199277, 0.9999903339028059, 0.0010000000000001286, 0.001000000000000071, 0.0010000000000000638, 0.0010000000000000566, 0.0010000000000000438, 0.0010000000000000221, 0.0010000000000000126, 0.0010000000000000087, 0.0009999999999999805, 0.0009999999999999764, 0.0009999999999999647, 0.0009999999999999564, 0.0009999999999999224, 0.0009999999999998515, 0.0009999999999998354]"
23,4,gated,8,8,44,60,5,,1.175622908544703,5.763496487376007,0.008271416816136521,0.008411945440689373,0.011009052557352409,0.4819746555139119,4.849400361415864e-16,9.224812483614094e-05,7.26934387621193e-06,4.193096583460952e-06,3.304247216459968e-07,5.094623395340621,1.4183106946241747e-07,0.42923867426109036,5.0,6.907684586418166,69076.84586418165,"[0.9999979775086025, 0.9999925113130279, 0.9999857278721106, 0.9999733953325568, 0.9999293099347288, 0.001000000000000039, 0.0010000000000000098, 0.0009999999999999074]"
23,5,hpp,20,20,20,60,5,,2.8208386474981375,5.397924141415813,0.006183284464319199,0.002870393938340746,0.005119500828864972,0.16446168404511205,7.204901622405624e-16,8.005251968765867e-05,1.5835823445529943e-05,8.005251968765867e-06,1.5835823445529942e-06,5.093430154730678,2.4644141695987927e-06,1.5562273588585855,,,,"[0.9999970017851484, 0.9999960595484262, 0.999995048115569, 0.9999939383936074, 0.9999917690777997, 0.0010000000000001674, 0.0010000000000000907, 0.0010000000000000434, 0.0010000000000000373, 0.0010000000000000263, 0.0010000000000000167, 0.0010000000000000096, 0.0009999999999999913, 0.000999999999999988, 0.000999999999999974, 0.000999999999999968, 0.0009999999999999413, 0.000999999999999925, 0.0009999999999998274, 0.0009999999999997936]"
23,5,gated,8,8,44,60,5,,0.6849815424281144,3.9007830044516925,0.008676489661206259,0.012347031419923254,0.014850865350703641,0.7074507657022593,7.163114030020652e-16,9.246572129009258e-05,7.301382602279072e-06,4.2029873313678445e-06,3.318810273763215e-07,5.094770569483464,5.2638361915637445e-08,0.1586061195837825,5.0,6.907602970648054,69076.02970648053,"[0.9999940561206958, 0.9999901845153789, 0.9999875363910123, 0.9999601920551503, 0.9998477032642991, 0.0010000000000000564, 0.0010000000000000052, 0.0009999999999999042]"
23,6,hpp,20,20,20,60,5,,2.8630971866425226,5.976521626155983,0.0063060417283870825,0.0035242576260271297,0.005166625335945467,0.20192550588860375,5.745771983275371e-16,8.005355177280628e-05,1.58129056007411e-05,8.005355177280628e-06,1.58129056007411e-06,5.095127954582698,1.6372375234609194e-08,0.010353805712874094,,,,"[0.9999979013711269, 0.9999975266189316, 0.9999968481043671, 0.9999934645536533, 0.9999875920285771, 0.0010000000000002273, 0.0010000000000001913, 0.0010000000000000883, 0.0010000000000000555, 0.0010000000000000516, 0.0010000000000000345, 0.0010000000000000106, 0.0010000000000000074, 0.0009999999999999948, 0.0009999999999999883, 0.0009999999999999575, 0.000999999999999953, 0.000999999999999944, 0.0009999999999998756, 0.000999999999999859]"
23,6,gated,8,8,44,60,5,,1.0540248971536677,3.974562039263778,0.008461138946739428,0.01038479825128046,0.013123537323380091,0.595015806037556,5.170754240793853e-16,9.235724551302226e-05,7.263460952391128e-06,4.198056614228285e-06,3.301573160177786e-07,5.094955772468168,1.956074571516273e-09,0.005924674319229506,5.0,6.907647536987158,69076.47536987158,"[0.9999937657179507, 0.9999910019654272, 0.999985552392395, 0.9999653611102655, 0.9998922638093152, 0.001000000000000334, 0.0009999999999998899, 0.0009999999999998855]"
23,7,hpp,20,20,20,60,5,,3.3502527537735567,6.449883841720202,0.006010049129454078,0.0028770868620914872,0.004773085207177553,0.1648451619120901,6.048275894673659e-16,8.004565444876787e-05,1.5852559531253663e-05,8.004565444876787e-06,1.5852559531253663e-06,5.094325030475307,4.555838592577492e-07,0.28738820274388865,,,,"[0.9999985528882184, 0.9999972521983204, 0.9999963195593955, 0.9999933851451958, 0.9999917306488165, 0.0010000000000001596, 0.001000000000000091, 0.0010000000000000618, 0.0010000000000000438, 0.0010000000000000369, 0.0010000000000000202, 0.000999999999999998, 0.0009999999999999872, 0.0009999999999999833, 0.00099999999999998, 0.0009999999999999482, 0.0009999999999999256, 0.0009999999999998864, 0.000999999999999842, 0.000999999999999761]"
23,7,gated,8,8,44,60,5,,1.1344003792271142,4.927440408654254,0.009003486629469315,0.008448671911967692,0.011102666686545621,0.4840790020940806,5.744966220527044e-16,9.22524974049894e-05,7.259817891541848e-06,4.193295336590427e-06,3.299917223428113e-07,5.0960925041562986,1.1935653315398592e-06,3.6169553680498874,5.0,6.907683967762529,69076.83967762529,"[0.9999973004702711, 0.9999918081994951, 0.9999897231903085, 0.9999693308785986, 0.9999286913229812, 0.001000000000000005, 0.0009999999999999716, 0.0009999999999998894]"
23,8,hpp,20,20,20,60,5,,3.138181095508374,5.790920546408284,0.0058717826697463945,0.0031252990780443945,0.004743726098918874,0.1790667383944364,7.408316122864507e-16,8.004510322136614e-05,1.588929775946873e-05,8.004510322136615e-06,1.588929775946873e-06,5.0937446501146795,1.575903334562486e-06,0.991801751353911,,,,"[0.9999979151540828, 0.9999976294513455, 0.9999970909025133, 0.999994641784526, 0.999990242273167, 0.001000000000000117, 0.0010000000000000902, 0.001000000000000069, 0.0010000000000000557, 0.001000000000000035, 0.001000000000000014, 0.0010000000000000033, 0.000999999999999993, 0.000999999999999991, 0.0009999999999999673, 0.000999999999999954, 0.0009999999999999402, 0.0009999999999999048, 0.0009999999999998647, 0.0009999999999998478]"
23,8,gated,8,8,44,60,5,,1.5429656161405605,4.17414779659885,0.008987540673632992,0.006013563859723319,0.009655581130149402,0.34455390569678696,2.791355712168038e-16,9.218874832064862e-05,7.24591939282097e-06,4.190397650938574e-06,3.293599724009532e-07,5.095423525030356,1.7937345134230899e-07,0.5446121762602804,5.0,6.9077191515420315,69077.19151542032,"[0.9999952413964138, 0.9999912617766213, 0.9999860992998996, 0.9999703872976972, 0.9999638732126548, 0.0010000000000001728, 0.0010000000000001082, 0.0009999999999999402]"
23,9,hpp,20,20,20,60,5,,3.5916360431121936,5.903631792442383,0.006309024680483045,0.002644432120299664,0.004570734518413961,0.15151497629359342,6.602879580894744e-16,8.004185056864992e-05,1.582540705193416e-05,8.004185056864992e-06,1.582540705193416e-06,5.09407684476593,8.522155861814995e-07,0.5385110053629508,,,,"[0.9999982760243277, 0.9999976340666977, 0.9999964774838708, 0.9999937277308975, 0.9999930139717822, 0.0010000000000001204, 0.0010000000000000874, 0.0010000000000000746, 0.0010000000000000531, 0.00100000000000004, 0.0010000000000000085, 0.0010000000000000054, 0.0009999999999999905, 0.000999999999999976, 0.0009999999999999681, 0.0009999999999999543, 0.0009999999999999493, 0.000999999999999919, 0.0009999999999999053, 0.0009999999999998005]"
23,9,gated,8,8,44,60,5,,0.792547051556787,4.3044814577597466,0.008809125833801492,0.010502539556411974,0.013476733132089512,0.6017622538281577,7.24869864080813e-16,9.237765535772089e-05,7.26834762194885e-06,4.198984334441859e-06,3.3037943736131137e-07,5.095256167967361,6.562202750422612e-08,0.19862624631950143,5.0,6.907645079876557,69076.45079876557,"[0.999995300950249, 0.9999945375058812, 0.9999883480405009, 0.9999505658235879, 0.9998898069662031, 0.0010000000000000846, 0.0009999999999999504, 0.0009999999999998484]"
24,0,hpp,20,20,20,60,5,,2.6682549032079512,5.592086582738541,0.006217310651958861,0.00365256184330839,0.005903114548840958,0.20927684336817087,7.769409937628844e-16,8.00699476296074e-05,1.5819026500290215e-05,8.00699476296074e-06,1.5819026500290216e-06,5.096187937329089,1.4111950978532769e-06,0.8920871950163224,,,,"[0.9999975480835941, 0.9999970464520161, 0.9999930029608751, 0.9999909184557104, 0.9999866721331889, 0.0010000000000001416, 0.001000000000000084, 0.001000000000000057, 0.0010000000000000414, 0.0010000000000000325, 0.0010000000000000237, 0.0010000000000000141, 0.0010000000000000037, 0.0009999999999999926, 0.0009999999999999844, 0.0009999999999999799, 0.000999999999999951, 0.0009999999999999122, 0.000999999999999818, 0.00099999999999976]"
24,0,gated,8,8,44,60,5,,0.456323350212401,4.1629821713791895,0.008231945889443114,0.019509486622791186,0.022097312088951503,1.1178821663330616,4.8311191946891e-16,9.312522618019347e-05,7.455539338738611e-06,4.23296482637243e-06,3.3888815176084597e-07,5.09486322957828,1.870614825616092e-08,0.055198590328297714,5.0,6.9073749672245,69073.749672245,"[0.9999944568274216, 0.9999827649757845, 0.9999812323336966, 0.9999339824009594, 0.9996197605517829, 0.0010000000000000707, 0.0009999999999999794, 0.0009999999999998723]"
24,1,hpp,20,20,20,60,5,,2.5874760224934574,5.920708695582889,0.006217994685110492,0.003505861169118949,0.005361094558743235,0.2008714600380289,8.579230524399656e-16,8.005765718352793e-05,1.5816721113025377e-05,8.005765718352793e-06,1.5816721113025377e-06,5.097132418164195,4.5472072270089645e-06,2.8749367169812783,,,,"[0.9999981195456049, 0.9999967803186164, 0.999995578057232, 0.999993088256487, 0.9999877212285249, 0.001000000000000201, 0.0010000000000000805, 0.001000000000000051, 0.001000000000000049, 0.0010000000000000386, 0.0010000000000000362, 0.0010000000000000054, 0.0009999999999999957, 0.0009999999999999887, 0.0009999999999999757, 0.0009999999999999606, 0.0009999999999999523, 0.000999999999999946, 0.0009999999999998857, 0.0009999999999998498]"
24,1,gated,8,8,44,60,5,,0.6501509971993176,3.4405043662036023,0.008875635775513188,0.016193417620565795,0.018803861492882594,0.9278550399701591,4.76579008193629e-16,9.27779699120331e-05,7.3352529827897394e-06,4.217180450546959e-06,3.3342059012680634e-07,5.0964525737154,2.109970398684109e-06,6.328254646426143,5.0,6.907493280115872,69074.93280115872,"[0.9999922070382431, 0.9999858316039657, 0.9999757905453523, 0.9999549037380611, 0.9997380354525399, 0.0010000000000000987, 0.001, 0.0009999999999998224]"
24,2,hpp,20,20,20,60,5,,2.611913427743077,5.096657020862334,0.006317772578772471,0.0038771104174968704,0.005817670564767143,0.22214262017190833,5.519037201302933e-16,8.006794892872172e-05,1.579655834483191e-05,8.006794892872173e-06,1.579655834483191e-06,5.094873488076143,1.600526687685831e-08,0.010132122787426466,,,,"[0.9999975679517686, 0.9999962782529408, 0.9999943387983588, 0.999993020504626, 0.9999849830467952, 0.0010000000000002381, 0.0010000000000001154, 0.0010000000000000616, 0.00100000000000005, 0.001000000000000037, 0.00100000000000003, 0.0010000000000000174, 0.0010000000000000106, 0.000999999999999992, 0.0009999999999999777, 0.0009999999999999681, 0.0009999999999999642, 0.0009999999999999482, 0.000999999999999928, 0.0009999999999998736]"
24,2,gated,8,8,44,60,5,,1.6623821840075708,4.9975424967595155,0.008711019432750442,0.005401327530477846,0.008838621863250604,0.3094747760636485,4.630211136950664e-16,9.215784618679485e-05,7.2560248020556836e-06,4.188993008490675e-06,3.2981930918434926e-07,5.095170322096487,2.9009616553253704e-08,0.08795608912345113,5.0,6.907726133392604,69077.26133392604,"[0.9999965000926879, 0.9999954189261311, 0.9999842961767201, 0.9999748868540068, 0.999970854835248, 0.0010000000000000527, 0.0009999999999999963, 0.000999999999999846]"
24,3,hpp,20,20,20,60,5,,3.1282004075248233,5.754970354312303,0.006682642351592791,0.0029899698279046345,0.005246086918418609,0.1713129072649746,5.773628442135055e-16,8.005516864917224e-05,1.5831245283739667e-05,8.005516864917225e-06,1.5831245283739667e-06,5.095956080129174,9.140892134097105e-07,0.577395648306059,,,,"[0.9999975837616389, 0.9999967457099098, 0.9999944307668758, 0.9999926768347012, 0.9999910690203472, 0.0010000000000001442, 0.0010000000000001251, 0.0010000000000000885, 0.0010000000000000594, 0.001000000000000033, 0.0010000000000000273, 0.001000000000000019, 0.0010000000000000117, 0.0009999999999999996, 0.0009999999999999905, 0.0009999999999999608, 0.0009999999999999517, 0.0009999999999999348, 0.0009999999999999087, 0.0009999999999998441]"
24,3,gated,8,8,44,60,5,,0.754252037096935,3.8082265150584416,0.009239239081618887,0.012072094848561527,0.015435046033602896,0.6916968861935832,4.743633410589833e-16,9.250027667531581e-05,7.288591030568811e-06,4.204558030696173e-06,3.3129959229858235e-07,5.094696383316208,9.218309067400406e-08,0.2782469185501576,5.0,6.907609678644236,69076.09678644236,"[0.9999941266873766, 0.9999895554897074, 0.9999662360510428, 0.9999576691050207, 0.9998544102614412, 0.0010000000000001273, 0.0010000000000000124, 0.0009999999999997678]"
24,4,hpp,20,20,20,60,5,,3.377440115393514,5.916136814151692,0.006275676807164504,0.002653263993160604,0.004798144229543752,0.1520210071089825,7.58736872213226e-16,8.004612085788173e-05,1.5850692546988224e-05,8.004612085788172e-06,1.5850692546988224e-06,5.094503810853149,2.4620366944843787e-07,0.15532675857448183,,,,"[0.9999981452180511, 0.9999964705707229, 0.9999954763404209, 0.9999939414749521, 0.9999929672299928, 0.001000000000000211, 0.0010000000000001275, 0.0010000000000000865, 0.0010000000000000475, 0.0010000000000000317, 0.001000000000000023, 0.00100000000000001, 0.0010000000000000009, 0.000999999999999992, 0.000999999999999986, 0.0009999999999999738, 0.0009999999999999634, 0.0009999999999999488, 0.0009999999999998873, 0.0009999999999998745]"
24,4,gated,8,8,44,60,5,,0.6637590525507294,4.150141049438732,0.008167363606033089,0.013610373634801708,0.016870254672318608,0.7798410447216777,7.044677999786888e-16,9.260701300461361e-05,7.288086722706016e-06,4.209409682027891e-06,3.3127666921390983e-07,5.094914076661676,7.382820067886009e-09,0.022285964433911953,5.0,6.907570204828659,69075.70204828658,"[0.9999955010075, 0.9999926609524001, 0.9999669965964375, 0.999945577584655, 0.9998149429717923, 0.001000000000000106, 0.00099999999999997, 0.0009999999999996598]"
24,5,hpp,20,20,20,60,5,,2.619629352384825,6.44604415919351,0.00592797651691287,0.003162937766144203,0.0052408077976735384,0.18122328702837823,8.692948193197465e-16,8.005508139982551e-05,1.581572209592763e-05,8.00550813998255e-06,1.5815722095927629e-06,5.0933591902273205,2.692256710105058e-06,1.7022660702910832,,,,"[0.9999983538097643, 0.9999974044577086, 0.9999953624968657, 0.9999914348064919, 0.9999900058288629, 0.0010000000000000982, 0.0010000000000000894, 0.0010000000000000653, 0.0010000000000000464, 0.0010000000000000382, 0.0010000000000000254, 0.0010000000000000167, 0.0010000000000000015, 0.0009999999999999885, 0.0009999999999999868, 0.0009999999999999818, 0.0009999999999999582, 0.000999999999999932, 0.000999999999999881, 0.000999999999999773]"
24,5,gated,8,8,44,60,5,,1.0052831074392683,4.006075448756263,0.008097648311012232,0.009193186908714422,0.01165242417639967,0.52673822984124,9.177191155472086e-16,9.22793634746094e-05,7.257400439338128e-06,4.1945165215731545e-06,3.2988183815173307e-07,5.094855837603664,2.0782796516080104e-08,0.06300072969316003,5.0,6.907670845246845,69076.70845246845,"[0.9999935126780135, 0.9999926295744435, 0.999990111069359, 0.9999725336388411, 0.9999155698291476, 0.0010000000000000122, 0.000999999999999995, 0.0009999999999998428]"
24,6,hpp,20,20,20,60,5,,2.4215126781010254,6.448757702225573,0.0061534995926413386,0.0036361681058865525,0.005866498679419379,0.20833754516582695,7.642622682998584e-16,8.006911216665363e-05,1.5866435291127342e-05,8.006911216665363e-06,1.5866435291127342e-06,5.0951650464068745,2.7240316423734114e-08,0.017168517013375496,,,,"[0.9999985708166844, 0.9999968105613827, 0.9999953063901076, 0.9999881393376511, 0.9999867915032236, 0.0010000000000001026, 0.0010000000000000794, 0.0010000000000000612, 0.0010000000000000497, 0.0010000000000000388, 0.0010000000000000284, 0.0010000000000000204, 0.0010000000000000117, 0.0009999999999999842, 0.0009999999999999833, 0.0009999999999999681, 0.0009999999999999634, 0.0009999999999999072, 0.00099999999999989, 0.0009999999999998246]"
24,6,gated,8,8,44,60,5,,0.7414435200588598,3.876452869492515,0.009128009751476688,0.014014635696096563,0.015747776851608573,0.8030057646582331,5.485193145190693e-16,9.253479467398645e-05,7.3142458345036985e-06,4.206127030635748e-06,3.324657197501681e-07,5.094465864144645,2.8530111197059917e-07,0.8581369296810184,5.0,6.907559046125778,69075.59046125777,"[0.9999940326478286, 0.9999911834788434, 0.9999845775610635, 0.9999786754326527, 0.9998037863963201, 0.0010000000000002724, 0.0010000000000000874, 0.0009999999999999796]"
24,7,hpp,20,20,20,60,5,,3.467124092472925,5.663295601694679,0.006688288639786581,0.002767665296077485,0.004724759191510973,0.15857574301810853,6.209194484117699e-16,8.004472148634928e-05,1.585021338020131e-05,8.004472148634929e-06,1.5850213380201312e-06,5.092234762788181,7.646536837600177e-06,4.824248515891626,,,,"[0.9999977620426497, 0.9999971825163383, 0.9999961816848161, 0.9999942250413479, 0.9999923476887806, 0.0010000000000002542, 0.0010000000000001247, 0.0010000000000000688, 0.0010000000000000525, 0.0010000000000000432, 0.0010000000000000295, 0.0010000000000000178, 0.0010000000000000104, 0.0009999999999999979, 0.0009999999999999855, 0.000999999999999972, 0.0009999999999999668, 0.0009999999999999426, 0.000999999999999919, 0.0009999999999997778]"
24,7,gated,8,8,44,60,5,,1.6743871701136763,4.908961574532394,0.009105828550645836,0.005484513992533047,0.00884686377976266,0.3142410798557298,4.593894344631764e-16,9.2158157503435e-05,7.233503598870379e-06,4.189007159247045e-06,3.287956181304718e-07,5.094614157943303,1.488740927126626e-07,0.45278612154005893,5.0,6.907725228716766,69077.25228716765,"[0.9999969384860351, 0.9999931429746505, 0.9999876076344356, 0.9999741719869791, 0.9999699501861602, 0.001000000000000027, 0.000999999999999898, 0.000999999999999767]"
24,8,hpp,20,20,20,60,5,,3.003712558302012,6.640465867551772,0.006571606750718892,0.0029619702202206815,0.005264337786143209,0.16970864081258313,6.926533085279871e-16,8.005556376134164e-05,1.583482125496938e-05,8.005556376134163e-06,1.583482125496938e-06,5.0920918066936,8.457588307363404e-06,5.3411327928373,,,,"[0.9999980951686425, 0.9999972360432652, 0.999994105858494, 0.999991641884843, 0.9999912355056824, 0.0010000000000001993, 0.0010000000000000874, 0.0010000000000000625, 0.00100000000000004, 0.0010000000000000302, 0.00100000000000002, 0.0010000000000000078, 0.0010000000000000057, 0.0009999999999999961, 0.000999999999999984, 0.000999999999999979, 0.0009999999999999688, 0.0009999999999999488, 0.0009999999999999426, 0.0009999999999999107]"
24,8,gated,8,8,44,60,5,,0.7881862115033623,4.03425789272446,0.008254227433854316,0.013410389232780989,0.015446163337785285,0.768381736614523,4.650011373870869e-16,9.251018973283661e-05,7.278255370444665e-06,4.205008624219846e-06,3.308297895656666e-07,5.094228421039398,5.953340924360963e-07,1.7995177919669418,5.0,6.90757560414049,69075.7560414049,"[0.9999944312330898, 0.9999911749189059, 0.9999859747825933, 0.9999697323883523, 0.9998203412991645, 0.001000000000000254, 0.0009999999999999777, 0.000999999999999829]"
24,9,hpp,20,20,20,60,5,,2.7542161691931093,5.898249283864753,0.005924663863621329,0.003126440854620831,0.005157152455495547,0.17913215769302193,6.532216582597455e-16,8.005331325107234e-05,1.584064244547482e-05,8.005331325107235e-06,1.584064244547482e-06,5.093900192826331,1.2095758192425084e-06,0.7635901279925971,,,,"[0.9999976437725953, 0.9999962637276805, 0.9999955820268318, 0.9999937057054488, 0.9999902351422147, 0.0010000000000001512, 0.0010000000000001043, 0.001000000000000074, 0.0010000000000000503, 0.001000000000000042, 0.0010000000000000325, 0.0010000000000000187, 0.0010000000000000005, 0.0009999999999999942, 0.0009999999999999829, 0.0009999999999999747, 0.0009999999999999564, 0.000999999999999947, 0.0009999999999999339, 0.0009999999999999024]"
24,9,gated,8,8,44,60,5,,0.5999526686199453,4.269849839607231,0.009623690162283987,0.015994250333028513,0.017396896384959785,0.9164421168234775,6.896829837471575e-16,9.26707188680741e-05,7.349857084030353e-06,4.212305403094277e-06,3.340844129104706e-07,5.095814226244702,6.629643775690402e-07,1.984421756745366,5.0,6.907499686093348,69074.99686093348,"[0.999995759945208, 0.9999930462729574, 0.9999843573084422, 0.9999800473492381, 0.9997444397723269, 0.0010000000000000365, 0.0009999999999999681, 0.0009999999999998328]"
25,0,hpp,20,20,20,60,5,,3.134046593339213,6.601741703273106,0.0060892123419164015,0.002835180790092548,0.004689635987291662,0.16244411105709713,7.46470162421609e-16,8.004406197038196e-05,1.5830403790837073e-05,8.004406197038196e-06,1.5830403790837074e-06,5.094017634987798,9.65041017188715e-07,0.6096123825643022,,,,"[0.9999983132304222, 0.9999968826678106, 0.9999963805986287, 0.9999944830219948, 0.9999919697881373, 0.001000000000000126, 0.001000000000000109, 0.0010000000000000477, 0.0010000000000000445, 0.0010000000000000226, 0.0010000000000000148, 0.0010000000000000083, 0.0009999999999999972, 0.0009999999999999903, 0.000999999999999968, 0.0009999999999999558, 0.00099999999999995, 0.0009999999999999295, 0.0009999999999999285, 0.00099999999999989]"
25,0,gated,8,8,44,60,5,,0.7674216371424284,4.264771625332036,0.00822789975270777,0.014345929563357182,0.017218603407417186,0.8219894138336978,8.983347314028166e-16,9.26383824202107e-05,7.325301097248685e-06,4.210835564555031e-06,3.32968231693122e-07,5.094610536051631,1.516821670755614e-07,0.45554546241323784,5.0,6.907549657954061,69075.49657954062,"[0.9999960745580779, 0.9999882273016142, 0.9999823751906666, 0.9999427390159833, 0.9997944001106583, 0.00100000000000018, 0.000999999999999917, 0.0009999999999998046]"
25,1,hpp,20,20,20,60,5,,3.401501723115049,5.9974302684084595,0.006683955319464759,0.002660328388580862,0.004493926430286795,0.15242576857989595,6.917351774525005e-16,8.004045036092021e-05,1.588062522538961e-05,8.004045036092021e-06,1.588062522538961e-06,5.094841254430387,2.5200155870358296e-08,0.015868491015119994,,,,"[0.9999980349560456, 0.999998004744067, 0.9999958513965967, 0.9999950039936918, 0.9999929297302119, 0.0010000000000000874, 0.0010000000000000698, 0.0010000000000000662, 0.0010000000000000538, 0.001000000000000033, 0.0010000000000000263, 0.0010000000000000176, 0.0010000000000000059, 0.0009999999999999983, 0.0009999999999999844, 0.0009999999999999699, 0.0009999999999999634, 0.000999999999999943, 0.00099999999999992, 0.0009999999999998099]"
25,1,gated,8,8,44,60,5,,1.2055405078198254,3.97132189515643,0.008537685738320703,0.008285522406834321,0.010879550140098055,0.4747308967816428,8.275373659218023e-16,9.224194850252801e-05,7.27535052851971e-06,4.192815841024001e-06,3.306977512963504e-07,5.094510924360017,2.391949816205619e-07,0.7233039253605642,5.0,6.90768669539844,69076.8669539844,"[0.9999940090271332, 0.9999909602868333, 0.9999868808928569, 0.9999784847782095, 0.9999314187683274, 0.0010000000000002245, 0.0009999999999999996, 0.0009999999999999994]"
25,2,hpp,20,20,20,60,5,,1.9348373366351705,4.9939486475926085,0.006009911782298219,0.004641410436203203,0.006499288184140652,0.26593418381123024,8.784777583655962e-16,8.008498285330543e-05,1.5808733180291166e-05,8.008498285330544e-06,1.5808733180291167e-06,5.091846589848655,9.943995582578134e-06,6.2901912943760525,,,,"[0.9999973036434214, 0.9999960210926044, 0.9999938792424631, 0.9999921186635035, 0.9999784788518532, 0.0010000000000001009, 0.0010000000000000657, 0.0010000000000000384, 0.0010000000000000323, 0.0010000000000000163, 0.0010000000000000104, 0.000999999999999999, 0.0009999999999999961, 0.000999999999999974, 0.0009999999999999727, 0.0009999999999999716, 0.000999999999999956, 0.0009999999999999471, 0.0009999999999999068, 0.000999999999999868]"
25,2,gated,8,8,44,60,5,,1.474459355296255,4.292666884653823,0.00924555496516551,0.005993564644835629,0.009742217638067228,0.34340801443938657,4.707148989192065e-16,9.219209981451921e-05,7.25924665785339e-06,4.190549991569055e-06,3.299657571751541e-07,5.095838791786651,7.035716613610453e-07,2.132256593485159,5.0,6.907719391443782,69077.19391443783,"[0.9999956661620776, 0.9999905090878456, 0.9999826489190741, 0.9999722468316339, 0.9999641131056647, 0.0010000000000000698, 0.0009999999999997862, 0.0009999999999996691]"
25,3,hpp,20,20,20,60,5,,2.747975102054187,5.295837342459446,0.006691923892639959,0.003621979888340536,0.005272641648409591,0.20752461482838364,5.708352460779375e-16,8.005578290383205e-05,1.588543885986891e-05,8.005578290383204e-06,1.5885438859868912e-06,5.095633484499682,4.0130261134274396e-07,0.2526229302714118,,,,"[0.9999979768718383, 0.9999971640516725, 0.9999966788448702, 0.9999935129019896, 0.9999868943804266, 0.0010000000000001377, 0.00100000000000009, 0.0010000000000000616, 0.0010000000000000518, 0.0010000000000000404, 0.001000000000000015, 0.001000000000000003, 0.0009999999999999935, 0.000999999999999979, 0.000999999999999964, 0.0009999999999999534, 0.0009999999999999324, 0.0009999999999999233, 0.0009999999999999048, 0.0009999999999998248]"
25,3,gated,8,8,44,60,5,,0.5590108800166704,4.87916778307481,0.009066178729498935,0.017523720601899814,0.019594701365290006,1.0040866256118584,4.75224716684032e-16,9.28638879133641e-05,7.412178329575563e-06,4.221085814243822e-06,3.369171967988892e-07,5.095900773761144,8.113933687746131e-07,2.4082871889111246,5.0,6.907448458214492,69074.48458214491,"[0.9999964380226544, 0.9999907081653612, 0.9999838065765961, 0.9999522525690646, 0.9996932262970499, 0.0010000000000000172, 0.0009999999999999647, 0.0009999999999997823]"
25,4,hpp,20,20,20,60,5,,2.669417190168383,5.411232060569603,0.005850607223420248,0.003346767184165396,0.005531408295859434,0.19175599263839968,8.724214898809545e-16,8.006136626043559e-05,1.5854539101306996e-05,8.006136626043559e-06,1.5854539101306995e-06,5.095740901213659,5.4893460840894e-07,0.34623182982574857,,,,"[0.9999977227628288, 0.9999962669021383, 0.9999939667576765, 0.9999926673458308, 0.9999888103502652, 0.0010000000000001128, 0.0010000000000000768, 0.0010000000000000538, 0.001000000000000042, 0.0010000000000000247, 0.0010000000000000135, 0.001000000000000008, 0.0009999999999999948, 0.000999999999999992, 0.000999999999999988, 0.0009999999999999764, 0.0009999999999999493, 0.0009999999999999423, 0.0009999999999999222, 0.0009999999999999174]"
25,4,gated,8,8,44,60,5,,1.3190835882436636,3.9993375002454195,0.008130039635000898,0.008316552616573929,0.01196730017442589,0.47650885809544374,3.157809607603576e-16,9.229283367984658e-05,7.293696445158907e-06,4.19512880362939e-06,3.3153165659813213e-07,5.093818672131708,1.3955355323916568e-06,4.209358305964919,5.0,6.907686180712339,69076.8618071234,"[0.9999946035880753, 0.9999900294739145, 0.9999764919464287, 0.9999648978167679, 0.9999309041176234, 0.0010000000000001902, 0.0010000000000000182, 0.0009999999999998916]"
25,5,hpp,20,20,20,60,5,,3.3835649428098864,5.949868159113614,0.006683172568156879,0.002643366095927229,0.004778272271842543,0.15145389738271747,8.683553245713441e-16,8.004573300350084e-05,1.5809516586974878e-05,8.004573300350084e-06,1.5809516586974878e-06,5.094993808181944,3.8338610778808065e-11,2.425033717374662e-05,,,,"[0.9999971431434681, 0.9999967314392041, 0.999995500497851, 0.9999947962623909, 0.9999930196030677, 0.0010000000000001338, 0.0010000000000001, 0.0010000000000000557, 0.001000000000000046, 0.0010000000000000384, 0.0010000000000000226, 0.001000000000000007, 0.0009999999999999933, 0.0009999999999999807, 0.000999999999999977, 0.0009999999999999543, 0.000999999999999952, 0.0009999999999999454, 0.0009999999999998988, 0.0009999999999998116]"
25,5,gated,8,8,44,60,5,,1.61536193023985,3.9541935649528024,0.007527848527980805,0.006142599841776252,0.009663539472319495,0.35194725944676286,7.651225355772662e-16,9.21890011793261e-05,7.2458139713677174e-06,4.190409144514822e-06,3.293551805167144e-07,5.095032879176747,1.0810402638811407e-09,0.003282293183259278,5.0,6.9077175844703795,69077.17584470379,"[0.9999930814481327, 0.9999926283538063, 0.9999840269066235, 0.9999746664815804, 0.9999623061987165, 0.0010000000000000445, 0.0009999999999999126, 0.0009999999999999079]"
25,6,hpp,20,20,20,60,5,,1.931958106792942,5.838814720594909,0.0065692638296428645,0.0045083007960787045,0.006848728335632016,0.25830748340277737,5.605640253201959e-16,8.009440962340141e-05,1.5865959349482417e-05,8.009440962340141e-06,1.5865959349482418e-06,5.0933250215231505,2.8055528978934436e-06,1.7682844359392405,,,,"[0.9999978012131384, 0.9999964295499567, 0.9999944772007803, 0.9999847383126819, 0.999979695548708, 0.001000000000000242, 0.0010000000000001375, 0.0010000000000000724, 0.0010000000000000638, 0.0010000000000000384, 0.0010000000000000382, 0.0010000000000000254, 0.0010000000000000122, 0.0009999999999999911, 0.000999999999999974, 0.0009999999999999601, 0.0009999999999999556, 0.0009999999999999413, 0.000999999999999914, 0.0009999999999998606]"
25,6,gated,8,8,44,60,5,,1.3377456942031765,5.3098119548217,0.008509248091024655,0.007739861704340311,0.01003539098530452,0.443465837419558,7.7158067109771e-16,9.22053917956838e-05,7.28173159069853e-06,4.191154172531082e-06,3.3098779957720593e-07,5.095422333229121,1.7836535642361332e-07,0.5388880093207422,5.0,6.907695431637452,69076.95431637453,"[0.9999973795030891, 0.999992816648044, 0.9999898064870538, 0.9999792345523992, 0.9999401544462564, 0.001000000000000125, 0.000999999999999999, 0.0009999999999998528]"
25,7,hpp,20,20,20,60,5,,3.358091493382047,6.483338689121797,0.005654157850022773,0.0027882816625898776,0.004621162098969878,0.15975697836607047,7.110044603060167e-16,8.004278517727279e-05,1.585543861814209e-05,8.004278517727278e-06,1.5855438618142092e-06,5.094053949079669,8.950123438506428e-07,0.5644828663563761,,,,"[0.9999985410027865, 0.9999974660178087, 0.9999964183546501, 0.9999940075808631, 0.9999922332598846, 0.0010000000000002778, 0.0010000000000001408, 0.0010000000000000662, 0.0010000000000000653, 0.001000000000000027, 0.0010000000000000256, 0.0010000000000000174, 0.001000000000000005, 0.0009999999999999918, 0.0009999999999999829, 0.0009999999999999642, 0.0009999999999999484, 0.0009999999999999426, 0.0009999999999999033, 0.000999999999999841]"
25,7,gated,8,8,44,60,5,,0.6985874568981529,4.935489086164502,0.009019464202086486,0.0138129311987076,0.0178555794063911,0.791447829405463,4.1662403317105564e-16,9.268267031415445e-05,7.317263666572069e-06,4.212848650643384e-06,3.3260289393509405e-07,5.094684903053067,9.92860859635537e-08,0.29851239352995207,5.0,6.907564654543149,69075.64654543149,"[0.9999966087673484, 0.9999891410444256, 0.9999802348562006, 0.9999061187090362, 0.9998093937287683, 0.0010000000000000724, 0.0010000000000000588, 0.0009999999999998426]"
25,8,hpp,20,20,20,60,5,,3.2321850171076654,6.658022847198604,0.006273708447482613,0.002725787026831225,0.0045442459224973525,0.1561762858854352,8.431802092734331e-16,8.004136743703992e-05,1.5867187509490163e-05,8.004136743703991e-06,1.5867187509490162e-06,5.091804600607597,1.0210577276938158e-05,6.4350265419320305,,,,"[0.9999984706610151, 0.9999972394424183, 0.9999968802447375, 0.9999942026159959, 0.9999925775149995, 0.0010000000000001267, 0.0010000000000001102, 0.0010000000000000616, 0.0010000000000000443, 0.0010000000000000406, 0.0010000000000000323, 0.0010000000000000159, 0.0009999999999999985, 0.0009999999999999842, 0.0009999999999999731, 0.0009999999999999588, 0.000999999999999949, 0.000999999999999936, 0.0009999999999999003, 0.000999999999999858]"
25,8,gated,8,8,44,60,5,,1.4835018253531376,4.067220519340364,0.008832229741746972,0.007045352171423378,0.009943368404131792,0.4036722841655254,7.109136772116634e-16,9.220109106987169e-05,7.270278770068637e-06,4.1909586849941675e-06,3.304672168213017e-07,5.094818665904308,3.288205425882025e-08,0.09950171328674043,5.0,6.907705690402356,69077.05690402356,"[0.9999955602927701, 0.9999943165547671, 0.999992170979679, 0.9999687678183696, 0.9999504126497681, 0.0010000000000000564, 0.00099999999999999, 0.0009999999999999647]"
25,9,hpp,20,20,20,60,5,,2.5792722254998806,5.165499813237591,0.006571014530843922,0.0037051550434772673,0.00624021153373332,0.2122902321609517,6.038055771308319e-16,8.007818181900751e-05,1.5838953950289706e-05,8.007818181900751e-06,1.5838953950289706e-06,5.095426363275909,1.8178564304759617e-07,0.1147712428599309,,,,"[0.9999969312947998, 0.9999959005027739, 0.9999921253025007, 0.9999898560459033, 0.9999862855542779, 0.0010000000000000915, 0.0010000000000000737, 0.0010000000000000536, 0.0010000000000000362, 0.0010000000000000182, 0.0010000000000000152, 0.0010000000000000015, 0.0009999999999999987, 0.0009999999999999842, 0.0009999999999999697, 0.0009999999999999514, 0.0009999999999999436, 0.0009999999999999079, 0.0009999999999998283, 0.0009999999999997897]"
25,9,gated,8,8,44,60,5,,1.1260468447557042,4.792240730794132,0.007969614608428289,0.008822381827817659,0.0110761497898717,0.5054918015751082,4.917878784412762e-16,9.225205780728433e-05,7.284815370480019e-06,4.193275354876561e-06,3.3112797138545544e-07,5.095571948152674,3.2712468935282215e-07,0.9879101665260009,5.0,6.907677519372164,69076.77519372164,"[0.9999965368379127, 0.9999944966937331, 0.9999923421467438, 0.9999718224952332, 0.9999222434133056, 0.0010000000000000796, 0.001000000000000045, 0.0009999999999999855]"
26,0,hpp,20,20,20,60,5,,2.8385815613028647,5.767890374514754,0.006074268337237379,0.003471086824862125,0.005541031968817673,0.19887902475321897,5.905407966159849e-16,8.006158882453301e-05,1.582870790815749e-05,8.006158882453302e-06,1.5828707908157489e-06,5.094654722160242,1.192167866246669e-07,0.07531681506563609,,,,"[0.9999974532466218, 0.9999966429238115, 0.9999941218194346, 0.9999931460731901, 0.999987963604699, 0.001000000000000247, 0.0010000000000001796, 0.0010000000000000638, 0.0010000000000000518, 0.0010000000000000356, 0.0010000000000000213, 0.0010000000000000113, 0.0009999999999999937, 0.0009999999999999922, 0.0009999999999999844, 0.0009999999999999738, 0.0009999999999999527, 0.0009999999999999397, 0.000999999999999931, 0.000999999999999921]"
26,0,gated,8,8,44,60,5,,0.9697449014558746,3.72561828652002,0.008220272191141796,0.010656578642895638,0.012666608514840047,0.6105885373363038,4.955956064507733e-16,9.23341786608647e-05,7.273180915874878e-06,4.197008120948395e-06,3.305991325397672e-07,5.0948248567543475,3.0675156496054064e-08,0.09278656075228571,5.0,6.907641823440424,69076.41823440423,"[0.9999931392330771, 0.9999926230993066, 0.9999911241935804, 0.9999762800514426, 0.9998865508942961, 0.0010000000000001728, 0.0010000000000000584, 0.0009999999999997932]"
26,1,hpp,20,20,20,60,5,,2.7602185790819918,7.0018407059574415,0.006429026935618843,0.0028870506758282752,0.004538166957518402,0.16541604875805432,8.06419928691742e-16,8.004126457232095e-05,1.5875490744820702e-05,8.004126457232095e-06,1.5875490744820701e-06,5.0943281729417835,4.5135159614549776e-07,0.2843071772711964,,,,"[0.9999984925467106, 0.9999978779441957, 0.9999968305821408, 0.9999945512891204, 0.999991673273457, 0.001000000000000136, 0.0010000000000000933, 0.0010000000000000766, 0.0010000000000000388, 0.0010000000000000334, 0.001000000000000019, 0.0010000000000000102, 0.001000000000000003, 0.0009999999999999829, 0.0009999999999999718, 0.0009999999999999666, 0.0009999999999999543, 0.0009999999999999209, 0.000999999999999912, 0.0009999999999998896]"
26,1,gated,8,8,44,60,5,,0.6589441742693473,4.23716932120106,0.009496101035702201,0.01478145606242317,0.016602054636364313,0.8469458910827724,5.085420104571105e-16,9.259952824078506e-05,7.329164659739577e-06,4.20906946549023e-06,3.331438481699808e-07,5.095562447562988,3.163472611160857e-07,0.9495815782096481,5.0,6.907536982205053,69075.36982205052,"[0.9999958383780935, 0.9999938592512891, 0.9999805417056219, 0.9999726810269457, 0.9997817270481187, 0.0010000000000001956, 0.0010000000000000928, 0.0009999999999999586]"
26,2,hpp,20,20,20,60,5,,2.6124756510312066,5.897604726535592,0.005918739391391992,0.003697521055136638,0.005788138993270612,0.21185283385201295,8.474306398027171e-16,8.006724628829224e-05,1.5859911816892466e-05,8.006724628829225e-06,1.5859911816892466e-06,5.092770818688768,4.969249318324528e-06,3.133213712469547,,,,"[0.9999978694406245, 0.9999965666042856, 0.9999942601377814, 0.9999914927571459, 0.9999863420097084, 0.0010000000000000672, 0.00100000000000006, 0.0010000000000000518, 0.0010000000000000224, 0.001000000000000012, 0.001000000000000009, 0.001, 0.0009999999999999905, 0.0009999999999999714, 0.0009999999999999673, 0.0009999999999999543, 0.000999999999999944, 0.0009999999999998953, 0.0009999999999998146, 0.000999999999999687]"
26,2,gated,8,8,44,60,5,,1.446220531776272,3.6624958072838028,0.008644907377748765,0.007064000596029429,0.009723322689062834,0.4047407867792306,2.8363311644384903e-16,9.219198840769285e-05,7.2365431047061525e-06,4.190544927622402e-06,3.289337774866433e-07,5.094443598418902,3.0958271944308935e-07,0.9411703529159765,5.0,6.907705427535233,69077.05427535233,"[0.9999949301310085, 0.9999921249384641, 0.9999871529259082, 0.9999811937478232, 0.9999501497956841, 0.001000000000000025, 0.0009999999999999582, 0.0009999999999998805]"
26,3,hpp,20,20,20,60,5,,2.7915095454478727,6.709508773412039,0.007012735259868311,0.003095563369765476,0.004562582330113471,0.17736299956748822,6.793669452932018e-16,8.004172067644386e-05,1.5855775194312234e-05,8.004172067644385e-06,1.5855775194312234e-06,5.093815412975952,1.4032464175310618e-06,0.8850065041502562,,,,"[0.999998693130371, 0.9999976493280928, 0.9999967170551525, 0.9999957170760845, 0.9999904270699351, 0.0010000000000001627, 0.0010000000000000996, 0.0010000000000000783, 0.0010000000000000612, 0.001000000000000034, 0.0010000000000000315, 0.0010000000000000163, 0.0010000000000000122, 0.0009999999999999887, 0.0009999999999999786, 0.000999999999999962, 0.0009999999999999532, 0.0009999999999999406, 0.0009999999999998842, 0.0009999999999997934]"
26,3,gated,8,8,44,60,5,,1.1562705238146573,4.797888091544555,0.008851629494185043,0.008261583722297324,0.010749287258849024,0.47335926424446567,4.837565544270074e-16,9.223622540904957e-05,7.269833013019455e-06,4.192555700411344e-06,3.3044695513724794e-07,5.095780199707043,6.087115828778048e-07,1.8420856159046233,5.0,6.907687091145557,69076.87091145557,"[0.9999960863277088, 0.9999921372517908, 0.9999840950267356, 0.9999804352762026, 0.9999318144881655, 0.0010000000000000085, 0.000999999999999936, 0.0009999999999998504]"
26,4,hpp,20,20,20,60,5,,3.0096711707673696,5.789728616625189,0.0061878233170688055,0.002989171599620975,0.005213239081595435,0.17126717194885205,7.441905910276881e-16,8.005448189370372e-05,1.5841799717745655e-05,8.005448189370373e-06,1.5841799717745656e-06,5.095144689176808,2.0934957886851167e-08,0.013215012346987484,,,,"[0.9999976898202639, 0.9999969471227605, 0.9999948890912506, 0.9999922494935701, 0.9999910737882949, 0.0010000000000001002, 0.0010000000000000625, 0.0010000000000000542, 0.0010000000000000338, 0.0010000000000000256, 0.0010000000000000206, 0.0010000000000000052, 0.0009999999999999979, 0.0009999999999999848, 0.0009999999999999814, 0.0009999999999999705, 0.0009999999999999473, 0.0009999999999999332, 0.0009999999999999165, 0.0009999999999999029]"
26,4,gated,8,8,44,60,5,,1.3022097146052782,3.849870277466323,0.009041516675504225,0.007874890699528618,0.010798048352306105,0.45120266476484444,4.650238198964078e-16,9.223788086670163e-05,7.277917670804665e-06,4.192630948486438e-06,3.3081443958203026e-07,5.094620386553255,1.4410636894597563e-07,0.4356108794043204,5.0,6.907693325173189,69076.93325173188,"[0.9999956933816302, 0.9999912377039176, 0.9999871919051829, 0.9999713476485234, 0.9999380481103739, 0.0010000000000002242, 0.0009999999999998938, 0.00099999999999961]"
26,5,hpp,20,20,20,60,5,,2.5790052370126126,4.8632703246939775,0.006113080709034485,0.0034579504720636833,0.0056251889635471715,0.19812636266259448,7.761826690795575e-16,8.006347250035667e-05,1.580375813404607e-05,8.006347250035666e-06,1.5803758134046069e-06,5.0943373516062955,4.391028936729025e-07,0.27784713607261696,,,,"[0.9999965859574397, 0.9999962583675054, 0.9999951023719428, 0.9999923876590316, 0.9999880545359542, 0.0010000000000000872, 0.0010000000000000562, 0.0010000000000000451, 0.0010000000000000408, 0.0010000000000000204, 0.001000000000000012, 0.001000000000000004, 0.0009999999999999926, 0.000999999999999985, 0.0009999999999999707, 0.0009999999999999673, 0.000999999999999959, 0.0009999999999999493, 0.0009999999999998756, 0.0009999999999997244]"
26,5,gated,8,8,44,60,5,,1.0502413717081491,4.003008719362632,0.008818146599901688,0.008997092064715596,0.011837148076278961,0.5155023581437822,4.469051216554665e-16,9.228762820353482e-05,7.256707707689918e-06,4.194892191069765e-06,3.2985035034954176e-07,5.094721618453728,7.749628530214386e-08,0.23494377138002492,5.0,6.907674408994262,69076.74408994261,"[0.999994693996456, 0.9999882900098519, 0.9999853391642803, 0.9999725655908626, 0.9999191332820446, 0.0010000000000000302, 0.0009999999999999805, 0.0009999999999999018]"
26,6,hpp,20,20,20,60,5,,2.596863869832704,6.2069954104922305,0.005353216535601844,0.0033853406454853897,0.005248024998669157,0.19396610169403922,7.944662623477176e-16,8.005524137305718e-05,1.5865460909770567e-05,8.005524137305718e-06,1.5865460909770566e-06,5.0935539237907115,2.091136403056694e-06,1.3180432733403231,,,,"[0.9999980828546431, 0.9999972550909934, 0.9999959743506902, 0.9999926225498064, 0.9999885509292455, 0.0010000000000001182, 0.001000000000000066, 0.0010000000000000573, 0.0010000000000000365, 0.0010000000000000159, 0.0010000000000000033, 0.000999999999999995, 0.0009999999999999874, 0.000999999999999981, 0.0009999999999999699, 0.0009999999999999666, 0.0009999999999999519, 0.0009999999999999393, 0.0009999999999999163, 0.0009999999999998586]"
26,6,gated,8,8,44,60,5,,0.47164441410674407,4.285924187112103,0.009246681862951382,0.02348123066566546,0.024470235015861336,1.345499078469821,4.628996446547464e-16,9.350054216442479e-05,7.625614354937303e-06,4.25002464383749e-06,3.466188343153319e-07,5.094305783055108,4.81937166568432e-07,1.3903952089631575,5.0,6.907204310401268,69072.04310401269,"[0.9999960786368348, 0.999991621810523, 0.9999877051147376, 0.9999772176539569, 0.9994491831746192, 0.001000000000000172, 0.0010000000000001293, 0.0009999999999999122]"
26,7,hpp,20,20,20,60,5,,2.620143651047218,6.207484345178305,0.006681380639541942,0.0034432507154670013,0.005464317927104227,0.1972841236355922,8.172900209975576e-16,8.00599163536779e-05,1.583781425909589e-05,8.00599163536779e-06,1.5837814259095891e-06,5.093791017986174,1.461637509743815e-06,0.9228782998919026,,,,"[0.9999982259234791, 0.999997875759221, 0.9999953414115998, 0.9999905721135759, 0.9999881558804853, 0.0010000000000001368, 0.0010000000000000959, 0.0010000000000000434, 0.0010000000000000404, 0.0010000000000000278, 0.0010000000000000005, 0.0009999999999999953, 0.0009999999999999818, 0.0009999999999999712, 0.0009999999999999625, 0.0009999999999999482, 0.0009999999999999397, 0.0009999999999999265, 0.0009999999999998118, 0.0009999999999997181]"
26,7,gated,8,8,44,60,5,,0.41505303640428154,4.224706098469218,0.009060606382449968,0.021360669715835924,0.02238476831385173,1.2239693127475324,3.60000528648501e-16,9.32095849511266e-05,7.504738153512178e-06,4.2367993159603e-06,3.411244615232808e-07,5.095228388675183,5.216138695409751e-08,0.15291013350720273,5.0,6.907299353131223,69072.99353131223,"[0.9999956143021006, 0.9999936020744268, 0.9999862220463386, 0.9999798067350176, 0.9995441780675008, 0.001000000000000018, 0.0009999999999998957, 0.0009999999999998471]"
26,8,hpp,20,20,20,60,5,,2.260863979806866,5.497382556369464,0.006658748918513733,0.004006999020791202,0.0057275512885451765,0.22958474677754143,8.241180354959755e-16,8.006588975412057e-05,1.5859877459254607e-05,8.006588975412057e-06,1.5859877459254606e-06,5.095609855916874,3.7192423935179585e-07,0.23450637642522856,,,,"[0.9999979140632603, 0.9999971663401176, 0.9999958611603156, 0.9999923263825, 0.9999839600148882, 0.001000000000000232, 0.0010000000000001466, 0.0010000000000000956, 0.0010000000000000525, 0.0010000000000000378, 0.0010000000000000308, 0.001000000000000007, 0.0009999999999999976, 0.0009999999999999903, 0.0009999999999999822, 0.000999999999999973, 0.0009999999999999593, 0.0009999999999999577, 0.0009999999999999018, 0.0009999999999998387]"
26,8,gated,8,8,44,60,5,,1.1842828069252977,4.32381621285407,0.007717724123998333,0.0077658403127282664,0.011102099500076486,0.44495434677321677,5.674131437896488e-16,9.225132816980251e-05,7.274519075917134e-06,4.193242189536478e-06,3.3065995799623333e-07,5.095080588011581,6.494427611340935e-09,0.01964080456156991,5.0,6.907695029199558,69076.95029199557,"[0.9999947422902629, 0.999991561643851, 0.9999832473627244, 0.9999675633139516, 0.9999397520325126, 0.00100000000000011, 0.0010000000000000041, 0.0009999999999997413]"
26,9,hpp,20,20,20,60,5,,3.1209763802152866,6.280403354651081,0.0065641765416786105,0.0028585094958116924,0.004480397411878901,0.16378075285277305,8.111209373808461e-16,8.004021751952877e-05,1.587596398301306e-05,8.004021751952876e-06,1.5875963983013058e-06,5.094459546385845,2.9209010904852243e-07,0.1839825974416751,,,,"[0.9999984923454485, 0.9999981273616884, 0.9999964919109591, 0.9999949974003577, 0.9999918370945394, 0.0010000000000001319, 0.0010000000000000922, 0.0010000000000000599, 0.0010000000000000555, 0.001000000000000033, 0.0010000000000000221, 0.0010000000000000198, 0.0010000000000000054, 0.0009999999999999918, 0.0009999999999999753, 0.000999999999999969, 0.0009999999999999608, 0.0009999999999999512, 0.0009999999999999332, 0.0009999999999999228]"
26,9,gated,8,8,44,60,5,,0.9231456965916824,4.65491348555669,0.008844791496029241,0.010163522879958338,0.014501173537986727,0.5823369919295629,6.452081619559275e-16,9.2436085008492e-05,7.296173408935238e-06,4.201640227658727e-06,3.3164424586069264e-07,5.094644810122203,1.2615984928623924e-07,0.3804071708189165,5.0,6.907652079757049,69076.52079757048,"[0.9999963461933804, 0.9999873227550102, 0.9999772524993347, 0.9999321987024632, 0.999896806099866, 0.0010000000000000978, 0.0009999999999999694, 0.0009999999999998454]"
27,0,hpp,20,20,20,60,5,,2.5544485415641436,6.246348076953308,0.006595167222218794,0.003696225129494307,0.005364906450141864,0.21177858227474952,6.902169739547827e-16,8.005776806083907e-05,1.5877484665256642e-05,8.005776806083907e-06,1.5877484665256643e-06,5.094171256433623,6.868158988034839e-07,0.432572232493718,,,,"[0.9999983300492327, 0.9999977442237229, 0.9999959166663267, 0.9999929040398478, 0.9999863515818723, 0.0010000000000001772, 0.0010000000000000928, 0.0010000000000000607, 0.0010000000000000525, 0.0010000000000000297, 0.0010000000000000215, 0.0010000000000000141, 0.0009999999999999946, 0.0009999999999999794, 0.000999999999999976, 0.0009999999999999647, 0.0009999999999999417, 0.0009999999999999348, 0.0009999999999998305, 0.000999999999999756]"
27,0,gated,8,8,44,60,5,,1.2664742439278698,5.101303492494531,0.008997336675689456,0.007340365527893017,0.010627374197969965,0.42057574172712753,5.060824966827072e-16,9.223001866641511e-05,7.287299025176038e-06,4.192273575746141e-06,3.31240864780729e-07,5.094257259659242,5.516632137818014e-07,1.665444310885328,5.0,6.907701450448246,69077.01450448246,"[0.999997204097869, 0.9999925102296553, 0.9999859989671039, 0.9999652856492273, 0.9999461729148833, 0.0010000000000000443, 0.0009999999999999486, 0.0009999999999999174]"
27,1,hpp,20,20,20,60,5,,2.825439112345557,5.599444168203207,0.007025987509659978,0.00359749570547573,0.005124722700368359,0.20612176534562934,1.0025477768606711e-15,8.005268883457415e-05,1.586300257406556e-05,8.005268883457416e-06,1.586300257406556e-06,5.097961019339358,8.767635528081645e-06,5.527097084643901,,,,"[0.9999979396525429, 0.9999973985203557, 0.99999602950692, 0.9999953248335861, 0.9999870709666251, 0.0010000000000000972, 0.001000000000000073, 0.0010000000000000586, 0.0010000000000000378, 0.0010000000000000302, 0.0010000000000000154, 0.0010000000000000041, 0.0009999999999999944, 0.0009999999999999825, 0.0009999999999999742, 0.0009999999999999575, 0.0009999999999999501, 0.0009999999999999298, 0.000999999999999924, 0.0009999999999998498]"
27,1,gated,8,8,44,60,5,,0.784556226093481,4.722791887560831,0.00918043088965235,0.012140104136733854,0.01500250357964503,0.6955938169472584,2.932323824389577e-16,9.247368984245744e-05,7.303283663531005e-06,4.20334953829352e-06,3.319674392514093e-07,5.095339847972778,1.1549664460469399e-07,0.34791558131466255,5.0,6.90760803339542,69076.0803339542,"[0.9999959061829261, 0.9999885120357471, 0.9999799121957337, 0.9999580542933717, 0.9998527652536777, 0.001000000000000295, 0.0010000000000000727, 0.0009999999999998786]"
27,2,hpp,20,20,20,60,5,,2.1666411180763485,5.836341511531247,0.007035276543559583,0.003550068780193484,0.005767821573409236,0.2034043853382849,8.658566459263256e-16,8.00667599797059e-05,1.5870673054876076e-05,8.00667599797059e-06,1.5870673054876075e-06,5.096407226719336,1.9802870396260255e-06,1.247765002012694,,,,"[0.9999982461710477, 0.999996011838887, 0.9999936552966728, 0.9999914425808133, 0.999987409614644, 0.001000000000000104, 0.0010000000000000724, 0.0010000000000000555, 0.0010000000000000369, 0.0010000000000000221, 0.0010000000000000165, 0.001000000000000008, 0.0009999999999999933, 0.0009999999999999892, 0.0009999999999999742, 0.0009999999999999584, 0.0009999999999999447, 0.000999999999999928, 0.0009999999999998914, 0.000999999999999853]"
27,2,gated,8,8,44,60,5,,1.6233137696269977,4.192559331924059,0.009168099270479436,0.0054918382702208255,0.007941734530319993,0.3146607363753133,7.682931705067672e-16,9.212723886874471e-05,7.263268536672835e-06,4.187601766761123e-06,3.3014856984876526e-07,5.095228365786944,5.2150932648867855e-08,0.1579620128984875,5.0,6.907725148400841,69077.2514840084,"[0.9999957082800304, 0.9999943894347065, 0.9999892380831642, 0.9999877862531951, 0.9999698698727016, 0.0010000000000000766, 0.0009999999999999792, 0.0009999999999999168]"
27,3,hpp,20,20,20,60,5,,2.685530366792773,6.4692718828292755,0.00550195842205455,0.003448832668937946,0.005230044061720994,0.19760394790991093,7.98186675579996e-16,8.005486667168521e-05,1.5866695575095403e-05,8.005486667168521e-06,1.5866695575095403e-06,5.095282713924693,7.992716321784971e-08,0.05037417075254444,,,,"[0.999998028377542, 0.9999973504194059, 0.9999960019271498, 0.9999931758207075, 0.9999881174476685, 0.0010000000000001416, 0.0010000000000000824, 0.0010000000000000631, 0.0010000000000000466, 0.0010000000000000297, 0.0010000000000000187, 0.0010000000000000057, 0.0010000000000000013, 0.0009999999999999918, 0.0009999999999999747, 0.0009999999999999664, 0.000999999999999954, 0.0009999999999999267, 0.000999999999999889, 0.0009999999999998038]"
27,3,gated,8,8,44,60,5,,0.1810667432173187,4.629767194270009,0.008721778541934894,0.05392980901750269,0.054657212387403994,3.0914502248704445,6.807860137778537e-16,0.00010641331392658186,1.5945018155135165e-05,4.83696881484463e-06,7.247735525061438e-07,5.093822225633458,1.3871524584723873e-06,1.9139115295747888,5.0,6.904845533900461,69048.4553390046,"[0.9999956624005331, 0.9999897893274364, 0.9999790090866612, 0.9999566316066384, 0.9970944841236371, 0.0010000000000000577, 0.001000000000000014, 0.0009999999999999634]"
27,4,hpp,20,20,20,60,5,,2.3447965968409874,5.667407776966066,0.006715794037288325,0.00369552469809817,0.00616536908953947,0.21173845023781987,6.406952066866341e-16,8.007631780482683e-05,1.585419071645292e-05,8.007631780482682e-06,1.5854190716452919e-06,5.096341910793661,1.8007245781557382e-06,1.135803530032605,,,,"[0.9999980984032952, 0.9999954233203289, 0.9999914091859107, 0.9999907385721224, 0.9999863567541092, 0.0010000000000002591, 0.0010000000000002284, 0.001000000000000094, 0.001000000000000087, 0.001000000000000073, 0.0010000000000000469, 0.001000000000000032, 0.0010000000000000132, 0.0010000000000000063, 0.0010000000000000009, 0.000999999999999977, 0.000999999999999975, 0.0009999999999999577, 0.0009999999999999482, 0.000999999999999885]"
27,4,gated,8,8,44,60,5,,0.6073976185959085,3.719662378095963,0.008333304028354105,0.016133385618752674,0.017828981754805264,0.9244150102372417,7.001520765415014e-16,9.270370009972046e-05,7.364353342216219e-06,4.213804549987294e-06,3.347433337371009e-07,5.094909311369763,8.224427653373505e-09,0.024569354560568385,5.0,6.907495219324085,69074.95219324085,"[0.9999930646733975, 0.9999885926508985, 0.999984357751396, 0.9999764560518779, 0.9997399741546092, 0.001000000000000079, 0.0010000000000000573, 0.0009999999999999029]"
27,5,hpp,20,20,20,60,5,,2.62739951227145,6.013599193301914,0.00546383184646718,0.0033572045691536677,0.0053037843087784114,0.1923540141070206,7.382500226121029e-16,8.005642064903951e-05,1.5882958211978125e-05,8.00564206490395e-06,1.5882958211978126e-06,5.094101389058542,8.075016240995333e-07,0.5084075732759634,,,,"[0.9999980398802754, 0.9999976391241483, 0.9999947557973021, 0.9999927227521047, 0.9999887404483034, 0.0010000000000001436, 0.0010000000000001314, 0.0010000000000000631, 0.0010000000000000573, 0.0010000000000000427, 0.0010000000000000351, 0.0010000000000000293, 0.0010000000000000178, 0.0010000000000000026, 0.0009999999999999966, 0.0009999999999999807, 0.000999999999999966, 0.0009999999999999415, 0.0009999999999999007, 0.0009999999999998658]"
27,5,gated,8,8,44,60,5,,0.5962835302735454,4.0573769623232065,0.009040684828189335,0.01595808610110991,0.018613861539552447,0.9143697944805642,5.63144196522164e-16,9.27601468574658e-05,7.374112043997144e-06,4.216370311702991e-06,3.3518691109077926e-07,5.095230841059135,5.328759458480372e-08,0.1589787453555182,5.0,6.907500840763905,69075.00840763905,"[0.9999951833709215, 0.9999818944951289, 0.9999805653526485, 0.999950633267226, 0.9997455941485018, 0.0010000000000000748, 0.0009999999999998812, 0.000999999999999632]"
27,6,hpp,20,20,20,60,5,,2.1567078798824224,5.619583394871887,0.00662861407176261,0.0038775308844704675,0.005715010824221173,0.2221667113360094,7.016342570528401e-16,8.006559184587977e-05,1.5868906057463802e-05,8.006559184587978e-06,1.5868906057463801e-06,5.094572858650242,1.824497326691672e-07,0.11497310023040534,,,,"[0.9999981891204017, 0.9999975978952794, 0.9999955489634546, 0.9999910555440037, 0.9999849797894855, 0.001000000000000127, 0.001000000000000064, 0.0010000000000000445, 0.0010000000000000347, 0.0010000000000000189, 0.0010000000000000115, 0.0009999999999999974, 0.0009999999999999926, 0.0009999999999999857, 0.0009999999999999822, 0.0009999999999999668, 0.0009999999999999436, 0.0009999999999999265, 0.000999999999999904, 0.0009999999999998831]"
27,6,gated,8,8,44,60,5,,1.2610079399296177,3.624207727736789,0.007703674308118581,0.007901285702081396,0.011080132491532895,0.45271503406340396,6.117287225740692e-16,9.225033854741893e-05,7.255547972018295e-06,4.193197206700861e-06,3.297976350917407e-07,5.094882309643203,1.3851020081956209e-08,0.04199854276730405,5.0,6.907692909151671,69076.92909151671,"[0.9999928751032701, 0.9999897446542646, 0.9999848589738007, 0.9999722425874012, 0.9999376321145694, 0.0010000000000000772, 0.001000000000000068, 0.000999999999999978]"
27,7,hpp,20,20,20,60,5,,2.5736119771574053,6.351408422808974,0.006314578048734722,0.003611582760388177,0.005048921060372724,0.20692889938133174,7.482876306911798e-16,8.005114382404311e-05,1.587635896760378e-05,8.00511438240431e-06,1.587635896760378e-06,5.093250893740947,3.0593727054409085e-06,1.9269989496229312,,,,"[0.9999978813333663, 0.9999974645777914, 0.9999966626988047, 0.9999955557642732, 0.9999869695134949, 0.0010000000000002186, 0.0010000000000001238, 0.0010000000000000813, 0.0010000000000000514, 0.0010000000000000466, 0.0010000000000000215, 0.001000000000000015, 0.0009999999999999937, 0.0009999999999999844, 0.0009999999999999775, 0.0009999999999999668, 0.0009999999999999586, 0.0009999999999999402, 0.0009999999999998805, 0.0009999999999998584]"
27,7,gated,8,8,44,60,5,,1.337951879408507,4.810105178757263,0.008779903347120175,0.007140574203195487,0.01013875248827808,0.40912824195147973,7.040383539152978e-16,9.220897548417634e-05,7.2953230531288345e-06,4.191317067462561e-06,3.3160559332403795e-07,5.094697123767054,9.173401248046805e-08,0.27663590219006806,5.0,6.907704340872659,69077.04340872659,"[0.9999971171611043, 0.9999920684781, 0.9999861869568376, 0.9999728727083944, 0.9999490631878488, 0.001000000000000004, 0.0009999999999999883, 0.0009999999999998868]"
27,8,hpp,20,20,20,60,5,,2.1683102855253806,6.3645766266887716,0.00682136586517406,0.003574434557948265,0.005081294103577844,0.2048004504260298,7.249097320448186e-16,8.005179671226784e-05,1.5895682694918032e-05,8.005179671226783e-06,1.5895682694918032e-06,5.094873859318565,1.5911471511601866e-08,0.010009932770417519,,,,"[0.9999980493009648, 0.9999973004387908, 0.9999960698321467, 0.9999955505037073, 0.9999872361941736, 0.0010000000000001544, 0.0010000000000000865, 0.0010000000000000794, 0.0010000000000000577, 0.0010000000000000466, 0.0010000000000000286, 0.0010000000000000178, 0.001000000000000006, 0.0009999999999999979, 0.0009999999999999842, 0.0009999999999999762, 0.0009999999999999614, 0.000999999999999937, 0.0009999999999999235, 0.0009999999999998998]"
27,8,gated,8,8,44,60,5,,1.540120131396483,4.846435795767017,0.00936806199969755,0.006766858473545495,0.00860236182794772,0.38771539007364586,5.616628044645952e-16,9.215017832192148e-05,7.254414540780269e-06,4.188644469178249e-06,3.2974611549001225e-07,5.095487461901457,2.376191053766073e-07,0.7206122959886835,5.0,6.907709533352579,69077.09533352578,"[0.9999967431885642, 0.9999945340189551, 0.9999914286525623, 0.9999891120947559, 0.9999542554167731, 0.001000000000000016, 0.000999999999999887, 0.000999999999999881]"
27,9,hpp,20,20,20,60,5,,2.521744344077339,6.258441858389926,0.006376252403792067,0.0036048128155178796,0.005783348408839087,0.20654100758771918,6.805373744623156e-16,8.006713010619127e-05,1.587405247309739e-05,8.006713010619128e-06,1.587405247309739e-06,5.0954948422672315,2.44868869443436e-07,0.15425731385128558,,,,"[0.9999978798682913, 0.9999968854201359, 0.9999939120788978, 0.9999908906417366, 0.9999870183192401, 0.0010000000000001947, 0.0010000000000000852, 0.00100000000000007, 0.0010000000000000425, 0.0010000000000000267, 0.0010000000000000208, 0.001000000000000014, 0.0010000000000000046, 0.000999999999999991, 0.0009999999999999645, 0.0009999999999999567, 0.0009999999999999406, 0.000999999999999921, 0.0009999999999998608, 0.000999999999999808]"
27,9,gated,8,8,44,60,5,,0.5865407527853734,4.047237282894241,0.008992129910511256,0.015588489098706543,0.01746699166558948,0.8931908112080893,7.153340494215826e-16,9.267013143326833e-05,7.3694613089034345e-06,4.212278701512197e-06,3.349755140410652e-07,5.095573255625126,3.2862201174433044e-07,0.9810329351537144,5.0,6.907512491519953,69075.12491519953,"[0.9999951208665288, 0.9999923895355157, 0.999987670341984, 0.9999627865453122, 0.9997572420086119, 0.0010000000000003047, 0.0009999999999999968, 0.0009999999999999332]"
28,0,hpp,20,20,20,60,5,,3.2001308451899666,6.289843650667208,0.006091710024828703,0.002822655683629997,0.004683933015545255,0.16172647244727914,1.0379998645222595e-15,8.004395690252975e-05,1.5856210402834765e-05,8.004395690252975e-06,1.5856210402834765e-06,5.093446607575821,2.4130280234824333e-06,1.5218188723397825,,,,"[0.9999985431650295, 0.9999970426600704, 0.9999963600455842, 0.9999940962577737, 0.9999920405822773, 0.0010000000000001388, 0.0010000000000000716, 0.0010000000000000562, 0.0010000000000000362, 0.0010000000000000204, 0.0010000000000000198, 0.0010000000000000152, 0.0009999999999999946, 0.0009999999999999868, 0.0009999999999999764, 0.0009999999999999562, 0.000999999999999944, 0.0009999999999999321, 0.00099999999999991, 0.0009999999999998324]"
28,0,gated,8,8,44,60,5,,0.9184357920826723,4.418004717361022,0.009036481323709036,0.009892345428002672,0.012127549529395137,0.5667988871143826,4.482256819823323e-16,9.230431250192579e-05,7.266453795440291e-06,4.195650568269354e-06,3.302933543381951e-07,5.095278573729404,7.760332271664306e-08,0.23495272217067745,5.0,6.907657513563632,69076.57513563632,"[0.9999952109793115, 0.9999939489837237, 0.9999879226869202, 0.9999737476094825, 0.9999022393604315, 0.0010000000000000536, 0.0009999999999999926, 0.0009999999999997647]"
28,1,hpp,20,20,20,60,5,,2.88070326328366,6.464200652096516,0.006210503693267834,0.0032463879513621166,0.004871043080907769,0.18600465499439964,6.036690715651091e-16,8.004756823526532e-05,1.5806201274706118e-05,8.004756823526532e-06,1.5806201274706117e-06,5.094828502639528,2.9411344647284855e-08,0.018607471925813305,,,,"[0.9999981537779433, 0.9999978113514003, 0.9999960426146959, 0.9999948174180227, 0.9999894715043042, 0.001000000000000105, 0.001000000000000091, 0.0010000000000000482, 0.0010000000000000438, 0.0010000000000000336, 0.0010000000000000265, 0.0010000000000000208, 0.0010000000000000002, 0.0009999999999999922, 0.000999999999999975, 0.0009999999999999699, 0.0009999999999999525, 0.000999999999999946, 0.0009999999999998881, 0.000999999999999864]"
28,1,gated,8,8,44,60,5,,1.089683762429755,4.844545986552765,0.00878147729775331,0.00892108230905415,0.012099155660636962,0.5111471451518895,4.607040081415236e-16,9.23005445383823e-05,7.247243781551394e-06,4.1954792971991955e-06,3.2942017188869975e-07,5.095484974501852,2.3520026745071796e-07,0.7139825897795488,5.0,6.907675769697377,69076.75769697377,"[0.9999962609964033, 0.999993495226384, 0.9999782695329728, 0.9999652371899637, 0.9999204938761449, 0.0010000000000001251, 0.0009999999999999911, 0.0009999999999998669]"
28,2,hpp,20,20,20,60,5,,2.977628300118022,5.520165471829218,0.007053229176260943,0.0030932845578253323,0.0052223329472190156,0.17723243263589328,7.099123211049582e-16,8.005467418377669e-05,1.5810028810243585e-05,8.00546741837767e-06,1.5810028810243585e-06,5.095817734114398,6.686890818579164e-07,0.42295247521918583,,,,"[0.9999976780696415, 0.9999968793539377, 0.999994812470332, 0.9999929434583851, 0.9999904411590539, 0.001000000000000114, 0.0010000000000001004, 0.0010000000000000588, 0.0010000000000000549, 0.0010000000000000347, 0.0010000000000000245, 0.00100000000000001, 0.0010000000000000078, 0.00099999999999999, 0.0009999999999999775, 0.0009999999999999616, 0.0009999999999999532, 0.0009999999999999434, 0.0009999999999999178, 0.000999999999999785]"
28,2,gated,8,8,44,60,5,,0.41714588342528225,4.459353782591548,0.00962472205434998,0.022364708046073486,0.02348189337999948,1.2815102272257177,7.01250595572893e-16,9.335224473986372e-05,7.5558458682359365e-06,4.2432838518119875e-06,3.4344753946526984e-07,5.095317604899781,1.0087287236761342e-07,0.2937067842287276,5.0,6.907255474114403,69072.55474114402,"[0.9999959646449021, 0.9999924461517095, 0.9999826839203144, 0.9999777373515023, 0.9995003200141802, 0.0010000000000002674, 0.0009999999999999593, 0.0009999999999999406]"
28,3,hpp,20,20,20,60,5,,2.8323119042377987,5.323722533639751,0.006228782494320598,0.0032367855474833376,0.005516245903653523,0.1854544748883413,7.636597416042438e-16,8.00610392218296e-05,1.5840313697621723e-05,8.00610392218296e-06,1.5840313697621723e-06,5.094677883254958,1.0375919743345622e-07,0.06550324659860411,,,,"[0.9999974406156932, 0.9999969078482516, 0.9999955538535219, 0.999990165446533, 0.9999895336961, 0.0010000000000001234, 0.0010000000000000965, 0.0010000000000000792, 0.0010000000000000553, 0.0010000000000000345, 0.0010000000000000185, 0.0010000000000000005, 0.0009999999999999892, 0.0009999999999999799, 0.0009999999999999792, 0.0009999999999999697, 0.0009999999999999586, 0.0009999999999999332, 0.0009999999999998996, 0.0009999999999998543]"
28,3,gated,8,8,44,60,5,,0.9008542490655977,3.7155106508415834,0.008440888931602678,0.00926260740254468,0.012170612752773516,0.5307159005112873,3.0151404816764385e-16,9.230479094892486e-05,7.2477509512340885e-06,4.195672315860221e-06,3.2944322505609493e-07,5.094492598091055,2.574566971965729e-07,0.78149033768333,5.0,6.907669565208705,69076.69565208704,"[0.9999932859204497, 0.9999922657485095, 0.9999871639278536, 0.9999650188122222, 0.9999142899000022, 0.001000000000000114, 0.001000000000000066, 0.000999999999999781]"
28,4,hpp,20,20,20,60,5,,2.3256361499537412,5.617604096237724,0.0060257563851435995,0.004606635094756856,0.005984918944503631,0.2639416822135912,1.044261018619921e-15,8.007207538072923e-05,1.585722500778048e-05,8.007207538072924e-06,1.5857225007780478e-06,5.094228575261116,5.950961277545859e-07,0.3752839021093521,,,,"[0.9999978815041052, 0.9999966485749167, 0.9999963986892029, 0.9999944876620671, 0.9999788001341906, 0.0010000000000000774, 0.0010000000000000492, 0.0010000000000000482, 0.0010000000000000438, 0.001000000000000028, 0.0010000000000000154, 0.0010000000000000065, 0.000999999999999992, 0.0009999999999999898, 0.0009999999999999803, 0.0009999999999999662, 0.0009999999999999454, 0.0009999999999999378, 0.0009999999999999007, 0.0009999999999997851]"
28,4,gated,8,8,44,60,5,,0.8392076728474474,3.7873973673373946,0.009252012031360921,0.01188271902918798,0.014586578985133474,0.680845672609305,5.605444362543053e-16,9.24472585990623e-05,7.299969985304598e-06,4.202148118139195e-06,3.318168175138454e-07,5.094474256657697,2.764060619711875e-07,0.8330079953215578,5.0,6.90761421122005,69076.1421122005,"[0.9999934553016963, 0.9999921731004632, 0.9999874754412287, 0.9999553984509234, 0.9998589421874851, 0.0009999999999999833, 0.000999999999999938, 0.0009999999999997721]"
28,5,hpp,20,20,20,60,5,,2.7932354275723292,6.689195169498269,0.005924845336865648,0.00337115137948346,0.0050240830979673586,0.1931531119985789,6.340605796179052e-16,8.005062070321007e-05,1.5849951864577224e-05,8.005062070321007e-06,1.5849951864577224e-06,5.094889182095006,1.2280608066227832e-08,0.007748041237698358,,,,"[0.9999984687986083, 0.9999973155128866, 0.9999964767156642, 0.9999938761002399, 0.9999886467030382, 0.0010000000000001364, 0.0010000000000000625, 0.001000000000000059, 0.0010000000000000473, 0.001000000000000027, 0.0010000000000000165, 0.0010000000000000143, 0.0010000000000000026, 0.001000000000000001, 0.0009999999999999792, 0.0009999999999999757, 0.000999999999999963, 0.0009999999999999436, 0.0009999999999998883, 0.0009999999999998083]"
28,5,gated,8,8,44,60,5,,0.9322774396135924,4.807397954463692,0.008237775411784236,0.010343668489299076,0.012514039456339339,0.5926591176854903,5.875475400140398e-16,9.232509155305113e-05,7.28971610219204e-06,4.196595070593233e-06,3.3135073191782e-07,5.093905834382166,1.1971983992389749e-06,3.6130851207411796,5.0,6.90764838878305,69076.4838878305,"[0.9999964379060968, 0.9999908799999427, 0.9999826189540146, 0.999980503043954, 0.9998931155136619, 0.0010000000000001945, 0.0010000000000000204, 0.000999999999999996]"
28,6,hpp,20,20,20,60,5,,2.59411817808979,6.639644124345934,0.006210288222855589,0.0036846018056582207,0.005282809250142177,0.21111261034002243,6.003420867690542e-16,8.005601559239628e-05,1.5819132101660677e-05,8.005601559239628e-06,1.5819132101660677e-06,5.09310691640506,3.5837654974133135e-06,2.265462779109793,,,,"[0.99999821291833, 0.9999979252471614, 0.999996911812948, 0.9999926325702374, 0.9999864372858251, 0.001000000000000158, 0.0010000000000001087, 0.0010000000000000568, 0.0010000000000000397, 0.0010000000000000338, 0.0010000000000000282, 0.0010000000000000159, 0.000999999999999995, 0.0009999999999999864, 0.0009999999999999694, 0.0009999999999999675, 0.0009999999999999554, 0.0009999999999999495, 0.000999999999999929, 0.0009999999999999055]"
28,6,gated,8,8,44,60,5,,1.0760039749926436,3.3885830844856377,0.009572321587119155,0.009361930290323974,0.013331350467742245,0.5364069295561095,4.647607285279833e-16,9.23653509927917e-05,7.265664080708207e-06,4.198425045126895e-06,3.3025745821400937e-07,5.094771543259078,5.219248247040923e-08,0.15803574203186685,5.0,6.907667717055657,69076.67717055656,"[0.9999929490403191, 0.9999849588011567, 0.9999682035338253, 0.9999638995373319, 0.9999124419069773, 0.0010000000000000239, 0.0009999999999999777, 0.0009999999999998994]"
28,7,hpp,20,20,20,60,5,,3.3213791908005077,5.365815912883651,0.006523802852884578,0.0026808935146424603,0.004790227282265811,0.15360406771031895,9.983779536949628e-16,8.004596466718548e-05,1.5796522289681592e-05,8.004596466718549e-06,1.5796522289681593e-06,5.094398024365666,3.623746643262825e-07,0.22940154654356318,,,,"[0.9999972982055461, 0.9999965046444323, 0.9999960547104535, 0.9999943991112756, 0.9999928199971531, 0.0010000000000003272, 0.001000000000000143, 0.0010000000000001037, 0.0010000000000000438, 0.0010000000000000226, 0.001000000000000015, 0.0010000000000000052, 0.0009999999999999944, 0.0009999999999999883, 0.0009999999999999812, 0.000999999999999962, 0.0009999999999999547, 0.0009999999999999339, 0.0009999999999998543, 0.0009999999999997476]"
28,7,gated,8,8,44,60,5,,1.336395174516103,4.572644893669444,0.009302444443028654,0.006574918701710856,0.009312859973115926,0.3767178065068269,5.207351325816331e-16,9.217576084259683e-05,7.263853198990884e-06,4.189807311027129e-06,3.3017514540867654e-07,5.094915886922319,7.075009836180388e-09,0.021428050943759703,5.0,6.9077120917232016,69077.12091723201,"[0.9999952489851158, 0.9999931038670969, 0.9999882475736349, 0.9999799432690125, 0.9999568136736223, 0.0010000000000000022, 0.0009999999999999733, 0.0009999999999997717]"
28,8,hpp,20,20,20,60,5,,3.488036504264336,6.39835583355753,0.007125221495263881,0.0028406450038856853,0.004419041875263344,0.1627571887065285,7.324724681617253e-16,8.003912066985366e-05,1.5867988303133863e-05,8.003912066985367e-06,1.5867988303133863e-06,5.094088121336113,8.315226976439987e-07,0.5240252776590315,,,,"[0.9999982426014897, 0.9999980413513133, 0.9999971518876107, 0.9999951169511957, 0.9999919388052263, 0.0010000000000001902, 0.0010000000000000909, 0.0010000000000000642, 0.0010000000000000458, 0.0010000000000000256, 0.0010000000000000228, 0.0010000000000000174, 0.0009999999999999903, 0.000999999999999984, 0.0009999999999999744, 0.0009999999999999582, 0.0009999999999999512, 0.0009999999999999187, 0.0009999999999998278, 0.0009999999999995627]"
28,8,gated,8,8,44,60,5,,0.6579593587823925,4.097778436021599,0.00834247248375276,0.015109603866198773,0.0177530327952351,0.8657494755649898,4.690972375920131e-16,9.26854141059295e-05,7.358528043047081e-06,4.212973368451341e-06,3.3447854741123093e-07,5.094298451522794,4.921702658640506e-07,1.4714554032637037,5.0,6.907527181140857,69075.27181140857,"[0.9999948712222014, 0.9999937373731627, 0.9999820507093535, 0.9999425575208926, 0.9997719281711359, 0.001000000000000081, 0.0010000000000000393, 0.0009999999999998526]"
28,9,hpp,20,20,20,60,5,,2.7655681404592127,5.905786448953043,0.006729003302800039,0.0035155246488501497,0.005390969937099528,0.20142514005409287,8.687326111059883e-16,8.005830290984528e-05,1.5822121967708223e-05,8.005830290984528e-06,1.5822121967708223e-06,5.094652257666022,1.2092473083733702e-07,0.07642763156808892,,,,"[0.999997685894538, 0.9999972912252799, 0.9999953440093079, 0.9999929919312114, 0.9999876534453567, 0.0010000000000001572, 0.001000000000000061, 0.001000000000000051, 0.0010000000000000323, 0.0010000000000000271, 0.0010000000000000156, 0.0010000000000000009, 0.0009999999999999974, 0.0009999999999999827, 0.000999999999999978, 0.0009999999999999664, 0.0009999999999999402, 0.0009999999999999298, 0.000999999999999897, 0.0009999999999998287]"
28,9,gated,8,8,44,60,5,,1.1200666280678775,4.532603040422964,0.009811363901021771,0.008485633053277932,0.01133320513225994,0.4861967954137553,3.0507245679402554e-16,9.226285888164252e-05,7.2710559991017955e-06,4.193766312801933e-06,3.3050254541371797e-07,5.094277276524826,5.223292215606712e-07,1.5804090734212881,5.0,6.907683342432356,69076.83342432356,"[0.9999957102387195, 0.999988282464295, 0.9999864302472037, 0.999973197915095, 0.9999280660376536, 0.001000000000000063, 0.0010000000000000072, 0.0009999999999999436]"
29,0,hpp,20,20,20,60,5,,2.0383256725485297,6.546734072726226,0.006343113627680469,0.004310260867919355,0.006151379528726334,0.2469605210226473,6.263032834112693e-16,8.007605534380437e-05,1.5834512847607586e-05,8.007605534380437e-06,1.5834512847607587e-06,5.092260163229885,7.506705526847553e-06,4.740724011589488,,,,"[0.9999980604162255, 0.9999956919964459, 0.9999941627917117, 0.9999928429353822, 0.9999814402295993, 0.001000000000000176, 0.0010000000000001084, 0.001000000000000084, 0.0010000000000000345, 0.001000000000000032, 0.0010000000000000167, 0.001000000000000014, 0.0010000000000000041, 0.000999999999999995, 0.0009999999999999864, 0.0009999999999999783, 0.000999999999999972, 0.0009999999999999653, 0.0009999999999999493, 0.0009999999999999243]"
29,0,gated,8,8,44,60,5,,0.8437356180116262,4.060138788474107,0.008669056753526685,0.011957371949674687,0.013537665814005596,0.6851232737901043,6.118188799979291e-16,9.238711393603282e-05,7.263928883250553e-06,4.199414269819674e-06,3.301785856022979e-07,5.095600673215966,3.608083123842946e-07,1.0927671512255202,5.0,6.9076124330148065,69076.12433014806,"[0.999995741425874, 0.9999934304724326, 0.9999901641104548, 0.9999804146291418, 0.9998571642348003, 0.0010000000000001319, 0.0009999999999999434, 0.0009999999999999102]"
29,1,hpp,20,20,20,60,5,,2.407829977351089,5.741437107372823,0.006595218586674837,0.0035270687465190536,0.005160834299140799,0.20208657222954846,8.402980573595634e-16,8.005342682907877e-05,1.5870343570533936e-05,8.005342682907877e-06,1.5870343570533936e-06,5.094434598511851,3.1967884279543916e-07,0.20143158298663347,,,,"[0.9999976381293563, 0.999997283204604, 0.999996643554608, 0.9999942553087096, 0.9999875722262711, 0.0010000000000002435, 0.0010000000000000557, 0.0010000000000000512, 0.0010000000000000423, 0.0010000000000000213, 0.001000000000000018, 0.0010000000000000145, 0.0010000000000000065, 0.0010000000000000015, 0.000999999999999985, 0.000999999999999971, 0.0009999999999999551, 0.0009999999999999506, 0.0009999999999998899, 0.0009999999999998387]"
29,1,gated,8,8,44,60,5,,1.1837915627715643,5.021622788376578,0.008407165756966255,0.007760537464200173,0.010127282160934713,0.44465050677724355,4.685572995616115e-16,9.220916073371158e-05,7.249086496348435e-06,4.191325487895981e-06,3.295039316522016e-07,5.095396837767745,1.5748021391254926e-07,0.4779312135151485,5.0,6.9076951114562775,69076.95111456278,"[0.9999963941873345, 0.9999934666303723, 0.9999889036261035, 0.9999789419898603, 0.9999398342842083, 0.0010000000000000382, 0.0009999999999999838, 0.0009999999999999111]"
29,2,hpp,20,20,20,60,5,,3.4141863856849524,6.554647680637144,0.006843756965627599,0.002769094148773547,0.004433534810660619,0.15865761056085279,7.21401642618137e-16,8.003937361750945e-05,1.5877049110668247e-05,8.003937361750944e-06,1.5877049110668247e-06,5.0951518867851915,2.3069595517229255e-08,0.014530153151524944,,,,"[0.999998539559864, 0.999997629794379, 0.9999965837090158, 0.9999952705765781, 0.9999923397854772, 0.0010000000000002394, 0.0010000000000001867, 0.0010000000000000883, 0.0010000000000000811, 0.0010000000000000382, 0.001000000000000025, 0.0010000000000000124, 0.001000000000000005, 0.000999999999999998, 0.00099999999999998, 0.0009999999999999733, 0.0009999999999999493, 0.0009999999999999402, 0.0009999999999999248, 0.0009999999999999092]"
29,2,gated,8,8,44,60,5,,0.6032724679752342,4.605731260803569,0.008778914470336146,0.015493714157642736,0.017712566667279904,0.887759951193379,4.800903764810374e-16,9.268627701058534e-05,7.335929115294944e-06,4.213012591390243e-06,3.3345132342249743e-07,5.094016362756559,9.675422266751976e-07,2.9015996000390114,5.0,6.907515435098625,69075.15435098624,"[0.9999959976690608, 0.999986720790572, 0.9999803395719651, 0.9999633358086971, 0.9997601848767795, 0.0010000000000000475, 0.0010000000000000176, 0.0009999999999999016]"
29,3,hpp,20,20,20,60,5,,2.3494500969871472,6.435059410490735,0.006759053809952283,0.003833511843728809,0.005829064762549094,0.21964458733728132,8.08539112156164e-16,8.006822763797948e-05,1.5854244574109335e-05,8.006822763797948e-06,1.5854244574109336e-06,5.096442874534217,2.0818869215059834e-06,1.3131416711621784,,,,"[0.9999984299007597, 0.9999969324740947, 0.9999943063874673, 0.9999910683369124, 0.9999853188827567, 0.0010000000000001557, 0.0010000000000001056, 0.0010000000000000757, 0.0010000000000000566, 0.0010000000000000338, 0.0010000000000000195, 0.0010000000000000182, 0.0010000000000000037, 0.0009999999999999979, 0.0009999999999999807, 0.0009999999999999707, 0.0009999999999999647, 0.0009999999999999306, 0.0009999999999999096, 0.0009999999999998324]"
29,3,gated,8,8,44,60,5,,1.11575823621202,4.166270026254775,0.008822026198746417,0.00874836439475506,0.01265086418951637,0.501250751378079,4.675120516963889e-16,9.232816676600318e-05,7.276548198263793e-06,4.196734853000144e-06,3.307521908301724e-07,5.09551335902419,2.6353748772246916e-07,0.7967822890636113,5.0,6.90767881871329,69076.7881871329,"[0.9999953836925612, 0.9999903984236269, 0.9999700831963098, 0.9999607077128299, 0.9999235426542965, 0.0010000000000001319, 0.0010000000000000542, 0.0009999999999999768]"
29,4,hpp,20,20,20,60,5,,2.576689048955503,6.125838998262915,0.0065703476507836134,0.0034414726738330125,0.005258147898239924,0.19718224875056303,7.10879459207768e-16,8.005545460621765e-05,1.5884339615225024e-05,8.005545460621765e-06,1.5884339615225024e-06,5.093658928228653,1.7984734958922026e-06,1.1322305739222416,,,,"[0.9999979876403852, 0.9999971389854885, 0.9999955078816137, 0.9999935769117422, 0.9999881681095693, 0.0010000000000001394, 0.001000000000000075, 0.0010000000000000423, 0.0010000000000000256, 0.0010000000000000165, 0.0010000000000000096, 0.0010000000000000076, 0.0009999999999999933, 0.0009999999999999788, 0.0009999999999999718, 0.0009999999999999668, 0.0009999999999999421, 0.000999999999999922, 0.0009999999999998894, 0.0009999999999997305]"
29,4,gated,8,8,44,60,5,,1.360504734816355,4.092460749422961,0.009423965924529517,0.007166810485639692,0.011169771210953715,0.4106315086712544,9.108178877580041e-16,9.225384087959058e-05,7.283217331807142e-06,4.193356403617754e-06,3.31055333263961e-07,5.094746565443716,6.422907431668123e-08,0.1940131085744187,5.0,6.907703965856188,69077.03965856187,"[0.9999945796308588, 0.9999873748213817, 0.9999826819716606, 0.9999620363603469, 0.9999486881906362, 0.0010000000000000902, 0.001000000000000042, 0.0009999999999999647]"
29,5,hpp,20,20,20,60,5,,2.3483498638964724,6.418727435454903,0.006036161235466752,0.003942646620311336,0.005818397736203863,0.22589759670071713,7.950123619837356e-16,8.006798865839735e-05,1.5821813010893966e-05,8.006798865839735e-06,1.5821813010893966e-06,5.095947536190478,8.978248322736483e-07,0.5674601461004875,,,,"[0.9999984100094127, 0.9999969289768668, 0.9999943822897153, 0.9999919877434508, 0.9999844710820894, 0.0010000000000002186, 0.0010000000000001627, 0.001000000000000083, 0.0010000000000000616, 0.001000000000000054, 0.0010000000000000334, 0.0010000000000000226, 0.001000000000000003, 0.000999999999999993, 0.000999999999999971, 0.000999999999999945, 0.000999999999999938, 0.0009999999999999222, 0.000999999999999897, 0.000999999999999815]"
29,5,gated,8,8,44,60,5,,0.9528421117074394,3.9216977554694834,0.00837153907434376,0.01087060461365533,0.015516442659609641,0.6228520326040553,5.966281573321657e-16,9.250146376004613e-05,7.270519723655935e-06,4.204611989093006e-06,3.3047816925708795e-07,5.094630899969195,1.3623483273700046e-07,0.41223549816695965,5.0,6.907637220138762,69076.37220138761,"[0.9999938161160437, 0.9999816529223766, 0.9999767069330749, 0.99992535667031, 0.9998819481253786, 0.001000000000000083, 0.0009999999999999896, 0.0009999999999997752]"
29,6,hpp,20,20,20,60,5,,2.5475403485238703,5.945367551642455,0.006419357482107666,0.0037996818027824625,0.0058843974725608416,0.21770625465288146,7.046821131072486e-16,8.006952998282806e-05,1.5805343024890812e-05,8.006952998282806e-06,1.5805343024890811e-06,5.095458160196803,2.0991076593904317e-07,0.1328100033061404,,,,"[0.999998081891016, 0.9999974173591649, 0.9999938771206124, 0.9999904552659469, 0.9999855768557794, 0.0010000000000001486, 0.0010000000000000857, 0.0010000000000000527, 0.0010000000000000488, 0.0010000000000000425, 0.001000000000000023, 0.0010000000000000204, 0.0010000000000000048, 0.0009999999999999937, 0.0009999999999999835, 0.0009999999999999564, 0.0009999999999999532, 0.000999999999999921, 0.0009999999999999144, 0.0009999999999998539]"
29,6,gated,8,8,44,60,5,,1.8825155724900058,4.094751111870567,0.009430888219174496,0.0049935432385347705,0.007827419796661775,0.28611014144120117,7.622619254792576e-16,9.212342562509729e-05,7.2393284629962035e-06,4.187428437504422e-06,3.290603846816456e-07,5.09572945131581,5.320992221437969e-07,1.6170260745868397,5.0,6.907730368133147,69077.30368133147,"[0.9999950017691976, 0.9999938866217696, 0.9999897660455215, 0.9999850488699404, 0.9999750894613989, 0.0010000000000001162, 0.0009999999999999877, 0.000999999999999968]"
29,7,hpp,20,20,20,60,5,,2.903999678259036,6.7594106930478866,0.0059454219050637065,0.0031135786208196653,0.005086184147916346,0.1783952023941596,7.327460015653343e-16,8.005186636516353e-05,1.5809576926303735e-05,8.005186636516353e-06,1.5809576926303734e-06,5.095731947714513,5.357474567874895e-07,0.33887526483780916,,,,"[0.9999985373873952, 0.9999970070642471, 0.9999959081443683, 0.9999923886815293, 0.9999903153225433, 0.0010000000000002264, 0.0010000000000001882, 0.0010000000000000956, 0.001000000000000052, 0.001000000000000045, 0.0010000000000000273, 0.0010000000000000132, 0.001000000000000006, 0.0009999999999999887, 0.0009999999999999736, 0.0009999999999999712, 0.0009999999999999601, 0.0009999999999999564, 0.0009999999999999306, 0.0009999999999999185]"
29,7,gated,8,8,44,60,5,,1.0744968415222906,3.809360084258654,0.009034887227754316,0.009440611818068271,0.012961900398626642,0.5409152482584537,4.6200508989666315e-16,9.234585485417745e-05,7.2668276259163475e-06,4.197538857008066e-06,3.303103466325613e-07,5.095067387442027,4.541067343593234e-09,0.013747881015197921,5.0,6.907666238991702,69076.66238991701,"[0.9999935918847551, 0.999991527038302, 0.9999745805345956, 0.9999614937176127, 0.9999109639736512, 0.0010000000000001444, 0.0010000000000001045, 0.0010000000000000113]"
29,8,hpp,20,20,20,60,5,,2.43413895950897,5.188376846315921,0.0068233470495301695,0.0037599778396389884,0.006351914515616506,0.21543136888383438,5.980479920856413e-16,8.008102404183154e-05,1.584623497607567e-05,8.008102404183154e-06,1.584623497607567e-06,5.094744499251382,6.528063254198614e-08,0.04119630476295823,,,,"[0.9999973574033482, 0.9999957501712496, 0.9999908650541518, 0.9999898441959747, 0.999985876704078, 0.001000000000000176, 0.0010000000000000878, 0.0010000000000000655, 0.0010000000000000464, 0.0010000000000000304, 0.0010000000000000176, 0.001000000000000005, 0.000999999999999993, 0.000999999999999976, 0.0009999999999999651, 0.0009999999999999471, 0.0009999999999999365, 0.0009999999999999304, 0.000999999999999924, 0.0009999999999998385]"
29,8,gated,8,8,44,60,5,,1.117229803934692,4.322162653862487,0.008272194674965398,0.008972305009511437,0.012284132623322626,0.5140821071680893,7.109157184685724e-16,9.231012961843713e-05,7.257002167482841e-06,4.195914982656233e-06,3.298637348855837e-07,5.094945455449785,2.9751079576875774e-09,0.00901920291031544,5.0,6.907674853993151,69076.7485399315,"[0.9999956922578566, 0.9999928413154535, 0.9999840200252609, 0.9999571191419625, 0.9999195782450734, 0.0010000000000000575, 0.000999999999999998, 0.0009999999999997103]"
29,9,hpp,20,20,20,60,5,,2.8295680119256748,5.735264619914939,0.006692956848852918,0.003020916881872648,0.004725275154102005,0.1730860508539222,5.469097032711928e-16,8.004474525320003e-05,1.585524390786541e-05,8.004474525320003e-06,1.585524390786541e-06,5.094447715162114,3.050185421534273e-07,0.1923770734312796,,,,"[0.9999979990956773, 0.9999971811261466, 0.9999971135188395, 0.9999945171751466, 0.9999908831871309, 0.0010000000000001542, 0.0010000000000001171, 0.0010000000000000774, 0.0010000000000000378, 0.0010000000000000213, 0.001000000000000017, 0.001000000000000001, 0.0009999999999999966, 0.0009999999999999918, 0.0009999999999999731, 0.0009999999999999694, 0.0009999999999999595, 0.0009999999999999313, 0.0009999999999999155, 0.0009999999999998656]"
29,9,gated,8,8,44,60,5,,1.6926010737102979,4.417569158315089,0.009105010090065606,0.005188897397638022,0.00858297173154733,0.29730325535257557,8.038559130654905e-16,9.2148753620374e-05,7.260924642792666e-06,4.188579710017e-06,3.3004202921784847e-07,5.094893729402561,1.1293439878969736e-08,0.034218187016161375,5.0,6.907728380888589,69077.28380888588,"[0.9999959458059701, 0.9999942489530936, 0.9999890607645947, 0.9999740484715474, 0.9999731022684517, 0.0010000000000002503, 0.0010000000000000228, 0.000999999999999912]"
30,0,hpp,20,20,20,60,5,,2.7929316117212477,4.729783704934119,0.006678356996308457,0.003220533829207262,0.005957993373988816,0.18452331516794587,5.400772799380093e-16,8.007120451485399e-05,1.5869660318851162e-05,8.007120451485398e-06,1.5869660318851163e-06,5.09625382333591,1.5720729576832225e-06,0.9906153793448227,,,,"[0.999996697895306, 0.9999938827171349, 0.9999930262230764, 0.9999912924434283, 0.9999896385336928, 0.0010000000000001273, 0.001000000000000057, 0.0010000000000000505, 0.001000000000000044, 0.001000000000000019, 0.0010000000000000152, 0.0009999999999999979, 0.0009999999999999879, 0.0009999999999999777, 0.0009999999999999718, 0.0009999999999999595, 0.0009999999999999495, 0.0009999999999999335, 0.0009999999999998769, 0.000999999999999872]"
30,0,gated,8,8,44,60,5,,0.5310644889175311,2.9469801909033375,0.00880705528687996,0.016676555875022796,0.019088388384677003,0.955540562445387,3.882470323584121e-16,9.280764757623429e-05,7.3668887800754995e-06,4.218529435283377e-06,3.348585809125227e-07,5.094736436490209,6.946572369110238e-08,0.20744794265627428,5.0,6.90747741097194,69074.7741097194,"[0.9999898963541112, 0.9999859102111036, 0.9999797959708197, 0.9999582246677489, 0.999722170591663, 0.0010000000000001206, 0.0010000000000000302, 0.0010000000000000028]"
30,1,hpp,20,20,20,60,5,,3.043875936398086,6.04945814464394,0.006386713283656801,0.0034484022506108725,0.005227546478264925,0.19757928660969612,6.266967324946155e-16,8.005482058102909e-05,1.582172551887556e-05,8.005482058102908e-06,1.5821725518875562e-06,5.09599823259441,9.964683125522902e-07,0.6298101375627382,,,,"[0.9999986380501927, 0.9999976192756009, 0.999995561175039, 0.999992761170829, 0.9999881204133954, 0.001000000000000186, 0.0010000000000000913, 0.0010000000000000748, 0.0010000000000000623, 0.0010000000000000182, 0.0010000000000000141, 0.0010000000000000013, 0.0009999999999999905, 0.0009999999999999825, 0.0009999999999999714, 0.0009999999999999564, 0.0009999999999999447, 0.0009999999999999183, 0.0009999999999998432, 0.000999999999999791]"
30,1,gated,8,8,44,60,5,,1.216648370612984,5.0492550474204165,0.008035751670729016,0.008379454616379123,0.011390040255826184,0.4801130027949127,4.703607319512813e-16,9.226535304940899e-05,7.264908912664488e-06,4.193879684064045e-06,3.3022313239384034e-07,5.095513276426985,2.6345269050311397e-07,0.7978020455238954,5.0,6.907685131477309,69076.85131477308,"[0.9999963887757574, 0.9999895651921981, 0.9999833392943551, 0.9999712484980854, 0.9999298549555915, 0.0010000000000001403, 0.0010000000000000226, 0.0009999999999997177]"
30,2,hpp,20,20,20,60,5,,2.430771996416535,5.530845718255194,0.006374777388231751,0.003339059557332034,0.005106523208749259,0.19131437568322812,7.806680515041137e-16,8.005228916093937e-05,1.584235617753707e-05,8.005228916093938e-06,1.5842356177537072e-06,5.094812864139942,3.5019830117913283e-08,0.022105190494055432,,,,"[0.9999979208621491, 0.9999968896487991, 0.9999963286972615, 0.9999939484584962, 0.9999888618305909, 0.0010000000000001037, 0.001000000000000072, 0.0010000000000000495, 0.0010000000000000458, 0.0010000000000000378, 0.0010000000000000189, 0.0010000000000000137, 0.0010000000000000059, 0.0009999999999999955, 0.0009999999999999825, 0.000999999999999969, 0.000999999999999962, 0.0009999999999999482, 0.0009999999999999374, 0.000999999999999815]"
30,2,gated,8,8,44,60,5,,0.8956055555791481,4.264177057931746,0.008532194154990678,0.010956900567688117,0.014135950409231277,0.6277967210504029,7.322953884783859e-16,9.24171943655034e-05,7.274880410393362e-06,4.200781562068336e-06,3.3067638229060737e-07,5.095282512386185,7.98132483506631e-08,0.24136361900960032,5.0,6.907635338173031,69076.35338173031,"[0.999995988728015, 0.9999930046156006, 0.9999894893646208, 0.9999418256392653, 0.9998800663836201, 0.0010000000000001145, 0.0009999999999999885, 0.0009999999999998873]"
30,3,hpp,20,20,20,60,5,,2.6706502067181095,5.713688838864908,0.006116204714605335,0.003459821823235469,0.0049794782104144,0.1982335838281179,8.312959145364374e-16,8.004973639682632e-05,1.583558490792454e-05,8.004973639682633e-06,1.5835584907924541e-06,5.094459753697678,2.918660671674002e-07,0.18431025368778312,,,,"[0.9999983585044997, 0.9999976733015765, 0.9999972156045092, 0.9999939405780506, 0.9999880416033186, 0.001000000000000096, 0.001000000000000064, 0.0010000000000000423, 0.0010000000000000365, 0.0010000000000000176, 0.0010000000000000026, 0.0009999999999999957, 0.0009999999999999896, 0.0009999999999999792, 0.0009999999999999658, 0.0009999999999999567, 0.0009999999999999408, 0.000999999999999915, 0.0009999999999998506, 0.0009999999999997554]"
30,3,gated,8,8,44,60,5,,1.2776983517621159,4.594399146967988,0.008688833613325137,0.008355969978312724,0.010903958036384328,0.4787673850403184,4.740087331086883e-16,9.224341383286525e-05,7.245880062430582e-06,4.1928824469484204e-06,3.2935818465593555e-07,5.096003608973596,1.0072309718910489e-06,3.0581628719603673,5.0,6.907685524137136,69076.85524137136,"[0.9999971218294226, 0.9999957669322197, 0.99998571547783, 0.9999723707680119, 0.9999302475879556, 0.0010000000000001442, 0.0010000000000000796, 0.0009999999999998667]"
30,4,hpp,20,20,20,60,5,,2.7351817351166923,6.806416652748254,0.006898579593687524,0.00338532935992838,0.004836976714921636,0.1939654550755478,9.827297109406677e-16,8.004691786591573e-05,1.581397692532438e-05,8.004691786591573e-06,1.581397692532438e-06,5.092252613065499,7.548134967840847e-06,4.773078273405927,,,,"[0.999998598656309, 0.99999736116565, 0.9999967242521923, 0.9999953919728726, 0.9999885510055798, 0.0010000000000001136, 0.001000000000000087, 0.0010000000000000748, 0.0010000000000000462, 0.0010000000000000367, 0.0010000000000000165, 0.0010000000000000026, 0.000999999999999999, 0.0009999999999999848, 0.0009999999999999814, 0.0009999999999999757, 0.0009999999999999564, 0.0009999999999999185, 0.0009999999999999042, 0.0009999999999998443]"
30,4,gated,8,8,44,60,5,,0.7296518250812967,4.837052068487085,0.008397533148312784,0.013947121848769044,0.015388518636498996,0.7991371280369898,1.1226861904946257e-15,9.251167635440709e-05,7.305748685193068e-06,4.205076197927595e-06,3.32079485690594e-07,5.095184560496211,3.4062576763357516e-08,0.10257356515871743,5.0,6.907560932412317,69075.60932412317,"[0.9999962984242217, 0.9999947788369865, 0.99999276525272, 0.9999739154724084, 0.9998056723143428, 0.001000000000000092, 0.001000000000000013, 0.0009999999999999957]"
30,5,hpp,20,20,20,60,5,,2.3724830888687003,5.679883413002328,0.006261366797345193,0.003346619189634002,0.005571634691987004,0.1917475131288729,8.023180379474879e-16,8.006227111130423e-05,1.581855228153982e-05,8.006227111130423e-06,1.581855228153982e-06,5.094509503556665,2.4058676091947974e-07,0.15209151674407234,,,,"[0.9999973080323421, 0.9999964741110187, 0.9999953825162949, 0.9999910119304559, 0.9999888113398597, 0.001000000000000183, 0.0010000000000001535, 0.0010000000000000848, 0.00100000000000004, 0.0010000000000000304, 0.0010000000000000143, 0.0010000000000000087, 0.0010000000000000018, 0.0009999999999999861, 0.0009999999999999718, 0.0009999999999999575, 0.0009999999999999452, 0.0009999999999999263, 0.0009999999999999118, 0.0009999999999998844]"
30,5,gated,8,8,44,60,5,,1.0307484146635053,3.919098145339612,0.008345481042330445,0.00983935289637679,0.011924994781847035,0.563762490928774,4.601019260847101e-16,9.229411062172134e-05,7.266134883879822e-06,4.195186846441879e-06,3.302788583581737e-07,5.095087801275921,7.709064054117092e-09,0.02334107636328612,5.0,6.907658558252258,69076.58558252257,"[0.999994435917569, 0.9999906073846989, 0.9999897577047924, 0.9999798517504469, 0.9999032839474469, 0.0010000000000000267, 0.00099999999999999, 0.0009999999999999794]"
30,6,hpp,20,20,20,60,5,,2.1855131038812905,6.481162477515255,0.006488022802474582,0.003955256973743731,0.005415072953919871,0.2266201223642006,7.559834171800551e-16,8.005888520545212e-05,1.584573892054551e-05,8.005888520545212e-06,1.584573892054551e-06,5.093184256390215,3.2969248564588666e-06,2.0806381280106097,,,,"[0.9999983596628295, 0.9999970997356796, 0.9999960864574556, 0.999994788865625, 0.9999843715863294, 0.0010000000000001737, 0.0010000000000000928, 0.0010000000000000755, 0.001000000000000039, 0.001000000000000033, 0.0010000000000000215, 0.001000000000000021, 0.0009999999999999987, 0.0009999999999999885, 0.0009999999999999662, 0.0009999999999999506, 0.0009999999999999443, 0.0009999999999999187, 0.0009999999999998456, 0.0009999999999996771]"
30,6,gated,8,8,44,60,5,,1.3413122443965302,3.930354862333825,0.0086041607890478,0.007663060998255364,0.010064456489637424,0.43906535059229623,4.469976267642093e-16,9.220634762563785e-05,7.26030852372649e-06,4.191197619347175e-06,3.300140238057496e-07,5.094551505428477,2.0114738068148186e-07,0.609511615178753,5.0,6.907696613479873,69076.96613479873,"[0.9999954915701165, 0.9999905647321868, 0.9999871768789513, 0.9999842386089581, 0.9999413362186407, 0.0010000000000001184, 0.0010000000000000295, 0.000999999999999984]"
30,7,hpp,20,20,20,60,5,,2.5627723922962486,5.815630027712509,0.007072921395008055,0.003762119075863249,0.005697254770863794,0.21555405355014523,7.441869959700283e-16,8.006514912535036e-05,1.5848094138950173e-05,8.006514912535035e-06,1.5848094138950174e-06,5.096620066929118,2.6246168548368717e-06,1.656108824080177,,,,"[0.9999978697785418, 0.9999960636195093, 0.9999948889438104, 0.9999928907913275, 0.999985860613599, 0.0010000000000001052, 0.0010000000000000859, 0.0010000000000000523, 0.0010000000000000332, 0.0010000000000000213, 0.0010000000000000113, 0.0010000000000000002, 0.0009999999999999918, 0.000999999999999983, 0.0009999999999999736, 0.000999999999999967, 0.0009999999999999532, 0.000999999999999937, 0.0009999999999999055, 0.000999999999999827]"
30,7,gated,8,8,44,60,5,,0.7810593029120674,4.959137296639507,0.008529908706078792,0.01147691159520577,0.014747894219026888,0.6575930330930825,7.174567004052518e-16,9.24559131378168e-05,7.2749594330097234e-06,4.2025415062644e-06,3.306799742277147e-07,5.095655204734919,4.2929324466592387e-07,1.2982136147449364,5.0,6.907623682543293,69076.23682543293,"[0.9999959689804863, 0.9999929225466453, 0.9999870388106796, 0.9999383745589427, 0.9998684122197355, 0.0010000000000001477, 0.0009999999999999753, 0.0009999999999998487]"
30,8,hpp,20,20,20,60,5,,3.146475544370796,6.173738045242273,0.005905770343029545,0.0029050229188151725,0.004743551341850866,0.1664457867478313,5.988567824437539e-16,8.004508655846735e-05,1.5824935731320878e-05,8.004508655846735e-06,1.5824935731320878e-06,5.095328903048525,1.0817721533222117e-07,0.06835870752897638,,,,"[0.9999982938905031, 0.9999968767087911, 0.9999965670528089, 0.9999942142888435, 0.9999915692809991, 0.00100000000000022, 0.0010000000000001405, 0.0010000000000001134, 0.0010000000000000523, 0.0010000000000000477, 0.001000000000000034, 0.0010000000000000232, 0.0009999999999999957, 0.000999999999999992, 0.000999999999999978, 0.000999999999999964, 0.0009999999999999577, 0.0009999999999999415, 0.0009999999999999209, 0.0009999999999998985]"
30,8,gated,8,8,44,60,5,,1.1753845813997705,4.3905799421156315,0.00811624122205713,0.00885430799735257,0.011992426945148524,0.507321107796305,5.129591621389479e-16,9.229542097690418e-05,7.269662442829414e-06,4.1952464080411e-06,3.304392019467915e-07,5.093738544494049,1.591269993482114e-06,4.815621100968359,5.0,6.907676955543302,69076.76955543301,"[0.9999959558823373, 0.9999923203082026, 0.9999877534356361, 0.9999586162594344, 0.9999216796286582, 0.0010000000000002932, 0.001000000000000201, 0.0009999999999998933]"
30,9,hpp,20,20,20,60,5,,2.6965780705012508,6.3948251093604895,0.006418946381578096,0.0037463309773734556,0.0054916506167421945,0.21464945576531777,8.094923199069118e-16,8.006054685164879e-05,1.5823524863155214e-05,8.006054685164878e-06,1.5823524863155214e-06,5.097475353287762,6.127373899256925e-06,3.8723191907287373,,,,"[0.9999985286414925, 0.99999793637473, 0.9999957966257388, 0.9999916312505638, 0.9999859790392032, 0.0010000000000001555, 0.0010000000000000698, 0.0010000000000000538, 0.0010000000000000406, 0.00100000000000003, 0.001000000000000025, 0.0010000000000000137, 0.001000000000000001, 0.0009999999999999885, 0.0009999999999999658, 0.0009999999999999562, 0.0009999999999999473, 0.0009999999999999365, 0.0009999999999999209, 0.0009999999999998003]"
30,9,gated,8,8,44,60,5,,1.3866549902848047,4.636033224846599,0.008881534267282777,0.0070510113330913725,0.010050745532797016,0.40399653829874876,6.739930449079168e-16,9.220516509851952e-05,7.2602363896146005e-06,4.191143868114524e-06,3.3001074498248185e-07,5.095851520439871,7.250870595266489e-07,2.1971619729083036,5.0,6.90770561070441,69077.05610704409,"[0.9999955529782826, 0.9999928750203799, 0.9999821178691658, 0.9999782047079491, 0.9999503329559408, 0.0010000000000002195, 0.0010000000000000668, 0.0009999999999998077]"
