eta,budget,s,pair,estimator,epsilon,truth_ties,abstention_rate,false_safe,false_safe_eligible_by_rank,false_rejection,false_rejection_eligible_by_rank,better_acceptance,better_acceptance_eligible_by_rank,coverage,coverage_eligible_by_rank
1e-10,80,4,left,sample_variance,0.0,0,0.0,0.0,"{""15"": 200, ""30"": 200, ""5"": 200}",,"{""15"": 0, ""30"": 0, ""5"": 0}",,"{""15"": 0, ""30"": 0, ""5"": 0}",1.0,"{""15"": 200, ""30"": 200, ""5"": 200}"
1e-10,80,4,left,sample_variance,0.2,0,0.0,0.0,"{""15"": 200, ""30"": 200, ""5"": 200}",,"{""15"": 0, ""30"": 0, ""5"": 0}",,"{""15"": 0, ""30"": 0, ""5"": 0}",1.0,"{""15"": 200, ""30"": 200, ""5"": 200}"
1e-10,80,4,left,sample_variance,0.3333333333333333,0,0.0,0.0,"{""15"": 200, ""30"": 200, ""5"": 200}",,"{""15"": 0, ""30"": 0, ""5"": 0}",,"{""15"": 0, ""30"": 0, ""5"": 0}",1.0,"{""15"": 200, ""30"": 200, ""5"": 200}"
1e-10,80,4,left,sample_variance,0.5,0,0.0,0.0,"{""15"": 200, ""30"": 200, ""5"": 200}",,"{""15"": 0, ""30"": 0, ""5"": 0}",,"{""15"": 0, ""30"": 0, ""5"": 0}",1.0,"{""15"": 200, ""30"": 200, ""5"": 200}"
1e-10,80,4,left,paired_mean,0.0,0,0.0,0.0,"{""15"": 200, ""30"": 200, ""5"": 200}",,"{""15"": 0, ""30"": 0, ""5"": 0}",,"{""15"": 0, ""30"": 0, ""5"": 0}",1.0,"{""15"": 200, ""30"": 200, ""5"": 200}"
1e-10,80,4,left,paired_mean,0.2,0,0.0,0.0,"{""15"": 200, ""30"": 200, ""5"": 200}",,"{""15"": 0, ""30"": 0, ""5"": 0}",,"{""15"": 0, ""30"": 0, ""5"": 0}",1.0,"{""15"": 200, ""30"": 200, ""5"": 200}"
1e-10,80,4,left,paired_mean,0.3333333333333333,0,0.0,0.0,"{""15"": 200, ""30"": 200, ""5"": 200}",,"{""15"": 0, ""30"": 0, ""5"": 0}",,"{""15"": 0, ""30"": 0, ""5"": 0}",1.0,"{""15"": 200, ""30"": 200, ""5"": 200}"
1e-10,80,4,left,paired_mean,0.5,0,0.0,0.0,"{""15"": 200, ""30"": 200, ""5"": 200}",,"{""15"": 0, ""30"": 0, ""5"": 0}",,"{""15"": 0, ""30"": 0, ""5"": 0}",1.0,"{""15"": 200, ""30"": 200, ""5"": 200}"
1e-10,80,4,left,mom_w1,0.0,0,0.0,0.0,"{""15"": 200, ""30"": 200, ""5"": 200}",,"{""15"": 0, ""30"": 0, ""5"": 0}",,"{""15"": 0, ""30"": 0, ""5"": 0}",1.0,"{""15"": 200, ""30"": 200, ""5"": 200}"
1e-10,80,4,left,mom_w1,0.2,0,0.0,0.0,"{""15"": 200, ""30"": 200, ""5"": 200}",,"{""15"": 0, ""30"": 0, ""5"": 0}",,"{""15"": 0, ""30"": 0, ""5"": 0}",1.0,"{""15"": 200, ""30"": 200, ""5"": 200}"
1e-10,80,4,left,mom_w1,0.3333333333333333,0,0.0,0.0,"{""15"": 200, ""30"": 200, ""5"": 200}",,"{""15"": 0, ""30"": 0, ""5"": 0}",,"{""15"": 0, ""30"": 0, ""5"": 0}",1.0,"{""15"": 200, ""30"": 200, ""5"": 200}"
1e-10,80,4,left,mom_w1,0.5,0,0.0,0.0,"{""15"": 200, ""30"": 200, ""5"": 200}",,"{""15"": 0, ""30"": 0, ""5"": 0}",,"{""15"": 0, ""30"": 0, ""5"": 0}",1.0,"{""15"": 200, ""30"": 200, ""5"": 200}"
1e-10,80,4,left,mom_w2,0.0,0,0.0,0.0,"{""15"": 200, ""30"": 200, ""5"": 200}",,"{""15"": 0, ""30"": 0, ""5"": 0}",,"{""15"": 0, ""30"": 0, ""5"": 0}",1.0,"{""15"": 200, ""30"": 200, ""5"": 200}"
1e-10,80,4,left,mom_w2,0.2,0,0.0,0.0,"{""15"": 200, ""30"": 200, ""5"": 200}",,"{""15"": 0, ""30"": 0, ""5"": 0}",,"{""15"": 0, ""30"": 0, ""5"": 0}",1.0,"{""15"": 200, ""30"": 200, ""5"": 200}"
1e-10,80,4,left,mom_w2,0.3333333333333333,0,0.0,0.0,"{""15"": 200, ""30"": 200, ""5"": 200}",,"{""15"": 0, ""30"": 0, ""5"": 0}",,"{""15"": 0, ""30"": 0, ""5"": 0}",1.0,"{""15"": 200, ""30"": 200, ""5"": 200}"
1e-10,80,4,left,mom_w2,0.5,0,0.0,0.0,"{""15"": 200, ""30"": 200, ""5"": 200}",,"{""15"": 0, ""30"": 0, ""5"": 0}",,"{""15"": 0, ""30"": 0, ""5"": 0}",1.0,"{""15"": 200, ""30"": 200, ""5"": 200}"
1e-10,80,4,primary,sample_variance,0.0,0,0.0,0.30763379396984925,"{""15"": 199, ""30"": 200, ""5"": 200}",,"{""15"": 1, ""30"": 0, ""5"": 0}",,"{""15"": 1, ""30"": 0, ""5"": 0}",1.0,"{""15"": 200, ""30"": 200, ""5"": 200}"
1e-10,80,4,primary,sample_variance,0.2,0,0.754975,0.06004208542713568,"{""15"": 199, ""30"": 200, ""5"": 200}",,"{""15"": 1, ""30"": 0, ""5"": 0}",,"{""15"": 1, ""30"": 0, ""5"": 0}",0.24502499999999997,"{""15"": 200, ""30"": 200, ""5"": 200}"
1e-10,80,4,primary,sample_variance,0.3333333333333333,0,0.8813916666666667,0.025766164154103852,"{""15"": 199, ""30"": 200, ""5"": 200}",,"{""15"": 1, ""30"": 0, ""5"": 0}",,"{""15"": 1, ""30"": 0, ""5"": 0}",0.11860833333333336,"{""15"": 200, ""30"": 200, ""5"": 200}"
1e-10,80,4,primary,sample_variance,0.5,0,0.94735,0.01023249581239531,"{""15"": 199, ""30"": 200, ""5"": 200}",,"{""15"": 1, ""30"": 0, ""5"": 0}",,"{""15"": 1, ""30"": 0, ""5"": 0}",0.05265,"{""15"": 200, ""30"": 200, ""5"": 200}"
1e-10,80,4,primary,paired_mean,0.0,0,0.0,0.3357213567839196,"{""15"": 199, ""30"": 200, ""5"": 200}",,"{""15"": 1, ""30"": 0, ""5"": 0}",,"{""15"": 1, ""30"": 0, ""5"": 0}",1.0,"{""15"": 200, ""30"": 200, ""5"": 200}"
1e-10,80,4,primary,paired_mean,0.2,0,0.6669166666666667,0.10789589614740369,"{""15"": 199, ""30"": 200, ""5"": 200}",,"{""15"": 1, ""30"": 0, ""5"": 0}",,"{""15"": 1, ""30"": 0, ""5"": 0}",0.33308333333333334,"{""15"": 200, ""30"": 200, ""5"": 200}"
1e-10,80,4,primary,paired_mean,0.3333333333333333,0,0.8095333333333333,0.06049359296482412,"{""15"": 199, ""30"": 200, ""5"": 200}",,"{""15"": 1, ""30"": 0, ""5"": 0}",,"{""15"": 1, ""30"": 0, ""5"": 0}",0.19046666666666667,"{""15"": 200, ""30"": 200, ""5"": 200}"
1e-10,80,4,primary,paired_mean,0.5,0,0.8994833333333333,0.031505485762144056,"{""15"": 199, ""30"": 200, ""5"": 200}",,"{""15"": 1, ""30"": 0, ""5"": 0}",,"{""15"": 1, ""30"": 0, ""5"": 0}",0.10051666666666668,"{""15"": 200, ""30"": 200, ""5"": 200}"
1e-10,80,4,primary,mom_w1,0.0,0,0.0,0.3357213567839196,"{""15"": 199, ""30"": 200, ""5"": 200}",,"{""15"": 1, ""30"": 0, ""5"": 0}",,"{""15"": 1, ""30"": 0, ""5"": 0}",1.0,"{""15"": 200, ""30"": 200, ""5"": 200}"
1e-10,80,4,primary,mom_w1,0.2,0,0.6669166666666667,0.10789589614740369,"{""15"": 199, ""30"": 200, ""5"": 200}",,"{""15"": 1, ""30"": 0, ""5"": 0}",,"{""15"": 1, ""30"": 0, ""5"": 0}",0.33308333333333334,"{""15"": 200, ""30"": 200, ""5"": 200}"
1e-10,80,4,primary,mom_w1,0.3333333333333333,0,0.8095333333333333,0.06049359296482412,"{""15"": 199, ""30"": 200, ""5"": 200}",,"{""15"": 1, ""30"": 0, ""5"": 0}",,"{""15"": 1, ""30"": 0, ""5"": 0}",0.19046666666666667,"{""15"": 200, ""30"": 200, ""5"": 200}"
1e-10,80,4,primary,mom_w1,0.5,0,0.8994833333333333,0.031505485762144056,"{""15"": 199, ""30"": 200, ""5"": 200}",,"{""15"": 1, ""30"": 0, ""5"": 0}",,"{""15"": 1, ""30"": 0, ""5"": 0}",0.10051666666666668,"{""15"": 200, ""30"": 200, ""5"": 200}"
1e-10,80,4,primary,mom_w2,0.0,0,0.0,0.3357213567839196,"{""15"": 199, ""30"": 200, ""5"": 200}",,"{""15"": 1, ""30"": 0, ""5"": 0}",,"{""15"": 1, ""30"": 0, ""5"": 0}",1.0,"{""15"": 200, ""30"": 200, ""5"": 200}"
1e-10,80,4,primary,mom_w2,0.2,0,0.6669166666666667,0.10789589614740369,"{""15"": 199, ""30"": 200, ""5"": 200}",,"{""15"": 1, ""30"": 0, ""5"": 0}",,"{""15"": 1, ""30"": 0, ""5"": 0}",0.33308333333333334,"{""15"": 200, ""30"": 200, ""5"": 200}"
1e-10,80,4,primary,mom_w2,0.3333333333333333,0,0.8095333333333333,0.06049359296482412,"{""15"": 199, ""30"": 200, ""5"": 200}",,"{""15"": 1, ""30"": 0, ""5"": 0}",,"{""15"": 1, ""30"": 0, ""5"": 0}",0.19046666666666667,"{""15"": 200, ""30"": 200, ""5"": 200}"
1e-10,80,4,primary,mom_w2,0.5,0,0.8994833333333333,0.031505485762144056,"{""15"": 199, ""30"": 200, ""5"": 200}",,"{""15"": 1, ""30"": 0, ""5"": 0}",,"{""15"": 1, ""30"": 0, ""5"": 0}",0.10051666666666668,"{""15"": 200, ""30"": 200, ""5"": 200}"
1e-10,80,4,right,sample_variance,0.0,0,0.0,0.3007166666666667,"{""15"": 200, ""30"": 200, ""5"": 200}",,"{""15"": 0, ""30"": 0, ""5"": 0}",,"{""15"": 0, ""30"": 0, ""5"": 0}",1.0,"{""15"": 200, ""30"": 200, ""5"": 200}"
1e-10,80,4,right,sample_variance,0.2,0,0.76765,0.057891666666666675,"{""15"": 200, ""30"": 200, ""5"": 200}",,"{""15"": 0, ""30"": 0, ""5"": 0}",,"{""15"": 0, ""30"": 0, ""5"": 0}",0.23235000000000003,"{""15"": 200, ""30"": 200, ""5"": 200}"
1e-10,80,4,right,sample_variance,0.3333333333333333,0,0.89055,0.025291666666666667,"{""15"": 200, ""30"": 200, ""5"": 200}",,"{""15"": 0, ""30"": 0, ""5"": 0}",,"{""15"": 0, ""30"": 0, ""5"": 0}",0.10945,"{""15"": 200, ""30"": 200, ""5"": 200}"
1e-10,80,4,right,sample_variance,0.5,0,0.9543916666666666,0.009775,"{""15"": 200, ""30"": 200, ""5"": 200}",,"{""15"": 0, ""30"": 0, ""5"": 0}",,"{""15"": 0, ""30"": 0, ""5"": 0}",0.045608333333333334,"{""15"": 200, ""30"": 200, ""5"": 200}"
1e-10,80,4,right,paired_mean,0.0,0,0.0,0.32875000000000004,"{""15"": 200, ""30"": 200, ""5"": 200}",,"{""15"": 0, ""30"": 0, ""5"": 0}",,"{""15"": 0, ""30"": 0, ""5"": 0}",1.0,"{""15"": 200, ""30"": 200, ""5"": 200}"
1e-10,80,4,right,paired_mean,0.2,0,0.6799,0.10359166666666668,"{""15"": 200, ""30"": 200, ""5"": 200}",,"{""15"": 0, ""30"": 0, ""5"": 0}",,"{""15"": 0, ""30"": 0, ""5"": 0}",0.3201,"{""15"": 200, ""30"": 200, ""5"": 200}"
1e-10,80,4,right,paired_mean,0.3333333333333333,0,0.8212083333333333,0.058775,"{""15"": 200, ""30"": 200, ""5"": 200}",,"{""15"": 0, ""30"": 0, ""5"": 0}",,"{""15"": 0, ""30"": 0, ""5"": 0}",0.17879166666666668,"{""15"": 200, ""30"": 200, ""5"": 200}"
1e-10,80,4,right,paired_mean,0.5,0,0.9078833333333334,0.030424999999999997,"{""15"": 200, ""30"": 200, ""5"": 200}",,"{""15"": 0, ""30"": 0, ""5"": 0}",,"{""15"": 0, ""30"": 0, ""5"": 0}",0.09211666666666667,"{""15"": 200, ""30"": 200, ""5"": 200}"
1e-10,80,4,right,mom_w1,0.0,0,0.0,0.32875000000000004,"{""15"": 200, ""30"": 200, ""5"": 200}",,"{""15"": 0, ""30"": 0, ""5"": 0}",,"{""15"": 0, ""30"": 0, ""5"": 0}",1.0,"{""15"": 200, ""30"": 200, ""5"": 200}"
1e-10,80,4,right,mom_w1,0.2,0,0.6799,0.10359166666666668,"{""15"": 200, ""30"": 200, ""5"": 200}",,"{""15"": 0, ""30"": 0, ""5"": 0}",,"{""15"": 0, ""30"": 0, ""5"": 0}",0.3201,"{""15"": 200, ""30"": 200, ""5"": 200}"
1e-10,80,4,right,mom_w1,0.3333333333333333,0,0.8212083333333333,0.058775,"{""15"": 200, ""30"": 200, ""5"": 200}",,"{""15"": 0, ""30"": 0, ""5"": 0}",,"{""15"": 0, ""30"": 0, ""5"": 0}",0.17879166666666668,"{""15"": 200, ""30"": 200, ""5"": 200}"
1e-10,80,4,right,mom_w1,0.5,0,0.9078833333333334,0.030424999999999997,"{""15"": 200, ""30"": 200, ""5"": 200}",,"{""15"": 0, ""30"": 0, ""5"": 0}",,"{""15"": 0, ""30"": 0, ""5"": 0}",0.09211666666666667,"{""15"": 200, ""30"": 200, ""5"": 200}"
1e-10,80,4,right,mom_w2,0.0,0,0.0,0.32875000000000004,"{""15"": 200, ""30"": 200, ""5"": 200}",,"{""15"": 0, ""30"": 0, ""5"": 0}",,"{""15"": 0, ""30"": 0, ""5"": 0}",1.0,"{""15"": 200, ""30"": 200, ""5"": 200}"
1e-10,80,4,right,mom_w2,0.2,0,0.6799,0.10359166666666668,"{""15"": 200, ""30"": 200, ""5"": 200}",,"{""15"": 0, ""30"": 0, ""5"": 0}",,"{""15"": 0, ""30"": 0, ""5"": 0}",0.3201,"{""15"": 200, ""30"": 200, ""5"": 200}"
1e-10,80,4,right,mom_w2,0.3333333333333333,0,0.8212083333333333,0.058775,"{""15"": 200, ""30"": 200, ""5"": 200}",,"{""15"": 0, ""30"": 0, ""5"": 0}",,"{""15"": 0, ""30"": 0, ""5"": 0}",0.17879166666666668,"{""15"": 200, ""30"": 200, ""5"": 200}"
1e-10,80,4,right,mom_w2,0.5,0,0.9078833333333334,0.030424999999999997,"{""15"": 200, ""30"": 200, ""5"": 200}",,"{""15"": 0, ""30"": 0, ""5"": 0}",,"{""15"": 0, ""30"": 0, ""5"": 0}",0.09211666666666667,"{""15"": 200, ""30"": 200, ""5"": 200}"
1e-10,160,4,left,sample_variance,0.0,0,0.0,0.0,"{""15"": 200, ""30"": 200, ""5"": 200}",,"{""15"": 0, ""30"": 0, ""5"": 0}",,"{""15"": 0, ""30"": 0, ""5"": 0}",1.0,"{""15"": 200, ""30"": 200, ""5"": 200}"
1e-10,160,4,left,sample_variance,0.2,0,0.0,0.0,"{""15"": 200, ""30"": 200, ""5"": 200}",,"{""15"": 0, ""30"": 0, ""5"": 0}",,"{""15"": 0, ""30"": 0, ""5"": 0}",1.0,"{""15"": 200, ""30"": 200, ""5"": 200}"
1e-10,160,4,left,sample_variance,0.3333333333333333,0,0.0,0.0,"{""15"": 200, ""30"": 200, ""5"": 200}",,"{""15"": 0, ""30"": 0, ""5"": 0}",,"{""15"": 0, ""30"": 0, ""5"": 0}",1.0,"{""15"": 200, ""30"": 200, ""5"": 200}"
1e-10,160,4,left,sample_variance,0.5,0,0.0,0.0,"{""15"": 200, ""30"": 200, ""5"": 200}",,"{""15"": 0, ""30"": 0, ""5"": 0}",,"{""15"": 0, ""30"": 0, ""5"": 0}",1.0,"{""15"": 200, ""30"": 200, ""5"": 200}"
1e-10,160,4,left,paired_mean,0.0,0,0.0,0.0,"{""15"": 200, ""30"": 200, ""5"": 200}",,"{""15"": 0, ""30"": 0, ""5"": 0}",,"{""15"": 0, ""30"": 0, ""5"": 0}",1.0,"{""15"": 200, ""30"": 200, ""5"": 200}"
1e-10,160,4,left,paired_mean,0.2,0,0.0,0.0,"{""15"": 200, ""30"": 200, ""5"": 200}",,"{""15"": 0, ""30"": 0, ""5"": 0}",,"{""15"": 0, ""30"": 0, ""5"": 0}",1.0,"{""15"": 200, ""30"": 200, ""5"": 200}"
1e-10,160,4,left,paired_mean,0.3333333333333333,0,0.0,0.0,"{""15"": 200, ""30"": 200, ""5"": 200}",,"{""15"": 0, ""30"": 0, ""5"": 0}",,"{""15"": 0, ""30"": 0, ""5"": 0}",1.0,"{""15"": 200, ""30"": 200, ""5"": 200}"
1e-10,160,4,left,paired_mean,0.5,0,0.0,0.0,"{""15"": 200, ""30"": 200, ""5"": 200}",,"{""15"": 0, ""30"": 0, ""5"": 0}",,"{""15"": 0, ""30"": 0, ""5"": 0}",1.0,"{""15"": 200, ""30"": 200, ""5"": 200}"
1e-10,160,4,left,mom_w1,0.0,0,0.0,0.0,"{""15"": 200, ""30"": 200, ""5"": 200}",,"{""15"": 0, ""30"": 0, ""5"": 0}",,"{""15"": 0, ""30"": 0, ""5"": 0}",1.0,"{""15"": 200, ""30"": 200, ""5"": 200}"
1e-10,160,4,left,mom_w1,0.2,0,0.0,0.0,"{""15"": 200, ""30"": 200, ""5"": 200}",,"{""15"": 0, ""30"": 0, ""5"": 0}",,"{""15"": 0, ""30"": 0, ""5"": 0}",1.0,"{""15"": 200, ""30"": 200, ""5"": 200}"
1e-10,160,4,left,mom_w1,0.3333333333333333,0,0.0,0.0,"{""15"": 200, ""30"": 200, ""5"": 200}",,"{""15"": 0, ""30"": 0, ""5"": 0}",,"{""15"": 0, ""30"": 0, ""5"": 0}",1.0,"{""15"": 200, ""30"": 200, ""5"": 200}"
1e-10,160,4,left,mom_w1,0.5,0,0.0,0.0,"{""15"": 200, ""30"": 200, ""5"": 200}",,"{""15"": 0, ""30"": 0, ""5"": 0}",,"{""15"": 0, ""30"": 0, ""5"": 0}",1.0,"{""15"": 200, ""30"": 200, ""5"": 200}"
1e-10,160,4,left,mom_w2,0.0,0,0.0,0.0,"{""15"": 200, ""30"": 200, ""5"": 200}",,"{""15"": 0, ""30"": 0, ""5"": 0}",,"{""15"": 0, ""30"": 0, ""5"": 0}",1.0,"{""15"": 200, ""30"": 200, ""5"": 200}"
1e-10,160,4,left,mom_w2,0.2,0,0.0,0.0,"{""15"": 200, ""30"": 200, ""5"": 200}",,"{""15"": 0, ""30"": 0, ""5"": 0}",,"{""15"": 0, ""30"": 0, ""5"": 0}",1.0,"{""15"": 200, ""30"": 200, ""5"": 200}"
1e-10,160,4,left,mom_w2,0.3333333333333333,0,0.0,0.0,"{""15"": 200, ""30"": 200, ""5"": 200}",,"{""15"": 0, ""30"": 0, ""5"": 0}",,"{""15"": 0, ""30"": 0, ""5"": 0}",1.0,"{""15"": 200, ""30"": 200, ""5"": 200}"
1e-10,160,4,left,mom_w2,0.5,0,0.0,0.0,"{""15"": 200, ""30"": 200, ""5"": 200}",,"{""15"": 0, ""30"": 0, ""5"": 0}",,"{""15"": 0, ""30"": 0, ""5"": 0}",1.0,"{""15"": 200, ""30"": 200, ""5"": 200}"
1e-10,160,4,primary,sample_variance,0.0,0,0.0,0.39361725293132327,"{""15"": 199, ""30"": 200, ""5"": 200}",,"{""15"": 1, ""30"": 0, ""5"": 0}",,"{""15"": 1, ""30"": 0, ""5"": 0}",1.0,"{""15"": 200, ""30"": 200, ""5"": 200}"
1e-10,160,4,primary,sample_variance,0.2,0,0.7651,0.06731737855946399,"{""15"": 199, ""30"": 200, ""5"": 200}",,"{""15"": 1, ""30"": 0, ""5"": 0}",,"{""15"": 1, ""30"": 0, ""5"": 0}",0.2349,"{""15"": 200, ""30"": 200, ""5"": 200}"
1e-10,160,4,primary,sample_variance,0.3333333333333333,0,0.8847916666666666,0.028177345058626468,"{""15"": 199, ""30"": 200, ""5"": 200}",,"{""15"": 1, ""30"": 0, ""5"": 0}",,"{""15"": 1, ""30"": 0, ""5"": 0}",0.11520833333333334,"{""15"": 200, ""30"": 200, ""5"": 200}"
1e-10,160,4,primary,sample_variance,0.5,0,0.9486166666666667,0.010883333333333333,"{""15"": 199, ""30"": 200, ""5"": 200}",,"{""15"": 1, ""30"": 0, ""5"": 0}",,"{""15"": 1, ""30"": 0, ""5"": 0}",0.05138333333333333,"{""15"": 200, ""30"": 200, ""5"": 200}"
1e-10,160,4,primary,paired_mean,0.0,0,0.0,0.4034243299832496,"{""15"": 199, ""30"": 200, ""5"": 200}",,"{""15"": 1, ""30"": 0, ""5"": 0}",,"{""15"": 1, ""30"": 0, ""5"": 0}",1.0,"{""15"": 200, ""30"": 200, ""5"": 200}"
1e-10,160,4,primary,paired_mean,0.2,0,0.6755416666666667,0.11754803182579565,"{""15"": 199, ""30"": 200, ""5"": 200}",,"{""15"": 1, ""30"": 0, ""5"": 0}",,"{""15"": 1, ""30"": 0, ""5"": 0}",0.32445833333333335,"{""15"": 200, ""30"": 200, ""5"": 200}"
1e-10,160,4,primary,paired_mean,0.3333333333333333,0,0.8132,0.06448974036850923,"{""15"": 199, ""30"": 200, ""5"": 200}",,"{""15"": 1, ""30"": 0, ""5"": 0}",,"{""15"": 1, ""30"": 0, ""5"": 0}",0.1868,"{""15"": 200, ""30"": 200, ""5"": 200}"
1e-10,160,4,primary,paired_mean,0.5,0,0.901,0.0330820351758794,"{""15"": 199, ""30"": 200, ""5"": 200}",,"{""15"": 1, ""30"": 0, ""5"": 0}",,"{""15"": 1, ""30"": 0, ""5"": 0}",0.09900000000000002,"{""15"": 200, ""30"": 200, ""5"": 200}"
1e-10,160,4,primary,mom_w1,0.0,0,0.0,0.4034243299832496,"{""15"": 199, ""30"": 200, ""5"": 200}",,"{""15"": 1, ""30"": 0, ""5"": 0}",,"{""15"": 1, ""30"": 0, ""5"": 0}",1.0,"{""15"": 200, ""30"": 200, ""5"": 200}"
1e-10,160,4,primary,mom_w1,0.2,0,0.6755416666666667,0.11754803182579565,"{""15"": 199, ""30"": 200, ""5"": 200}",,"{""15"": 1, ""30"": 0, ""5"": 0}",,"{""15"": 1, ""30"": 0, ""5"": 0}",0.32445833333333335,"{""15"": 200, ""30"": 200, ""5"": 200}"
1e-10,160,4,primary,mom_w1,0.3333333333333333,0,0.8132,0.06448974036850923,"{""15"": 199, ""30"": 200, ""5"": 200}",,"{""15"": 1, ""30"": 0, ""5"": 0}",,"{""15"": 1, ""30"": 0, ""5"": 0}",0.1868,"{""15"": 200, ""30"": 200, ""5"": 200}"
1e-10,160,4,primary,mom_w1,0.5,0,0.901,0.0330820351758794,"{""15"": 199, ""30"": 200, ""5"": 200}",,"{""15"": 1, ""30"": 0, ""5"": 0}",,"{""15"": 1, ""30"": 0, ""5"": 0}",0.09900000000000002,"{""15"": 200, ""30"": 200, ""5"": 200}"
1e-10,160,4,primary,mom_w2,0.0,0,0.0,0.4034243299832496,"{""15"": 199, ""30"": 200, ""5"": 200}",,"{""15"": 1, ""30"": 0, ""5"": 0}",,"{""15"": 1, ""30"": 0, ""5"": 0}",1.0,"{""15"": 200, ""30"": 200, ""5"": 200}"
1e-10,160,4,primary,mom_w2,0.2,0,0.6755416666666667,0.11754803182579565,"{""15"": 199, ""30"": 200, ""5"": 200}",,"{""15"": 1, ""30"": 0, ""5"": 0}",,"{""15"": 1, ""30"": 0, ""5"": 0}",0.32445833333333335,"{""15"": 200, ""30"": 200, ""5"": 200}"
1e-10,160,4,primary,mom_w2,0.3333333333333333,0,0.8132,0.06448974036850923,"{""15"": 199, ""30"": 200, ""5"": 200}",,"{""15"": 1, ""30"": 0, ""5"": 0}",,"{""15"": 1, ""30"": 0, ""5"": 0}",0.1868,"{""15"": 200, ""30"": 200, ""5"": 200}"
1e-10,160,4,primary,mom_w2,0.5,0,0.901,0.0330820351758794,"{""15"": 199, ""30"": 200, ""5"": 200}",,"{""15"": 1, ""30"": 0, ""5"": 0}",,"{""15"": 1, ""30"": 0, ""5"": 0}",0.09900000000000002,"{""15"": 200, ""30"": 200, ""5"": 200}"
1e-10,160,4,right,sample_variance,0.0,0,0.0,0.392975,"{""15"": 200, ""30"": 200, ""5"": 200}",,"{""15"": 0, ""30"": 0, ""5"": 0}",,"{""15"": 0, ""30"": 0, ""5"": 0}",1.0,"{""15"": 200, ""30"": 200, ""5"": 200}"
1e-10,160,4,right,sample_variance,0.2,0,0.778975,0.06589166666666668,"{""15"": 200, ""30"": 200, ""5"": 200}",,"{""15"": 0, ""30"": 0, ""5"": 0}",,"{""15"": 0, ""30"": 0, ""5"": 0}",0.221025,"{""15"": 200, ""30"": 200, ""5"": 200}"
1e-10,160,4,right,sample_variance,0.3333333333333333,0,0.894875,0.027816666666666674,"{""15"": 200, ""30"": 200, ""5"": 200}",,"{""15"": 0, ""30"": 0, ""5"": 0}",,"{""15"": 0, ""30"": 0, ""5"": 0}",0.10512500000000001,"{""15"": 200, ""30"": 200, ""5"": 200}"
1e-10,160,4,right,sample_variance,0.5,0,0.955575,0.010550000000000002,"{""15"": 200, ""30"": 200, ""5"": 200}",,"{""15"": 0, ""30"": 0, ""5"": 0}",,"{""15"": 0, ""30"": 0, ""5"": 0}",0.044425,"{""15"": 200, ""30"": 200, ""5"": 200}"
1e-10,160,4,right,paired_mean,0.0,0,0.0,0.40421666666666667,"{""15"": 200, ""30"": 200, ""5"": 200}",,"{""15"": 0, ""30"": 0, ""5"": 0}",,"{""15"": 0, ""30"": 0, ""5"": 0}",1.0,"{""15"": 200, ""30"": 200, ""5"": 200}"
1e-10,160,4,right,paired_mean,0.2,0,0.6907,0.11378333333333333,"{""15"": 200, ""30"": 200, ""5"": 200}",,"{""15"": 0, ""30"": 0, ""5"": 0}",,"{""15"": 0, ""30"": 0, ""5"": 0}",0.30929999999999996,"{""15"": 200, ""30"": 200, ""5"": 200}"
1e-10,160,4,right,paired_mean,0.3333333333333333,0,0.8250083333333333,0.06310833333333334,"{""15"": 200, ""30"": 200, ""5"": 200}",,"{""15"": 0, ""30"": 0, ""5"": 0}",,"{""15"": 0, ""30"": 0, ""5"": 0}",0.17499166666666666,"{""15"": 200, ""30"": 200, ""5"": 200}"
1e-10,160,4,right,paired_mean,0.5,0,0.9096916666666667,0.032175,"{""15"": 200, ""30"": 200, ""5"": 200}",,"{""15"": 0, ""30"": 0, ""5"": 0}",,"{""15"": 0, ""30"": 0, ""5"": 0}",0.09030833333333332,"{""15"": 200, ""30"": 200, ""5"": 200}"
1e-10,160,4,right,mom_w1,0.0,0,0.0,0.40421666666666667,"{""15"": 200, ""30"": 200, ""5"": 200}",,"{""15"": 0, ""30"": 0, ""5"": 0}",,"{""15"": 0, ""30"": 0, ""5"": 0}",1.0,"{""15"": 200, ""30"": 200, ""5"": 200}"
1e-10,160,4,right,mom_w1,0.2,0,0.6907,0.11378333333333333,"{""15"": 200, ""30"": 200, ""5"": 200}",,"{""15"": 0, ""30"": 0, ""5"": 0}",,"{""15"": 0, ""30"": 0, ""5"": 0}",0.30929999999999996,"{""15"": 200, ""30"": 200, ""5"": 200}"
1e-10,160,4,right,mom_w1,0.3333333333333333,0,0.8250083333333333,0.06310833333333334,"{""15"": 200, ""30"": 200, ""5"": 200}",,"{""15"": 0, ""30"": 0, ""5"": 0}",,"{""15"": 0, ""30"": 0, ""5"": 0}",0.17499166666666666,"{""15"": 200, ""30"": 200, ""5"": 200}"
1e-10,160,4,right,mom_w1,0.5,0,0.9096916666666667,0.032175,"{""15"": 200, ""30"": 200, ""5"": 200}",,"{""15"": 0, ""30"": 0, ""5"": 0}",,"{""15"": 0, ""30"": 0, ""5"": 0}",0.09030833333333332,"{""15"": 200, ""30"": 200, ""5"": 200}"
1e-10,160,4,right,mom_w2,0.0,0,0.0,0.40421666666666667,"{""15"": 200, ""30"": 200, ""5"": 200}",,"{""15"": 0, ""30"": 0, ""5"": 0}",,"{""15"": 0, ""30"": 0, ""5"": 0}",1.0,"{""15"": 200, ""30"": 200, ""5"": 200}"
1e-10,160,4,right,mom_w2,0.2,0,0.6907,0.11378333333333333,"{""15"": 200, ""30"": 200, ""5"": 200}",,"{""15"": 0, ""30"": 0, ""5"": 0}",,"{""15"": 0, ""30"": 0, ""5"": 0}",0.30929999999999996,"{""15"": 200, ""30"": 200, ""5"": 200}"
1e-10,160,4,right,mom_w2,0.3333333333333333,0,0.8250083333333333,0.06310833333333334,"{""15"": 200, ""30"": 200, ""5"": 200}",,"{""15"": 0, ""30"": 0, ""5"": 0}",,"{""15"": 0, ""30"": 0, ""5"": 0}",0.17499166666666666,"{""15"": 200, ""30"": 200, ""5"": 200}"
1e-10,160,4,right,mom_w2,0.5,0,0.9096916666666667,0.032175,"{""15"": 200, ""30"": 200, ""5"": 200}",,"{""15"": 0, ""30"": 0, ""5"": 0}",,"{""15"": 0, ""30"": 0, ""5"": 0}",0.09030833333333332,"{""15"": 200, ""30"": 200, ""5"": 200}"
1e-10,240,4,left,sample_variance,0.0,0,0.0,0.0,"{""15"": 200, ""30"": 200, ""5"": 200}",,"{""15"": 0, ""30"": 0, ""5"": 0}",,"{""15"": 0, ""30"": 0, ""5"": 0}",1.0,"{""15"": 200, ""30"": 200, ""5"": 200}"
1e-10,240,4,left,sample_variance,0.2,0,0.0,0.0,"{""15"": 200, ""30"": 200, ""5"": 200}",,"{""15"": 0, ""30"": 0, ""5"": 0}",,"{""15"": 0, ""30"": 0, ""5"": 0}",1.0,"{""15"": 200, ""30"": 200, ""5"": 200}"
1e-10,240,4,left,sample_variance,0.3333333333333333,0,0.0,0.0,"{""15"": 200, ""30"": 200, ""5"": 200}",,"{""15"": 0, ""30"": 0, ""5"": 0}",,"{""15"": 0, ""30"": 0, ""5"": 0}",1.0,"{""15"": 200, ""30"": 200, ""5"": 200}"
1e-10,240,4,left,sample_variance,0.5,0,0.0,0.0,"{""15"": 200, ""30"": 200, ""5"": 200}",,"{""15"": 0, ""30"": 0, ""5"": 0}",,"{""15"": 0, ""30"": 0, ""5"": 0}",1.0,"{""15"": 200, ""30"": 200, ""5"": 200}"
1e-10,240,4,left,paired_mean,0.0,0,0.0,0.0,"{""15"": 200, ""30"": 200, ""5"": 200}",,"{""15"": 0, ""30"": 0, ""5"": 0}",,"{""15"": 0, ""30"": 0, ""5"": 0}",1.0,"{""15"": 200, ""30"": 200, ""5"": 200}"
1e-10,240,4,left,paired_mean,0.2,0,0.0,0.0,"{""15"": 200, ""30"": 200, ""5"": 200}",,"{""15"": 0, ""30"": 0, ""5"": 0}",,"{""15"": 0, ""30"": 0, ""5"": 0}",1.0,"{""15"": 200, ""30"": 200, ""5"": 200}"
1e-10,240,4,left,paired_mean,0.3333333333333333,0,0.0,0.0,"{""15"": 200, ""30"": 200, ""5"": 200}",,"{""15"": 0, ""30"": 0, ""5"": 0}",,"{""15"": 0, ""30"": 0, ""5"": 0}",1.0,"{""15"": 200, ""30"": 200, ""5"": 200}"
1e-10,240,4,left,paired_mean,0.5,0,0.0,0.0,"{""15"": 200, ""30"": 200, ""5"": 200}",,"{""15"": 0, ""30"": 0, ""5"": 0}",,"{""15"": 0, ""30"": 0, ""5"": 0}",1.0,"{""15"": 200, ""30"": 200, ""5"": 200}"
1e-10,240,4,left,mom_w1,0.0,0,0.0,0.0,"{""15"": 200, ""30"": 200, ""5"": 200}",,"{""15"": 0, ""30"": 0, ""5"": 0}",,"{""15"": 0, ""30"": 0, ""5"": 0}",1.0,"{""15"": 200, ""30"": 200, ""5"": 200}"
1e-10,240,4,left,mom_w1,0.2,0,0.0,0.0,"{""15"": 200, ""30"": 200, ""5"": 200}",,"{""15"": 0, ""30"": 0, ""5"": 0}",,"{""15"": 0, ""30"": 0, ""5"": 0}",1.0,"{""15"": 200, ""30"": 200, ""5"": 200}"
1e-10,240,4,left,mom_w1,0.3333333333333333,0,0.0,0.0,"{""15"": 200, ""30"": 200, ""5"": 200}",,"{""15"": 0, ""30"": 0, ""5"": 0}",,"{""15"": 0, ""30"": 0, ""5"": 0}",1.0,"{""15"": 200, ""30"": 200, ""5"": 200}"
1e-10,240,4,left,mom_w1,0.5,0,0.0,0.0,"{""15"": 200, ""30"": 200, ""5"": 200}",,"{""15"": 0, ""30"": 0, ""5"": 0}",,"{""15"": 0, ""30"": 0, ""5"": 0}",1.0,"{""15"": 200, ""30"": 200, ""5"": 200}"
1e-10,240,4,left,mom_w2,0.0,0,0.0,0.0,"{""15"": 200, ""30"": 200, ""5"": 200}",,"{""15"": 0, ""30"": 0, ""5"": 0}",,"{""15"": 0, ""30"": 0, ""5"": 0}",1.0,"{""15"": 200, ""30"": 200, ""5"": 200}"
1e-10,240,4,left,mom_w2,0.2,0,0.0,0.0,"{""15"": 200, ""30"": 200, ""5"": 200}",,"{""15"": 0, ""30"": 0, ""5"": 0}",,"{""15"": 0, ""30"": 0, ""5"": 0}",1.0,"{""15"": 200, ""30"": 200, ""5"": 200}"
1e-10,240,4,left,mom_w2,0.3333333333333333,0,0.0,0.0,"{""15"": 200, ""30"": 200, ""5"": 200}",,"{""15"": 0, ""30"": 0, ""5"": 0}",,"{""15"": 0, ""30"": 0, ""5"": 0}",1.0,"{""15"": 200, ""30"": 200, ""5"": 200}"
1e-10,240,4,left,mom_w2,0.5,0,0.0,0.0,"{""15"": 200, ""30"": 200, ""5"": 200}",,"{""15"": 0, ""30"": 0, ""5"": 0}",,"{""15"": 0, ""30"": 0, ""5"": 0}",1.0,"{""15"": 200, ""30"": 200, ""5"": 200}"
1e-10,240,4,primary,sample_variance,0.0,0,0.0,0.41081792294807373,"{""15"": 199, ""30"": 200, ""5"": 200}",,"{""15"": 1, ""30"": 0, ""5"": 0}",,"{""15"": 1, ""30"": 0, ""5"": 0}",1.0,"{""15"": 200, ""30"": 200, ""5"": 200}"
1e-10,240,4,primary,sample_variance,0.2,0,0.766275,0.0687534338358459,"{""15"": 199, ""30"": 200, ""5"": 200}",,"{""15"": 1, ""30"": 0, ""5"": 0}",,"{""15"": 1, ""30"": 0, ""5"": 0}",0.23372499999999996,"{""15"": 200, ""30"": 200, ""5"": 200}"
1e-10,240,4,primary,sample_variance,0.3333333333333333,0,0.88525,0.02868668341708543,"{""15"": 199, ""30"": 200, ""5"": 200}",,"{""15"": 1, ""30"": 0, ""5"": 0}",,"{""15"": 1, ""30"": 0, ""5"": 0}",0.11475,"{""15"": 200, ""30"": 200, ""5"": 200}"
1e-10,240,4,primary,sample_variance,0.5,0,0.94895,0.01104179229480737,"{""15"": 199, ""30"": 200, ""5"": 200}",,"{""15"": 1, ""30"": 0, ""5"": 0}",,"{""15"": 1, ""30"": 0, ""5"": 0}",0.051050000000000005,"{""15"": 200, ""30"": 200, ""5"": 200}"
1e-10,240,4,primary,paired_mean,0.0,0,0.0,0.4163667922948074,"{""15"": 199, ""30"": 200, ""5"": 200}",,"{""15"": 1, ""30"": 0, ""5"": 0}",,"{""15"": 1, ""30"": 0, ""5"": 0}",1.0,"{""15"": 200, ""30"": 200, ""5"": 200}"
1e-10,240,4,primary,paired_mean,0.2,0,0.6760666666666667,0.1194674623115578,"{""15"": 199, ""30"": 200, ""5"": 200}",,"{""15"": 1, ""30"": 0, ""5"": 0}",,"{""15"": 1, ""30"": 0, ""5"": 0}",0.32393333333333335,"{""15"": 200, ""30"": 200, ""5"": 200}"
1e-10,240,4,primary,paired_mean,0.3333333333333333,0,0.8136666666666666,0.06528291457286432,"{""15"": 199, ""30"": 200, ""5"": 200}",,"{""15"": 1, ""30"": 0, ""5"": 0}",,"{""15"": 1, ""30"": 0, ""5"": 0}",0.18633333333333335,"{""15"": 200, ""30"": 200, ""5"": 200}"
1e-10,240,4,primary,paired_mean,0.5,0,0.9013083333333334,0.033340703517587944,"{""15"": 199, ""30"": 200, ""5"": 200}",,"{""15"": 1, ""30"": 0, ""5"": 0}",,"{""15"": 1, ""30"": 0, ""5"": 0}",0.09869166666666669,"{""15"": 200, ""30"": 200, ""5"": 200}"
1e-10,240,4,primary,mom_w1,0.0,0,0.0,0.4163667922948074,"{""15"": 199, ""30"": 200, ""5"": 200}",,"{""15"": 1, ""30"": 0, ""5"": 0}",,"{""15"": 1, ""30"": 0, ""5"": 0}",1.0,"{""15"": 200, ""30"": 200, ""5"": 200}"
1e-10,240,4,primary,mom_w1,0.2,0,0.6760666666666667,0.1194674623115578,"{""15"": 199, ""30"": 200, ""5"": 200}",,"{""15"": 1, ""30"": 0, ""5"": 0}",,"{""15"": 1, ""30"": 0, ""5"": 0}",0.32393333333333335,"{""15"": 200, ""30"": 200, ""5"": 200}"
1e-10,240,4,primary,mom_w1,0.3333333333333333,0,0.8136666666666666,0.06528291457286432,"{""15"": 199, ""30"": 200, ""5"": 200}",,"{""15"": 1, ""30"": 0, ""5"": 0}",,"{""15"": 1, ""30"": 0, ""5"": 0}",0.18633333333333335,"{""15"": 200, ""30"": 200, ""5"": 200}"
1e-10,240,4,primary,mom_w1,0.5,0,0.9013083333333334,0.033340703517587944,"{""15"": 199, ""30"": 200, ""5"": 200}",,"{""15"": 1, ""30"": 0, ""5"": 0}",,"{""15"": 1, ""30"": 0, ""5"": 0}",0.09869166666666669,"{""15"": 200, ""30"": 200, ""5"": 200}"
1e-10,240,4,primary,mom_w2,0.0,0,0.0,0.4163667922948074,"{""15"": 199, ""30"": 200, ""5"": 200}",,"{""15"": 1, ""30"": 0, ""5"": 0}",,"{""15"": 1, ""30"": 0, ""5"": 0}",1.0,"{""15"": 200, ""30"": 200, ""5"": 200}"
1e-10,240,4,primary,mom_w2,0.2,0,0.6760666666666667,0.1194674623115578,"{""15"": 199, ""30"": 200, ""5"": 200}",,"{""15"": 1, ""30"": 0, ""5"": 0}",,"{""15"": 1, ""30"": 0, ""5"": 0}",0.32393333333333335,"{""15"": 200, ""30"": 200, ""5"": 200}"
1e-10,240,4,primary,mom_w2,0.3333333333333333,0,0.8136666666666666,0.06528291457286432,"{""15"": 199, ""30"": 200, ""5"": 200}",,"{""15"": 1, ""30"": 0, ""5"": 0}",,"{""15"": 1, ""30"": 0, ""5"": 0}",0.18633333333333335,"{""15"": 200, ""30"": 200, ""5"": 200}"
1e-10,240,4,primary,mom_w2,0.5,0,0.9013083333333334,0.033340703517587944,"{""15"": 199, ""30"": 200, ""5"": 200}",,"{""15"": 1, ""30"": 0, ""5"": 0}",,"{""15"": 1, ""30"": 0, ""5"": 0}",0.09869166666666669,"{""15"": 200, ""30"": 200, ""5"": 200}"
1e-10,240,4,right,sample_variance,0.0,0,0.0,0.41045,"{""15"": 200, ""30"": 200, ""5"": 200}",,"{""15"": 0, ""30"": 0, ""5"": 0}",,"{""15"": 0, ""30"": 0, ""5"": 0}",1.0,"{""15"": 200, ""30"": 200, ""5"": 200}"
1e-10,240,4,right,sample_variance,0.2,0,0.78035,0.06714166666666667,"{""15"": 200, ""30"": 200, ""5"": 200}",,"{""15"": 0, ""30"": 0, ""5"": 0}",,"{""15"": 0, ""30"": 0, ""5"": 0}",0.21964999999999998,"{""15"": 200, ""30"": 200, ""5"": 200}"
1e-10,240,4,right,sample_variance,0.3333333333333333,0,0.8954,0.028358333333333336,"{""15"": 200, ""30"": 200, ""5"": 200}",,"{""15"": 0, ""30"": 0, ""5"": 0}",,"{""15"": 0, ""30"": 0, ""5"": 0}",0.10459999999999998,"{""15"": 200, ""30"": 200, ""5"": 200}"
1e-10,240,4,right,sample_variance,0.5,0,0.9557583333333334,0.010691666666666669,"{""15"": 200, ""30"": 200, ""5"": 200}",,"{""15"": 0, ""30"": 0, ""5"": 0}",,"{""15"": 0, ""30"": 0, ""5"": 0}",0.04424166666666666,"{""15"": 200, ""30"": 200, ""5"": 200}"
1e-10,240,4,right,paired_mean,0.0,0,0.0,0.4175666666666667,"{""15"": 200, ""30"": 200, ""5"": 200}",,"{""15"": 0, ""30"": 0, ""5"": 0}",,"{""15"": 0, ""30"": 0, ""5"": 0}",1.0,"{""15"": 200, ""30"": 200, ""5"": 200}"
1e-10,240,4,right,paired_mean,0.2,0,0.6917,0.11553333333333334,"{""15"": 200, ""30"": 200, ""5"": 200}",,"{""15"": 0, ""30"": 0, ""5"": 0}",,"{""15"": 0, ""30"": 0, ""5"": 0}",0.3083,"{""15"": 200, ""30"": 200, ""5"": 200}"
1e-10,240,4,right,paired_mean,0.3333333333333333,0,0.8256916666666667,0.06390833333333333,"{""15"": 200, ""30"": 200, ""5"": 200}",,"{""15"": 0, ""30"": 0, ""5"": 0}",,"{""15"": 0, ""30"": 0, ""5"": 0}",0.17430833333333332,"{""15"": 200, ""30"": 200, ""5"": 200}"
1e-10,240,4,right,paired_mean,0.5,0,0.9098833333333334,0.032475,"{""15"": 200, ""30"": 200, ""5"": 200}",,"{""15"": 0, ""30"": 0, ""5"": 0}",,"{""15"": 0, ""30"": 0, ""5"": 0}",0.09011666666666666,"{""15"": 200, ""30"": 200, ""5"": 200}"
1e-10,240,4,right,mom_w1,0.0,0,0.0,0.4175666666666667,"{""15"": 200, ""30"": 200, ""5"": 200}",,"{""15"": 0, ""30"": 0, ""5"": 0}",,"{""15"": 0, ""30"": 0, ""5"": 0}",1.0,"{""15"": 200, ""30"": 200, ""5"": 200}"
1e-10,240,4,right,mom_w1,0.2,0,0.6917,0.11553333333333334,"{""15"": 200, ""30"": 200, ""5"": 200}",,"{""15"": 0, ""30"": 0, ""5"": 0}",,"{""15"": 0, ""30"": 0, ""5"": 0}",0.3083,"{""15"": 200, ""30"": 200, ""5"": 200}"
1e-10,240,4,right,mom_w1,0.3333333333333333,0,0.8256916666666667,0.06390833333333333,"{""15"": 200, ""30"": 200, ""5"": 200}",,"{""15"": 0, ""30"": 0, ""5"": 0}",,"{""15"": 0, ""30"": 0, ""5"": 0}",0.17430833333333332,"{""15"": 200, ""30"": 200, ""5"": 200}"
1e-10,240,4,right,mom_w1,0.5,0,0.9098833333333334,0.032475,"{""15"": 200, ""30"": 200, ""5"": 200}",,"{""15"": 0, ""30"": 0, ""5"": 0}",,"{""15"": 0, ""30"": 0, ""5"": 0}",0.09011666666666666,"{""15"": 200, ""30"": 200, ""5"": 200}"
1e-10,240,4,right,mom_w2,0.0,0,0.0,0.4175666666666667,"{""15"": 200, ""30"": 200, ""5"": 200}",,"{""15"": 0, ""30"": 0, ""5"": 0}",,"{""15"": 0, ""30"": 0, ""5"": 0}",1.0,"{""15"": 200, ""30"": 200, ""5"": 200}"
1e-10,240,4,right,mom_w2,0.2,0,0.6917,0.11553333333333334,"{""15"": 200, ""30"": 200, ""5"": 200}",,"{""15"": 0, ""30"": 0, ""5"": 0}",,"{""15"": 0, ""30"": 0, ""5"": 0}",0.3083,"{""15"": 200, ""30"": 200, ""5"": 200}"
1e-10,240,4,right,mom_w2,0.3333333333333333,0,0.8256916666666667,0.06390833333333333,"{""15"": 200, ""30"": 200, ""5"": 200}",,"{""15"": 0, ""30"": 0, ""5"": 0}",,"{""15"": 0, ""30"": 0, ""5"": 0}",0.17430833333333332,"{""15"": 200, ""30"": 200, ""5"": 200}"
1e-10,240,4,right,mom_w2,0.5,0,0.9098833333333334,0.032475,"{""15"": 200, ""30"": 200, ""5"": 200}",,"{""15"": 0, ""30"": 0, ""5"": 0}",,"{""15"": 0, ""30"": 0, ""5"": 0}",0.09011666666666666,"{""15"": 200, ""30"": 200, ""5"": 200}"
1e-10,80,8,left,sample_variance,0.0,0,0.0,0.0,"{""15"": 200, ""30"": 200, ""5"": 200}",,"{""15"": 0, ""30"": 0, ""5"": 0}",,"{""15"": 0, ""30"": 0, ""5"": 0}",1.0,"{""15"": 200, ""30"": 200, ""5"": 200}"
1e-10,80,8,left,sample_variance,0.2,0,0.0,0.0,"{""15"": 200, ""30"": 200, ""5"": 200}",,"{""15"": 0, ""30"": 0, ""5"": 0}",,"{""15"": 0, ""30"": 0, ""5"": 0}",1.0,"{""15"": 200, ""30"": 200, ""5"": 200}"
1e-10,80,8,left,sample_variance,0.3333333333333333,0,0.0,0.0,"{""15"": 200, ""30"": 200, ""5"": 200}",,"{""15"": 0, ""30"": 0, ""5"": 0}",,"{""15"": 0, ""30"": 0, ""5"": 0}",1.0,"{""15"": 200, ""30"": 200, ""5"": 200}"
1e-10,80,8,left,sample_variance,0.5,0,0.0,0.0,"{""15"": 200, ""30"": 200, ""5"": 200}",,"{""15"": 0, ""30"": 0, ""5"": 0}",,"{""15"": 0, ""30"": 0, ""5"": 0}",1.0,"{""15"": 200, ""30"": 200, ""5"": 200}"
1e-10,80,8,left,paired_mean,0.0,0,0.0,0.0,"{""15"": 200, ""30"": 200, ""5"": 200}",,"{""15"": 0, ""30"": 0, ""5"": 0}",,"{""15"": 0, ""30"": 0, ""5"": 0}",1.0,"{""15"": 200, ""30"": 200, ""5"": 200}"
1e-10,80,8,left,paired_mean,0.2,0,0.0,0.0,"{""15"": 200, ""30"": 200, ""5"": 200}",,"{""15"": 0, ""30"": 0, ""5"": 0}",,"{""15"": 0, ""30"": 0, ""5"": 0}",1.0,"{""15"": 200, ""30"": 200, ""5"": 200}"
1e-10,80,8,left,paired_mean,0.3333333333333333,0,0.0,0.0,"{""15"": 200, ""30"": 200, ""5"": 200}",,"{""15"": 0, ""30"": 0, ""5"": 0}",,"{""15"": 0, ""30"": 0, ""5"": 0}",1.0,"{""15"": 200, ""30"": 200, ""5"": 200}"
1e-10,80,8,left,paired_mean,0.5,0,0.0,0.0,"{""15"": 200, ""30"": 200, ""5"": 200}",,"{""15"": 0, ""30"": 0, ""5"": 0}",,"{""15"": 0, ""30"": 0, ""5"": 0}",1.0,"{""15"": 200, ""30"": 200, ""5"": 200}"
1e-10,80,8,left,mom_w1,0.0,0,0.0,0.0,"{""15"": 200, ""30"": 200, ""5"": 200}",,"{""15"": 0, ""30"": 0, ""5"": 0}",,"{""15"": 0, ""30"": 0, ""5"": 0}",1.0,"{""15"": 200, ""30"": 200, ""5"": 200}"
1e-10,80,8,left,mom_w1,0.2,0,0.0,0.0,"{""15"": 200, ""30"": 200, ""5"": 200}",,"{""15"": 0, ""30"": 0, ""5"": 0}",,"{""15"": 0, ""30"": 0, ""5"": 0}",1.0,"{""15"": 200, ""30"": 200, ""5"": 200}"
1e-10,80,8,left,mom_w1,0.3333333333333333,0,0.0,0.0,"{""15"": 200, ""30"": 200, ""5"": 200}",,"{""15"": 0, ""30"": 0, ""5"": 0}",,"{""15"": 0, ""30"": 0, ""5"": 0}",1.0,"{""15"": 200, ""30"": 200, ""5"": 200}"
1e-10,80,8,left,mom_w1,0.5,0,0.0,0.0,"{""15"": 200, ""30"": 200, ""5"": 200}",,"{""15"": 0, ""30"": 0, ""5"": 0}",,"{""15"": 0, ""30"": 0, ""5"": 0}",1.0,"{""15"": 200, ""30"": 200, ""5"": 200}"
1e-10,80,8,left,mom_w2,0.0,0,0.0,0.0,"{""15"": 200, ""30"": 200, ""5"": 200}",,"{""15"": 0, ""30"": 0, ""5"": 0}",,"{""15"": 0, ""30"": 0, ""5"": 0}",1.0,"{""15"": 200, ""30"": 200, ""5"": 200}"
1e-10,80,8,left,mom_w2,0.2,0,0.0,0.0,"{""15"": 200, ""30"": 200, ""5"": 200}",,"{""15"": 0, ""30"": 0, ""5"": 0}",,"{""15"": 0, ""30"": 0, ""5"": 0}",1.0,"{""15"": 200, ""30"": 200, ""5"": 200}"
1e-10,80,8,left,mom_w2,0.3333333333333333,0,0.0,0.0,"{""15"": 200, ""30"": 200, ""5"": 200}",,"{""15"": 0, ""30"": 0, ""5"": 0}",,"{""15"": 0, ""30"": 0, ""5"": 0}",1.0,"{""15"": 200, ""30"": 200, ""5"": 200}"
1e-10,80,8,left,mom_w2,0.5,0,0.0,0.0,"{""15"": 200, ""30"": 200, ""5"": 200}",,"{""15"": 0, ""30"": 0, ""5"": 0}",,"{""15"": 0, ""30"": 0, ""5"": 0}",1.0,"{""15"": 200, ""30"": 200, ""5"": 200}"
1e-10,80,8,primary,sample_variance,0.0,0,0.0,0.23281306532663318,"{""15"": 199, ""30"": 200, ""5"": 200}",,"{""15"": 1, ""30"": 0, ""5"": 0}",,"{""15"": 1, ""30"": 0, ""5"": 0}",1.0,"{""15"": 200, ""30"": 200, ""5"": 200}"
1e-10,80,8,primary,sample_variance,0.2,0,0.86225,0.010100041876046902,"{""15"": 199, ""30"": 200, ""5"": 200}",,"{""15"": 1, ""30"": 0, ""5"": 0}",,"{""15"": 1, ""30"": 0, ""5"": 0}",0.13774999999999998,"{""15"": 200, ""30"": 200, ""5"": 200}"
1e-10,80,8,primary,sample_variance,0.3333333333333333,0,0.9531833333333334,0.0017109715242881074,"{""15"": 199, ""30"": 200, ""5"": 200}",,"{""15"": 1, ""30"": 0, ""5"": 0}",,"{""15"": 1, ""30"": 0, ""5"": 0}",0.04681666666666667,"{""15"": 200, ""30"": 200, ""5"": 200}"
1e-10,80,8,primary,sample_variance,0.5,0,0.9871166666666666,0.000225251256281407,"{""15"": 199, ""30"": 200, ""5"": 200}",,"{""15"": 1, ""30"": 0, ""5"": 0}",,"{""15"": 1, ""30"": 0, ""5"": 0}",0.012883333333333332,"{""15"": 200, ""30"": 200, ""5"": 200}"
1e-10,80,8,primary,paired_mean,0.0,0,0.0,0.28338412897822446,"{""15"": 199, ""30"": 200, ""5"": 200}",,"{""15"": 1, ""30"": 0, ""5"": 0}",,"{""15"": 1, ""30"": 0, ""5"": 0}",1.0,"{""15"": 200, ""30"": 200, ""5"": 200}"
1e-10,80,8,primary,paired_mean,0.2,0,0.7797583333333333,0.046056993299832504,"{""15"": 199, ""30"": 200, ""5"": 200}",,"{""15"": 1, ""30"": 0, ""5"": 0}",,"{""15"": 1, ""30"": 0, ""5"": 0}",0.22024166666666667,"{""15"": 200, ""30"": 200, ""5"": 200}"
1e-10,80,8,primary,paired_mean,0.3333333333333333,0,0.9084333333333333,0.01713953098827471,"{""15"": 199, ""30"": 200, ""5"": 200}",,"{""15"": 1, ""30"": 0, ""5"": 0}",,"{""15"": 1, ""30"": 0, ""5"": 0}",0.09156666666666667,"{""15"": 200, ""30"": 200, ""5"": 200}"
1e-10,80,8,primary,paired_mean,0.5,0,0.9684416666666666,0.005180862646566164,"{""15"": 199, ""30"": 200, ""5"": 200}",,"{""15"": 1, ""30"": 0, ""5"": 0}",,"{""15"": 1, ""30"": 0, ""5"": 0}",0.031558333333333334,"{""15"": 200, ""30"": 200, ""5"": 200}"
1e-10,80,8,primary,mom_w1,0.0,0,0.0,0.34282889447236187,"{""15"": 199, ""30"": 200, ""5"": 200}",,"{""15"": 1, ""30"": 0, ""5"": 0}",,"{""15"": 1, ""30"": 0, ""5"": 0}",1.0,"{""15"": 200, ""30"": 200, ""5"": 200}"
1e-10,80,8,primary,mom_w1,0.2,0,0.6423083333333334,0.11058781407035177,"{""15"": 199, ""30"": 200, ""5"": 200}",,"{""15"": 1, ""30"": 0, ""5"": 0}",,"{""15"": 1, ""30"": 0, ""5"": 0}",0.3576916666666666,"{""15"": 200, ""30"": 200, ""5"": 200}"
1e-10,80,8,primary,mom_w1,0.3333333333333333,0,0.8099916666666667,0.05650850083752094,"{""15"": 199, ""30"": 200, ""5"": 200}",,"{""15"": 1, ""30"": 0, ""5"": 0}",,"{""15"": 1, ""30"": 0, ""5"": 0}",0.1900083333333333,"{""15"": 200, ""30"": 200, ""5"": 200}"
1e-10,80,8,primary,mom_w1,0.5,0,0.913675,0.024212018425460637,"{""15"": 199, ""30"": 200, ""5"": 200}",,"{""15"": 1, ""30"": 0, ""5"": 0}",,"{""15"": 1, ""30"": 0, ""5"": 0}",0.086325,"{""15"": 200, ""30"": 200, ""5"": 200}"
1e-10,80,8,primary,mom_w2,0.0,0,0.0,0.28338412897822446,"{""15"": 199, ""30"": 200, ""5"": 200}",,"{""15"": 1, ""30"": 0, ""5"": 0}",,"{""15"": 1, ""30"": 0, ""5"": 0}",1.0,"{""15"": 200, ""30"": 200, ""5"": 200}"
1e-10,80,8,primary,mom_w2,0.2,0,0.7797583333333333,0.046056993299832504,"{""15"": 199, ""30"": 200, ""5"": 200}",,"{""15"": 1, ""30"": 0, ""5"": 0}",,"{""15"": 1, ""30"": 0, ""5"": 0}",0.22024166666666667,"{""15"": 200, ""30"": 200, ""5"": 200}"
1e-10,80,8,primary,mom_w2,0.3333333333333333,0,0.9084333333333333,0.01713953098827471,"{""15"": 199, ""30"": 200, ""5"": 200}",,"{""15"": 1, ""30"": 0, ""5"": 0}",,"{""15"": 1, ""30"": 0, ""5"": 0}",0.09156666666666667,"{""15"": 200, ""30"": 200, ""5"": 200}"
1e-10,80,8,primary,mom_w2,0.5,0,0.9684416666666666,0.005180862646566164,"{""15"": 199, ""30"": 200, ""5"": 200}",,"{""15"": 1, ""30"": 0, ""5"": 0}",,"{""15"": 1, ""30"": 0, ""5"": 0}",0.031558333333333334,"{""15"": 200, ""30"": 200, ""5"": 200}"
1e-10,80,8,right,sample_variance,0.0,0,0.0,0.2313333333333333,"{""15"": 200, ""30"": 200, ""5"": 200}",,"{""15"": 0, ""30"": 0, ""5"": 0}",,"{""15"": 0, ""30"": 0, ""5"": 0}",1.0,"{""15"": 200, ""30"": 200, ""5"": 200}"
1e-10,80,8,right,sample_variance,0.2,0,0.8747833333333334,0.010091666666666667,"{""15"": 200, ""30"": 200, ""5"": 200}",,"{""15"": 0, ""30"": 0, ""5"": 0}",,"{""15"": 0, ""30"": 0, ""5"": 0}",0.12521666666666667,"{""15"": 200, ""30"": 200, ""5"": 200}"
1e-10,80,8,right,sample_variance,0.3333333333333333,0,0.9612916666666667,0.001733333333333334,"{""15"": 200, ""30"": 200, ""5"": 200}",,"{""15"": 0, ""30"": 0, ""5"": 0}",,"{""15"": 0, ""30"": 0, ""5"": 0}",0.03870833333333334,"{""15"": 200, ""30"": 200, ""5"": 200}"
1e-10,80,8,right,sample_variance,0.5,0,0.990725,0.00023333333333333333,"{""15"": 200, ""30"": 200, ""5"": 200}",,"{""15"": 0, ""30"": 0, ""5"": 0}",,"{""15"": 0, ""30"": 0, ""5"": 0}",0.009275000000000002,"{""15"": 200, ""30"": 200, ""5"": 200}"
1e-10,80,8,right,paired_mean,0.0,0,0.0,0.2810416666666667,"{""15"": 200, ""30"": 200, ""5"": 200}",,"{""15"": 0, ""30"": 0, ""5"": 0}",,"{""15"": 0, ""30"": 0, ""5"": 0}",1.0,"{""15"": 200, ""30"": 200, ""5"": 200}"
1e-10,80,8,right,paired_mean,0.2,0,0.7940166666666667,0.04414166666666667,"{""15"": 200, ""30"": 200, ""5"": 200}",,"{""15"": 0, ""30"": 0, ""5"": 0}",,"{""15"": 0, ""30"": 0, ""5"": 0}",0.20598333333333332,"{""15"": 200, ""30"": 200, ""5"": 200}"
1e-10,80,8,right,paired_mean,0.3333333333333333,0,0.9203583333333333,0.015975,"{""15"": 200, ""30"": 200, ""5"": 200}",,"{""15"": 0, ""30"": 0, ""5"": 0}",,"{""15"": 0, ""30"": 0, ""5"": 0}",0.07964166666666667,"{""15"": 200, ""30"": 200, ""5"": 200}"
1e-10,80,8,right,paired_mean,0.5,0,0.973725,0.004849999999999999,"{""15"": 200, ""30"": 200, ""5"": 200}",,"{""15"": 0, ""30"": 0, ""5"": 0}",,"{""15"": 0, ""30"": 0, ""5"": 0}",0.026274999999999996,"{""15"": 200, ""30"": 200, ""5"": 200}"
1e-10,80,8,right,mom_w1,0.0,0,0.0,0.34121666666666667,"{""15"": 200, ""30"": 200, ""5"": 200}",,"{""15"": 0, ""30"": 0, ""5"": 0}",,"{""15"": 0, ""30"": 0, ""5"": 0}",1.0,"{""15"": 200, ""30"": 200, ""5"": 200}"
1e-10,80,8,right,mom_w1,0.2,0,0.6582666666666667,0.106775,"{""15"": 200, ""30"": 200, ""5"": 200}",,"{""15"": 0, ""30"": 0, ""5"": 0}",,"{""15"": 0, ""30"": 0, ""5"": 0}",0.3417333333333333,"{""15"": 200, ""30"": 200, ""5"": 200}"
1e-10,80,8,right,mom_w1,0.3333333333333333,0,0.8221833333333334,0.054683333333333334,"{""15"": 200, ""30"": 200, ""5"": 200}",,"{""15"": 0, ""30"": 0, ""5"": 0}",,"{""15"": 0, ""30"": 0, ""5"": 0}",0.17781666666666665,"{""15"": 200, ""30"": 200, ""5"": 200}"
1e-10,80,8,right,mom_w1,0.5,0,0.921425,0.02335,"{""15"": 200, ""30"": 200, ""5"": 200}",,"{""15"": 0, ""30"": 0, ""5"": 0}",,"{""15"": 0, ""30"": 0, ""5"": 0}",0.078575,"{""15"": 200, ""30"": 200, ""5"": 200}"
1e-10,80,8,right,mom_w2,0.0,0,0.0,0.2810416666666667,"{""15"": 200, ""30"": 200, ""5"": 200}",,"{""15"": 0, ""30"": 0, ""5"": 0}",,"{""15"": 0, ""30"": 0, ""5"": 0}",1.0,"{""15"": 200, ""30"": 200, ""5"": 200}"
1e-10,80,8,right,mom_w2,0.2,0,0.7940166666666667,0.04414166666666667,"{""15"": 200, ""30"": 200, ""5"": 200}",,"{""15"": 0, ""30"": 0, ""5"": 0}",,"{""15"": 0, ""30"": 0, ""5"": 0}",0.20598333333333332,"{""15"": 200, ""30"": 200, ""5"": 200}"
1e-10,80,8,right,mom_w2,0.3333333333333333,0,0.9203583333333333,0.015975,"{""15"": 200, ""30"": 200, ""5"": 200}",,"{""15"": 0, ""30"": 0, ""5"": 0}",,"{""15"": 0, ""30"": 0, ""5"": 0}",0.07964166666666667,"{""15"": 200, ""30"": 200, ""5"": 200}"
1e-10,80,8,right,mom_w2,0.5,0,0.973725,0.004849999999999999,"{""15"": 200, ""30"": 200, ""5"": 200}",,"{""15"": 0, ""30"": 0, ""5"": 0}",,"{""15"": 0, ""30"": 0, ""5"": 0}",0.026274999999999996,"{""15"": 200, ""30"": 200, ""5"": 200}"
1e-10,160,8,left,sample_variance,0.0,0,0.0,0.0,"{""15"": 200, ""30"": 200, ""5"": 200}",,"{""15"": 0, ""30"": 0, ""5"": 0}",,"{""15"": 0, ""30"": 0, ""5"": 0}",1.0,"{""15"": 200, ""30"": 200, ""5"": 200}"
1e-10,160,8,left,sample_variance,0.2,0,0.0,0.0,"{""15"": 200, ""30"": 200, ""5"": 200}",,"{""15"": 0, ""30"": 0, ""5"": 0}",,"{""15"": 0, ""30"": 0, ""5"": 0}",1.0,"{""15"": 200, ""30"": 200, ""5"": 200}"
1e-10,160,8,left,sample_variance,0.3333333333333333,0,0.0,0.0,"{""15"": 200, ""30"": 200, ""5"": 200}",,"{""15"": 0, ""30"": 0, ""5"": 0}",,"{""15"": 0, ""30"": 0, ""5"": 0}",1.0,"{""15"": 200, ""30"": 200, ""5"": 200}"
1e-10,160,8,left,sample_variance,0.5,0,0.0,0.0,"{""15"": 200, ""30"": 200, ""5"": 200}",,"{""15"": 0, ""30"": 0, ""5"": 0}",,"{""15"": 0, ""30"": 0, ""5"": 0}",1.0,"{""15"": 200, ""30"": 200, ""5"": 200}"
1e-10,160,8,left,paired_mean,0.0,0,0.0,0.0,"{""15"": 200, ""30"": 200, ""5"": 200}",,"{""15"": 0, ""30"": 0, ""5"": 0}",,"{""15"": 0, ""30"": 0, ""5"": 0}",1.0,"{""15"": 200, ""30"": 200, ""5"": 200}"
1e-10,160,8,left,paired_mean,0.2,0,0.0,0.0,"{""15"": 200, ""30"": 200, ""5"": 200}",,"{""15"": 0, ""30"": 0, ""5"": 0}",,"{""15"": 0, ""30"": 0, ""5"": 0}",1.0,"{""15"": 200, ""30"": 200, ""5"": 200}"
1e-10,160,8,left,paired_mean,0.3333333333333333,0,0.0,0.0,"{""15"": 200, ""30"": 200, ""5"": 200}",,"{""15"": 0, ""30"": 0, ""5"": 0}",,"{""15"": 0, ""30"": 0, ""5"": 0}",1.0,"{""15"": 200, ""30"": 200, ""5"": 200}"
1e-10,160,8,left,paired_mean,0.5,0,0.0,0.0,"{""15"": 200, ""30"": 200, ""5"": 200}",,"{""15"": 0, ""30"": 0, ""5"": 0}",,"{""15"": 0, ""30"": 0, ""5"": 0}",1.0,"{""15"": 200, ""30"": 200, ""5"": 200}"
1e-10,160,8,left,mom_w1,0.0,0,0.0,0.0,"{""15"": 200, ""30"": 200, ""5"": 200}",,"{""15"": 0, ""30"": 0, ""5"": 0}",,"{""15"": 0, ""30"": 0, ""5"": 0}",1.0,"{""15"": 200, ""30"": 200, ""5"": 200}"
1e-10,160,8,left,mom_w1,0.2,0,0.0,0.0,"{""15"": 200, ""30"": 200, ""5"": 200}",,"{""15"": 0, ""30"": 0, ""5"": 0}",,"{""15"": 0, ""30"": 0, ""5"": 0}",1.0,"{""15"": 200, ""30"": 200, ""5"": 200}"
1e-10,160,8,left,mom_w1,0.3333333333333333,0,0.0,0.0,"{""15"": 200, ""30"": 200, ""5"": 200}",,"{""15"": 0, ""30"": 0, ""5"": 0}",,"{""15"": 0, ""30"": 0, ""5"": 0}",1.0,"{""15"": 200, ""30"": 200, ""5"": 200}"
1e-10,160,8,left,mom_w1,0.5,0,0.0,0.0,"{""15"": 200, ""30"": 200, ""5"": 200}",,"{""15"": 0, ""30"": 0, ""5"": 0}",,"{""15"": 0, ""30"": 0, ""5"": 0}",1.0,"{""15"": 200, ""30"": 200, ""5"": 200}"
1e-10,160,8,left,mom_w2,0.0,0,0.0,0.0,"{""15"": 200, ""30"": 200, ""5"": 200}",,"{""15"": 0, ""30"": 0, ""5"": 0}",,"{""15"": 0, ""30"": 0, ""5"": 0}",1.0,"{""15"": 200, ""30"": 200, ""5"": 200}"
1e-10,160,8,left,mom_w2,0.2,0,0.0,0.0,"{""15"": 200, ""30"": 200, ""5"": 200}",,"{""15"": 0, ""30"": 0, ""5"": 0}",,"{""15"": 0, ""30"": 0, ""5"": 0}",1.0,"{""15"": 200, ""30"": 200, ""5"": 200}"
1e-10,160,8,left,mom_w2,0.3333333333333333,0,0.0,0.0,"{""15"": 200, ""30"": 200, ""5"": 200}",,"{""15"": 0, ""30"": 0, ""5"": 0}",,"{""15"": 0, ""30"": 0, ""5"": 0}",1.0,"{""15"": 200, ""30"": 200, ""5"": 200}"
1e-10,160,8,left,mom_w2,0.5,0,0.0,0.0,"{""15"": 200, ""30"": 200, ""5"": 200}",,"{""15"": 0, ""30"": 0, ""5"": 0}",,"{""15"": 0, ""30"": 0, ""5"": 0}",1.0,"{""15"": 200, ""30"": 200, ""5"": 200}"
1e-10,160,8,primary,sample_variance,0.0,0,0.0,0.3373441373534338,"{""15"": 199, ""30"": 200, ""5"": 200}",,"{""15"": 1, ""30"": 0, ""5"": 0}",,"{""15"": 1, ""30"": 0, ""5"": 0}",1.0,"{""15"": 200, ""30"": 200, ""5"": 200}"
1e-10,160,8,primary,sample_variance,0.2,0,0.8749333333333333,0.012553391959798994,"{""15"": 199, ""30"": 200, ""5"": 200}",,"{""15"": 1, ""30"": 0, ""5"": 0}",,"{""15"": 1, ""30"": 0, ""5"": 0}",0.12506666666666666,"{""15"": 200, ""30"": 200, ""5"": 200}"
1e-10,160,8,primary,sample_variance,0.3333333333333333,0,0.9562,0.001977889447236181,"{""15"": 199, ""30"": 200, ""5"": 200}",,"{""15"": 1, ""30"": 0, ""5"": 0}",,"{""15"": 1, ""30"": 0, ""5"": 0}",0.0438,"{""15"": 200, ""30"": 200, ""5"": 200}"
1e-10,160,8,primary,sample_variance,0.5,0,0.9878583333333333,0.0002502931323283082,"{""15"": 199, ""30"": 200, ""5"": 200}",,"{""15"": 1, ""30"": 0, ""5"": 0}",,"{""15"": 1, ""30"": 0, ""5"": 0}",0.012141666666666669,"{""15"": 200, ""30"": 200, ""5"": 200}"
1e-10,160,8,primary,paired_mean,0.0,0,0.0,0.36370841708542706,"{""15"": 199, ""30"": 200, ""5"": 200}",,"{""15"": 1, ""30"": 0, ""5"": 0}",,"{""15"": 1, ""30"": 0, ""5"": 0}",1.0,"{""15"": 200, ""30"": 200, ""5"": 200}"
1e-10,160,8,primary,paired_mean,0.2,0,0.7918583333333333,0.05256553601340033,"{""15"": 199, ""30"": 200, ""5"": 200}",,"{""15"": 1, ""30"": 0, ""5"": 0}",,"{""15"": 1, ""30"": 0, ""5"": 0}",0.20814166666666667,"{""15"": 200, ""30"": 200, ""5"": 200}"
1e-10,160,8,primary,paired_mean,0.3333333333333333,0,0.91205,0.018925041876046902,"{""15"": 199, ""30"": 200, ""5"": 200}",,"{""15"": 1, ""30"": 0, ""5"": 0}",,"{""15"": 1, ""30"": 0, ""5"": 0}",0.08794999999999999,"{""15"": 200, ""30"": 200, ""5"": 200}"
1e-10,160,8,primary,paired_mean,0.5,0,0.9694916666666666,0.00553961474036851,"{""15"": 199, ""30"": 200, ""5"": 200}",,"{""15"": 1, ""30"": 0, ""5"": 0}",,"{""15"": 1, ""30"": 0, ""5"": 0}",0.030508333333333332,"{""15"": 200, ""30"": 200, ""5"": 200}"
1e-10,160,8,primary,mom_w1,0.0,0,0.0,0.40340330820770526,"{""15"": 199, ""30"": 200, ""5"": 200}",,"{""15"": 1, ""30"": 0, ""5"": 0}",,"{""15"": 1, ""30"": 0, ""5"": 0}",1.0,"{""15"": 200, ""30"": 200, ""5"": 200}"
1e-10,160,8,primary,mom_w1,0.2,0,0.6537916666666667,0.1214081239530988,"{""15"": 199, ""30"": 200, ""5"": 200}",,"{""15"": 1, ""30"": 0, ""5"": 0}",,"{""15"": 1, ""30"": 0, ""5"": 0}",0.3462083333333334,"{""15"": 200, ""30"": 200, ""5"": 200}"
1e-10,160,8,primary,mom_w1,0.3333333333333333,0,0.814475,0.061205485762144046,"{""15"": 199, ""30"": 200, ""5"": 200}",,"{""15"": 1, ""30"": 0, ""5"": 0}",,"{""15"": 1, ""30"": 0, ""5"": 0}",0.18552499999999997,"{""15"": 200, ""30"": 200, ""5"": 200}"
1e-10,160,8,primary,mom_w1,0.5,0,0.9151583333333333,0.025864112227805696,"{""15"": 199, ""30"": 200, ""5"": 200}",,"{""15"": 1, ""30"": 0, ""5"": 0}",,"{""15"": 1, ""30"": 0, ""5"": 0}",0.08484166666666666,"{""15"": 200, ""30"": 200, ""5"": 200}"
1e-10,160,8,primary,mom_w2,0.0,0,0.0,0.36370841708542706,"{""15"": 199, ""30"": 200, ""5"": 200}",,"{""15"": 1, ""30"": 0, ""5"": 0}",,"{""15"": 1, ""30"": 0, ""5"": 0}",1.0,"{""15"": 200, ""30"": 200, ""5"": 200}"
1e-10,160,8,primary,mom_w2,0.2,0,0.7918583333333333,0.05256553601340033,"{""15"": 199, ""30"": 200, ""5"": 200}",,"{""15"": 1, ""30"": 0, ""5"": 0}",,"{""15"": 1, ""30"": 0, ""5"": 0}",0.20814166666666667,"{""15"": 200, ""30"": 200, ""5"": 200}"
1e-10,160,8,primary,mom_w2,0.3333333333333333,0,0.91205,0.018925041876046902,"{""15"": 199, ""30"": 200, ""5"": 200}",,"{""15"": 1, ""30"": 0, ""5"": 0}",,"{""15"": 1, ""30"": 0, ""5"": 0}",0.08794999999999999,"{""15"": 200, ""30"": 200, ""5"": 200}"
1e-10,160,8,primary,mom_w2,0.5,0,0.9694916666666666,0.00553961474036851,"{""15"": 199, ""30"": 200, ""5"": 200}",,"{""15"": 1, ""30"": 0, ""5"": 0}",,"{""15"": 1, ""30"": 0, ""5"": 0}",0.030508333333333332,"{""15"": 200, ""30"": 200, ""5"": 200}"
1e-10,160,8,right,sample_variance,0.0,0,0.0,0.343925,"{""15"": 200, ""30"": 200, ""5"": 200}",,"{""15"": 0, ""30"": 0, ""5"": 0}",,"{""15"": 0, ""30"": 0, ""5"": 0}",1.0,"{""15"": 200, ""30"": 200, ""5"": 200}"
1e-10,160,8,right,sample_variance,0.2,0,0.8894583333333334,0.012641666666666667,"{""15"": 200, ""30"": 200, ""5"": 200}",,"{""15"": 0, ""30"": 0, ""5"": 0}",,"{""15"": 0, ""30"": 0, ""5"": 0}",0.11054166666666666,"{""15"": 200, ""30"": 200, ""5"": 200}"
1e-10,160,8,right,sample_variance,0.3333333333333333,0,0.964475,0.002041666666666667,"{""15"": 200, ""30"": 200, ""5"": 200}",,"{""15"": 0, ""30"": 0, ""5"": 0}",,"{""15"": 0, ""30"": 0, ""5"": 0}",0.035525,"{""15"": 200, ""30"": 200, ""5"": 200}"
1e-10,160,8,right,sample_variance,0.5,0,0.99135,0.00025833333333333334,"{""15"": 200, ""30"": 200, ""5"": 200}",,"{""15"": 0, ""30"": 0, ""5"": 0}",,"{""15"": 0, ""30"": 0, ""5"": 0}",0.008650000000000001,"{""15"": 200, ""30"": 200, ""5"": 200}"
1e-10,160,8,right,paired_mean,0.0,0,0.0,0.3715333333333333,"{""15"": 200, ""30"": 200, ""5"": 200}",,"{""15"": 0, ""30"": 0, ""5"": 0}",,"{""15"": 0, ""30"": 0, ""5"": 0}",1.0,"{""15"": 200, ""30"": 200, ""5"": 200}"
1e-10,160,8,right,paired_mean,0.2,0,0.8084916666666667,0.05161666666666667,"{""15"": 200, ""30"": 200, ""5"": 200}",,"{""15"": 0, ""30"": 0, ""5"": 0}",,"{""15"": 0, ""30"": 0, ""5"": 0}",0.1915083333333333,"{""15"": 200, ""30"": 200, ""5"": 200}"
1e-10,160,8,right,paired_mean,0.3333333333333333,0,0.9242833333333333,0.017783333333333335,"{""15"": 200, ""30"": 200, ""5"": 200}",,"{""15"": 0, ""30"": 0, ""5"": 0}",,"{""15"": 0, ""30"": 0, ""5"": 0}",0.07571666666666667,"{""15"": 200, ""30"": 200, ""5"": 200}"
1e-10,160,8,right,paired_mean,0.5,0,0.9746583333333333,0.005333333333333333,"{""15"": 200, ""30"": 200, ""5"": 200}",,"{""15"": 0, ""30"": 0, ""5"": 0}",,"{""15"": 0, ""30"": 0, ""5"": 0}",0.02534166666666667,"{""15"": 200, ""30"": 200, ""5"": 200}"
1e-10,160,8,right,mom_w1,0.0,0,0.0,0.4089666666666667,"{""15"": 200, ""30"": 200, ""5"": 200}",,"{""15"": 0, ""30"": 0, ""5"": 0}",,"{""15"": 0, ""30"": 0, ""5"": 0}",1.0,"{""15"": 200, ""30"": 200, ""5"": 200}"
1e-10,160,8,right,mom_w1,0.2,0,0.6705083333333334,0.11895,"{""15"": 200, ""30"": 200, ""5"": 200}",,"{""15"": 0, ""30"": 0, ""5"": 0}",,"{""15"": 0, ""30"": 0, ""5"": 0}",0.3294916666666667,"{""15"": 200, ""30"": 200, ""5"": 200}"
1e-10,160,8,right,mom_w1,0.3333333333333333,0,0.8272583333333333,0.05948333333333333,"{""15"": 200, ""30"": 200, ""5"": 200}",,"{""15"": 0, ""30"": 0, ""5"": 0}",,"{""15"": 0, ""30"": 0, ""5"": 0}",0.17274166666666668,"{""15"": 200, ""30"": 200, ""5"": 200}"
1e-10,160,8,right,mom_w1,0.5,0,0.92295,0.025208333333333336,"{""15"": 200, ""30"": 200, ""5"": 200}",,"{""15"": 0, ""30"": 0, ""5"": 0}",,"{""15"": 0, ""30"": 0, ""5"": 0}",0.07705000000000001,"{""15"": 200, ""30"": 200, ""5"": 200}"
1e-10,160,8,right,mom_w2,0.0,0,0.0,0.3715333333333333,"{""15"": 200, ""30"": 200, ""5"": 200}",,"{""15"": 0, ""30"": 0, ""5"": 0}",,"{""15"": 0, ""30"": 0, ""5"": 0}",1.0,"{""15"": 200, ""30"": 200, ""5"": 200}"
1e-10,160,8,right,mom_w2,0.2,0,0.8084916666666667,0.05161666666666667,"{""15"": 200, ""30"": 200, ""5"": 200}",,"{""15"": 0, ""30"": 0, ""5"": 0}",,"{""15"": 0, ""30"": 0, ""5"": 0}",0.1915083333333333,"{""15"": 200, ""30"": 200, ""5"": 200}"
1e-10,160,8,right,mom_w2,0.3333333333333333,0,0.9242833333333333,0.017783333333333335,"{""15"": 200, ""30"": 200, ""5"": 200}",,"{""15"": 0, ""30"": 0, ""5"": 0}",,"{""15"": 0, ""30"": 0, ""5"": 0}",0.07571666666666667,"{""15"": 200, ""30"": 200, ""5"": 200}"
1e-10,160,8,right,mom_w2,0.5,0,0.9746583333333333,0.005333333333333333,"{""15"": 200, ""30"": 200, ""5"": 200}",,"{""15"": 0, ""30"": 0, ""5"": 0}",,"{""15"": 0, ""30"": 0, ""5"": 0}",0.02534166666666667,"{""15"": 200, ""30"": 200, ""5"": 200}"
1e-10,240,8,left,sample_variance,0.0,0,0.0,0.0,"{""15"": 200, ""30"": 200, ""5"": 200}",,"{""15"": 0, ""30"": 0, ""5"": 0}",,"{""15"": 0, ""30"": 0, ""5"": 0}",1.0,"{""15"": 200, ""30"": 200, ""5"": 200}"
1e-10,240,8,left,sample_variance,0.2,0,0.0,0.0,"{""15"": 200, ""30"": 200, ""5"": 200}",,"{""15"": 0, ""30"": 0, ""5"": 0}",,"{""15"": 0, ""30"": 0, ""5"": 0}",1.0,"{""15"": 200, ""30"": 200, ""5"": 200}"
1e-10,240,8,left,sample_variance,0.3333333333333333,0,0.0,0.0,"{""15"": 200, ""30"": 200, ""5"": 200}",,"{""15"": 0, ""30"": 0, ""5"": 0}",,"{""15"": 0, ""30"": 0, ""5"": 0}",1.0,"{""15"": 200, ""30"": 200, ""5"": 200}"
1e-10,240,8,left,sample_variance,0.5,0,0.0,0.0,"{""15"": 200, ""30"": 200, ""5"": 200}",,"{""15"": 0, ""30"": 0, ""5"": 0}",,"{""15"": 0, ""30"": 0, ""5"": 0}",1.0,"{""15"": 200, ""30"": 200, ""5"": 200}"
1e-10,240,8,left,paired_mean,0.0,0,0.0,0.0,"{""15"": 200, ""30"": 200, ""5"": 200}",,"{""15"": 0, ""30"": 0, ""5"": 0}",,"{""15"": 0, ""30"": 0, ""5"": 0}",1.0,"{""15"": 200, ""30"": 200, ""5"": 200}"
1e-10,240,8,left,paired_mean,0.2,0,0.0,0.0,"{""15"": 200, ""30"": 200, ""5"": 200}",,"{""15"": 0, ""30"": 0, ""5"": 0}",,"{""15"": 0, ""30"": 0, ""5"": 0}",1.0,"{""15"": 200, ""30"": 200, ""5"": 200}"
1e-10,240,8,left,paired_mean,0.3333333333333333,0,0.0,0.0,"{""15"": 200, ""30"": 200, ""5"": 200}",,"{""15"": 0, ""30"": 0, ""5"": 0}",,"{""15"": 0, ""30"": 0, ""5"": 0}",1.0,"{""15"": 200, ""30"": 200, ""5"": 200}"
1e-10,240,8,left,paired_mean,0.5,0,0.0,0.0,"{""15"": 200, ""30"": 200, ""5"": 200}",,"{""15"": 0, ""30"": 0, ""5"": 0}",,"{""15"": 0, ""30"": 0, ""5"": 0}",1.0,"{""15"": 200, ""30"": 200, ""5"": 200}"
1e-10,240,8,left,mom_w1,0.0,0,0.0,0.0,"{""15"": 200, ""30"": 200, ""5"": 200}",,"{""15"": 0, ""30"": 0, ""5"": 0}",,"{""15"": 0, ""30"": 0, ""5"": 0}",1.0,"{""15"": 200, ""30"": 200, ""5"": 200}"
1e-10,240,8,left,mom_w1,0.2,0,0.0,0.0,"{""15"": 200, ""30"": 200, ""5"": 200}",,"{""15"": 0, ""30"": 0, ""5"": 0}",,"{""15"": 0, ""30"": 0, ""5"": 0}",1.0,"{""15"": 200, ""30"": 200, ""5"": 200}"
1e-10,240,8,left,mom_w1,0.3333333333333333,0,0.0,0.0,"{""15"": 200, ""30"": 200, ""5"": 200}",,"{""15"": 0, ""30"": 0, ""5"": 0}",,"{""15"": 0, ""30"": 0, ""5"": 0}",1.0,"{""15"": 200, ""30"": 200, ""5"": 200}"
1e-10,240,8,left,mom_w1,0.5,0,0.0,0.0,"{""15"": 200, ""30"": 200, ""5"": 200}",,"{""15"": 0, ""30"": 0, ""5"": 0}",,"{""15"": 0, ""30"": 0, ""5"": 0}",1.0,"{""15"": 200, ""30"": 200, ""5"": 200}"
1e-10,240,8,left,mom_w2,0.0,0,0.0,0.0,"{""15"": 200, ""30"": 200, ""5"": 200}",,"{""15"": 0, ""30"": 0, ""5"": 0}",,"{""15"": 0, ""30"": 0, ""5"": 0}",1.0,"{""15"": 200, ""30"": 200, ""5"": 200}"
1e-10,240,8,left,mom_w2,0.2,0,0.0,0.0,"{""15"": 200, ""30"": 200, ""5"": 200}",,"{""15"": 0, ""30"": 0, ""5"": 0}",,"{""15"": 0, ""30"": 0, ""5"": 0}",1.0,"{""15"": 200, ""30"": 200, ""5"": 200}"
1e-10,240,8,left,mom_w2,0.3333333333333333,0,0.0,0.0,"{""15"": 200, ""30"": 200, ""5"": 200}",,"{""15"": 0, ""30"": 0, ""5"": 0}",,"{""15"": 0, ""30"": 0, ""5"": 0}",1.0,"{""15"": 200, ""30"": 200, ""5"": 200}"
1e-10,240,8,left,mom_w2,0.5,0,0.0,0.0,"{""15"": 200, ""30"": 200, ""5"": 200}",,"{""15"": 0, ""30"": 0, ""5"": 0}",,"{""15"": 0, ""30"": 0, ""5"": 0}",1.0,"{""15"": 200, ""30"": 200, ""5"": 200}"
1e-10,240,8,primary,sample_variance,0.0,0,0.0,0.35681323283082084,"{""15"": 199, ""30"": 200, ""5"": 200}",,"{""15"": 1, ""30"": 0, ""5"": 0}",,"{""15"": 1, ""30"": 0, ""5"": 0}",1.0,"{""15"": 200, ""30"": 200, ""5"": 200}"
1e-10,240,8,primary,sample_variance,0.2,0,0.8765333333333334,0.013170938023450589,"{""15"": 199, ""30"": 200, ""5"": 200}",,"{""15"": 1, ""30"": 0, ""5"": 0}",,"{""15"": 1, ""30"": 0, ""5"": 0}",0.12346666666666667,"{""15"": 200, ""30"": 200, ""5"": 200}"
1e-10,240,8,primary,sample_variance,0.3333333333333333,0,0.95675,0.0020280150753768846,"{""15"": 199, ""30"": 200, ""5"": 200}",,"{""15"": 1, ""30"": 0, ""5"": 0}",,"{""15"": 1, ""30"": 0, ""5"": 0}",0.043250000000000004,"{""15"": 200, ""30"": 200, ""5"": 200}"
1e-10,240,8,primary,sample_variance,0.5,0,0.9880416666666667,0.00025862646566164154,"{""15"": 199, ""30"": 200, ""5"": 200}",,"{""15"": 1, ""30"": 0, ""5"": 0}",,"{""15"": 1, ""30"": 0, ""5"": 0}",0.011958333333333335,"{""15"": 200, ""30"": 200, ""5"": 200}"
1e-10,240,8,primary,paired_mean,0.0,0,0.0,0.3775853015075377,"{""15"": 199, ""30"": 200, ""5"": 200}",,"{""15"": 1, ""30"": 0, ""5"": 0}",,"{""15"": 1, ""30"": 0, ""5"": 0}",1.0,"{""15"": 200, ""30"": 200, ""5"": 200}"
1e-10,240,8,primary,paired_mean,0.2,0,0.7934,0.05394267169179229,"{""15"": 199, ""30"": 200, ""5"": 200}",,"{""15"": 1, ""30"": 0, ""5"": 0}",,"{""15"": 1, ""30"": 0, ""5"": 0}",0.2066,"{""15"": 200, ""30"": 200, ""5"": 200}"
1e-10,240,8,primary,paired_mean,0.3333333333333333,0,0.9123583333333334,0.01943400335008375,"{""15"": 199, ""30"": 200, ""5"": 200}",,"{""15"": 1, ""30"": 0, ""5"": 0}",,"{""15"": 1, ""30"": 0, ""5"": 0}",0.08764166666666667,"{""15"": 200, ""30"": 200, ""5"": 200}"
1e-10,240,8,primary,paired_mean,0.5,0,0.9697916666666667,0.005572948073701842,"{""15"": 199, ""30"": 200, ""5"": 200}",,"{""15"": 1, ""30"": 0, ""5"": 0}",,"{""15"": 1, ""30"": 0, ""5"": 0}",0.030208333333333337,"{""15"": 200, ""30"": 200, ""5"": 200}"
1e-10,240,8,primary,mom_w1,0.0,0,0.0,0.41401767169179227,"{""15"": 199, ""30"": 200, ""5"": 200}",,"{""15"": 1, ""30"": 0, ""5"": 0}",,"{""15"": 1, ""30"": 0, ""5"": 0}",1.0,"{""15"": 200, ""30"": 200, ""5"": 200}"
1e-10,240,8,primary,mom_w1,0.2,0,0.6545666666666666,0.12356905360134003,"{""15"": 199, ""30"": 200, ""5"": 200}",,"{""15"": 1, ""30"": 0, ""5"": 0}",,"{""15"": 1, ""30"": 0, ""5"": 0}",0.3454333333333333,"{""15"": 200, ""30"": 200, ""5"": 200}"
1e-10,240,8,primary,mom_w1,0.3333333333333333,0,0.8150666666666667,0.0621569514237856,"{""15"": 199, ""30"": 200, ""5"": 200}",,"{""15"": 1, ""30"": 0, ""5"": 0}",,"{""15"": 1, ""30"": 0, ""5"": 0}",0.1849333333333333,"{""15"": 200, ""30"": 200, ""5"": 200}"
1e-10,240,8,primary,mom_w1,0.5,0,0.9155666666666666,0.02611469849246231,"{""15"": 199, ""30"": 200, ""5"": 200}",,"{""15"": 1, ""30"": 0, ""5"": 0}",,"{""15"": 1, ""30"": 0, ""5"": 0}",0.08443333333333332,"{""15"": 200, ""30"": 200, ""5"": 200}"
1e-10,240,8,primary,mom_w2,0.0,0,0.0,0.3775853015075377,"{""15"": 199, ""30"": 200, ""5"": 200}",,"{""15"": 1, ""30"": 0, ""5"": 0}",,"{""15"": 1, ""30"": 0, ""5"": 0}",1.0,"{""15"": 200, ""30"": 200, ""5"": 200}"
1e-10,240,8,primary,mom_w2,0.2,0,0.7934,0.05394267169179229,"{""15"": 199, ""30"": 200, ""5"": 200}",,"{""15"": 1, ""30"": 0, ""5"": 0}",,"{""15"": 1, ""30"": 0, ""5"": 0}",0.2066,"{""15"": 200, ""30"": 200, ""5"": 200}"
1e-10,240,8,primary,mom_w2,0.3333333333333333,0,0.9123583333333334,0.01943400335008375,"{""15"": 199, ""30"": 200, ""5"": 200}",,"{""15"": 1, ""30"": 0, ""5"": 0}",,"{""15"": 1, ""30"": 0, ""5"": 0}",0.08764166666666667,"{""15"": 200, ""30"": 200, ""5"": 200}"
1e-10,240,8,primary,mom_w2,0.5,0,0.9697916666666667,0.005572948073701842,"{""15"": 199, ""30"": 200, ""5"": 200}",,"{""15"": 1, ""30"": 0, ""5"": 0}",,"{""15"": 1, ""30"": 0, ""5"": 0}",0.030208333333333337,"{""15"": 200, ""30"": 200, ""5"": 200}"
1e-10,240,8,right,sample_variance,0.0,0,0.0,0.36545,"{""15"": 200, ""30"": 200, ""5"": 200}",,"{""15"": 0, ""30"": 0, ""5"": 0}",,"{""15"": 0, ""30"": 0, ""5"": 0}",1.0,"{""15"": 200, ""30"": 200, ""5"": 200}"
1e-10,240,8,right,sample_variance,0.2,0,0.8912833333333333,0.013191666666666666,"{""15"": 200, ""30"": 200, ""5"": 200}",,"{""15"": 0, ""30"": 0, ""5"": 0}",,"{""15"": 0, ""30"": 0, ""5"": 0}",0.10871666666666667,"{""15"": 200, ""30"": 200, ""5"": 200}"
1e-10,240,8,right,sample_variance,0.3333333333333333,0,0.965125,0.0021166666666666664,"{""15"": 200, ""30"": 200, ""5"": 200}",,"{""15"": 0, ""30"": 0, ""5"": 0}",,"{""15"": 0, ""30"": 0, ""5"": 0}",0.034874999999999996,"{""15"": 200, ""30"": 200, ""5"": 200}"
1e-10,240,8,right,sample_variance,0.5,0,0.99145,0.00028333333333333335,"{""15"": 200, ""30"": 200, ""5"": 200}",,"{""15"": 0, ""30"": 0, ""5"": 0}",,"{""15"": 0, ""30"": 0, ""5"": 0}",0.00855,"{""15"": 200, ""30"": 200, ""5"": 200}"
1e-10,240,8,right,paired_mean,0.0,0,0.0,0.38659166666666667,"{""15"": 200, ""30"": 200, ""5"": 200}",,"{""15"": 0, ""30"": 0, ""5"": 0}",,"{""15"": 0, ""30"": 0, ""5"": 0}",1.0,"{""15"": 200, ""30"": 200, ""5"": 200}"
1e-10,240,8,right,paired_mean,0.2,0,0.8098833333333333,0.05303333333333333,"{""15"": 200, ""30"": 200, ""5"": 200}",,"{""15"": 0, ""30"": 0, ""5"": 0}",,"{""15"": 0, ""30"": 0, ""5"": 0}",0.19011666666666668,"{""15"": 200, ""30"": 200, ""5"": 200}"
1e-10,240,8,right,paired_mean,0.3333333333333333,0,0.924725,0.018108333333333334,"{""15"": 200, ""30"": 200, ""5"": 200}",,"{""15"": 0, ""30"": 0, ""5"": 0}",,"{""15"": 0, ""30"": 0, ""5"": 0}",0.075275,"{""15"": 200, ""30"": 200, ""5"": 200}"
1e-10,240,8,right,paired_mean,0.5,0,0.9748333333333333,0.005408333333333334,"{""15"": 200, ""30"": 200, ""5"": 200}",,"{""15"": 0, ""30"": 0, ""5"": 0}",,"{""15"": 0, ""30"": 0, ""5"": 0}",0.02516666666666667,"{""15"": 200, ""30"": 200, ""5"": 200}"
1e-10,240,8,right,mom_w1,0.0,0,0.0,0.419525,"{""15"": 200, ""30"": 200, ""5"": 200}",,"{""15"": 0, ""30"": 0, ""5"": 0}",,"{""15"": 0, ""30"": 0, ""5"": 0}",1.0,"{""15"": 200, ""30"": 200, ""5"": 200}"
1e-10,240,8,right,mom_w1,0.2,0,0.6717083333333334,0.121125,"{""15"": 200, ""30"": 200, ""5"": 200}",,"{""15"": 0, ""30"": 0, ""5"": 0}",,"{""15"": 0, ""30"": 0, ""5"": 0}",0.32829166666666665,"{""15"": 200, ""30"": 200, ""5"": 200}"
1e-10,240,8,right,mom_w1,0.3333333333333333,0,0.82785,0.06039166666666667,"{""15"": 200, ""30"": 200, ""5"": 200}",,"{""15"": 0, ""30"": 0, ""5"": 0}",,"{""15"": 0, ""30"": 0, ""5"": 0}",0.17215,"{""15"": 200, ""30"": 200, ""5"": 200}"
1e-10,240,8,right,mom_w1,0.5,0,0.9232333333333334,0.025475,"{""15"": 200, ""30"": 200, ""5"": 200}",,"{""15"": 0, ""30"": 0, ""5"": 0}",,"{""15"": 0, ""30"": 0, ""5"": 0}",0.07676666666666666,"{""15"": 200, ""30"": 200, ""5"": 200}"
1e-10,240,8,right,mom_w2,0.0,0,0.0,0.38659166666666667,"{""15"": 200, ""30"": 200, ""5"": 200}",,"{""15"": 0, ""30"": 0, ""5"": 0}",,"{""15"": 0, ""30"": 0, ""5"": 0}",1.0,"{""15"": 200, ""30"": 200, ""5"": 200}"
1e-10,240,8,right,mom_w2,0.2,0,0.8098833333333333,0.05303333333333333,"{""15"": 200, ""30"": 200, ""5"": 200}",,"{""15"": 0, ""30"": 0, ""5"": 0}",,"{""15"": 0, ""30"": 0, ""5"": 0}",0.19011666666666668,"{""15"": 200, ""30"": 200, ""5"": 200}"
1e-10,240,8,right,mom_w2,0.3333333333333333,0,0.924725,0.018108333333333334,"{""15"": 200, ""30"": 200, ""5"": 200}",,"{""15"": 0, ""30"": 0, ""5"": 0}",,"{""15"": 0, ""30"": 0, ""5"": 0}",0.075275,"{""15"": 200, ""30"": 200, ""5"": 200}"
1e-10,240,8,right,mom_w2,0.5,0,0.9748333333333333,0.005408333333333334,"{""15"": 200, ""30"": 200, ""5"": 200}",,"{""15"": 0, ""30"": 0, ""5"": 0}",,"{""15"": 0, ""30"": 0, ""5"": 0}",0.02516666666666667,"{""15"": 200, ""30"": 200, ""5"": 200}"
1e-10,80,16,left,sample_variance,0.0,0,0.0,0.0,"{""15"": 200, ""30"": 200, ""5"": 200}",,"{""15"": 0, ""30"": 0, ""5"": 0}",,"{""15"": 0, ""30"": 0, ""5"": 0}",1.0,"{""15"": 200, ""30"": 200, ""5"": 200}"
1e-10,80,16,left,sample_variance,0.2,0,0.0,0.0,"{""15"": 200, ""30"": 200, ""5"": 200}",,"{""15"": 0, ""30"": 0, ""5"": 0}",,"{""15"": 0, ""30"": 0, ""5"": 0}",1.0,"{""15"": 200, ""30"": 200, ""5"": 200}"
1e-10,80,16,left,sample_variance,0.3333333333333333,0,0.0,0.0,"{""15"": 200, ""30"": 200, ""5"": 200}",,"{""15"": 0, ""30"": 0, ""5"": 0}",,"{""15"": 0, ""30"": 0, ""5"": 0}",1.0,"{""15"": 200, ""30"": 200, ""5"": 200}"
1e-10,80,16,left,sample_variance,0.5,0,0.0,0.0,"{""15"": 200, ""30"": 200, ""5"": 200}",,"{""15"": 0, ""30"": 0, ""5"": 0}",,"{""15"": 0, ""30"": 0, ""5"": 0}",1.0,"{""15"": 200, ""30"": 200, ""5"": 200}"
1e-10,80,16,left,paired_mean,0.0,0,0.0,0.0,"{""15"": 200, ""30"": 200, ""5"": 200}",,"{""15"": 0, ""30"": 0, ""5"": 0}",,"{""15"": 0, ""30"": 0, ""5"": 0}",1.0,"{""15"": 200, ""30"": 200, ""5"": 200}"
1e-10,80,16,left,paired_mean,0.2,0,0.0,0.0,"{""15"": 200, ""30"": 200, ""5"": 200}",,"{""15"": 0, ""30"": 0, ""5"": 0}",,"{""15"": 0, ""30"": 0, ""5"": 0}",1.0,"{""15"": 200, ""30"": 200, ""5"": 200}"
1e-10,80,16,left,paired_mean,0.3333333333333333,0,0.0,0.0,"{""15"": 200, ""30"": 200, ""5"": 200}",,"{""15"": 0, ""30"": 0, ""5"": 0}",,"{""15"": 0, ""30"": 0, ""5"": 0}",1.0,"{""15"": 200, ""30"": 200, ""5"": 200}"
1e-10,80,16,left,paired_mean,0.5,0,0.0,0.0,"{""15"": 200, ""30"": 200, ""5"": 200}",,"{""15"": 0, ""30"": 0, ""5"": 0}",,"{""15"": 0, ""30"": 0, ""5"": 0}",1.0,"{""15"": 200, ""30"": 200, ""5"": 200}"
1e-10,80,16,left,mom_w1,0.0,0,0.0,0.0,"{""15"": 200, ""30"": 200, ""5"": 200}",,"{""15"": 0, ""30"": 0, ""5"": 0}",,"{""15"": 0, ""30"": 0, ""5"": 0}",1.0,"{""15"": 200, ""30"": 200, ""5"": 200}"
1e-10,80,16,left,mom_w1,0.2,0,0.0,0.0,"{""15"": 200, ""30"": 200, ""5"": 200}",,"{""15"": 0, ""30"": 0, ""5"": 0}",,"{""15"": 0, ""30"": 0, ""5"": 0}",1.0,"{""15"": 200, ""30"": 200, ""5"": 200}"
1e-10,80,16,left,mom_w1,0.3333333333333333,0,0.0,0.0,"{""15"": 200, ""30"": 200, ""5"": 200}",,"{""15"": 0, ""30"": 0, ""5"": 0}",,"{""15"": 0, ""30"": 0, ""5"": 0}",1.0,"{""15"": 200, ""30"": 200, ""5"": 200}"
1e-10,80,16,left,mom_w1,0.5,0,0.0,0.0,"{""15"": 200, ""30"": 200, ""5"": 200}",,"{""15"": 0, ""30"": 0, ""5"": 0}",,"{""15"": 0, ""30"": 0, ""5"": 0}",1.0,"{""15"": 200, ""30"": 200, ""5"": 200}"
1e-10,80,16,left,mom_w2,0.0,0,0.0,0.0,"{""15"": 200, ""30"": 200, ""5"": 200}",,"{""15"": 0, ""30"": 0, ""5"": 0}",,"{""15"": 0, ""30"": 0, ""5"": 0}",1.0,"{""15"": 200, ""30"": 200, ""5"": 200}"
1e-10,80,16,left,mom_w2,0.2,0,0.0,0.0,"{""15"": 200, ""30"": 200, ""5"": 200}",,"{""15"": 0, ""30"": 0, ""5"": 0}",,"{""15"": 0, ""30"": 0, ""5"": 0}",1.0,"{""15"": 200, ""30"": 200, ""5"": 200}"
1e-10,80,16,left,mom_w2,0.3333333333333333,0,0.0,0.0,"{""15"": 200, ""30"": 200, ""5"": 200}",,"{""15"": 0, ""30"": 0, ""5"": 0}",,"{""15"": 0, ""30"": 0, ""5"": 0}",1.0,"{""15"": 200, ""30"": 200, ""5"": 200}"
1e-10,80,16,left,mom_w2,0.5,0,0.0,0.0,"{""15"": 200, ""30"": 200, ""5"": 200}",,"{""15"": 0, ""30"": 0, ""5"": 0}",,"{""15"": 0, ""30"": 0, ""5"": 0}",1.0,"{""15"": 200, ""30"": 200, ""5"": 200}"
1e-10,80,16,primary,sample_variance,0.0,0,0.0,0.14975774706867673,"{""15"": 199, ""30"": 200, ""5"": 200}",,"{""15"": 1, ""30"": 0, ""5"": 0}",,"{""15"": 1, ""30"": 0, ""5"": 0}",1.0,"{""15"": 200, ""30"": 200, ""5"": 200}"
1e-10,80,16,primary,sample_variance,0.2,0,0.916025,0.00040887772194304856,"{""15"": 199, ""30"": 200, ""5"": 200}",,"{""15"": 1, ""30"": 0, ""5"": 0}",,"{""15"": 1, ""30"": 0, ""5"": 0}",0.08397500000000001,"{""15"": 200, ""30"": 200, ""5"": 200}"
1e-10,80,16,primary,sample_variance,0.3333333333333333,0,0.980275,8.333333333333334e-06,"{""15"": 199, ""30"": 200, ""5"": 200}",,"{""15"": 1, ""30"": 0, ""5"": 0}",,"{""15"": 1, ""30"": 0, ""5"": 0}",0.019725000000000003,"{""15"": 200, ""30"": 200, ""5"": 200}"
1e-10,80,16,primary,sample_variance,0.5,0,0.99715,0.0,"{""15"": 199, ""30"": 200, ""5"": 200}",,"{""15"": 1, ""30"": 0, ""5"": 0}",,"{""15"": 1, ""30"": 0, ""5"": 0}",0.00285,"{""15"": 200, ""30"": 200, ""5"": 200}"
1e-10,80,16,primary,paired_mean,0.0,0,0.0,0.21694166666666667,"{""15"": 199, ""30"": 200, ""5"": 200}",,"{""15"": 1, ""30"": 0, ""5"": 0}",,"{""15"": 1, ""30"": 0, ""5"": 0}",1.0,"{""15"": 200, ""30"": 200, ""5"": 200}"
1e-10,80,16,primary,paired_mean,0.2,0,0.8677666666666667,0.01205,"{""15"": 199, ""30"": 200, ""5"": 200}",,"{""15"": 1, ""30"": 0, ""5"": 0}",,"{""15"": 1, ""30"": 0, ""5"": 0}",0.13223333333333334,"{""15"": 200, ""30"": 200, ""5"": 200}"
1e-10,80,16,primary,paired_mean,0.3333333333333333,0,0.9623166666666667,0.002318718592964824,"{""15"": 199, ""30"": 200, ""5"": 200}",,"{""15"": 1, ""30"": 0, ""5"": 0}",,"{""15"": 1, ""30"": 0, ""5"": 0}",0.037683333333333326,"{""15"": 200, ""30"": 200, ""5"": 200}"
1e-10,80,16,primary,paired_mean,0.5,0,0.99235,0.00025862646566164154,"{""15"": 199, ""30"": 200, ""5"": 200}",,"{""15"": 1, ""30"": 0, ""5"": 0}",,"{""15"": 1, ""30"": 0, ""5"": 0}",0.0076500000000000005,"{""15"": 200, ""30"": 200, ""5"": 200}"
1e-10,80,16,primary,mom_w1,0.0,0,0.0,0.337047445561139,"{""15"": 199, ""30"": 200, ""5"": 200}",,"{""15"": 1, ""30"": 0, ""5"": 0}",,"{""15"": 1, ""30"": 0, ""5"": 0}",1.0,"{""15"": 200, ""30"": 200, ""5"": 200}"
1e-10,80,16,primary,mom_w1,0.2,0,0.660975,0.09113417085427135,"{""15"": 199, ""30"": 200, ""5"": 200}",,"{""15"": 1, ""30"": 0, ""5"": 0}",,"{""15"": 1, ""30"": 0, ""5"": 0}",0.3390249999999999,"{""15"": 200, ""30"": 200, ""5"": 200}"
1e-10,80,16,primary,mom_w1,0.3333333333333333,0,0.84365,0.03786980737018425,"{""15"": 199, ""30"": 200, ""5"": 200}",,"{""15"": 1, ""30"": 0, ""5"": 0}",,"{""15"": 1, ""30"": 0, ""5"": 0}",0.15635,"{""15"": 200, ""30"": 200, ""5"": 200}"
1e-10,80,16,primary,mom_w1,0.5,0,0.9452166666666667,0.011775753768844219,"{""15"": 199, ""30"": 200, ""5"": 200}",,"{""15"": 1, ""30"": 0, ""5"": 0}",,"{""15"": 1, ""30"": 0, ""5"": 0}",0.05478333333333333,"{""15"": 200, ""30"": 200, ""5"": 200}"
1e-10,80,16,primary,mom_w2,0.0,0,0.0,0.27942692629815746,"{""15"": 199, ""30"": 200, ""5"": 200}",,"{""15"": 1, ""30"": 0, ""5"": 0}",,"{""15"": 1, ""30"": 0, ""5"": 0}",1.0,"{""15"": 200, ""30"": 200, ""5"": 200}"
1e-10,80,16,primary,mom_w2,0.2,0,0.7831416666666666,0.039064195979899505,"{""15"": 199, ""30"": 200, ""5"": 200}",,"{""15"": 1, ""30"": 0, ""5"": 0}",,"{""15"": 1, ""30"": 0, ""5"": 0}",0.2168583333333333,"{""15"": 200, ""30"": 200, ""5"": 200}"
1e-10,80,16,primary,mom_w2,0.3333333333333333,0,0.9218666666666666,0.011700209380234507,"{""15"": 199, ""30"": 200, ""5"": 200}",,"{""15"": 1, ""30"": 0, ""5"": 0}",,"{""15"": 1, ""30"": 0, ""5"": 0}",0.07813333333333333,"{""15"": 200, ""30"": 200, ""5"": 200}"
1e-10,80,16,primary,mom_w2,0.5,0,0.9790083333333334,0.002453056951423785,"{""15"": 199, ""30"": 200, ""5"": 200}",,"{""15"": 1, ""30"": 0, ""5"": 0}",,"{""15"": 1, ""30"": 0, ""5"": 0}",0.02099166666666667,"{""15"": 200, ""30"": 200, ""5"": 200}"
1e-10,80,16,right,sample_variance,0.0,0,0.0,0.14870833333333333,"{""15"": 200, ""30"": 200, ""5"": 200}",,"{""15"": 0, ""30"": 0, ""5"": 0}",,"{""15"": 0, ""30"": 0, ""5"": 0}",1.0,"{""15"": 200, ""30"": 200, ""5"": 200}"
1e-10,80,16,right,sample_variance,0.2,0,0.930075,0.0004,"{""15"": 200, ""30"": 200, ""5"": 200}",,"{""15"": 0, ""30"": 0, ""5"": 0}",,"{""15"": 0, ""30"": 0, ""5"": 0}",0.069925,"{""15"": 200, ""30"": 200, ""5"": 200}"
1e-10,80,16,right,sample_variance,0.3333333333333333,0,0.9863416666666667,0.0,"{""15"": 200, ""30"": 200, ""5"": 200}",,"{""15"": 0, ""30"": 0, ""5"": 0}",,"{""15"": 0, ""30"": 0, ""5"": 0}",0.013658333333333333,"{""15"": 200, ""30"": 200, ""5"": 200}"
1e-10,80,16,right,sample_variance,0.5,0,0.9985083333333333,0.0,"{""15"": 200, ""30"": 200, ""5"": 200}",,"{""15"": 0, ""30"": 0, ""5"": 0}",,"{""15"": 0, ""30"": 0, ""5"": 0}",0.0014916666666666665,"{""15"": 200, ""30"": 200, ""5"": 200}"
1e-10,80,16,right,paired_mean,0.0,0,0.0,0.21886666666666665,"{""15"": 200, ""30"": 200, ""5"": 200}",,"{""15"": 0, ""30"": 0, ""5"": 0}",,"{""15"": 0, ""30"": 0, ""5"": 0}",1.0,"{""15"": 200, ""30"": 200, ""5"": 200}"
1e-10,80,16,right,paired_mean,0.2,0,0.8825583333333333,0.011600000000000001,"{""15"": 200, ""30"": 200, ""5"": 200}",,"{""15"": 0, ""30"": 0, ""5"": 0}",,"{""15"": 0, ""30"": 0, ""5"": 0}",0.11744166666666667,"{""15"": 200, ""30"": 200, ""5"": 200}"
1e-10,80,16,right,paired_mean,0.3333333333333333,0,0.9710333333333333,0.0020916666666666666,"{""15"": 200, ""30"": 200, ""5"": 200}",,"{""15"": 0, ""30"": 0, ""5"": 0}",,"{""15"": 0, ""30"": 0, ""5"": 0}",0.02896666666666667,"{""15"": 200, ""30"": 200, ""5"": 200}"
1e-10,80,16,right,paired_mean,0.5,0,0.9949,0.00025,"{""15"": 200, ""30"": 200, ""5"": 200}",,"{""15"": 0, ""30"": 0, ""5"": 0}",,"{""15"": 0, ""30"": 0, ""5"": 0}",0.0051,"{""15"": 200, ""30"": 200, ""5"": 200}"
1e-10,80,16,right,mom_w1,0.0,0,0.0,0.33560833333333334,"{""15"": 200, ""30"": 200, ""5"": 200}",,"{""15"": 0, ""30"": 0, ""5"": 0}",,"{""15"": 0, ""30"": 0, ""5"": 0}",1.0,"{""15"": 200, ""30"": 200, ""5"": 200}"
1e-10,80,16,right,mom_w1,0.2,0,0.675475,0.08883333333333333,"{""15"": 200, ""30"": 200, ""5"": 200}",,"{""15"": 0, ""30"": 0, ""5"": 0}",,"{""15"": 0, ""30"": 0, ""5"": 0}",0.324525,"{""15"": 200, ""30"": 200, ""5"": 200}"
1e-10,80,16,right,mom_w1,0.3333333333333333,0,0.8571583333333334,0.036475,"{""15"": 200, ""30"": 200, ""5"": 200}",,"{""15"": 0, ""30"": 0, ""5"": 0}",,"{""15"": 0, ""30"": 0, ""5"": 0}",0.14284166666666667,"{""15"": 200, ""30"": 200, ""5"": 200}"
1e-10,80,16,right,mom_w1,0.5,0,0.9524416666666666,0.011708333333333333,"{""15"": 200, ""30"": 200, ""5"": 200}",,"{""15"": 0, ""30"": 0, ""5"": 0}",,"{""15"": 0, ""30"": 0, ""5"": 0}",0.04755833333333334,"{""15"": 200, ""30"": 200, ""5"": 200}"
1e-10,80,16,right,mom_w2,0.0,0,0.0,0.27824166666666666,"{""15"": 200, ""30"": 200, ""5"": 200}",,"{""15"": 0, ""30"": 0, ""5"": 0}",,"{""15"": 0, ""30"": 0, ""5"": 0}",1.0,"{""15"": 200, ""30"": 200, ""5"": 200}"
1e-10,80,16,right,mom_w2,0.2,0,0.8024833333333333,0.036491666666666665,"{""15"": 200, ""30"": 200, ""5"": 200}",,"{""15"": 0, ""30"": 0, ""5"": 0}",,"{""15"": 0, ""30"": 0, ""5"": 0}",0.19751666666666667,"{""15"": 200, ""30"": 200, ""5"": 200}"
1e-10,80,16,right,mom_w2,0.3333333333333333,0,0.9331416666666666,0.010525,"{""15"": 200, ""30"": 200, ""5"": 200}",,"{""15"": 0, ""30"": 0, ""5"": 0}",,"{""15"": 0, ""30"": 0, ""5"": 0}",0.06685833333333333,"{""15"": 200, ""30"": 200, ""5"": 200}"
1e-10,80,16,right,mom_w2,0.5,0,0.9840833333333333,0.0020916666666666666,"{""15"": 200, ""30"": 200, ""5"": 200}",,"{""15"": 0, ""30"": 0, ""5"": 0}",,"{""15"": 0, ""30"": 0, ""5"": 0}",0.015916666666666666,"{""15"": 200, ""30"": 200, ""5"": 200}"
1e-10,160,16,left,sample_variance,0.0,0,0.0,0.0,"{""15"": 200, ""30"": 200, ""5"": 200}",,"{""15"": 0, ""30"": 0, ""5"": 0}",,"{""15"": 0, ""30"": 0, ""5"": 0}",1.0,"{""15"": 200, ""30"": 200, ""5"": 200}"
1e-10,160,16,left,sample_variance,0.2,0,0.0,0.0,"{""15"": 200, ""30"": 200, ""5"": 200}",,"{""15"": 0, ""30"": 0, ""5"": 0}",,"{""15"": 0, ""30"": 0, ""5"": 0}",1.0,"{""15"": 200, ""30"": 200, ""5"": 200}"
1e-10,160,16,left,sample_variance,0.3333333333333333,0,0.0,0.0,"{""15"": 200, ""30"": 200, ""5"": 200}",,"{""15"": 0, ""30"": 0, ""5"": 0}",,"{""15"": 0, ""30"": 0, ""5"": 0}",1.0,"{""15"": 200, ""30"": 200, ""5"": 200}"
1e-10,160,16,left,sample_variance,0.5,0,0.0,0.0,"{""15"": 200, ""30"": 200, ""5"": 200}",,"{""15"": 0, ""30"": 0, ""5"": 0}",,"{""15"": 0, ""30"": 0, ""5"": 0}",1.0,"{""15"": 200, ""30"": 200, ""5"": 200}"
1e-10,160,16,left,paired_mean,0.0,0,0.0,0.0,"{""15"": 200, ""30"": 200, ""5"": 200}",,"{""15"": 0, ""30"": 0, ""5"": 0}",,"{""15"": 0, ""30"": 0, ""5"": 0}",1.0,"{""15"": 200, ""30"": 200, ""5"": 200}"
1e-10,160,16,left,paired_mean,0.2,0,0.0,0.0,"{""15"": 200, ""30"": 200, ""5"": 200}",,"{""15"": 0, ""30"": 0, ""5"": 0}",,"{""15"": 0, ""30"": 0, ""5"": 0}",1.0,"{""15"": 200, ""30"": 200, ""5"": 200}"
1e-10,160,16,left,paired_mean,0.3333333333333333,0,0.0,0.0,"{""15"": 200, ""30"": 200, ""5"": 200}",,"{""15"": 0, ""30"": 0, ""5"": 0}",,"{""15"": 0, ""30"": 0, ""5"": 0}",1.0,"{""15"": 200, ""30"": 200, ""5"": 200}"
1e-10,160,16,left,paired_mean,0.5,0,0.0,0.0,"{""15"": 200, ""30"": 200, ""5"": 200}",,"{""15"": 0, ""30"": 0, ""5"": 0}",,"{""15"": 0, ""30"": 0, ""5"": 0}",1.0,"{""15"": 200, ""30"": 200, ""5"": 200}"
1e-10,160,16,left,mom_w1,0.0,0,0.0,0.0,"{""15"": 200, ""30"": 200, ""5"": 200}",,"{""15"": 0, ""30"": 0, ""5"": 0}",,"{""15"": 0, ""30"": 0, ""5"": 0}",1.0,"{""15"": 200, ""30"": 200, ""5"": 200}"
1e-10,160,16,left,mom_w1,0.2,0,0.0,0.0,"{""15"": 200, ""30"": 200, ""5"": 200}",,"{""15"": 0, ""30"": 0, ""5"": 0}",,"{""15"": 0, ""30"": 0, ""5"": 0}",1.0,"{""15"": 200, ""30"": 200, ""5"": 200}"
1e-10,160,16,left,mom_w1,0.3333333333333333,0,0.0,0.0,"{""15"": 200, ""30"": 200, ""5"": 200}",,"{""15"": 0, ""30"": 0, ""5"": 0}",,"{""15"": 0, ""30"": 0, ""5"": 0}",1.0,"{""15"": 200, ""30"": 200, ""5"": 200}"
1e-10,160,16,left,mom_w1,0.5,0,0.0,0.0,"{""15"": 200, ""30"": 200, ""5"": 200}",,"{""15"": 0, ""30"": 0, ""5"": 0}",,"{""15"": 0, ""30"": 0, ""5"": 0}",1.0,"{""15"": 200, ""30"": 200, ""5"": 200}"
1e-10,160,16,left,mom_w2,0.0,0,0.0,0.0,"{""15"": 200, ""30"": 200, ""5"": 200}",,"{""15"": 0, ""30"": 0, ""5"": 0}",,"{""15"": 0, ""30"": 0, ""5"": 0}",1.0,"{""15"": 200, ""30"": 200, ""5"": 200}"
1e-10,160,16,left,mom_w2,0.2,0,0.0,0.0,"{""15"": 200, ""30"": 200, ""5"": 200}",,"{""15"": 0, ""30"": 0, ""5"": 0}",,"{""15"": 0, ""30"": 0, ""5"": 0}",1.0,"{""15"": 200, ""30"": 200, ""5"": 200}"
1e-10,160,16,left,mom_w2,0.3333333333333333,0,0.0,0.0,"{""15"": 200, ""30"": 200, ""5"": 200}",,"{""15"": 0, ""30"": 0, ""5"": 0}",,"{""15"": 0, ""30"": 0, ""5"": 0}",1.0,"{""15"": 200, ""30"": 200, ""5"": 200}"
1e-10,160,16,left,mom_w2,0.5,0,0.0,0.0,"{""15"": 200, ""30"": 200, ""5"": 200}",,"{""15"": 0, ""30"": 0, ""5"": 0}",,"{""15"": 0, ""30"": 0, ""5"": 0}",1.0,"{""15"": 200, ""30"": 200, ""5"": 200}"
1e-10,160,16,primary,sample_variance,0.0,0,0.0,0.262274581239531,"{""15"": 199, ""30"": 200, ""5"": 200}",,"{""15"": 1, ""30"": 0, ""5"": 0}",,"{""15"": 1, ""30"": 0, ""5"": 0}",1.0,"{""15"": 200, ""30"": 200, ""5"": 200}"
1e-10,160,16,primary,sample_variance,0.2,0,0.925725,0.0005758375209380236,"{""15"": 199, ""30"": 200, ""5"": 200}",,"{""15"": 1, ""30"": 0, ""5"": 0}",,"{""15"": 1, ""30"": 0, ""5"": 0}",0.07427500000000001,"{""15"": 200, ""30"": 200, ""5"": 200}"
1e-10,160,16,primary,sample_variance,0.3333333333333333,0,0.9819,8.333333333333334e-06,"{""15"": 199, ""30"": 200, ""5"": 200}",,"{""15"": 1, ""30"": 0, ""5"": 0}",,"{""15"": 1, ""30"": 0, ""5"": 0}",0.0181,"{""15"": 200, ""30"": 200, ""5"": 200}"
1e-10,160,16,primary,sample_variance,0.5,0,0.9974333333333333,0.0,"{""15"": 199, ""30"": 200, ""5"": 200}",,"{""15"": 1, ""30"": 0, ""5"": 0}",,"{""15"": 1, ""30"": 0, ""5"": 0}",0.0025666666666666667,"{""15"": 200, ""30"": 200, ""5"": 200}"
1e-10,160,16,primary,paired_mean,0.0,0,0.0,0.31163664154103854,"{""15"": 199, ""30"": 200, ""5"": 200}",,"{""15"": 1, ""30"": 0, ""5"": 0}",,"{""15"": 1, ""30"": 0, ""5"": 0}",1.0,"{""15"": 200, ""30"": 200, ""5"": 200}"
1e-10,160,16,primary,paired_mean,0.2,0,0.8804916666666667,0.014253601340033499,"{""15"": 199, ""30"": 200, ""5"": 200}",,"{""15"": 1, ""30"": 0, ""5"": 0}",,"{""15"": 1, ""30"": 0, ""5"": 0}",0.11950833333333334,"{""15"": 200, ""30"": 200, ""5"": 200}"
1e-10,160,16,primary,paired_mean,0.3333333333333333,0,0.964675,0.002727680067001675,"{""15"": 199, ""30"": 200, ""5"": 200}",,"{""15"": 1, ""30"": 0, ""5"": 0}",,"{""15"": 1, ""30"": 0, ""5"": 0}",0.035325,"{""15"": 200, ""30"": 200, ""5"": 200}"
1e-10,160,16,primary,paired_mean,0.5,0,0.99295,0.00025862646566164154,"{""15"": 199, ""30"": 200, ""5"": 200}",,"{""15"": 1, ""30"": 0, ""5"": 0}",,"{""15"": 1, ""30"": 0, ""5"": 0}",0.007050000000000001,"{""15"": 200, ""30"": 200, ""5"": 200}"
1e-10,160,16,primary,mom_w1,0.0,0,0.0,0.3950195979899498,"{""15"": 199, ""30"": 200, ""5"": 200}",,"{""15"": 1, ""30"": 0, ""5"": 0}",,"{""15"": 1, ""30"": 0, ""5"": 0}",1.0,"{""15"": 200, ""30"": 200, ""5"": 200}"
1e-10,160,16,primary,mom_w1,0.2,0,0.67345,0.10300695142378559,"{""15"": 199, ""30"": 200, ""5"": 200}",,"{""15"": 1, ""30"": 0, ""5"": 0}",,"{""15"": 1, ""30"": 0, ""5"": 0}",0.32655,"{""15"": 200, ""30"": 200, ""5"": 200}"
1e-10,160,16,primary,mom_w1,0.3333333333333333,0,0.8493,0.042100418760469015,"{""15"": 199, ""30"": 200, ""5"": 200}",,"{""15"": 1, ""30"": 0, ""5"": 0}",,"{""15"": 1, ""30"": 0, ""5"": 0}",0.15070000000000003,"{""15"": 200, ""30"": 200, ""5"": 200}"
1e-10,160,16,primary,mom_w1,0.5,0,0.9468916666666667,0.012860343383584586,"{""15"": 199, ""30"": 200, ""5"": 200}",,"{""15"": 1, ""30"": 0, ""5"": 0}",,"{""15"": 1, ""30"": 0, ""5"": 0}",0.053108333333333334,"{""15"": 200, ""30"": 200, ""5"": 200}"
1e-10,160,16,primary,mom_w2,0.0,0,0.0,0.35749258793969846,"{""15"": 199, ""30"": 200, ""5"": 200}",,"{""15"": 1, ""30"": 0, ""5"": 0}",,"{""15"": 1, ""30"": 0, ""5"": 0}",1.0,"{""15"": 200, ""30"": 200, ""5"": 200}"
1e-10,160,16,primary,mom_w2,0.2,0,0.7981333333333334,0.04532311557788945,"{""15"": 199, ""30"": 200, ""5"": 200}",,"{""15"": 1, ""30"": 0, ""5"": 0}",,"{""15"": 1, ""30"": 0, ""5"": 0}",0.20186666666666667,"{""15"": 200, ""30"": 200, ""5"": 200}"
1e-10,160,16,primary,mom_w2,0.3333333333333333,0,0.926125,0.013043969849246233,"{""15"": 199, ""30"": 200, ""5"": 200}",,"{""15"": 1, ""30"": 0, ""5"": 0}",,"{""15"": 1, ""30"": 0, ""5"": 0}",0.07387499999999998,"{""15"": 200, ""30"": 200, ""5"": 200}"
1e-10,160,16,primary,mom_w2,0.5,0,0.9798416666666667,0.0027367671691792294,"{""15"": 199, ""30"": 200, ""5"": 200}",,"{""15"": 1, ""30"": 0, ""5"": 0}",,"{""15"": 1, ""30"": 0, ""5"": 0}",0.020158333333333334,"{""15"": 200, ""30"": 200, ""5"": 200}"
1e-10,160,16,right,sample_variance,0.0,0,0.0,0.26905833333333334,"{""15"": 200, ""30"": 200, ""5"": 200}",,"{""15"": 0, ""30"": 0, ""5"": 0}",,"{""15"": 0, ""30"": 0, ""5"": 0}",1.0,"{""15"": 200, ""30"": 200, ""5"": 200}"
1e-10,160,16,right,sample_variance,0.2,0,0.9406833333333333,0.0005916666666666667,"{""15"": 200, ""30"": 200, ""5"": 200}",,"{""15"": 0, ""30"": 0, ""5"": 0}",,"{""15"": 0, ""30"": 0, ""5"": 0}",0.05931666666666666,"{""15"": 200, ""30"": 200, ""5"": 200}"
1e-10,160,16,right,sample_variance,0.3333333333333333,0,0.987625,8.333333333333334e-06,"{""15"": 200, ""30"": 200, ""5"": 200}",,"{""15"": 0, ""30"": 0, ""5"": 0}",,"{""15"": 0, ""30"": 0, ""5"": 0}",0.012375000000000002,"{""15"": 200, ""30"": 200, ""5"": 200}"
1e-10,160,16,right,sample_variance,0.5,0,0.99865,0.0,"{""15"": 200, ""30"": 200, ""5"": 200}",,"{""15"": 0, ""30"": 0, ""5"": 0}",,"{""15"": 0, ""30"": 0, ""5"": 0}",0.0013500000000000003,"{""15"": 200, ""30"": 200, ""5"": 200}"
1e-10,160,16,right,paired_mean,0.0,0,0.0,0.32128333333333337,"{""15"": 200, ""30"": 200, ""5"": 200}",,"{""15"": 0, ""30"": 0, ""5"": 0}",,"{""15"": 0, ""30"": 0, ""5"": 0}",1.0,"{""15"": 200, ""30"": 200, ""5"": 200}"
1e-10,160,16,right,paired_mean,0.2,0,0.8964833333333333,0.014225,"{""15"": 200, ""30"": 200, ""5"": 200}",,"{""15"": 0, ""30"": 0, ""5"": 0}",,"{""15"": 0, ""30"": 0, ""5"": 0}",0.10351666666666669,"{""15"": 200, ""30"": 200, ""5"": 200}"
1e-10,160,16,right,paired_mean,0.3333333333333333,0,0.9732916666666667,0.002375,"{""15"": 200, ""30"": 200, ""5"": 200}",,"{""15"": 0, ""30"": 0, ""5"": 0}",,"{""15"": 0, ""30"": 0, ""5"": 0}",0.026708333333333334,"{""15"": 200, ""30"": 200, ""5"": 200}"
1e-10,160,16,right,paired_mean,0.5,0,0.9952333333333333,0.00030000000000000003,"{""15"": 200, ""30"": 200, ""5"": 200}",,"{""15"": 0, ""30"": 0, ""5"": 0}",,"{""15"": 0, ""30"": 0, ""5"": 0}",0.0047666666666666664,"{""15"": 200, ""30"": 200, ""5"": 200}"
1e-10,160,16,right,mom_w1,0.0,0,0.0,0.40044166666666664,"{""15"": 200, ""30"": 200, ""5"": 200}",,"{""15"": 0, ""30"": 0, ""5"": 0}",,"{""15"": 0, ""30"": 0, ""5"": 0}",1.0,"{""15"": 200, ""30"": 200, ""5"": 200}"
1e-10,160,16,right,mom_w1,0.2,0,0.689575,0.10175833333333333,"{""15"": 200, ""30"": 200, ""5"": 200}",,"{""15"": 0, ""30"": 0, ""5"": 0}",,"{""15"": 0, ""30"": 0, ""5"": 0}",0.310425,"{""15"": 200, ""30"": 200, ""5"": 200}"
1e-10,160,16,right,mom_w1,0.3333333333333333,0,0.8630916666666667,0.04068333333333334,"{""15"": 200, ""30"": 200, ""5"": 200}",,"{""15"": 0, ""30"": 0, ""5"": 0}",,"{""15"": 0, ""30"": 0, ""5"": 0}",0.13690833333333333,"{""15"": 200, ""30"": 200, ""5"": 200}"
1e-10,160,16,right,mom_w1,0.5,0,0.9541416666666667,0.0126,"{""15"": 200, ""30"": 200, ""5"": 200}",,"{""15"": 0, ""30"": 0, ""5"": 0}",,"{""15"": 0, ""30"": 0, ""5"": 0}",0.045858333333333334,"{""15"": 200, ""30"": 200, ""5"": 200}"
1e-10,160,16,right,mom_w2,0.0,0,0.0,0.36415000000000003,"{""15"": 200, ""30"": 200, ""5"": 200}",,"{""15"": 0, ""30"": 0, ""5"": 0}",,"{""15"": 0, ""30"": 0, ""5"": 0}",1.0,"{""15"": 200, ""30"": 200, ""5"": 200}"
1e-10,160,16,right,mom_w2,0.2,0,0.8183666666666667,0.0436,"{""15"": 200, ""30"": 200, ""5"": 200}",,"{""15"": 0, ""30"": 0, ""5"": 0}",,"{""15"": 0, ""30"": 0, ""5"": 0}",0.18163333333333334,"{""15"": 200, ""30"": 200, ""5"": 200}"
1e-10,160,16,right,mom_w2,0.3333333333333333,0,0.9370416666666667,0.011899999999999999,"{""15"": 200, ""30"": 200, ""5"": 200}",,"{""15"": 0, ""30"": 0, ""5"": 0}",,"{""15"": 0, ""30"": 0, ""5"": 0}",0.06295833333333334,"{""15"": 200, ""30"": 200, ""5"": 200}"
1e-10,160,16,right,mom_w2,0.5,0,0.9848416666666666,0.0022666666666666664,"{""15"": 200, ""30"": 200, ""5"": 200}",,"{""15"": 0, ""30"": 0, ""5"": 0}",,"{""15"": 0, ""30"": 0, ""5"": 0}",0.015158333333333334,"{""15"": 200, ""30"": 200, ""5"": 200}"
1e-10,240,16,left,sample_variance,0.0,0,0.0,0.0,"{""15"": 200, ""30"": 200, ""5"": 200}",,"{""15"": 0, ""30"": 0, ""5"": 0}",,"{""15"": 0, ""30"": 0, ""5"": 0}",1.0,"{""15"": 200, ""30"": 200, ""5"": 200}"
1e-10,240,16,left,sample_variance,0.2,0,0.0,0.0,"{""15"": 200, ""30"": 200, ""5"": 200}",,"{""15"": 0, ""30"": 0, ""5"": 0}",,"{""15"": 0, ""30"": 0, ""5"": 0}",1.0,"{""15"": 200, ""30"": 200, ""5"": 200}"
1e-10,240,16,left,sample_variance,0.3333333333333333,0,0.0,0.0,"{""15"": 200, ""30"": 200, ""5"": 200}",,"{""15"": 0, ""30"": 0, ""5"": 0}",,"{""15"": 0, ""30"": 0, ""5"": 0}",1.0,"{""15"": 200, ""30"": 200, ""5"": 200}"
1e-10,240,16,left,sample_variance,0.5,0,0.0,0.0,"{""15"": 200, ""30"": 200, ""5"": 200}",,"{""15"": 0, ""30"": 0, ""5"": 0}",,"{""15"": 0, ""30"": 0, ""5"": 0}",1.0,"{""15"": 200, ""30"": 200, ""5"": 200}"
1e-10,240,16,left,paired_mean,0.0,0,0.0,0.0,"{""15"": 200, ""30"": 200, ""5"": 200}",,"{""15"": 0, ""30"": 0, ""5"": 0}",,"{""15"": 0, ""30"": 0, ""5"": 0}",1.0,"{""15"": 200, ""30"": 200, ""5"": 200}"
1e-10,240,16,left,paired_mean,0.2,0,0.0,0.0,"{""15"": 200, ""30"": 200, ""5"": 200}",,"{""15"": 0, ""30"": 0, ""5"": 0}",,"{""15"": 0, ""30"": 0, ""5"": 0}",1.0,"{""15"": 200, ""30"": 200, ""5"": 200}"
1e-10,240,16,left,paired_mean,0.3333333333333333,0,0.0,0.0,"{""15"": 200, ""30"": 200, ""5"": 200}",,"{""15"": 0, ""30"": 0, ""5"": 0}",,"{""15"": 0, ""30"": 0, ""5"": 0}",1.0,"{""15"": 200, ""30"": 200, ""5"": 200}"
1e-10,240,16,left,paired_mean,0.5,0,0.0,0.0,"{""15"": 200, ""30"": 200, ""5"": 200}",,"{""15"": 0, ""30"": 0, ""5"": 0}",,"{""15"": 0, ""30"": 0, ""5"": 0}",1.0,"{""15"": 200, ""30"": 200, ""5"": 200}"
1e-10,240,16,left,mom_w1,0.0,0,0.0,0.0,"{""15"": 200, ""30"": 200, ""5"": 200}",,"{""15"": 0, ""30"": 0, ""5"": 0}",,"{""15"": 0, ""30"": 0, ""5"": 0}",1.0,"{""15"": 200, ""30"": 200, ""5"": 200}"
1e-10,240,16,left,mom_w1,0.2,0,0.0,0.0,"{""15"": 200, ""30"": 200, ""5"": 200}",,"{""15"": 0, ""30"": 0, ""5"": 0}",,"{""15"": 0, ""30"": 0, ""5"": 0}",1.0,"{""15"": 200, ""30"": 200, ""5"": 200}"
1e-10,240,16,left,mom_w1,0.3333333333333333,0,0.0,0.0,"{""15"": 200, ""30"": 200, ""5"": 200}",,"{""15"": 0, ""30"": 0, ""5"": 0}",,"{""15"": 0, ""30"": 0, ""5"": 0}",1.0,"{""15"": 200, ""30"": 200, ""5"": 200}"
1e-10,240,16,left,mom_w1,0.5,0,0.0,0.0,"{""15"": 200, ""30"": 200, ""5"": 200}",,"{""15"": 0, ""30"": 0, ""5"": 0}",,"{""15"": 0, ""30"": 0, ""5"": 0}",1.0,"{""15"": 200, ""30"": 200, ""5"": 200}"
1e-10,240,16,left,mom_w2,0.0,0,0.0,0.0,"{""15"": 200, ""30"": 200, ""5"": 200}",,"{""15"": 0, ""30"": 0, ""5"": 0}",,"{""15"": 0, ""30"": 0, ""5"": 0}",1.0,"{""15"": 200, ""30"": 200, ""5"": 200}"
1e-10,240,16,left,mom_w2,0.2,0,0.0,0.0,"{""15"": 200, ""30"": 200, ""5"": 200}",,"{""15"": 0, ""30"": 0, ""5"": 0}",,"{""15"": 0, ""30"": 0, ""5"": 0}",1.0,"{""15"": 200, ""30"": 200, ""5"": 200}"
1e-10,240,16,left,mom_w2,0.3333333333333333,0,0.0,0.0,"{""15"": 200, ""30"": 200, ""5"": 200}",,"{""15"": 0, ""30"": 0, ""5"": 0}",,"{""15"": 0, ""30"": 0, ""5"": 0}",1.0,"{""15"": 200, ""30"": 200, ""5"": 200}"
1e-10,240,16,left,mom_w2,0.5,0,0.0,0.0,"{""15"": 200, ""30"": 200, ""5"": 200}",,"{""15"": 0, ""30"": 0, ""5"": 0}",,"{""15"": 0, ""30"": 0, ""5"": 0}",1.0,"{""15"": 200, ""30"": 200, ""5"": 200}"
1e-10,240,16,primary,sample_variance,0.0,0,0.0,0.2848990368509212,"{""15"": 199, ""30"": 200, ""5"": 200}",,"{""15"": 1, ""30"": 0, ""5"": 0}",,"{""15"": 1, ""30"": 0, ""5"": 0}",1.0,"{""15"": 200, ""30"": 200, ""5"": 200}"
1e-10,240,16,primary,sample_variance,0.2,0,0.9276,0.0006176298157453937,"{""15"": 199, ""30"": 200, ""5"": 200}",,"{""15"": 1, ""30"": 0, ""5"": 0}",,"{""15"": 1, ""30"": 0, ""5"": 0}",0.07239999999999999,"{""15"": 200, ""30"": 200, ""5"": 200}"
1e-10,240,16,primary,sample_variance,0.3333333333333333,0,0.9821416666666667,8.333333333333334e-06,"{""15"": 199, ""30"": 200, ""5"": 200}",,"{""15"": 1, ""30"": 0, ""5"": 0}",,"{""15"": 1, ""30"": 0, ""5"": 0}",0.017858333333333334,"{""15"": 200, ""30"": 200, ""5"": 200}"
1e-10,240,16,primary,sample_variance,0.5,0,0.9974666666666666,0.0,"{""15"": 199, ""30"": 200, ""5"": 200}",,"{""15"": 1, ""30"": 0, ""5"": 0}",,"{""15"": 1, ""30"": 0, ""5"": 0}",0.002533333333333333,"{""15"": 200, ""30"": 200, ""5"": 200}"
1e-10,240,16,primary,paired_mean,0.0,0,0.0,0.3283014237855946,"{""15"": 199, ""30"": 200, ""5"": 200}",,"{""15"": 1, ""30"": 0, ""5"": 0}",,"{""15"": 1, ""30"": 0, ""5"": 0}",1.0,"{""15"": 200, ""30"": 200, ""5"": 200}"
1e-10,240,16,primary,paired_mean,0.2,0,0.882225,0.014846524288107205,"{""15"": 199, ""30"": 200, ""5"": 200}",,"{""15"": 1, ""30"": 0, ""5"": 0}",,"{""15"": 1, ""30"": 0, ""5"": 0}",0.117775,"{""15"": 200, ""30"": 200, ""5"": 200}"
1e-10,240,16,primary,paired_mean,0.3333333333333333,0,0.9651333333333333,0.00282784757118928,"{""15"": 199, ""30"": 200, ""5"": 200}",,"{""15"": 1, ""30"": 0, ""5"": 0}",,"{""15"": 1, ""30"": 0, ""5"": 0}",0.03486666666666667,"{""15"": 200, ""30"": 200, ""5"": 200}"
1e-10,240,16,primary,paired_mean,0.5,0,0.9930583333333334,0.00025862646566164154,"{""15"": 199, ""30"": 200, ""5"": 200}",,"{""15"": 1, ""30"": 0, ""5"": 0}",,"{""15"": 1, ""30"": 0, ""5"": 0}",0.006941666666666668,"{""15"": 200, ""30"": 200, ""5"": 200}"
1e-10,240,16,primary,mom_w1,0.0,0,0.0,0.40469116415410394,"{""15"": 199, ""30"": 200, ""5"": 200}",,"{""15"": 1, ""30"": 0, ""5"": 0}",,"{""15"": 1, ""30"": 0, ""5"": 0}",1.0,"{""15"": 200, ""30"": 200, ""5"": 200}"
1e-10,240,16,primary,mom_w1,0.2,0,0.6750583333333333,0.10524384422110554,"{""15"": 199, ""30"": 200, ""5"": 200}",,"{""15"": 1, ""30"": 0, ""5"": 0}",,"{""15"": 1, ""30"": 0, ""5"": 0}",0.32494166666666663,"{""15"": 200, ""30"": 200, ""5"": 200}"
1e-10,240,16,primary,mom_w1,0.3333333333333333,0,0.8500583333333334,0.042968718592964826,"{""15"": 199, ""30"": 200, ""5"": 200}",,"{""15"": 1, ""30"": 0, ""5"": 0}",,"{""15"": 1, ""30"": 0, ""5"": 0}",0.14994166666666667,"{""15"": 200, ""30"": 200, ""5"": 200}"
1e-10,240,16,primary,mom_w1,0.5,0,0.9472,0.013035594639865996,"{""15"": 199, ""30"": 200, ""5"": 200}",,"{""15"": 1, ""30"": 0, ""5"": 0}",,"{""15"": 1, ""30"": 0, ""5"": 0}",0.05280000000000001,"{""15"": 200, ""30"": 200, ""5"": 200}"
1e-10,240,16,primary,mom_w2,0.0,0,0.0,0.37088680904522614,"{""15"": 199, ""30"": 200, ""5"": 200}",,"{""15"": 1, ""30"": 0, ""5"": 0}",,"{""15"": 1, ""30"": 0, ""5"": 0}",1.0,"{""15"": 200, ""30"": 200, ""5"": 200}"
1e-10,240,16,primary,mom_w2,0.2,0,0.7998666666666666,0.04672537688442211,"{""15"": 199, ""30"": 200, ""5"": 200}",,"{""15"": 1, ""30"": 0, ""5"": 0}",,"{""15"": 1, ""30"": 0, ""5"": 0}",0.20013333333333336,"{""15"": 200, ""30"": 200, ""5"": 200}"
1e-10,240,16,primary,mom_w2,0.3333333333333333,0,0.926825,0.013327721943048576,"{""15"": 199, ""30"": 200, ""5"": 200}",,"{""15"": 1, ""30"": 0, ""5"": 0}",,"{""15"": 1, ""30"": 0, ""5"": 0}",0.073175,"{""15"": 200, ""30"": 200, ""5"": 200}"
1e-10,240,16,primary,mom_w2,0.5,0,0.9800166666666666,0.0027618090452261306,"{""15"": 199, ""30"": 200, ""5"": 200}",,"{""15"": 1, ""30"": 0, ""5"": 0}",,"{""15"": 1, ""30"": 0, ""5"": 0}",0.019983333333333332,"{""15"": 200, ""30"": 200, ""5"": 200}"
1e-10,240,16,right,sample_variance,0.0,0,0.0,0.2937666666666667,"{""15"": 200, ""30"": 200, ""5"": 200}",,"{""15"": 0, ""30"": 0, ""5"": 0}",,"{""15"": 0, ""30"": 0, ""5"": 0}",1.0,"{""15"": 200, ""30"": 200, ""5"": 200}"
1e-10,240,16,right,sample_variance,0.2,0,0.942425,0.0006666666666666669,"{""15"": 200, ""30"": 200, ""5"": 200}",,"{""15"": 0, ""30"": 0, ""5"": 0}",,"{""15"": 0, ""30"": 0, ""5"": 0}",0.05757499999999999,"{""15"": 200, ""30"": 200, ""5"": 200}"
1e-10,240,16,right,sample_variance,0.3333333333333333,0,0.987825,1.6666666666666667e-05,"{""15"": 200, ""30"": 200, ""5"": 200}",,"{""15"": 0, ""30"": 0, ""5"": 0}",,"{""15"": 0, ""30"": 0, ""5"": 0}",0.012175000000000004,"{""15"": 200, ""30"": 200, ""5"": 200}"
1e-10,240,16,right,sample_variance,0.5,0,0.9986916666666666,0.0,"{""15"": 200, ""30"": 200, ""5"": 200}",,"{""15"": 0, ""30"": 0, ""5"": 0}",,"{""15"": 0, ""30"": 0, ""5"": 0}",0.0013083333333333334,"{""15"": 200, ""30"": 200, ""5"": 200}"
1e-10,240,16,right,paired_mean,0.0,0,0.0,0.33921666666666667,"{""15"": 200, ""30"": 200, ""5"": 200}",,"{""15"": 0, ""30"": 0, ""5"": 0}",,"{""15"": 0, ""30"": 0, ""5"": 0}",1.0,"{""15"": 200, ""30"": 200, ""5"": 200}"
1e-10,240,16,right,paired_mean,0.2,0,0.8984583333333334,0.0148,"{""15"": 200, ""30"": 200, ""5"": 200}",,"{""15"": 0, ""30"": 0, ""5"": 0}",,"{""15"": 0, ""30"": 0, ""5"": 0}",0.10154166666666668,"{""15"": 200, ""30"": 200, ""5"": 200}"
1e-10,240,16,right,paired_mean,0.3333333333333333,0,0.9737083333333333,0.0024500000000000004,"{""15"": 200, ""30"": 200, ""5"": 200}",,"{""15"": 0, ""30"": 0, ""5"": 0}",,"{""15"": 0, ""30"": 0, ""5"": 0}",0.026291666666666668,"{""15"": 200, ""30"": 200, ""5"": 200}"
1e-10,240,16,right,paired_mean,0.5,0,0.9952666666666666,0.00030833333333333337,"{""15"": 200, ""30"": 200, ""5"": 200}",,"{""15"": 0, ""30"": 0, ""5"": 0}",,"{""15"": 0, ""30"": 0, ""5"": 0}",0.004733333333333333,"{""15"": 200, ""30"": 200, ""5"": 200}"
1e-10,240,16,right,mom_w1,0.0,0,0.0,0.410175,"{""15"": 200, ""30"": 200, ""5"": 200}",,"{""15"": 0, ""30"": 0, ""5"": 0}",,"{""15"": 0, ""30"": 0, ""5"": 0}",1.0,"{""15"": 200, ""30"": 200, ""5"": 200}"
1e-10,240,16,right,mom_w1,0.2,0,0.6907083333333334,0.10406666666666665,"{""15"": 200, ""30"": 200, ""5"": 200}",,"{""15"": 0, ""30"": 0, ""5"": 0}",,"{""15"": 0, ""30"": 0, ""5"": 0}",0.3092916666666667,"{""15"": 200, ""30"": 200, ""5"": 200}"
1e-10,240,16,right,mom_w1,0.3333333333333333,0,0.863925,0.04148333333333334,"{""15"": 200, ""30"": 200, ""5"": 200}",,"{""15"": 0, ""30"": 0, ""5"": 0}",,"{""15"": 0, ""30"": 0, ""5"": 0}",0.13607500000000003,"{""15"": 200, ""30"": 200, ""5"": 200}"
1e-10,240,16,right,mom_w1,0.5,0,0.9543666666666667,0.012791666666666666,"{""15"": 200, ""30"": 200, ""5"": 200}",,"{""15"": 0, ""30"": 0, ""5"": 0}",,"{""15"": 0, ""30"": 0, ""5"": 0}",0.04563333333333333,"{""15"": 200, ""30"": 200, ""5"": 200}"
1e-10,240,16,right,mom_w2,0.0,0,0.0,0.3782916666666667,"{""15"": 200, ""30"": 200, ""5"": 200}",,"{""15"": 0, ""30"": 0, ""5"": 0}",,"{""15"": 0, ""30"": 0, ""5"": 0}",1.0,"{""15"": 200, ""30"": 200, ""5"": 200}"
1e-10,240,16,right,mom_w2,0.2,0,0.8201,0.04499166666666667,"{""15"": 200, ""30"": 200, ""5"": 200}",,"{""15"": 0, ""30"": 0, ""5"": 0}",,"{""15"": 0, ""30"": 0, ""5"": 0}",0.17989999999999998,"{""15"": 200, ""30"": 200, ""5"": 200}"
1e-10,240,16,right,mom_w2,0.3333333333333333,0,0.9377833333333333,0.012141666666666667,"{""15"": 200, ""30"": 200, ""5"": 200}",,"{""15"": 0, ""30"": 0, ""5"": 0}",,"{""15"": 0, ""30"": 0, ""5"": 0}",0.06221666666666667,"{""15"": 200, ""30"": 200, ""5"": 200}"
1e-10,240,16,right,mom_w2,0.5,0,0.9850083333333334,0.0023333333333333335,"{""15"": 200, ""30"": 200, ""5"": 200}",,"{""15"": 0, ""30"": 0, ""5"": 0}",,"{""15"": 0, ""30"": 0, ""5"": 0}",0.014991666666666667,"{""15"": 200, ""30"": 200, ""5"": 200}"
1e-10,80,32,left,sample_variance,0.0,0,0.0,0.0,"{""15"": 200, ""30"": 200, ""5"": 200}",,"{""15"": 0, ""30"": 0, ""5"": 0}",,"{""15"": 0, ""30"": 0, ""5"": 0}",1.0,"{""15"": 200, ""30"": 200, ""5"": 200}"
1e-10,80,32,left,sample_variance,0.2,0,0.0,0.0,"{""15"": 200, ""30"": 200, ""5"": 200}",,"{""15"": 0, ""30"": 0, ""5"": 0}",,"{""15"": 0, ""30"": 0, ""5"": 0}",1.0,"{""15"": 200, ""30"": 200, ""5"": 200}"
1e-10,80,32,left,sample_variance,0.3333333333333333,0,0.0,0.0,"{""15"": 200, ""30"": 200, ""5"": 200}",,"{""15"": 0, ""30"": 0, ""5"": 0}",,"{""15"": 0, ""30"": 0, ""5"": 0}",1.0,"{""15"": 200, ""30"": 200, ""5"": 200}"
1e-10,80,32,left,sample_variance,0.5,0,0.0,0.0,"{""15"": 200, ""30"": 200, ""5"": 200}",,"{""15"": 0, ""30"": 0, ""5"": 0}",,"{""15"": 0, ""30"": 0, ""5"": 0}",1.0,"{""15"": 200, ""30"": 200, ""5"": 200}"
1e-10,80,32,left,paired_mean,0.0,0,0.0,0.0,"{""15"": 200, ""30"": 200, ""5"": 200}",,"{""15"": 0, ""30"": 0, ""5"": 0}",,"{""15"": 0, ""30"": 0, ""5"": 0}",1.0,"{""15"": 200, ""30"": 200, ""5"": 200}"
1e-10,80,32,left,paired_mean,0.2,0,0.0,0.0,"{""15"": 200, ""30"": 200, ""5"": 200}",,"{""15"": 0, ""30"": 0, ""5"": 0}",,"{""15"": 0, ""30"": 0, ""5"": 0}",1.0,"{""15"": 200, ""30"": 200, ""5"": 200}"
1e-10,80,32,left,paired_mean,0.3333333333333333,0,0.0,0.0,"{""15"": 200, ""30"": 200, ""5"": 200}",,"{""15"": 0, ""30"": 0, ""5"": 0}",,"{""15"": 0, ""30"": 0, ""5"": 0}",1.0,"{""15"": 200, ""30"": 200, ""5"": 200}"
1e-10,80,32,left,paired_mean,0.5,0,0.0,0.0,"{""15"": 200, ""30"": 200, ""5"": 200}",,"{""15"": 0, ""30"": 0, ""5"": 0}",,"{""15"": 0, ""30"": 0, ""5"": 0}",1.0,"{""15"": 200, ""30"": 200, ""5"": 200}"
1e-10,80,32,left,mom_w1,0.0,0,0.0,0.0,"{""15"": 200, ""30"": 200, ""5"": 200}",,"{""15"": 0, ""30"": 0, ""5"": 0}",,"{""15"": 0, ""30"": 0, ""5"": 0}",1.0,"{""15"": 200, ""30"": 200, ""5"": 200}"
1e-10,80,32,left,mom_w1,0.2,0,0.0,0.0,"{""15"": 200, ""30"": 200, ""5"": 200}",,"{""15"": 0, ""30"": 0, ""5"": 0}",,"{""15"": 0, ""30"": 0, ""5"": 0}",1.0,"{""15"": 200, ""30"": 200, ""5"": 200}"
1e-10,80,32,left,mom_w1,0.3333333333333333,0,0.0,0.0,"{""15"": 200, ""30"": 200, ""5"": 200}",,"{""15"": 0, ""30"": 0, ""5"": 0}",,"{""15"": 0, ""30"": 0, ""5"": 0}",1.0,"{""15"": 200, ""30"": 200, ""5"": 200}"
1e-10,80,32,left,mom_w1,0.5,0,0.0,0.0,"{""15"": 200, ""30"": 200, ""5"": 200}",,"{""15"": 0, ""30"": 0, ""5"": 0}",,"{""15"": 0, ""30"": 0, ""5"": 0}",1.0,"{""15"": 200, ""30"": 200, ""5"": 200}"
1e-10,80,32,left,mom_w2,0.0,0,0.0,0.0,"{""15"": 200, ""30"": 200, ""5"": 200}",,"{""15"": 0, ""30"": 0, ""5"": 0}",,"{""15"": 0, ""30"": 0, ""5"": 0}",1.0,"{""15"": 200, ""30"": 200, ""5"": 200}"
1e-10,80,32,left,mom_w2,0.2,0,0.0,0.0,"{""15"": 200, ""30"": 200, ""5"": 200}",,"{""15"": 0, ""30"": 0, ""5"": 0}",,"{""15"": 0, ""30"": 0, ""5"": 0}",1.0,"{""15"": 200, ""30"": 200, ""5"": 200}"
1e-10,80,32,left,mom_w2,0.3333333333333333,0,0.0,0.0,"{""15"": 200, ""30"": 200, ""5"": 200}",,"{""15"": 0, ""30"": 0, ""5"": 0}",,"{""15"": 0, ""30"": 0, ""5"": 0}",1.0,"{""15"": 200, ""30"": 200, ""5"": 200}"
1e-10,80,32,left,mom_w2,0.5,0,0.0,0.0,"{""15"": 200, ""30"": 200, ""5"": 200}",,"{""15"": 0, ""30"": 0, ""5"": 0}",,"{""15"": 0, ""30"": 0, ""5"": 0}",1.0,"{""15"": 200, ""30"": 200, ""5"": 200}"
1e-10,80,32,primary,sample_variance,0.0,0,0.0,0.07161712730318258,"{""15"": 199, ""30"": 200, ""5"": 200}",,"{""15"": 1, ""30"": 0, ""5"": 0}",,"{""15"": 1, ""30"": 0, ""5"": 0}",1.0,"{""15"": 200, ""30"": 200, ""5"": 200}"
1e-10,80,32,primary,sample_variance,0.2,0,0.9497416666666667,0.0,"{""15"": 199, ""30"": 200, ""5"": 200}",,"{""15"": 1, ""30"": 0, ""5"": 0}",,"{""15"": 1, ""30"": 0, ""5"": 0}",0.05025833333333333,"{""15"": 200, ""30"": 200, ""5"": 200}"
1e-10,80,32,primary,sample_variance,0.3333333333333333,0,0.9942,0.0,"{""15"": 199, ""30"": 200, ""5"": 200}",,"{""15"": 1, ""30"": 0, ""5"": 0}",,"{""15"": 1, ""30"": 0, ""5"": 0}",0.0058,"{""15"": 200, ""30"": 200, ""5"": 200}"
1e-10,80,32,primary,sample_variance,0.5,0,0.9996833333333334,0.0,"{""15"": 199, ""30"": 200, ""5"": 200}",,"{""15"": 1, ""30"": 0, ""5"": 0}",,"{""15"": 1, ""30"": 0, ""5"": 0}",0.00031666666666666665,"{""15"": 200, ""30"": 200, ""5"": 200}"
1e-10,80,32,primary,paired_mean,0.0,0,0.0,0.14615175879396985,"{""15"": 199, ""30"": 200, ""5"": 200}",,"{""15"": 1, ""30"": 0, ""5"": 0}",,"{""15"": 1, ""30"": 0, ""5"": 0}",1.0,"{""15"": 200, ""30"": 200, ""5"": 200}"
1e-10,80,32,primary,paired_mean,0.2,0,0.9237,0.001376005025125628,"{""15"": 199, ""30"": 200, ""5"": 200}",,"{""15"": 1, ""30"": 0, ""5"": 0}",,"{""15"": 1, ""30"": 0, ""5"": 0}",0.07629999999999999,"{""15"": 200, ""30"": 200, ""5"": 200}"
1e-10,80,32,primary,paired_mean,0.3333333333333333,0,0.987325,7.5e-05,"{""15"": 199, ""30"": 200, ""5"": 200}",,"{""15"": 1, ""30"": 0, ""5"": 0}",,"{""15"": 1, ""30"": 0, ""5"": 0}",0.012675,"{""15"": 200, ""30"": 200, ""5"": 200}"
1e-10,80,32,primary,paired_mean,0.5,0,0.9991416666666667,0.0,"{""15"": 199, ""30"": 200, ""5"": 200}",,"{""15"": 1, ""30"": 0, ""5"": 0}",,"{""15"": 1, ""30"": 0, ""5"": 0}",0.0008583333333333333,"{""15"": 200, ""30"": 200, ""5"": 200}"
1e-10,80,32,primary,mom_w1,0.0,0,0.0,0.3113999581239531,"{""15"": 199, ""30"": 200, ""5"": 200}",,"{""15"": 1, ""30"": 0, ""5"": 0}",,"{""15"": 1, ""30"": 0, ""5"": 0}",1.0,"{""15"": 200, ""30"": 200, ""5"": 200}"
1e-10,80,32,primary,mom_w1,0.2,0,0.7231166666666666,0.055150795644891136,"{""15"": 199, ""30"": 200, ""5"": 200}",,"{""15"": 1, ""30"": 0, ""5"": 0}",,"{""15"": 1, ""30"": 0, ""5"": 0}",0.2768833333333333,"{""15"": 200, ""30"": 200, ""5"": 200}"
1e-10,80,32,primary,mom_w1,0.3333333333333333,0,0.901275,0.01540799832495812,"{""15"": 199, ""30"": 200, ""5"": 200}",,"{""15"": 1, ""30"": 0, ""5"": 0}",,"{""15"": 1, ""30"": 0, ""5"": 0}",0.09872500000000002,"{""15"": 200, ""30"": 200, ""5"": 200}"
1e-10,80,32,primary,mom_w1,0.5,0,0.9774083333333333,0.0027704773869346735,"{""15"": 199, ""30"": 200, ""5"": 200}",,"{""15"": 1, ""30"": 0, ""5"": 0}",,"{""15"": 1, ""30"": 0, ""5"": 0}",0.022591666666666666,"{""15"": 200, ""30"": 200, ""5"": 200}"
1e-10,80,32,primary,mom_w2,0.0,0,0.0,0.26363651591289783,"{""15"": 199, ""30"": 200, ""5"": 200}",,"{""15"": 1, ""30"": 0, ""5"": 0}",,"{""15"": 1, ""30"": 0, ""5"": 0}",1.0,"{""15"": 200, ""30"": 200, ""5"": 200}"
1e-10,80,32,primary,mom_w2,0.2,0,0.8135416666666667,0.023657160804020107,"{""15"": 199, ""30"": 200, ""5"": 200}",,"{""15"": 1, ""30"": 0, ""5"": 0}",,"{""15"": 1, ""30"": 0, ""5"": 0}",0.18645833333333336,"{""15"": 200, ""30"": 200, ""5"": 200}"
1e-10,80,32,primary,mom_w2,0.3333333333333333,0,0.9479,0.004423073701842546,"{""15"": 199, ""30"": 200, ""5"": 200}",,"{""15"": 1, ""30"": 0, ""5"": 0}",,"{""15"": 1, ""30"": 0, ""5"": 0}",0.05209999999999999,"{""15"": 200, ""30"": 200, ""5"": 200}"
1e-10,80,32,primary,mom_w2,0.5,0,0.9911333333333333,0.0004587939698492462,"{""15"": 199, ""30"": 200, ""5"": 200}",,"{""15"": 1, ""30"": 0, ""5"": 0}",,"{""15"": 1, ""30"": 0, ""5"": 0}",0.008866666666666669,"{""15"": 200, ""30"": 200, ""5"": 200}"
1e-10,80,32,right,sample_variance,0.0,0,0.0,0.07368333333333334,"{""15"": 200, ""30"": 200, ""5"": 200}",,"{""15"": 0, ""30"": 0, ""5"": 0}",,"{""15"": 0, ""30"": 0, ""5"": 0}",1.0,"{""15"": 200, ""30"": 200, ""5"": 200}"
1e-10,80,32,right,sample_variance,0.2,0,0.9632083333333333,0.0,"{""15"": 200, ""30"": 200, ""5"": 200}",,"{""15"": 0, ""30"": 0, ""5"": 0}",,"{""15"": 0, ""30"": 0, ""5"": 0}",0.03679166666666667,"{""15"": 200, ""30"": 200, ""5"": 200}"
1e-10,80,32,right,sample_variance,0.3333333333333333,0,0.996525,0.0,"{""15"": 200, ""30"": 200, ""5"": 200}",,"{""15"": 0, ""30"": 0, ""5"": 0}",,"{""15"": 0, ""30"": 0, ""5"": 0}",0.0034750000000000002,"{""15"": 200, ""30"": 200, ""5"": 200}"
1e-10,80,32,right,sample_variance,0.5,0,0.999925,0.0,"{""15"": 200, ""30"": 200, ""5"": 200}",,"{""15"": 0, ""30"": 0, ""5"": 0}",,"{""15"": 0, ""30"": 0, ""5"": 0}",7.500000000000001e-05,"{""15"": 200, ""30"": 200, ""5"": 200}"
1e-10,80,32,right,paired_mean,0.0,0,0.0,0.14465,"{""15"": 200, ""30"": 200, ""5"": 200}",,"{""15"": 0, ""30"": 0, ""5"": 0}",,"{""15"": 0, ""30"": 0, ""5"": 0}",1.0,"{""15"": 200, ""30"": 200, ""5"": 200}"
1e-10,80,32,right,paired_mean,0.2,0,0.9389,0.00105,"{""15"": 200, ""30"": 200, ""5"": 200}",,"{""15"": 0, ""30"": 0, ""5"": 0}",,"{""15"": 0, ""30"": 0, ""5"": 0}",0.061099999999999995,"{""15"": 200, ""30"": 200, ""5"": 200}"
1e-10,80,32,right,paired_mean,0.3333333333333333,0,0.9917833333333334,6.666666666666666e-05,"{""15"": 200, ""30"": 200, ""5"": 200}",,"{""15"": 0, ""30"": 0, ""5"": 0}",,"{""15"": 0, ""30"": 0, ""5"": 0}",0.008216666666666667,"{""15"": 200, ""30"": 200, ""5"": 200}"
1e-10,80,32,right,paired_mean,0.5,0,0.9995166666666667,0.0,"{""15"": 200, ""30"": 200, ""5"": 200}",,"{""15"": 0, ""30"": 0, ""5"": 0}",,"{""15"": 0, ""30"": 0, ""5"": 0}",0.0004833333333333334,"{""15"": 200, ""30"": 200, ""5"": 200}"
1e-10,80,32,right,mom_w1,0.0,0,0.0,0.3116,"{""15"": 200, ""30"": 200, ""5"": 200}",,"{""15"": 0, ""30"": 0, ""5"": 0}",,"{""15"": 0, ""30"": 0, ""5"": 0}",1.0,"{""15"": 200, ""30"": 200, ""5"": 200}"
1e-10,80,32,right,mom_w1,0.2,0,0.7372416666666667,0.05539166666666667,"{""15"": 200, ""30"": 200, ""5"": 200}",,"{""15"": 0, ""30"": 0, ""5"": 0}",,"{""15"": 0, ""30"": 0, ""5"": 0}",0.26275833333333337,"{""15"": 200, ""30"": 200, ""5"": 200}"
1e-10,80,32,right,mom_w1,0.3333333333333333,0,0.913125,0.015500000000000002,"{""15"": 200, ""30"": 200, ""5"": 200}",,"{""15"": 0, ""30"": 0, ""5"": 0}",,"{""15"": 0, ""30"": 0, ""5"": 0}",0.086875,"{""15"": 200, ""30"": 200, ""5"": 200}"
1e-10,80,32,right,mom_w1,0.5,0,0.98225,0.002591666666666667,"{""15"": 200, ""30"": 200, ""5"": 200}",,"{""15"": 0, ""30"": 0, ""5"": 0}",,"{""15"": 0, ""30"": 0, ""5"": 0}",0.017750000000000005,"{""15"": 200, ""30"": 200, ""5"": 200}"
1e-10,80,32,right,mom_w2,0.0,0,0.0,0.25956666666666667,"{""15"": 200, ""30"": 200, ""5"": 200}",,"{""15"": 0, ""30"": 0, ""5"": 0}",,"{""15"": 0, ""30"": 0, ""5"": 0}",1.0,"{""15"": 200, ""30"": 200, ""5"": 200}"
1e-10,80,32,right,mom_w2,0.2,0,0.8316083333333333,0.022449999999999998,"{""15"": 200, ""30"": 200, ""5"": 200}",,"{""15"": 0, ""30"": 0, ""5"": 0}",,"{""15"": 0, ""30"": 0, ""5"": 0}",0.16839166666666663,"{""15"": 200, ""30"": 200, ""5"": 200}"
1e-10,80,32,right,mom_w2,0.3333333333333333,0,0.9584083333333333,0.003925,"{""15"": 200, ""30"": 200, ""5"": 200}",,"{""15"": 0, ""30"": 0, ""5"": 0}",,"{""15"": 0, ""30"": 0, ""5"": 0}",0.04159166666666666,"{""15"": 200, ""30"": 200, ""5"": 200}"
1e-10,80,32,right,mom_w2,0.5,0,0.9939916666666667,0.00031666666666666665,"{""15"": 200, ""30"": 200, ""5"": 200}",,"{""15"": 0, ""30"": 0, ""5"": 0}",,"{""15"": 0, ""30"": 0, ""5"": 0}",0.006008333333333333,"{""15"": 200, ""30"": 200, ""5"": 200}"
1e-10,160,32,left,sample_variance,0.0,0,0.0,0.0,"{""15"": 200, ""30"": 200, ""5"": 200}",,"{""15"": 0, ""30"": 0, ""5"": 0}",,"{""15"": 0, ""30"": 0, ""5"": 0}",1.0,"{""15"": 200, ""30"": 200, ""5"": 200}"
1e-10,160,32,left,sample_variance,0.2,0,0.0,0.0,"{""15"": 200, ""30"": 200, ""5"": 200}",,"{""15"": 0, ""30"": 0, ""5"": 0}",,"{""15"": 0, ""30"": 0, ""5"": 0}",1.0,"{""15"": 200, ""30"": 200, ""5"": 200}"
1e-10,160,32,left,sample_variance,0.3333333333333333,0,0.0,0.0,"{""15"": 200, ""30"": 200, ""5"": 200}",,"{""15"": 0, ""30"": 0, ""5"": 0}",,"{""15"": 0, ""30"": 0, ""5"": 0}",1.0,"{""15"": 200, ""30"": 200, ""5"": 200}"
1e-10,160,32,left,sample_variance,0.5,0,0.0,0.0,"{""15"": 200, ""30"": 200, ""5"": 200}",,"{""15"": 0, ""30"": 0, ""5"": 0}",,"{""15"": 0, ""30"": 0, ""5"": 0}",1.0,"{""15"": 200, ""30"": 200, ""5"": 200}"
1e-10,160,32,left,paired_mean,0.0,0,0.0,0.0,"{""15"": 200, ""30"": 200, ""5"": 200}",,"{""15"": 0, ""30"": 0, ""5"": 0}",,"{""15"": 0, ""30"": 0, ""5"": 0}",1.0,"{""15"": 200, ""30"": 200, ""5"": 200}"
1e-10,160,32,left,paired_mean,0.2,0,0.0,0.0,"{""15"": 200, ""30"": 200, ""5"": 200}",,"{""15"": 0, ""30"": 0, ""5"": 0}",,"{""15"": 0, ""30"": 0, ""5"": 0}",1.0,"{""15"": 200, ""30"": 200, ""5"": 200}"
1e-10,160,32,left,paired_mean,0.3333333333333333,0,0.0,0.0,"{""15"": 200, ""30"": 200, ""5"": 200}",,"{""15"": 0, ""30"": 0, ""5"": 0}",,"{""15"": 0, ""30"": 0, ""5"": 0}",1.0,"{""15"": 200, ""30"": 200, ""5"": 200}"
1e-10,160,32,left,paired_mean,0.5,0,0.0,0.0,"{""15"": 200, ""30"": 200, ""5"": 200}",,"{""15"": 0, ""30"": 0, ""5"": 0}",,"{""15"": 0, ""30"": 0, ""5"": 0}",1.0,"{""15"": 200, ""30"": 200, ""5"": 200}"
1e-10,160,32,left,mom_w1,0.0,0,0.0,0.0,"{""15"": 200, ""30"": 200, ""5"": 200}",,"{""15"": 0, ""30"": 0, ""5"": 0}",,"{""15"": 0, ""30"": 0, ""5"": 0}",1.0,"{""15"": 200, ""30"": 200, ""5"": 200}"
1e-10,160,32,left,mom_w1,0.2,0,0.0,0.0,"{""15"": 200, ""30"": 200, ""5"": 200}",,"{""15"": 0, ""30"": 0, ""5"": 0}",,"{""15"": 0, ""30"": 0, ""5"": 0}",1.0,"{""15"": 200, ""30"": 200, ""5"": 200}"
1e-10,160,32,left,mom_w1,0.3333333333333333,0,0.0,0.0,"{""15"": 200, ""30"": 200, ""5"": 200}",,"{""15"": 0, ""30"": 0, ""5"": 0}",,"{""15"": 0, ""30"": 0, ""5"": 0}",1.0,"{""15"": 200, ""30"": 200, ""5"": 200}"
1e-10,160,32,left,mom_w1,0.5,0,0.0,0.0,"{""15"": 200, ""30"": 200, ""5"": 200}",,"{""15"": 0, ""30"": 0, ""5"": 0}",,"{""15"": 0, ""30"": 0, ""5"": 0}",1.0,"{""15"": 200, ""30"": 200, ""5"": 200}"
1e-10,160,32,left,mom_w2,0.0,0,0.0,0.0,"{""15"": 200, ""30"": 200, ""5"": 200}",,"{""15"": 0, ""30"": 0, ""5"": 0}",,"{""15"": 0, ""30"": 0, ""5"": 0}",1.0,"{""15"": 200, ""30"": 200, ""5"": 200}"
1e-10,160,32,left,mom_w2,0.2,0,0.0,0.0,"{""15"": 200, ""30"": 200, ""5"": 200}",,"{""15"": 0, ""30"": 0, ""5"": 0}",,"{""15"": 0, ""30"": 0, ""5"": 0}",1.0,"{""15"": 200, ""30"": 200, ""5"": 200}"
1e-10,160,32,left,mom_w2,0.3333333333333333,0,0.0,0.0,"{""15"": 200, ""30"": 200, ""5"": 200}",,"{""15"": 0, ""30"": 0, ""5"": 0}",,"{""15"": 0, ""30"": 0, ""5"": 0}",1.0,"{""15"": 200, ""30"": 200, ""5"": 200}"
1e-10,160,32,left,mom_w2,0.5,0,0.0,0.0,"{""15"": 200, ""30"": 200, ""5"": 200}",,"{""15"": 0, ""30"": 0, ""5"": 0}",,"{""15"": 0, ""30"": 0, ""5"": 0}",1.0,"{""15"": 200, ""30"": 200, ""5"": 200}"
1e-10,160,32,primary,sample_variance,0.0,0,0.0,0.1746037688442211,"{""15"": 199, ""30"": 200, ""5"": 200}",,"{""15"": 1, ""30"": 0, ""5"": 0}",,"{""15"": 1, ""30"": 0, ""5"": 0}",1.0,"{""15"": 200, ""30"": 200, ""5"": 200}"
1e-10,160,32,primary,sample_variance,0.2,0,0.9555583333333333,0.0,"{""15"": 199, ""30"": 200, ""5"": 200}",,"{""15"": 1, ""30"": 0, ""5"": 0}",,"{""15"": 1, ""30"": 0, ""5"": 0}",0.04444166666666666,"{""15"": 200, ""30"": 200, ""5"": 200}"
1e-10,160,32,primary,sample_variance,0.3333333333333333,0,0.9947833333333334,0.0,"{""15"": 199, ""30"": 200, ""5"": 200}",,"{""15"": 1, ""30"": 0, ""5"": 0}",,"{""15"": 1, ""30"": 0, ""5"": 0}",0.005216666666666667,"{""15"": 200, ""30"": 200, ""5"": 200}"
1e-10,160,32,primary,sample_variance,0.5,0,0.9997166666666667,0.0,"{""15"": 199, ""30"": 200, ""5"": 200}",,"{""15"": 1, ""30"": 0, ""5"": 0}",,"{""15"": 1, ""30"": 0, ""5"": 0}",0.0002833333333333333,"{""15"": 200, ""30"": 200, ""5"": 200}"
1e-10,160,32,primary,paired_mean,0.0,0,0.0,0.24733680904522615,"{""15"": 199, ""30"": 200, ""5"": 200}",,"{""15"": 1, ""30"": 0, ""5"": 0}",,"{""15"": 1, ""30"": 0, ""5"": 0}",1.0,"{""15"": 200, ""30"": 200, ""5"": 200}"
1e-10,160,32,primary,paired_mean,0.2,0,0.932475,0.0017347571189279731,"{""15"": 199, ""30"": 200, ""5"": 200}",,"{""15"": 1, ""30"": 0, ""5"": 0}",,"{""15"": 1, ""30"": 0, ""5"": 0}",0.06752499999999999,"{""15"": 200, ""30"": 200, ""5"": 200}"
1e-10,160,32,primary,paired_mean,0.3333333333333333,0,0.9884666666666667,8.333333333333333e-05,"{""15"": 199, ""30"": 200, ""5"": 200}",,"{""15"": 1, ""30"": 0, ""5"": 0}",,"{""15"": 1, ""30"": 0, ""5"": 0}",0.011533333333333333,"{""15"": 200, ""30"": 200, ""5"": 200}"
1e-10,160,32,primary,paired_mean,0.5,0,0.99925,0.0,"{""15"": 199, ""30"": 200, ""5"": 200}",,"{""15"": 1, ""30"": 0, ""5"": 0}",,"{""15"": 1, ""30"": 0, ""5"": 0}",0.0007499999999999998,"{""15"": 200, ""30"": 200, ""5"": 200}"
1e-10,160,32,primary,mom_w1,0.0,0,0.0,0.37280716080402004,"{""15"": 199, ""30"": 200, ""5"": 200}",,"{""15"": 1, ""30"": 0, ""5"": 0}",,"{""15"": 1, ""30"": 0, ""5"": 0}",1.0,"{""15"": 200, ""30"": 200, ""5"": 200}"
1e-10,160,32,primary,mom_w1,0.2,0,0.739225,0.06569865996649916,"{""15"": 199, ""30"": 200, ""5"": 200}",,"{""15"": 1, ""30"": 0, ""5"": 0}",,"{""15"": 1, ""30"": 0, ""5"": 0}",0.26077500000000003,"{""15"": 200, ""30"": 200, ""5"": 200}"
1e-10,160,32,primary,mom_w1,0.3333333333333333,0,0.906925,0.01770280569514238,"{""15"": 199, ""30"": 200, ""5"": 200}",,"{""15"": 1, ""30"": 0, ""5"": 0}",,"{""15"": 1, ""30"": 0, ""5"": 0}",0.093075,"{""15"": 200, ""30"": 200, ""5"": 200}"
1e-10,160,32,primary,mom_w1,0.5,0,0.9785,0.003095854271356784,"{""15"": 199, ""30"": 200, ""5"": 200}",,"{""15"": 1, ""30"": 0, ""5"": 0}",,"{""15"": 1, ""30"": 0, ""5"": 0}",0.021500000000000002,"{""15"": 200, ""30"": 200, ""5"": 200}"
1e-10,160,32,primary,mom_w2,0.0,0,0.0,0.3423036013400335,"{""15"": 199, ""30"": 200, ""5"": 200}",,"{""15"": 1, ""30"": 0, ""5"": 0}",,"{""15"": 1, ""30"": 0, ""5"": 0}",1.0,"{""15"": 200, ""30"": 200, ""5"": 200}"
1e-10,160,32,primary,mom_w2,0.2,0,0.8299416666666667,0.028797236180904528,"{""15"": 199, ""30"": 200, ""5"": 200}",,"{""15"": 1, ""30"": 0, ""5"": 0}",,"{""15"": 1, ""30"": 0, ""5"": 0}",0.17005833333333334,"{""15"": 200, ""30"": 200, ""5"": 200}"
1e-10,160,32,primary,mom_w2,0.3333333333333333,0,0.9519666666666666,0.005074162479061977,"{""15"": 199, ""30"": 200, ""5"": 200}",,"{""15"": 1, ""30"": 0, ""5"": 0}",,"{""15"": 1, ""30"": 0, ""5"": 0}",0.048033333333333324,"{""15"": 200, ""30"": 200, ""5"": 200}"
1e-10,160,32,primary,mom_w2,0.5,0,0.9918333333333333,0.000517211055276382,"{""15"": 199, ""30"": 200, ""5"": 200}",,"{""15"": 1, ""30"": 0, ""5"": 0}",,"{""15"": 1, ""30"": 0, ""5"": 0}",0.008166666666666668,"{""15"": 200, ""30"": 200, ""5"": 200}"
1e-10,160,32,right,sample_variance,0.0,0,0.0,0.18121666666666666,"{""15"": 200, ""30"": 200, ""5"": 200}",,"{""15"": 0, ""30"": 0, ""5"": 0}",,"{""15"": 0, ""30"": 0, ""5"": 0}",1.0,"{""15"": 200, ""30"": 200, ""5"": 200}"
1e-10,160,32,right,sample_variance,0.2,0,0.968475,0.0,"{""15"": 200, ""30"": 200, ""5"": 200}",,"{""15"": 0, ""30"": 0, ""5"": 0}",,"{""15"": 0, ""30"": 0, ""5"": 0}",0.031525000000000004,"{""15"": 200, ""30"": 200, ""5"": 200}"
1e-10,160,32,right,sample_variance,0.3333333333333333,0,0.9969,0.0,"{""15"": 200, ""30"": 200, ""5"": 200}",,"{""15"": 0, ""30"": 0, ""5"": 0}",,"{""15"": 0, ""30"": 0, ""5"": 0}",0.0031000000000000003,"{""15"": 200, ""30"": 200, ""5"": 200}"
1e-10,160,32,right,sample_variance,0.5,0,0.9999333333333333,0.0,"{""15"": 200, ""30"": 200, ""5"": 200}",,"{""15"": 0, ""30"": 0, ""5"": 0}",,"{""15"": 0, ""30"": 0, ""5"": 0}",6.666666666666667e-05,"{""15"": 200, ""30"": 200, ""5"": 200}"
1e-10,160,32,right,paired_mean,0.0,0,0.0,0.2554166666666667,"{""15"": 200, ""30"": 200, ""5"": 200}",,"{""15"": 0, ""30"": 0, ""5"": 0}",,"{""15"": 0, ""30"": 0, ""5"": 0}",1.0,"{""15"": 200, ""30"": 200, ""5"": 200}"
1e-10,160,32,right,paired_mean,0.2,0,0.9479166666666666,0.0014416666666666666,"{""15"": 200, ""30"": 200, ""5"": 200}",,"{""15"": 0, ""30"": 0, ""5"": 0}",,"{""15"": 0, ""30"": 0, ""5"": 0}",0.052083333333333336,"{""15"": 200, ""30"": 200, ""5"": 200}"
1e-10,160,32,right,paired_mean,0.3333333333333333,0,0.9926166666666667,7.500000000000001e-05,"{""15"": 200, ""30"": 200, ""5"": 200}",,"{""15"": 0, ""30"": 0, ""5"": 0}",,"{""15"": 0, ""30"": 0, ""5"": 0}",0.007383333333333335,"{""15"": 200, ""30"": 200, ""5"": 200}"
1e-10,160,32,right,paired_mean,0.5,0,0.999575,0.0,"{""15"": 200, ""30"": 200, ""5"": 200}",,"{""15"": 0, ""30"": 0, ""5"": 0}",,"{""15"": 0, ""30"": 0, ""5"": 0}",0.00042500000000000003,"{""15"": 200, ""30"": 200, ""5"": 200}"
1e-10,160,32,right,mom_w1,0.0,0,0.0,0.3814333333333333,"{""15"": 200, ""30"": 200, ""5"": 200}",,"{""15"": 0, ""30"": 0, ""5"": 0}",,"{""15"": 0, ""30"": 0, ""5"": 0}",1.0,"{""15"": 200, ""30"": 200, ""5"": 200}"
1e-10,160,32,right,mom_w1,0.2,0,0.7553583333333334,0.06679166666666667,"{""15"": 200, ""30"": 200, ""5"": 200}",,"{""15"": 0, ""30"": 0, ""5"": 0}",,"{""15"": 0, ""30"": 0, ""5"": 0}",0.24464166666666665,"{""15"": 200, ""30"": 200, ""5"": 200}"
1e-10,160,32,right,mom_w1,0.3333333333333333,0,0.9191916666666666,0.018166666666666664,"{""15"": 200, ""30"": 200, ""5"": 200}",,"{""15"": 0, ""30"": 0, ""5"": 0}",,"{""15"": 0, ""30"": 0, ""5"": 0}",0.08080833333333334,"{""15"": 200, ""30"": 200, ""5"": 200}"
1e-10,160,32,right,mom_w1,0.5,0,0.9832166666666666,0.0029583333333333336,"{""15"": 200, ""30"": 200, ""5"": 200}",,"{""15"": 0, ""30"": 0, ""5"": 0}",,"{""15"": 0, ""30"": 0, ""5"": 0}",0.016783333333333334,"{""15"": 200, ""30"": 200, ""5"": 200}"
1e-10,160,32,right,mom_w2,0.0,0,0.0,0.3481916666666667,"{""15"": 200, ""30"": 200, ""5"": 200}",,"{""15"": 0, ""30"": 0, ""5"": 0}",,"{""15"": 0, ""30"": 0, ""5"": 0}",1.0,"{""15"": 200, ""30"": 200, ""5"": 200}"
1e-10,160,32,right,mom_w2,0.2,0,0.849725,0.027600000000000003,"{""15"": 200, ""30"": 200, ""5"": 200}",,"{""15"": 0, ""30"": 0, ""5"": 0}",,"{""15"": 0, ""30"": 0, ""5"": 0}",0.150275,"{""15"": 200, ""30"": 200, ""5"": 200}"
1e-10,160,32,right,mom_w2,0.3333333333333333,0,0.9619,0.004666666666666667,"{""15"": 200, ""30"": 200, ""5"": 200}",,"{""15"": 0, ""30"": 0, ""5"": 0}",,"{""15"": 0, ""30"": 0, ""5"": 0}",0.0381,"{""15"": 200, ""30"": 200, ""5"": 200}"
1e-10,160,32,right,mom_w2,0.5,0,0.9944,0.0003916666666666667,"{""15"": 200, ""30"": 200, ""5"": 200}",,"{""15"": 0, ""30"": 0, ""5"": 0}",,"{""15"": 0, ""30"": 0, ""5"": 0}",0.0056,"{""15"": 200, ""30"": 200, ""5"": 200}"
1e-10,240,32,left,sample_variance,0.0,0,0.0,0.0,"{""15"": 200, ""30"": 200, ""5"": 200}",,"{""15"": 0, ""30"": 0, ""5"": 0}",,"{""15"": 0, ""30"": 0, ""5"": 0}",1.0,"{""15"": 200, ""30"": 200, ""5"": 200}"
1e-10,240,32,left,sample_variance,0.2,0,0.0,0.0,"{""15"": 200, ""30"": 200, ""5"": 200}",,"{""15"": 0, ""30"": 0, ""5"": 0}",,"{""15"": 0, ""30"": 0, ""5"": 0}",1.0,"{""15"": 200, ""30"": 200, ""5"": 200}"
1e-10,240,32,left,sample_variance,0.3333333333333333,0,0.0,0.0,"{""15"": 200, ""30"": 200, ""5"": 200}",,"{""15"": 0, ""30"": 0, ""5"": 0}",,"{""15"": 0, ""30"": 0, ""5"": 0}",1.0,"{""15"": 200, ""30"": 200, ""5"": 200}"
1e-10,240,32,left,sample_variance,0.5,0,0.0,0.0,"{""15"": 200, ""30"": 200, ""5"": 200}",,"{""15"": 0, ""30"": 0, ""5"": 0}",,"{""15"": 0, ""30"": 0, ""5"": 0}",1.0,"{""15"": 200, ""30"": 200, ""5"": 200}"
1e-10,240,32,left,paired_mean,0.0,0,0.0,0.0,"{""15"": 200, ""30"": 200, ""5"": 200}",,"{""15"": 0, ""30"": 0, ""5"": 0}",,"{""15"": 0, ""30"": 0, ""5"": 0}",1.0,"{""15"": 200, ""30"": 200, ""5"": 200}"
1e-10,240,32,left,paired_mean,0.2,0,0.0,0.0,"{""15"": 200, ""30"": 200, ""5"": 200}",,"{""15"": 0, ""30"": 0, ""5"": 0}",,"{""15"": 0, ""30"": 0, ""5"": 0}",1.0,"{""15"": 200, ""30"": 200, ""5"": 200}"
1e-10,240,32,left,paired_mean,0.3333333333333333,0,0.0,0.0,"{""15"": 200, ""30"": 200, ""5"": 200}",,"{""15"": 0, ""30"": 0, ""5"": 0}",,"{""15"": 0, ""30"": 0, ""5"": 0}",1.0,"{""15"": 200, ""30"": 200, ""5"": 200}"
1e-10,240,32,left,paired_mean,0.5,0,0.0,0.0,"{""15"": 200, ""30"": 200, ""5"": 200}",,"{""15"": 0, ""30"": 0, ""5"": 0}",,"{""15"": 0, ""30"": 0, ""5"": 0}",1.0,"{""15"": 200, ""30"": 200, ""5"": 200}"
1e-10,240,32,left,mom_w1,0.0,0,0.0,0.0,"{""15"": 200, ""30"": 200, ""5"": 200}",,"{""15"": 0, ""30"": 0, ""5"": 0}",,"{""15"": 0, ""30"": 0, ""5"": 0}",1.0,"{""15"": 200, ""30"": 200, ""5"": 200}"
1e-10,240,32,left,mom_w1,0.2,0,0.0,0.0,"{""15"": 200, ""30"": 200, ""5"": 200}",,"{""15"": 0, ""30"": 0, ""5"": 0}",,"{""15"": 0, ""30"": 0, ""5"": 0}",1.0,"{""15"": 200, ""30"": 200, ""5"": 200}"
1e-10,240,32,left,mom_w1,0.3333333333333333,0,0.0,0.0,"{""15"": 200, ""30"": 200, ""5"": 200}",,"{""15"": 0, ""30"": 0, ""5"": 0}",,"{""15"": 0, ""30"": 0, ""5"": 0}",1.0,"{""15"": 200, ""30"": 200, ""5"": 200}"
1e-10,240,32,left,mom_w1,0.5,0,0.0,0.0,"{""15"": 200, ""30"": 200, ""5"": 200}",,"{""15"": 0, ""30"": 0, ""5"": 0}",,"{""15"": 0, ""30"": 0, ""5"": 0}",1.0,"{""15"": 200, ""30"": 200, ""5"": 200}"
1e-10,240,32,left,mom_w2,0.0,0,0.0,0.0,"{""15"": 200, ""30"": 200, ""5"": 200}",,"{""15"": 0, ""30"": 0, ""5"": 0}",,"{""15"": 0, ""30"": 0, ""5"": 0}",1.0,"{""15"": 200, ""30"": 200, ""5"": 200}"
1e-10,240,32,left,mom_w2,0.2,0,0.0,0.0,"{""15"": 200, ""30"": 200, ""5"": 200}",,"{""15"": 0, ""30"": 0, ""5"": 0}",,"{""15"": 0, ""30"": 0, ""5"": 0}",1.0,"{""15"": 200, ""30"": 200, ""5"": 200}"
1e-10,240,32,left,mom_w2,0.3333333333333333,0,0.0,0.0,"{""15"": 200, ""30"": 200, ""5"": 200}",,"{""15"": 0, ""30"": 0, ""5"": 0}",,"{""15"": 0, ""30"": 0, ""5"": 0}",1.0,"{""15"": 200, ""30"": 200, ""5"": 200}"
1e-10,240,32,left,mom_w2,0.5,0,0.0,0.0,"{""15"": 200, ""30"": 200, ""5"": 200}",,"{""15"": 0, ""30"": 0, ""5"": 0}",,"{""15"": 0, ""30"": 0, ""5"": 0}",1.0,"{""15"": 200, ""30"": 200, ""5"": 200}"
1e-10,240,32,primary,sample_variance,0.0,0,0.0,0.2018819514237856,"{""15"": 199, ""30"": 200, ""5"": 200}",,"{""15"": 1, ""30"": 0, ""5"": 0}",,"{""15"": 1, ""30"": 0, ""5"": 0}",1.0,"{""15"": 200, ""30"": 200, ""5"": 200}"
1e-10,240,32,primary,sample_variance,0.2,0,0.957175,0.0,"{""15"": 199, ""30"": 200, ""5"": 200}",,"{""15"": 1, ""30"": 0, ""5"": 0}",,"{""15"": 1, ""30"": 0, ""5"": 0}",0.042825,"{""15"": 200, ""30"": 200, ""5"": 200}"
1e-10,240,32,primary,sample_variance,0.3333333333333333,0,0.9949916666666667,0.0,"{""15"": 199, ""30"": 200, ""5"": 200}",,"{""15"": 1, ""30"": 0, ""5"": 0}",,"{""15"": 1, ""30"": 0, ""5"": 0}",0.005008333333333333,"{""15"": 200, ""30"": 200, ""5"": 200}"
1e-10,240,32,primary,sample_variance,0.5,0,0.999725,0.0,"{""15"": 199, ""30"": 200, ""5"": 200}",,"{""15"": 1, ""30"": 0, ""5"": 0}",,"{""15"": 1, ""30"": 0, ""5"": 0}",0.000275,"{""15"": 200, ""30"": 200, ""5"": 200}"
1e-10,240,32,primary,paired_mean,0.0,0,0.0,0.26734891122278054,"{""15"": 199, ""30"": 200, ""5"": 200}",,"{""15"": 1, ""30"": 0, ""5"": 0}",,"{""15"": 1, ""30"": 0, ""5"": 0}",1.0,"{""15"": 200, ""30"": 200, ""5"": 200}"
1e-10,240,32,primary,paired_mean,0.2,0,0.9344833333333333,0.0018265494137353433,"{""15"": 199, ""30"": 200, ""5"": 200}",,"{""15"": 1, ""30"": 0, ""5"": 0}",,"{""15"": 1, ""30"": 0, ""5"": 0}",0.06551666666666667,"{""15"": 200, ""30"": 200, ""5"": 200}"
1e-10,240,32,primary,paired_mean,0.3333333333333333,0,0.9887416666666666,8.333333333333333e-05,"{""15"": 199, ""30"": 200, ""5"": 200}",,"{""15"": 1, ""30"": 0, ""5"": 0}",,"{""15"": 1, ""30"": 0, ""5"": 0}",0.011258333333333335,"{""15"": 200, ""30"": 200, ""5"": 200}"
1e-10,240,32,primary,paired_mean,0.5,0,0.999275,0.0,"{""15"": 199, ""30"": 200, ""5"": 200}",,"{""15"": 1, ""30"": 0, ""5"": 0}",,"{""15"": 1, ""30"": 0, ""5"": 0}",0.0007250000000000001,"{""15"": 200, ""30"": 200, ""5"": 200}"
1e-10,240,32,primary,mom_w1,0.0,0,0.0,0.3821372278056951,"{""15"": 199, ""30"": 200, ""5"": 200}",,"{""15"": 1, ""30"": 0, ""5"": 0}",,"{""15"": 1, ""30"": 0, ""5"": 0}",1.0,"{""15"": 200, ""30"": 200, ""5"": 200}"
1e-10,240,32,primary,mom_w1,0.2,0,0.7408,0.0677107621440536,"{""15"": 199, ""30"": 200, ""5"": 200}",,"{""15"": 1, ""30"": 0, ""5"": 0}",,"{""15"": 1, ""30"": 0, ""5"": 0}",0.2592,"{""15"": 200, ""30"": 200, ""5"": 200}"
1e-10,240,32,primary,mom_w1,0.3333333333333333,0,0.907775,0.01829535175879397,"{""15"": 199, ""30"": 200, ""5"": 200}",,"{""15"": 1, ""30"": 0, ""5"": 0}",,"{""15"": 1, ""30"": 0, ""5"": 0}",0.092225,"{""15"": 200, ""30"": 200, ""5"": 200}"
1e-10,240,32,primary,mom_w1,0.5,0,0.9787833333333333,0.0031375628140703515,"{""15"": 199, ""30"": 200, ""5"": 200}",,"{""15"": 1, ""30"": 0, ""5"": 0}",,"{""15"": 1, ""30"": 0, ""5"": 0}",0.021216666666666672,"{""15"": 200, ""30"": 200, ""5"": 200}"
1e-10,240,32,primary,mom_w2,0.0,0,0.0,0.3554476549413736,"{""15"": 199, ""30"": 200, ""5"": 200}",,"{""15"": 1, ""30"": 0, ""5"": 0}",,"{""15"": 1, ""30"": 0, ""5"": 0}",1.0,"{""15"": 200, ""30"": 200, ""5"": 200}"
1e-10,240,32,primary,mom_w2,0.2,0,0.8319333333333333,0.030024413735343387,"{""15"": 199, ""30"": 200, ""5"": 200}",,"{""15"": 1, ""30"": 0, ""5"": 0}",,"{""15"": 1, ""30"": 0, ""5"": 0}",0.16806666666666667,"{""15"": 200, ""30"": 200, ""5"": 200}"
1e-10,240,32,primary,mom_w2,0.3333333333333333,0,0.952675,0.005282788944723618,"{""15"": 199, ""30"": 200, ""5"": 200}",,"{""15"": 1, ""30"": 0, ""5"": 0}",,"{""15"": 1, ""30"": 0, ""5"": 0}",0.047325000000000006,"{""15"": 200, ""30"": 200, ""5"": 200}"
1e-10,240,32,primary,mom_w2,0.5,0,0.9919833333333333,0.0005255443886097153,"{""15"": 199, ""30"": 200, ""5"": 200}",,"{""15"": 1, ""30"": 0, ""5"": 0}",,"{""15"": 1, ""30"": 0, ""5"": 0}",0.008016666666666667,"{""15"": 200, ""30"": 200, ""5"": 200}"
1e-10,240,32,right,sample_variance,0.0,0,0.0,0.20928333333333335,"{""15"": 200, ""30"": 200, ""5"": 200}",,"{""15"": 0, ""30"": 0, ""5"": 0}",,"{""15"": 0, ""30"": 0, ""5"": 0}",1.0,"{""15"": 200, ""30"": 200, ""5"": 200}"
1e-10,240,32,right,sample_variance,0.2,0,0.9696583333333333,0.0,"{""15"": 200, ""30"": 200, ""5"": 200}",,"{""15"": 0, ""30"": 0, ""5"": 0}",,"{""15"": 0, ""30"": 0, ""5"": 0}",0.030341666666666666,"{""15"": 200, ""30"": 200, ""5"": 200}"
1e-10,240,32,right,sample_variance,0.3333333333333333,0,0.9970333333333333,0.0,"{""15"": 200, ""30"": 200, ""5"": 200}",,"{""15"": 0, ""30"": 0, ""5"": 0}",,"{""15"": 0, ""30"": 0, ""5"": 0}",0.0029666666666666674,"{""15"": 200, ""30"": 200, ""5"": 200}"
1e-10,240,32,right,sample_variance,0.5,0,0.9999416666666666,0.0,"{""15"": 200, ""30"": 200, ""5"": 200}",,"{""15"": 0, ""30"": 0, ""5"": 0}",,"{""15"": 0, ""30"": 0, ""5"": 0}",5.833333333333334e-05,"{""15"": 200, ""30"": 200, ""5"": 200}"
1e-10,240,32,right,paired_mean,0.0,0,0.0,0.2777833333333333,"{""15"": 200, ""30"": 200, ""5"": 200}",,"{""15"": 0, ""30"": 0, ""5"": 0}",,"{""15"": 0, ""30"": 0, ""5"": 0}",1.0,"{""15"": 200, ""30"": 200, ""5"": 200}"
1e-10,240,32,right,paired_mean,0.2,0,0.9495333333333333,0.0015333333333333336,"{""15"": 200, ""30"": 200, ""5"": 200}",,"{""15"": 0, ""30"": 0, ""5"": 0}",,"{""15"": 0, ""30"": 0, ""5"": 0}",0.05046666666666666,"{""15"": 200, ""30"": 200, ""5"": 200}"
1e-10,240,32,right,paired_mean,0.3333333333333333,0,0.9928,8.333333333333333e-05,"{""15"": 200, ""30"": 200, ""5"": 200}",,"{""15"": 0, ""30"": 0, ""5"": 0}",,"{""15"": 0, ""30"": 0, ""5"": 0}",0.007200000000000001,"{""15"": 200, ""30"": 200, ""5"": 200}"
1e-10,240,32,right,paired_mean,0.5,0,0.9995833333333334,0.0,"{""15"": 200, ""30"": 200, ""5"": 200}",,"{""15"": 0, ""30"": 0, ""5"": 0}",,"{""15"": 0, ""30"": 0, ""5"": 0}",0.0004166666666666667,"{""15"": 200, ""30"": 200, ""5"": 200}"
1e-10,240,32,right,mom_w1,0.0,0,0.0,0.391275,"{""15"": 200, ""30"": 200, ""5"": 200}",,"{""15"": 0, ""30"": 0, ""5"": 0}",,"{""15"": 0, ""30"": 0, ""5"": 0}",1.0,"{""15"": 200, ""30"": 200, ""5"": 200}"
1e-10,240,32,right,mom_w1,0.2,0,0.7571,0.068725,"{""15"": 200, ""30"": 200, ""5"": 200}",,"{""15"": 0, ""30"": 0, ""5"": 0}",,"{""15"": 0, ""30"": 0, ""5"": 0}",0.24290000000000003,"{""15"": 200, ""30"": 200, ""5"": 200}"
1e-10,240,32,right,mom_w1,0.3333333333333333,0,0.9198666666666667,0.018741666666666667,"{""15"": 200, ""30"": 200, ""5"": 200}",,"{""15"": 0, ""30"": 0, ""5"": 0}",,"{""15"": 0, ""30"": 0, ""5"": 0}",0.08013333333333333,"{""15"": 200, ""30"": 200, ""5"": 200}"
1e-10,240,32,right,mom_w1,0.5,0,0.9834666666666667,0.0030000000000000005,"{""15"": 200, ""30"": 200, ""5"": 200}",,"{""15"": 0, ""30"": 0, ""5"": 0}",,"{""15"": 0, ""30"": 0, ""5"": 0}",0.016533333333333334,"{""15"": 200, ""30"": 200, ""5"": 200}"
1e-10,240,32,right,mom_w2,0.0,0,0.0,0.3618166666666667,"{""15"": 200, ""30"": 200, ""5"": 200}",,"{""15"": 0, ""30"": 0, ""5"": 0}",,"{""15"": 0, ""30"": 0, ""5"": 0}",1.0,"{""15"": 200, ""30"": 200, ""5"": 200}"
1e-10,240,32,right,mom_w2,0.2,0,0.85185,0.0286,"{""15"": 200, ""30"": 200, ""5"": 200}",,"{""15"": 0, ""30"": 0, ""5"": 0}",,"{""15"": 0, ""30"": 0, ""5"": 0}",0.14815,"{""15"": 200, ""30"": 200, ""5"": 200}"
1e-10,240,32,right,mom_w2,0.3333333333333333,0,0.96275,0.004783333333333333,"{""15"": 200, ""30"": 200, ""5"": 200}",,"{""15"": 0, ""30"": 0, ""5"": 0}",,"{""15"": 0, ""30"": 0, ""5"": 0}",0.03725,"{""15"": 200, ""30"": 200, ""5"": 200}"
1e-10,240,32,right,mom_w2,0.5,0,0.9944833333333334,0.0003916666666666667,"{""15"": 200, ""30"": 200, ""5"": 200}",,"{""15"": 0, ""30"": 0, ""5"": 0}",,"{""15"": 0, ""30"": 0, ""5"": 0}",0.005516666666666666,"{""15"": 200, ""30"": 200, ""5"": 200}"
1e-06,80,4,left,sample_variance,0.0,0,0.0,0.0,"{""15"": 200, ""30"": 200, ""5"": 200}",,"{""15"": 0, ""30"": 0, ""5"": 0}",,"{""15"": 0, ""30"": 0, ""5"": 0}",1.0,"{""15"": 200, ""30"": 200, ""5"": 200}"
1e-06,80,4,left,sample_variance,0.2,0,0.0,0.0,"{""15"": 200, ""30"": 200, ""5"": 200}",,"{""15"": 0, ""30"": 0, ""5"": 0}",,"{""15"": 0, ""30"": 0, ""5"": 0}",1.0,"{""15"": 200, ""30"": 200, ""5"": 200}"
1e-06,80,4,left,sample_variance,0.3333333333333333,0,0.0,0.0,"{""15"": 200, ""30"": 200, ""5"": 200}",,"{""15"": 0, ""30"": 0, ""5"": 0}",,"{""15"": 0, ""30"": 0, ""5"": 0}",1.0,"{""15"": 200, ""30"": 200, ""5"": 200}"
1e-06,80,4,left,sample_variance,0.5,0,0.0,0.0,"{""15"": 200, ""30"": 200, ""5"": 200}",,"{""15"": 0, ""30"": 0, ""5"": 0}",,"{""15"": 0, ""30"": 0, ""5"": 0}",1.0,"{""15"": 200, ""30"": 200, ""5"": 200}"
1e-06,80,4,left,paired_mean,0.0,0,0.0,0.0,"{""15"": 200, ""30"": 200, ""5"": 200}",,"{""15"": 0, ""30"": 0, ""5"": 0}",,"{""15"": 0, ""30"": 0, ""5"": 0}",1.0,"{""15"": 200, ""30"": 200, ""5"": 200}"
1e-06,80,4,left,paired_mean,0.2,0,0.0,0.0,"{""15"": 200, ""30"": 200, ""5"": 200}",,"{""15"": 0, ""30"": 0, ""5"": 0}",,"{""15"": 0, ""30"": 0, ""5"": 0}",1.0,"{""15"": 200, ""30"": 200, ""5"": 200}"
1e-06,80,4,left,paired_mean,0.3333333333333333,0,0.0,0.0,"{""15"": 200, ""30"": 200, ""5"": 200}",,"{""15"": 0, ""30"": 0, ""5"": 0}",,"{""15"": 0, ""30"": 0, ""5"": 0}",1.0,"{""15"": 200, ""30"": 200, ""5"": 200}"
1e-06,80,4,left,paired_mean,0.5,0,0.0,0.0,"{""15"": 200, ""30"": 200, ""5"": 200}",,"{""15"": 0, ""30"": 0, ""5"": 0}",,"{""15"": 0, ""30"": 0, ""5"": 0}",1.0,"{""15"": 200, ""30"": 200, ""5"": 200}"
1e-06,80,4,left,mom_w1,0.0,0,0.0,0.0,"{""15"": 200, ""30"": 200, ""5"": 200}",,"{""15"": 0, ""30"": 0, ""5"": 0}",,"{""15"": 0, ""30"": 0, ""5"": 0}",1.0,"{""15"": 200, ""30"": 200, ""5"": 200}"
1e-06,80,4,left,mom_w1,0.2,0,0.0,0.0,"{""15"": 200, ""30"": 200, ""5"": 200}",,"{""15"": 0, ""30"": 0, ""5"": 0}",,"{""15"": 0, ""30"": 0, ""5"": 0}",1.0,"{""15"": 200, ""30"": 200, ""5"": 200}"
1e-06,80,4,left,mom_w1,0.3333333333333333,0,0.0,0.0,"{""15"": 200, ""30"": 200, ""5"": 200}",,"{""15"": 0, ""30"": 0, ""5"": 0}",,"{""15"": 0, ""30"": 0, ""5"": 0}",1.0,"{""15"": 200, ""30"": 200, ""5"": 200}"
1e-06,80,4,left,mom_w1,0.5,0,0.0,0.0,"{""15"": 200, ""30"": 200, ""5"": 200}",,"{""15"": 0, ""30"": 0, ""5"": 0}",,"{""15"": 0, ""30"": 0, ""5"": 0}",1.0,"{""15"": 200, ""30"": 200, ""5"": 200}"
1e-06,80,4,left,mom_w2,0.0,0,0.0,0.0,"{""15"": 200, ""30"": 200, ""5"": 200}",,"{""15"": 0, ""30"": 0, ""5"": 0}",,"{""15"": 0, ""30"": 0, ""5"": 0}",1.0,"{""15"": 200, ""30"": 200, ""5"": 200}"
1e-06,80,4,left,mom_w2,0.2,0,0.0,0.0,"{""15"": 200, ""30"": 200, ""5"": 200}",,"{""15"": 0, ""30"": 0, ""5"": 0}",,"{""15"": 0, ""30"": 0, ""5"": 0}",1.0,"{""15"": 200, ""30"": 200, ""5"": 200}"
1e-06,80,4,left,mom_w2,0.3333333333333333,0,0.0,0.0,"{""15"": 200, ""30"": 200, ""5"": 200}",,"{""15"": 0, ""30"": 0, ""5"": 0}",,"{""15"": 0, ""30"": 0, ""5"": 0}",1.0,"{""15"": 200, ""30"": 200, ""5"": 200}"
1e-06,80,4,left,mom_w2,0.5,0,0.0,0.0,"{""15"": 200, ""30"": 200, ""5"": 200}",,"{""15"": 0, ""30"": 0, ""5"": 0}",,"{""15"": 0, ""30"": 0, ""5"": 0}",1.0,"{""15"": 200, ""30"": 200, ""5"": 200}"
1e-06,80,4,primary,sample_variance,0.0,0,0.0,0.31871087727412895,"{""15"": 184, ""30"": 184, ""5"": 188}",0.26413194444444443,"{""15"": 16, ""30"": 16, ""5"": 12}",0.7358680555555556,"{""15"": 16, ""30"": 16, ""5"": 12}",1.0,"{""15"": 200, ""30"": 200, ""5"": 200}"
1e-06,80,4,primary,sample_variance,0.2,0,0.7079,0.06749884366327474,"{""15"": 184, ""30"": 184, ""5"": 188}",0.1297222222222222,"{""15"": 16, ""30"": 16, ""5"": 12}",0.5987847222222222,"{""15"": 16, ""30"": 16, ""5"": 12}",0.2921,"{""15"": 200, ""30"": 200, ""5"": 200}"
1e-06,80,4,primary,sample_variance,0.3333333333333333,0,0.8378666666666666,0.030109273820536544,"{""15"": 184, ""30"": 184, ""5"": 188}",0.07819444444444446,"{""15"": 16, ""30"": 16, ""5"": 12}",0.530625,"{""15"": 16, ""30"": 16, ""5"": 12}",0.16213333333333335,"{""15"": 200, ""30"": 200, ""5"": 200}"
1e-06,80,4,primary,sample_variance,0.5,0,0.9113583333333334,0.011979648473635524,"{""15"": 184, ""30"": 184, ""5"": 188}",0.042395833333333334,"{""15"": 16, ""30"": 16, ""5"": 12}",0.45284722222222223,"{""15"": 16, ""30"": 16, ""5"": 12}",0.08864166666666666,"{""15"": 200, ""30"": 200, ""5"": 200}"
1e-06,80,4,primary,paired_mean,0.0,0,0.0,0.3450928923835954,"{""15"": 184, ""30"": 184, ""5"": 188}",0.2953819444444444,"{""15"": 16, ""30"": 16, ""5"": 12}",0.7046180555555557,"{""15"": 16, ""30"": 16, ""5"": 12}",1.0,"{""15"": 200, ""30"": 200, ""5"": 200}"
1e-06,80,4,primary,paired_mean,0.2,0,0.620825,0.11681024514338578,"{""15"": 184, ""30"": 184, ""5"": 188}",0.17090277777777776,"{""15"": 16, ""30"": 16, ""5"": 12}",0.5946180555555556,"{""15"": 16, ""30"": 16, ""5"": 12}",0.379175,"{""15"": 200, ""30"": 200, ""5"": 200}"
1e-06,80,4,primary,paired_mean,0.3333333333333333,0,0.7649416666666666,0.06685052420598211,"{""15"": 184, ""30"": 184, ""5"": 188}",0.12177083333333333,"{""15"": 16, ""30"": 16, ""5"": 12}",0.5302430555555556,"{""15"": 16, ""30"": 16, ""5"": 12}",0.23505833333333337,"{""15"": 200, ""30"": 200, ""5"": 200}"
1e-06,80,4,primary,paired_mean,0.5,0,0.8608833333333333,0.035517075238976265,"{""15"": 184, ""30"": 184, ""5"": 188}",0.07722222222222223,"{""15"": 16, ""30"": 16, ""5"": 12}",0.45711805555555557,"{""15"": 16, ""30"": 16, ""5"": 12}",0.13911666666666667,"{""15"": 200, ""30"": 200, ""5"": 200}"
1e-06,80,4,primary,mom_w1,0.0,0,0.0,0.3450928923835954,"{""15"": 184, ""30"": 184, ""5"": 188}",0.2953819444444444,"{""15"": 16, ""30"": 16, ""5"": 12}",0.7046180555555557,"{""15"": 16, ""30"": 16, ""5"": 12}",1.0,"{""15"": 200, ""30"": 200, ""5"": 200}"
1e-06,80,4,primary,mom_w1,0.2,0,0.620825,0.11681024514338578,"{""15"": 184, ""30"": 184, ""5"": 188}",0.17090277777777776,"{""15"": 16, ""30"": 16, ""5"": 12}",0.5946180555555556,"{""15"": 16, ""30"": 16, ""5"": 12}",0.379175,"{""15"": 200, ""30"": 200, ""5"": 200}"
1e-06,80,4,primary,mom_w1,0.3333333333333333,0,0.7649416666666666,0.06685052420598211,"{""15"": 184, ""30"": 184, ""5"": 188}",0.12177083333333333,"{""15"": 16, ""30"": 16, ""5"": 12}",0.5302430555555556,"{""15"": 16, ""30"": 16, ""5"": 12}",0.23505833333333337,"{""15"": 200, ""30"": 200, ""5"": 200}"
1e-06,80,4,primary,mom_w1,0.5,0,0.8608833333333333,0.035517075238976265,"{""15"": 184, ""30"": 184, ""5"": 188}",0.07722222222222223,"{""15"": 16, ""30"": 16, ""5"": 12}",0.45711805555555557,"{""15"": 16, ""30"": 16, ""5"": 12}",0.13911666666666667,"{""15"": 200, ""30"": 200, ""5"": 200}"
1e-06,80,4,primary,mom_w2,0.0,0,0.0,0.3450928923835954,"{""15"": 184, ""30"": 184, ""5"": 188}",0.2953819444444444,"{""15"": 16, ""30"": 16, ""5"": 12}",0.7046180555555557,"{""15"": 16, ""30"": 16, ""5"": 12}",1.0,"{""15"": 200, ""30"": 200, ""5"": 200}"
1e-06,80,4,primary,mom_w2,0.2,0,0.620825,0.11681024514338578,"{""15"": 184, ""30"": 184, ""5"": 188}",0.17090277777777776,"{""15"": 16, ""30"": 16, ""5"": 12}",0.5946180555555556,"{""15"": 16, ""30"": 16, ""5"": 12}",0.379175,"{""15"": 200, ""30"": 200, ""5"": 200}"
1e-06,80,4,primary,mom_w2,0.3333333333333333,0,0.7649416666666666,0.06685052420598211,"{""15"": 184, ""30"": 184, ""5"": 188}",0.12177083333333333,"{""15"": 16, ""30"": 16, ""5"": 12}",0.5302430555555556,"{""15"": 16, ""30"": 16, ""5"": 12}",0.23505833333333337,"{""15"": 200, ""30"": 200, ""5"": 200}"
1e-06,80,4,primary,mom_w2,0.5,0,0.8608833333333333,0.035517075238976265,"{""15"": 184, ""30"": 184, ""5"": 188}",0.07722222222222223,"{""15"": 16, ""30"": 16, ""5"": 12}",0.45711805555555557,"{""15"": 16, ""30"": 16, ""5"": 12}",0.13911666666666667,"{""15"": 200, ""30"": 200, ""5"": 200}"
1e-06,80,4,right,sample_variance,0.0,0,0.0,0.3037308626465662,"{""15"": 199, ""30"": 200, ""5"": 200}",,"{""15"": 1, ""30"": 0, ""5"": 0}",,"{""15"": 1, ""30"": 0, ""5"": 0}",1.0,"{""15"": 200, ""30"": 200, ""5"": 200}"
1e-06,80,4,right,sample_variance,0.2,0,0.7641333333333333,0.05957701005025126,"{""15"": 199, ""30"": 200, ""5"": 200}",,"{""15"": 1, ""30"": 0, ""5"": 0}",,"{""15"": 1, ""30"": 0, ""5"": 0}",0.23586666666666667,"{""15"": 200, ""30"": 200, ""5"": 200}"
1e-06,80,4,right,sample_variance,0.3333333333333333,0,0.8878416666666666,0.026209422110552768,"{""15"": 199, ""30"": 200, ""5"": 200}",,"{""15"": 1, ""30"": 0, ""5"": 0}",,"{""15"": 1, ""30"": 0, ""5"": 0}",0.11215833333333332,"{""15"": 200, ""30"": 200, ""5"": 200}"
1e-06,80,4,right,sample_variance,0.5,0,0.952875,0.010233877721943048,"{""15"": 199, ""30"": 200, ""5"": 200}",,"{""15"": 1, ""30"": 0, ""5"": 0}",,"{""15"": 1, ""30"": 0, ""5"": 0}",0.04712499999999999,"{""15"": 200, ""30"": 200, ""5"": 200}"
1e-06,80,4,right,paired_mean,0.0,0,0.0,0.33120121440536004,"{""15"": 199, ""30"": 200, ""5"": 200}",,"{""15"": 1, ""30"": 0, ""5"": 0}",,"{""15"": 1, ""30"": 0, ""5"": 0}",1.0,"{""15"": 200, ""30"": 200, ""5"": 200}"
1e-06,80,4,right,paired_mean,0.2,0,0.67555,0.10569635678391959,"{""15"": 199, ""30"": 200, ""5"": 200}",,"{""15"": 1, ""30"": 0, ""5"": 0}",,"{""15"": 1, ""30"": 0, ""5"": 0}",0.32445,"{""15"": 200, ""30"": 200, ""5"": 200}"
1e-06,80,4,right,paired_mean,0.3333333333333333,0,0.8176916666666667,0.060432202680067,"{""15"": 199, ""30"": 200, ""5"": 200}",,"{""15"": 1, ""30"": 0, ""5"": 0}",,"{""15"": 1, ""30"": 0, ""5"": 0}",0.18230833333333332,"{""15"": 200, ""30"": 200, ""5"": 200}"
1e-06,80,4,right,paired_mean,0.5,0,0.9057,0.03132558626465662,"{""15"": 199, ""30"": 200, ""5"": 200}",,"{""15"": 1, ""30"": 0, ""5"": 0}",,"{""15"": 1, ""30"": 0, ""5"": 0}",0.0943,"{""15"": 200, ""30"": 200, ""5"": 200}"
1e-06,80,4,right,mom_w1,0.0,0,0.0,0.33120121440536004,"{""15"": 199, ""30"": 200, ""5"": 200}",,"{""15"": 1, ""30"": 0, ""5"": 0}",,"{""15"": 1, ""30"": 0, ""5"": 0}",1.0,"{""15"": 200, ""30"": 200, ""5"": 200}"
1e-06,80,4,right,mom_w1,0.2,0,0.67555,0.10569635678391959,"{""15"": 199, ""30"": 200, ""5"": 200}",,"{""15"": 1, ""30"": 0, ""5"": 0}",,"{""15"": 1, ""30"": 0, ""5"": 0}",0.32445,"{""15"": 200, ""30"": 200, ""5"": 200}"
1e-06,80,4,right,mom_w1,0.3333333333333333,0,0.8176916666666667,0.060432202680067,"{""15"": 199, ""30"": 200, ""5"": 200}",,"{""15"": 1, ""30"": 0, ""5"": 0}",,"{""15"": 1, ""30"": 0, ""5"": 0}",0.18230833333333332,"{""15"": 200, ""30"": 200, ""5"": 200}"
1e-06,80,4,right,mom_w1,0.5,0,0.9057,0.03132558626465662,"{""15"": 199, ""30"": 200, ""5"": 200}",,"{""15"": 1, ""30"": 0, ""5"": 0}",,"{""15"": 1, ""30"": 0, ""5"": 0}",0.0943,"{""15"": 200, ""30"": 200, ""5"": 200}"
1e-06,80,4,right,mom_w2,0.0,0,0.0,0.33120121440536004,"{""15"": 199, ""30"": 200, ""5"": 200}",,"{""15"": 1, ""30"": 0, ""5"": 0}",,"{""15"": 1, ""30"": 0, ""5"": 0}",1.0,"{""15"": 200, ""30"": 200, ""5"": 200}"
1e-06,80,4,right,mom_w2,0.2,0,0.67555,0.10569635678391959,"{""15"": 199, ""30"": 200, ""5"": 200}",,"{""15"": 1, ""30"": 0, ""5"": 0}",,"{""15"": 1, ""30"": 0, ""5"": 0}",0.32445,"{""15"": 200, ""30"": 200, ""5"": 200}"
1e-06,80,4,right,mom_w2,0.3333333333333333,0,0.8176916666666667,0.060432202680067,"{""15"": 199, ""30"": 200, ""5"": 200}",,"{""15"": 1, ""30"": 0, ""5"": 0}",,"{""15"": 1, ""30"": 0, ""5"": 0}",0.18230833333333332,"{""15"": 200, ""30"": 200, ""5"": 200}"
1e-06,80,4,right,mom_w2,0.5,0,0.9057,0.03132558626465662,"{""15"": 199, ""30"": 200, ""5"": 200}",,"{""15"": 1, ""30"": 0, ""5"": 0}",,"{""15"": 1, ""30"": 0, ""5"": 0}",0.0943,"{""15"": 200, ""30"": 200, ""5"": 200}"
1e-06,160,4,left,sample_variance,0.0,0,0.0,0.0,"{""15"": 200, ""30"": 200, ""5"": 200}",,"{""15"": 0, ""30"": 0, ""5"": 0}",,"{""15"": 0, ""30"": 0, ""5"": 0}",1.0,"{""15"": 200, ""30"": 200, ""5"": 200}"
1e-06,160,4,left,sample_variance,0.2,0,0.0,0.0,"{""15"": 200, ""30"": 200, ""5"": 200}",,"{""15"": 0, ""30"": 0, ""5"": 0}",,"{""15"": 0, ""30"": 0, ""5"": 0}",1.0,"{""15"": 200, ""30"": 200, ""5"": 200}"
1e-06,160,4,left,sample_variance,0.3333333333333333,0,0.0,0.0,"{""15"": 200, ""30"": 200, ""5"": 200}",,"{""15"": 0, ""30"": 0, ""5"": 0}",,"{""15"": 0, ""30"": 0, ""5"": 0}",1.0,"{""15"": 200, ""30"": 200, ""5"": 200}"
1e-06,160,4,left,sample_variance,0.5,0,0.0,0.0,"{""15"": 200, ""30"": 200, ""5"": 200}",,"{""15"": 0, ""30"": 0, ""5"": 0}",,"{""15"": 0, ""30"": 0, ""5"": 0}",1.0,"{""15"": 200, ""30"": 200, ""5"": 200}"
1e-06,160,4,left,paired_mean,0.0,0,0.0,0.0,"{""15"": 200, ""30"": 200, ""5"": 200}",,"{""15"": 0, ""30"": 0, ""5"": 0}",,"{""15"": 0, ""30"": 0, ""5"": 0}",1.0,"{""15"": 200, ""30"": 200, ""5"": 200}"
1e-06,160,4,left,paired_mean,0.2,0,0.0,0.0,"{""15"": 200, ""30"": 200, ""5"": 200}",,"{""15"": 0, ""30"": 0, ""5"": 0}",,"{""15"": 0, ""30"": 0, ""5"": 0}",1.0,"{""15"": 200, ""30"": 200, ""5"": 200}"
1e-06,160,4,left,paired_mean,0.3333333333333333,0,0.0,0.0,"{""15"": 200, ""30"": 200, ""5"": 200}",,"{""15"": 0, ""30"": 0, ""5"": 0}",,"{""15"": 0, ""30"": 0, ""5"": 0}",1.0,"{""15"": 200, ""30"": 200, ""5"": 200}"
1e-06,160,4,left,paired_mean,0.5,0,0.0,0.0,"{""15"": 200, ""30"": 200, ""5"": 200}",,"{""15"": 0, ""30"": 0, ""5"": 0}",,"{""15"": 0, ""30"": 0, ""5"": 0}",1.0,"{""15"": 200, ""30"": 200, ""5"": 200}"
1e-06,160,4,left,mom_w1,0.0,0,0.0,0.0,"{""15"": 200, ""30"": 200, ""5"": 200}",,"{""15"": 0, ""30"": 0, ""5"": 0}",,"{""15"": 0, ""30"": 0, ""5"": 0}",1.0,"{""15"": 200, ""30"": 200, ""5"": 200}"
1e-06,160,4,left,mom_w1,0.2,0,0.0,0.0,"{""15"": 200, ""30"": 200, ""5"": 200}",,"{""15"": 0, ""30"": 0, ""5"": 0}",,"{""15"": 0, ""30"": 0, ""5"": 0}",1.0,"{""15"": 200, ""30"": 200, ""5"": 200}"
1e-06,160,4,left,mom_w1,0.3333333333333333,0,0.0,0.0,"{""15"": 200, ""30"": 200, ""5"": 200}",,"{""15"": 0, ""30"": 0, ""5"": 0}",,"{""15"": 0, ""30"": 0, ""5"": 0}",1.0,"{""15"": 200, ""30"": 200, ""5"": 200}"
1e-06,160,4,left,mom_w1,0.5,0,0.0,0.0,"{""15"": 200, ""30"": 200, ""5"": 200}",,"{""15"": 0, ""30"": 0, ""5"": 0}",,"{""15"": 0, ""30"": 0, ""5"": 0}",1.0,"{""15"": 200, ""30"": 200, ""5"": 200}"
1e-06,160,4,left,mom_w2,0.0,0,0.0,0.0,"{""15"": 200, ""30"": 200, ""5"": 200}",,"{""15"": 0, ""30"": 0, ""5"": 0}",,"{""15"": 0, ""30"": 0, ""5"": 0}",1.0,"{""15"": 200, ""30"": 200, ""5"": 200}"
1e-06,160,4,left,mom_w2,0.2,0,0.0,0.0,"{""15"": 200, ""30"": 200, ""5"": 200}",,"{""15"": 0, ""30"": 0, ""5"": 0}",,"{""15"": 0, ""30"": 0, ""5"": 0}",1.0,"{""15"": 200, ""30"": 200, ""5"": 200}"
1e-06,160,4,left,mom_w2,0.3333333333333333,0,0.0,0.0,"{""15"": 200, ""30"": 200, ""5"": 200}",,"{""15"": 0, ""30"": 0, ""5"": 0}",,"{""15"": 0, ""30"": 0, ""5"": 0}",1.0,"{""15"": 200, ""30"": 200, ""5"": 200}"
1e-06,160,4,left,mom_w2,0.5,0,0.0,0.0,"{""15"": 200, ""30"": 200, ""5"": 200}",,"{""15"": 0, ""30"": 0, ""5"": 0}",,"{""15"": 0, ""30"": 0, ""5"": 0}",1.0,"{""15"": 200, ""30"": 200, ""5"": 200}"
1e-06,160,4,primary,sample_variance,0.0,0,0.0,0.40036154842005905,"{""15"": 182, ""30"": 180, ""5"": 188}",0.26975925925925925,"{""15"": 18, ""30"": 20, ""5"": 12}",0.7302407407407406,"{""15"": 18, ""30"": 20, ""5"": 12}",1.0,"{""15"": 200, ""30"": 200, ""5"": 200}"
1e-06,160,4,primary,sample_variance,0.2,0,0.716925,0.07407259328535924,"{""15"": 182, ""30"": 180, ""5"": 188}",0.12725,"{""15"": 18, ""30"": 20, ""5"": 12}",0.56925,"{""15"": 18, ""30"": 20, ""5"": 12}",0.283075,"{""15"": 200, ""30"": 200, ""5"": 200}"
1e-06,160,4,primary,sample_variance,0.3333333333333333,0,0.8405166666666667,0.03214136119987184,"{""15"": 182, ""30"": 180, ""5"": 188}",0.07464814814814814,"{""15"": 18, ""30"": 20, ""5"": 12}",0.49839814814814815,"{""15"": 18, ""30"": 20, ""5"": 12}",0.15948333333333334,"{""15"": 200, ""30"": 200, ""5"": 200}"
1e-06,160,4,primary,sample_variance,0.5,0,0.9121916666666666,0.012447966729881623,"{""15"": 182, ""30"": 180, ""5"": 188}",0.04071296296296296,"{""15"": 18, ""30"": 20, ""5"": 12}",0.42235185185185187,"{""15"": 18, ""30"": 20, ""5"": 12}",0.08780833333333334,"{""15"": 200, ""30"": 200, ""5"": 200}"
1e-06,160,4,primary,paired_mean,0.0,0,0.0,0.40958980853661703,"{""15"": 182, ""30"": 180, ""5"": 188}",0.2993518518518518,"{""15"": 18, ""30"": 20, ""5"": 12}",0.7006481481481481,"{""15"": 18, ""30"": 20, ""5"": 12}",1.0,"{""15"": 200, ""30"": 200, ""5"": 200}"
1e-06,160,4,primary,paired_mean,0.2,0,0.62815,0.12589064245447223,"{""15"": 182, ""30"": 180, ""5"": 188}",0.16767592592592595,"{""15"": 18, ""30"": 20, ""5"": 12}",0.5675740740740741,"{""15"": 18, ""30"": 20, ""5"": 12}",0.37185,"{""15"": 200, ""30"": 200, ""5"": 200}"
1e-06,160,4,primary,paired_mean,0.3333333333333333,0,0.76785,0.0704623481325609,"{""15"": 182, ""30"": 180, ""5"": 188}",0.11592592592592592,"{""15"": 18, ""30"": 20, ""5"": 12}",0.5017037037037037,"{""15"": 18, ""30"": 20, ""5"": 12}",0.23215,"{""15"": 200, ""30"": 200, ""5"": 200}"
1e-06,160,4,primary,paired_mean,0.5,0,0.8617833333333333,0.03675002164895782,"{""15"": 182, ""30"": 180, ""5"": 188}",0.07421296296296297,"{""15"": 18, ""30"": 20, ""5"": 12}",0.42825,"{""15"": 18, ""30"": 20, ""5"": 12}",0.13821666666666665,"{""15"": 200, ""30"": 200, ""5"": 200}"
1e-06,160,4,primary,mom_w1,0.0,0,0.0,0.40958980853661703,"{""15"": 182, ""30"": 180, ""5"": 188}",0.2993518518518518,"{""15"": 18, ""30"": 20, ""5"": 12}",0.7006481481481481,"{""15"": 18, ""30"": 20, ""5"": 12}",1.0,"{""15"": 200, ""30"": 200, ""5"": 200}"
1e-06,160,4,primary,mom_w1,0.2,0,0.62815,0.12589064245447223,"{""15"": 182, ""30"": 180, ""5"": 188}",0.16767592592592595,"{""15"": 18, ""30"": 20, ""5"": 12}",0.5675740740740741,"{""15"": 18, ""30"": 20, ""5"": 12}",0.37185,"{""15"": 200, ""30"": 200, ""5"": 200}"
1e-06,160,4,primary,mom_w1,0.3333333333333333,0,0.76785,0.0704623481325609,"{""15"": 182, ""30"": 180, ""5"": 188}",0.11592592592592592,"{""15"": 18, ""30"": 20, ""5"": 12}",0.5017037037037037,"{""15"": 18, ""30"": 20, ""5"": 12}",0.23215,"{""15"": 200, ""30"": 200, ""5"": 200}"
1e-06,160,4,primary,mom_w1,0.5,0,0.8617833333333333,0.03675002164895782,"{""15"": 182, ""30"": 180, ""5"": 188}",0.07421296296296297,"{""15"": 18, ""30"": 20, ""5"": 12}",0.42825,"{""15"": 18, ""30"": 20, ""5"": 12}",0.13821666666666665,"{""15"": 200, ""30"": 200, ""5"": 200}"
1e-06,160,4,primary,mom_w2,0.0,0,0.0,0.40958980853661703,"{""15"": 182, ""30"": 180, ""5"": 188}",0.2993518518518518,"{""15"": 18, ""30"": 20, ""5"": 12}",0.7006481481481481,"{""15"": 18, ""30"": 20, ""5"": 12}",1.0,"{""15"": 200, ""30"": 200, ""5"": 200}"
1e-06,160,4,primary,mom_w2,0.2,0,0.62815,0.12589064245447223,"{""15"": 182, ""30"": 180, ""5"": 188}",0.16767592592592595,"{""15"": 18, ""30"": 20, ""5"": 12}",0.5675740740740741,"{""15"": 18, ""30"": 20, ""5"": 12}",0.37185,"{""15"": 200, ""30"": 200, ""5"": 200}"
1e-06,160,4,primary,mom_w2,0.3333333333333333,0,0.76785,0.0704623481325609,"{""15"": 182, ""30"": 180, ""5"": 188}",0.11592592592592592,"{""15"": 18, ""30"": 20, ""5"": 12}",0.5017037037037037,"{""15"": 18, ""30"": 20, ""5"": 12}",0.23215,"{""15"": 200, ""30"": 200, ""5"": 200}"
1e-06,160,4,primary,mom_w2,0.5,0,0.8617833333333333,0.03675002164895782,"{""15"": 182, ""30"": 180, ""5"": 188}",0.07421296296296297,"{""15"": 18, ""30"": 20, ""5"": 12}",0.42825,"{""15"": 18, ""30"": 20, ""5"": 12}",0.13821666666666665,"{""15"": 200, ""30"": 200, ""5"": 200}"
1e-06,160,4,right,sample_variance,0.0,0,0.0,0.39516771356783914,"{""15"": 199, ""30"": 200, ""5"": 200}",,"{""15"": 1, ""30"": 0, ""5"": 0}",,"{""15"": 1, ""30"": 0, ""5"": 0}",1.0,"{""15"": 200, ""30"": 200, ""5"": 200}"
1e-06,160,4,right,sample_variance,0.2,0,0.7749333333333334,0.06801264656616415,"{""15"": 199, ""30"": 200, ""5"": 200}",,"{""15"": 1, ""30"": 0, ""5"": 0}",,"{""15"": 1, ""30"": 0, ""5"": 0}",0.22506666666666666,"{""15"": 200, ""30"": 200, ""5"": 200}"
1e-06,160,4,right,sample_variance,0.3333333333333333,0,0.8919833333333334,0.028937981574539372,"{""15"": 199, ""30"": 200, ""5"": 200}",,"{""15"": 1, ""30"": 0, ""5"": 0}",,"{""15"": 1, ""30"": 0, ""5"": 0}",0.10801666666666666,"{""15"": 200, ""30"": 200, ""5"": 200}"
1e-06,160,4,right,sample_variance,0.5,0,0.954175,0.01104317420435511,"{""15"": 199, ""30"": 200, ""5"": 200}",,"{""15"": 1, ""30"": 0, ""5"": 0}",,"{""15"": 1, ""30"": 0, ""5"": 0}",0.045825,"{""15"": 200, ""30"": 200, ""5"": 200}"
1e-06,160,4,right,paired_mean,0.0,0,0.0,0.40572705192629815,"{""15"": 199, ""30"": 200, ""5"": 200}",,"{""15"": 1, ""30"": 0, ""5"": 0}",,"{""15"": 1, ""30"": 0, ""5"": 0}",1.0,"{""15"": 200, ""30"": 200, ""5"": 200}"
1e-06,160,4,right,paired_mean,0.2,0,0.6863,0.11604108040201006,"{""15"": 199, ""30"": 200, ""5"": 200}",,"{""15"": 1, ""30"": 0, ""5"": 0}",,"{""15"": 1, ""30"": 0, ""5"": 0}",0.31370000000000003,"{""15"": 200, ""30"": 200, ""5"": 200}"
1e-06,160,4,right,paired_mean,0.3333333333333333,0,0.8214666666666667,0.06478714405360135,"{""15"": 199, ""30"": 200, ""5"": 200}",,"{""15"": 1, ""30"": 0, ""5"": 0}",,"{""15"": 1, ""30"": 0, ""5"": 0}",0.17853333333333335,"{""15"": 200, ""30"": 200, ""5"": 200}"
1e-06,160,4,right,paired_mean,0.5,0,0.9074166666666666,0.03311917922948073,"{""15"": 199, ""30"": 200, ""5"": 200}",,"{""15"": 1, ""30"": 0, ""5"": 0}",,"{""15"": 1, ""30"": 0, ""5"": 0}",0.09258333333333334,"{""15"": 200, ""30"": 200, ""5"": 200}"
1e-06,160,4,right,mom_w1,0.0,0,0.0,0.40572705192629815,"{""15"": 199, ""30"": 200, ""5"": 200}",,"{""15"": 1, ""30"": 0, ""5"": 0}",,"{""15"": 1, ""30"": 0, ""5"": 0}",1.0,"{""15"": 200, ""30"": 200, ""5"": 200}"
1e-06,160,4,right,mom_w1,0.2,0,0.6863,0.11604108040201006,"{""15"": 199, ""30"": 200, ""5"": 200}",,"{""15"": 1, ""30"": 0, ""5"": 0}",,"{""15"": 1, ""30"": 0, ""5"": 0}",0.31370000000000003,"{""15"": 200, ""30"": 200, ""5"": 200}"
1e-06,160,4,right,mom_w1,0.3333333333333333,0,0.8214666666666667,0.06478714405360135,"{""15"": 199, ""30"": 200, ""5"": 200}",,"{""15"": 1, ""30"": 0, ""5"": 0}",,"{""15"": 1, ""30"": 0, ""5"": 0}",0.17853333333333335,"{""15"": 200, ""30"": 200, ""5"": 200}"
1e-06,160,4,right,mom_w1,0.5,0,0.9074166666666666,0.03311917922948073,"{""15"": 199, ""30"": 200, ""5"": 200}",,"{""15"": 1, ""30"": 0, ""5"": 0}",,"{""15"": 1, ""30"": 0, ""5"": 0}",0.09258333333333334,"{""15"": 200, ""30"": 200, ""5"": 200}"
1e-06,160,4,right,mom_w2,0.0,0,0.0,0.40572705192629815,"{""15"": 199, ""30"": 200, ""5"": 200}",,"{""15"": 1, ""30"": 0, ""5"": 0}",,"{""15"": 1, ""30"": 0, ""5"": 0}",1.0,"{""15"": 200, ""30"": 200, ""5"": 200}"
1e-06,160,4,right,mom_w2,0.2,0,0.6863,0.11604108040201006,"{""15"": 199, ""30"": 200, ""5"": 200}",,"{""15"": 1, ""30"": 0, ""5"": 0}",,"{""15"": 1, ""30"": 0, ""5"": 0}",0.31370000000000003,"{""15"": 200, ""30"": 200, ""5"": 200}"
1e-06,160,4,right,mom_w2,0.3333333333333333,0,0.8214666666666667,0.06478714405360135,"{""15"": 199, ""30"": 200, ""5"": 200}",,"{""15"": 1, ""30"": 0, ""5"": 0}",,"{""15"": 1, ""30"": 0, ""5"": 0}",0.17853333333333335,"{""15"": 200, ""30"": 200, ""5"": 200}"
1e-06,160,4,right,mom_w2,0.5,0,0.9074166666666666,0.03311917922948073,"{""15"": 199, ""30"": 200, ""5"": 200}",,"{""15"": 1, ""30"": 0, ""5"": 0}",,"{""15"": 1, ""30"": 0, ""5"": 0}",0.09258333333333334,"{""15"": 200, ""30"": 200, ""5"": 200}"
1e-06,240,4,left,sample_variance,0.0,0,0.0,0.0,"{""15"": 200, ""30"": 200, ""5"": 200}",,"{""15"": 0, ""30"": 0, ""5"": 0}",,"{""15"": 0, ""30"": 0, ""5"": 0}",1.0,"{""15"": 200, ""30"": 200, ""5"": 200}"
1e-06,240,4,left,sample_variance,0.2,0,0.0,0.0,"{""15"": 200, ""30"": 200, ""5"": 200}",,"{""15"": 0, ""30"": 0, ""5"": 0}",,"{""15"": 0, ""30"": 0, ""5"": 0}",1.0,"{""15"": 200, ""30"": 200, ""5"": 200}"
1e-06,240,4,left,sample_variance,0.3333333333333333,0,0.0,0.0,"{""15"": 200, ""30"": 200, ""5"": 200}",,"{""15"": 0, ""30"": 0, ""5"": 0}",,"{""15"": 0, ""30"": 0, ""5"": 0}",1.0,"{""15"": 200, ""30"": 200, ""5"": 200}"
1e-06,240,4,left,sample_variance,0.5,0,0.0,0.0,"{""15"": 200, ""30"": 200, ""5"": 200}",,"{""15"": 0, ""30"": 0, ""5"": 0}",,"{""15"": 0, ""30"": 0, ""5"": 0}",1.0,"{""15"": 200, ""30"": 200, ""5"": 200}"
1e-06,240,4,left,paired_mean,0.0,0,0.0,0.0,"{""15"": 200, ""30"": 200, ""5"": 200}",,"{""15"": 0, ""30"": 0, ""5"": 0}",,"{""15"": 0, ""30"": 0, ""5"": 0}",1.0,"{""15"": 200, ""30"": 200, ""5"": 200}"
1e-06,240,4,left,paired_mean,0.2,0,0.0,0.0,"{""15"": 200, ""30"": 200, ""5"": 200}",,"{""15"": 0, ""30"": 0, ""5"": 0}",,"{""15"": 0, ""30"": 0, ""5"": 0}",1.0,"{""15"": 200, ""30"": 200, ""5"": 200}"
1e-06,240,4,left,paired_mean,0.3333333333333333,0,0.0,0.0,"{""15"": 200, ""30"": 200, ""5"": 200}",,"{""15"": 0, ""30"": 0, ""5"": 0}",,"{""15"": 0, ""30"": 0, ""5"": 0}",1.0,"{""15"": 200, ""30"": 200, ""5"": 200}"
1e-06,240,4,left,paired_mean,0.5,0,0.0,0.0,"{""15"": 200, ""30"": 200, ""5"": 200}",,"{""15"": 0, ""30"": 0, ""5"": 0}",,"{""15"": 0, ""30"": 0, ""5"": 0}",1.0,"{""15"": 200, ""30"": 200, ""5"": 200}"
1e-06,240,4,left,mom_w1,0.0,0,0.0,0.0,"{""15"": 200, ""30"": 200, ""5"": 200}",,"{""15"": 0, ""30"": 0, ""5"": 0}",,"{""15"": 0, ""30"": 0, ""5"": 0}",1.0,"{""15"": 200, ""30"": 200, ""5"": 200}"
1e-06,240,4,left,mom_w1,0.2,0,0.0,0.0,"{""15"": 200, ""30"": 200, ""5"": 200}",,"{""15"": 0, ""30"": 0, ""5"": 0}",,"{""15"": 0, ""30"": 0, ""5"": 0}",1.0,"{""15"": 200, ""30"": 200, ""5"": 200}"
1e-06,240,4,left,mom_w1,0.3333333333333333,0,0.0,0.0,"{""15"": 200, ""30"": 200, ""5"": 200}",,"{""15"": 0, ""30"": 0, ""5"": 0}",,"{""15"": 0, ""30"": 0, ""5"": 0}",1.0,"{""15"": 200, ""30"": 200, ""5"": 200}"
1e-06,240,4,left,mom_w1,0.5,0,0.0,0.0,"{""15"": 200, ""30"": 200, ""5"": 200}",,"{""15"": 0, ""30"": 0, ""5"": 0}",,"{""15"": 0, ""30"": 0, ""5"": 0}",1.0,"{""15"": 200, ""30"": 200, ""5"": 200}"
1e-06,240,4,left,mom_w2,0.0,0,0.0,0.0,"{""15"": 200, ""30"": 200, ""5"": 200}",,"{""15"": 0, ""30"": 0, ""5"": 0}",,"{""15"": 0, ""30"": 0, ""5"": 0}",1.0,"{""15"": 200, ""30"": 200, ""5"": 200}"
1e-06,240,4,left,mom_w2,0.2,0,0.0,0.0,"{""15"": 200, ""30"": 200, ""5"": 200}",,"{""15"": 0, ""30"": 0, ""5"": 0}",,"{""15"": 0, ""30"": 0, ""5"": 0}",1.0,"{""15"": 200, ""30"": 200, ""5"": 200}"
1e-06,240,4,left,mom_w2,0.3333333333333333,0,0.0,0.0,"{""15"": 200, ""30"": 200, ""5"": 200}",,"{""15"": 0, ""30"": 0, ""5"": 0}",,"{""15"": 0, ""30"": 0, ""5"": 0}",1.0,"{""15"": 200, ""30"": 200, ""5"": 200}"
1e-06,240,4,left,mom_w2,0.5,0,0.0,0.0,"{""15"": 200, ""30"": 200, ""5"": 200}",,"{""15"": 0, ""30"": 0, ""5"": 0}",,"{""15"": 0, ""30"": 0, ""5"": 0}",1.0,"{""15"": 200, ""30"": 200, ""5"": 200}"
1e-06,240,4,primary,sample_variance,0.0,0,0.0,0.41651121378522427,"{""15"": 182, ""30"": 179, ""5"": 188}",0.2684259259259259,"{""15"": 18, ""30"": 21, ""5"": 12}",0.7315740740740742,"{""15"": 18, ""30"": 21, ""5"": 12}",1.0,"{""15"": 200, ""30"": 200, ""5"": 200}"
1e-06,240,4,primary,sample_variance,0.2,0,0.7176666666666667,0.07546521572448708,"{""15"": 182, ""30"": 179, ""5"": 188}",0.1259193121693122,"{""15"": 18, ""30"": 21, ""5"": 12}",0.5659523809523809,"{""15"": 18, ""30"": 21, ""5"": 12}",0.2823333333333333,"{""15"": 200, ""30"": 200, ""5"": 200}"
1e-06,240,4,primary,sample_variance,0.3333333333333333,0,0.8411333333333333,0.032499980951335994,"{""15"": 182, ""30"": 179, ""5"": 188}",0.07326719576719577,"{""15"": 18, ""30"": 21, ""5"": 12}",0.4943518518518519,"{""15"": 18, ""30"": 21, ""5"": 12}",0.15886666666666668,"{""15"": 200, ""30"": 200, ""5"": 200}"
1e-06,240,4,primary,sample_variance,0.5,0,0.9125666666666666,0.012539798645825035,"{""15"": 182, ""30"": 179, ""5"": 188}",0.040046296296296295,"{""15"": 18, ""30"": 21, ""5"": 12}",0.41830687830687835,"{""15"": 18, ""30"": 21, ""5"": 12}",0.08743333333333332,"{""15"": 200, ""30"": 200, ""5"": 200}"
1e-06,240,4,primary,paired_mean,0.0,0,0.0,0.42195931129174324,"{""15"": 182, ""30"": 179, ""5"": 188}",0.29871693121693127,"{""15"": 18, ""30"": 21, ""5"": 12}",0.7012830687830687,"{""15"": 18, ""30"": 21, ""5"": 12}",1.0,"{""15"": 200, ""30"": 200, ""5"": 200}"
1e-06,240,4,primary,paired_mean,0.2,0,0.6291166666666667,0.12749995972568182,"{""15"": 182, ""30"": 179, ""5"": 188}",0.16638888888888892,"{""15"": 18, ""30"": 21, ""5"": 12}",0.5644708994708995,"{""15"": 18, ""30"": 21, ""5"": 12}",0.3708833333333333,"{""15"": 200, ""30"": 200, ""5"": 200}"
1e-06,240,4,primary,paired_mean,0.3333333333333333,0,0.7683583333333334,0.07113785235130178,"{""15"": 182, ""30"": 179, ""5"": 188}",0.11421296296296297,"{""15"": 18, ""30"": 21, ""5"": 12}",0.4984325396825397,"{""15"": 18, ""30"": 21, ""5"": 12}",0.23164166666666666,"{""15"": 200, ""30"": 200, ""5"": 200}"
1e-06,240,4,primary,paired_mean,0.5,0,0.8622,0.03691573883345546,"{""15"": 182, ""30"": 179, ""5"": 188}",0.07358465608465609,"{""15"": 18, ""30"": 21, ""5"": 12}",0.4244510582010583,"{""15"": 18, ""30"": 21, ""5"": 12}",0.1378,"{""15"": 200, ""30"": 200, ""5"": 200}"
1e-06,240,4,primary,mom_w1,0.0,0,0.0,0.42195931129174324,"{""15"": 182, ""30"": 179, ""5"": 188}",0.29871693121693127,"{""15"": 18, ""30"": 21, ""5"": 12}",0.7012830687830687,"{""15"": 18, ""30"": 21, ""5"": 12}",1.0,"{""15"": 200, ""30"": 200, ""5"": 200}"
1e-06,240,4,primary,mom_w1,0.2,0,0.6291166666666667,0.12749995972568182,"{""15"": 182, ""30"": 179, ""5"": 188}",0.16638888888888892,"{""15"": 18, ""30"": 21, ""5"": 12}",0.5644708994708995,"{""15"": 18, ""30"": 21, ""5"": 12}",0.3708833333333333,"{""15"": 200, ""30"": 200, ""5"": 200}"
1e-06,240,4,primary,mom_w1,0.3333333333333333,0,0.7683583333333334,0.07113785235130178,"{""15"": 182, ""30"": 179, ""5"": 188}",0.11421296296296297,"{""15"": 18, ""30"": 21, ""5"": 12}",0.4984325396825397,"{""15"": 18, ""30"": 21, ""5"": 12}",0.23164166666666666,"{""15"": 200, ""30"": 200, ""5"": 200}"
1e-06,240,4,primary,mom_w1,0.5,0,0.8622,0.03691573883345546,"{""15"": 182, ""30"": 179, ""5"": 188}",0.07358465608465609,"{""15"": 18, ""30"": 21, ""5"": 12}",0.4244510582010583,"{""15"": 18, ""30"": 21, ""5"": 12}",0.1378,"{""15"": 200, ""30"": 200, ""5"": 200}"
1e-06,240,4,primary,mom_w2,0.0,0,0.0,0.42195931129174324,"{""15"": 182, ""30"": 179, ""5"": 188}",0.29871693121693127,"{""15"": 18, ""30"": 21, ""5"": 12}",0.7012830687830687,"{""15"": 18, ""30"": 21, ""5"": 12}",1.0,"{""15"": 200, ""30"": 200, ""5"": 200}"
1e-06,240,4,primary,mom_w2,0.2,0,0.6291166666666667,0.12749995972568182,"{""15"": 182, ""30"": 179, ""5"": 188}",0.16638888888888892,"{""15"": 18, ""30"": 21, ""5"": 12}",0.5644708994708995,"{""15"": 18, ""30"": 21, ""5"": 12}",0.3708833333333333,"{""15"": 200, ""30"": 200, ""5"": 200}"
1e-06,240,4,primary,mom_w2,0.3333333333333333,0,0.7683583333333334,0.07113785235130178,"{""15"": 182, ""30"": 179, ""5"": 188}",0.11421296296296297,"{""15"": 18, ""30"": 21, ""5"": 12}",0.4984325396825397,"{""15"": 18, ""30"": 21, ""5"": 12}",0.23164166666666666,"{""15"": 200, ""30"": 200, ""5"": 200}"
1e-06,240,4,primary,mom_w2,0.5,0,0.8622,0.03691573883345546,"{""15"": 182, ""30"": 179, ""5"": 188}",0.07358465608465609,"{""15"": 18, ""30"": 21, ""5"": 12}",0.4244510582010583,"{""15"": 18, ""30"": 21, ""5"": 12}",0.1378,"{""15"": 200, ""30"": 200, ""5"": 200}"
1e-06,240,4,right,sample_variance,0.0,0,0.0,0.4121504606365159,"{""15"": 199, ""30"": 200, ""5"": 200}",,"{""15"": 1, ""30"": 0, ""5"": 0}",,"{""15"": 1, ""30"": 0, ""5"": 0}",1.0,"{""15"": 200, ""30"": 200, ""5"": 200}"
1e-06,240,4,right,sample_variance,0.2,0,0.7760416666666666,0.06927311557788944,"{""15"": 199, ""30"": 200, ""5"": 200}",,"{""15"": 1, ""30"": 0, ""5"": 0}",,"{""15"": 1, ""30"": 0, ""5"": 0}",0.22395833333333334,"{""15"": 200, ""30"": 200, ""5"": 200}"
1e-06,240,4,right,sample_variance,0.3333333333333333,0,0.89255,0.02945556951423786,"{""15"": 199, ""30"": 200, ""5"": 200}",,"{""15"": 1, ""30"": 0, ""5"": 0}",,"{""15"": 1, ""30"": 0, ""5"": 0}",0.10744999999999999,"{""15"": 200, ""30"": 200, ""5"": 200}"
1e-06,240,4,right,sample_variance,0.5,0,0.9543916666666666,0.01121005025125628,"{""15"": 199, ""30"": 200, ""5"": 200}",,"{""15"": 1, ""30"": 0, ""5"": 0}",,"{""15"": 1, ""30"": 0, ""5"": 0}",0.04560833333333333,"{""15"": 200, ""30"": 200, ""5"": 200}"
1e-06,240,4,right,paired_mean,0.0,0,0.0,0.41926427973199326,"{""15"": 199, ""30"": 200, ""5"": 200}",,"{""15"": 1, ""30"": 0, ""5"": 0}",,"{""15"": 1, ""30"": 0, ""5"": 0}",1.0,"{""15"": 200, ""30"": 200, ""5"": 200}"
1e-06,240,4,right,paired_mean,0.2,0,0.687125,0.11781947236180905,"{""15"": 199, ""30"": 200, ""5"": 200}",,"{""15"": 1, ""30"": 0, ""5"": 0}",,"{""15"": 1, ""30"": 0, ""5"": 0}",0.312875,"{""15"": 200, ""30"": 200, ""5"": 200}"
1e-06,240,4,right,paired_mean,0.3333333333333333,0,0.8219833333333333,0.06563044388609716,"{""15"": 199, ""30"": 200, ""5"": 200}",,"{""15"": 1, ""30"": 0, ""5"": 0}",,"{""15"": 1, ""30"": 0, ""5"": 0}",0.17801666666666663,"{""15"": 200, ""30"": 200, ""5"": 200}"
1e-06,240,4,right,paired_mean,0.5,0,0.9076833333333333,0.033461515912897824,"{""15"": 199, ""30"": 200, ""5"": 200}",,"{""15"": 1, ""30"": 0, ""5"": 0}",,"{""15"": 1, ""30"": 0, ""5"": 0}",0.09231666666666666,"{""15"": 200, ""30"": 200, ""5"": 200}"
1e-06,240,4,right,mom_w1,0.0,0,0.0,0.41926427973199326,"{""15"": 199, ""30"": 200, ""5"": 200}",,"{""15"": 1, ""30"": 0, ""5"": 0}",,"{""15"": 1, ""30"": 0, ""5"": 0}",1.0,"{""15"": 200, ""30"": 200, ""5"": 200}"
1e-06,240,4,right,mom_w1,0.2,0,0.687125,0.11781947236180905,"{""15"": 199, ""30"": 200, ""5"": 200}",,"{""15"": 1, ""30"": 0, ""5"": 0}",,"{""15"": 1, ""30"": 0, ""5"": 0}",0.312875,"{""15"": 200, ""30"": 200, ""5"": 200}"
1e-06,240,4,right,mom_w1,0.3333333333333333,0,0.8219833333333333,0.06563044388609716,"{""15"": 199, ""30"": 200, ""5"": 200}",,"{""15"": 1, ""30"": 0, ""5"": 0}",,"{""15"": 1, ""30"": 0, ""5"": 0}",0.17801666666666663,"{""15"": 200, ""30"": 200, ""5"": 200}"
1e-06,240,4,right,mom_w1,0.5,0,0.9076833333333333,0.033461515912897824,"{""15"": 199, ""30"": 200, ""5"": 200}",,"{""15"": 1, ""30"": 0, ""5"": 0}",,"{""15"": 1, ""30"": 0, ""5"": 0}",0.09231666666666666,"{""15"": 200, ""30"": 200, ""5"": 200}"
1e-06,240,4,right,mom_w2,0.0,0,0.0,0.41926427973199326,"{""15"": 199, ""30"": 200, ""5"": 200}",,"{""15"": 1, ""30"": 0, ""5"": 0}",,"{""15"": 1, ""30"": 0, ""5"": 0}",1.0,"{""15"": 200, ""30"": 200, ""5"": 200}"
1e-06,240,4,right,mom_w2,0.2,0,0.687125,0.11781947236180905,"{""15"": 199, ""30"": 200, ""5"": 200}",,"{""15"": 1, ""30"": 0, ""5"": 0}",,"{""15"": 1, ""30"": 0, ""5"": 0}",0.312875,"{""15"": 200, ""30"": 200, ""5"": 200}"
1e-06,240,4,right,mom_w2,0.3333333333333333,0,0.8219833333333333,0.06563044388609716,"{""15"": 199, ""30"": 200, ""5"": 200}",,"{""15"": 1, ""30"": 0, ""5"": 0}",,"{""15"": 1, ""30"": 0, ""5"": 0}",0.17801666666666663,"{""15"": 200, ""30"": 200, ""5"": 200}"
1e-06,240,4,right,mom_w2,0.5,0,0.9076833333333333,0.033461515912897824,"{""15"": 199, ""30"": 200, ""5"": 200}",,"{""15"": 1, ""30"": 0, ""5"": 0}",,"{""15"": 1, ""30"": 0, ""5"": 0}",0.09231666666666666,"{""15"": 200, ""30"": 200, ""5"": 200}"
1e-06,80,8,left,sample_variance,0.0,0,0.0,0.0,"{""15"": 200, ""30"": 200, ""5"": 200}",,"{""15"": 0, ""30"": 0, ""5"": 0}",,"{""15"": 0, ""30"": 0, ""5"": 0}",1.0,"{""15"": 200, ""30"": 200, ""5"": 200}"
1e-06,80,8,left,sample_variance,0.2,0,0.0,0.0,"{""15"": 200, ""30"": 200, ""5"": 200}",,"{""15"": 0, ""30"": 0, ""5"": 0}",,"{""15"": 0, ""30"": 0, ""5"": 0}",1.0,"{""15"": 200, ""30"": 200, ""5"": 200}"
1e-06,80,8,left,sample_variance,0.3333333333333333,0,0.0,0.0,"{""15"": 200, ""30"": 200, ""5"": 200}",,"{""15"": 0, ""30"": 0, ""5"": 0}",,"{""15"": 0, ""30"": 0, ""5"": 0}",1.0,"{""15"": 200, ""30"": 200, ""5"": 200}"
1e-06,80,8,left,sample_variance,0.5,0,0.0,0.0,"{""15"": 200, ""30"": 200, ""5"": 200}",,"{""15"": 0, ""30"": 0, ""5"": 0}",,"{""15"": 0, ""30"": 0, ""5"": 0}",1.0,"{""15"": 200, ""30"": 200, ""5"": 200}"
1e-06,80,8,left,paired_mean,0.0,0,0.0,0.0,"{""15"": 200, ""30"": 200, ""5"": 200}",,"{""15"": 0, ""30"": 0, ""5"": 0}",,"{""15"": 0, ""30"": 0, ""5"": 0}",1.0,"{""15"": 200, ""30"": 200, ""5"": 200}"
1e-06,80,8,left,paired_mean,0.2,0,0.0,0.0,"{""15"": 200, ""30"": 200, ""5"": 200}",,"{""15"": 0, ""30"": 0, ""5"": 0}",,"{""15"": 0, ""30"": 0, ""5"": 0}",1.0,"{""15"": 200, ""30"": 200, ""5"": 200}"
1e-06,80,8,left,paired_mean,0.3333333333333333,0,0.0,0.0,"{""15"": 200, ""30"": 200, ""5"": 200}",,"{""15"": 0, ""30"": 0, ""5"": 0}",,"{""15"": 0, ""30"": 0, ""5"": 0}",1.0,"{""15"": 200, ""30"": 200, ""5"": 200}"
1e-06,80,8,left,paired_mean,0.5,0,0.0,0.0,"{""15"": 200, ""30"": 200, ""5"": 200}",,"{""15"": 0, ""30"": 0, ""5"": 0}",,"{""15"": 0, ""30"": 0, ""5"": 0}",1.0,"{""15"": 200, ""30"": 200, ""5"": 200}"
1e-06,80,8,left,mom_w1,0.0,0,0.0,0.0,"{""15"": 200, ""30"": 200, ""5"": 200}",,"{""15"": 0, ""30"": 0, ""5"": 0}",,"{""15"": 0, ""30"": 0, ""5"": 0}",1.0,"{""15"": 200, ""30"": 200, ""5"": 200}"
1e-06,80,8,left,mom_w1,0.2,0,0.0,0.0,"{""15"": 200, ""30"": 200, ""5"": 200}",,"{""15"": 0, ""30"": 0, ""5"": 0}",,"{""15"": 0, ""30"": 0, ""5"": 0}",1.0,"{""15"": 200, ""30"": 200, ""5"": 200}"
1e-06,80,8,left,mom_w1,0.3333333333333333,0,0.0,0.0,"{""15"": 200, ""30"": 200, ""5"": 200}",,"{""15"": 0, ""30"": 0, ""5"": 0}",,"{""15"": 0, ""30"": 0, ""5"": 0}",1.0,"{""15"": 200, ""30"": 200, ""5"": 200}"
1e-06,80,8,left,mom_w1,0.5,0,0.0,0.0,"{""15"": 200, ""30"": 200, ""5"": 200}",,"{""15"": 0, ""30"": 0, ""5"": 0}",,"{""15"": 0, ""30"": 0, ""5"": 0}",1.0,"{""15"": 200, ""30"": 200, ""5"": 200}"
1e-06,80,8,left,mom_w2,0.0,0,0.0,0.0,"{""15"": 200, ""30"": 200, ""5"": 200}",,"{""15"": 0, ""30"": 0, ""5"": 0}",,"{""15"": 0, ""30"": 0, ""5"": 0}",1.0,"{""15"": 200, ""30"": 200, ""5"": 200}"
1e-06,80,8,left,mom_w2,0.2,0,0.0,0.0,"{""15"": 200, ""30"": 200, ""5"": 200}",,"{""15"": 0, ""30"": 0, ""5"": 0}",,"{""15"": 0, ""30"": 0, ""5"": 0}",1.0,"{""15"": 200, ""30"": 200, ""5"": 200}"
1e-06,80,8,left,mom_w2,0.3333333333333333,0,0.0,0.0,"{""15"": 200, ""30"": 200, ""5"": 200}",,"{""15"": 0, ""30"": 0, ""5"": 0}",,"{""15"": 0, ""30"": 0, ""5"": 0}",1.0,"{""15"": 200, ""30"": 200, ""5"": 200}"
1e-06,80,8,left,mom_w2,0.5,0,0.0,0.0,"{""15"": 200, ""30"": 200, ""5"": 200}",,"{""15"": 0, ""30"": 0, ""5"": 0}",,"{""15"": 0, ""30"": 0, ""5"": 0}",1.0,"{""15"": 200, ""30"": 200, ""5"": 200}"
1e-06,80,8,primary,sample_variance,0.0,0,0.0,0.24627428307123034,"{""15"": 184, ""30"": 184, ""5"": 188}",0.20048611111111111,"{""15"": 16, ""30"": 16, ""5"": 12}",0.7995138888888889,"{""15"": 16, ""30"": 16, ""5"": 12}",1.0,"{""15"": 200, ""30"": 200, ""5"": 200}"
1e-06,80,8,primary,sample_variance,0.2,0,0.8122,0.014231614246068454,"{""15"": 184, ""30"": 184, ""5"": 188}",0.06708333333333333,"{""15"": 16, ""30"": 16, ""5"": 12}",0.6346875000000001,"{""15"": 16, ""30"": 16, ""5"": 12}",0.1878,"{""15"": 200, ""30"": 200, ""5"": 200}"
1e-06,80,8,primary,sample_variance,0.3333333333333333,0,0.9110916666666666,0.0028871800801726793,"{""15"": 184, ""30"": 184, ""5"": 188}",0.02666666666666667,"{""15"": 16, ""30"": 16, ""5"": 12}",0.5508680555555555,"{""15"": 16, ""30"": 16, ""5"": 12}",0.08890833333333333,"{""15"": 200, ""30"": 200, ""5"": 200}"
1e-06,80,8,primary,sample_variance,0.5,0,0.9529,0.00044827320382362015,"{""15"": 184, ""30"": 184, ""5"": 188}",0.009409722222222222,"{""15"": 16, ""30"": 16, ""5"": 12}",0.4632638888888889,"{""15"": 16, ""30"": 16, ""5"": 12}",0.047099999999999996,"{""15"": 200, ""30"": 200, ""5"": 200}"
1e-06,80,8,primary,paired_mean,0.0,0,0.0,0.29496762257169284,"{""15"": 184, ""30"": 184, ""5"": 188}",0.2328125,"{""15"": 16, ""30"": 16, ""5"": 12}",0.7671875,"{""15"": 16, ""30"": 16, ""5"": 12}",1.0,"{""15"": 200, ""30"": 200, ""5"": 200}"
1e-06,80,8,primary,paired_mean,0.2,0,0.7288333333333333,0.05316219549799569,"{""15"": 184, ""30"": 184, ""5"": 188}",0.10902777777777778,"{""15"": 16, ""30"": 16, ""5"": 12}",0.6326041666666667,"{""15"": 16, ""30"": 16, ""5"": 12}",0.2711666666666667,"{""15"": 200, ""30"": 200, ""5"": 200}"
1e-06,80,8,primary,paired_mean,0.3333333333333333,0,0.8627416666666666,0.02045366944187481,"{""15"": 184, ""30"": 184, ""5"": 188}",0.058750000000000004,"{""15"": 16, ""30"": 16, ""5"": 12}",0.5585069444444445,"{""15"": 16, ""30"": 16, ""5"": 12}",0.13725833333333334,"{""15"": 200, ""30"": 200, ""5"": 200}"
1e-06,80,8,primary,paired_mean,0.5,0,0.9313833333333333,0.006423643231575702,"{""15"": 184, ""30"": 184, ""5"": 188}",0.027256944444444448,"{""15"": 16, ""30"": 16, ""5"": 12}",0.47496527777777775,"{""15"": 16, ""30"": 16, ""5"": 12}",0.06861666666666667,"{""15"": 200, ""30"": 200, ""5"": 200}"
1e-06,80,8,primary,mom_w1,0.0,0,0.0,0.35104552112241755,"{""15"": 184, ""30"": 184, ""5"": 188}",0.26600694444444445,"{""15"": 16, ""30"": 16, ""5"": 12}",0.7339930555555555,"{""15"": 16, ""30"": 16, ""5"": 12}",1.0,"{""15"": 200, ""30"": 200, ""5"": 200}"
1e-06,80,8,primary,mom_w1,0.2,0,0.5973916666666667,0.11893115942028985,"{""15"": 184, ""30"": 184, ""5"": 188}",0.15736111111111112,"{""15"": 16, ""30"": 16, ""5"": 12}",0.616111111111111,"{""15"": 16, ""30"": 16, ""5"": 12}",0.4026083333333334,"{""15"": 200, ""30"": 200, ""5"": 200}"
1e-06,80,8,primary,mom_w1,0.3333333333333333,0,0.765525,0.06293709528214615,"{""15"": 184, ""30"": 184, ""5"": 188}",0.10465277777777778,"{""15"": 16, ""30"": 16, ""5"": 12}",0.5409722222222222,"{""15"": 16, ""30"": 16, ""5"": 12}",0.23447500000000002,"{""15"": 200, ""30"": 200, ""5"": 200}"
1e-06,80,8,primary,mom_w1,0.5,0,0.8756666666666667,0.027664007092198583,"{""15"": 184, ""30"": 184, ""5"": 188}",0.06055555555555555,"{""15"": 16, ""30"": 16, ""5"": 12}",0.45590277777777777,"{""15"": 16, ""30"": 16, ""5"": 12}",0.12433333333333334,"{""15"": 200, ""30"": 200, ""5"": 200}"
1e-06,80,8,primary,mom_w2,0.0,0,0.0,0.29496762257169284,"{""15"": 184, ""30"": 184, ""5"": 188}",0.2328125,"{""15"": 16, ""30"": 16, ""5"": 12}",0.7671875,"{""15"": 16, ""30"": 16, ""5"": 12}",1.0,"{""15"": 200, ""30"": 200, ""5"": 200}"
1e-06,80,8,primary,mom_w2,0.2,0,0.7288333333333333,0.05316219549799569,"{""15"": 184, ""30"": 184, ""5"": 188}",0.10902777777777778,"{""15"": 16, ""30"": 16, ""5"": 12}",0.6326041666666667,"{""15"": 16, ""30"": 16, ""5"": 12}",0.2711666666666667,"{""15"": 200, ""30"": 200, ""5"": 200}"
1e-06,80,8,primary,mom_w2,0.3333333333333333,0,0.8627416666666666,0.02045366944187481,"{""15"": 184, ""30"": 184, ""5"": 188}",0.058750000000000004,"{""15"": 16, ""30"": 16, ""5"": 12}",0.5585069444444445,"{""15"": 16, ""30"": 16, ""5"": 12}",0.13725833333333334,"{""15"": 200, ""30"": 200, ""5"": 200}"
1e-06,80,8,primary,mom_w2,0.5,0,0.9313833333333333,0.006423643231575702,"{""15"": 184, ""30"": 184, ""5"": 188}",0.027256944444444448,"{""15"": 16, ""30"": 16, ""5"": 12}",0.47496527777777775,"{""15"": 16, ""30"": 16, ""5"": 12}",0.06861666666666667,"{""15"": 200, ""30"": 200, ""5"": 200}"
1e-06,80,8,right,sample_variance,0.0,0,0.0,0.2349469849246231,"{""15"": 199, ""30"": 200, ""5"": 200}",,"{""15"": 1, ""30"": 0, ""5"": 0}",,"{""15"": 1, ""30"": 0, ""5"": 0}",1.0,"{""15"": 200, ""30"": 200, ""5"": 200}"
1e-06,80,8,right,sample_variance,0.2,0,0.87215,0.010802680067001675,"{""15"": 199, ""30"": 200, ""5"": 200}",,"{""15"": 1, ""30"": 0, ""5"": 0}",,"{""15"": 1, ""30"": 0, ""5"": 0}",0.12785,"{""15"": 200, ""30"": 200, ""5"": 200}"
1e-06,80,8,right,sample_variance,0.3333333333333333,0,0.960225,0.0019034757118927973,"{""15"": 199, ""30"": 200, ""5"": 200}",,"{""15"": 1, ""30"": 0, ""5"": 0}",,"{""15"": 1, ""30"": 0, ""5"": 0}",0.039775,"{""15"": 200, ""30"": 200, ""5"": 200}"
1e-06,80,8,right,sample_variance,0.5,0,0.9903416666666667,0.0002587939698492462,"{""15"": 199, ""30"": 200, ""5"": 200}",,"{""15"": 1, ""30"": 0, ""5"": 0}",,"{""15"": 1, ""30"": 0, ""5"": 0}",0.009658333333333336,"{""15"": 200, ""30"": 200, ""5"": 200}"
1e-06,80,8,right,paired_mean,0.0,0,0.0,0.28409024288107204,"{""15"": 199, ""30"": 200, ""5"": 200}",,"{""15"": 1, ""30"": 0, ""5"": 0}",,"{""15"": 1, ""30"": 0, ""5"": 0}",1.0,"{""15"": 200, ""30"": 200, ""5"": 200}"
1e-06,80,8,right,paired_mean,0.2,0,0.7898583333333333,0.0459250837520938,"{""15"": 199, ""30"": 200, ""5"": 200}",,"{""15"": 1, ""30"": 0, ""5"": 0}",,"{""15"": 1, ""30"": 0, ""5"": 0}",0.21014166666666667,"{""15"": 200, ""30"": 200, ""5"": 200}"
1e-06,80,8,right,paired_mean,0.3333333333333333,0,0.9180833333333334,0.016691541038525964,"{""15"": 199, ""30"": 200, ""5"": 200}",,"{""15"": 1, ""30"": 0, ""5"": 0}",,"{""15"": 1, ""30"": 0, ""5"": 0}",0.08191666666666668,"{""15"": 200, ""30"": 200, ""5"": 200}"
1e-06,80,8,right,paired_mean,0.5,0,0.97285,0.0051571608040201005,"{""15"": 199, ""30"": 200, ""5"": 200}",,"{""15"": 1, ""30"": 0, ""5"": 0}",,"{""15"": 1, ""30"": 0, ""5"": 0}",0.027149999999999997,"{""15"": 200, ""30"": 200, ""5"": 200}"
1e-06,80,8,right,mom_w1,0.0,0,0.0,0.34369091289782244,"{""15"": 199, ""30"": 200, ""5"": 200}",,"{""15"": 1, ""30"": 0, ""5"": 0}",,"{""15"": 1, ""30"": 0, ""5"": 0}",1.0,"{""15"": 200, ""30"": 200, ""5"": 200}"
1e-06,80,8,right,mom_w1,0.2,0,0.6532083333333333,0.10946658291457285,"{""15"": 199, ""30"": 200, ""5"": 200}",,"{""15"": 1, ""30"": 0, ""5"": 0}",,"{""15"": 1, ""30"": 0, ""5"": 0}",0.34679166666666666,"{""15"": 200, ""30"": 200, ""5"": 200}"
1e-06,80,8,right,mom_w1,0.3333333333333333,0,0.818825,0.05626938860971523,"{""15"": 199, ""30"": 200, ""5"": 200}",,"{""15"": 1, ""30"": 0, ""5"": 0}",,"{""15"": 1, ""30"": 0, ""5"": 0}",0.181175,"{""15"": 200, ""30"": 200, ""5"": 200}"
1e-06,80,8,right,mom_w1,0.5,0,0.91935,0.024247613065326634,"{""15"": 199, ""30"": 200, ""5"": 200}",,"{""15"": 1, ""30"": 0, ""5"": 0}",,"{""15"": 1, ""30"": 0, ""5"": 0}",0.08065,"{""15"": 200, ""30"": 200, ""5"": 200}"
1e-06,80,8,right,mom_w2,0.0,0,0.0,0.28409024288107204,"{""15"": 199, ""30"": 200, ""5"": 200}",,"{""15"": 1, ""30"": 0, ""5"": 0}",,"{""15"": 1, ""30"": 0, ""5"": 0}",1.0,"{""15"": 200, ""30"": 200, ""5"": 200}"
1e-06,80,8,right,mom_w2,0.2,0,0.7898583333333333,0.0459250837520938,"{""15"": 199, ""30"": 200, ""5"": 200}",,"{""15"": 1, ""30"": 0, ""5"": 0}",,"{""15"": 1, ""30"": 0, ""5"": 0}",0.21014166666666667,"{""15"": 200, ""30"": 200, ""5"": 200}"
1e-06,80,8,right,mom_w2,0.3333333333333333,0,0.9180833333333334,0.016691541038525964,"{""15"": 199, ""30"": 200, ""5"": 200}",,"{""15"": 1, ""30"": 0, ""5"": 0}",,"{""15"": 1, ""30"": 0, ""5"": 0}",0.08191666666666668,"{""15"": 200, ""30"": 200, ""5"": 200}"
1e-06,80,8,right,mom_w2,0.5,0,0.97285,0.0051571608040201005,"{""15"": 199, ""30"": 200, ""5"": 200}",,"{""15"": 1, ""30"": 0, ""5"": 0}",,"{""15"": 1, ""30"": 0, ""5"": 0}",0.027149999999999997,"{""15"": 200, ""30"": 200, ""5"": 200}"
1e-06,160,8,left,sample_variance,0.0,0,0.0,0.0,"{""15"": 200, ""30"": 200, ""5"": 200}",,"{""15"": 0, ""30"": 0, ""5"": 0}",,"{""15"": 0, ""30"": 0, ""5"": 0}",1.0,"{""15"": 200, ""30"": 200, ""5"": 200}"
1e-06,160,8,left,sample_variance,0.2,0,0.0,0.0,"{""15"": 200, ""30"": 200, ""5"": 200}",,"{""15"": 0, ""30"": 0, ""5"": 0}",,"{""15"": 0, ""30"": 0, ""5"": 0}",1.0,"{""15"": 200, ""30"": 200, ""5"": 200}"
1e-06,160,8,left,sample_variance,0.3333333333333333,0,0.0,0.0,"{""15"": 200, ""30"": 200, ""5"": 200}",,"{""15"": 0, ""30"": 0, ""5"": 0}",,"{""15"": 0, ""30"": 0, ""5"": 0}",1.0,"{""15"": 200, ""30"": 200, ""5"": 200}"
1e-06,160,8,left,sample_variance,0.5,0,0.0,0.0,"{""15"": 200, ""30"": 200, ""5"": 200}",,"{""15"": 0, ""30"": 0, ""5"": 0}",,"{""15"": 0, ""30"": 0, ""5"": 0}",1.0,"{""15"": 200, ""30"": 200, ""5"": 200}"
1e-06,160,8,left,paired_mean,0.0,0,0.0,0.0,"{""15"": 200, ""30"": 200, ""5"": 200}",,"{""15"": 0, ""30"": 0, ""5"": 0}",,"{""15"": 0, ""30"": 0, ""5"": 0}",1.0,"{""15"": 200, ""30"": 200, ""5"": 200}"
1e-06,160,8,left,paired_mean,0.2,0,0.0,0.0,"{""15"": 200, ""30"": 200, ""5"": 200}",,"{""15"": 0, ""30"": 0, ""5"": 0}",,"{""15"": 0, ""30"": 0, ""5"": 0}",1.0,"{""15"": 200, ""30"": 200, ""5"": 200}"
1e-06,160,8,left,paired_mean,0.3333333333333333,0,0.0,0.0,"{""15"": 200, ""30"": 200, ""5"": 200}",,"{""15"": 0, ""30"": 0, ""5"": 0}",,"{""15"": 0, ""30"": 0, ""5"": 0}",1.0,"{""15"": 200, ""30"": 200, ""5"": 200}"
1e-06,160,8,left,paired_mean,0.5,0,0.0,0.0,"{""15"": 200, ""30"": 200, ""5"": 200}",,"{""15"": 0, ""30"": 0, ""5"": 0}",,"{""15"": 0, ""30"": 0, ""5"": 0}",1.0,"{""15"": 200, ""30"": 200, ""5"": 200}"
1e-06,160,8,left,mom_w1,0.0,0,0.0,0.0,"{""15"": 200, ""30"": 200, ""5"": 200}",,"{""15"": 0, ""30"": 0, ""5"": 0}",,"{""15"": 0, ""30"": 0, ""5"": 0}",1.0,"{""15"": 200, ""30"": 200, ""5"": 200}"
1e-06,160,8,left,mom_w1,0.2,0,0.0,0.0,"{""15"": 200, ""30"": 200, ""5"": 200}",,"{""15"": 0, ""30"": 0, ""5"": 0}",,"{""15"": 0, ""30"": 0, ""5"": 0}",1.0,"{""15"": 200, ""30"": 200, ""5"": 200}"
1e-06,160,8,left,mom_w1,0.3333333333333333,0,0.0,0.0,"{""15"": 200, ""30"": 200, ""5"": 200}",,"{""15"": 0, ""30"": 0, ""5"": 0}",,"{""15"": 0, ""30"": 0, ""5"": 0}",1.0,"{""15"": 200, ""30"": 200, ""5"": 200}"
1e-06,160,8,left,mom_w1,0.5,0,0.0,0.0,"{""15"": 200, ""30"": 200, ""5"": 200}",,"{""15"": 0, ""30"": 0, ""5"": 0}",,"{""15"": 0, ""30"": 0, ""5"": 0}",1.0,"{""15"": 200, ""30"": 200, ""5"": 200}"
1e-06,160,8,left,mom_w2,0.0,0,0.0,0.0,"{""15"": 200, ""30"": 200, ""5"": 200}",,"{""15"": 0, ""30"": 0, ""5"": 0}",,"{""15"": 0, ""30"": 0, ""5"": 0}",1.0,"{""15"": 200, ""30"": 200, ""5"": 200}"
1e-06,160,8,left,mom_w2,0.2,0,0.0,0.0,"{""15"": 200, ""30"": 200, ""5"": 200}",,"{""15"": 0, ""30"": 0, ""5"": 0}",,"{""15"": 0, ""30"": 0, ""5"": 0}",1.0,"{""15"": 200, ""30"": 200, ""5"": 200}"
1e-06,160,8,left,mom_w2,0.3333333333333333,0,0.0,0.0,"{""15"": 200, ""30"": 200, ""5"": 200}",,"{""15"": 0, ""30"": 0, ""5"": 0}",,"{""15"": 0, ""30"": 0, ""5"": 0}",1.0,"{""15"": 200, ""30"": 200, ""5"": 200}"
1e-06,160,8,left,mom_w2,0.5,0,0.0,0.0,"{""15"": 200, ""30"": 200, ""5"": 200}",,"{""15"": 0, ""30"": 0, ""5"": 0}",,"{""15"": 0, ""30"": 0, ""5"": 0}",1.0,"{""15"": 200, ""30"": 200, ""5"": 200}"
1e-06,160,8,primary,sample_variance,0.0,0,0.0,0.34666117432606797,"{""15"": 182, ""30"": 180, ""5"": 188}",0.20957407407407405,"{""15"": 18, ""30"": 20, ""5"": 12}",0.7904259259259258,"{""15"": 18, ""30"": 20, ""5"": 12}",1.0,"{""15"": 200, ""30"": 200, ""5"": 200}"
1e-06,160,8,primary,sample_variance,0.2,0,0.8235333333333333,0.0164552602637709,"{""15"": 182, ""30"": 180, ""5"": 188}",0.06350925925925927,"{""15"": 18, ""30"": 20, ""5"": 12}",0.5978796296296297,"{""15"": 18, ""30"": 20, ""5"": 12}",0.1764666666666667,"{""15"": 200, ""30"": 200, ""5"": 200}"
1e-06,160,8,primary,sample_variance,0.3333333333333333,0,0.9136333333333333,0.0029599039652231144,"{""15"": 182, ""30"": 180, ""5"": 188}",0.0247962962962963,"{""15"": 18, ""30"": 20, ""5"": 12}",0.5112777777777778,"{""15"": 18, ""30"": 20, ""5"": 12}",0.08636666666666666,"{""15"": 200, ""30"": 200, ""5"": 200}"
1e-06,160,8,primary,sample_variance,0.5,0,0.9532166666666667,0.00047827094103689857,"{""15"": 182, ""30"": 180, ""5"": 188}",0.00825,"{""15"": 18, ""30"": 20, ""5"": 12}",0.42692592592592593,"{""15"": 18, ""30"": 20, ""5"": 12}",0.046783333333333336,"{""15"": 200, ""30"": 200, ""5"": 200}"
1e-06,160,8,primary,paired_mean,0.0,0,0.0,0.3714668489508915,"{""15"": 182, ""30"": 180, ""5"": 188}",0.24326851851851852,"{""15"": 18, ""30"": 20, ""5"": 12}",0.7567314814814813,"{""15"": 18, ""30"": 20, ""5"": 12}",1.0,"{""15"": 200, ""30"": 200, ""5"": 200}"
1e-06,160,8,primary,paired_mean,0.2,0,0.7398666666666667,0.059499229297101636,"{""15"": 182, ""30"": 180, ""5"": 188}",0.10562962962962963,"{""15"": 18, ""30"": 20, ""5"": 12}",0.5977222222222224,"{""15"": 18, ""30"": 20, ""5"": 12}",0.2601333333333333,"{""15"": 200, ""30"": 200, ""5"": 200}"
1e-06,160,8,primary,paired_mean,0.3333333333333333,0,0.8659333333333333,0.022093356800803612,"{""15"": 182, ""30"": 180, ""5"": 188}",0.055518518518518516,"{""15"": 18, ""30"": 20, ""5"": 12}",0.5224074074074073,"{""15"": 18, ""30"": 20, ""5"": 12}",0.13406666666666667,"{""15"": 200, ""30"": 200, ""5"": 200}"
1e-06,160,8,primary,paired_mean,0.5,0,0.9317916666666667,0.006800089193706216,"{""15"": 182, ""30"": 180, ""5"": 188}",0.0255462962962963,"{""15"": 18, ""30"": 20, ""5"": 12}",0.4397870370370371,"{""15"": 18, ""30"": 20, ""5"": 12}",0.06820833333333333,"{""15"": 200, ""30"": 200, ""5"": 200}"
1e-06,160,8,primary,mom_w1,0.0,0,0.0,0.40785593484529653,"{""15"": 182, ""30"": 180, ""5"": 188}",0.27585185185185185,"{""15"": 18, ""30"": 20, ""5"": 12}",0.7241481481481481,"{""15"": 18, ""30"": 20, ""5"": 12}",1.0,"{""15"": 200, ""30"": 200, ""5"": 200}"
1e-06,160,8,primary,mom_w1,0.2,0,0.6064916666666667,0.12993983754622054,"{""15"": 182, ""30"": 180, ""5"": 188}",0.1549814814814815,"{""15"": 18, ""30"": 20, ""5"": 12}",0.5894351851851851,"{""15"": 18, ""30"": 20, ""5"": 12}",0.3935083333333333,"{""15"": 200, ""30"": 200, ""5"": 200}"
1e-06,160,8,primary,mom_w1,0.3333333333333333,0,0.7694416666666667,0.0672057278812598,"{""15"": 182, ""30"": 180, ""5"": 188}",0.10183333333333333,"{""15"": 18, ""30"": 20, ""5"": 12}",0.5093333333333333,"{""15"": 18, ""30"": 20, ""5"": 12}",0.23055833333333334,"{""15"": 200, ""30"": 200, ""5"": 200}"
1e-06,160,8,primary,mom_w1,0.5,0,0.8769666666666667,0.029129807151083747,"{""15"": 182, ""30"": 180, ""5"": 188}",0.05639814814814814,"{""15"": 18, ""30"": 20, ""5"": 12}",0.42630555555555555,"{""15"": 18, ""30"": 20, ""5"": 12}",0.12303333333333333,"{""15"": 200, ""30"": 200, ""5"": 200}"
1e-06,160,8,primary,mom_w2,0.0,0,0.0,0.3714668489508915,"{""15"": 182, ""30"": 180, ""5"": 188}",0.24326851851851852,"{""15"": 18, ""30"": 20, ""5"": 12}",0.7567314814814813,"{""15"": 18, ""30"": 20, ""5"": 12}",1.0,"{""15"": 200, ""30"": 200, ""5"": 200}"
1e-06,160,8,primary,mom_w2,0.2,0,0.7398666666666667,0.059499229297101636,"{""15"": 182, ""30"": 180, ""5"": 188}",0.10562962962962963,"{""15"": 18, ""30"": 20, ""5"": 12}",0.5977222222222224,"{""15"": 18, ""30"": 20, ""5"": 12}",0.2601333333333333,"{""15"": 200, ""30"": 200, ""5"": 200}"
1e-06,160,8,primary,mom_w2,0.3333333333333333,0,0.8659333333333333,0.022093356800803612,"{""15"": 182, ""30"": 180, ""5"": 188}",0.055518518518518516,"{""15"": 18, ""30"": 20, ""5"": 12}",0.5224074074074073,"{""15"": 18, ""30"": 20, ""5"": 12}",0.13406666666666667,"{""15"": 200, ""30"": 200, ""5"": 200}"
1e-06,160,8,primary,mom_w2,0.5,0,0.9317916666666667,0.006800089193706216,"{""15"": 182, ""30"": 180, ""5"": 188}",0.0255462962962963,"{""15"": 18, ""30"": 20, ""5"": 12}",0.4397870370370371,"{""15"": 18, ""30"": 20, ""5"": 12}",0.06820833333333333,"{""15"": 200, ""30"": 200, ""5"": 200}"
1e-06,160,8,right,sample_variance,0.0,0,0.0,0.34690975711892796,"{""15"": 199, ""30"": 200, ""5"": 200}",,"{""15"": 1, ""30"": 0, ""5"": 0}",,"{""15"": 1, ""30"": 0, ""5"": 0}",1.0,"{""15"": 200, ""30"": 200, ""5"": 200}"
1e-06,160,8,right,sample_variance,0.2,0,0.8868166666666667,0.013564447236180903,"{""15"": 199, ""30"": 200, ""5"": 200}",,"{""15"": 1, ""30"": 0, ""5"": 0}",,"{""15"": 1, ""30"": 0, ""5"": 0}",0.11318333333333332,"{""15"": 200, ""30"": 200, ""5"": 200}"
1e-06,160,8,right,sample_variance,0.3333333333333333,0,0.9634,0.0022789782244556117,"{""15"": 199, ""30"": 200, ""5"": 200}",,"{""15"": 1, ""30"": 0, ""5"": 0}",,"{""15"": 1, ""30"": 0, ""5"": 0}",0.0366,"{""15"": 200, ""30"": 200, ""5"": 200}"
1e-06,160,8,right,sample_variance,0.5,0,0.9910583333333334,0.0002837939698492463,"{""15"": 199, ""30"": 200, ""5"": 200}",,"{""15"": 1, ""30"": 0, ""5"": 0}",,"{""15"": 1, ""30"": 0, ""5"": 0}",0.008941666666666667,"{""15"": 200, ""30"": 200, ""5"": 200}"
1e-06,160,8,right,paired_mean,0.0,0,0.0,0.37336419597989945,"{""15"": 199, ""30"": 200, ""5"": 200}",,"{""15"": 1, ""30"": 0, ""5"": 0}",,"{""15"": 1, ""30"": 0, ""5"": 0}",1.0,"{""15"": 200, ""30"": 200, ""5"": 200}"
1e-06,160,8,right,paired_mean,0.2,0,0.804175,0.05359321608040202,"{""15"": 199, ""30"": 200, ""5"": 200}",,"{""15"": 1, ""30"": 0, ""5"": 0}",,"{""15"": 1, ""30"": 0, ""5"": 0}",0.195825,"{""15"": 200, ""30"": 200, ""5"": 200}"
1e-06,160,8,right,paired_mean,0.3333333333333333,0,0.9221166666666667,0.01851042713567839,"{""15"": 199, ""30"": 200, ""5"": 200}",,"{""15"": 1, ""30"": 0, ""5"": 0}",,"{""15"": 1, ""30"": 0, ""5"": 0}",0.07788333333333333,"{""15"": 200, ""30"": 200, ""5"": 200}"
1e-06,160,8,right,paired_mean,0.5,0,0.97385,0.005624497487437187,"{""15"": 199, ""30"": 200, ""5"": 200}",,"{""15"": 1, ""30"": 0, ""5"": 0}",,"{""15"": 1, ""30"": 0, ""5"": 0}",0.026150000000000007,"{""15"": 200, ""30"": 200, ""5"": 200}"
1e-06,160,8,right,mom_w1,0.0,0,0.0,0.41048170016750424,"{""15"": 199, ""30"": 200, ""5"": 200}",,"{""15"": 1, ""30"": 0, ""5"": 0}",,"{""15"": 1, ""30"": 0, ""5"": 0}",1.0,"{""15"": 200, ""30"": 200, ""5"": 200}"
1e-06,160,8,right,mom_w1,0.2,0,0.6651333333333334,0.12175611390284757,"{""15"": 199, ""30"": 200, ""5"": 200}",,"{""15"": 1, ""30"": 0, ""5"": 0}",,"{""15"": 1, ""30"": 0, ""5"": 0}",0.33486666666666665,"{""15"": 200, ""30"": 200, ""5"": 200}"
1e-06,160,8,right,mom_w1,0.3333333333333333,0,0.82365,0.061250209380234504,"{""15"": 199, ""30"": 200, ""5"": 200}",,"{""15"": 1, ""30"": 0, ""5"": 0}",,"{""15"": 1, ""30"": 0, ""5"": 0}",0.17635,"{""15"": 200, ""30"": 200, ""5"": 200}"
1e-06,160,8,right,mom_w1,0.5,0,0.9211166666666667,0.026033500837520943,"{""15"": 199, ""30"": 200, ""5"": 200}",,"{""15"": 1, ""30"": 0, ""5"": 0}",,"{""15"": 1, ""30"": 0, ""5"": 0}",0.07888333333333335,"{""15"": 200, ""30"": 200, ""5"": 200}"
1e-06,160,8,right,mom_w2,0.0,0,0.0,0.37336419597989945,"{""15"": 199, ""30"": 200, ""5"": 200}",,"{""15"": 1, ""30"": 0, ""5"": 0}",,"{""15"": 1, ""30"": 0, ""5"": 0}",1.0,"{""15"": 200, ""30"": 200, ""5"": 200}"
1e-06,160,8,right,mom_w2,0.2,0,0.804175,0.05359321608040202,"{""15"": 199, ""30"": 200, ""5"": 200}",,"{""15"": 1, ""30"": 0, ""5"": 0}",,"{""15"": 1, ""30"": 0, ""5"": 0}",0.195825,"{""15"": 200, ""30"": 200, ""5"": 200}"
1e-06,160,8,right,mom_w2,0.3333333333333333,0,0.9221166666666667,0.01851042713567839,"{""15"": 199, ""30"": 200, ""5"": 200}",,"{""15"": 1, ""30"": 0, ""5"": 0}",,"{""15"": 1, ""30"": 0, ""5"": 0}",0.07788333333333333,"{""15"": 200, ""30"": 200, ""5"": 200}"
1e-06,160,8,right,mom_w2,0.5,0,0.97385,0.005624497487437187,"{""15"": 199, ""30"": 200, ""5"": 200}",,"{""15"": 1, ""30"": 0, ""5"": 0}",,"{""15"": 1, ""30"": 0, ""5"": 0}",0.026150000000000007,"{""15"": 200, ""30"": 200, ""5"": 200}"
1e-06,240,8,left,sample_variance,0.0,0,0.0,0.0,"{""15"": 200, ""30"": 200, ""5"": 200}",,"{""15"": 0, ""30"": 0, ""5"": 0}",,"{""15"": 0, ""30"": 0, ""5"": 0}",1.0,"{""15"": 200, ""30"": 200, ""5"": 200}"
1e-06,240,8,left,sample_variance,0.2,0,0.0,0.0,"{""15"": 200, ""30"": 200, ""5"": 200}",,"{""15"": 0, ""30"": 0, ""5"": 0}",,"{""15"": 0, ""30"": 0, ""5"": 0}",1.0,"{""15"": 200, ""30"": 200, ""5"": 200}"
1e-06,240,8,left,sample_variance,0.3333333333333333,0,0.0,0.0,"{""15"": 200, ""30"": 200, ""5"": 200}",,"{""15"": 0, ""30"": 0, ""5"": 0}",,"{""15"": 0, ""30"": 0, ""5"": 0}",1.0,"{""15"": 200, ""30"": 200, ""5"": 200}"
1e-06,240,8,left,sample_variance,0.5,0,0.0,0.0,"{""15"": 200, ""30"": 200, ""5"": 200}",,"{""15"": 0, ""30"": 0, ""5"": 0}",,"{""15"": 0, ""30"": 0, ""5"": 0}",1.0,"{""15"": 200, ""30"": 200, ""5"": 200}"
1e-06,240,8,left,paired_mean,0.0,0,0.0,0.0,"{""15"": 200, ""30"": 200, ""5"": 200}",,"{""15"": 0, ""30"": 0, ""5"": 0}",,"{""15"": 0, ""30"": 0, ""5"": 0}",1.0,"{""15"": 200, ""30"": 200, ""5"": 200}"
1e-06,240,8,left,paired_mean,0.2,0,0.0,0.0,"{""15"": 200, ""30"": 200, ""5"": 200}",,"{""15"": 0, ""30"": 0, ""5"": 0}",,"{""15"": 0, ""30"": 0, ""5"": 0}",1.0,"{""15"": 200, ""30"": 200, ""5"": 200}"
1e-06,240,8,left,paired_mean,0.3333333333333333,0,0.0,0.0,"{""15"": 200, ""30"": 200, ""5"": 200}",,"{""15"": 0, ""30"": 0, ""5"": 0}",,"{""15"": 0, ""30"": 0, ""5"": 0}",1.0,"{""15"": 200, ""30"": 200, ""5"": 200}"
1e-06,240,8,left,paired_mean,0.5,0,0.0,0.0,"{""15"": 200, ""30"": 200, ""5"": 200}",,"{""15"": 0, ""30"": 0, ""5"": 0}",,"{""15"": 0, ""30"": 0, ""5"": 0}",1.0,"{""15"": 200, ""30"": 200, ""5"": 200}"
1e-06,240,8,left,mom_w1,0.0,0,0.0,0.0,"{""15"": 200, ""30"": 200, ""5"": 200}",,"{""15"": 0, ""30"": 0, ""5"": 0}",,"{""15"": 0, ""30"": 0, ""5"": 0}",1.0,"{""15"": 200, ""30"": 200, ""5"": 200}"
1e-06,240,8,left,mom_w1,0.2,0,0.0,0.0,"{""15"": 200, ""30"": 200, ""5"": 200}",,"{""15"": 0, ""30"": 0, ""5"": 0}",,"{""15"": 0, ""30"": 0, ""5"": 0}",1.0,"{""15"": 200, ""30"": 200, ""5"": 200}"
1e-06,240,8,left,mom_w1,0.3333333333333333,0,0.0,0.0,"{""15"": 200, ""30"": 200, ""5"": 200}",,"{""15"": 0, ""30"": 0, ""5"": 0}",,"{""15"": 0, ""30"": 0, ""5"": 0}",1.0,"{""15"": 200, ""30"": 200, ""5"": 200}"
1e-06,240,8,left,mom_w1,0.5,0,0.0,0.0,"{""15"": 200, ""30"": 200, ""5"": 200}",,"{""15"": 0, ""30"": 0, ""5"": 0}",,"{""15"": 0, ""30"": 0, ""5"": 0}",1.0,"{""15"": 200, ""30"": 200, ""5"": 200}"
1e-06,240,8,left,mom_w2,0.0,0,0.0,0.0,"{""15"": 200, ""30"": 200, ""5"": 200}",,"{""15"": 0, ""30"": 0, ""5"": 0}",,"{""15"": 0, ""30"": 0, ""5"": 0}",1.0,"{""15"": 200, ""30"": 200, ""5"": 200}"
1e-06,240,8,left,mom_w2,0.2,0,0.0,0.0,"{""15"": 200, ""30"": 200, ""5"": 200}",,"{""15"": 0, ""30"": 0, ""5"": 0}",,"{""15"": 0, ""30"": 0, ""5"": 0}",1.0,"{""15"": 200, ""30"": 200, ""5"": 200}"
1e-06,240,8,left,mom_w2,0.3333333333333333,0,0.0,0.0,"{""15"": 200, ""30"": 200, ""5"": 200}",,"{""15"": 0, ""30"": 0, ""5"": 0}",,"{""15"": 0, ""30"": 0, ""5"": 0}",1.0,"{""15"": 200, ""30"": 200, ""5"": 200}"
1e-06,240,8,left,mom_w2,0.5,0,0.0,0.0,"{""15"": 200, ""30"": 200, ""5"": 200}",,"{""15"": 0, ""30"": 0, ""5"": 0}",,"{""15"": 0, ""30"": 0, ""5"": 0}",1.0,"{""15"": 200, ""30"": 200, ""5"": 200}"
1e-06,240,8,primary,sample_variance,0.0,0,0.0,0.3652983047995231,"{""15"": 182, ""30"": 179, ""5"": 188}",0.20841931216931217,"{""15"": 18, ""30"": 21, ""5"": 12}",0.7915806878306878,"{""15"": 18, ""30"": 21, ""5"": 12}",1.0,"{""15"": 200, ""30"": 200, ""5"": 200}"
1e-06,240,8,primary,sample_variance,0.2,0,0.8248083333333334,0.016968180893950534,"{""15"": 182, ""30"": 179, ""5"": 188}",0.06220238095238095,"{""15"": 18, ""30"": 21, ""5"": 12}",0.5941666666666666,"{""15"": 18, ""30"": 21, ""5"": 12}",0.17519166666666672,"{""15"": 200, ""30"": 200, ""5"": 200}"
1e-06,240,8,primary,sample_variance,0.3333333333333333,0,0.914125,0.00305229206587224,"{""15"": 182, ""30"": 179, ""5"": 188}",0.024636243386243387,"{""15"": 18, ""30"": 21, ""5"": 12}",0.5058465608465609,"{""15"": 18, ""30"": 21, ""5"": 12}",0.08587499999999999,"{""15"": 200, ""30"": 200, ""5"": 200}"
1e-06,240,8,primary,sample_variance,0.5,0,0.9532833333333334,0.0004786847626797705,"{""15"": 182, ""30"": 179, ""5"": 188}",0.008015873015873016,"{""15"": 18, ""30"": 21, ""5"": 12}",0.4229695767195767,"{""15"": 18, ""30"": 21, ""5"": 12}",0.04671666666666666,"{""15"": 200, ""30"": 200, ""5"": 200}"
1e-06,240,8,primary,paired_mean,0.0,0,0.0,0.3847441318141425,"{""15"": 182, ""30"": 179, ""5"": 188}",0.24282407407407414,"{""15"": 18, ""30"": 21, ""5"": 12}",0.757175925925926,"{""15"": 18, ""30"": 21, ""5"": 12}",1.0,"{""15"": 200, ""30"": 200, ""5"": 200}"
1e-06,240,8,primary,paired_mean,0.2,0,0.7409333333333333,0.06083652207968743,"{""15"": 182, ""30"": 179, ""5"": 188}",0.1037830687830688,"{""15"": 18, ""30"": 21, ""5"": 12}",0.5943915343915345,"{""15"": 18, ""30"": 21, ""5"": 12}",0.25906666666666667,"{""15"": 200, ""30"": 200, ""5"": 200}"
1e-06,240,8,primary,paired_mean,0.3333333333333333,0,0.866375,0.02245441545854597,"{""15"": 182, ""30"": 179, ""5"": 188}",0.054503968253968256,"{""15"": 18, ""30"": 21, ""5"": 12}",0.5171957671957672,"{""15"": 18, ""30"": 21, ""5"": 12}",0.133625,"{""15"": 200, ""30"": 200, ""5"": 200}"
1e-06,240,8,primary,paired_mean,0.5,0,0.9318833333333333,0.006884153427300938,"{""15"": 182, ""30"": 179, ""5"": 188}",0.025132275132275134,"{""15"": 18, ""30"": 21, ""5"": 12}",0.4350330687830688,"{""15"": 18, ""30"": 21, ""5"": 12}",0.06811666666666667,"{""15"": 200, ""30"": 200, ""5"": 200}"
1e-06,240,8,primary,mom_w1,0.0,0,0.0,0.41794976399249545,"{""15"": 182, ""30"": 179, ""5"": 188}",0.2764616402116402,"{""15"": 18, ""30"": 21, ""5"": 12}",0.7235383597883599,"{""15"": 18, ""30"": 21, ""5"": 12}",1.0,"{""15"": 200, ""30"": 200, ""5"": 200}"
1e-06,240,8,primary,mom_w1,0.2,0,0.6071583333333334,0.13174735898437315,"{""15"": 182, ""30"": 179, ""5"": 188}",0.15404761904761907,"{""15"": 18, ""30"": 21, ""5"": 12}",0.5869907407407408,"{""15"": 18, ""30"": 21, ""5"": 12}",0.3928416666666667,"{""15"": 200, ""30"": 200, ""5"": 200}"
1e-06,240,8,primary,mom_w1,0.3333333333333333,0,0.76975,0.06806028815077313,"{""15"": 182, ""30"": 179, ""5"": 188}",0.10098544973544972,"{""15"": 18, ""30"": 21, ""5"": 12}",0.5067063492063493,"{""15"": 18, ""30"": 21, ""5"": 12}",0.23024999999999998,"{""15"": 200, ""30"": 200, ""5"": 200}"
1e-06,240,8,primary,mom_w1,0.5,0,0.877325,0.029339128916568594,"{""15"": 182, ""30"": 179, ""5"": 188}",0.05562830687830688,"{""15"": 18, ""30"": 21, ""5"": 12}",0.42236772486772484,"{""15"": 18, ""30"": 21, ""5"": 12}",0.12267499999999999,"{""15"": 200, ""30"": 200, ""5"": 200}"
1e-06,240,8,primary,mom_w2,0.0,0,0.0,0.3847441318141425,"{""15"": 182, ""30"": 179, ""5"": 188}",0.24282407407407414,"{""15"": 18, ""30"": 21, ""5"": 12}",0.757175925925926,"{""15"": 18, ""30"": 21, ""5"": 12}",1.0,"{""15"": 200, ""30"": 200, ""5"": 200}"
1e-06,240,8,primary,mom_w2,0.2,0,0.7409333333333333,0.06083652207968743,"{""15"": 182, ""30"": 179, ""5"": 188}",0.1037830687830688,"{""15"": 18, ""30"": 21, ""5"": 12}",0.5943915343915345,"{""15"": 18, ""30"": 21, ""5"": 12}",0.25906666666666667,"{""15"": 200, ""30"": 200, ""5"": 200}"
1e-06,240,8,primary,mom_w2,0.3333333333333333,0,0.866375,0.02245441545854597,"{""15"": 182, ""30"": 179, ""5"": 188}",0.054503968253968256,"{""15"": 18, ""30"": 21, ""5"": 12}",0.5171957671957672,"{""15"": 18, ""30"": 21, ""5"": 12}",0.133625,"{""15"": 200, ""30"": 200, ""5"": 200}"
1e-06,240,8,primary,mom_w2,0.5,0,0.9318833333333333,0.006884153427300938,"{""15"": 182, ""30"": 179, ""5"": 188}",0.025132275132275134,"{""15"": 18, ""30"": 21, ""5"": 12}",0.4350330687830688,"{""15"": 18, ""30"": 21, ""5"": 12}",0.06811666666666667,"{""15"": 200, ""30"": 200, ""5"": 200}"
1e-06,240,8,right,sample_variance,0.0,0,0.0,0.367814405360134,"{""15"": 199, ""30"": 200, ""5"": 200}",,"{""15"": 1, ""30"": 0, ""5"": 0}",,"{""15"": 1, ""30"": 0, ""5"": 0}",1.0,"{""15"": 200, ""30"": 200, ""5"": 200}"
1e-06,240,8,right,sample_variance,0.2,0,0.8885166666666666,0.014224413735343383,"{""15"": 199, ""30"": 200, ""5"": 200}",,"{""15"": 1, ""30"": 0, ""5"": 0}",,"{""15"": 1, ""30"": 0, ""5"": 0}",0.11148333333333334,"{""15"": 200, ""30"": 200, ""5"": 200}"
1e-06,240,8,right,sample_variance,0.3333333333333333,0,0.9640166666666666,0.002404103852596315,"{""15"": 199, ""30"": 200, ""5"": 200}",,"{""15"": 1, ""30"": 0, ""5"": 0}",,"{""15"": 1, ""30"": 0, ""5"": 0}",0.03598333333333333,"{""15"": 200, ""30"": 200, ""5"": 200}"
1e-06,240,8,right,sample_variance,0.5,0,0.991175,0.00030883584589614743,"{""15"": 199, ""30"": 200, ""5"": 200}",,"{""15"": 1, ""30"": 0, ""5"": 0}",,"{""15"": 1, ""30"": 0, ""5"": 0}",0.008825000000000001,"{""15"": 200, ""30"": 200, ""5"": 200}"
1e-06,240,8,right,paired_mean,0.0,0,0.0,0.3885856365159129,"{""15"": 199, ""30"": 200, ""5"": 200}",,"{""15"": 1, ""30"": 0, ""5"": 0}",,"{""15"": 1, ""30"": 0, ""5"": 0}",1.0,"{""15"": 200, ""30"": 200, ""5"": 200}"
1e-06,240,8,right,paired_mean,0.2,0,0.8055666666666667,0.055154103852596316,"{""15"": 199, ""30"": 200, ""5"": 200}",,"{""15"": 1, ""30"": 0, ""5"": 0}",,"{""15"": 1, ""30"": 0, ""5"": 0}",0.19443333333333335,"{""15"": 200, ""30"": 200, ""5"": 200}"
1e-06,240,8,right,paired_mean,0.3333333333333333,0,0.92245,0.01897776381909548,"{""15"": 199, ""30"": 200, ""5"": 200}",,"{""15"": 1, ""30"": 0, ""5"": 0}",,"{""15"": 1, ""30"": 0, ""5"": 0}",0.07755000000000001,"{""15"": 200, ""30"": 200, ""5"": 200}"
1e-06,240,8,right,paired_mean,0.5,0,0.9740333333333333,0.005724581239530988,"{""15"": 199, ""30"": 200, ""5"": 200}",,"{""15"": 1, ""30"": 0, ""5"": 0}",,"{""15"": 1, ""30"": 0, ""5"": 0}",0.02596666666666667,"{""15"": 200, ""30"": 200, ""5"": 200}"
1e-06,240,8,right,mom_w1,0.0,0,0.0,0.4206976549413735,"{""15"": 199, ""30"": 200, ""5"": 200}",,"{""15"": 1, ""30"": 0, ""5"": 0}",,"{""15"": 1, ""30"": 0, ""5"": 0}",1.0,"{""15"": 200, ""30"": 200, ""5"": 200}"
1e-06,240,8,right,mom_w1,0.2,0,0.6664333333333333,0.12397671691792296,"{""15"": 199, ""30"": 200, ""5"": 200}",,"{""15"": 1, ""30"": 0, ""5"": 0}",,"{""15"": 1, ""30"": 0, ""5"": 0}",0.33356666666666673,"{""15"": 200, ""30"": 200, ""5"": 200}"
1e-06,240,8,right,mom_w1,0.3333333333333333,0,0.8243916666666666,0.06210134003350084,"{""15"": 199, ""30"": 200, ""5"": 200}",,"{""15"": 1, ""30"": 0, ""5"": 0}",,"{""15"": 1, ""30"": 0, ""5"": 0}",0.17560833333333334,"{""15"": 200, ""30"": 200, ""5"": 200}"
1e-06,240,8,right,mom_w1,0.5,0,0.9215333333333333,0.026242085427135683,"{""15"": 199, ""30"": 200, ""5"": 200}",,"{""15"": 1, ""30"": 0, ""5"": 0}",,"{""15"": 1, ""30"": 0, ""5"": 0}",0.07846666666666668,"{""15"": 200, ""30"": 200, ""5"": 200}"
1e-06,240,8,right,mom_w2,0.0,0,0.0,0.3885856365159129,"{""15"": 199, ""30"": 200, ""5"": 200}",,"{""15"": 1, ""30"": 0, ""5"": 0}",,"{""15"": 1, ""30"": 0, ""5"": 0}",1.0,"{""15"": 200, ""30"": 200, ""5"": 200}"
1e-06,240,8,right,mom_w2,0.2,0,0.8055666666666667,0.055154103852596316,"{""15"": 199, ""30"": 200, ""5"": 200}",,"{""15"": 1, ""30"": 0, ""5"": 0}",,"{""15"": 1, ""30"": 0, ""5"": 0}",0.19443333333333335,"{""15"": 200, ""30"": 200, ""5"": 200}"
1e-06,240,8,right,mom_w2,0.3333333333333333,0,0.92245,0.01897776381909548,"{""15"": 199, ""30"": 200, ""5"": 200}",,"{""15"": 1, ""30"": 0, ""5"": 0}",,"{""15"": 1, ""30"": 0, ""5"": 0}",0.07755000000000001,"{""15"": 200, ""30"": 200, ""5"": 200}"
1e-06,240,8,right,mom_w2,0.5,0,0.9740333333333333,0.005724581239530988,"{""15"": 199, ""30"": 200, ""5"": 200}",,"{""15"": 1, ""30"": 0, ""5"": 0}",,"{""15"": 1, ""30"": 0, ""5"": 0}",0.02596666666666667,"{""15"": 200, ""30"": 200, ""5"": 200}"
1e-06,80,16,left,sample_variance,0.0,0,0.0,0.0,"{""15"": 200, ""30"": 200, ""5"": 200}",,"{""15"": 0, ""30"": 0, ""5"": 0}",,"{""15"": 0, ""30"": 0, ""5"": 0}",1.0,"{""15"": 200, ""30"": 200, ""5"": 200}"
1e-06,80,16,left,sample_variance,0.2,0,0.0,0.0,"{""15"": 200, ""30"": 200, ""5"": 200}",,"{""15"": 0, ""30"": 0, ""5"": 0}",,"{""15"": 0, ""30"": 0, ""5"": 0}",1.0,"{""15"": 200, ""30"": 200, ""5"": 200}"
1e-06,80,16,left,sample_variance,0.3333333333333333,0,0.0,0.0,"{""15"": 200, ""30"": 200, ""5"": 200}",,"{""15"": 0, ""30"": 0, ""5"": 0}",,"{""15"": 0, ""30"": 0, ""5"": 0}",1.0,"{""15"": 200, ""30"": 200, ""5"": 200}"
1e-06,80,16,left,sample_variance,0.5,0,0.0,0.0,"{""15"": 200, ""30"": 200, ""5"": 200}",,"{""15"": 0, ""30"": 0, ""5"": 0}",,"{""15"": 0, ""30"": 0, ""5"": 0}",1.0,"{""15"": 200, ""30"": 200, ""5"": 200}"
1e-06,80,16,left,paired_mean,0.0,0,0.0,0.0,"{""15"": 200, ""30"": 200, ""5"": 200}",,"{""15"": 0, ""30"": 0, ""5"": 0}",,"{""15"": 0, ""30"": 0, ""5"": 0}",1.0,"{""15"": 200, ""30"": 200, ""5"": 200}"
1e-06,80,16,left,paired_mean,0.2,0,0.0,0.0,"{""15"": 200, ""30"": 200, ""5"": 200}",,"{""15"": 0, ""30"": 0, ""5"": 0}",,"{""15"": 0, ""30"": 0, ""5"": 0}",1.0,"{""15"": 200, ""30"": 200, ""5"": 200}"
1e-06,80,16,left,paired_mean,0.3333333333333333,0,0.0,0.0,"{""15"": 200, ""30"": 200, ""5"": 200}",,"{""15"": 0, ""30"": 0, ""5"": 0}",,"{""15"": 0, ""30"": 0, ""5"": 0}",1.0,"{""15"": 200, ""30"": 200, ""5"": 200}"
1e-06,80,16,left,paired_mean,0.5,0,0.0,0.0,"{""15"": 200, ""30"": 200, ""5"": 200}",,"{""15"": 0, ""30"": 0, ""5"": 0}",,"{""15"": 0, ""30"": 0, ""5"": 0}",1.0,"{""15"": 200, ""30"": 200, ""5"": 200}"
1e-06,80,16,left,mom_w1,0.0,0,0.0,0.0,"{""15"": 200, ""30"": 200, ""5"": 200}",,"{""15"": 0, ""30"": 0, ""5"": 0}",,"{""15"": 0, ""30"": 0, ""5"": 0}",1.0,"{""15"": 200, ""30"": 200, ""5"": 200}"
1e-06,80,16,left,mom_w1,0.2,0,0.0,0.0,"{""15"": 200, ""30"": 200, ""5"": 200}",,"{""15"": 0, ""30"": 0, ""5"": 0}",,"{""15"": 0, ""30"": 0, ""5"": 0}",1.0,"{""15"": 200, ""30"": 200, ""5"": 200}"
1e-06,80,16,left,mom_w1,0.3333333333333333,0,0.0,0.0,"{""15"": 200, ""30"": 200, ""5"": 200}",,"{""15"": 0, ""30"": 0, ""5"": 0}",,"{""15"": 0, ""30"": 0, ""5"": 0}",1.0,"{""15"": 200, ""30"": 200, ""5"": 200}"
1e-06,80,16,left,mom_w1,0.5,0,0.0,0.0,"{""15"": 200, ""30"": 200, ""5"": 200}",,"{""15"": 0, ""30"": 0, ""5"": 0}",,"{""15"": 0, ""30"": 0, ""5"": 0}",1.0,"{""15"": 200, ""30"": 200, ""5"": 200}"
1e-06,80,16,left,mom_w2,0.0,0,0.0,0.0,"{""15"": 200, ""30"": 200, ""5"": 200}",,"{""15"": 0, ""30"": 0, ""5"": 0}",,"{""15"": 0, ""30"": 0, ""5"": 0}",1.0,"{""15"": 200, ""30"": 200, ""5"": 200}"
1e-06,80,16,left,mom_w2,0.2,0,0.0,0.0,"{""15"": 200, ""30"": 200, ""5"": 200}",,"{""15"": 0, ""30"": 0, ""5"": 0}",,"{""15"": 0, ""30"": 0, ""5"": 0}",1.0,"{""15"": 200, ""30"": 200, ""5"": 200}"
1e-06,80,16,left,mom_w2,0.3333333333333333,0,0.0,0.0,"{""15"": 200, ""30"": 200, ""5"": 200}",,"{""15"": 0, ""30"": 0, ""5"": 0}",,"{""15"": 0, ""30"": 0, ""5"": 0}",1.0,"{""15"": 200, ""30"": 200, ""5"": 200}"
1e-06,80,16,left,mom_w2,0.5,0,0.0,0.0,"{""15"": 200, ""30"": 200, ""5"": 200}",,"{""15"": 0, ""30"": 0, ""5"": 0}",,"{""15"": 0, ""30"": 0, ""5"": 0}",1.0,"{""15"": 200, ""30"": 200, ""5"": 200}"
1e-06,80,16,primary,sample_variance,0.0,0,0.0,0.1662725485661425,"{""15"": 184, ""30"": 184, ""5"": 188}",0.15479166666666666,"{""15"": 16, ""30"": 16, ""5"": 12}",0.8452083333333333,"{""15"": 16, ""30"": 16, ""5"": 12}",1.0,"{""15"": 200, ""30"": 200, ""5"": 200}"
1e-06,80,16,primary,sample_variance,0.2,0,0.86805,0.001400131051495529,"{""15"": 184, ""30"": 184, ""5"": 188}",0.025902777777777778,"{""15"": 16, ""30"": 16, ""5"": 12}",0.6510416666666666,"{""15"": 16, ""30"": 16, ""5"": 12}",0.13194999999999998,"{""15"": 200, ""30"": 200, ""5"": 200}"
1e-06,80,16,primary,sample_variance,0.3333333333333333,0,0.9393166666666667,0.00014300030835646008,"{""15"": 184, ""30"": 184, ""5"": 188}",0.0065625000000000015,"{""15"": 16, ""30"": 16, ""5"": 12}",0.5638888888888889,"{""15"": 16, ""30"": 16, ""5"": 12}",0.06068333333333333,"{""15"": 200, ""30"": 200, ""5"": 200}"
1e-06,80,16,primary,sample_variance,0.5,0,0.9628166666666667,8.865248226950355e-06,"{""15"": 184, ""30"": 184, ""5"": 188}",0.0010069444444444444,"{""15"": 16, ""30"": 16, ""5"": 12}",0.47767361111111106,"{""15"": 16, ""30"": 16, ""5"": 12}",0.03718333333333333,"{""15"": 200, ""30"": 200, ""5"": 200}"
1e-06,80,16,primary,paired_mean,0.0,0,0.0,0.23150863398088187,"{""15"": 184, ""30"": 184, ""5"": 188}",0.18541666666666667,"{""15"": 16, ""30"": 16, ""5"": 12}",0.8145833333333333,"{""15"": 16, ""30"": 16, ""5"": 12}",1.0,"{""15"": 200, ""30"": 200, ""5"": 200}"
1e-06,80,16,primary,paired_mean,0.2,0,0.8156916666666667,0.01614708603145236,"{""15"": 184, ""30"": 184, ""5"": 188}",0.05725694444444445,"{""15"": 16, ""30"": 16, ""5"": 12}",0.6549652777777777,"{""15"": 16, ""30"": 16, ""5"": 12}",0.18430833333333332,"{""15"": 200, ""30"": 200, ""5"": 200}"
1e-06,80,16,primary,paired_mean,0.3333333333333333,0,0.9188416666666667,0.00338440487203207,"{""15"": 184, ""30"": 184, ""5"": 188}",0.02125,"{""15"": 16, ""30"": 16, ""5"": 12}",0.5729166666666667,"{""15"": 16, ""30"": 16, ""5"": 12}",0.08115833333333335,"{""15"": 200, ""30"": 200, ""5"": 200}"
1e-06,80,16,primary,paired_mean,0.5,0,0.9570666666666666,0.0004022124576009867,"{""15"": 184, ""30"": 184, ""5"": 188}",0.004895833333333333,"{""15"": 16, ""30"": 16, ""5"": 12}",0.48218749999999994,"{""15"": 16, ""30"": 16, ""5"": 12}",0.04293333333333333,"{""15"": 200, ""30"": 200, ""5"": 200}"
1e-06,80,16,primary,mom_w1,0.0,0,0.0,0.34492560900400865,"{""15"": 184, ""30"": 184, ""5"": 188}",0.22677083333333334,"{""15"": 16, ""30"": 16, ""5"": 12}",0.7732291666666667,"{""15"": 16, ""30"": 16, ""5"": 12}",1.0,"{""15"": 200, ""30"": 200, ""5"": 200}"
1e-06,80,16,primary,mom_w1,0.2,0,0.6176666666666667,0.09948812827628738,"{""15"": 184, ""30"": 184, ""5"": 188}",0.11972222222222223,"{""15"": 16, ""30"": 16, ""5"": 12}",0.636388888888889,"{""15"": 16, ""30"": 16, ""5"": 12}",0.38233333333333325,"{""15"": 200, ""30"": 200, ""5"": 200}"
1e-06,80,16,primary,mom_w1,0.3333333333333333,0,0.8005,0.042995875732346596,"{""15"": 184, ""30"": 184, ""5"": 188}",0.06899305555555556,"{""15"": 16, ""30"": 16, ""5"": 12}",0.5492708333333334,"{""15"": 16, ""30"": 16, ""5"": 12}",0.1995,"{""15"": 200, ""30"": 200, ""5"": 200}"
1e-06,80,16,primary,mom_w1,0.5,0,0.9106166666666666,0.013639569842738205,"{""15"": 184, ""30"": 184, ""5"": 188}",0.029618055555555554,"{""15"": 16, ""30"": 16, ""5"": 12}",0.4521527777777778,"{""15"": 16, ""30"": 16, ""5"": 12}",0.08938333333333333,"{""15"": 200, ""30"": 200, ""5"": 200}"
1e-06,80,16,primary,mom_w2,0.0,0,0.0,0.2916300493370336,"{""15"": 184, ""30"": 184, ""5"": 188}",0.2053125,"{""15"": 16, ""30"": 16, ""5"": 12}",0.7946874999999999,"{""15"": 16, ""30"": 16, ""5"": 12}",1.0,"{""15"": 200, ""30"": 200, ""5"": 200}"
1e-06,80,16,primary,mom_w2,0.2,0,0.733675,0.04526422294172063,"{""15"": 184, ""30"": 184, ""5"": 188}",0.08510416666666666,"{""15"": 16, ""30"": 16, ""5"": 12}",0.646423611111111,"{""15"": 16, ""30"": 16, ""5"": 12}",0.26632500000000003,"{""15"": 200, ""30"": 200, ""5"": 200}"
1e-06,80,16,primary,mom_w2,0.3333333333333333,0,0.8779666666666667,0.014399475794017883,"{""15"": 184, ""30"": 184, ""5"": 188}",0.03840277777777778,"{""15"": 16, ""30"": 16, ""5"": 12}",0.5619791666666667,"{""15"": 16, ""30"": 16, ""5"": 12}",0.12203333333333333,"{""15"": 200, ""30"": 200, ""5"": 200}"
1e-06,80,16,primary,mom_w2,0.5,0,0.94435,0.0031523666358310204,"{""15"": 184, ""30"": 184, ""5"": 188}",0.013090277777777779,"{""15"": 16, ""30"": 16, ""5"": 12}",0.46444444444444444,"{""15"": 16, ""30"": 16, ""5"": 12}",0.055650000000000005,"{""15"": 200, ""30"": 200, ""5"": 200}"
1e-06,80,16,right,sample_variance,0.0,0,0.0,0.15273597152428808,"{""15"": 199, ""30"": 200, ""5"": 200}",,"{""15"": 1, ""30"": 0, ""5"": 0}",,"{""15"": 1, ""30"": 0, ""5"": 0}",1.0,"{""15"": 200, ""30"": 200, ""5"": 200}"
1e-06,80,16,right,sample_variance,0.2,0,0.9286416666666667,0.0005845896147403685,"{""15"": 199, ""30"": 200, ""5"": 200}",,"{""15"": 1, ""30"": 0, ""5"": 0}",,"{""15"": 1, ""30"": 0, ""5"": 0}",0.07135833333333334,"{""15"": 200, ""30"": 200, ""5"": 200}"
1e-06,80,16,right,sample_variance,0.3333333333333333,0,0.9860333333333333,0.0,"{""15"": 199, ""30"": 200, ""5"": 200}",,"{""15"": 1, ""30"": 0, ""5"": 0}",,"{""15"": 1, ""30"": 0, ""5"": 0}",0.013966666666666669,"{""15"": 200, ""30"": 200, ""5"": 200}"
1e-06,80,16,right,sample_variance,0.5,0,0.9984666666666666,0.0,"{""15"": 199, ""30"": 200, ""5"": 200}",,"{""15"": 1, ""30"": 0, ""5"": 0}",,"{""15"": 1, ""30"": 0, ""5"": 0}",0.0015333333333333334,"{""15"": 200, ""30"": 200, ""5"": 200}"
1e-06,80,16,right,paired_mean,0.0,0,0.0,0.2224287688442211,"{""15"": 199, ""30"": 200, ""5"": 200}",,"{""15"": 1, ""30"": 0, ""5"": 0}",,"{""15"": 1, ""30"": 0, ""5"": 0}",1.0,"{""15"": 200, ""30"": 200, ""5"": 200}"
1e-06,80,16,right,paired_mean,0.2,0,0.8794166666666666,0.012502386934673369,"{""15"": 199, ""30"": 200, ""5"": 200}",,"{""15"": 1, ""30"": 0, ""5"": 0}",,"{""15"": 1, ""30"": 0, ""5"": 0}",0.12058333333333332,"{""15"": 200, ""30"": 200, ""5"": 200}"
1e-06,80,16,right,paired_mean,0.3333333333333333,0,0.9700833333333333,0.0022864321608040204,"{""15"": 199, ""30"": 200, ""5"": 200}",,"{""15"": 1, ""30"": 0, ""5"": 0}",,"{""15"": 1, ""30"": 0, ""5"": 0}",0.02991666666666667,"{""15"": 200, ""30"": 200, ""5"": 200}"
1e-06,80,16,right,paired_mean,0.5,0,0.9947083333333333,0.00027541876046901175,"{""15"": 199, ""30"": 200, ""5"": 200}",,"{""15"": 1, ""30"": 0, ""5"": 0}",,"{""15"": 1, ""30"": 0, ""5"": 0}",0.005291666666666668,"{""15"": 200, ""30"": 200, ""5"": 200}"
1e-06,80,16,right,mom_w1,0.0,0,0.0,0.3377668760469012,"{""15"": 199, ""30"": 200, ""5"": 200}",,"{""15"": 1, ""30"": 0, ""5"": 0}",,"{""15"": 1, ""30"": 0, ""5"": 0}",1.0,"{""15"": 200, ""30"": 200, ""5"": 200}"
1e-06,80,16,right,mom_w1,0.2,0,0.6708583333333333,0.09110343383584592,"{""15"": 199, ""30"": 200, ""5"": 200}",,"{""15"": 1, ""30"": 0, ""5"": 0}",,"{""15"": 1, ""30"": 0, ""5"": 0}",0.3291416666666666,"{""15"": 200, ""30"": 200, ""5"": 200}"
1e-06,80,16,right,mom_w1,0.3333333333333333,0,0.8539583333333334,0.0377641122278057,"{""15"": 199, ""30"": 200, ""5"": 200}",,"{""15"": 1, ""30"": 0, ""5"": 0}",,"{""15"": 1, ""30"": 0, ""5"": 0}",0.14604166666666668,"{""15"": 200, ""30"": 200, ""5"": 200}"
1e-06,80,16,right,mom_w1,0.5,0,0.9513,0.012152345058626467,"{""15"": 199, ""30"": 200, ""5"": 200}",,"{""15"": 1, ""30"": 0, ""5"": 0}",,"{""15"": 1, ""30"": 0, ""5"": 0}",0.0487,"{""15"": 200, ""30"": 200, ""5"": 200}"
1e-06,80,16,right,mom_w2,0.0,0,0.0,0.28125996649916246,"{""15"": 199, ""30"": 200, ""5"": 200}",,"{""15"": 1, ""30"": 0, ""5"": 0}",,"{""15"": 1, ""30"": 0, ""5"": 0}",1.0,"{""15"": 200, ""30"": 200, ""5"": 200}"
1e-06,80,16,right,mom_w2,0.2,0,0.7981166666666667,0.0382391541038526,"{""15"": 199, ""30"": 200, ""5"": 200}",,"{""15"": 1, ""30"": 0, ""5"": 0}",,"{""15"": 1, ""30"": 0, ""5"": 0}",0.20188333333333333,"{""15"": 200, ""30"": 200, ""5"": 200}"
1e-06,80,16,right,mom_w2,0.3333333333333333,0,0.9311083333333333,0.011134003350083752,"{""15"": 199, ""30"": 200, ""5"": 200}",,"{""15"": 1, ""30"": 0, ""5"": 0}",,"{""15"": 1, ""30"": 0, ""5"": 0}",0.06889166666666667,"{""15"": 200, ""30"": 200, ""5"": 200}"
1e-06,80,16,right,mom_w2,0.5,0,0.9836583333333333,0.0021863902847571192,"{""15"": 199, ""30"": 200, ""5"": 200}",,"{""15"": 1, ""30"": 0, ""5"": 0}",,"{""15"": 1, ""30"": 0, ""5"": 0}",0.016341666666666668,"{""15"": 200, ""30"": 200, ""5"": 200}"
1e-06,160,16,left,sample_variance,0.0,0,0.0,0.0,"{""15"": 200, ""30"": 200, ""5"": 200}",,"{""15"": 0, ""30"": 0, ""5"": 0}",,"{""15"": 0, ""30"": 0, ""5"": 0}",1.0,"{""15"": 200, ""30"": 200, ""5"": 200}"
1e-06,160,16,left,sample_variance,0.2,0,0.0,0.0,"{""15"": 200, ""30"": 200, ""5"": 200}",,"{""15"": 0, ""30"": 0, ""5"": 0}",,"{""15"": 0, ""30"": 0, ""5"": 0}",1.0,"{""15"": 200, ""30"": 200, ""5"": 200}"
1e-06,160,16,left,sample_variance,0.3333333333333333,0,0.0,0.0,"{""15"": 200, ""30"": 200, ""5"": 200}",,"{""15"": 0, ""30"": 0, ""5"": 0}",,"{""15"": 0, ""30"": 0, ""5"": 0}",1.0,"{""15"": 200, ""30"": 200, ""5"": 200}"
1e-06,160,16,left,sample_variance,0.5,0,0.0,0.0,"{""15"": 200, ""30"": 200, ""5"": 200}",,"{""15"": 0, ""30"": 0, ""5"": 0}",,"{""15"": 0, ""30"": 0, ""5"": 0}",1.0,"{""15"": 200, ""30"": 200, ""5"": 200}"
1e-06,160,16,left,paired_mean,0.0,0,0.0,0.0,"{""15"": 200, ""30"": 200, ""5"": 200}",,"{""15"": 0, ""30"": 0, ""5"": 0}",,"{""15"": 0, ""30"": 0, ""5"": 0}",1.0,"{""15"": 200, ""30"": 200, ""5"": 200}"
1e-06,160,16,left,paired_mean,0.2,0,0.0,0.0,"{""15"": 200, ""30"": 200, ""5"": 200}",,"{""15"": 0, ""30"": 0, ""5"": 0}",,"{""15"": 0, ""30"": 0, ""5"": 0}",1.0,"{""15"": 200, ""30"": 200, ""5"": 200}"
1e-06,160,16,left,paired_mean,0.3333333333333333,0,0.0,0.0,"{""15"": 200, ""30"": 200, ""5"": 200}",,"{""15"": 0, ""30"": 0, ""5"": 0}",,"{""15"": 0, ""30"": 0, ""5"": 0}",1.0,"{""15"": 200, ""30"": 200, ""5"": 200}"
1e-06,160,16,left,paired_mean,0.5,0,0.0,0.0,"{""15"": 200, ""30"": 200, ""5"": 200}",,"{""15"": 0, ""30"": 0, ""5"": 0}",,"{""15"": 0, ""30"": 0, ""5"": 0}",1.0,"{""15"": 200, ""30"": 200, ""5"": 200}"
1e-06,160,16,left,mom_w1,0.0,0,0.0,0.0,"{""15"": 200, ""30"": 200, ""5"": 200}",,"{""15"": 0, ""30"": 0, ""5"": 0}",,"{""15"": 0, ""30"": 0, ""5"": 0}",1.0,"{""15"": 200, ""30"": 200, ""5"": 200}"
1e-06,160,16,left,mom_w1,0.2,0,0.0,0.0,"{""15"": 200, ""30"": 200, ""5"": 200}",,"{""15"": 0, ""30"": 0, ""5"": 0}",,"{""15"": 0, ""30"": 0, ""5"": 0}",1.0,"{""15"": 200, ""30"": 200, ""5"": 200}"
1e-06,160,16,left,mom_w1,0.3333333333333333,0,0.0,0.0,"{""15"": 200, ""30"": 200, ""5"": 200}",,"{""15"": 0, ""30"": 0, ""5"": 0}",,"{""15"": 0, ""30"": 0, ""5"": 0}",1.0,"{""15"": 200, ""30"": 200, ""5"": 200}"
1e-06,160,16,left,mom_w1,0.5,0,0.0,0.0,"{""15"": 200, ""30"": 200, ""5"": 200}",,"{""15"": 0, ""30"": 0, ""5"": 0}",,"{""15"": 0, ""30"": 0, ""5"": 0}",1.0,"{""15"": 200, ""30"": 200, ""5"": 200}"
1e-06,160,16,left,mom_w2,0.0,0,0.0,0.0,"{""15"": 200, ""30"": 200, ""5"": 200}",,"{""15"": 0, ""30"": 0, ""5"": 0}",,"{""15"": 0, ""30"": 0, ""5"": 0}",1.0,"{""15"": 200, ""30"": 200, ""5"": 200}"
1e-06,160,16,left,mom_w2,0.2,0,0.0,0.0,"{""15"": 200, ""30"": 200, ""5"": 200}",,"{""15"": 0, ""30"": 0, ""5"": 0}",,"{""15"": 0, ""30"": 0, ""5"": 0}",1.0,"{""15"": 200, ""30"": 200, ""5"": 200}"
1e-06,160,16,left,mom_w2,0.3333333333333333,0,0.0,0.0,"{""15"": 200, ""30"": 200, ""5"": 200}",,"{""15"": 0, ""30"": 0, ""5"": 0}",,"{""15"": 0, ""30"": 0, ""5"": 0}",1.0,"{""15"": 200, ""30"": 200, ""5"": 200}"
1e-06,160,16,left,mom_w2,0.5,0,0.0,0.0,"{""15"": 200, ""30"": 200, ""5"": 200}",,"{""15"": 0, ""30"": 0, ""5"": 0}",,"{""15"": 0, ""30"": 0, ""5"": 0}",1.0,"{""15"": 200, ""30"": 200, ""5"": 200}"
1e-06,160,16,primary,sample_variance,0.0,0,0.0,0.27477697676633844,"{""15"": 182, ""30"": 180, ""5"": 188}",0.16353703703703704,"{""15"": 18, ""30"": 20, ""5"": 12}",0.8364629629629629,"{""15"": 18, ""30"": 20, ""5"": 12}",1.0,"{""15"": 200, ""30"": 200, ""5"": 200}"
1e-06,160,16,primary,sample_variance,0.2,0,0.8767666666666667,0.0014922994657037211,"{""15"": 182, ""30"": 180, ""5"": 188}",0.02408333333333333,"{""15"": 18, ""30"": 20, ""5"": 12}",0.6063240740740742,"{""15"": 18, ""30"": 20, ""5"": 12}",0.12323333333333332,"{""15"": 200, ""30"": 200, ""5"": 200}"
1e-06,160,16,primary,sample_variance,0.3333333333333333,0,0.9401833333333334,0.00013435126732999075,"{""15"": 182, ""30"": 180, ""5"": 188}",0.005157407407407408,"{""15"": 18, ""30"": 20, ""5"": 12}",0.5209907407407407,"{""15"": 18, ""30"": 20, ""5"": 12}",0.05981666666666668,"{""15"": 200, ""30"": 200, ""5"": 200}"
1e-06,160,16,primary,sample_variance,0.5,0,0.9623666666666667,8.865248226950355e-06,"{""15"": 182, ""30"": 180, ""5"": 188}",0.000787037037037037,"{""15"": 18, ""30"": 20, ""5"": 12}",0.4409259259259259,"{""15"": 18, ""30"": 20, ""5"": 12}",0.037633333333333324,"{""15"": 200, ""30"": 200, ""5"": 200}"
1e-06,160,16,primary,paired_mean,0.0,0,0.0,0.3210461534131747,"{""15"": 182, ""30"": 180, ""5"": 188}",0.19743518518518519,"{""15"": 18, ""30"": 20, ""5"": 12}",0.8025648148148147,"{""15"": 18, ""30"": 20, ""5"": 12}",1.0,"{""15"": 200, ""30"": 200, ""5"": 200}"
1e-06,160,16,primary,paired_mean,0.2,0,0.8275666666666667,0.018085855436919266,"{""15"": 182, ""30"": 180, ""5"": 188}",0.051629629629629636,"{""15"": 18, ""30"": 20, ""5"": 12}",0.6164074074074074,"{""15"": 18, ""30"": 20, ""5"": 12}",0.17243333333333333,"{""15"": 200, ""30"": 200, ""5"": 200}"
1e-06,160,16,primary,paired_mean,0.3333333333333333,0,0.9205416666666667,0.003733984101005378,"{""15"": 182, ""30"": 180, ""5"": 188}",0.018666666666666665,"{""15"": 18, ""30"": 20, ""5"": 12}",0.5320925925925927,"{""15"": 18, ""30"": 20, ""5"": 12}",0.07945833333333333,"{""15"": 200, ""30"": 200, ""5"": 200}"
1e-06,160,16,primary,paired_mean,0.5,0,0.95685,0.0003766355787632383,"{""15"": 182, ""30"": 180, ""5"": 188}",0.004194444444444444,"{""15"": 18, ""30"": 20, ""5"": 12}",0.4461203703703704,"{""15"": 18, ""30"": 20, ""5"": 12}",0.04315,"{""15"": 200, ""30"": 200, ""5"": 200}"
1e-06,160,16,primary,mom_w1,0.0,0,0.0,0.3998503256003256,"{""15"": 182, ""30"": 180, ""5"": 188}",0.24011111111111108,"{""15"": 18, ""30"": 20, ""5"": 12}",0.7598888888888888,"{""15"": 18, ""30"": 20, ""5"": 12}",1.0,"{""15"": 200, ""30"": 200, ""5"": 200}"
1e-06,160,16,primary,mom_w1,0.2,0,0.627025,0.11131932645762434,"{""15"": 182, ""30"": 180, ""5"": 188}",0.12243518518518519,"{""15"": 18, ""30"": 20, ""5"": 12}",0.6081388888888889,"{""15"": 18, ""30"": 20, ""5"": 12}",0.372975,"{""15"": 200, ""30"": 200, ""5"": 200}"
1e-06,160,16,primary,mom_w1,0.3333333333333333,0,0.805,0.046971397396929314,"{""15"": 182, ""30"": 180, ""5"": 188}",0.06879629629629629,"{""15"": 18, ""30"": 20, ""5"": 12}",0.5184537037037037,"{""15"": 18, ""30"": 20, ""5"": 12}",0.19499999999999998,"{""15"": 200, ""30"": 200, ""5"": 200}"
1e-06,160,16,primary,mom_w1,0.5,0,0.9119833333333334,0.014575786506637572,"{""15"": 182, ""30"": 180, ""5"": 188}",0.028203703703703703,"{""15"": 18, ""30"": 20, ""5"": 12}",0.42097222222222214,"{""15"": 18, ""30"": 20, ""5"": 12}",0.08801666666666667,"{""15"": 200, ""30"": 200, ""5"": 200}"
1e-06,160,16,primary,mom_w2,0.0,0,0.0,0.3639333190450212,"{""15"": 182, ""30"": 180, ""5"": 188}",0.2171574074074074,"{""15"": 18, ""30"": 20, ""5"": 12}",0.7828425925925925,"{""15"": 18, ""30"": 20, ""5"": 12}",1.0,"{""15"": 200, ""30"": 200, ""5"": 200}"
1e-06,160,16,primary,mom_w2,0.2,0,0.7460416666666667,0.05156865317503615,"{""15"": 182, ""30"": 180, ""5"": 188}",0.08406481481481481,"{""15"": 18, ""30"": 20, ""5"": 12}",0.609648148148148,"{""15"": 18, ""30"": 20, ""5"": 12}",0.25395833333333334,"{""15"": 200, ""30"": 200, ""5"": 200}"
1e-06,160,16,primary,mom_w2,0.3333333333333333,0,0.8814833333333333,0.015477643121260142,"{""15"": 182, ""30"": 180, ""5"": 188}",0.037787037037037036,"{""15"": 18, ""30"": 20, ""5"": 12}",0.5245555555555556,"{""15"": 18, ""30"": 20, ""5"": 12}",0.11851666666666665,"{""15"": 200, ""30"": 200, ""5"": 200}"
1e-06,160,16,primary,mom_w2,0.5,0,0.944425,0.003374405736107864,"{""15"": 182, ""30"": 180, ""5"": 188}",0.012638888888888889,"{""15"": 18, ""30"": 20, ""5"": 12}",0.4306759259259259,"{""15"": 18, ""30"": 20, ""5"": 12}",0.055575000000000006,"{""15"": 200, ""30"": 200, ""5"": 200}"
1e-06,160,16,right,sample_variance,0.0,0,0.0,0.2732608877721943,"{""15"": 199, ""30"": 200, ""5"": 200}",,"{""15"": 1, ""30"": 0, ""5"": 0}",,"{""15"": 1, ""30"": 0, ""5"": 0}",1.0,"{""15"": 200, ""30"": 200, ""5"": 200}"
1e-06,160,16,right,sample_variance,0.2,0,0.9394416666666666,0.000851716917922948,"{""15"": 199, ""30"": 200, ""5"": 200}",,"{""15"": 1, ""30"": 0, ""5"": 0}",,"{""15"": 1, ""30"": 0, ""5"": 0}",0.060558333333333346,"{""15"": 200, ""30"": 200, ""5"": 200}"
1e-06,160,16,right,sample_variance,0.3333333333333333,0,0.9872666666666666,1.670854271356784e-05,"{""15"": 199, ""30"": 200, ""5"": 200}",,"{""15"": 1, ""30"": 0, ""5"": 0}",,"{""15"": 1, ""30"": 0, ""5"": 0}",0.012733333333333338,"{""15"": 200, ""30"": 200, ""5"": 200}"
1e-06,160,16,right,sample_variance,0.5,0,0.9986,0.0,"{""15"": 199, ""30"": 200, ""5"": 200}",,"{""15"": 1, ""30"": 0, ""5"": 0}",,"{""15"": 1, ""30"": 0, ""5"": 0}",0.0014,"{""15"": 200, ""30"": 200, ""5"": 200}"
1e-06,160,16,right,paired_mean,0.0,0,0.0,0.32401955611390293,"{""15"": 199, ""30"": 200, ""5"": 200}",,"{""15"": 1, ""30"": 0, ""5"": 0}",,"{""15"": 1, ""30"": 0, ""5"": 0}",1.0,"{""15"": 200, ""30"": 200, ""5"": 200}"
1e-06,160,16,right,paired_mean,0.2,0,0.89345,0.015339530988274707,"{""15"": 199, ""30"": 200, ""5"": 200}",,"{""15"": 1, ""30"": 0, ""5"": 0}",,"{""15"": 1, ""30"": 0, ""5"": 0}",0.10655000000000002,"{""15"": 200, ""30"": 200, ""5"": 200}"
1e-06,160,16,right,paired_mean,0.3333333333333333,0,0.9724083333333333,0.002636976549413736,"{""15"": 199, ""30"": 200, ""5"": 200}",,"{""15"": 1, ""30"": 0, ""5"": 0}",,"{""15"": 1, ""30"": 0, ""5"": 0}",0.027591666666666667,"{""15"": 200, ""30"": 200, ""5"": 200}"
1e-06,160,16,right,paired_mean,0.5,0,0.9950583333333334,0.00033383584589614744,"{""15"": 199, ""30"": 200, ""5"": 200}",,"{""15"": 1, ""30"": 0, ""5"": 0}",,"{""15"": 1, ""30"": 0, ""5"": 0}",0.004941666666666666,"{""15"": 200, ""30"": 200, ""5"": 200}"
1e-06,160,16,right,mom_w1,0.0,0,0.0,0.4017500418760469,"{""15"": 199, ""30"": 200, ""5"": 200}",,"{""15"": 1, ""30"": 0, ""5"": 0}",,"{""15"": 1, ""30"": 0, ""5"": 0}",1.0,"{""15"": 200, ""30"": 200, ""5"": 200}"
1e-06,160,16,right,mom_w1,0.2,0,0.6847166666666666,0.10424334170854271,"{""15"": 199, ""30"": 200, ""5"": 200}",,"{""15"": 1, ""30"": 0, ""5"": 0}",,"{""15"": 1, ""30"": 0, ""5"": 0}",0.3152833333333333,"{""15"": 200, ""30"": 200, ""5"": 200}"
1e-06,160,16,right,mom_w1,0.3333333333333333,0,0.8602666666666666,0.041978140703517595,"{""15"": 199, ""30"": 200, ""5"": 200}",,"{""15"": 1, ""30"": 0, ""5"": 0}",,"{""15"": 1, ""30"": 0, ""5"": 0}",0.13973333333333335,"{""15"": 200, ""30"": 200, ""5"": 200}"
1e-06,160,16,right,mom_w1,0.5,0,0.9530083333333333,0.013078433835845898,"{""15"": 199, ""30"": 200, ""5"": 200}",,"{""15"": 1, ""30"": 0, ""5"": 0}",,"{""15"": 1, ""30"": 0, ""5"": 0}",0.046991666666666675,"{""15"": 200, ""30"": 200, ""5"": 200}"
1e-06,160,16,right,mom_w2,0.0,0,0.0,0.3667408710217756,"{""15"": 199, ""30"": 200, ""5"": 200}",,"{""15"": 1, ""30"": 0, ""5"": 0}",,"{""15"": 1, ""30"": 0, ""5"": 0}",1.0,"{""15"": 200, ""30"": 200, ""5"": 200}"
1e-06,160,16,right,mom_w2,0.2,0,0.814125,0.04554133165829146,"{""15"": 199, ""30"": 200, ""5"": 200}",,"{""15"": 1, ""30"": 0, ""5"": 0}",,"{""15"": 1, ""30"": 0, ""5"": 0}",0.185875,"{""15"": 200, ""30"": 200, ""5"": 200}"
1e-06,160,16,right,mom_w2,0.3333333333333333,0,0.9349083333333333,0.01271909547738693,"{""15"": 199, ""30"": 200, ""5"": 200}",,"{""15"": 1, ""30"": 0, ""5"": 0}",,"{""15"": 1, ""30"": 0, ""5"": 0}",0.06509166666666666,"{""15"": 200, ""30"": 200, ""5"": 200}"
1e-06,160,16,right,mom_w2,0.5,0,0.9844916666666667,0.0024536850921273033,"{""15"": 199, ""30"": 200, ""5"": 200}",,"{""15"": 1, ""30"": 0, ""5"": 0}",,"{""15"": 1, ""30"": 0, ""5"": 0}",0.015508333333333338,"{""15"": 200, ""30"": 200, ""5"": 200}"
1e-06,240,16,left,sample_variance,0.0,0,0.0,0.0,"{""15"": 200, ""30"": 200, ""5"": 200}",,"{""15"": 0, ""30"": 0, ""5"": 0}",,"{""15"": 0, ""30"": 0, ""5"": 0}",1.0,"{""15"": 200, ""30"": 200, ""5"": 200}"
1e-06,240,16,left,sample_variance,0.2,0,0.0,0.0,"{""15"": 200, ""30"": 200, ""5"": 200}",,"{""15"": 0, ""30"": 0, ""5"": 0}",,"{""15"": 0, ""30"": 0, ""5"": 0}",1.0,"{""15"": 200, ""30"": 200, ""5"": 200}"
1e-06,240,16,left,sample_variance,0.3333333333333333,0,0.0,0.0,"{""15"": 200, ""30"": 200, ""5"": 200}",,"{""15"": 0, ""30"": 0, ""5"": 0}",,"{""15"": 0, ""30"": 0, ""5"": 0}",1.0,"{""15"": 200, ""30"": 200, ""5"": 200}"
1e-06,240,16,left,sample_variance,0.5,0,0.0,0.0,"{""15"": 200, ""30"": 200, ""5"": 200}",,"{""15"": 0, ""30"": 0, ""5"": 0}",,"{""15"": 0, ""30"": 0, ""5"": 0}",1.0,"{""15"": 200, ""30"": 200, ""5"": 200}"
1e-06,240,16,left,paired_mean,0.0,0,0.0,0.0,"{""15"": 200, ""30"": 200, ""5"": 200}",,"{""15"": 0, ""30"": 0, ""5"": 0}",,"{""15"": 0, ""30"": 0, ""5"": 0}",1.0,"{""15"": 200, ""30"": 200, ""5"": 200}"
1e-06,240,16,left,paired_mean,0.2,0,0.0,0.0,"{""15"": 200, ""30"": 200, ""5"": 200}",,"{""15"": 0, ""30"": 0, ""5"": 0}",,"{""15"": 0, ""30"": 0, ""5"": 0}",1.0,"{""15"": 200, ""30"": 200, ""5"": 200}"
1e-06,240,16,left,paired_mean,0.3333333333333333,0,0.0,0.0,"{""15"": 200, ""30"": 200, ""5"": 200}",,"{""15"": 0, ""30"": 0, ""5"": 0}",,"{""15"": 0, ""30"": 0, ""5"": 0}",1.0,"{""15"": 200, ""30"": 200, ""5"": 200}"
1e-06,240,16,left,paired_mean,0.5,0,0.0,0.0,"{""15"": 200, ""30"": 200, ""5"": 200}",,"{""15"": 0, ""30"": 0, ""5"": 0}",,"{""15"": 0, ""30"": 0, ""5"": 0}",1.0,"{""15"": 200, ""30"": 200, ""5"": 200}"
1e-06,240,16,left,mom_w1,0.0,0,0.0,0.0,"{""15"": 200, ""30"": 200, ""5"": 200}",,"{""15"": 0, ""30"": 0, ""5"": 0}",,"{""15"": 0, ""30"": 0, ""5"": 0}",1.0,"{""15"": 200, ""30"": 200, ""5"": 200}"
1e-06,240,16,left,mom_w1,0.2,0,0.0,0.0,"{""15"": 200, ""30"": 200, ""5"": 200}",,"{""15"": 0, ""30"": 0, ""5"": 0}",,"{""15"": 0, ""30"": 0, ""5"": 0}",1.0,"{""15"": 200, ""30"": 200, ""5"": 200}"
1e-06,240,16,left,mom_w1,0.3333333333333333,0,0.0,0.0,"{""15"": 200, ""30"": 200, ""5"": 200}",,"{""15"": 0, ""30"": 0, ""5"": 0}",,"{""15"": 0, ""30"": 0, ""5"": 0}",1.0,"{""15"": 200, ""30"": 200, ""5"": 200}"
1e-06,240,16,left,mom_w1,0.5,0,0.0,0.0,"{""15"": 200, ""30"": 200, ""5"": 200}",,"{""15"": 0, ""30"": 0, ""5"": 0}",,"{""15"": 0, ""30"": 0, ""5"": 0}",1.0,"{""15"": 200, ""30"": 200, ""5"": 200}"
1e-06,240,16,left,mom_w2,0.0,0,0.0,0.0,"{""15"": 200, ""30"": 200, ""5"": 200}",,"{""15"": 0, ""30"": 0, ""5"": 0}",,"{""15"": 0, ""30"": 0, ""5"": 0}",1.0,"{""15"": 200, ""30"": 200, ""5"": 200}"
1e-06,240,16,left,mom_w2,0.2,0,0.0,0.0,"{""15"": 200, ""30"": 200, ""5"": 200}",,"{""15"": 0, ""30"": 0, ""5"": 0}",,"{""15"": 0, ""30"": 0, ""5"": 0}",1.0,"{""15"": 200, ""30"": 200, ""5"": 200}"
1e-06,240,16,left,mom_w2,0.3333333333333333,0,0.0,0.0,"{""15"": 200, ""30"": 200, ""5"": 200}",,"{""15"": 0, ""30"": 0, ""5"": 0}",,"{""15"": 0, ""30"": 0, ""5"": 0}",1.0,"{""15"": 200, ""30"": 200, ""5"": 200}"
1e-06,240,16,left,mom_w2,0.5,0,0.0,0.0,"{""15"": 200, ""30"": 200, ""5"": 200}",,"{""15"": 0, ""30"": 0, ""5"": 0}",,"{""15"": 0, ""30"": 0, ""5"": 0}",1.0,"{""15"": 200, ""30"": 200, ""5"": 200}"
1e-06,240,16,primary,sample_variance,0.0,0,0.0,0.2969551178644249,"{""15"": 182, ""30"": 179, ""5"": 188}",0.16404761904761903,"{""15"": 18, ""30"": 21, ""5"": 12}",0.835952380952381,"{""15"": 18, ""30"": 21, ""5"": 12}",1.0,"{""15"": 200, ""30"": 200, ""5"": 200}"
1e-06,240,16,primary,sample_variance,0.2,0,0.8785416666666667,0.0015379559324941474,"{""15"": 182, ""30"": 179, ""5"": 188}",0.023736772486772487,"{""15"": 18, ""30"": 21, ""5"": 12}",0.6003240740740741,"{""15"": 18, ""30"": 21, ""5"": 12}",0.12145833333333333,"{""15"": 200, ""30"": 200, ""5"": 200}"
1e-06,240,16,primary,sample_variance,0.3333333333333333,0,0.9405333333333333,0.00013445472274070872,"{""15"": 182, ""30"": 179, ""5"": 188}",0.004801587301587302,"{""15"": 18, ""30"": 21, ""5"": 12}",0.5150198412698412,"{""15"": 18, ""30"": 21, ""5"": 12}",0.05946666666666667,"{""15"": 200, ""30"": 200, ""5"": 200}"
1e-06,240,16,primary,sample_variance,0.5,0,0.9623166666666667,8.865248226950355e-06,"{""15"": 182, ""30"": 179, ""5"": 188}",0.000787037037037037,"{""15"": 18, ""30"": 21, ""5"": 12}",0.4359854497354498,"{""15"": 18, ""30"": 21, ""5"": 12}",0.037683333333333326,"{""15"": 200, ""30"": 200, ""5"": 200}"
1e-06,240,16,primary,paired_mean,0.0,0,0.0,0.33714843078194434,"{""15"": 182, ""30"": 179, ""5"": 188}",0.19687169312169314,"{""15"": 18, ""30"": 21, ""5"": 12}",0.8031283068783068,"{""15"": 18, ""30"": 21, ""5"": 12}",1.0,"{""15"": 200, ""30"": 200, ""5"": 200}"
1e-06,240,16,primary,paired_mean,0.2,0,0.82895,0.018678753098401262,"{""15"": 182, ""30"": 179, ""5"": 188}",0.050998677248677245,"{""15"": 18, ""30"": 21, ""5"": 12}",0.610760582010582,"{""15"": 18, ""30"": 21, ""5"": 12}",0.17105,"{""15"": 200, ""30"": 200, ""5"": 200}"
1e-06,240,16,primary,paired_mean,0.3333333333333333,0,0.9208916666666667,0.0038791515746823013,"{""15"": 182, ""30"": 179, ""5"": 188}",0.018194444444444447,"{""15"": 18, ""30"": 21, ""5"": 12}",0.526984126984127,"{""15"": 18, ""30"": 21, ""5"": 12}",0.07910833333333332,"{""15"": 200, ""30"": 200, ""5"": 200}"
1e-06,240,16,primary,paired_mean,0.5,0,0.9568833333333333,0.0003944695306278571,"{""15"": 182, ""30"": 179, ""5"": 188}",0.004166666666666667,"{""15"": 18, ""30"": 21, ""5"": 12}",0.44157407407407406,"{""15"": 18, ""30"": 21, ""5"": 12}",0.043116666666666664,"{""15"": 200, ""30"": 200, ""5"": 200}"
1e-06,240,16,primary,mom_w1,0.0,0,0.0,0.4087551861348367,"{""15"": 182, ""30"": 179, ""5"": 188}",0.24070105820105817,"{""15"": 18, ""30"": 21, ""5"": 12}",0.7592989417989418,"{""15"": 18, ""30"": 21, ""5"": 12}",1.0,"{""15"": 200, ""30"": 200, ""5"": 200}"
1e-06,240,16,primary,mom_w1,0.2,0,0.6283416666666667,0.11324209023275944,"{""15"": 182, ""30"": 179, ""5"": 188}",0.1208399470899471,"{""15"": 18, ""30"": 21, ""5"": 12}",0.6044775132275132,"{""15"": 18, ""30"": 21, ""5"": 12}",0.37165833333333326,"{""15"": 200, ""30"": 200, ""5"": 200}"
1e-06,240,16,primary,mom_w1,0.3333333333333333,0,0.8056333333333333,0.0477442305406468,"{""15"": 182, ""30"": 179, ""5"": 188}",0.06766534391534391,"{""15"": 18, ""30"": 21, ""5"": 12}",0.5150529100529101,"{""15"": 18, ""30"": 21, ""5"": 12}",0.19436666666666666,"{""15"": 200, ""30"": 200, ""5"": 200}"
1e-06,240,16,primary,mom_w1,0.5,0,0.9121833333333333,0.014772859376449059,"{""15"": 182, ""30"": 179, ""5"": 188}",0.02736772486772487,"{""15"": 18, ""30"": 21, ""5"": 12}",0.41671957671957677,"{""15"": 18, ""30"": 21, ""5"": 12}",0.08781666666666665,"{""15"": 200, ""30"": 200, ""5"": 200}"
1e-06,240,16,primary,mom_w2,0.0,0,0.0,0.3763396321278467,"{""15"": 182, ""30"": 179, ""5"": 188}",0.218994708994709,"{""15"": 18, ""30"": 21, ""5"": 12}",0.781005291005291,"{""15"": 18, ""30"": 21, ""5"": 12}",1.0,"{""15"": 200, ""30"": 200, ""5"": 200}"
1e-06,240,16,primary,mom_w2,0.2,0,0.7474083333333333,0.05311736121361107,"{""15"": 182, ""30"": 179, ""5"": 188}",0.08381613756613755,"{""15"": 18, ""30"": 21, ""5"": 12}",0.6055489417989418,"{""15"": 18, ""30"": 21, ""5"": 12}",0.2525916666666667,"{""15"": 200, ""30"": 200, ""5"": 200}"
1e-06,240,16,primary,mom_w2,0.3333333333333333,0,0.881825,0.015860588706036228,"{""15"": 182, ""30"": 179, ""5"": 188}",0.036911375661375666,"{""15"": 18, ""30"": 21, ""5"": 12}",0.5199338624338624,"{""15"": 18, ""30"": 21, ""5"": 12}",0.11817499999999999,"{""15"": 200, ""30"": 200, ""5"": 200}"
1e-06,240,16,primary,mom_w2,0.5,0,0.9445833333333333,0.003431366466252951,"{""15"": 182, ""30"": 179, ""5"": 188}",0.012837301587301586,"{""15"": 18, ""30"": 21, ""5"": 12}",0.42625,"{""15"": 18, ""30"": 21, ""5"": 12}",0.05541666666666667,"{""15"": 200, ""30"": 200, ""5"": 200}"
1e-06,240,16,right,sample_variance,0.0,0,0.0,0.29776235343383584,"{""15"": 199, ""30"": 200, ""5"": 200}",,"{""15"": 1, ""30"": 0, ""5"": 0}",,"{""15"": 1, ""30"": 0, ""5"": 0}",1.0,"{""15"": 200, ""30"": 200, ""5"": 200}"
1e-06,240,16,right,sample_variance,0.2,0,0.9412,0.0009267587939698494,"{""15"": 199, ""30"": 200, ""5"": 200}",,"{""15"": 1, ""30"": 0, ""5"": 0}",,"{""15"": 1, ""30"": 0, ""5"": 0}",0.05880000000000001,"{""15"": 200, ""30"": 200, ""5"": 200}"
1e-06,240,16,right,sample_variance,0.3333333333333333,0,0.9875,2.5083752093802347e-05,"{""15"": 199, ""30"": 200, ""5"": 200}",,"{""15"": 1, ""30"": 0, ""5"": 0}",,"{""15"": 1, ""30"": 0, ""5"": 0}",0.012500000000000002,"{""15"": 200, ""30"": 200, ""5"": 200}"
1e-06,240,16,right,sample_variance,0.5,0,0.99865,0.0,"{""15"": 199, ""30"": 200, ""5"": 200}",,"{""15"": 1, ""30"": 0, ""5"": 0}",,"{""15"": 1, ""30"": 0, ""5"": 0}",0.0013499999999999999,"{""15"": 200, ""30"": 200, ""5"": 200}"
1e-06,240,16,right,paired_mean,0.0,0,0.0,0.34181084589614735,"{""15"": 199, ""30"": 200, ""5"": 200}",,"{""15"": 1, ""30"": 0, ""5"": 0}",,"{""15"": 1, ""30"": 0, ""5"": 0}",1.0,"{""15"": 200, ""30"": 200, ""5"": 200}"
1e-06,240,16,right,paired_mean,0.2,0,0.8954666666666666,0.015932328308207705,"{""15"": 199, ""30"": 200, ""5"": 200}",,"{""15"": 1, ""30"": 0, ""5"": 0}",,"{""15"": 1, ""30"": 0, ""5"": 0}",0.10453333333333333,"{""15"": 200, ""30"": 200, ""5"": 200}"
1e-06,240,16,right,paired_mean,0.3333333333333333,0,0.9728833333333333,0.002703726968174204,"{""15"": 199, ""30"": 200, ""5"": 200}",,"{""15"": 1, ""30"": 0, ""5"": 0}",,"{""15"": 1, ""30"": 0, ""5"": 0}",0.027116666666666674,"{""15"": 200, ""30"": 200, ""5"": 200}"
1e-06,240,16,right,paired_mean,0.5,0,0.99515,0.0003421691792294807,"{""15"": 199, ""30"": 200, ""5"": 200}",,"{""15"": 1, ""30"": 0, ""5"": 0}",,"{""15"": 1, ""30"": 0, ""5"": 0}",0.004849999999999999,"{""15"": 200, ""30"": 200, ""5"": 200}"
1e-06,240,16,right,mom_w1,0.0,0,0.0,0.41097156616415415,"{""15"": 199, ""30"": 200, ""5"": 200}",,"{""15"": 1, ""30"": 0, ""5"": 0}",,"{""15"": 1, ""30"": 0, ""5"": 0}",1.0,"{""15"": 200, ""30"": 200, ""5"": 200}"
1e-06,240,16,right,mom_w1,0.2,0,0.6857333333333333,0.10663044388609716,"{""15"": 199, ""30"": 200, ""5"": 200}",,"{""15"": 1, ""30"": 0, ""5"": 0}",,"{""15"": 1, ""30"": 0, ""5"": 0}",0.3142666666666667,"{""15"": 200, ""30"": 200, ""5"": 200}"
1e-06,240,16,right,mom_w1,0.3333333333333333,0,0.8609666666666667,0.04276260469011726,"{""15"": 199, ""30"": 200, ""5"": 200}",,"{""15"": 1, ""30"": 0, ""5"": 0}",,"{""15"": 1, ""30"": 0, ""5"": 0}",0.13903333333333331,"{""15"": 200, ""30"": 200, ""5"": 200}"
1e-06,240,16,right,mom_w1,0.5,0,0.9532416666666667,0.01324535175879397,"{""15"": 199, ""30"": 200, ""5"": 200}",,"{""15"": 1, ""30"": 0, ""5"": 0}",,"{""15"": 1, ""30"": 0, ""5"": 0}",0.04675833333333334,"{""15"": 200, ""30"": 200, ""5"": 200}"
1e-06,240,16,right,mom_w2,0.0,0,0.0,0.38006771356783914,"{""15"": 199, ""30"": 200, ""5"": 200}",,"{""15"": 1, ""30"": 0, ""5"": 0}",,"{""15"": 1, ""30"": 0, ""5"": 0}",1.0,"{""15"": 200, ""30"": 200, ""5"": 200}"
1e-06,240,16,right,mom_w2,0.2,0,0.8158666666666666,0.04695163316582914,"{""15"": 199, ""30"": 200, ""5"": 200}",,"{""15"": 1, ""30"": 0, ""5"": 0}",,"{""15"": 1, ""30"": 0, ""5"": 0}",0.18413333333333334,"{""15"": 200, ""30"": 200, ""5"": 200}"
1e-06,240,16,right,mom_w2,0.3333333333333333,0,0.9357166666666666,0.012919346733668341,"{""15"": 199, ""30"": 200, ""5"": 200}",,"{""15"": 1, ""30"": 0, ""5"": 0}",,"{""15"": 1, ""30"": 0, ""5"": 0}",0.06428333333333333,"{""15"": 200, ""30"": 200, ""5"": 200}"
1e-06,240,16,right,mom_w2,0.5,0,0.984625,0.0025204355108877723,"{""15"": 199, ""30"": 200, ""5"": 200}",,"{""15"": 1, ""30"": 0, ""5"": 0}",,"{""15"": 1, ""30"": 0, ""5"": 0}",0.015375000000000002,"{""15"": 200, ""30"": 200, ""5"": 200}"
1e-06,80,32,left,sample_variance,0.0,0,0.0,0.0,"{""15"": 200, ""30"": 200, ""5"": 200}",,"{""15"": 0, ""30"": 0, ""5"": 0}",,"{""15"": 0, ""30"": 0, ""5"": 0}",1.0,"{""15"": 200, ""30"": 200, ""5"": 200}"
1e-06,80,32,left,sample_variance,0.2,0,0.0,0.0,"{""15"": 200, ""30"": 200, ""5"": 200}",,"{""15"": 0, ""30"": 0, ""5"": 0}",,"{""15"": 0, ""30"": 0, ""5"": 0}",1.0,"{""15"": 200, ""30"": 200, ""5"": 200}"
1e-06,80,32,left,sample_variance,0.3333333333333333,0,0.0,0.0,"{""15"": 200, ""30"": 200, ""5"": 200}",,"{""15"": 0, ""30"": 0, ""5"": 0}",,"{""15"": 0, ""30"": 0, ""5"": 0}",1.0,"{""15"": 200, ""30"": 200, ""5"": 200}"
1e-06,80,32,left,sample_variance,0.5,0,0.0,0.0,"{""15"": 200, ""30"": 200, ""5"": 200}",,"{""15"": 0, ""30"": 0, ""5"": 0}",,"{""15"": 0, ""30"": 0, ""5"": 0}",1.0,"{""15"": 200, ""30"": 200, ""5"": 200}"
1e-06,80,32,left,paired_mean,0.0,0,0.0,0.0,"{""15"": 200, ""30"": 200, ""5"": 200}",,"{""15"": 0, ""30"": 0, ""5"": 0}",,"{""15"": 0, ""30"": 0, ""5"": 0}",1.0,"{""15"": 200, ""30"": 200, ""5"": 200}"
1e-06,80,32,left,paired_mean,0.2,0,0.0,0.0,"{""15"": 200, ""30"": 200, ""5"": 200}",,"{""15"": 0, ""30"": 0, ""5"": 0}",,"{""15"": 0, ""30"": 0, ""5"": 0}",1.0,"{""15"": 200, ""30"": 200, ""5"": 200}"
1e-06,80,32,left,paired_mean,0.3333333333333333,0,0.0,0.0,"{""15"": 200, ""30"": 200, ""5"": 200}",,"{""15"": 0, ""30"": 0, ""5"": 0}",,"{""15"": 0, ""30"": 0, ""5"": 0}",1.0,"{""15"": 200, ""30"": 200, ""5"": 200}"
1e-06,80,32,left,paired_mean,0.5,0,0.0,0.0,"{""15"": 200, ""30"": 200, ""5"": 200}",,"{""15"": 0, ""30"": 0, ""5"": 0}",,"{""15"": 0, ""30"": 0, ""5"": 0}",1.0,"{""15"": 200, ""30"": 200, ""5"": 200}"
1e-06,80,32,left,mom_w1,0.0,0,0.0,0.0,"{""15"": 200, ""30"": 200, ""5"": 200}",,"{""15"": 0, ""30"": 0, ""5"": 0}",,"{""15"": 0, ""30"": 0, ""5"": 0}",1.0,"{""15"": 200, ""30"": 200, ""5"": 200}"
1e-06,80,32,left,mom_w1,0.2,0,0.0,0.0,"{""15"": 200, ""30"": 200, ""5"": 200}",,"{""15"": 0, ""30"": 0, ""5"": 0}",,"{""15"": 0, ""30"": 0, ""5"": 0}",1.0,"{""15"": 200, ""30"": 200, ""5"": 200}"
1e-06,80,32,left,mom_w1,0.3333333333333333,0,0.0,0.0,"{""15"": 200, ""30"": 200, ""5"": 200}",,"{""15"": 0, ""30"": 0, ""5"": 0}",,"{""15"": 0, ""30"": 0, ""5"": 0}",1.0,"{""15"": 200, ""30"": 200, ""5"": 200}"
1e-06,80,32,left,mom_w1,0.5,0,0.0,0.0,"{""15"": 200, ""30"": 200, ""5"": 200}",,"{""15"": 0, ""30"": 0, ""5"": 0}",,"{""15"": 0, ""30"": 0, ""5"": 0}",1.0,"{""15"": 200, ""30"": 200, ""5"": 200}"
1e-06,80,32,left,mom_w2,0.0,0,0.0,0.0,"{""15"": 200, ""30"": 200, ""5"": 200}",,"{""15"": 0, ""30"": 0, ""5"": 0}",,"{""15"": 0, ""30"": 0, ""5"": 0}",1.0,"{""15"": 200, ""30"": 200, ""5"": 200}"
1e-06,80,32,left,mom_w2,0.2,0,0.0,0.0,"{""15"": 200, ""30"": 200, ""5"": 200}",,"{""15"": 0, ""30"": 0, ""5"": 0}",,"{""15"": 0, ""30"": 0, ""5"": 0}",1.0,"{""15"": 200, ""30"": 200, ""5"": 200}"
1e-06,80,32,left,mom_w2,0.3333333333333333,0,0.0,0.0,"{""15"": 200, ""30"": 200, ""5"": 200}",,"{""15"": 0, ""30"": 0, ""5"": 0}",,"{""15"": 0, ""30"": 0, ""5"": 0}",1.0,"{""15"": 200, ""30"": 200, ""5"": 200}"
1e-06,80,32,left,mom_w2,0.5,0,0.0,0.0,"{""15"": 200, ""30"": 200, ""5"": 200}",,"{""15"": 0, ""30"": 0, ""5"": 0}",,"{""15"": 0, ""30"": 0, ""5"": 0}",1.0,"{""15"": 200, ""30"": 200, ""5"": 200}"
1e-06,80,32,primary,sample_variance,0.0,0,0.0,0.08905797101449275,"{""15"": 184, ""30"": 184, ""5"": 188}",0.1328125,"{""15"": 16, ""30"": 16, ""5"": 12}",0.8671875,"{""15"": 16, ""30"": 16, ""5"": 12}",1.0,"{""15"": 200, ""30"": 200, ""5"": 200}"
1e-06,80,32,primary,sample_variance,0.2,0,0.9040666666666667,0.00016130897317298798,"{""15"": 184, ""30"": 184, ""5"": 188}",0.009409722222222224,"{""15"": 16, ""30"": 16, ""5"": 12}",0.6475347222222222,"{""15"": 16, ""30"": 16, ""5"": 12}",0.09593333333333333,"{""15"": 200, ""30"": 200, ""5"": 200}"
1e-06,80,32,primary,sample_variance,0.3333333333333333,0,0.9538,0.0,"{""15"": 184, ""30"": 184, ""5"": 188}",0.0008333333333333334,"{""15"": 16, ""30"": 16, ""5"": 12}",0.5621180555555556,"{""15"": 16, ""30"": 16, ""5"": 12}",0.0462,"{""15"": 200, ""30"": 200, ""5"": 200}"
1e-06,80,32,primary,sample_variance,0.5,0,0.9642083333333333,0.0,"{""15"": 184, ""30"": 184, ""5"": 188}",0.0,"{""15"": 16, ""30"": 16, ""5"": 12}",0.4933680555555555,"{""15"": 16, ""30"": 16, ""5"": 12}",0.035791666666666666,"{""15"": 200, ""30"": 200, ""5"": 200}"
1e-06,80,32,primary,paired_mean,0.0,0,0.0,0.16223153715695346,"{""15"": 184, ""30"": 184, ""5"": 188}",0.1592361111111111,"{""15"": 16, ""30"": 16, ""5"": 12}",0.840763888888889,"{""15"": 16, ""30"": 16, ""5"": 12}",1.0,"{""15"": 200, ""30"": 200, ""5"": 200}"
1e-06,80,32,primary,paired_mean,0.2,0,0.87465,0.0025624421831637375,"{""15"": 184, ""30"": 184, ""5"": 188}",0.02722222222222222,"{""15"": 16, ""30"": 16, ""5"": 12}",0.6625694444444444,"{""15"": 16, ""30"": 16, ""5"": 12}",0.12535,"{""15"": 200, ""30"": 200, ""5"": 200}"
1e-06,80,32,primary,paired_mean,0.3333333333333333,0,0.9456583333333334,0.0002322309589885908,"{""15"": 184, ""30"": 184, ""5"": 188}",0.005381944444444445,"{""15"": 16, ""30"": 16, ""5"": 12}",0.5746180555555556,"{""15"": 16, ""30"": 16, ""5"": 12}",0.05434166666666667,"{""15"": 200, ""30"": 200, ""5"": 200}"
1e-06,80,32,primary,paired_mean,0.5,0,0.9637,0.0,"{""15"": 184, ""30"": 184, ""5"": 188}",0.00038194444444444446,"{""15"": 16, ""30"": 16, ""5"": 12}",0.4914583333333333,"{""15"": 16, ""30"": 16, ""5"": 12}",0.0363,"{""15"": 200, ""30"": 200, ""5"": 200}"
1e-06,80,32,primary,mom_w1,0.0,0,0.0,0.3203673296330558,"{""15"": 184, ""30"": 184, ""5"": 188}",0.20354166666666665,"{""15"": 16, ""30"": 16, ""5"": 12}",0.7964583333333333,"{""15"": 16, ""30"": 16, ""5"": 12}",1.0,"{""15"": 200, ""30"": 200, ""5"": 200}"
1e-06,80,32,primary,mom_w1,0.2,0,0.6788416666666667,0.06222980265186556,"{""15"": 184, ""30"": 184, ""5"": 188}",0.08486111111111111,"{""15"": 16, ""30"": 16, ""5"": 12}",0.6435416666666667,"{""15"": 16, ""30"": 16, ""5"": 12}",0.32115833333333327,"{""15"": 200, ""30"": 200, ""5"": 200}"
1e-06,80,32,primary,mom_w1,0.3333333333333333,0,0.8601083333333334,0.017991443108233116,"{""15"": 184, ""30"": 184, ""5"": 188}",0.03940972222222222,"{""15"": 16, ""30"": 16, ""5"": 12}",0.5463888888888889,"{""15"": 16, ""30"": 16, ""5"": 12}",0.13989166666666666,"{""15"": 200, ""30"": 200, ""5"": 200}"
1e-06,80,32,primary,mom_w1,0.5,0,0.9443666666666667,0.0034605303731113164,"{""15"": 184, ""30"": 184, ""5"": 188}",0.010694444444444446,"{""15"": 16, ""30"": 16, ""5"": 12}",0.4444444444444444,"{""15"": 16, ""30"": 16, ""5"": 12}",0.05563333333333333,"{""15"": 200, ""30"": 200, ""5"": 200}"
1e-06,80,32,primary,mom_w2,0.0,0,0.0,0.2749130820228184,"{""15"": 184, ""30"": 184, ""5"": 188}",0.1836458333333333,"{""15"": 16, ""30"": 16, ""5"": 12}",0.8163541666666667,"{""15"": 16, ""30"": 16, ""5"": 12}",1.0,"{""15"": 200, ""30"": 200, ""5"": 200}"
1e-06,80,32,primary,mom_w2,0.2,0,0.7637833333333334,0.02897028214616097,"{""15"": 184, ""30"": 184, ""5"": 188}",0.06274305555555555,"{""15"": 16, ""30"": 16, ""5"": 12}",0.6532291666666667,"{""15"": 16, ""30"": 16, ""5"": 12}",0.23621666666666666,"{""15"": 200, ""30"": 200, ""5"": 200}"
1e-06,80,32,primary,mom_w2,0.3333333333333333,0,0.9055166666666666,0.005921022201665124,"{""15"": 184, ""30"": 184, ""5"": 188}",0.021770833333333333,"{""15"": 16, ""30"": 16, ""5"": 12}",0.5606944444444444,"{""15"": 16, ""30"": 16, ""5"": 12}",0.09448333333333332,"{""15"": 200, ""30"": 200, ""5"": 200}"
1e-06,80,32,primary,mom_w2,0.5,0,0.9575416666666666,0.0007051726796176381,"{""15"": 184, ""30"": 184, ""5"": 188}",0.0042361111111111115,"{""15"": 16, ""30"": 16, ""5"": 12}",0.4605208333333333,"{""15"": 16, ""30"": 16, ""5"": 12}",0.04245833333333333,"{""15"": 200, ""30"": 200, ""5"": 200}"
1e-06,80,32,right,sample_variance,0.0,0,0.0,0.07721993299832496,"{""15"": 199, ""30"": 200, ""5"": 200}",,"{""15"": 1, ""30"": 0, ""5"": 0}",,"{""15"": 1, ""30"": 0, ""5"": 0}",1.0,"{""15"": 200, ""30"": 200, ""5"": 200}"
1e-06,80,32,right,sample_variance,0.2,0,0.9625583333333333,0.0,"{""15"": 199, ""30"": 200, ""5"": 200}",,"{""15"": 1, ""30"": 0, ""5"": 0}",,"{""15"": 1, ""30"": 0, ""5"": 0}",0.037441666666666665,"{""15"": 200, ""30"": 200, ""5"": 200}"
1e-06,80,32,right,sample_variance,0.3333333333333333,0,0.9964583333333333,0.0,"{""15"": 199, ""30"": 200, ""5"": 200}",,"{""15"": 1, ""30"": 0, ""5"": 0}",,"{""15"": 1, ""30"": 0, ""5"": 0}",0.0035416666666666665,"{""15"": 200, ""30"": 200, ""5"": 200}"
1e-06,80,32,right,sample_variance,0.5,0,0.999925,0.0,"{""15"": 199, ""30"": 200, ""5"": 200}",,"{""15"": 1, ""30"": 0, ""5"": 0}",,"{""15"": 1, ""30"": 0, ""5"": 0}",7.500000000000001e-05,"{""15"": 200, ""30"": 200, ""5"": 200}"
1e-06,80,32,right,paired_mean,0.0,0,0.0,0.14806666666666665,"{""15"": 199, ""30"": 200, ""5"": 200}",,"{""15"": 1, ""30"": 0, ""5"": 0}",,"{""15"": 1, ""30"": 0, ""5"": 0}",1.0,"{""15"": 200, ""30"": 200, ""5"": 200}"
1e-06,80,32,right,paired_mean,0.2,0,0.9375416666666667,0.0012180067001675043,"{""15"": 199, ""30"": 200, ""5"": 200}",,"{""15"": 1, ""30"": 0, ""5"": 0}",,"{""15"": 1, ""30"": 0, ""5"": 0}",0.06245833333333334,"{""15"": 200, ""30"": 200, ""5"": 200}"
1e-06,80,32,right,paired_mean,0.3333333333333333,0,0.9915333333333334,6.670854271356782e-05,"{""15"": 199, ""30"": 200, ""5"": 200}",,"{""15"": 1, ""30"": 0, ""5"": 0}",,"{""15"": 1, ""30"": 0, ""5"": 0}",0.008466666666666667,"{""15"": 200, ""30"": 200, ""5"": 200}"
1e-06,80,32,right,paired_mean,0.5,0,0.9995,0.0,"{""15"": 199, ""30"": 200, ""5"": 200}",,"{""15"": 1, ""30"": 0, ""5"": 0}",,"{""15"": 1, ""30"": 0, ""5"": 0}",0.0005,"{""15"": 200, ""30"": 200, ""5"": 200}"
1e-06,80,32,right,mom_w1,0.0,0,0.0,0.3143290619765494,"{""15"": 199, ""30"": 200, ""5"": 200}",,"{""15"": 1, ""30"": 0, ""5"": 0}",,"{""15"": 1, ""30"": 0, ""5"": 0}",1.0,"{""15"": 200, ""30"": 200, ""5"": 200}"
1e-06,80,32,right,mom_w1,0.2,0,0.7331333333333333,0.05722554438860972,"{""15"": 199, ""30"": 200, ""5"": 200}",,"{""15"": 1, ""30"": 0, ""5"": 0}",,"{""15"": 1, ""30"": 0, ""5"": 0}",0.2668666666666667,"{""15"": 200, ""30"": 200, ""5"": 200}"
1e-06,80,32,right,mom_w1,0.3333333333333333,0,0.911175,0.016169639865996652,"{""15"": 199, ""30"": 200, ""5"": 200}",,"{""15"": 1, ""30"": 0, ""5"": 0}",,"{""15"": 1, ""30"": 0, ""5"": 0}",0.088825,"{""15"": 200, ""30"": 200, ""5"": 200}"
1e-06,80,32,right,mom_w1,0.5,0,0.9816166666666667,0.002754061976549414,"{""15"": 199, ""30"": 200, ""5"": 200}",,"{""15"": 1, ""30"": 0, ""5"": 0}",,"{""15"": 1, ""30"": 0, ""5"": 0}",0.018383333333333335,"{""15"": 200, ""30"": 200, ""5"": 200}"
1e-06,80,32,right,mom_w2,0.0,0,0.0,0.2626596733668342,"{""15"": 199, ""30"": 200, ""5"": 200}",,"{""15"": 1, ""30"": 0, ""5"": 0}",,"{""15"": 1, ""30"": 0, ""5"": 0}",1.0,"{""15"": 200, ""30"": 200, ""5"": 200}"
1e-06,80,32,right,mom_w2,0.2,0,0.8282,0.023651256281407032,"{""15"": 199, ""30"": 200, ""5"": 200}",,"{""15"": 1, ""30"": 0, ""5"": 0}",,"{""15"": 1, ""30"": 0, ""5"": 0}",0.17180000000000004,"{""15"": 200, ""30"": 200, ""5"": 200}"
1e-06,80,32,right,mom_w2,0.3333333333333333,0,0.9572083333333333,0.004147403685092127,"{""15"": 199, ""30"": 200, ""5"": 200}",,"{""15"": 1, ""30"": 0, ""5"": 0}",,"{""15"": 1, ""30"": 0, ""5"": 0}",0.042791666666666665,"{""15"": 200, ""30"": 200, ""5"": 200}"
1e-06,80,32,right,mom_w2,0.5,0,0.993825,0.00032541876046901177,"{""15"": 199, ""30"": 200, ""5"": 200}",,"{""15"": 1, ""30"": 0, ""5"": 0}",,"{""15"": 1, ""30"": 0, ""5"": 0}",0.006175,"{""15"": 200, ""30"": 200, ""5"": 200}"
1e-06,160,32,left,sample_variance,0.0,0,0.0,0.0,"{""15"": 200, ""30"": 200, ""5"": 200}",,"{""15"": 0, ""30"": 0, ""5"": 0}",,"{""15"": 0, ""30"": 0, ""5"": 0}",1.0,"{""15"": 200, ""30"": 200, ""5"": 200}"
1e-06,160,32,left,sample_variance,0.2,0,0.0,0.0,"{""15"": 200, ""30"": 200, ""5"": 200}",,"{""15"": 0, ""30"": 0, ""5"": 0}",,"{""15"": 0, ""30"": 0, ""5"": 0}",1.0,"{""15"": 200, ""30"": 200, ""5"": 200}"
1e-06,160,32,left,sample_variance,0.3333333333333333,0,0.0,0.0,"{""15"": 200, ""30"": 200, ""5"": 200}",,"{""15"": 0, ""30"": 0, ""5"": 0}",,"{""15"": 0, ""30"": 0, ""5"": 0}",1.0,"{""15"": 200, ""30"": 200, ""5"": 200}"
1e-06,160,32,left,sample_variance,0.5,0,0.0,0.0,"{""15"": 200, ""30"": 200, ""5"": 200}",,"{""15"": 0, ""30"": 0, ""5"": 0}",,"{""15"": 0, ""30"": 0, ""5"": 0}",1.0,"{""15"": 200, ""30"": 200, ""5"": 200}"
1e-06,160,32,left,paired_mean,0.0,0,0.0,0.0,"{""15"": 200, ""30"": 200, ""5"": 200}",,"{""15"": 0, ""30"": 0, ""5"": 0}",,"{""15"": 0, ""30"": 0, ""5"": 0}",1.0,"{""15"": 200, ""30"": 200, ""5"": 200}"
1e-06,160,32,left,paired_mean,0.2,0,0.0,0.0,"{""15"": 200, ""30"": 200, ""5"": 200}",,"{""15"": 0, ""30"": 0, ""5"": 0}",,"{""15"": 0, ""30"": 0, ""5"": 0}",1.0,"{""15"": 200, ""30"": 200, ""5"": 200}"
1e-06,160,32,left,paired_mean,0.3333333333333333,0,0.0,0.0,"{""15"": 200, ""30"": 200, ""5"": 200}",,"{""15"": 0, ""30"": 0, ""5"": 0}",,"{""15"": 0, ""30"": 0, ""5"": 0}",1.0,"{""15"": 200, ""30"": 200, ""5"": 200}"
1e-06,160,32,left,paired_mean,0.5,0,0.0,0.0,"{""15"": 200, ""30"": 200, ""5"": 200}",,"{""15"": 0, ""30"": 0, ""5"": 0}",,"{""15"": 0, ""30"": 0, ""5"": 0}",1.0,"{""15"": 200, ""30"": 200, ""5"": 200}"
1e-06,160,32,left,mom_w1,0.0,0,0.0,0.0,"{""15"": 200, ""30"": 200, ""5"": 200}",,"{""15"": 0, ""30"": 0, ""5"": 0}",,"{""15"": 0, ""30"": 0, ""5"": 0}",1.0,"{""15"": 200, ""30"": 200, ""5"": 200}"
1e-06,160,32,left,mom_w1,0.2,0,0.0,0.0,"{""15"": 200, ""30"": 200, ""5"": 200}",,"{""15"": 0, ""30"": 0, ""5"": 0}",,"{""15"": 0, ""30"": 0, ""5"": 0}",1.0,"{""15"": 200, ""30"": 200, ""5"": 200}"
1e-06,160,32,left,mom_w1,0.3333333333333333,0,0.0,0.0,"{""15"": 200, ""30"": 200, ""5"": 200}",,"{""15"": 0, ""30"": 0, ""5"": 0}",,"{""15"": 0, ""30"": 0, ""5"": 0}",1.0,"{""15"": 200, ""30"": 200, ""5"": 200}"
1e-06,160,32,left,mom_w1,0.5,0,0.0,0.0,"{""15"": 200, ""30"": 200, ""5"": 200}",,"{""15"": 0, ""30"": 0, ""5"": 0}",,"{""15"": 0, ""30"": 0, ""5"": 0}",1.0,"{""15"": 200, ""30"": 200, ""5"": 200}"
1e-06,160,32,left,mom_w2,0.0,0,0.0,0.0,"{""15"": 200, ""30"": 200, ""5"": 200}",,"{""15"": 0, ""30"": 0, ""5"": 0}",,"{""15"": 0, ""30"": 0, ""5"": 0}",1.0,"{""15"": 200, ""30"": 200, ""5"": 200}"
1e-06,160,32,left,mom_w2,0.2,0,0.0,0.0,"{""15"": 200, ""30"": 200, ""5"": 200}",,"{""15"": 0, ""30"": 0, ""5"": 0}",,"{""15"": 0, ""30"": 0, ""5"": 0}",1.0,"{""15"": 200, ""30"": 200, ""5"": 200}"
1e-06,160,32,left,mom_w2,0.3333333333333333,0,0.0,0.0,"{""15"": 200, ""30"": 200, ""5"": 200}",,"{""15"": 0, ""30"": 0, ""5"": 0}",,"{""15"": 0, ""30"": 0, ""5"": 0}",1.0,"{""15"": 200, ""30"": 200, ""5"": 200}"
1e-06,160,32,left,mom_w2,0.5,0,0.0,0.0,"{""15"": 200, ""30"": 200, ""5"": 200}",,"{""15"": 0, ""30"": 0, ""5"": 0}",,"{""15"": 0, ""30"": 0, ""5"": 0}",1.0,"{""15"": 200, ""30"": 200, ""5"": 200}"
1e-06,160,32,primary,sample_variance,0.0,0,0.0,0.19191501485118503,"{""15"": 182, ""30"": 180, ""5"": 188}",0.14278703703703705,"{""15"": 18, ""30"": 20, ""5"": 12}",0.8572129629629629,"{""15"": 18, ""30"": 20, ""5"": 12}",1.0,"{""15"": 200, ""30"": 200, ""5"": 200}"
1e-06,160,32,primary,sample_variance,0.2,0,0.9089166666666667,0.00015266628564500906,"{""15"": 182, ""30"": 180, ""5"": 188}",0.007277777777777778,"{""15"": 18, ""30"": 20, ""5"": 12}",0.6004351851851851,"{""15"": 18, ""30"": 20, ""5"": 12}",0.09108333333333334,"{""15"": 200, ""30"": 200, ""5"": 200}"
1e-06,160,32,primary,sample_variance,0.3333333333333333,0,0.9536916666666667,0.0,"{""15"": 182, ""30"": 180, ""5"": 188}",0.000537037037037037,"{""15"": 18, ""30"": 20, ""5"": 12}",0.5168796296296296,"{""15"": 18, ""30"": 20, ""5"": 12}",0.04630833333333333,"{""15"": 200, ""30"": 200, ""5"": 200}"
1e-06,160,32,primary,sample_variance,0.5,0,0.9636,0.0,"{""15"": 182, ""30"": 180, ""5"": 188}",0.0,"{""15"": 18, ""30"": 20, ""5"": 12}",0.45401851851851854,"{""15"": 18, ""30"": 20, ""5"": 12}",0.036399999999999995,"{""15"": 200, ""30"": 200, ""5"": 200}"
1e-06,160,32,primary,paired_mean,0.0,0,0.0,0.25996537898665556,"{""15"": 182, ""30"": 180, ""5"": 188}",0.17107407407407407,"{""15"": 18, ""30"": 20, ""5"": 12}",0.828925925925926,"{""15"": 18, ""30"": 20, ""5"": 12}",1.0,"{""15"": 200, ""30"": 200, ""5"": 200}"
1e-06,160,32,primary,paired_mean,0.2,0,0.8824416666666667,0.0029963586452948156,"{""15"": 182, ""30"": 180, ""5"": 188}",0.022953703703703702,"{""15"": 18, ""30"": 20, ""5"": 12}",0.6152222222222222,"{""15"": 18, ""30"": 20, ""5"": 12}",0.11755833333333333,"{""15"": 200, ""30"": 200, ""5"": 200}"
1e-06,160,32,primary,paired_mean,0.3333333333333333,0,0.945925,0.00025027277686852156,"{""15"": 182, ""30"": 180, ""5"": 188}",0.004287037037037037,"{""15"": 18, ""30"": 20, ""5"": 12}",0.5316851851851853,"{""15"": 18, ""30"": 20, ""5"": 12}",0.05407499999999999,"{""15"": 200, ""30"": 200, ""5"": 200}"
1e-06,160,32,primary,paired_mean,0.5,0,0.963125,0.0,"{""15"": 182, ""30"": 180, ""5"": 188}",0.00037037037037037035,"{""15"": 18, ""30"": 20, ""5"": 12}",0.45275925925925925,"{""15"": 18, ""30"": 20, ""5"": 12}",0.036875,"{""15"": 200, ""30"": 200, ""5"": 200}"
1e-06,160,32,primary,mom_w1,0.0,0,0.0,0.37856812061067374,"{""15"": 182, ""30"": 180, ""5"": 188}",0.21764814814814817,"{""15"": 18, ""30"": 20, ""5"": 12}",0.7823518518518519,"{""15"": 18, ""30"": 20, ""5"": 12}",1.0,"{""15"": 200, ""30"": 200, ""5"": 200}"
1e-06,160,32,primary,mom_w1,0.2,0,0.6916166666666667,0.07292234518830264,"{""15"": 182, ""30"": 180, ""5"": 188}",0.08708333333333333,"{""15"": 18, ""30"": 20, ""5"": 12}",0.6121666666666666,"{""15"": 18, ""30"": 20, ""5"": 12}",0.3083833333333334,"{""15"": 200, ""30"": 200, ""5"": 200}"
1e-06,160,32,primary,mom_w1,0.3333333333333333,0,0.8648,0.02024766191255553,"{""15"": 182, ""30"": 180, ""5"": 188}",0.037120370370370366,"{""15"": 18, ""30"": 20, ""5"": 12}",0.5122407407407408,"{""15"": 18, ""30"": 20, ""5"": 12}",0.13520000000000001,"{""15"": 200, ""30"": 200, ""5"": 200}"
1e-06,160,32,primary,mom_w1,0.5,0,0.9447666666666666,0.0038081902337221488,"{""15"": 182, ""30"": 180, ""5"": 188}",0.010342592592592592,"{""15"": 18, ""30"": 20, ""5"": 12}",0.4125833333333333,"{""15"": 18, ""30"": 20, ""5"": 12}",0.05523333333333333,"{""15"": 200, ""30"": 200, ""5"": 200}"
1e-06,160,32,primary,mom_w2,0.0,0,0.0,0.3491976723040553,"{""15"": 182, ""30"": 180, ""5"": 188}",0.19919444444444445,"{""15"": 18, ""30"": 20, ""5"": 12}",0.8008055555555557,"{""15"": 18, ""30"": 20, ""5"": 12}",1.0,"{""15"": 200, ""30"": 200, ""5"": 200}"
1e-06,160,32,primary,mom_w2,0.2,0,0.7778583333333333,0.03435130846301059,"{""15"": 182, ""30"": 180, ""5"": 188}",0.06192592592592592,"{""15"": 18, ""30"": 20, ""5"": 12}",0.6163425925925926,"{""15"": 18, ""30"": 20, ""5"": 12}",0.22214166666666665,"{""15"": 200, ""30"": 200, ""5"": 200}"
1e-06,160,32,primary,mom_w2,0.3333333333333333,0,0.908525,0.00649779830098979,"{""15"": 182, ""30"": 180, ""5"": 188}",0.02125925925925926,"{""15"": 18, ""30"": 20, ""5"": 12}",0.5209444444444444,"{""15"": 18, ""30"": 20, ""5"": 12}",0.09147499999999999,"{""15"": 200, ""30"": 200, ""5"": 200}"
1e-06,160,32,primary,mom_w2,0.5,0,0.9576166666666667,0.0007262056304609497,"{""15"": 182, ""30"": 180, ""5"": 188}",0.003916666666666666,"{""15"": 18, ""30"": 20, ""5"": 12}",0.426675925925926,"{""15"": 18, ""30"": 20, ""5"": 12}",0.04238333333333333,"{""15"": 200, ""30"": 200, ""5"": 200}"
1e-06,160,32,right,sample_variance,0.0,0,0.0,0.18626268844221108,"{""15"": 199, ""30"": 200, ""5"": 200}",,"{""15"": 1, ""30"": 0, ""5"": 0}",,"{""15"": 1, ""30"": 0, ""5"": 0}",1.0,"{""15"": 200, ""30"": 200, ""5"": 200}"
1e-06,160,32,right,sample_variance,0.2,0,0.9679833333333333,8.375209380234507e-06,"{""15"": 199, ""30"": 200, ""5"": 200}",,"{""15"": 1, ""30"": 0, ""5"": 0}",,"{""15"": 1, ""30"": 0, ""5"": 0}",0.03201666666666666,"{""15"": 200, ""30"": 200, ""5"": 200}"
1e-06,160,32,right,sample_variance,0.3333333333333333,0,0.9968166666666667,0.0,"{""15"": 199, ""30"": 200, ""5"": 200}",,"{""15"": 1, ""30"": 0, ""5"": 0}",,"{""15"": 1, ""30"": 0, ""5"": 0}",0.003183333333333333,"{""15"": 200, ""30"": 200, ""5"": 200}"
1e-06,160,32,right,sample_variance,0.5,0,0.9999333333333333,0.0,"{""15"": 199, ""30"": 200, ""5"": 200}",,"{""15"": 1, ""30"": 0, ""5"": 0}",,"{""15"": 1, ""30"": 0, ""5"": 0}",6.666666666666667e-05,"{""15"": 200, ""30"": 200, ""5"": 200}"
1e-06,160,32,right,paired_mean,0.0,0,0.0,0.25916130653266334,"{""15"": 199, ""30"": 200, ""5"": 200}",,"{""15"": 1, ""30"": 0, ""5"": 0}",,"{""15"": 1, ""30"": 0, ""5"": 0}",1.0,"{""15"": 200, ""30"": 200, ""5"": 200}"
1e-06,160,32,right,paired_mean,0.2,0,0.946625,0.0017355527638190954,"{""15"": 199, ""30"": 200, ""5"": 200}",,"{""15"": 1, ""30"": 0, ""5"": 0}",,"{""15"": 1, ""30"": 0, ""5"": 0}",0.053375000000000006,"{""15"": 200, ""30"": 200, ""5"": 200}"
1e-06,160,32,right,paired_mean,0.3333333333333333,0,0.9923916666666667,7.504187604690117e-05,"{""15"": 199, ""30"": 200, ""5"": 200}",,"{""15"": 1, ""30"": 0, ""5"": 0}",,"{""15"": 1, ""30"": 0, ""5"": 0}",0.007608333333333334,"{""15"": 200, ""30"": 200, ""5"": 200}"
1e-06,160,32,right,paired_mean,0.5,0,0.9995583333333333,0.0,"{""15"": 199, ""30"": 200, ""5"": 200}",,"{""15"": 1, ""30"": 0, ""5"": 0}",,"{""15"": 1, ""30"": 0, ""5"": 0}",0.00044166666666666665,"{""15"": 200, ""30"": 200, ""5"": 200}"
1e-06,160,32,right,mom_w1,0.0,0,0.0,0.3831379396984924,"{""15"": 199, ""30"": 200, ""5"": 200}",,"{""15"": 1, ""30"": 0, ""5"": 0}",,"{""15"": 1, ""30"": 0, ""5"": 0}",1.0,"{""15"": 200, ""30"": 200, ""5"": 200}"
1e-06,160,32,right,mom_w1,0.2,0,0.751225,0.06854761306532664,"{""15"": 199, ""30"": 200, ""5"": 200}",,"{""15"": 1, ""30"": 0, ""5"": 0}",,"{""15"": 1, ""30"": 0, ""5"": 0}",0.248775,"{""15"": 200, ""30"": 200, ""5"": 200}"
1e-06,160,32,right,mom_w1,0.3333333333333333,0,0.9169666666666667,0.018956616415410386,"{""15"": 199, ""30"": 200, ""5"": 200}",,"{""15"": 1, ""30"": 0, ""5"": 0}",,"{""15"": 1, ""30"": 0, ""5"": 0}",0.08303333333333333,"{""15"": 200, ""30"": 200, ""5"": 200}"
1e-06,160,32,right,mom_w1,0.5,0,0.9827166666666667,0.003121398659966499,"{""15"": 199, ""30"": 200, ""5"": 200}",,"{""15"": 1, ""30"": 0, ""5"": 0}",,"{""15"": 1, ""30"": 0, ""5"": 0}",0.017283333333333338,"{""15"": 200, ""30"": 200, ""5"": 200}"
1e-06,160,32,right,mom_w2,0.0,0,0.0,0.35072634003350084,"{""15"": 199, ""30"": 200, ""5"": 200}",,"{""15"": 1, ""30"": 0, ""5"": 0}",,"{""15"": 1, ""30"": 0, ""5"": 0}",1.0,"{""15"": 200, ""30"": 200, ""5"": 200}"
1e-06,160,32,right,mom_w2,0.2,0,0.8464416666666666,0.0289679229480737,"{""15"": 199, ""30"": 200, ""5"": 200}",,"{""15"": 1, ""30"": 0, ""5"": 0}",,"{""15"": 1, ""30"": 0, ""5"": 0}",0.15355833333333332,"{""15"": 200, ""30"": 200, ""5"": 200}"
1e-06,160,32,right,mom_w2,0.3333333333333333,0,0.9608583333333334,0.004923785594639866,"{""15"": 199, ""30"": 200, ""5"": 200}",,"{""15"": 1, ""30"": 0, ""5"": 0}",,"{""15"": 1, ""30"": 0, ""5"": 0}",0.03914166666666666,"{""15"": 200, ""30"": 200, ""5"": 200}"
1e-06,160,32,right,mom_w2,0.5,0,0.9941916666666667,0.00042567001675041877,"{""15"": 199, ""30"": 200, ""5"": 200}",,"{""15"": 1, ""30"": 0, ""5"": 0}",,"{""15"": 1, ""30"": 0, ""5"": 0}",0.005808333333333333,"{""15"": 200, ""30"": 200, ""5"": 200}"
1e-06,240,32,left,sample_variance,0.0,0,0.0,0.0,"{""15"": 200, ""30"": 200, ""5"": 200}",,"{""15"": 0, ""30"": 0, ""5"": 0}",,"{""15"": 0, ""30"": 0, ""5"": 0}",1.0,"{""15"": 200, ""30"": 200, ""5"": 200}"
1e-06,240,32,left,sample_variance,0.2,0,0.0,0.0,"{""15"": 200, ""30"": 200, ""5"": 200}",,"{""15"": 0, ""30"": 0, ""5"": 0}",,"{""15"": 0, ""30"": 0, ""5"": 0}",1.0,"{""15"": 200, ""30"": 200, ""5"": 200}"
1e-06,240,32,left,sample_variance,0.3333333333333333,0,0.0,0.0,"{""15"": 200, ""30"": 200, ""5"": 200}",,"{""15"": 0, ""30"": 0, ""5"": 0}",,"{""15"": 0, ""30"": 0, ""5"": 0}",1.0,"{""15"": 200, ""30"": 200, ""5"": 200}"
1e-06,240,32,left,sample_variance,0.5,0,0.0,0.0,"{""15"": 200, ""30"": 200, ""5"": 200}",,"{""15"": 0, ""30"": 0, ""5"": 0}",,"{""15"": 0, ""30"": 0, ""5"": 0}",1.0,"{""15"": 200, ""30"": 200, ""5"": 200}"
1e-06,240,32,left,paired_mean,0.0,0,0.0,0.0,"{""15"": 200, ""30"": 200, ""5"": 200}",,"{""15"": 0, ""30"": 0, ""5"": 0}",,"{""15"": 0, ""30"": 0, ""5"": 0}",1.0,"{""15"": 200, ""30"": 200, ""5"": 200}"
1e-06,240,32,left,paired_mean,0.2,0,0.0,0.0,"{""15"": 200, ""30"": 200, ""5"": 200}",,"{""15"": 0, ""30"": 0, ""5"": 0}",,"{""15"": 0, ""30"": 0, ""5"": 0}",1.0,"{""15"": 200, ""30"": 200, ""5"": 200}"
1e-06,240,32,left,paired_mean,0.3333333333333333,0,0.0,0.0,"{""15"": 200, ""30"": 200, ""5"": 200}",,"{""15"": 0, ""30"": 0, ""5"": 0}",,"{""15"": 0, ""30"": 0, ""5"": 0}",1.0,"{""15"": 200, ""30"": 200, ""5"": 200}"
1e-06,240,32,left,paired_mean,0.5,0,0.0,0.0,"{""15"": 200, ""30"": 200, ""5"": 200}",,"{""15"": 0, ""30"": 0, ""5"": 0}",,"{""15"": 0, ""30"": 0, ""5"": 0}",1.0,"{""15"": 200, ""30"": 200, ""5"": 200}"
1e-06,240,32,left,mom_w1,0.0,0,0.0,0.0,"{""15"": 200, ""30"": 200, ""5"": 200}",,"{""15"": 0, ""30"": 0, ""5"": 0}",,"{""15"": 0, ""30"": 0, ""5"": 0}",1.0,"{""15"": 200, ""30"": 200, ""5"": 200}"
1e-06,240,32,left,mom_w1,0.2,0,0.0,0.0,"{""15"": 200, ""30"": 200, ""5"": 200}",,"{""15"": 0, ""30"": 0, ""5"": 0}",,"{""15"": 0, ""30"": 0, ""5"": 0}",1.0,"{""15"": 200, ""30"": 200, ""5"": 200}"
1e-06,240,32,left,mom_w1,0.3333333333333333,0,0.0,0.0,"{""15"": 200, ""30"": 200, ""5"": 200}",,"{""15"": 0, ""30"": 0, ""5"": 0}",,"{""15"": 0, ""30"": 0, ""5"": 0}",1.0,"{""15"": 200, ""30"": 200, ""5"": 200}"
1e-06,240,32,left,mom_w1,0.5,0,0.0,0.0,"{""15"": 200, ""30"": 200, ""5"": 200}",,"{""15"": 0, ""30"": 0, ""5"": 0}",,"{""15"": 0, ""30"": 0, ""5"": 0}",1.0,"{""15"": 200, ""30"": 200, ""5"": 200}"
1e-06,240,32,left,mom_w2,0.0,0,0.0,0.0,"{""15"": 200, ""30"": 200, ""5"": 200}",,"{""15"": 0, ""30"": 0, ""5"": 0}",,"{""15"": 0, ""30"": 0, ""5"": 0}",1.0,"{""15"": 200, ""30"": 200, ""5"": 200}"
1e-06,240,32,left,mom_w2,0.2,0,0.0,0.0,"{""15"": 200, ""30"": 200, ""5"": 200}",,"{""15"": 0, ""30"": 0, ""5"": 0}",,"{""15"": 0, ""30"": 0, ""5"": 0}",1.0,"{""15"": 200, ""30"": 200, ""5"": 200}"
1e-06,240,32,left,mom_w2,0.3333333333333333,0,0.0,0.0,"{""15"": 200, ""30"": 200, ""5"": 200}",,"{""15"": 0, ""30"": 0, ""5"": 0}",,"{""15"": 0, ""30"": 0, ""5"": 0}",1.0,"{""15"": 200, ""30"": 200, ""5"": 200}"
1e-06,240,32,left,mom_w2,0.5,0,0.0,0.0,"{""15"": 200, ""30"": 200, ""5"": 200}",,"{""15"": 0, ""30"": 0, ""5"": 0}",,"{""15"": 0, ""30"": 0, ""5"": 0}",1.0,"{""15"": 200, ""30"": 200, ""5"": 200}"
1e-06,240,32,primary,sample_variance,0.0,0,0.0,0.21746315335284785,"{""15"": 182, ""30"": 179, ""5"": 188}",0.1399404761904762,"{""15"": 18, ""30"": 21, ""5"": 12}",0.8600595238095238,"{""15"": 18, ""30"": 21, ""5"": 12}",1.0,"{""15"": 200, ""30"": 200, ""5"": 200}"
1e-06,240,32,primary,sample_variance,0.2,0,0.910125,0.0001614815114755683,"{""15"": 182, ""30"": 179, ""5"": 188}",0.006574074074074073,"{""15"": 18, ""30"": 21, ""5"": 12}",0.5949074074074074,"{""15"": 18, ""30"": 21, ""5"": 12}",0.089875,"{""15"": 200, ""30"": 200, ""5"": 200}"
1e-06,240,32,primary,sample_variance,0.3333333333333333,0,0.9537583333333334,0.0,"{""15"": 182, ""30"": 179, ""5"": 188}",0.0004365079365079365,"{""15"": 18, ""30"": 21, ""5"": 12}",0.5113227513227513,"{""15"": 18, ""30"": 21, ""5"": 12}",0.04624166666666666,"{""15"": 200, ""30"": 200, ""5"": 200}"
1e-06,240,32,primary,sample_variance,0.5,0,0.9635666666666667,0.0,"{""15"": 182, ""30"": 179, ""5"": 188}",0.0,"{""15"": 18, ""30"": 21, ""5"": 12}",0.44838624338624333,"{""15"": 18, ""30"": 21, ""5"": 12}",0.03643333333333333,"{""15"": 200, ""30"": 200, ""5"": 200}"
1e-06,240,32,primary,paired_mean,0.0,0,0.0,0.27900718961889176,"{""15"": 182, ""30"": 179, ""5"": 188}",0.16980158730158731,"{""15"": 18, ""30"": 21, ""5"": 12}",0.8301984126984125,"{""15"": 18, ""30"": 21, ""5"": 12}",1.0,"{""15"": 200, ""30"": 200, ""5"": 200}"
1e-06,240,32,primary,paired_mean,0.2,0,0.8841833333333333,0.003131527977153794,"{""15"": 182, ""30"": 179, ""5"": 188}",0.02217592592592593,"{""15"": 18, ""30"": 21, ""5"": 12}",0.6095965608465609,"{""15"": 18, ""30"": 21, ""5"": 12}",0.11581666666666666,"{""15"": 200, ""30"": 200, ""5"": 200}"
1e-06,240,32,primary,paired_mean,0.3333333333333333,0,0.946,0.00025027277686852156,"{""15"": 182, ""30"": 179, ""5"": 188}",0.0042592592592592595,"{""15"": 18, ""30"": 21, ""5"": 12}",0.5261375661375661,"{""15"": 18, ""30"": 21, ""5"": 12}",0.054,"{""15"": 200, ""30"": 200, ""5"": 200}"
1e-06,240,32,primary,paired_mean,0.5,0,0.9631083333333333,0.0,"{""15"": 182, ""30"": 179, ""5"": 188}",0.00037037037037037035,"{""15"": 18, ""30"": 21, ""5"": 12}",0.4472156084656084,"{""15"": 18, ""30"": 21, ""5"": 12}",0.03689166666666666,"{""15"": 200, ""30"": 200, ""5"": 200}"
1e-06,240,32,primary,mom_w1,0.0,0,0.0,0.38714672674288747,"{""15"": 182, ""30"": 179, ""5"": 188}",0.21832010582010583,"{""15"": 18, ""30"": 21, ""5"": 12}",0.7816798941798941,"{""15"": 18, ""30"": 21, ""5"": 12}",1.0,"{""15"": 200, ""30"": 200, ""5"": 200}"
1e-06,240,32,primary,mom_w1,0.2,0,0.6931583333333333,0.07456330556800068,"{""15"": 182, ""30"": 179, ""5"": 188}",0.08563492063492063,"{""15"": 18, ""30"": 21, ""5"": 12}",0.6082407407407407,"{""15"": 18, ""30"": 21, ""5"": 12}",0.3068416666666667,"{""15"": 200, ""30"": 200, ""5"": 200}"
1e-06,240,32,primary,mom_w1,0.3333333333333333,0,0.865425,0.020804573660421755,"{""15"": 182, ""30"": 179, ""5"": 188}",0.03687169312169312,"{""15"": 18, ""30"": 21, ""5"": 12}",0.5077711640211641,"{""15"": 18, ""30"": 21, ""5"": 12}",0.134575,"{""15"": 200, ""30"": 200, ""5"": 200}"
1e-06,240,32,primary,mom_w1,0.5,0,0.9449083333333334,0.00382801135430994,"{""15"": 182, ""30"": 179, ""5"": 188}",0.010317460317460317,"{""15"": 18, ""30"": 21, ""5"": 12}",0.408478835978836,"{""15"": 18, ""30"": 21, ""5"": 12}",0.05509166666666667,"{""15"": 200, ""30"": 200, ""5"": 200}"
1e-06,240,32,primary,mom_w2,0.0,0,0.0,0.3613789877561719,"{""15"": 182, ""30"": 179, ""5"": 188}",0.2006415343915344,"{""15"": 18, ""30"": 21, ""5"": 12}",0.7993584656084657,"{""15"": 18, ""30"": 21, ""5"": 12}",1.0,"{""15"": 200, ""30"": 200, ""5"": 200}"
1e-06,240,32,primary,mom_w2,0.2,0,0.77995,0.03544382189782166,"{""15"": 182, ""30"": 179, ""5"": 188}",0.06126984126984126,"{""15"": 18, ""30"": 21, ""5"": 12}",0.6110119047619048,"{""15"": 18, ""30"": 21, ""5"": 12}",0.22004999999999997,"{""15"": 200, ""30"": 200, ""5"": 200}"
1e-06,240,32,primary,mom_w2,0.3333333333333333,0,0.9091416666666666,0.006801198128310929,"{""15"": 182, ""30"": 179, ""5"": 188}",0.020925925925925928,"{""15"": 18, ""30"": 21, ""5"": 12}",0.5156481481481481,"{""15"": 18, ""30"": 21, ""5"": 12}",0.09085833333333333,"{""15"": 200, ""30"": 200, ""5"": 200}"
1e-06,240,32,primary,mom_w2,0.5,0,0.9576333333333333,0.000771530215099691,"{""15"": 182, ""30"": 179, ""5"": 188}",0.003968253968253968,"{""15"": 18, ""30"": 21, ""5"": 12}",0.4224206349206349,"{""15"": 18, ""30"": 21, ""5"": 12}",0.042366666666666664,"{""15"": 200, ""30"": 200, ""5"": 200}"
1e-06,240,32,right,sample_variance,0.0,0,0.0,0.21409530988274708,"{""15"": 199, ""30"": 200, ""5"": 200}",,"{""15"": 1, ""30"": 0, ""5"": 0}",,"{""15"": 1, ""30"": 0, ""5"": 0}",1.0,"{""15"": 200, ""30"": 200, ""5"": 200}"
1e-06,240,32,right,sample_variance,0.2,0,0.9691333333333333,8.375209380234507e-06,"{""15"": 199, ""30"": 200, ""5"": 200}",,"{""15"": 1, ""30"": 0, ""5"": 0}",,"{""15"": 1, ""30"": 0, ""5"": 0}",0.03086666666666667,"{""15"": 200, ""30"": 200, ""5"": 200}"
1e-06,240,32,right,sample_variance,0.3333333333333333,0,0.9969583333333333,0.0,"{""15"": 199, ""30"": 200, ""5"": 200}",,"{""15"": 1, ""30"": 0, ""5"": 0}",,"{""15"": 1, ""30"": 0, ""5"": 0}",0.003041666666666667,"{""15"": 200, ""30"": 200, ""5"": 200}"
1e-06,240,32,right,sample_variance,0.5,0,0.9999416666666666,0.0,"{""15"": 199, ""30"": 200, ""5"": 200}",,"{""15"": 1, ""30"": 0, ""5"": 0}",,"{""15"": 1, ""30"": 0, ""5"": 0}",5.833333333333334e-05,"{""15"": 200, ""30"": 200, ""5"": 200}"
1e-06,240,32,right,paired_mean,0.0,0,0.0,0.2810916666666667,"{""15"": 199, ""30"": 200, ""5"": 200}",,"{""15"": 1, ""30"": 0, ""5"": 0}",,"{""15"": 1, ""30"": 0, ""5"": 0}",1.0,"{""15"": 200, ""30"": 200, ""5"": 200}"
1e-06,240,32,right,paired_mean,0.2,0,0.9482916666666666,0.0018440117252931324,"{""15"": 199, ""30"": 200, ""5"": 200}",,"{""15"": 1, ""30"": 0, ""5"": 0}",,"{""15"": 1, ""30"": 0, ""5"": 0}",0.05170833333333333,"{""15"": 200, ""30"": 200, ""5"": 200}"
1e-06,240,32,right,paired_mean,0.3333333333333333,0,0.9925583333333333,8.337520938023451e-05,"{""15"": 199, ""30"": 200, ""5"": 200}",,"{""15"": 1, ""30"": 0, ""5"": 0}",,"{""15"": 1, ""30"": 0, ""5"": 0}",0.0074416666666666685,"{""15"": 200, ""30"": 200, ""5"": 200}"
1e-06,240,32,right,paired_mean,0.5,0,0.999575,0.0,"{""15"": 199, ""30"": 200, ""5"": 200}",,"{""15"": 1, ""30"": 0, ""5"": 0}",,"{""15"": 1, ""30"": 0, ""5"": 0}",0.00042500000000000003,"{""15"": 200, ""30"": 200, ""5"": 200}"
1e-06,240,32,right,mom_w1,0.0,0,0.0,0.39281055276381904,"{""15"": 199, ""30"": 200, ""5"": 200}",,"{""15"": 1, ""30"": 0, ""5"": 0}",,"{""15"": 1, ""30"": 0, ""5"": 0}",1.0,"{""15"": 200, ""30"": 200, ""5"": 200}"
1e-06,240,32,right,mom_w1,0.2,0,0.752975,0.07064246231155778,"{""15"": 199, ""30"": 200, ""5"": 200}",,"{""15"": 1, ""30"": 0, ""5"": 0}",,"{""15"": 1, ""30"": 0, ""5"": 0}",0.24702500000000002,"{""15"": 200, ""30"": 200, ""5"": 200}"
1e-06,240,32,right,mom_w1,0.3333333333333333,0,0.91805,0.01943241206030151,"{""15"": 199, ""30"": 200, ""5"": 200}",,"{""15"": 1, ""30"": 0, ""5"": 0}",,"{""15"": 1, ""30"": 0, ""5"": 0}",0.08195000000000001,"{""15"": 200, ""30"": 200, ""5"": 200}"
1e-06,240,32,right,mom_w1,0.5,0,0.9829666666666667,0.003163065326633166,"{""15"": 199, ""30"": 200, ""5"": 200}",,"{""15"": 1, ""30"": 0, ""5"": 0}",,"{""15"": 1, ""30"": 0, ""5"": 0}",0.017033333333333334,"{""15"": 200, ""30"": 200, ""5"": 200}"
1e-06,240,32,right,mom_w2,0.0,0,0.0,0.3641531407035176,"{""15"": 199, ""30"": 200, ""5"": 200}",,"{""15"": 1, ""30"": 0, ""5"": 0}",,"{""15"": 1, ""30"": 0, ""5"": 0}",1.0,"{""15"": 200, ""30"": 200, ""5"": 200}"
1e-06,240,32,right,mom_w2,0.2,0,0.8486416666666666,0.03006155778894472,"{""15"": 199, ""30"": 200, ""5"": 200}",,"{""15"": 1, ""30"": 0, ""5"": 0}",,"{""15"": 1, ""30"": 0, ""5"": 0}",0.15135833333333334,"{""15"": 200, ""30"": 200, ""5"": 200}"
1e-06,240,32,right,mom_w2,0.3333333333333333,0,0.961575,0.005065745393634841,"{""15"": 199, ""30"": 200, ""5"": 200}",,"{""15"": 1, ""30"": 0, ""5"": 0}",,"{""15"": 1, ""30"": 0, ""5"": 0}",0.03842500000000001,"{""15"": 200, ""30"": 200, ""5"": 200}"
1e-06,240,32,right,mom_w2,0.5,0,0.9943,0.00042567001675041877,"{""15"": 199, ""30"": 200, ""5"": 200}",,"{""15"": 1, ""30"": 0, ""5"": 0}",,"{""15"": 1, ""30"": 0, ""5"": 0}",0.005700000000000001,"{""15"": 200, ""30"": 200, ""5"": 200}"
