alpha,trial,extrapolation_dist,target_q,alpha_hat,delta_alpha,loss_pilot,log_tail_error,theoretical_exponent
0.05,0,10,20,0.09033379318925829,0.04033379318925828,0.003099649055521979,2.065449582476872,1.6133517275703313
0.05,0,20,30,0.09033379318925829,0.04033379318925828,0.003099649055521979,2.872125446262037,2.420027591355497
0.05,0,30,40,0.09033379318925829,0.04033379318925828,0.003099649055521979,3.6788013100472026,3.2267034551406626
0.05,0,40,50,0.09033379318925829,0.04033379318925828,0.003099649055521979,4.485477173832368,4.033379318925828
0.05,0,50,60,0.09033379318925829,0.04033379318925828,0.003099649055521979,5.292153037617535,4.840055182710994
0.05,0,60,70,0.09033379318925829,0.04033379318925828,0.003099649055521979,6.0988289014027,5.64673104649616
0.05,0,70,80,0.09033379318925829,0.04033379318925828,0.003099649055521979,6.905504765187865,6.453406910281325
0.05,1,10,20,0.07191797739378757,0.021917977393787563,0.0013469887589113677,1.1187496317542802,0.8767190957515025
0.05,1,20,30,0.07191797739378757,0.021917977393787563,0.0013469887589113677,1.557109179630031,1.315078643627254
0.05,1,30,40,0.07191797739378757,0.021917977393787563,0.0013469887589113677,1.9954687275057825,1.753438191503005
0.05,1,40,50,0.07191797739378757,0.021917977393787563,0.0013469887589113677,2.433828275381534,2.191797739378756
0.05,1,50,60,0.07191797739378757,0.021917977393787563,0.0013469887589113677,2.8721878232572853,2.630157287254508
0.05,1,60,70,0.07191797739378757,0.021917977393787563,0.0013469887589113677,3.310547371133036,3.068516835130259
0.05,1,70,80,0.07191797739378757,0.021917977393787563,0.0013469887589113677,3.748906919008788,3.50687638300601
0.05,2,10,20,0.09771618958515127,0.04771618958515127,0.005700963564745862,2.43214991162033,1.9086475834060508
0.05,2,20,30,0.09771618958515127,0.04771618958515127,0.005700963564745862,3.3864737033233543,2.862971375109076
0.05,2,30,40,0.09771618958515127,0.04771618958515127,0.005700963564745862,4.340797495026381,3.8172951668121016
0.05,2,40,50,0.09771618958515127,0.04771618958515127,0.005700963564745862,5.295121286729406,4.771618958515127
0.05,2,50,60,0.09771618958515127,0.04771618958515127,0.005700963564745862,6.249445078432432,5.725942750218152
0.05,2,60,70,0.09771618958515127,0.04771618958515127,0.005700963564745862,7.203768870135456,6.680266541921178
0.05,2,70,80,0.09771618958515127,0.04771618958515127,0.005700963564745862,8.15809266183848,7.634590333624203
0.05,3,10,20,0.10694906421504155,0.05694906421504155,0.013291685872024794,2.88283217683862,2.277962568601662
0.05,3,20,30,0.10694906421504155,0.05694906421504155,0.013291685872024794,4.02181346113945,3.416943852902493
0.05,3,30,40,0.10694906421504155,0.05694906421504155,0.013291685872024794,5.160794745440281,4.555925137203324
0.05,3,40,50,0.10694906421504155,0.05694906421504155,0.013291685872024794,6.299776029741112,5.694906421504155
0.05,3,50,60,0.10694906421504155,0.05694906421504155,0.013291685872024794,7.438757314041943,6.833887705804986
0.05,3,60,70,0.10694906421504155,0.05694906421504155,0.013291685872024794,8.577738598342773,7.972868990105817
0.05,3,70,80,0.10694906421504155,0.05694906421504155,0.013291685872024794,9.716719882643606,9.111850274406647
0.05,4,10,20,0.09507829287165724,0.04507829287165724,0.005751895678318869,2.301820665520967,1.8031317148662895
0.05,4,20,30,0.09507829287165724,0.04507829287165724,0.005751895678318869,3.2033865229541116,2.7046975722994344
0.05,4,30,40,0.09507829287165724,0.04507829287165724,0.005751895678318869,4.104952380387257,3.606263429732579
0.05,4,40,50,0.09507829287165724,0.04507829287165724,0.005751895678318869,5.006518237820401,4.507829287165724
0.05,4,50,60,0.09507829287165724,0.04507829287165724,0.005751895678318869,5.908084095253546,5.409395144598869
0.05,4,60,70,0.09507829287165724,0.04507829287165724,0.005751895678318869,6.80964995268669,6.3109610020320135
0.05,4,70,80,0.09507829287165724,0.04507829287165724,0.005751895678318869,7.7112158101198345,7.212526859465158
0.05,5,10,20,0.0926363049472851,0.0426363049472851,0.0016318320367539763,2.1804872210478514,1.705452197891404
0.05,5,20,30,0.0926363049472851,0.0426363049472851,0.0016318320367539763,3.0332133199935534,2.558178296837106
0.05,5,30,40,0.0926363049472851,0.0426363049472851,0.0016318320367539763,3.885939418939255,3.410904395782808
0.05,5,40,50,0.0926363049472851,0.0426363049472851,0.0016318320367539763,4.738665517884957,4.26363049472851
0.05,5,50,60,0.0926363049472851,0.0426363049472851,0.0016318320367539763,5.591391616830659,5.116356593674212
0.05,5,60,70,0.0926363049472851,0.0426363049472851,0.0016318320367539763,6.44411771577636,5.969082692619914
0.05,5,70,80,0.0926363049472851,0.0426363049472851,0.0016318320367539763,7.296843814722062,6.821808791565616
0.05,6,10,20,0.07528374568842909,0.025283745688429088,0.0015588942733038868,1.2958351239322756,1.0113498275371635
0.05,6,20,30,0.07528374568842909,0.025283745688429088,0.0015588942733038868,1.8015100377008575,1.5170247413057454
0.05,6,30,40,0.07528374568842909,0.025283745688429088,0.0015588942733038868,2.307184951469439,2.022699655074327
0.05,6,40,50,0.07528374568842909,0.025283745688429088,0.0015588942733038868,2.812859865238021,2.5283745688429087
0.05,6,50,60,0.07528374568842909,0.025283745688429088,0.0015588942733038868,3.3185347790066024,3.0340494826114908
0.05,6,60,70,0.07528374568842909,0.025283745688429088,0.0015588942733038868,3.8242096927751836,3.5397243963800724
0.05,6,70,80,0.07528374568842909,0.025283745688429088,0.0015588942733038868,4.329884606543765,4.045399310148654
0.05,7,10,20,0.09189054656526348,0.041890546565263476,0.0010054372964343448,2.1432967523989457,1.675621862610539
0.05,7,20,30,0.09189054656526348,0.041890546565263476,0.0010054372964343448,2.9811076837042148,2.5134327939158085
0.05,7,30,40,0.09189054656526348,0.041890546565263476,0.0010054372964343448,3.8189186150094847,3.351243725221078
0.05,7,40,50,0.09189054656526348,0.041890546565263476,0.0010054372964343448,4.656729546314754,4.189054656526348
0.05,7,50,60,0.09189054656526348,0.041890546565263476,0.0010054372964343448,5.494540477620024,5.026865587831617
0.05,7,60,70,0.09189054656526348,0.041890546565263476,0.0010054372964343448,6.332351408925292,5.864676519136887
0.05,7,70,80,0.09189054656526348,0.041890546565263476,0.0010054372964343448,7.170162340230562,6.702487450442156
0.05,8,10,20,0.08421490307856311,0.034214903078563105,0.0022091906023720825,1.7564952301271968,1.3685961231425243
0.05,8,20,30,0.08421490307856311,0.034214903078563105,0.0022091906023720825,2.4407932916984585,2.0528941847137863
0.05,8,30,40,0.08421490307856311,0.034214903078563105,0.0022091906023720825,3.125091353269721,2.7371922462850486
0.05,8,40,50,0.08421490307856311,0.034214903078563105,0.0022091906023720825,3.809389414840983,3.4214903078563106
0.05,8,50,60,0.08421490307856311,0.034214903078563105,0.0022091906023720825,4.493687476412246,4.1057883694275725
0.05,8,60,70,0.08421490307856311,0.034214903078563105,0.0022091906023720825,5.177985537983507,4.7900864309988345
0.05,8,70,80,0.08421490307856311,0.034214903078563105,0.0022091906023720825,5.862283599554769,5.474384492570097
0.05,9,10,20,0.08700596114756666,0.03700596114756666,0.000801278218725546,1.898030837290257,1.4802384459026663
0.05,9,20,30,0.08700596114756666,0.03700596114756666,0.000801278218725546,2.63815006024159,2.2203576688539997
0.05,9,30,40,0.08700596114756666,0.03700596114756666,0.000801278218725546,3.3782692831929233,2.9604768918053326
0.05,9,40,50,0.08700596114756666,0.03700596114756666,0.000801278218725546,4.118388506144257,3.7005961147566655
0.05,9,50,60,0.08700596114756666,0.03700596114756666,0.000801278218725546,4.8585077290955905,4.440715337707999
0.05,9,60,70,0.08700596114756666,0.03700596114756666,0.000801278218725546,5.598626952046922,5.180834560659332
0.05,9,70,80,0.08700596114756666,0.03700596114756666,0.000801278218725546,6.338746174998255,5.920953783610665
0.05,10,10,20,0.08215092640383763,0.032150926403837626,0.0021078149866723623,1.6511291566305062,1.286037056153505
0.05,10,20,30,0.08215092640383763,0.032150926403837626,0.0021078149866723623,2.294147684707258,1.9290555842302575
0.05,10,30,40,0.08215092640383763,0.032150926403837626,0.0021078149866723623,2.937166212784011,2.57207411230701
0.05,10,40,50,0.08215092640383763,0.032150926403837626,0.0021078149866723623,3.5801847408607634,3.2150926403837627
0.05,10,50,60,0.08215092640383763,0.032150926403837626,0.0021078149866723623,4.223203268937516,3.858111168460515
0.05,10,60,70,0.08215092640383763,0.032150926403837626,0.0021078149866723623,4.866221797014268,4.501129696537268
0.05,10,70,80,0.08215092640383763,0.032150926403837626,0.0021078149866723623,5.509240325091022,5.14414822461402
0.05,11,10,20,0.09468562525120428,0.04468562525120427,0.0002683223234810642,2.28235572524812,1.787425010048171
0.05,11,20,30,0.09468562525120428,0.04468562525120427,0.0002683223234810642,3.176068230272205,2.6811375150722565
0.05,11,30,40,0.09468562525120428,0.04468562525120427,0.0002683223234810642,4.069780735296291,3.574850020096342
0.05,11,40,50,0.09468562525120428,0.04468562525120427,0.0002683223234810642,4.963493240320377,4.4685625251204275
0.05,11,50,60,0.09468562525120428,0.04468562525120427,0.0002683223234810642,5.857205745344462,5.362275030144513
0.05,11,60,70,0.09468562525120428,0.04468562525120427,0.0002683223234810642,6.750918250368547,6.2559875351685985
0.05,11,70,80,0.09468562525120428,0.04468562525120427,0.0002683223234810642,7.644630755392632,7.149700040192684
0.05,12,10,20,0.08647566391044466,0.036475663910444656,0.0012301634896680813,1.8712203169566828,1.4590265564177862
0.05,12,20,30,0.08647566391044466,0.036475663910444656,0.0012301634896680813,2.600733595165576,2.1885398346266793
0.05,12,30,40,0.08647566391044466,0.036475663910444656,0.0012301634896680813,3.330246873374469,2.9180531128355724
0.05,12,40,50,0.08647566391044466,0.036475663910444656,0.0012301634896680813,4.059760151583362,3.6475663910444656
0.05,12,50,60,0.08647566391044466,0.036475663910444656,0.0012301634896680813,4.789273429792257,4.377079669253359
0.05,12,60,70,0.08647566391044466,0.036475663910444656,0.0012301634896680813,5.518786708001149,5.106592947462252
0.05,12,70,80,0.08647566391044466,0.036475663910444656,0.0012301634896680813,6.248299986210042,5.836106225671145
0.05,13,10,20,0.10156810410198654,0.051568104101986534,0.0011645538420194544,2.621164728236326,2.0627241640794614
0.05,13,20,30,0.10156810410198654,0.051568104101986534,0.0011645538420194544,3.6525268102760564,3.094086246119192
0.05,13,30,40,0.10156810410198654,0.051568104101986534,0.0011645538420194544,4.683888892315787,4.125448328158923
0.05,13,40,50,0.10156810410198654,0.051568104101986534,0.0011645538420194544,5.715250974355518,5.156810410198654
0.05,13,50,60,0.10156810410198654,0.051568104101986534,0.0011645538420194544,6.746613056395249,6.188172492238384
0.05,13,60,70,0.10156810410198654,0.051568104101986534,0.0011645538420194544,7.77797513843498,7.219534574278114
0.05,13,70,80,0.10156810410198654,0.051568104101986534,0.0011645538420194544,8.80933722047471,8.250896656317845
0.05,14,10,20,0.08904336349269092,0.03904336349269091,0.0005944334743139998,2.0006961245240444,1.5617345397076365
0.05,14,20,30,0.08904336349269092,0.03904336349269091,0.0005944334743139998,2.7815633943778626,2.342601809561455
0.05,14,30,40,0.08904336349269092,0.03904336349269091,0.0005944334743139998,3.5624306642316808,3.123469079415273
0.05,14,40,50,0.08904336349269092,0.03904336349269091,0.0005944334743139998,4.3432979340854985,3.9043363492690912
0.05,14,50,60,0.08904336349269092,0.03904336349269091,0.0005944334743139998,5.124165203939318,4.68520361912291
0.05,14,60,70,0.08904336349269092,0.03904336349269091,0.0005944334743139998,5.905032473793136,5.466070888976728
0.05,14,70,80,0.08904336349269092,0.03904336349269091,0.0005944334743139998,6.685899743646954,6.246938158830546
0.05,15,10,20,0.08574620399326661,0.03574620399326661,0.0010182952050044832,1.8342792368600684,1.4298481597306645
0.05,15,20,30,0.08574620399326661,0.03574620399326661,0.0010182952050044832,2.5492033167254005,2.144772239595997
0.05,15,30,40,0.08574620399326661,0.03574620399326661,0.0010182952050044832,3.2641273965907325,2.859696319461329
0.05,15,40,50,0.08574620399326661,0.03574620399326661,0.0010182952050044832,3.9790514764560654,3.574620399326661
0.05,15,50,60,0.08574620399326661,0.03574620399326661,0.0010182952050044832,4.693975556321398,4.289544479191994
0.05,15,60,70,0.08574620399326661,0.03574620399326661,0.0010182952050044832,5.408899636186729,5.004468559057326
0.05,15,70,80,0.08574620399326661,0.03574620399326661,0.0010182952050044832,6.123823716052061,5.719392638922658
0.05,16,10,20,0.09193542583038418,0.041935425830384176,0.0014165188567528315,2.145536697885693,1.677417033215367
0.05,16,20,30,0.09193542583038418,0.041935425830384176,0.0014165188567528315,2.984245214493376,2.516125549823051
0.05,16,30,40,0.09193542583038418,0.041935425830384176,0.0014165188567528315,3.8229537311010593,3.354834066430734
0.05,16,40,50,0.09193542583038418,0.041935425830384176,0.0014165188567528315,4.661662247708744,4.193542583038417
0.05,16,50,60,0.09193542583038418,0.041935425830384176,0.0014165188567528315,5.500370764316427,5.032251099646102
0.05,16,60,70,0.09193542583038418,0.041935425830384176,0.0014165188567528315,6.33907928092411,5.870959616253785
0.05,16,70,80,0.09193542583038418,0.041935425830384176,0.0014165188567528315,7.177787797531793,6.709668132861468
0.05,17,10,20,0.08439532409748086,0.03439532409748086,0.0013933362342483024,1.7656768142122263,1.3758129638992345
0.05,17,20,30,0.08439532409748086,0.03439532409748086,0.0013933362342483024,2.4535832961618436,2.063719445848852
0.05,17,30,40,0.08439532409748086,0.03439532409748086,0.0013933362342483024,3.141489778111461,2.751625927798469
0.05,17,40,50,0.08439532409748086,0.03439532409748086,0.0013933362342483024,3.829396260061078,3.439532409748086
0.05,17,50,60,0.08439532409748086,0.03439532409748086,0.0013933362342483024,4.5173027420106955,4.127438891697704
0.05,17,60,70,0.08439532409748086,0.03439532409748086,0.0013933362342483024,5.2052092239603125,4.815345373647321
0.05,17,70,80,0.08439532409748086,0.03439532409748086,0.0013933362342483024,5.89311570590993,5.503251855596938
0.05,18,10,20,0.10339348055627981,0.05339348055627981,0.0058471067982826894,2.7102290811988583,2.135739222251192
0.05,18,20,30,0.10339348055627981,0.05339348055627981,0.0058471067982826894,3.778098692324454,3.2036088333767885
0.05,18,30,40,0.10339348055627981,0.05339348055627981,0.0058471067982826894,4.84596830345005,4.271478444502384
0.05,18,40,50,0.10339348055627981,0.05339348055627981,0.0058471067982826894,5.913837914575646,5.339348055627981
0.05,18,50,60,0.10339348055627981,0.05339348055627981,0.0058471067982826894,6.981707525701244,6.407217666753577
0.05,18,60,70,0.10339348055627981,0.05339348055627981,0.0058471067982826894,8.049577136826837,7.475087277879173
0.05,18,70,80,0.10339348055627981,0.05339348055627981,0.0058471067982826894,9.117446747952435,8.542956889004769
0.05,19,10,20,0.08271697749147769,0.032716977491477686,0.0006817179441977585,1.680087445613536,1.3086790996591073
0.05,19,20,30,0.08271697749147769,0.032716977491477686,0.0006817179441977585,2.3344269954430894,1.9630186494886612
0.05,19,30,40,0.08271697749147769,0.032716977491477686,0.0006817179441977585,2.9887665452726435,2.6173581993182147
0.05,19,40,50,0.08271697749147769,0.032716977491477686,0.0006817179441977585,3.643106095102197,3.271697749147769
0.05,19,50,60,0.08271697749147769,0.032716977491477686,0.0006817179441977585,4.29744564493175,3.9260372989773225
0.05,19,60,70,0.08271697749147769,0.032716977491477686,0.0006817179441977585,4.951785194761304,4.580376848806876
0.05,19,70,80,0.08271697749147769,0.032716977491477686,0.0006817179441977585,5.606124744590859,5.234716398636429
0.05,20,10,20,0.09442410509825869,0.044424105098258684,0.0022261386742424487,2.269382396516162,1.7769642039303473
0.05,20,20,30,0.09442410509825869,0.044424105098258684,0.0022261386742424487,3.1578644984813353,2.665446305895521
0.05,20,30,40,0.09442410509825869,0.044424105098258684,0.0022261386742424487,4.04634660044651,3.5539284078606945
0.05,20,40,50,0.09442410509825869,0.044424105098258684,0.0022261386742424487,4.934828702411682,4.442410509825868
0.05,20,50,60,0.09442410509825869,0.044424105098258684,0.0022261386742424487,5.823310804376856,5.330892611791042
0.05,20,60,70,0.09442410509825869,0.044424105098258684,0.0022261386742424487,6.711792906342031,6.219374713756216
0.05,20,70,80,0.09442410509825869,0.044424105098258684,0.0022261386742424487,7.600275008307205,7.107856815721389
0.05,21,10,20,0.09132620057421331,0.04132620057421331,0.0006430011634753655,2.115109596676164,1.6530480229685325
0.05,21,20,30,0.09132620057421331,0.04132620057421331,0.0006430011634753655,2.94163360816043,2.4795720344527985
0.05,21,30,40,0.09132620057421331,0.04132620057421331,0.0006430011634753655,3.7681576196446964,3.306096045937065
0.05,21,40,50,0.09132620057421331,0.04132620057421331,0.0006430011634753655,4.594681631128962,4.132620057421331
0.05,21,50,60,0.09132620057421331,0.04132620057421331,0.0006430011634753655,5.421205642613229,4.959144068905597
0.05,21,60,70,0.09132620057421331,0.04132620057421331,0.0006430011634753655,6.247729654097495,5.785668080389863
0.05,21,70,80,0.09132620057421331,0.04132620057421331,0.0006430011634753655,7.07425366558176,6.61219209187413
0.05,22,10,20,0.07398455062912314,0.023984550629123136,0.0022769009859617446,1.227726252509938,0.9593820251649254
0.05,22,20,30,0.07398455062912314,0.023984550629123136,0.0022769009859617446,1.7074172650924004,1.4390730377473882
0.05,22,30,40,0.07398455062912314,0.023984550629123136,0.0022769009859617446,2.1871082776748634,1.9187640503298509
0.05,22,40,50,0.07398455062912314,0.023984550629123136,0.0022769009859617446,2.6667992902573254,2.398455062912314
0.05,22,50,60,0.07398455062912314,0.023984550629123136,0.0022769009859617446,3.1464903028397884,2.8781460754947763
0.05,22,60,70,0.07398455062912314,0.023984550629123136,0.0022769009859617446,3.6261813154222517,3.357837088077239
0.05,22,70,80,0.07398455062912314,0.023984550629123136,0.0022769009859617446,4.105872328004714,3.8375281006597017
0.05,23,10,20,0.08067386819155721,0.030673868191557208,0.003119792614677365,1.5753404076436308,1.2269547276622883
0.05,23,20,30,0.08067386819155721,0.030673868191557208,0.003119792614677365,2.1888177714747745,1.8404320914934325
0.05,23,30,40,0.08067386819155721,0.030673868191557208,0.003119792614677365,2.802295135305919,2.4539094553245766
0.05,23,40,50,0.08067386819155721,0.030673868191557208,0.003119792614677365,3.4157724991370633,3.067386819155721
0.05,23,50,60,0.08067386819155721,0.030673868191557208,0.003119792614677365,4.029249862968207,3.680864182986865
0.05,23,60,70,0.08067386819155721,0.030673868191557208,0.003119792614677365,4.642727226799351,4.294341546818009
0.05,23,70,80,0.08067386819155721,0.030673868191557208,0.003119792614677365,5.256204590630495,4.907818910649153
0.05,24,10,20,0.08989880696263856,0.03989880696263856,0.0008378462632578248,2.043645108076597,1.5959522785055424
0.05,24,20,30,0.08989880696263856,0.03989880696263856,0.0008378462632578248,2.841621247329368,2.3939284177583136
0.05,24,30,40,0.08989880696263856,0.03989880696263856,0.0008378462632578248,3.6395973865821394,3.191904557011085
0.05,24,40,50,0.08989880696263856,0.03989880696263856,0.0008378462632578248,4.43757352583491,3.989880696263856
0.05,24,50,60,0.08989880696263856,0.03989880696263856,0.0008378462632578248,5.235549665087682,4.787856835516627
0.05,24,60,70,0.08989880696263856,0.03989880696263856,0.0008378462632578248,6.033525804340452,5.585832974769398
0.05,24,70,80,0.08989880696263856,0.03989880696263856,0.0008378462632578248,6.831501943593225,6.38380911402217
0.05,25,10,20,0.0936696822782515,0.04366968227825149,0.0014746873265788622,2.2319144542123457,1.7467872911300597
0.05,25,20,30,0.0936696822782515,0.04366968227825149,0.0014746873265788622,3.105308099777375,2.6201809366950894
0.05,25,30,40,0.0936696822782515,0.04366968227825149,0.0014746873265788622,3.978701745342405,3.4935745822601194
0.05,25,40,50,0.0936696822782515,0.04366968227825149,0.0014746873265788622,4.852095390907435,4.366968227825149
0.05,25,50,60,0.0936696822782515,0.04366968227825149,0.0014746873265788622,5.7254890364724655,5.240361873390179
0.05,25,60,70,0.0936696822782515,0.04366968227825149,0.0014746873265788622,6.598882682037494,6.113755518955209
0.05,25,70,80,0.0936696822782515,0.04366968227825149,0.0014746873265788622,7.472276327602525,6.987149164520239
0.05,26,10,20,0.0988593787383652,0.0488593787383652,0.005226706368896527,2.488402889504652,1.954375149534608
0.05,26,20,30,0.0988593787383652,0.0488593787383652,0.005226706368896527,3.465590464271956,2.931562724301912
0.05,26,30,40,0.0988593787383652,0.0488593787383652,0.005226706368896527,4.4427780390392595,3.908750299069216
0.05,26,40,50,0.0988593787383652,0.0488593787383652,0.005226706368896527,5.419965613806564,4.88593787383652
0.05,26,50,60,0.0988593787383652,0.0488593787383652,0.005226706368896527,6.397153188573869,5.863125448603824
0.05,26,60,70,0.0988593787383652,0.0488593787383652,0.005226706368896527,7.374340763341171,6.840313023371127
0.05,26,70,80,0.0988593787383652,0.0488593787383652,0.005226706368896527,8.351528338108476,7.817500598138432
0.05,27,10,20,0.10337965383360159,0.05337965383360159,0.004498351852918016,2.7095556247579924,2.1351861533440637
0.05,27,20,30,0.10337965383360159,0.05337965383360159,0.004498351852918016,3.7771487014300242,3.2027792300160955
0.05,27,30,40,0.10337965383360159,0.05337965383360159,0.004498351852918016,4.8447417781020565,4.270372306688127
0.05,27,40,50,0.10337965383360159,0.05337965383360159,0.004498351852918016,5.9123348547740875,5.337965383360159
0.05,27,50,60,0.10337965383360159,0.05337965383360159,0.004498351852918016,6.97992793144612,6.405558460032191
0.05,27,60,70,0.10337965383360159,0.05337965383360159,0.004498351852918016,8.04752100811815,7.473151536704223
0.05,27,70,80,0.10337965383360159,0.05337965383360159,0.004498351852918016,9.115114084790182,8.540744613376255
0.05,28,10,20,0.08499382067571819,0.034993820675718185,0.0006110180050930908,1.7961016266958032,1.3997528270287274
0.05,28,20,30,0.08499382067571819,0.034993820675718185,0.0006110180050930908,2.495978040210167,2.099629240543091
0.05,28,30,40,0.08499382067571819,0.034993820675718185,0.0006110180050930908,3.195854453724531,2.7995056540574548
0.05,28,40,50,0.08499382067571819,0.034993820675718185,0.0006110180050930908,3.895730867238895,3.4993820675718186
0.05,28,50,60,0.08499382067571819,0.034993820675718185,0.0006110180050930908,4.595607280753258,4.199258481086182
0.05,28,60,70,0.08499382067571819,0.034993820675718185,0.0006110180050930908,5.295483694267621,4.899134894600546
0.05,28,70,80,0.08499382067571819,0.034993820675718185,0.0006110180050930908,5.995360107781985,5.5990113081149095
0.05,29,10,20,0.10477641203915941,0.05477641203915941,0.003427623393637876,2.777498116412253,2.1910564815663762
0.05,29,20,30,0.10477641203915941,0.05477641203915941,0.003427623393637876,3.873026357195441,3.2865847223495646
0.05,29,30,40,0.10477641203915941,0.05477641203915941,0.003427623393637876,4.968554597978629,4.3821129631327524
0.05,29,40,50,0.10477641203915941,0.05477641203915941,0.003427623393637876,6.064082838761816,5.477641203915941
0.05,29,50,60,0.10477641203915941,0.05477641203915941,0.003427623393637876,7.159611079545005,6.573169444699129
0.05,29,60,70,0.10477641203915941,0.05477641203915941,0.003427623393637876,8.255139320328194,7.668697685482317
0.05,29,70,80,0.10477641203915941,0.05477641203915941,0.003427623393637876,9.350667561111383,8.764225926265505
0.05,30,10,20,0.09051111788631623,0.04051111788631623,0.0013645446143138258,2.07433165734102,1.6204447154526491
0.05,30,20,30,0.09051111788631623,0.04051111788631623,0.0013645446143138258,2.8845540150673443,2.4306670731789737
0.05,30,30,40,0.09051111788631623,0.04051111788631623,0.0013645446143138258,3.6947763727936684,3.2408894309052982
0.05,30,40,50,0.09051111788631623,0.04051111788631623,0.0013645446143138258,4.504998730519993,4.051111788631623
0.05,30,50,60,0.09051111788631623,0.04051111788631623,0.0013645446143138258,5.315221088246318,4.861334146357947
0.05,30,60,70,0.09051111788631623,0.04051111788631623,0.0013645446143138258,6.125443445972642,5.671556504084272
0.05,30,70,80,0.09051111788631623,0.04051111788631623,0.0013645446143138258,6.935665803698966,6.4817788618105965
0.05,31,10,20,0.08892203132302448,0.03892203132302448,0.00029805895688243177,1.994597024878637,1.556881252920979
0.05,31,20,30,0.08892203132302448,0.03892203132302448,0.00029805895688243177,2.7730376513391266,2.3353218793814685
0.05,31,30,40,0.08892203132302448,0.03892203132302448,0.00029805895688243177,3.551478277799616,3.113762505841958
0.05,31,40,50,0.08892203132302448,0.03892203132302448,0.00029805895688243177,4.329918904260106,3.892203132302448
0.05,31,50,60,0.08892203132302448,0.03892203132302448,0.00029805895688243177,5.1083595307205965,4.670643758762937
0.05,31,60,70,0.08892203132302448,0.03892203132302448,0.00029805895688243177,5.886800157181084,5.4490843852234265
0.05,31,70,80,0.08892203132302448,0.03892203132302448,0.00029805895688243177,6.665240783641575,6.227525011683916
0.05,32,10,20,0.09039617511621079,0.040396175116210783,0.0023382532349477316,2.0685746886401573,1.6158470046484315
0.05,32,20,30,0.09039617511621079,0.040396175116210783,0.0023382532349477316,2.8764981909643725,2.423770506972647
0.05,32,30,40,0.09039617511621079,0.040396175116210783,0.0023382532349477316,3.6844216932885883,3.231694009296863
0.05,32,40,50,0.09039617511621079,0.040396175116210783,0.0023382532349477316,4.492345195612804,4.039617511621079
0.05,32,50,60,0.09039617511621079,0.040396175116210783,0.0023382532349477316,5.300268697937019,4.847541013945294
0.05,32,60,70,0.09039617511621079,0.040396175116210783,0.0023382532349477316,6.108192200261235,5.65546451626951
0.05,32,70,80,0.09039617511621079,0.040396175116210783,0.0023382532349477316,6.91611570258545,6.463388018593726
0.05,33,10,20,0.07727451296962795,0.027274512969627948,0.00043206112756361237,1.3996255809146887,1.090980518785118
0.05,33,20,30,0.07727451296962795,0.027274512969627948,0.00043206112756361237,1.9451158403072477,1.6364707781776768
0.05,33,30,40,0.07727451296962795,0.027274512969627948,0.00043206112756361237,2.4906060996998067,2.181961037570236
0.05,33,40,50,0.07727451296962795,0.027274512969627948,0.00043206112756361237,3.0360963590923657,2.7274512969627946
0.05,33,50,60,0.07727451296962795,0.027274512969627948,0.00043206112756361237,3.5815866184849248,3.2729415563553537
0.05,33,60,70,0.07727451296962795,0.027274512969627948,0.00043206112756361237,4.1270768778774825,3.8184318157479127
0.05,33,70,80,0.07727451296962795,0.027274512969627948,0.00043206112756361237,4.672567137270042,4.363922075140472
0.05,34,10,20,0.09690926985851776,0.04690926985851776,0.002738984354260824,2.392361810330831,1.8763707943407104
0.05,34,20,30,0.09690926985851776,0.04690926985851776,0.002738984354260824,3.3305472075011857,2.8145561915110657
0.05,34,30,40,0.09690926985851776,0.04690926985851776,0.002738984354260824,4.268732604671541,3.752741588681421
0.05,34,40,50,0.09690926985851776,0.04690926985851776,0.002738984354260824,5.206918001841897,4.690926985851776
0.05,34,50,60,0.09690926985851776,0.04690926985851776,0.002738984354260824,6.145103399012251,5.6291123830221315
0.05,34,60,70,0.09690926985851776,0.04690926985851776,0.002738984354260824,7.0832887961826065,6.567297780192487
0.05,34,70,80,0.09690926985851776,0.04690926985851776,0.002738984354260824,8.021474193352962,7.505483177362842
0.05,35,10,20,0.09854653291918096,0.04854653291918096,0.0015290871084425175,2.473022044745677,1.9418613167672383
0.05,35,20,30,0.09854653291918096,0.04854653291918096,0.0015290871084425175,3.443952703129296,2.9127919751508573
0.05,35,30,40,0.09854653291918096,0.04854653291918096,0.0015290871084425175,4.414883361512915,3.8837226335344766
0.05,35,40,50,0.09854653291918096,0.04854653291918096,0.0015290871084425175,5.385814019896536,4.854653291918096
0.05,35,50,60,0.09854653291918096,0.04854653291918096,0.0015290871084425175,6.356744678280155,5.825583950301715
0.05,35,60,70,0.09854653291918096,0.04854653291918096,0.0015290871084425175,7.327675336663773,6.796514608685334
0.05,35,70,80,0.09854653291918096,0.04854653291918096,0.0015290871084425175,8.298605995047392,7.767445267068953
0.05,36,10,20,0.09644576282246818,0.04644576282246818,0.0012518626783638875,2.3694757368740156,1.8578305128987271
0.05,36,20,30,0.09644576282246818,0.04644576282246818,0.0012518626783638875,3.298390993323379,2.786745769348091
0.05,36,30,40,0.09644576282246818,0.04644576282246818,0.0012518626783638875,4.227306249772742,3.7156610257974543
0.05,36,40,50,0.09644576282246818,0.04644576282246818,0.0012518626783638875,5.156221506222106,4.644576282246818
0.05,36,50,60,0.09644576282246818,0.04644576282246818,0.0012518626783638875,6.085136762671469,5.573491538696182
0.05,36,60,70,0.09644576282246818,0.04644576282246818,0.0012518626783638875,7.014052019120833,6.502406795145545
0.05,36,70,80,0.09644576282246818,0.04644576282246818,0.0012518626783638875,7.942967275570196,7.4313220515949086
0.05,37,10,20,0.09709076113908649,0.04709076113908649,0.001859753140651761,2.4013168791908366,1.8836304455634596
0.05,37,20,30,0.09709076113908649,0.04709076113908649,0.001859753140651761,3.3431321019725657,2.825445668345189
0.05,37,30,40,0.09709076113908649,0.04709076113908649,0.001859753140651761,4.284947324754295,3.767260891126919
0.05,37,40,50,0.09709076113908649,0.04709076113908649,0.001859753140651761,5.226762547536026,4.709076113908648
0.05,37,50,60,0.09709076113908649,0.04709076113908649,0.001859753140651761,6.168577770317755,5.650891336690378
0.05,37,60,70,0.09709076113908649,0.04709076113908649,0.001859753140651761,7.110392993099485,6.592706559472108
0.05,37,70,80,0.09709076113908649,0.04709076113908649,0.001859753140651761,8.052208215881215,7.534521782253838
0.05,38,10,20,0.08715588425557622,0.03715588425557621,0.0014290811706481918,1.9056038412703213,1.4862353702230484
0.05,38,20,30,0.08715588425557622,0.03715588425557621,0.0014290811706481918,2.6487215263818453,2.2293530553345726
0.05,38,30,40,0.08715588425557622,0.03715588425557621,0.0014290811706481918,3.39183921149337,2.972470740446097
0.05,38,40,50,0.08715588425557622,0.03715588425557621,0.0014290811706481918,4.134956896604894,3.7155884255576215
0.05,38,50,60,0.08715588425557622,0.03715588425557621,0.0014290811706481918,4.878074581716419,4.458706110669145
0.05,38,60,70,0.08715588425557622,0.03715588425557621,0.0014290811706481918,5.621192266827943,5.20182379578067
0.05,38,70,80,0.08715588425557622,0.03715588425557621,0.0014290811706481918,6.364309951939467,5.944941480892194
0.05,39,10,20,0.08990370144859634,0.03990370144859634,0.0012791320790196605,2.0438905825342064,1.5961480579438536
0.05,39,20,30,0.08990370144859634,0.03990370144859634,0.0012791320790196605,2.8419646115061328,2.3942220869157804
0.05,39,30,40,0.08990370144859634,0.03990370144859634,0.0012791320790196605,3.64003864047806,3.1922961158877072
0.05,39,40,50,0.08990370144859634,0.03990370144859634,0.0012791320790196605,4.438112669449987,3.990370144859634
0.05,39,50,60,0.08990370144859634,0.03990370144859634,0.0012791320790196605,5.236186698421914,4.788444173831561
0.05,39,60,70,0.08990370144859634,0.03990370144859634,0.0012791320790196605,6.03426072739384,5.586518202803488
0.05,39,70,80,0.08990370144859634,0.03990370144859634,0.0012791320790196605,6.832334756365767,6.3845922317754145
0.05,40,10,20,0.09209048462775754,0.04209048462775754,0.003347654319770388,2.1532739289127574,1.6836193851103016
0.05,40,20,30,0.09209048462775754,0.04209048462775754,0.003347654319770388,2.9950836214679075,2.525429077665452
0.05,40,30,40,0.09209048462775754,0.04209048462775754,0.003347654319770388,3.8368933140230586,3.3672387702206033
0.05,40,40,50,0.09209048462775754,0.04209048462775754,0.003347654319770388,4.678703006578209,4.209048462775754
0.05,40,50,60,0.09209048462775754,0.04209048462775754,0.003347654319770388,5.520512699133361,5.050858155330904
0.05,40,60,70,0.09209048462775754,0.04209048462775754,0.003347654319770388,6.362322391688511,5.892667847886055
0.05,40,70,80,0.09209048462775754,0.04209048462775754,0.003347654319770388,7.204132084243661,6.7344775404412065
0.05,41,10,20,0.08281410054215489,0.03281410054215489,0.0009029567148020201,1.6850513950798744,1.3125640216861956
0.05,41,20,30,0.08281410054215489,0.03281410054215489,0.0009029567148020201,2.3413334059229722,1.9688460325292934
0.05,41,30,40,0.08281410054215489,0.03281410054215489,0.0009029567148020201,2.99761541676607,2.625128043372391
0.05,41,40,50,0.08281410054215489,0.03281410054215489,0.0009029567148020201,3.653897427609168,3.281410054215489
0.05,41,50,60,0.08281410054215489,0.03281410054215489,0.0009029567148020201,4.310179438452266,3.9376920650585867
0.05,41,60,70,0.08281410054215489,0.03281410054215489,0.0009029567148020201,4.966461449295363,4.593974075901684
0.05,41,70,80,0.08281410054215489,0.03281410054215489,0.0009029567148020201,5.622743460138461,5.250256086744782
0.05,42,10,20,0.08680914774620856,0.036809147746208554,0.0010538229971348218,1.8880847856319962,1.4723659098483421
0.05,42,20,30,0.08680914774620856,0.036809147746208554,0.0010538229971348218,2.624267740556167,2.208548864772513
0.05,42,30,40,0.08680914774620856,0.036809147746208554,0.0010538229971348218,3.360450695480338,2.9447318196966843
0.05,42,40,50,0.08680914774620856,0.036809147746208554,0.0010538229971348218,4.0966336504045096,3.6809147746208555
0.05,42,50,60,0.08680914774620856,0.036809147746208554,0.0010538229971348218,4.832816605328681,4.417097729545026
0.05,42,60,70,0.08680914774620856,0.036809147746208554,0.0010538229971348218,5.568999560252851,5.153280684469197
0.05,42,70,80,0.08680914774620856,0.036809147746208554,0.0010538229971348218,6.305182515177022,5.889463639393369
0.05,43,10,20,0.09941217026270747,0.04941217026270747,0.0008792937512355044,2.515556133951312,1.9764868105082989
0.05,43,20,30,0.09941217026270747,0.04941217026270747,0.0008792937512355044,3.503799539205461,2.964730215762448
0.05,43,30,40,0.09941217026270747,0.04941217026270747,0.0008792937512355044,4.492042944459611,3.9529736210165978
0.05,43,40,50,0.09941217026270747,0.04941217026270747,0.0008792937512355044,5.48028634971376,4.941217026270747
0.05,43,50,60,0.09941217026270747,0.04941217026270747,0.0008792937512355044,6.468529754967909,5.929460431524896
0.05,43,60,70,0.09941217026270747,0.04941217026270747,0.0008792937512355044,7.456773160222059,6.917703836779046
0.05,43,70,80,0.09941217026270747,0.04941217026270747,0.0008792937512355044,8.445016565476209,7.9059472420331955
0.05,44,10,20,0.09478001288031775,0.04478001288031774,0.0013724237175343676,2.2870361777932193,1.7912005152127097
0.05,44,20,30,0.09478001288031775,0.04478001288031774,0.0013724237175343676,3.1826364353995737,2.6868007728190646
0.05,44,30,40,0.09478001288031775,0.04478001288031774,0.0013724237175343676,4.078236693005929,3.5824010304254195
0.05,44,40,50,0.09478001288031775,0.04478001288031774,0.0013724237175343676,4.973836950612284,4.478001288031774
0.05,44,50,60,0.09478001288031775,0.04478001288031774,0.0013724237175343676,5.869437208218638,5.373601545638129
0.05,44,60,70,0.09478001288031775,0.04478001288031774,0.0013724237175343676,6.765037465824993,6.269201803244484
0.05,44,70,80,0.09478001288031775,0.04478001288031774,0.0013724237175343676,7.660637723431347,7.164802060850839
0.05,45,10,20,0.09321538070806436,0.043215380708064355,0.001879368963199048,2.209320712685633,1.7286152283225742
0.05,45,20,30,0.09321538070806436,0.043215380708064355,0.001879368963199048,3.0736283268469196,2.592922842483861
0.05,45,30,40,0.09321538070806436,0.043215380708064355,0.001879368963199048,3.9379359410082064,3.4572304566451484
0.05,45,40,50,0.09321538070806436,0.043215380708064355,0.001879368963199048,4.802243555169493,4.321538070806436
0.05,45,50,60,0.09321538070806436,0.043215380708064355,0.001879368963199048,5.666551169330782,5.185845684967722
0.05,45,60,70,0.09321538070806436,0.043215380708064355,0.001879368963199048,6.530858783492067,6.0501532991290095
0.05,45,70,80,0.09321538070806436,0.043215380708064355,0.001879368963199048,7.395166397653354,6.914460913290297
0.05,46,10,20,0.07583573572197966,0.025835735721979655,0.0013753752664966165,1.3246820109714268,1.0334294288791863
0.05,46,20,30,0.07583573572197966,0.025835735721979655,0.0013753752664966165,1.8413967254110197,1.5501441433187793
0.05,46,30,40,0.07583573572197966,0.025835735721979655,0.0013753752664966165,2.3581114398506133,2.0668588577583726
0.05,46,40,50,0.07583573572197966,0.025835735721979655,0.0013753752664966165,2.8748261542902056,2.5835735721979654
0.05,46,50,60,0.07583573572197966,0.025835735721979655,0.0013753752664966165,3.3915408687297997,3.1002882866375585
0.05,46,60,70,0.07583573572197966,0.025835735721979655,0.0013753752664966165,3.9082555831693915,3.6170030010771517
0.05,46,70,80,0.07583573572197966,0.025835735721979655,0.0013753752664966165,4.4249702976089855,4.133717715516745
0.05,47,10,20,0.08267061474177632,0.03267061474177632,0.0017836824210634762,1.6777173652533421,1.3068245896710529
0.05,47,20,30,0.08267061474177632,0.03267061474177632,0.0017836824210634762,2.3311296600888682,1.9602368845065792
0.05,47,30,40,0.08267061474177632,0.03267061474177632,0.0017836824210634762,2.9845419549243952,2.6136491793421057
0.05,47,40,50,0.08267061474177632,0.03267061474177632,0.0017836824210634762,3.6379542497599213,3.2670614741776323
0.05,47,50,60,0.08267061474177632,0.03267061474177632,0.0017836824210634762,4.291366544595448,3.9204737690131584
0.05,47,60,70,0.08267061474177632,0.03267061474177632,0.0017836824210634762,4.944778839430975,4.573886063848685
0.05,47,70,80,0.08267061474177632,0.03267061474177632,0.0017836824210634762,5.598191134266501,5.227298358684211
0.05,48,10,20,0.08417113567654409,0.03417113567654409,0.002460474206439143,1.754267227741269,1.3668454270617636
0.05,48,20,30,0.08417113567654409,0.03417113567654409,0.002460474206439143,2.43768994127215,2.0502681405926455
0.05,48,30,40,0.08417113567654409,0.03417113567654409,0.002460474206439143,3.121112654803032,2.733690854123527
0.05,48,40,50,0.08417113567654409,0.03417113567654409,0.002460474206439143,3.8045353683339145,3.417113567654409
0.05,48,50,60,0.08417113567654409,0.03417113567654409,0.002460474206439143,4.487958081864797,4.100536281185291
0.05,48,60,70,0.08417113567654409,0.03417113567654409,0.002460474206439143,5.1713807953956765,4.783958994716173
0.05,48,70,80,0.08417113567654409,0.03417113567654409,0.002460474206439143,5.854803508926559,5.467381708247054
0.05,49,10,20,0.09174603272950263,0.04174603272950263,0.0021013529249314556,2.1360823807444915,1.669841309180105
0.05,49,20,30,0.09174603272950263,0.04174603272950263,0.0021013529249314556,2.9710030353345434,2.5047619637701577
0.05,49,30,40,0.09174603272950263,0.04174603272950263,0.0021013529249314556,3.805923689924596,3.33968261836021
0.05,49,40,50,0.09174603272950263,0.04174603272950263,0.0021013529249314556,4.640844344514649,4.174603272950263
0.05,49,50,60,0.09174603272950263,0.04174603272950263,0.0021013529249314556,5.475764999104701,5.009523927540315
0.05,49,60,70,0.09174603272950263,0.04174603272950263,0.0021013529249314556,6.310685653694754,5.844444582130368
0.05,49,70,80,0.09174603272950263,0.04174603272950263,0.0021013529249314556,7.145606308284806,6.67936523672042
0.05,50,10,20,0.08329097713009175,0.03329097713009174,0.0005674555822274706,1.7094046601243065,1.3316390852036697
0.05,50,20,30,0.08329097713009175,0.03329097713009174,0.0005674555822274706,2.3752242027261414,1.9974586278055044
0.05,50,30,40,0.08329097713009175,0.03329097713009174,0.0005674555822274706,3.041043745327976,2.6632781704073394
0.05,50,40,50,0.08329097713009175,0.03329097713009174,0.0005674555822274706,3.7068632879298113,3.3290977130091743
0.05,50,50,60,0.08329097713009175,0.03329097713009174,0.0005674555822274706,4.372682830531646,3.994917255611009
0.05,50,60,70,0.08329097713009175,0.03329097713009174,0.0005674555822274706,5.03850237313348,4.660736798212844
0.05,50,70,80,0.08329097713009175,0.03329097713009174,0.0005674555822274706,5.704321915735316,5.326556340814679
0.05,51,10,20,0.0985904703952447,0.048590470395244695,0.0022234968855278513,2.4751828047491795,1.9436188158097878
0.05,51,20,30,0.0985904703952447,0.048590470395244695,0.0022234968855278513,3.4469922126540733,2.915428223714682
0.05,51,30,40,0.0985904703952447,0.048590470395244695,0.0022234968855278513,4.418801620558966,3.8872376316195756
0.05,51,40,50,0.0985904703952447,0.048590470395244695,0.0022234968855278513,5.390611028463862,4.859047039524469
0.05,51,50,60,0.0985904703952447,0.048590470395244695,0.0022234968855278513,6.362420436368755,5.830856447429364
0.05,51,60,70,0.0985904703952447,0.048590470395244695,0.0022234968855278513,7.334229844273648,6.802665855334257
0.05,51,70,80,0.0985904703952447,0.048590470395244695,0.0022234968855278513,8.306039252178543,7.774475263239151
0.05,52,10,20,0.0930637178053499,0.0430637178053499,0.0015616160043955818,2.201772812709137,1.722548712213996
0.05,52,20,30,0.0930637178053499,0.0430637178053499,0.0015616160043955818,3.063047168816135,2.583823068320994
0.05,52,30,40,0.0930637178053499,0.0430637178053499,0.0015616160043955818,3.924321524923133,3.445097424427992
0.05,52,40,50,0.0930637178053499,0.0430637178053499,0.0015616160043955818,4.785595881030131,4.30637178053499
0.05,52,50,60,0.0930637178053499,0.0430637178053499,0.0015616160043955818,5.646870237137129,5.167646136641988
0.05,52,60,70,0.0930637178053499,0.0430637178053499,0.0015616160043955818,6.508144593244126,6.028920492748986
0.05,52,70,80,0.0930637178053499,0.0430637178053499,0.0015616160043955818,7.369418949351124,6.890194848855984
0.05,53,10,20,0.08630204875197327,0.036302048751973265,0.0012256680066965822,1.8624346342037572,1.4520819500789306
0.05,53,20,30,0.08630204875197327,0.036302048751973265,0.0012256680066965822,2.5884756092432224,2.178122925118396
0.05,53,30,40,0.08630204875197327,0.036302048751973265,0.0012256680066965822,3.314516584282688,2.904163900157861
0.05,53,40,50,0.08630204875197327,0.036302048751973265,0.0012256680066965822,4.040557559322153,3.6302048751973266
0.05,53,50,60,0.08630204875197327,0.036302048751973265,0.0012256680066965822,4.766598534361618,4.356245850236792
0.05,53,60,70,0.08630204875197327,0.036302048751973265,0.0012256680066965822,5.492639509401083,5.082286825276257
0.05,53,70,80,0.08630204875197327,0.036302048751973265,0.0012256680066965822,6.218680484440548,5.808327800315722
0.05,54,10,20,0.08676735436074588,0.03676735436074588,0.001465676838592208,1.8859720793404093,1.4706941744298352
0.05,54,20,30,0.08676735436074588,0.03676735436074588,0.001465676838592208,2.6213191665553266,2.206041261644753
0.05,54,30,40,0.08676735436074588,0.03676735436074588,0.001465676838592208,3.356666253770245,2.9413883488596704
0.05,54,40,50,0.08676735436074588,0.03676735436074588,0.001465676838592208,4.092013340985162,3.676735436074588
0.05,54,50,60,0.08676735436074588,0.03676735436074588,0.001465676838592208,4.82736042820008,4.412082523289506
0.05,54,60,70,0.08676735436074588,0.03676735436074588,0.001465676838592208,5.5627075154149965,5.147429610504423
0.05,54,70,80,0.08676735436074588,0.03676735436074588,0.001465676838592208,6.298054602629914,5.882776697719341
0.05,55,10,20,0.081434959151851,0.031434959151851,0.0004885415752277336,1.614433455169899,1.2573983660740402
0.05,55,20,30,0.081434959151851,0.031434959151851,0.0004885415752277336,2.243132638206919,1.88609754911106
0.05,55,30,40,0.081434959151851,0.031434959151851,0.0004885415752277336,2.8718318212439393,2.5147967321480804
0.05,55,40,50,0.081434959151851,0.031434959151851,0.0004885415752277336,3.5005310042809596,3.1434959151851003
0.05,55,50,60,0.081434959151851,0.031434959151851,0.0004885415752277336,4.1292301873179795,3.77219509822212
0.05,55,60,70,0.081434959151851,0.031434959151851,0.0004885415752277336,4.757929370354998,4.4008942812591405
0.05,55,70,80,0.081434959151851,0.031434959151851,0.0004885415752277336,5.386628553392019,5.029593464296161
0.05,56,10,20,0.09029467520067051,0.04029467520067051,0.002518989541811754,2.063489671876997,1.6117870080268204
0.05,56,20,30,0.09029467520067051,0.04029467520067051,0.002518989541811754,2.8693831758904067,2.4176805120402305
0.05,56,30,40,0.09029467520067051,0.04029467520067051,0.002518989541811754,3.6752766799038166,3.223574016053641
0.05,56,40,50,0.09029467520067051,0.04029467520067051,0.002518989541811754,4.481170183917227,4.029467520067051
0.05,56,50,60,0.09029467520067051,0.04029467520067051,0.002518989541811754,5.2870636879306385,4.835361024080461
0.05,56,60,70,0.09029467520067051,0.04029467520067051,0.002518989541811754,6.0929571919440475,5.641254528093872
0.05,56,70,80,0.09029467520067051,0.04029467520067051,0.002518989541811754,6.898850695957457,6.447148032107282
0.05,57,10,20,0.0836137500693901,0.0336137500693901,0.0023496656643443165,1.7258695348529975,1.344550002775604
0.05,57,20,30,0.0836137500693901,0.0336137500693901,0.0023496656643443165,2.3981445362407996,2.0168250041634064
0.05,57,30,40,0.0836137500693901,0.0336137500693901,0.0023496656643443165,3.070419537628602,2.689100005551208
0.05,57,40,50,0.0836137500693901,0.0336137500693901,0.0023496656643443165,3.7426945390164037,3.36137500693901
0.05,57,50,60,0.0836137500693901,0.0336137500693901,0.0023496656643443165,4.414969540404206,4.033650008326813
0.05,57,60,70,0.0836137500693901,0.0336137500693901,0.0023496656643443165,5.087244541792008,4.705925009714615
0.05,57,70,80,0.0836137500693901,0.0336137500693901,0.0023496656643443165,5.7595195431798105,5.378200011102416
0.05,58,10,20,0.09852014630567332,0.04852014630567332,0.0017088665039268463,2.4717243069639143,1.9408058522269327
0.05,58,20,30,0.09852014630567332,0.04852014630567332,0.0017088665039268463,3.44212723307738,2.911208778340399
0.05,58,30,40,0.09852014630567332,0.04852014630567332,0.0017088665039268463,4.4125301591908475,3.8816117044538654
0.05,58,40,50,0.09852014630567332,0.04852014630567332,0.0017088665039268463,5.3829330853043125,4.852014630567332
0.05,58,50,60,0.09852014630567332,0.04852014630567332,0.0017088665039268463,6.353336011417779,5.822417556680798
0.05,58,60,70,0.09852014630567332,0.04852014630567332,0.0017088665039268463,7.323738937531245,6.792820482794265
0.05,58,70,80,0.09852014630567332,0.04852014630567332,0.0017088665039268463,8.294141863644711,7.763223408907731
0.05,59,10,20,0.10162196733363112,0.051621967333631114,0.002421702905915901,2.6237973929306486,2.0648786933452445
0.05,59,20,30,0.10162196733363112,0.051621967333631114,0.002421702905915901,3.6562367396032704,3.097318040017867
0.05,59,30,40,0.10162196733363112,0.051621967333631114,0.002421702905915901,4.688676086275892,4.129757386690489
0.05,59,40,50,0.10162196733363112,0.051621967333631114,0.002421702905915901,5.721115432948515,5.162196733363111
0.05,59,50,60,0.10162196733363112,0.051621967333631114,0.002421702905915901,6.753554779621139,6.194636080035734
0.05,59,60,70,0.10162196733363112,0.051621967333631114,0.002421702905915901,7.785994126293759,7.227075426708356
0.05,59,70,80,0.10162196733363112,0.051621967333631114,0.002421702905915901,8.818433472966383,8.259514773380978
0.05,60,10,20,0.10360878044973598,0.05360878044973598,0.002401453155854015,2.7207133699079966,2.1443512179894393
0.05,60,20,30,0.10360878044973598,0.05360878044973598,0.002401453155854015,3.7928889789027154,3.216526826984159
0.05,60,30,40,0.10360878044973598,0.05360878044973598,0.002401453155854015,4.865064587897436,4.288702435978879
0.05,60,40,50,0.10360878044973598,0.05360878044973598,0.002401453155854015,5.937240196892155,5.360878044973598
0.05,60,50,60,0.10360878044973598,0.05360878044973598,0.002401453155854015,7.009415805886874,6.433053653968318
0.05,60,60,70,0.10360878044973598,0.05360878044973598,0.002401453155854015,8.081591414881593,7.505229262963037
0.05,60,70,80,0.10360878044973598,0.05360878044973598,0.002401453155854015,9.153767023876313,8.577404871957757
0.05,61,10,20,0.08011603968397059,0.030116039683970586,0.00118326278796268,1.546631524583983,1.2046415873588234
0.05,61,20,30,0.08011603968397059,0.030116039683970586,0.00118326278796268,2.1489523182633947,1.8069623810382351
0.05,61,30,40,0.08011603968397059,0.030116039683970586,0.00118326278796268,2.751273111942806,2.409283174717647
0.05,61,40,50,0.08011603968397059,0.030116039683970586,0.00118326278796268,3.3535939056222177,3.0116039683970586
0.05,61,50,60,0.08011603968397059,0.030116039683970586,0.00118326278796268,3.9559146993016303,3.6139247620764703
0.05,61,60,70,0.08011603968397059,0.030116039683970586,0.00118326278796268,4.558235492981042,4.216245555755882
0.05,61,70,80,0.08011603968397059,0.030116039683970586,0.00118326278796268,5.160556286660452,4.818566349435294
0.05,62,10,20,0.09030605913223418,0.04030605913223417,0.0007883386077635723,2.0640600550692976,1.612242365289367
0.05,62,20,30,0.09030605913223418,0.04030605913223417,0.0007883386077635723,2.8701812377139806,2.4183635479340504
0.05,62,30,40,0.09030605913223418,0.04030605913223417,0.0007883386077635723,3.6763024203586645,3.224484730578734
0.05,62,40,50,0.09030605913223418,0.04030605913223417,0.0007883386077635723,4.4824236030033475,4.030605913223417
0.05,62,50,60,0.09030605913223418,0.04030605913223417,0.0007883386077635723,5.288544785648032,4.836727095868101
0.05,62,60,70,0.09030605913223418,0.04030605913223417,0.0007883386077635723,6.094665968292714,5.642848278512784
0.05,62,70,80,0.09030605913223418,0.04030605913223417,0.0007883386077635723,6.900787150937398,6.448969461157468
0.05,63,10,20,0.08075363878021792,0.030753638780217918,0.001694421579807748,1.5794419206398673,1.2301455512087167
0.05,63,20,30,0.08075363878021792,0.030753638780217918,0.001694421579807748,2.1945146962442257,1.845218326813075
0.05,63,30,40,0.08075363878021792,0.030753638780217918,0.001694421579807748,2.8095874718485843,2.4602911024174334
0.05,63,40,50,0.08075363878021792,0.030753638780217918,0.001694421579807748,3.4246602474529424,3.0753638780217916
0.05,63,50,60,0.08075363878021792,0.030753638780217918,0.001694421579807748,4.039733023057302,3.69043665362615
0.05,63,60,70,0.08075363878021792,0.030753638780217918,0.001694421579807748,4.65480579866166,4.305509429230509
0.05,63,70,80,0.08075363878021792,0.030753638780217918,0.001694421579807748,5.269878574266017,4.920582204834867
0.05,64,10,20,0.09667703061814832,0.04667703061814832,0.0019694003644656582,2.3808976549373626,1.8670812247259327
0.05,64,20,30,0.09667703061814832,0.04667703061814832,0.0019694003644656582,3.314438267300329,2.800621837088899
0.05,64,30,40,0.09667703061814832,0.04667703061814832,0.0019694003644656582,4.247978879663295,3.7341624494518655
0.05,64,40,50,0.09667703061814832,0.04667703061814832,0.0019694003644656582,5.181519492026261,4.667703061814832
0.05,64,50,60,0.09667703061814832,0.04667703061814832,0.0019694003644656582,6.115060104389228,5.601243674177798
0.05,64,60,70,0.09667703061814832,0.04667703061814832,0.0019694003644656582,7.048600716752193,6.534784286540765
0.05,64,70,80,0.09667703061814832,0.04667703061814832,0.0019694003644656582,7.982141329115161,7.468324898903731
0.05,65,10,20,0.08617086077807025,0.036170860778070246,0.0015128986700613388,1.8557932748393227,1.4468344311228098
0.05,65,20,30,0.08617086077807025,0.036170860778070246,0.0015128986700613388,2.5792104904007274,2.170251646684215
0.05,65,30,40,0.08617086077807025,0.036170860778070246,0.0015128986700613388,3.302627705962132,2.8936688622456197
0.05,65,40,50,0.08617086077807025,0.036170860778070246,0.0015128986700613388,4.026044921523537,3.6170860778070244
0.05,65,50,60,0.08617086077807025,0.036170860778070246,0.0015128986700613388,4.749462137084942,4.34050329336843
0.05,65,60,70,0.08617086077807025,0.036170860778070246,0.0015128986700613388,5.4728793526463475,5.063920508929835
0.05,65,70,80,0.08617086077807025,0.036170860778070246,0.0015128986700613388,6.196296568207752,5.787337724491239
0.05,66,10,20,0.09531747561908425,0.04531747561908425,0.0010063412358414876,2.3136688589634304,1.81269902476337
0.05,66,20,30,0.09531747561908425,0.04531747561908425,0.0010063412358414876,3.220018371345115,2.719048537145055
0.05,66,30,40,0.09531747561908425,0.04531747561908425,0.0010063412358414876,4.1263678837268,3.62539804952674
0.05,66,40,50,0.09531747561908425,0.04531747561908425,0.0010063412358414876,5.032717396108485,4.531747561908425
0.05,66,50,60,0.09531747561908425,0.04531747561908425,0.0010063412358414876,5.939066908490171,5.43809707429011
0.05,66,60,70,0.09531747561908425,0.04531747561908425,0.0010063412358414876,6.845416420871856,6.344446586671795
0.05,66,70,80,0.09531747561908425,0.04531747561908425,0.0010063412358414876,7.75176593325354,7.25079609905348
0.05,67,10,20,0.09774128029555479,0.047741280295554786,0.002910477676220559,2.4333860044802442,1.9096512118221916
0.05,67,20,30,0.09774128029555479,0.047741280295554786,0.002910477676220559,3.38821161039134,2.864476817733287
0.05,67,30,40,0.09774128029555479,0.047741280295554786,0.002910477676220559,4.3430372163024344,3.819302423644383
0.05,67,40,50,0.09774128029555479,0.047741280295554786,0.002910477676220559,5.297862822213531,4.774128029555478
0.05,67,50,60,0.09774128029555479,0.047741280295554786,0.002910477676220559,6.252688428124626,5.728953635466574
0.05,67,60,70,0.09774128029555479,0.047741280295554786,0.002910477676220559,7.207514034035722,6.68377924137767
0.05,67,70,80,0.09774128029555479,0.047741280295554786,0.002910477676220559,8.162339639946818,7.638604847288766
0.05,68,10,20,0.08913955100485917,0.03913955100485916,0.0016201869512616307,2.0055299416942796,1.5655820401943665
0.05,68,20,30,0.08913955100485917,0.03913955100485916,0.0016201869512616307,2.7883209617914626,2.34837306029155
0.05,68,30,40,0.08913955100485917,0.03913955100485916,0.0016201869512616307,3.5711119818886465,3.131164080388733
0.05,68,40,50,0.08913955100485917,0.03913955100485916,0.0016201869512616307,4.353903001985829,3.913955100485916
0.05,68,50,60,0.08913955100485917,0.03913955100485916,0.0016201869512616307,5.136694022083013,4.6967461205831
0.05,68,60,70,0.08913955100485917,0.03913955100485916,0.0016201869512616307,5.919485042180196,5.479537140680283
0.05,68,70,80,0.08913955100485917,0.03913955100485916,0.0016201869512616307,6.702276062277378,6.262328160777466
0.05,69,10,20,0.08924546552716746,0.039245465527167456,0.0015578575351996075,2.010851237733773,1.5698186210866982
0.05,69,20,30,0.08924546552716746,0.039245465527167456,0.0015578575351996075,2.7957605482771215,2.3547279316300473
0.05,69,30,40,0.08924546552716746,0.039245465527167456,0.0015578575351996075,3.5806698588204706,3.1396372421733965
0.05,69,40,50,0.08924546552716746,0.039245465527167456,0.0015578575351996075,4.365579169363819,3.9245465527167456
0.05,69,50,60,0.08924546552716746,0.039245465527167456,0.0015578575351996075,5.150488479907169,4.709455863260095
0.05,69,60,70,0.08924546552716746,0.039245465527167456,0.0015578575351996075,5.935397790450518,5.494365173803444
0.05,69,70,80,0.08924546552716746,0.039245465527167456,0.0015578575351996075,6.720307100993867,6.279274484346793
0.05,70,10,20,0.09471952067415702,0.04471952067415702,0.0011085161202559917,2.284036630590884,1.7887808269662808
0.05,70,20,30,0.09471952067415702,0.04471952067415702,0.0011085161202559917,3.178427044074024,2.683171240449421
0.05,70,30,40,0.09471952067415702,0.04471952067415702,0.0011085161202559917,4.072817457557164,3.5775616539325616
0.05,70,40,50,0.09471952067415702,0.04471952067415702,0.0011085161202559917,4.967207871040305,4.471952067415702
0.05,70,50,60,0.09471952067415702,0.04471952067415702,0.0011085161202559917,5.861598284523446,5.366342480898842
0.05,70,60,70,0.09471952067415702,0.04471952067415702,0.0011085161202559917,6.755988698006585,6.260732894381983
0.05,70,70,80,0.09471952067415702,0.04471952067415702,0.0011085161202559917,7.650379111489726,7.155123307865123
0.05,71,10,20,0.08022401375353372,0.030224013753533716,0.0022207869960049315,1.552192211134105,1.2089605501413487
0.05,71,20,30,0.08022401375353372,0.030224013753533716,0.0022207869960049315,2.156672486204779,1.8134408252120229
0.05,71,30,40,0.08022401375353372,0.030224013753533716,0.0022207869960049315,2.761152761275454,2.4179211002826975
0.05,71,40,50,0.08022401375353372,0.030224013753533716,0.0022207869960049315,3.365633036346128,3.0224013753533714
0.05,71,50,60,0.08022401375353372,0.030224013753533716,0.0022207869960049315,3.9701133114168026,3.6268816504240458
0.05,71,60,70,0.08022401375353372,0.030224013753533716,0.0022207869960049315,4.5745935864874765,4.231361925494721
0.05,71,70,80,0.08022401375353372,0.030224013753533716,0.0022207869960049315,5.179073861558151,4.835842200565395
0.05,72,10,20,0.0911451391924121,0.0411451391924121,0.001460516478468588,2.1060581527901014,1.6458055676964838
0.05,72,20,30,0.0911451391924121,0.0411451391924121,0.001460516478468588,2.9289609366383433,2.4687083515447257
0.05,72,30,40,0.0911451391924121,0.0411451391924121,0.001460516478468588,3.751863720486585,3.2916111353929676
0.05,72,40,50,0.0911451391924121,0.0411451391924121,0.001460516478468588,4.574766504334827,4.11451391924121
0.05,72,50,60,0.0911451391924121,0.0411451391924121,0.001460516478468588,5.397669288183069,4.937416703089451
0.05,72,60,70,0.0911451391924121,0.0411451391924121,0.001460516478468588,6.2205720720313105,5.760319486937694
0.05,72,70,80,0.0911451391924121,0.0411451391924121,0.001460516478468588,7.043474855879553,6.583222270785935
0.05,73,10,20,0.09021368398820566,0.040213683988205656,0.0011174314663175752,2.059431211256228,1.6085473595282263
0.05,73,20,30,0.09021368398820566,0.040213683988205656,0.0011174314663175752,2.863704891020341,2.4128210392923393
0.05,73,30,40,0.09021368398820566,0.040213683988205656,0.0011174314663175752,3.6679785707844537,3.2170947190564525
0.05,73,40,50,0.09021368398820566,0.040213683988205656,0.0011174314663175752,4.472252250548568,4.021368398820566
0.05,73,50,60,0.09021368398820566,0.040213683988205656,0.0011174314663175752,5.2765259303126815,4.8256420785846785
0.05,73,60,70,0.09021368398820566,0.040213683988205656,0.0011174314663175752,6.0807996100767925,5.629915758348792
0.05,73,70,80,0.09021368398820566,0.040213683988205656,0.0011174314663175752,6.885073289840906,6.434189438112905
0.05,74,10,20,0.0925411865546665,0.0425411865546665,0.0003847569531521402,2.1757473483696046,1.70164746218666
0.05,74,20,30,0.0925411865546665,0.0425411865546665,0.0003847569531521402,3.026571079462934,2.55247119327999
0.05,74,30,40,0.0925411865546665,0.0425411865546665,0.0003847569531521402,3.877394810556264,3.40329492437332
0.05,74,40,50,0.0925411865546665,0.0425411865546665,0.0003847569531521402,4.7282185416495945,4.25411865546665
0.05,74,50,60,0.0925411865546665,0.0425411865546665,0.0003847569531521402,5.5790422727429245,5.10494238655998
0.05,74,60,70,0.0925411865546665,0.0425411865546665,0.0003847569531521402,6.429866003836254,5.95576611765331
0.05,74,70,80,0.0925411865546665,0.0425411865546665,0.0003847569531521402,7.280689734929584,6.80658984874664
0.05,75,10,20,0.09645841193016938,0.04645841193016938,0.007658402728313608,2.3701006024499263,1.858336477206775
0.05,75,20,30,0.09645841193016938,0.04645841193016938,0.007658402728313608,3.2992688410533133,2.7875047158101625
0.05,75,30,40,0.09645841193016938,0.04645841193016938,0.007658402728313608,4.2284370796567,3.71667295441355
0.05,75,40,50,0.09645841193016938,0.04645841193016938,0.007658402728313608,5.157605318260089,4.645841193016937
0.05,75,50,60,0.09645841193016938,0.04645841193016938,0.007658402728313608,6.086773556863477,5.575009431620325
0.05,75,60,70,0.09645841193016938,0.04645841193016938,0.007658402728313608,7.015941795466863,6.504177670223712
0.05,75,70,80,0.09645841193016938,0.04645841193016938,0.007658402728313608,7.945110034070251,7.4333459088271
0.05,76,10,20,0.08911805719665664,0.03911805719665663,0.0004153487506111245,2.0044498904833903,1.5647222878662652
0.05,76,20,30,0.08911805719665664,0.03911805719665663,0.0004153487506111245,2.7868110344165227,2.347083431799398
0.05,76,30,40,0.08911805719665664,0.03911805719665663,0.0004153487506111245,3.5691721783496555,3.1294445757325304
0.05,76,40,50,0.08911805719665664,0.03911805719665663,0.0004153487506111245,4.351533322282789,3.9118057196656633
0.05,76,50,60,0.08911805719665664,0.03911805719665663,0.0004153487506111245,5.1338944662159225,4.694166863598796
0.05,76,60,70,0.08911805719665664,0.03911805719665663,0.0004153487506111245,5.9162556101490535,5.476528007531929
0.05,76,70,80,0.08911805719665664,0.03911805719665663,0.0004153487506111245,6.6986167540821855,6.258889151465061
0.05,77,10,20,0.08373666651373188,0.033736666513731875,0.0003622654677320229,1.7321356740801277,1.3494666605492749
0.05,77,20,30,0.08373666651373188,0.033736666513731875,0.0003622654677320229,2.406869004354765,2.0241999908239126
0.05,77,30,40,0.08373666651373188,0.033736666513731875,0.0003622654677320229,3.081602334629403,2.6989333210985498
0.05,77,40,50,0.08373666651373188,0.033736666513731875,0.0003622654677320229,3.75633566490404,3.3736666513731874
0.05,77,50,60,0.08373666651373188,0.033736666513731875,0.0003622654677320229,4.431068995178679,4.048399981647825
0.05,77,60,70,0.08373666651373188,0.033736666513731875,0.0003622654677320229,5.105802325453316,4.723133311922463
0.05,77,70,80,0.08373666651373188,0.033736666513731875,0.0003622654677320229,5.7805356557279515,5.3978666421970996
0.05,78,10,20,0.08415261804533843,0.03415261804533842,0.000368989995514081,1.753324496894519,1.366104721813537
0.05,78,20,30,0.08415261804533843,0.03415261804533842,0.000368989995514081,2.4363768578012874,2.0491570827203054
0.05,78,30,40,0.08415261804533843,0.03415261804533842,0.000368989995514081,3.119429218708056,2.732209443627074
0.05,78,40,50,0.08415261804533843,0.03415261804533842,0.000368989995514081,3.8024815796148244,3.4152618045338423
0.05,78,50,60,0.08415261804533843,0.03415261804533842,0.000368989995514081,4.485533940521593,4.098314165440611
0.05,78,60,70,0.08415261804533843,0.03415261804533842,0.000368989995514081,5.168586301428362,4.781366526347379
0.05,78,70,80,0.08415261804533843,0.03415261804533842,0.000368989995514081,5.851638662335129,5.464418887254148
0.05,79,10,20,0.08331723521723436,0.033317235217234356,0.0017092965125849082,1.710744661921053,1.3326894086893741
0.05,79,20,30,0.08331723521723436,0.033317235217234356,0.0017092965125849082,2.3770893662657397,1.9990341130340614
0.05,79,30,40,0.08331723521723436,0.033317235217234356,0.0017092965125849082,3.043434070610427,2.6653788173787483
0.05,79,40,50,0.08331723521723436,0.033317235217234356,0.0017092965125849082,3.709778774955114,3.3317235217234358
0.05,79,50,60,0.08331723521723436,0.033317235217234356,0.0017092965125849082,4.376123479299801,3.998068226068123
0.05,79,60,70,0.08331723521723436,0.033317235217234356,0.0017092965125849082,5.0424681836444885,4.6644129304128095
0.05,79,70,80,0.08331723521723436,0.033317235217234356,0.0017092965125849082,5.708812887989175,5.3307576347574965
0.05,80,10,20,0.08111112460016469,0.031111124600164686,0.0014100451822288331,1.5978106071971265,1.2444449840065874
0.05,80,20,30,0.08111112460016469,0.031111124600164686,0.0014100451822288331,2.22003309920042,1.8666674760098811
0.05,80,30,40,0.08111112460016469,0.031111124600164686,0.0014100451822288331,2.8422555912037137,2.488889968013175
0.05,80,40,50,0.08111112460016469,0.031111124600164686,0.0014100451822288331,3.4644780832070077,3.111112460016469
0.05,80,50,60,0.08111112460016469,0.031111124600164686,0.0014100451822288331,4.086700575210301,3.7333349520197623
0.05,80,60,70,0.08111112460016469,0.031111124600164686,0.0014100451822288331,4.708923067213594,4.355557444023056
0.05,80,70,80,0.08111112460016469,0.031111124600164686,0.0014100451822288331,5.331145559216888,4.97777993602635
0.05,81,10,20,0.0739389724652469,0.0239389724652469,0.0008978082148497592,1.2253313412618765,0.957558898609876
0.05,81,20,30,0.0739389724652469,0.0239389724652469,0.0008978082148497592,1.7041107905668142,1.436338347914814
0.05,81,30,40,0.0739389724652469,0.0239389724652469,0.0008978082148497592,2.1828902398717522,1.915117797219752
0.05,81,40,50,0.0739389724652469,0.0239389724652469,0.0008978082148497592,2.6616696891766902,2.39389724652469
0.05,81,50,60,0.0739389724652469,0.0239389724652469,0.0008978082148497592,3.1404491384816287,2.872676695829628
0.05,81,60,70,0.0739389724652469,0.0239389724652469,0.0008978082148497592,3.6192285877865666,3.351456145134566
0.05,81,70,80,0.0739389724652469,0.0239389724652469,0.0008978082148497592,4.098008037091504,3.830235594439504
0.05,82,10,20,0.09558917959703621,0.045589179597036206,0.000991656169594668,2.3271204147375104,1.8235671838814482
0.05,82,20,30,0.09558917959703621,0.045589179597036206,0.000991656169594668,3.238904006678234,2.7353507758221722
0.05,82,30,40,0.09558917959703621,0.045589179597036206,0.000991656169594668,4.150687598618958,3.6471343677628965
0.05,82,40,50,0.09558917959703621,0.045589179597036206,0.000991656169594668,5.062471190559682,4.558917959703621
0.05,82,50,60,0.09558917959703621,0.045589179597036206,0.000991656169594668,5.974254782500408,5.4707015516443445
0.05,82,60,70,0.09558917959703621,0.045589179597036206,0.000991656169594668,6.886038374441131,6.382485143585069
0.05,82,70,80,0.09558917959703621,0.045589179597036206,0.000991656169594668,7.797821966381854,7.294268735525793
0.05,83,10,20,0.08063614451580381,0.030636144515803806,0.0004938424151943091,1.5734004540381055,1.2254457806321524
0.05,83,20,30,0.08063614451580381,0.030636144515803806,0.0004938424151943091,2.1861233443541814,1.8381686709482283
0.05,83,30,40,0.08063614451580381,0.030636144515803806,0.0004938424151943091,2.798846234670258,2.4508915612643047
0.05,83,40,50,0.08063614451580381,0.030636144515803806,0.0004938424151943091,3.411569124986334,3.0636144515803805
0.05,83,50,60,0.08063614451580381,0.030636144515803806,0.0004938424151943091,4.024292015302409,3.6763373418964567
0.05,83,60,70,0.08063614451580381,0.030636144515803806,0.0004938424151943091,4.637014905618485,4.289060232212533
0.05,83,70,80,0.08063614451580381,0.030636144515803806,0.0004938424151943091,5.2497377959345615,4.9017831225286095
0.05,84,10,20,0.06822522520367579,0.018225225203675782,0.0010694377654112386,0.9219341729451365,0.7290090081470313
0.05,84,20,30,0.06822522520367579,0.018225225203675782,0.0010694377654112386,1.2864386770186518,1.093513512220547
0.05,84,30,40,0.06822522520367579,0.018225225203675782,0.0010694377654112386,1.6509431810921678,1.4580180162940626
0.05,84,40,50,0.06822522520367579,0.018225225203675782,0.0010694377654112386,2.0154476851656837,1.8225225203675781
0.05,84,50,60,0.06822522520367579,0.018225225203675782,0.0010694377654112386,2.3799521892391993,2.187027024441094
0.05,84,60,70,0.06822522520367579,0.018225225203675782,0.0010694377654112386,2.7444566933127144,2.5515315285146096
0.05,84,70,80,0.06822522520367579,0.018225225203675782,0.0010694377654112386,3.10896119738623,2.916036032588125
0.05,85,10,20,0.09071720534463418,0.040717205344634175,0.0005404256638028442,2.0846496311126206,1.628688213785367
0.05,85,20,30,0.09071720534463418,0.040717205344634175,0.0005404256638028442,2.8989937380053035,2.4430323206780504
0.05,85,30,40,0.09071720534463418,0.040717205344634175,0.0005404256638028442,3.713337844897987,3.257376427570734
0.05,85,40,50,0.09071720534463418,0.040717205344634175,0.0005404256638028442,4.527681951790671,4.0717205344634175
0.05,85,50,60,0.09071720534463418,0.040717205344634175,0.0005404256638028442,5.342026058683354,4.886064641356101
0.05,85,60,70,0.09071720534463418,0.040717205344634175,0.0005404256638028442,6.156370165576036,5.700408748248784
0.05,85,70,80,0.09071720534463418,0.040717205344634175,0.0005404256638028442,6.970714272468721,6.514752855141468
0.05,86,10,20,0.10304328903754759,0.053043289037547584,0.0018537350155076605,2.693166844263462,2.1217315615019032
0.05,86,20,30,0.10304328903754759,0.053043289037547584,0.0018537350155076605,3.7540326250144127,3.182597342252855
0.05,86,30,40,0.10304328903754759,0.053043289037547584,0.0018537350155076605,4.814898405765366,4.2434631230038065
0.05,86,40,50,0.10304328903754759,0.053043289037547584,0.0018537350155076605,5.875764186516317,5.304328903754758
0.05,86,50,60,0.10304328903754759,0.053043289037547584,0.0018537350155076605,6.936629967267269,6.36519468450571
0.05,86,60,70,0.10304328903754759,0.053043289037547584,0.0018537350155076605,7.99749574801822,7.426060465256661
0.05,86,70,80,0.10304328903754759,0.053043289037547584,0.0018537350155076605,9.058361528769172,8.486926246007613
0.05,87,10,20,0.0958556872207051,0.0458556872207051,0.0054928156178198125,2.3403068832607117,1.834227488828204
0.05,87,20,30,0.0958556872207051,0.0458556872207051,0.0054928156178198125,3.2574206276748128,2.751341233242306
0.05,87,30,40,0.0958556872207051,0.0458556872207051,0.0054928156178198125,4.174534372088916,3.668454977656408
0.05,87,40,50,0.0958556872207051,0.0458556872207051,0.0054928156178198125,5.091648116503016,4.58556872207051
0.05,87,50,60,0.0958556872207051,0.0458556872207051,0.0054928156178198125,6.008761860917119,5.502682466484612
0.05,87,60,70,0.0958556872207051,0.0458556872207051,0.0054928156178198125,6.92587560533122,6.419796210898713
0.05,87,70,80,0.0958556872207051,0.0458556872207051,0.0054928156178198125,7.842989349745323,7.336909955312816
0.05,88,10,20,0.08390296390085224,0.033902963900852234,0.0009621781175576785,1.7406099035559666,1.3561185560340894
0.05,88,20,30,0.08390296390085224,0.033902963900852234,0.0009621781175576785,2.4186691815730113,2.034177834051134
0.05,88,30,40,0.08390296390085224,0.033902963900852234,0.0009621781175576785,3.096728459590056,2.7122371120681787
0.05,88,40,50,0.08390296390085224,0.033902963900852234,0.0009621781175576785,3.7747877376071,3.3902963900852234
0.05,88,50,60,0.08390296390085224,0.033902963900852234,0.0009621781175576785,4.452847015624146,4.068355668102268
0.05,88,60,70,0.08390296390085224,0.033902963900852234,0.0009621781175576785,5.13090629364119,4.746414946119312
0.05,88,70,80,0.08390296390085224,0.033902963900852234,0.0009621781175576785,5.808965571658235,5.4244742241363575
0.05,89,10,20,0.0974485087188058,0.04744850871880579,0.0009700999640477921,2.4189585267403477,1.8979403487522317
0.05,89,20,30,0.0974485087188058,0.04744850871880579,0.0009700999640477921,3.367928701116463,2.8469105231283476
0.05,89,30,40,0.0974485087188058,0.04744850871880579,0.0009700999640477921,4.31689887549258,3.7958806975044634
0.05,89,40,50,0.0974485087188058,0.04744850871880579,0.0009700999640477921,5.265869049868696,4.74485087188058
0.05,89,50,60,0.0974485087188058,0.04744850871880579,0.0009700999640477921,6.214839224244811,5.693821046256695
0.05,89,60,70,0.0974485087188058,0.04744850871880579,0.0009700999640477921,7.163809398620926,6.642791220632811
0.05,89,70,80,0.0974485087188058,0.04744850871880579,0.0009700999640477921,8.112779572997042,7.591761395008927
0.05,90,10,20,0.08658123767544613,0.03658123767544613,0.0020035018741281505,1.8765608421170958,1.4632495070178453
0.05,90,20,30,0.08658123767544613,0.03658123767544613,0.0020035018741281505,2.6081855956260185,2.1948742605267677
0.05,90,30,40,0.08658123767544613,0.03658123767544613,0.0020035018741281505,3.339810349134941,2.9264990140356906
0.05,90,40,50,0.08658123767544613,0.03658123767544613,0.0020035018741281505,4.071435102643864,3.6581237675446134
0.05,90,50,60,0.08658123767544613,0.03658123767544613,0.0020035018741281505,4.803059856152787,4.389748521053535
0.05,90,60,70,0.08658123767544613,0.03658123767544613,0.0020035018741281505,5.534684609661709,5.121373274562458
0.05,90,70,80,0.08658123767544613,0.03658123767544613,0.0020035018741281505,6.266309363170632,5.852998028071381
0.05,91,10,20,0.0849424042049041,0.034942404204904104,0.0004879546350315442,1.7934898020939676,1.3976961681961642
0.05,91,20,30,0.0849424042049041,0.034942404204904104,0.0004879546350315442,2.4923378861920495,2.096544252294246
0.05,91,30,40,0.0849424042049041,0.034942404204904104,0.0004879546350315442,3.1911859702901313,2.7953923363923283
0.05,91,40,50,0.0849424042049041,0.034942404204904104,0.0004879546350315442,3.8900340543882135,3.4942404204904105
0.05,91,50,60,0.0849424042049041,0.034942404204904104,0.0004879546350315442,4.588882138486296,4.193088504588492
0.05,91,60,70,0.0849424042049041,0.034942404204904104,0.0004879546350315442,5.287730222584378,4.891936588686574
0.05,91,70,80,0.0849424042049041,0.034942404204904104,0.0004879546350315442,5.98657830668246,5.590784672784657
0.05,92,10,20,0.10687195505609881,0.05687195505609881,0.003944092746162004,2.879100924205211,2.2748782022439524
0.05,92,20,30,0.10687195505609881,0.05687195505609881,0.003944092746162004,4.016540025327187,3.4123173033659286
0.05,92,30,40,0.10687195505609881,0.05687195505609881,0.003944092746162004,5.153979126449164,4.549756404487905
0.05,92,40,50,0.10687195505609881,0.05687195505609881,0.003944092746162004,6.291418227571139,5.687195505609881
0.05,92,50,60,0.10687195505609881,0.05687195505609881,0.003944092746162004,7.428857328693116,6.824634606731857
0.05,92,60,70,0.10687195505609881,0.05687195505609881,0.003944092746162004,8.56629642981509,7.9620737078538335
0.05,92,70,80,0.10687195505609881,0.05687195505609881,0.003944092746162004,9.703735530937067,9.09951280897581
0.05,93,10,20,0.09842409878493237,0.04842409878493237,0.00033812974457005963,2.466999925161429,1.9369639513972947
0.05,93,20,30,0.09842409878493237,0.04842409878493237,0.00033812974457005963,3.435481900860076,2.905445927095942
0.05,93,30,40,0.09842409878493237,0.04842409878493237,0.00033812974457005963,4.4039638765587235,3.8739279027945894
0.05,93,40,50,0.09842409878493237,0.04842409878493237,0.00033812974457005963,5.372445852257371,4.842409878493237
0.05,93,50,60,0.09842409878493237,0.04842409878493237,0.00033812974457005963,6.340927827956019,5.810891854191884
0.05,93,60,70,0.09842409878493237,0.04842409878493237,0.00033812974457005963,7.309409803654666,6.779373829890531
0.05,93,70,80,0.09842409878493237,0.04842409878493237,0.00033812974457005963,8.277891779353311,7.747855805589179
0.05,94,10,20,0.0910617943361617,0.041061794336161694,0.0004944236100090969,2.101890336356617,1.6424717734464678
0.05,94,20,30,0.0910617943361617,0.041061794336161694,0.0004944236100090969,2.9231262230798505,2.4637076601697014
0.05,94,30,40,0.0910617943361617,0.041061794336161694,0.0004944236100090969,3.744362109803084,3.2849435468929356
0.05,94,40,50,0.0910617943361617,0.041061794336161694,0.0004944236100090969,4.565597996526318,4.10617943361617
0.05,94,50,60,0.0910617943361617,0.041061794336161694,0.0004944236100090969,5.386833883249553,4.927415320339403
0.05,94,60,70,0.0910617943361617,0.041061794336161694,0.0004944236100090969,6.208069769972785,5.748651207062637
0.05,94,70,80,0.0910617943361617,0.041061794336161694,0.0004944236100090969,7.02930565669602,6.569887093785871
0.05,95,10,20,0.09488325886346051,0.04488325886346051,0.0006830624207729245,2.292154762277586,1.7953303545384203
0.05,95,20,30,0.09488325886346051,0.04488325886346051,0.0006830624207729245,3.1898199395467954,2.6929955318076306
0.05,95,30,40,0.09488325886346051,0.04488325886346051,0.0006830624207729245,4.087485116816005,3.5906607090768405
0.05,95,40,50,0.09488325886346051,0.04488325886346051,0.0006830624207729245,4.985150294085216,4.4883258863460505
0.05,95,50,60,0.09488325886346051,0.04488325886346051,0.0006830624207729245,5.8828154713544265,5.385991063615261
0.05,95,60,70,0.09488325886346051,0.04488325886346051,0.0006830624207729245,6.780480648623636,6.283656240884471
0.05,95,70,80,0.09488325886346051,0.04488325886346051,0.0006830624207729245,7.6781458258928454,7.181321418153681
0.05,96,10,20,0.08390606597880268,0.03390606597880268,0.001527017079734451,1.7407679428407334,1.3562426391521072
0.05,96,20,30,0.08390606597880268,0.03390606597880268,0.001527017079734451,2.4188892624167866,2.034363958728161
0.05,96,30,40,0.08390606597880268,0.03390606597880268,0.001527017079734451,3.09701058199284,2.7124852783042144
0.05,96,40,50,0.08390606597880268,0.03390606597880268,0.001527017079734451,3.7751319015688938,3.3906065978802675
0.05,96,50,60,0.08390606597880268,0.03390606597880268,0.001527017079734451,4.453253221144948,4.068727917456322
0.05,96,60,70,0.08390606597880268,0.03390606597880268,0.001527017079734451,5.1313745407210005,4.746849237032375
0.05,96,70,80,0.08390606597880268,0.03390606597880268,0.001527017079734451,5.809495860297054,5.424970556608429
0.05,97,10,20,0.10434003492346663,0.05434003492346663,0.002555062300690021,2.756290672745984,2.173601396938665
0.05,97,20,30,0.10434003492346663,0.05434003492346663,0.002555062300690021,3.843091371215317,3.260402095407998
0.05,97,30,40,0.10434003492346663,0.05434003492346663,0.002555062300690021,4.92989206968465,4.34720279387733
0.05,97,40,50,0.10434003492346663,0.05434003492346663,0.002555062300690021,6.016692768153982,5.434003492346664
0.05,97,50,60,0.10434003492346663,0.05434003492346663,0.002555062300690021,7.1034934666233145,6.520804190815996
0.05,97,60,70,0.10434003492346663,0.05434003492346663,0.002555062300690021,8.190294165092645,7.607604889285328
0.05,97,70,80,0.10434003492346663,0.05434003492346663,0.002555062300690021,9.277094863561981,8.69440558775466
0.05,98,10,20,0.09055447151241139,0.040554471512411386,0.002042696094549374,2.0765026284240826,1.6221788604964553
0.05,98,20,30,0.09055447151241139,0.040554471512411386,0.002042696094549374,2.88759205867231,2.433268290744683
0.05,98,30,40,0.09055447151241139,0.040554471512411386,0.002042696094549374,3.698681488920538,3.2443577209929106
0.05,98,40,50,0.09055447151241139,0.040554471512411386,0.002042696094549374,4.509770919168766,4.055447151241139
0.05,98,50,60,0.09055447151241139,0.040554471512411386,0.002042696094549374,5.320860349416993,4.866536581489366
0.05,98,60,70,0.09055447151241139,0.040554471512411386,0.002042696094549374,6.131949779665219,5.677626011737594
0.05,98,70,80,0.09055447151241139,0.040554471512411386,0.002042696094549374,6.943039209913448,6.488715441985821
0.05,99,10,20,0.09171026717200409,0.04171026717200409,0.002451823817217339,2.1342965228442528,1.6684106868801636
0.05,99,20,30,0.09171026717200409,0.04171026717200409,0.002451823817217339,2.9685018662843343,2.502616030320245
0.05,99,30,40,0.09171026717200409,0.04171026717200409,0.002451823817217339,3.802707209724416,3.336821373760327
0.05,99,40,50,0.09171026717200409,0.04171026717200409,0.002451823817217339,4.636912553164498,4.171026717200409
0.05,99,50,60,0.09171026717200409,0.04171026717200409,0.002451823817217339,5.47111789660458,5.00523206064049
0.05,99,60,70,0.09171026717200409,0.04171026717200409,0.002451823817217339,6.30532324004466,5.839437404080572
0.05,99,70,80,0.09171026717200409,0.04171026717200409,0.002451823817217339,7.139528583484743,6.673642747520654
0.08,0,10,20,0.11784182489849247,0.03784182489849247,0.0015360256727124414,1.704394734329087,1.5136729959396988
0.08,0,20,30,0.11784182489849247,0.03784182489849247,0.0015360256727124414,2.461231232298937,2.2705094939095485
0.08,0,30,40,0.11784182489849247,0.03784182489849247,0.0015360256727124414,3.2180677302687863,3.0273459918793977
0.08,0,40,50,0.11784182489849247,0.03784182489849247,0.0015360256727124414,3.9749042282386355,3.784182489849247
0.08,0,50,60,0.11784182489849247,0.03784182489849247,0.0015360256727124414,4.731740726208485,4.541018987819097
0.08,0,60,70,0.11784182489849247,0.03784182489849247,0.0015360256727124414,5.488577224178336,5.297855485788946
0.08,0,70,80,0.11784182489849247,0.03784182489849247,0.0015360256727124414,6.245413722148182,6.054691983758795
0.08,1,10,20,0.13602624841761274,0.05602624841761274,0.002963241910384122,2.5578604415002575,2.2410499367045094
0.08,1,20,30,0.13602624841761274,0.05602624841761274,0.002963241910384122,3.6783854098525124,3.3615749050567643
0.08,1,30,40,0.13602624841761274,0.05602624841761274,0.002963241910384122,4.798910378204766,4.482099873409019
0.08,1,40,50,0.13602624841761274,0.05602624841761274,0.002963241910384122,5.919435346557021,5.602624841761274
0.08,1,50,60,0.13602624841761274,0.05602624841761274,0.002963241910384122,7.039960314909275,6.7231498101135285
0.08,1,60,70,0.13602624841761274,0.05602624841761274,0.002963241910384122,8.160485283261533,7.843674778465783
0.08,1,70,80,0.13602624841761274,0.05602624841761274,0.002963241910384122,9.281010251613786,8.964199746818037
0.08,2,10,20,0.11992987118940243,0.03992987118940243,0.004558094018659964,1.8034751151104338,1.5971948475760973
0.08,2,20,30,0.11992987118940243,0.03992987118940243,0.004558094018659964,2.602072538898483,2.395792271364146
0.08,2,30,40,0.11992987118940243,0.03992987118940243,0.004558094018659964,3.40066996268653,3.1943896951521946
0.08,2,40,50,0.11992987118940243,0.03992987118940243,0.004558094018659964,4.199267386474579,3.992987118940243
0.08,2,50,60,0.11992987118940243,0.03992987118940243,0.004558094018659964,4.9978648102626275,4.791584542728292
0.08,2,60,70,0.11992987118940243,0.03992987118940243,0.004558094018659964,5.7964622340506775,5.59018196651634
0.08,2,70,80,0.11992987118940243,0.03992987118940243,0.004558094018659964,6.595059657838725,6.388779390304389
0.08,3,10,20,0.11278033438918851,0.03278033438918851,0.0034000580672783566,1.4629009532113466,1.3112133755675404
0.08,3,20,30,0.11278033438918851,0.03278033438918851,0.0034000580672783566,2.1185076409951176,1.9668200633513107
0.08,3,30,40,0.11278033438918851,0.03278033438918851,0.0034000580672783566,2.7741143287788868,2.6224267511350807
0.08,3,40,50,0.11278033438918851,0.03278033438918851,0.0034000580672783566,3.4297210165626577,3.278033438918851
0.08,3,50,60,0.11278033438918851,0.03278033438918851,0.0034000580672783566,4.085327704346427,3.9336401267026213
0.08,3,60,70,0.11278033438918851,0.03278033438918851,0.0034000580672783566,4.740934392130198,4.589246814486391
0.08,3,70,80,0.11278033438918851,0.03278033438918851,0.0034000580672783566,5.396541079913966,5.2448535022701614
0.08,4,10,20,0.13293324133001275,0.052933241330012745,0.008160504918287606,2.4140938701804213,2.11732965320051
0.08,4,20,30,0.13293324133001275,0.052933241330012745,0.008160504918287606,3.4727586967806765,3.1759944798007647
0.08,4,30,40,0.13293324133001275,0.052933241330012745,0.008160504918287606,4.531423523380932,4.23465930640102
0.08,4,40,50,0.13293324133001275,0.052933241330012745,0.008160504918287606,5.590088349981187,5.293324133001274
0.08,4,50,60,0.13293324133001275,0.052933241330012745,0.008160504918287606,6.648753176581441,6.351988959601529
0.08,4,60,70,0.13293324133001275,0.052933241330012745,0.008160504918287606,7.707418003181697,7.4106537862017845
0.08,4,70,80,0.13293324133001275,0.052933241330012745,0.008160504918287606,8.76608282978195,8.46931861280204
0.08,5,10,20,0.1288519144191096,0.04885191441910959,0.01722730726703526,2.22356098936944,1.9540765767643835
0.08,5,20,30,0.1288519144191096,0.04885191441910959,0.01722730726703526,3.200599277751632,2.9311148651465753
0.08,5,30,40,0.1288519144191096,0.04885191441910959,0.01722730726703526,4.177637566133823,3.908153153528767
0.08,5,40,50,0.1288519144191096,0.04885191441910959,0.01722730726703526,5.154675854516016,4.885191441910959
0.08,5,50,60,0.1288519144191096,0.04885191441910959,0.01722730726703526,6.131714142898207,5.8622297302931505
0.08,5,60,70,0.1288519144191096,0.04885191441910959,0.01722730726703526,7.108752431280401,6.839268018675343
0.08,5,70,80,0.1288519144191096,0.04885191441910959,0.01722730726703526,8.08579071966259,7.816306307057534
0.08,6,10,20,0.12852584366090483,0.04852584366090483,0.0007562797643740607,2.2082964653658563,1.9410337464361933
0.08,6,20,30,0.12852584366090483,0.04852584366090483,0.0007562797643740607,3.1788133385839537,2.9115506196542897
0.08,6,30,40,0.12852584366090483,0.04852584366090483,0.0007562797643740607,4.149330211802049,3.8820674928723866
0.08,6,40,50,0.12852584366090483,0.04852584366090483,0.0007562797643740607,5.119847085020147,4.852584366090483
0.08,6,50,60,0.12852584366090483,0.04852584366090483,0.0007562797643740607,6.090363958238243,5.8231012393085795
0.08,6,60,70,0.12852584366090483,0.04852584366090483,0.0007562797643740607,7.060880831456341,6.793618112526676
0.08,6,70,80,0.12852584366090483,0.04852584366090483,0.0007562797643740607,8.031397704674436,7.764134985744773
0.08,7,10,20,0.12726590218442138,0.04726590218442138,0.0015862173509905435,2.1492537060717853,1.8906360873768553
0.08,7,20,30,0.12726590218442138,0.04726590218442138,0.0015862173509905435,3.094571749760213,2.8359541310652827
0.08,7,30,40,0.12726590218442138,0.04726590218442138,0.0015862173509905435,4.039889793448641,3.7812721747537106
0.08,7,40,50,0.12726590218442138,0.04726590218442138,0.0015862173509905435,4.985207837137068,4.726590218442138
0.08,7,50,60,0.12726590218442138,0.04726590218442138,0.0015862173509905435,5.930525880825495,5.671908262130565
0.08,7,60,70,0.12726590218442138,0.04726590218442138,0.0015862173509905435,6.875843924513923,6.617226305818993
0.08,7,70,80,0.12726590218442138,0.04726590218442138,0.0015862173509905435,7.82116196820235,7.562544349507421
0.08,8,10,20,0.1328904748389188,0.0528904748389188,0.002537320609402906,2.4121023187224337,2.115618993556752
0.08,8,20,30,0.1328904748389188,0.0528904748389188,0.002537320609402906,3.4699118155008097,3.173428490335128
0.08,8,30,40,0.1328904748389188,0.0528904748389188,0.002537320609402906,4.527721312279185,4.231237987113504
0.08,8,40,50,0.1328904748389188,0.0528904748389188,0.002537320609402906,5.585530809057563,5.28904748389188
0.08,8,50,60,0.1328904748389188,0.0528904748389188,0.002537320609402906,6.643340305835937,6.346856980670256
0.08,8,60,70,0.1328904748389188,0.0528904748389188,0.002537320609402906,7.701149802614314,7.404666477448632
0.08,8,70,80,0.1328904748389188,0.0528904748389188,0.002537320609402906,8.75895929939269,8.462475974227008
0.08,9,10,20,0.1364997041050007,0.0564997041050007,0.0029548086750957126,2.579821268272486,2.259988164200028
0.08,9,20,30,0.1364997041050007,0.0564997041050007,0.0029548086750957126,3.7098153503724998,3.389982246300042
0.08,9,30,40,0.1364997041050007,0.0564997041050007,0.0029548086750957126,4.839809432472514,4.519976328400056
0.08,9,40,50,0.1364997041050007,0.0564997041050007,0.0029548086750957126,5.969803514572529,5.64997041050007
0.08,9,50,60,0.1364997041050007,0.0564997041050007,0.0029548086750957126,7.099797596672542,6.779964492600084
0.08,9,60,70,0.1364997041050007,0.0564997041050007,0.0029548086750957126,8.229791678772557,7.909958574700098
0.08,9,70,80,0.1364997041050007,0.0564997041050007,0.0029548086750957126,9.359785760872569,9.039952656800113
0.08,10,10,20,0.12043896747105239,0.040438967471052384,0.0019261671555944938,1.827586211037349,1.6175586988420954
0.08,10,20,30,0.12043896747105239,0.040438967471052384,0.0019261671555944938,2.6363655604583975,2.426338048263143
0.08,10,30,40,0.12043896747105239,0.040438967471052384,0.0019261671555944938,3.4451449098794438,3.2351173976841907
0.08,10,40,50,0.12043896747105239,0.040438967471052384,0.0019261671555944938,4.253924259300492,4.043896747105238
0.08,10,50,60,0.12043896747105239,0.040438967471052384,0.0019261671555944938,5.062703608721539,4.852676096526286
0.08,10,60,70,0.12043896747105239,0.040438967471052384,0.0019261671555944938,5.871482958142588,5.661455445947333
0.08,10,70,80,0.12043896747105239,0.040438967471052384,0.0019261671555944938,6.680262307563634,6.470234795368381
0.08,11,10,20,0.12342816734861951,0.04342816734861951,0.0034940964041722694,1.9688025959368791,1.7371266939447805
0.08,11,20,30,0.12342816734861951,0.04342816734861951,0.0034940964041722694,2.83736594290927,2.6056900409171706
0.08,11,30,40,0.12342816734861951,0.04342816734861951,0.0034940964041722694,3.7059292898816594,3.474253387889561
0.08,11,40,50,0.12342816734861951,0.04342816734861951,0.0034940964041722694,4.57449263685405,4.342816734861951
0.08,11,50,60,0.12342816734861951,0.04342816734861951,0.0034940964041722694,5.443055983826439,5.211380081834341
0.08,11,60,70,0.12342816734861951,0.04342816734861951,0.0034940964041722694,6.31161933079883,6.0799434288067316
0.08,11,70,80,0.12342816734861951,0.04342816734861951,0.0034940964041722694,7.180182677771221,6.948506775779122
0.08,12,10,20,0.11146426964178409,0.03146426964178409,0.004095200625377873,1.3997873870593232,1.2585707856713635
0.08,12,20,30,0.11146426964178409,0.03146426964178409,0.004095200625377873,2.029072779895005,1.8878561785070453
0.08,12,30,40,0.11146426964178409,0.03146426964178409,0.004095200625377873,2.6583581727306864,2.517141571342727
0.08,12,40,50,0.11146426964178409,0.03146426964178409,0.004095200625377873,3.287643565566368,3.1464269641784086
0.08,12,50,60,0.11146426964178409,0.03146426964178409,0.004095200625377873,3.9169289584020506,3.7757123570140907
0.08,12,60,70,0.11146426964178409,0.03146426964178409,0.004095200625377873,4.546214351237733,4.404997749849772
0.08,12,70,80,0.11146426964178409,0.03146426964178409,0.004095200625377873,5.175499744073413,5.034283142685454
0.08,13,10,20,0.1343314212234616,0.05433142122346159,0.0033449304689613644,2.4791480744734073,2.1732568489384634
0.08,13,20,30,0.1343314212234616,0.05433142122346159,0.0033449304689613644,3.565776498942639,3.2598852734076953
0.08,13,30,40,0.1343314212234616,0.05433142122346159,0.0033449304689613644,4.65240492341187,4.346513697876927
0.08,13,40,50,0.1343314212234616,0.05433142122346159,0.0033449304689613644,5.739033347881103,5.433142122346159
0.08,13,50,60,0.1343314212234616,0.05433142122346159,0.0033449304689613644,6.825661772350334,6.519770546815391
0.08,13,60,70,0.1343314212234616,0.05433142122346159,0.0033449304689613644,7.912290196819566,7.606398971284622
0.08,13,70,80,0.1343314212234616,0.05433142122346159,0.0033449304689613644,8.998918621288798,8.693027395753854
0.08,14,10,20,0.12146780511290119,0.041467805112901185,0.008422758354470946,1.8762584377039082,1.6587122045160474
0.08,14,20,30,0.12146780511290119,0.041467805112901185,0.008422758354470946,2.705614539961932,2.488068306774071
0.08,14,30,40,0.12146780511290119,0.041467805112901185,0.008422758354470946,3.534970642219955,3.317424409032095
0.08,14,40,50,0.12146780511290119,0.041467805112901185,0.008422758354470946,4.36432674447798,4.146780511290118
0.08,14,50,60,0.12146780511290119,0.041467805112901185,0.008422758354470946,5.193682846736002,4.976136613548142
0.08,14,60,70,0.12146780511290119,0.041467805112901185,0.008422758354470946,6.023038948994028,5.8054927158061655
0.08,14,70,80,0.12146780511290119,0.041467805112901185,0.008422758354470946,6.852395051252049,6.63484881806419
0.08,15,10,20,0.12402263326275498,0.044022633262754976,0.006182260168561586,1.996815987762822,1.760905330510199
0.08,15,20,30,0.12402263326275498,0.044022633262754976,0.006182260168561586,2.8772686530179215,2.6413579957652984
0.08,15,30,40,0.12402263326275498,0.044022633262754976,0.006182260168561586,3.7577213182730205,3.521810661020398
0.08,15,40,50,0.12402263326275498,0.044022633262754976,0.006182260168561586,4.638173983528121,4.402263326275498
0.08,15,50,60,0.12402263326275498,0.044022633262754976,0.006182260168561586,5.518626648783219,5.282715991530597
0.08,15,60,70,0.12402263326275498,0.044022633262754976,0.006182260168561586,6.399079314038321,6.163168656785697
0.08,15,70,80,0.12402263326275498,0.044022633262754976,0.006182260168561586,7.27953197929342,7.043621322040796
0.08,16,10,20,0.1315219850377266,0.051521985037726606,0.003491049092169586,2.3483197117403227,2.060879401509064
0.08,16,20,30,0.1315219850377266,0.051521985037726606,0.003491049092169586,3.378759412494855,3.091319102263596
0.08,16,30,40,0.1315219850377266,0.051521985037726606,0.003491049092169586,4.409199113249386,4.121758803018128
0.08,16,40,50,0.1315219850377266,0.051521985037726606,0.003491049092169586,5.439638814003919,5.15219850377266
0.08,16,50,60,0.1315219850377266,0.051521985037726606,0.003491049092169586,6.470078514758451,6.182638204527192
0.08,16,60,70,0.1315219850377266,0.051521985037726606,0.003491049092169586,7.500518215512983,7.213077905281724
0.08,16,70,80,0.1315219850377266,0.051521985037726606,0.003491049092169586,8.530957916267514,8.243517606036256
0.08,17,10,20,0.13545518816116192,0.05545518816116192,0.005586128299853769,2.5313562852326923,2.2182075264464767
0.08,17,20,30,0.13545518816116192,0.05545518816116192,0.005586128299853769,3.640460048455931,3.3273112896697152
0.08,17,30,40,0.13545518816116192,0.05545518816116192,0.005586128299853769,4.7495638116791685,4.436415052892953
0.08,17,40,50,0.13545518816116192,0.05545518816116192,0.005586128299853769,5.858667574902409,5.545518816116192
0.08,17,50,60,0.13545518816116192,0.05545518816116192,0.005586128299853769,6.9677713381256465,6.6546225793394305
0.08,17,60,70,0.13545518816116192,0.05545518816116192,0.005586128299853769,8.076875101348886,7.763726342562669
0.08,17,70,80,0.13545518816116192,0.05545518816116192,0.005586128299853769,9.185978864572121,8.872830105785907
0.08,18,10,20,0.12131587601420864,0.041315876014208636,0.0052834134891153505,1.8690755016752267,1.6526350405683454
0.08,18,20,30,0.12131587601420864,0.041315876014208636,0.0052834134891153505,2.6953930219594,2.4789525608525182
0.08,18,30,40,0.12131587601420864,0.041315876014208636,0.0052834134891153505,3.5217105422435715,3.305270081136691
0.08,18,40,50,0.12131587601420864,0.041315876014208636,0.0052834134891153505,4.348028062527744,4.131587601420864
0.08,18,50,60,0.12131587601420864,0.041315876014208636,0.0052834134891153505,5.174345582811918,4.9579051217050365
0.08,18,60,70,0.12131587601420864,0.041315876014208636,0.0052834134891153505,6.000663103096091,5.784222641989209
0.08,18,70,80,0.12131587601420864,0.041315876014208636,0.0052834134891153505,6.826980623380262,6.610540162273382
0.08,19,10,20,0.1304548288898581,0.0504548288898581,0.004367164250319371,2.2985070839833206,2.0181931555943238
0.08,19,20,30,0.1304548288898581,0.0504548288898581,0.004367164250319371,3.307603661780483,3.027289733391486
0.08,19,30,40,0.1304548288898581,0.0504548288898581,0.004367164250319371,4.316700239577644,4.0363863111886475
0.08,19,40,50,0.1304548288898581,0.0504548288898581,0.004367164250319371,5.3257968173748065,5.04548288898581
0.08,19,50,60,0.1304548288898581,0.0504548288898581,0.004367164250319371,6.334893395171968,6.054579466782972
0.08,19,60,70,0.1304548288898581,0.0504548288898581,0.004367164250319371,7.343989972969133,7.063676044580133
0.08,19,70,80,0.1304548288898581,0.0504548288898581,0.004367164250319371,8.353086550766292,8.072772622377295
0.08,20,10,20,0.11650621591253335,0.03650621591253335,0.0026373278411326636,1.6408552341202114,1.4602486365013339
0.08,20,20,30,0.11650621591253335,0.03650621591253335,0.0026373278411326636,2.370979552370878,2.190372954752001
0.08,20,30,40,0.11650621591253335,0.03650621591253335,0.0026373278411326636,3.101103870621545,2.9204972730026677
0.08,20,40,50,0.11650621591253335,0.03650621591253335,0.0026373278411326636,3.8312281888722133,3.650621591253335
0.08,20,50,60,0.11650621591253335,0.03650621591253335,0.0026373278411326636,4.561352507122879,4.380745909504002
0.08,20,60,70,0.11650621591253335,0.03650621591253335,0.0026373278411326636,5.2914768253735485,5.110870227754669
0.08,20,70,80,0.11650621591253335,0.03650621591253335,0.0026373278411326636,6.021601143624213,5.840994546005335
0.08,21,10,20,0.1177542346333916,0.0377542346333916,0.0002854154296665285,1.7002317147393602,1.5101693853356641
0.08,21,20,30,0.1177542346333916,0.0377542346333916,0.0002854154296665285,2.4553164074071923,2.265254078003496
0.08,21,30,40,0.1177542346333916,0.0377542346333916,0.0002854154296665285,3.210401100075024,3.0203387706713283
0.08,21,40,50,0.1177542346333916,0.0377542346333916,0.0002854154296665285,3.9654857927428573,3.77542346333916
0.08,21,50,60,0.1177542346333916,0.0377542346333916,0.0002854154296665285,4.720570485410687,4.530508156006992
0.08,21,60,70,0.1177542346333916,0.0377542346333916,0.0002854154296665285,5.4756551780785205,5.285592848674824
0.08,21,70,80,0.1177542346333916,0.0377542346333916,0.0002854154296665285,6.230739870746351,6.0406775413426566
0.08,22,10,20,0.12261230388855941,0.04261230388855941,0.0023000450773666956,1.9303185292968594,1.7044921555423764
0.08,22,20,30,0.12261230388855941,0.04261230388855941,0.0023000450773666956,2.782564607068048,2.5567382333135646
0.08,22,30,40,0.12261230388855941,0.04261230388855941,0.0023000450773666956,3.634810684839236,3.408984311084753
0.08,22,40,50,0.12261230388855941,0.04261230388855941,0.0023000450773666956,4.487056762610424,4.261230388855941
0.08,22,50,60,0.12261230388855941,0.04261230388855941,0.0023000450773666956,5.339302840381612,5.113476466627129
0.08,22,60,70,0.12261230388855941,0.04261230388855941,0.0023000450773666956,6.191548918152801,5.965722544398318
0.08,22,70,80,0.12261230388855941,0.04261230388855941,0.0023000450773666956,7.043794995923989,6.817968622169506
0.08,23,10,20,0.1326200691624016,0.0526200691624016,0.005181365659491821,2.39950767138642,2.104802766496064
0.08,23,20,30,0.1326200691624016,0.0526200691624016,0.005181365659491821,3.451909054634453,3.157204149744096
0.08,23,30,40,0.1326200691624016,0.0526200691624016,0.005181365659491821,4.504310437882484,4.209605532992128
0.08,23,40,50,0.1326200691624016,0.0526200691624016,0.005181365659491821,5.556711821130516,5.26200691624016
0.08,23,50,60,0.1326200691624016,0.0526200691624016,0.005181365659491821,6.609113204378548,6.314408299488192
0.08,23,60,70,0.1326200691624016,0.0526200691624016,0.005181365659491821,7.661514587626581,7.366809682736224
0.08,23,70,80,0.1326200691624016,0.0526200691624016,0.005181365659491821,8.713915970874613,8.419211065984255
0.08,24,10,20,0.1339248383795153,0.0539248383795153,0.002023775836664087,2.46024188311785,2.1569935351806118
0.08,24,20,30,0.1339248383795153,0.0539248383795153,0.002023775836664087,3.538738650708156,3.2354903027709176
0.08,24,30,40,0.1339248383795153,0.0539248383795153,0.002023775836664087,4.617235418298462,4.3139870703612235
0.08,24,40,50,0.1339248383795153,0.0539248383795153,0.002023775836664087,5.695732185888769,5.39248383795153
0.08,24,50,60,0.1339248383795153,0.0539248383795153,0.002023775836664087,6.774228953479073,6.470980605541835
0.08,24,60,70,0.1339248383795153,0.0539248383795153,0.002023775836664087,7.85272572106938,7.549477373132142
0.08,24,70,80,0.1339248383795153,0.0539248383795153,0.002023775836664087,8.931222488659685,8.627974140722447
0.08,25,10,20,0.12458361062205026,0.044583610622050254,0.006357369195446201,2.0232303111145398,1.78334442488201
0.08,25,20,30,0.12458361062205026,0.044583610622050254,0.006357369195446201,2.9149025235555452,2.675016637323015
0.08,25,30,40,0.12458361062205026,0.044583610622050254,0.006357369195446201,3.8065747359965503,3.56668884976402
0.08,25,40,50,0.12458361062205026,0.044583610622050254,0.006357369195446201,4.698246948437555,4.458361062205025
0.08,25,50,60,0.12458361062205026,0.044583610622050254,0.006357369195446201,5.5899191608785594,5.35003327464603
0.08,25,60,70,0.12458361062205026,0.044583610622050254,0.006357369195446201,6.481591373319565,6.241705487087035
0.08,25,70,80,0.12458361062205026,0.044583610622050254,0.006357369195446201,7.373263585760569,7.13337769952804
0.08,26,10,20,0.13597691233543927,0.05597691233543926,0.016928737978929177,2.555571339354887,2.2390764934175706
0.08,26,20,30,0.13597691233543927,0.05597691233543926,0.016928737978929177,3.675109586063673,3.358614740126356
0.08,26,30,40,0.13597691233543927,0.05597691233543926,0.016928737978929177,4.794647832772457,4.478152986835141
0.08,26,40,50,0.13597691233543927,0.05597691233543926,0.016928737978929177,5.914186079481244,5.597691233543927
0.08,26,50,60,0.13597691233543927,0.05597691233543926,0.016928737978929177,7.033724326190028,6.717229480252712
0.08,26,60,70,0.13597691233543927,0.05597691233543926,0.016928737978929177,8.153262572898814,7.836767726961497
0.08,26,70,80,0.13597691233543927,0.05597691233543926,0.016928737978929177,9.2728008196076,8.956305973670283
0.08,27,10,20,0.12652481513844072,0.046524815138440714,0.00492220689674854,2.114479838400873,1.8609926055376285
0.08,27,20,30,0.12652481513844072,0.046524815138440714,0.00492220689674854,3.0449761411696876,2.7914889083064427
0.08,27,30,40,0.12652481513844072,0.046524815138440714,0.00492220689674854,3.975472443938502,3.721985211075257
0.08,27,40,50,0.12652481513844072,0.046524815138440714,0.00492220689674854,4.905968746707316,4.652481513844071
0.08,27,50,60,0.12652481513844072,0.046524815138440714,0.00492220689674854,5.836465049476129,5.582977816612885
0.08,27,60,70,0.12652481513844072,0.046524815138440714,0.00492220689674854,6.7669613522449445,6.5134741193817
0.08,27,70,80,0.12652481513844072,0.046524815138440714,0.00492220689674854,7.697457655013757,7.443970422150514
0.08,28,10,20,0.12303926665754152,0.043039266657541514,0.0038878995518702593,1.9504637095060824,1.7215706663016606
0.08,28,20,30,0.12303926665754152,0.043039266657541514,0.0038878995518702593,2.8112490426569128,2.5823559994524907
0.08,28,30,40,0.12303926665754152,0.043039266657541514,0.0038878995518702593,3.6720343758077423,3.443141332603321
0.08,28,40,50,0.12303926665754152,0.043039266657541514,0.0038878995518702593,4.532819708958574,4.303926665754151
0.08,28,50,60,0.12303926665754152,0.043039266657541514,0.0038878995518702593,5.393605042109402,5.1647119989049814
0.08,28,60,70,0.12303926665754152,0.043039266657541514,0.0038878995518702593,6.254390375260234,6.025497332055812
0.08,28,70,80,0.12303926665754152,0.043039266657541514,0.0038878995518702593,7.115175708411062,6.886282665206642
0.08,29,10,20,0.11337549348148311,0.03337549348148311,0.0005383391607190596,1.4913978495577251,1.3350197392593244
0.08,29,20,30,0.11337549348148311,0.03337549348148311,0.0005383391607190596,2.158907719187388,2.0025296088889863
0.08,29,30,40,0.11337549348148311,0.03337549348148311,0.0005383391607190596,2.8264175888170495,2.6700394785186488
0.08,29,40,50,0.11337549348148311,0.03337549348148311,0.0005383391607190596,3.493927458446713,3.337549348148311
0.08,29,50,60,0.11337549348148311,0.03337549348148311,0.0005383391607190596,4.1614373280763735,4.005059217777973
0.08,29,60,70,0.11337549348148311,0.03337549348148311,0.0005383391607190596,4.828947197706038,4.672569087407635
0.08,29,70,80,0.11337549348148311,0.03337549348148311,0.0005383391607190596,5.496457067335697,5.3400789570372975
0.08,30,10,20,0.12490526820509096,0.044905268205090956,0.002937974780086345,2.0383668518596503,1.7962107282036381
0.08,30,20,30,0.12490526820509096,0.044905268205090956,0.002937974780086345,2.9364722159614702,2.694316092305457
0.08,30,30,40,0.12490526820509096,0.044905268205090956,0.002937974780086345,3.8345775800632893,3.5924214564072763
0.08,30,40,50,0.12490526820509096,0.044905268205090956,0.002937974780086345,4.7326829441651075,4.490526820509095
0.08,30,50,60,0.12490526820509096,0.044905268205090956,0.002937974780086345,5.630788308266927,5.388632184610914
0.08,30,60,70,0.12490526820509096,0.044905268205090956,0.002937974780086345,6.528893672368747,6.2867375487127335
0.08,30,70,80,0.12490526820509096,0.044905268205090956,0.002937974780086345,7.426999036470566,7.184842912814553
0.08,31,10,20,0.11265649088265665,0.03265649088265665,0.002700019333869079,1.4569677090283388,1.306259635306266
0.08,31,20,30,0.11265649088265665,0.03265649088265665,0.002700019333869079,2.1100975266814723,1.9593894529593991
0.08,31,30,40,0.11265649088265665,0.03265649088265665,0.002700019333869079,2.763227344334605,2.612519270612532
0.08,31,40,50,0.11265649088265665,0.03265649088265665,0.002700019333869079,3.4163571619877384,3.2656490882656652
0.08,31,50,60,0.11265649088265665,0.03265649088265665,0.002700019333869079,4.06948697964087,3.9187789059187983
0.08,31,60,70,0.11265649088265665,0.03265649088265665,0.002700019333869079,4.722616797294005,4.571908723571932
0.08,31,70,80,0.11265649088265665,0.03265649088265665,0.002700019333869079,5.375746614947136,5.225038541225064
0.08,32,10,20,0.11762907317419964,0.03762907317419964,0.00448696016134381,1.6942820428193714,1.5051629269679856
0.08,32,20,30,0.11762907317419964,0.03762907317419964,0.00448696016134381,2.446863506303365,2.2577443904519785
0.08,32,30,40,0.11762907317419964,0.03762907317419964,0.00448696016134381,3.1994449697873577,3.010325853935971
0.08,32,40,50,0.11762907317419964,0.03762907317419964,0.00448696016134381,3.9520264332713495,3.762907317419964
0.08,32,50,60,0.11762907317419964,0.03762907317419964,0.00448696016134381,4.704607896755342,4.515488780903957
0.08,32,60,70,0.11762907317419964,0.03762907317419964,0.00448696016134381,5.457189360239337,5.26807024438795
0.08,32,70,80,0.11762907317419964,0.03762907317419964,0.00448696016134381,6.2097708237233284,6.020651707871942
0.08,33,10,20,0.12426280048624974,0.04426280048624974,0.003496073459102327,2.008127044051148,1.7705120194499897
0.08,33,20,30,0.12426280048624974,0.04426280048624974,0.003496073459102327,2.8933830537761436,2.6557680291749843
0.08,33,30,40,0.12426280048624974,0.04426280048624974,0.003496073459102327,3.778639063501137,3.5410240388999794
0.08,33,40,50,0.12426280048624974,0.04426280048624974,0.003496073459102327,4.663895073226133,4.426280048624974
0.08,33,50,60,0.12426280048624974,0.04426280048624974,0.003496073459102327,5.549151082951128,5.311536058349969
0.08,33,60,70,0.12426280048624974,0.04426280048624974,0.003496073459102327,6.434407092676123,6.196792068074964
0.08,33,70,80,0.12426280048624974,0.04426280048624974,0.003496073459102327,7.319663102401115,7.082048077799959
0.08,34,10,20,0.12288008738217487,0.04288008738217487,0.004155579855094049,1.9429546350956048,1.7152034952869948
0.08,34,20,30,0.12288008738217487,0.04288008738217487,0.004155579855094049,2.800556382739103,2.5728052429304924
0.08,34,30,40,0.12288008738217487,0.04288008738217487,0.004155579855094049,3.658158130382599,3.4304069905739896
0.08,34,40,50,0.12288008738217487,0.04288008738217487,0.004155579855094049,4.515759878026097,4.288008738217488
0.08,34,50,60,0.12288008738217487,0.04288008738217487,0.004155579855094049,5.373361625669594,5.145610485860985
0.08,34,60,70,0.12288008738217487,0.04288008738217487,0.004155579855094049,6.230963373313093,6.003212233504482
0.08,34,70,80,0.12288008738217487,0.04288008738217487,0.004155579855094049,7.088565120956591,6.860813981147979
0.08,35,10,20,0.12596618936955814,0.04596618936955814,0.003338122462554423,2.0882450269315562,1.8386475747823257
0.08,35,20,30,0.12596618936955814,0.04596618936955814,0.003338122462554423,3.0075688143227195,2.7579713621734885
0.08,35,30,40,0.12596618936955814,0.04596618936955814,0.003338122462554423,3.926892601713881,3.6772951495646513
0.08,35,40,50,0.12596618936955814,0.04596618936955814,0.003338122462554423,4.846216389105045,4.596618936955814
0.08,35,50,60,0.12596618936955814,0.04596618936955814,0.003338122462554423,5.765540176496207,5.515942724346977
0.08,35,60,70,0.12596618936955814,0.04596618936955814,0.003338122462554423,6.68486396388737,6.435266511738139
0.08,35,70,80,0.12596618936955814,0.04596618936955814,0.003338122462554423,7.604187751278534,7.354590299129303
0.08,36,10,20,0.1214169611757505,0.0414169611757505,0.0016821983613442362,1.8738548008109221,1.65667844703002
0.08,36,20,30,0.1214169611757505,0.0414169611757505,0.0016821983613442362,2.702194024325932,2.48501767054503
0.08,36,30,40,0.1214169611757505,0.0414169611757505,0.0016821983613442362,3.530533247840941,3.31335689406004
0.08,36,40,50,0.1214169611757505,0.0414169611757505,0.0016821983613442362,4.3588724713559515,4.14169611757505
0.08,36,50,60,0.1214169611757505,0.0414169611757505,0.0016821983613442362,5.187211694870961,4.97003534109006
0.08,36,60,70,0.1214169611757505,0.0414169611757505,0.0016821983613442362,6.015550918385971,5.79837456460507
0.08,36,70,80,0.1214169611757505,0.0414169611757505,0.0016821983613442362,6.843890141900982,6.62671378812008
0.08,37,10,20,0.12105609294965777,0.04105609294965777,0.001604076970400381,1.856789805056318,1.642243717986311
0.08,37,20,30,0.12105609294965777,0.04105609294965777,0.001604076970400381,2.677911664049474,2.4633655769794665
0.08,37,30,40,0.12105609294965777,0.04105609294965777,0.001604076970400381,3.4990335230426286,3.284487435972622
0.08,37,40,50,0.12105609294965777,0.04105609294965777,0.001604076970400381,4.320155382035784,4.105609294965777
0.08,37,50,60,0.12105609294965777,0.04105609294965777,0.001604076970400381,5.141277241028939,4.926731153958933
0.08,37,60,70,0.12105609294965777,0.04105609294965777,0.001604076970400381,5.962399100022097,5.747853012952088
0.08,37,70,80,0.12105609294965777,0.04105609294965777,0.001604076970400381,6.783520959015249,6.568974871945244
0.08,38,10,20,0.12396101564545635,0.04396101564545635,0.002414481799577452,1.9939134075574305,1.7584406258182539
0.08,38,20,30,0.12396101564545635,0.04396101564545635,0.002414481799577452,2.8731337204665577,2.6376609387273806
0.08,38,30,40,0.12396101564545635,0.04396101564545635,0.002414481799577452,3.752354033375685,3.5168812516365078
0.08,38,40,50,0.12396101564545635,0.04396101564545635,0.002414481799577452,4.631574346284811,4.396101564545635
0.08,38,50,60,0.12396101564545635,0.04396101564545635,0.002414481799577452,5.510794659193938,5.275321877454761
0.08,38,60,70,0.12396101564545635,0.04396101564545635,0.002414481799577452,6.390014972103067,6.154542190363888
0.08,38,70,80,0.12396101564545635,0.04396101564545635,0.002414481799577452,7.2692352850121935,7.0337625032730156
0.08,39,10,20,0.10181562079792743,0.021815620797927426,0.002111001355118844,0.932606815689534,0.872624831917097
0.08,39,20,30,0.10181562079792743,0.021815620797927426,0.002111001355118844,1.368919231648083,1.3089372478756456
0.08,39,30,40,0.10181562079792743,0.021815620797927426,0.002111001355118844,1.8052316476066315,1.745249663834194
0.08,39,40,50,0.10181562079792743,0.021815620797927426,0.002111001355118844,2.241544063565181,2.1815620797927426
0.08,39,50,60,0.10181562079792743,0.021815620797927426,0.002111001355118844,2.6778564795237285,2.617874495751291
0.08,39,60,70,0.10181562079792743,0.021815620797927426,0.002111001355118844,3.114168895482278,3.0541869117098397
0.08,39,70,80,0.10181562079792743,0.021815620797927426,0.002111001355118844,3.5504813114408247,3.490499327668388
0.08,40,10,20,0.10762865428851687,0.027628654288516866,0.001488790333816954,1.2150412690462464,1.1051461715406745
0.08,40,20,30,0.10762865428851687,0.027628654288516866,0.001488790333816954,1.7676143548165841,1.657719257311012
0.08,40,30,40,0.10762865428851687,0.027628654288516866,0.001488790333816954,2.3201874405869205,2.210292343081349
0.08,40,40,50,0.10762865428851687,0.027628654288516866,0.001488790333816954,2.8727605263572578,2.7628654288516867
0.08,40,50,60,0.10762865428851687,0.027628654288516866,0.001488790333816954,3.425333612127596,3.315438514622024
0.08,40,60,70,0.10762865428851687,0.027628654288516866,0.001488790333816954,3.977906697897934,3.8680116003923612
0.08,40,70,80,0.10762865428851687,0.027628654288516866,0.001488790333816954,4.5304797836682695,4.420584686162698
0.08,41,10,20,0.11228921231412363,0.03228921231412363,0.0006377165787810346,1.4393645975184208,1.291568492564945
0.08,41,20,30,0.11228921231412363,0.03228921231412363,0.0006377165787810346,2.0851488438008934,1.9373527388474177
0.08,41,30,40,0.11228921231412363,0.03228921231412363,0.0006377165787810346,2.730933090083366,2.58313698512989
0.08,41,40,50,0.11228921231412363,0.03228921231412363,0.0006377165787810346,3.3767173363658394,3.2289212314123628
0.08,41,50,60,0.11228921231412363,0.03228921231412363,0.0006377165787810346,4.022501582648311,3.8747054776948353
0.08,41,60,70,0.11228921231412363,0.03228921231412363,0.0006377165787810346,4.6682858289307845,4.520489723977308
0.08,41,70,80,0.11228921231412363,0.03228921231412363,0.0006377165787810346,5.314070075213255,5.16627397025978
0.08,42,10,20,0.10596132964184032,0.025961329641840322,0.0015071087464620216,1.1343435957146633,1.038453185673613
0.08,42,20,30,0.10596132964184032,0.025961329641840322,0.0015071087464620216,1.6535701885514706,1.5576797785104193
0.08,42,30,40,0.10596132964184032,0.025961329641840322,0.0015071087464620216,2.172796781388276,2.076906371347226
0.08,42,40,50,0.10596132964184032,0.025961329641840322,0.0015071087464620216,2.6920233742250836,2.596132964184032
0.08,42,50,60,0.10596132964184032,0.025961329641840322,0.0015071087464620216,3.2112499670618897,3.1153595570208386
0.08,42,60,70,0.10596132964184032,0.025961329641840322,0.0015071087464620216,3.7304765598986975,3.634586149857645
0.08,42,70,80,0.10596132964184032,0.025961329641840322,0.0015071087464620216,4.249703152735503,4.153812742694452
0.08,43,10,20,0.1432644216125706,0.0632644216125706,0.005989385991187694,2.892329839085008,2.5305768645028244
0.08,43,20,30,0.1432644216125706,0.0632644216125706,0.005989385991187694,4.15761827133642,3.7958652967542363
0.08,43,30,40,0.1432644216125706,0.0632644216125706,0.005989385991187694,5.422906703587831,5.061153729005649
0.08,43,40,50,0.1432644216125706,0.0632644216125706,0.005989385991187694,6.688195135839244,6.32644216125706
0.08,43,50,60,0.1432644216125706,0.0632644216125706,0.005989385991187694,7.953483568090657,7.591730593508473
0.08,43,60,70,0.1432644216125706,0.0632644216125706,0.005989385991187694,9.21877200034207,8.857019025759884
0.08,43,70,80,0.1432644216125706,0.0632644216125706,0.005989385991187694,10.48406043259348,10.122307458011297
0.08,44,10,20,0.10847311993011663,0.028473119930116628,0.0044542842648642,1.2558213041446744,1.1389247972046652
0.08,44,20,30,0.10847311993011663,0.028473119930116628,0.0044542842648642,1.825283702747008,1.7083871958069976
0.08,44,30,40,0.10847311993011663,0.028473119930116628,0.0044542842648642,2.394746101349339,2.2778495944093304
0.08,44,40,50,0.10847311993011663,0.028473119930116628,0.0044542842648642,2.9642084999516722,2.8473119930116626
0.08,44,50,60,0.10847311993011663,0.028473119930116628,0.0044542842648642,3.5336708985540044,3.416774391613995
0.08,44,60,70,0.10847311993011663,0.028473119930116628,0.0044542842648642,4.103133297156338,3.986236790216328
0.08,44,70,80,0.10847311993011663,0.028473119930116628,0.0044542842648642,4.67259569575867,4.555699188818661
0.08,45,10,20,0.11512070336199812,0.035120703361998115,0.0014210442119309088,1.5748033507381067,1.4048281344799247
0.08,45,20,30,0.11512070336199812,0.035120703361998115,0.0014210442119309088,2.2772174179780693,2.107242201719887
0.08,45,30,40,0.11512070336199812,0.035120703361998115,0.0014210442119309088,2.9796314852180306,2.8096562689598494
0.08,45,40,50,0.11512070336199812,0.035120703361998115,0.0014210442119309088,3.6820455524579945,3.5120703361998116
0.08,45,50,60,0.11512070336199812,0.035120703361998115,0.0014210442119309088,4.384459619697956,4.214484403439774
0.08,45,60,70,0.11512070336199812,0.035120703361998115,0.0014210442119309088,5.086873686937919,4.916898470679736
0.08,45,70,80,0.11512070336199812,0.035120703361998115,0.0014210442119309088,5.789287754177881,5.619312537919699
0.08,46,10,20,0.12178269622741877,0.04178269622741877,0.0021900155881492567,1.8911409737468712,1.6713078490967508
0.08,46,20,30,0.12178269622741877,0.04178269622741877,0.0021900155881492567,2.726794898295247,2.506961773645126
0.08,46,30,40,0.12178269622741877,0.04178269622741877,0.0021900155881492567,3.5624488228436224,3.3426156981935016
0.08,46,40,50,0.12178269622741877,0.04178269622741877,0.0021900155881492567,4.398102747391999,4.178269622741877
0.08,46,50,60,0.12178269622741877,0.04178269622741877,0.0021900155881492567,5.233756671940372,5.013923547290252
0.08,46,60,70,0.12178269622741877,0.04178269622741877,0.0021900155881492567,6.0694105964887495,5.849577471838628
0.08,46,70,80,0.12178269622741877,0.04178269622741877,0.0021900155881492567,6.905064521037122,6.685231396387003
0.08,47,10,20,0.11715567161940214,0.03715567161940214,0.004250452858982577,1.6717682259154838,1.4862268647760857
0.08,47,20,30,0.11715567161940214,0.03715567161940214,0.004250452858982577,2.4148816583035266,2.2293402971641285
0.08,47,30,40,0.11715567161940214,0.03715567161940214,0.004250452858982577,3.1579950906915695,2.9724537295521714
0.08,47,40,50,0.11715567161940214,0.03715567161940214,0.004250452858982577,3.9011085230796123,3.715567161940214
0.08,47,50,60,0.11715567161940214,0.03715567161940214,0.004250452858982577,4.644221955467654,4.458680594328257
0.08,47,60,70,0.11715567161940214,0.03715567161940214,0.004250452858982577,5.387335387855698,5.2017940267163
0.08,47,70,80,0.11715567161940214,0.03715567161940214,0.004250452858982577,6.130448820243743,5.944907459104343
0.08,48,10,20,0.10594951653411648,0.02594951653411648,0.001598892071874941,1.1337709763056107,1.0379806613646592
0.08,48,20,30,0.10594951653411648,0.02594951653411648,0.001598892071874941,1.6527613069879408,1.5569709920469887
0.08,48,30,40,0.10594951653411648,0.02594951653411648,0.001598892071874941,2.17175163767027,2.0759613227293183
0.08,48,40,50,0.10594951653411648,0.02594951653411648,0.001598892071874941,2.690741968352599,2.594951653411648
0.08,48,50,60,0.10594951653411648,0.02594951653411648,0.001598892071874941,3.209732299034928,3.1139419840939775
0.08,48,60,70,0.10594951653411648,0.02594951653411648,0.001598892071874941,3.728722629717259,3.632932314776307
0.08,48,70,80,0.10594951653411648,0.02594951653411648,0.001598892071874941,4.247712960399587,4.151922645458637
0.08,49,10,20,0.12849370288709774,0.04849370288709774,0.001890678842622227,2.206791496167026,1.9397481154839098
0.08,49,20,30,0.12849370288709774,0.04849370288709774,0.001890678842622227,3.1766655539089816,2.9096221732258645
0.08,49,30,40,0.12849370288709774,0.04849370288709774,0.001890678842622227,4.146539611650935,3.8794962309678196
0.08,49,40,50,0.12849370288709774,0.04849370288709774,0.001890678842622227,5.116413669392891,4.849370288709774
0.08,49,50,60,0.12849370288709774,0.04849370288709774,0.001890678842622227,6.086287727134844,5.819244346451729
0.08,49,60,70,0.12849370288709774,0.04849370288709774,0.001890678842622227,7.0561617848767995,6.789118404193684
0.08,49,70,80,0.12849370288709774,0.04849370288709774,0.001890678842622227,8.026035842618754,7.758992461935639
0.08,50,10,20,0.12665584629175405,0.04665584629175405,0.002127945133792357,2.1206306569338733,1.8662338516701622
0.08,50,20,30,0.12665584629175405,0.04665584629175405,0.002127945133792357,3.0537475827689544,2.7993507775052433
0.08,50,30,40,0.12665584629175405,0.04665584629175405,0.002127945133792357,3.986864508604036,3.7324677033403244
0.08,50,40,50,0.12665584629175405,0.04665584629175405,0.002127945133792357,4.9199814344391175,4.665584629175405
0.08,50,50,60,0.12665584629175405,0.04665584629175405,0.002127945133792357,5.853098360274198,5.598701555010487
0.08,50,60,70,0.12665584629175405,0.04665584629175405,0.002127945133792357,6.786215286109279,6.531818480845567
0.08,50,70,80,0.12665584629175405,0.04665584629175405,0.002127945133792357,7.719332211944359,7.464935406680649
0.08,51,10,20,0.12898274623551292,0.04898274623551292,0.00345000352224067,2.229683896733983,1.9593098494205168
0.08,51,20,30,0.12898274623551292,0.04898274623551292,0.00345000352224067,3.209338821444242,2.9389647741307754
0.08,51,30,40,0.12898274623551292,0.04898274623551292,0.00345000352224067,4.1889937461545,3.9186196988410336
0.08,51,40,50,0.12898274623551292,0.04898274623551292,0.00345000352224067,5.1686486708647585,4.898274623551292
0.08,51,50,60,0.12898274623551292,0.04898274623551292,0.00345000352224067,6.148303595575018,5.877929548261551
0.08,51,60,70,0.12898274623551292,0.04898274623551292,0.00345000352224067,7.127958520285276,6.857584472971809
0.08,51,70,80,0.12898274623551292,0.04898274623551292,0.00345000352224067,8.107613444995533,7.837239397682067
0.08,52,10,20,0.12277711752329194,0.04277711752329194,0.0014122364324669202,1.9380962773978556,1.7110847009316776
0.08,52,20,30,0.12277711752329194,0.04277711752329194,0.0014122364324669202,2.793638627863695,2.5666270513975165
0.08,52,30,40,0.12277711752329194,0.04277711752329194,0.0014122364324669202,3.6491809783295324,3.4221694018633553
0.08,52,40,50,0.12277711752329194,0.04277711752329194,0.0014122364324669202,4.504723328795372,4.2777117523291945
0.08,52,50,60,0.12277711752329194,0.04277711752329194,0.0014122364324669202,5.36026567926121,5.133254102795033
0.08,52,60,70,0.12277711752329194,0.04277711752329194,0.0014122364324669202,6.21580802972705,5.988796453260871
0.08,52,70,80,0.12277711752329194,0.04277711752329194,0.0014122364324669202,7.071350380192889,6.8443388037267106
0.08,53,10,20,0.12111600233621861,0.04111600233621861,0.00444483587342569,1.8596234538954133,1.6446400934487442
0.08,53,20,30,0.12111600233621861,0.04111600233621861,0.00444483587342569,2.681943500619786,2.4669601401731165
0.08,53,30,40,0.12111600233621861,0.04111600233621861,0.00444483587342569,3.5042635473441575,3.2892801868974884
0.08,53,40,50,0.12111600233621861,0.04111600233621861,0.00444483587342569,4.326583594068531,4.111600233621861
0.08,53,50,60,0.12111600233621861,0.04111600233621861,0.00444483587342569,5.148903640792901,4.933920280346233
0.08,53,60,70,0.12111600233621861,0.04111600233621861,0.00444483587342569,5.971223687517275,5.756240327070605
0.08,53,70,80,0.12111600233621861,0.04111600233621861,0.00444483587342569,6.793543734241645,6.578560373794977
0.08,54,10,20,0.12492406191017286,0.044924061910172855,0.004357655377249618,2.039251040433162,1.796962476406914
0.08,54,20,30,0.12492406191017286,0.044924061910172855,0.004357655377249618,2.937732278636619,2.6954437146103714
0.08,54,30,40,0.12492406191017286,0.044924061910172855,0.004357655377249618,3.8362135168400755,3.593924952813828
0.08,54,40,50,0.12492406191017286,0.044924061910172855,0.004357655377249618,4.734694755043533,4.492406191017285
0.08,54,50,60,0.12492406191017286,0.044924061910172855,0.004357655377249618,5.633175993246991,5.390887429220743
0.08,54,60,70,0.12492406191017286,0.044924061910172855,0.004357655377249618,6.531657231450447,6.2893686674242
0.08,54,70,80,0.12492406191017286,0.044924061910172855,0.004357655377249618,7.430138469653905,7.187849905627656
0.08,55,10,20,0.11876575598228843,0.03876575598228843,0.007218464150059537,1.7482743052911855,1.5506302392915372
0.08,55,20,30,0.11876575598228843,0.03876575598228843,0.007218464150059537,2.5235894249369544,2.3259453589373056
0.08,55,30,40,0.11876575598228843,0.03876575598228843,0.007218464150059537,3.2989045445827223,3.1012604785830744
0.08,55,40,50,0.11876575598228843,0.03876575598228843,0.007218464150059537,4.074219664228492,3.8765755982288432
0.08,55,50,60,0.11876575598228843,0.03876575598228843,0.007218464150059537,4.849534783874261,4.651890717874611
0.08,55,60,70,0.11876575598228843,0.03876575598228843,0.007218464150059537,5.62484990352003,5.42720583752038
0.08,55,70,80,0.11876575598228843,0.03876575598228843,0.007218464150059537,6.400165023165798,6.202520957166149
0.08,56,10,20,0.14068769554403054,0.06068769554403054,0.007394706232842055,2.773566225134349,2.4275078217612216
0.08,56,20,30,0.14068769554403054,0.06068769554403054,0.007394706232842055,3.9873201360149597,3.6412617326418326
0.08,56,30,40,0.14068769554403054,0.06068769554403054,0.007394706232842055,5.20107404689557,4.855015643522443
0.08,56,40,50,0.14068769554403054,0.06068769554403054,0.007394706232842055,6.414827957776183,6.068769554403055
0.08,56,50,60,0.14068769554403054,0.06068769554403054,0.007394706232842055,7.628581868656792,7.282523465283665
0.08,56,60,70,0.14068769554403054,0.06068769554403054,0.007394706232842055,8.842335779537404,8.496277376164276
0.08,56,70,80,0.14068769554403054,0.06068769554403054,0.007394706232842055,10.056089690418013,9.710031287044886
0.08,57,10,20,0.13034568724519205,0.05034568724519205,0.0033231273600746536,2.293408846982578,2.013827489807682
0.08,57,20,30,0.13034568724519205,0.05034568724519205,0.0033231273600746536,3.3003225918864194,3.020741234711523
0.08,57,30,40,0.13034568724519205,0.05034568724519205,0.0033231273600746536,4.307236336790259,4.027654979615364
0.08,57,40,50,0.13034568724519205,0.05034568724519205,0.0033231273600746536,5.314150081694102,5.034568724519205
0.08,57,50,60,0.13034568724519205,0.05034568724519205,0.0033231273600746536,6.321063826597942,6.041482469423046
0.08,57,60,70,0.13034568724519205,0.05034568724519205,0.0033231273600746536,7.327977571501783,7.048396214326886
0.08,57,70,80,0.13034568724519205,0.05034568724519205,0.0033231273600746536,8.334891316405624,8.055309959230728
0.08,58,10,20,0.13377187153508532,0.05377187153508532,0.008675290828635048,2.4531265224710306,2.150874861403413
0.08,58,20,30,0.13377187153508532,0.05377187153508532,0.008675290828635048,3.5285639531727373,3.2263122921051193
0.08,58,30,40,0.13377187153508532,0.05377187153508532,0.008675290828635048,4.604001383874442,4.301749722806826
0.08,58,40,50,0.13377187153508532,0.05377187153508532,0.008675290828635048,5.67943881457615,5.377187153508532
0.08,58,50,60,0.13377187153508532,0.05377187153508532,0.008675290828635048,6.754876245277855,6.4526245842102385
0.08,58,60,70,0.13377187153508532,0.05377187153508532,0.008675290828635048,7.830313675979564,7.528062014911945
0.08,58,70,80,0.13377187153508532,0.05377187153508532,0.008675290828635048,8.905751106681269,8.603499445613652
0.08,59,10,20,0.1293987946257247,0.049398794625724704,0.0024745646417602095,2.2491481022025424,1.9759517850289883
0.08,59,20,30,0.1293987946257247,0.049398794625724704,0.0024745646417602095,3.237123994717037,2.963927677543482
0.08,59,30,40,0.1293987946257247,0.049398794625724704,0.0024745646417602095,4.225099887231531,3.9519035700579765
0.08,59,40,50,0.1293987946257247,0.049398794625724704,0.0024745646417602095,5.213075779746024,4.9398794625724705
0.08,59,50,60,0.1293987946257247,0.049398794625724704,0.0024745646417602095,6.201051672260518,5.927855355086964
0.08,59,60,70,0.1293987946257247,0.049398794625724704,0.0024745646417602095,7.189027564775014,6.915831247601458
0.08,59,70,80,0.1293987946257247,0.049398794625724704,0.0024745646417602095,8.177003457289505,7.903807140115953
0.08,60,10,20,0.11077322288884849,0.030773222888848484,0.0006819914663302845,1.3665919751834634,1.2309289155539394
0.08,60,20,30,0.11077322288884849,0.030773222888848484,0.0006819914663302845,1.9820564329604338,1.846393373330909
0.08,60,30,40,0.11077322288884849,0.030773222888848484,0.0006819914663302845,2.597520890737403,2.4618578311078787
0.08,60,40,50,0.11077322288884849,0.030773222888848484,0.0006819914663302845,3.2129853485143727,3.077322288884848
0.08,60,50,60,0.11077322288884849,0.030773222888848484,0.0006819914663302845,3.828449806291343,3.692786746661818
0.08,60,60,70,0.11077322288884849,0.030773222888848484,0.0006819914663302845,4.443914264068313,4.308251204438788
0.08,60,70,80,0.11077322288884849,0.030773222888848484,0.0006819914663302845,5.059378721845281,4.923715662215757
0.08,61,10,20,0.1041848605939757,0.024184860593975704,0.003901008109509936,1.0480917430054237,0.9673944237590282
0.08,61,20,30,0.1041848605939757,0.024184860593975704,0.003901008109509936,1.531788954884938,1.4510916356385422
0.08,61,30,40,0.1041848605939757,0.024184860593975704,0.003901008109509936,2.015486166764452,1.9347888475180564
0.08,61,40,50,0.1041848605939757,0.024184860593975704,0.003901008109509936,2.4991833786439663,2.4184860593975706
0.08,61,50,60,0.1041848605939757,0.024184860593975704,0.003901008109509936,2.9828805905234796,2.9021832712770843
0.08,61,60,70,0.1041848605939757,0.024184860593975704,0.003901008109509936,3.4665778024029947,3.3858804831565985
0.08,61,70,80,0.1041848605939757,0.024184860593975704,0.003901008109509936,3.950275014282507,3.8695776950361127
0.08,62,10,20,0.10203796310261472,0.022037963102614716,0.0035661896151143978,0.9434671075814012,0.8815185241045886
0.08,62,20,30,0.10203796310261472,0.022037963102614716,0.0035661896151143978,1.384226369633696,1.3222777861568829
0.08,62,30,40,0.10203796310261472,0.022037963102614716,0.0035661896151143978,1.8249856316859905,1.7630370482091773
0.08,62,40,50,0.10203796310261472,0.022037963102614716,0.0035661896151143978,2.265744893738285,2.2037963102614717
0.08,62,50,60,0.10203796310261472,0.022037963102614716,0.0035661896151143978,2.7065041557905785,2.6445555723137657
0.08,62,60,70,0.10203796310261472,0.022037963102614716,0.0035661896151143978,3.147263417842874,3.08531483436606
0.08,62,70,80,0.10203796310261472,0.022037963102614716,0.0035661896151143978,3.5880226798951664,3.5260740964183546
0.08,63,10,20,0.12723982812168486,0.047239828121684854,0.0016966186938538821,2.14803081320444,1.8895931248673943
0.08,63,20,30,0.12723982812168486,0.047239828121684854,0.0016966186938538821,3.0928273756381373,2.8343896873010914
0.08,63,30,40,0.12723982812168486,0.047239828121684854,0.0016966186938538821,4.037623938071835,3.7791862497347886
0.08,63,40,50,0.12723982812168486,0.047239828121684854,0.0016966186938538821,4.9824205005055315,4.723982812168486
0.08,63,50,60,0.12723982812168486,0.047239828121684854,0.0016966186938538821,5.927217062939229,5.668779374602183
0.08,63,60,70,0.12723982812168486,0.047239828121684854,0.0016966186938538821,6.872013625372926,6.61357593703588
0.08,63,70,80,0.12723982812168486,0.047239828121684854,0.0016966186938538821,7.816810187806624,7.558372499469577
0.08,64,10,20,0.12749930289507594,0.04749930289507594,0.00549884625111297,2.160198514900569,1.8999721158030374
0.08,64,20,30,0.12749930289507594,0.04749930289507594,0.00549884625111297,3.1101845728020887,2.849958173704556
0.08,64,30,40,0.12749930289507594,0.04749930289507594,0.00549884625111297,4.060170630703606,3.7999442316060748
0.08,64,40,50,0.12749930289507594,0.04749930289507594,0.00549884625111297,5.010156688605125,4.749930289507594
0.08,64,50,60,0.12749930289507594,0.04749930289507594,0.00549884625111297,5.960142746506643,5.699916347409112
0.08,64,60,70,0.12749930289507594,0.04749930289507594,0.00549884625111297,6.9101288044081635,6.649902405310631
0.08,64,70,80,0.12749930289507594,0.04749930289507594,0.00549884625111297,7.860114862309683,7.5998884632121495
0.08,65,10,20,0.10951387015090318,0.029513870150903176,0.001239834721948125,1.305997154082664,1.180554806036127
0.08,65,20,30,0.10951387015090318,0.029513870150903176,0.001239834721948125,1.8962745571007282,1.7708322090541906
0.08,65,30,40,0.10951387015090318,0.029513870150903176,0.001239834721948125,2.486551960118791,2.361109612072254
0.08,65,40,50,0.10951387015090318,0.029513870150903176,0.001239834721948125,3.0768293631368557,2.951387015090318
0.08,65,50,60,0.10951387015090318,0.029513870150903176,0.001239834721948125,3.6671067661549186,3.541664418108381
0.08,65,60,70,0.10951387015090318,0.029513870150903176,0.001239834721948125,4.257384169172983,4.1319418211264445
0.08,65,70,80,0.10951387015090318,0.029513870150903176,0.001239834721948125,4.847661572191045,4.722219224144508
0.08,66,10,20,0.11638189927467146,0.03638189927467146,0.0037702073450258805,1.6349344559258907,1.4552759709868583
0.08,66,20,30,0.11638189927467146,0.03638189927467146,0.0037702073450258805,2.3625724414193208,2.1829139564802875
0.08,66,30,40,0.11638189927467146,0.03638189927467146,0.0037702073450258805,3.0902104269127486,2.9105519419737167
0.08,66,40,50,0.11638189927467146,0.03638189927467146,0.0037702073450258805,3.8178484124061782,3.6381899274671463
0.08,66,50,60,0.11638189927467146,0.03638189927467146,0.0037702073450258805,4.545486397899608,4.365827912960575
0.08,66,60,70,0.11638189927467146,0.03638189927467146,0.0037702073450258805,5.2731243833930375,5.093465898454005
0.08,66,70,80,0.11638189927467146,0.03638189927467146,0.0037702073450258805,6.000762368886466,5.821103883947433
0.08,67,10,20,0.1243816152448363,0.0443816152448363,0.001986469385827421,2.0137214386111078,1.7752646097934521
0.08,67,20,30,0.1243816152448363,0.0443816152448363,0.001986469385827421,2.9013537435078343,2.662896914690178
0.08,67,30,40,0.1243816152448363,0.0443816152448363,0.001986469385827421,3.78898604840456,3.5505292195869043
0.08,67,40,50,0.1243816152448363,0.0443816152448363,0.001986469385827421,4.676618353301286,4.438161524483631
0.08,67,50,60,0.1243816152448363,0.0443816152448363,0.001986469385827421,5.564250658198012,5.325793829380356
0.08,67,60,70,0.1243816152448363,0.0443816152448363,0.001986469385827421,6.451882963094739,6.213426134277082
0.08,67,70,80,0.1243816152448363,0.0443816152448363,0.001986469385827421,7.339515267991462,7.1010584391738085
0.08,68,10,20,0.13172822307368504,0.051728223073685034,0.0014219323010800909,2.3579388931634733,2.0691289229474013
0.08,68,20,30,0.13172822307368504,0.051728223073685034,0.0014219323010800909,3.3925033546371743,3.103693384421102
0.08,68,30,40,0.13172822307368504,0.051728223073685034,0.0014219323010800909,4.427067816110874,4.1382578458948025
0.08,68,40,50,0.13172822307368504,0.051728223073685034,0.0014219323010800909,5.461632277584576,5.172822307368503
0.08,68,50,60,0.13172822307368504,0.051728223073685034,0.0014219323010800909,6.496196739058276,6.207386768842204
0.08,68,60,70,0.13172822307368504,0.051728223073685034,0.0014219323010800909,7.530761200531977,7.241951230315904
0.08,68,70,80,0.13172822307368504,0.051728223073685034,0.0014219323010800909,8.565325662005677,8.276515691789605
0.08,69,10,20,0.12055364954361718,0.040553649543617176,0.002961705673891689,1.833015161343294,1.622145981744687
0.08,69,20,30,0.12055364954361718,0.040553649543617176,0.002961705673891689,2.6440881522156374,2.4332189726170306
0.08,69,30,40,0.12055364954361718,0.040553649543617176,0.002961705673891689,3.455161143087981,3.244291963489374
0.08,69,40,50,0.12055364954361718,0.040553649543617176,0.002961705673891689,4.2662341339603245,4.055364954361718
0.08,69,50,60,0.12055364954361718,0.040553649543617176,0.002961705673891689,5.077307124832667,4.866437945234061
0.08,69,60,70,0.12055364954361718,0.040553649543617176,0.002961705673891689,5.888380115705013,5.677510936106405
0.08,69,70,80,0.12055364954361718,0.040553649543617176,0.002961705673891689,6.699453106577355,6.488583926978748
0.08,70,10,20,0.14212425814407176,0.062124258144071756,0.002692539824492058,2.839819013017779,2.48497032576287
0.08,70,20,30,0.14212425814407176,0.062124258144071756,0.002692539824492058,4.082304175899214,3.7274554886443054
0.08,70,30,40,0.14212425814407176,0.062124258144071756,0.002692539824492058,5.324789338780649,4.96994065152574
0.08,70,40,50,0.14212425814407176,0.062124258144071756,0.002692539824492058,6.5672745016620855,6.212425814407176
0.08,70,50,60,0.14212425814407176,0.062124258144071756,0.002692539824492058,7.809759664543519,7.454910977288611
0.08,70,60,70,0.14212425814407176,0.062124258144071756,0.002692539824492058,9.052244827424957,8.697396140170046
0.08,70,70,80,0.14212425814407176,0.062124258144071756,0.002692539824492058,10.29472999030639,9.93988130305148
0.08,71,10,20,0.14546123494044966,0.06546123494044966,0.005445601314183425,2.993328724635284,2.618449397617986
0.08,71,20,30,0.14546123494044966,0.06546123494044966,0.005445601314183425,4.302553423444278,3.9276740964269794
0.08,71,30,40,0.14546123494044966,0.06546123494044966,0.005445601314183425,5.61177812225327,5.236898795235972
0.08,71,40,50,0.14546123494044966,0.06546123494044966,0.005445601314183425,6.921002821062265,6.5461234940449655
0.08,71,50,60,0.14546123494044966,0.06546123494044966,0.005445601314183425,8.230227519871256,7.855348192853959
0.08,71,60,70,0.14546123494044966,0.06546123494044966,0.005445601314183425,9.539452218680253,9.164572891662951
0.08,71,70,80,0.14546123494044966,0.06546123494044966,0.005445601314183425,10.848676917489243,10.473797590471944
0.08,72,10,20,0.12402993814383388,0.04402993814383388,0.0014221419620563712,1.9971600776607867,1.7611975257533552
0.08,72,20,30,0.12402993814383388,0.04402993814383388,0.0014221419620563712,2.8777588405374646,2.641796288630033
0.08,72,30,40,0.12402993814383388,0.04402993814383388,0.0014221419620563712,3.758357603414142,3.5223950515067104
0.08,72,40,50,0.12402993814383388,0.04402993814383388,0.0014221419620563712,4.63895636629082,4.402993814383388
0.08,72,50,60,0.12402993814383388,0.04402993814383388,0.0014221419620563712,5.519555129167498,5.283592577260066
0.08,72,60,70,0.12402993814383388,0.04402993814383388,0.0014221419620563712,6.400153892044175,6.164191340136743
0.08,72,70,80,0.12402993814383388,0.04402993814383388,0.0014221419620563712,7.280752654920853,7.044790103013421
0.08,73,10,20,0.11950049986847854,0.039500499868478534,0.004753843910197457,1.7831259050215222,1.5800199947391413
0.08,73,20,30,0.11950049986847854,0.039500499868478534,0.004753843910197457,2.573135902391093,2.3700299921087122
0.08,73,30,40,0.11950049986847854,0.039500499868478534,0.004753843910197457,3.3631458997606636,3.1600399894782827
0.08,73,40,50,0.11950049986847854,0.039500499868478534,0.004753843910197457,4.153155897130235,3.950049986847853
0.08,73,50,60,0.11950049986847854,0.039500499868478534,0.004753843910197457,4.943165894499805,4.7400599842174245
0.08,73,60,70,0.11950049986847854,0.039500499868478534,0.004753843910197457,5.733175891869376,5.530069981586995
0.08,73,70,80,0.11950049986847854,0.039500499868478534,0.004753843910197457,6.523185889238945,6.320079978956565
0.08,74,10,20,0.13003705381372554,0.05003705381372554,0.0018142353305104885,2.2789881497687148,2.0014821525490216
0.08,74,20,30,0.13003705381372554,0.05003705381372554,0.0018142353305104885,3.2797292260432265,3.0022232288235324
0.08,74,30,40,0.13003705381372554,0.05003705381372554,0.0018142353305104885,4.280470302317736,4.002964305098043
0.08,74,40,50,0.13003705381372554,0.05003705381372554,0.0018142353305104885,5.281211378592248,5.003705381372554
0.08,74,50,60,0.13003705381372554,0.05003705381372554,0.0018142353305104885,6.281952454866757,6.004446457647065
0.08,74,60,70,0.13003705381372554,0.05003705381372554,0.0018142353305104885,7.28269353114127,7.005187533921576
0.08,74,70,80,0.13003705381372554,0.05003705381372554,0.0018142353305104885,8.283434607415778,8.005928610196086
0.08,75,10,20,0.13371508590879685,0.05371508590879685,0.005487685851645552,2.4504847683522333,2.1486034363518742
0.08,75,20,30,0.13371508590879685,0.05371508590879685,0.005487685851645552,3.5247864865281704,3.2229051545278113
0.08,75,30,40,0.13371508590879685,0.05371508590879685,0.005487685851645552,4.599088204704108,4.2972068727037485
0.08,75,40,50,0.13371508590879685,0.05371508590879685,0.005487685851645552,5.673389922880045,5.371508590879685
0.08,75,50,60,0.13371508590879685,0.05371508590879685,0.005487685851645552,6.74769164105598,6.445810309055623
0.08,75,60,70,0.13371508590879685,0.05371508590879685,0.005487685851645552,7.821993359231918,7.520112027231559
0.08,75,70,80,0.13371508590879685,0.05371508590879685,0.005487685851645552,8.896295077407856,8.594413745407497
0.08,76,10,20,0.1218500941332741,0.041850094133274104,0.001585046706232672,1.8943255006149942,1.6740037653309643
0.08,76,20,30,0.1218500941332741,0.041850094133274104,0.001585046706232672,2.731327383280477,2.511005647996446
0.08,76,30,40,0.1218500941332741,0.041850094133274104,0.001585046706232672,3.568329265945959,3.3480075306619286
0.08,76,40,50,0.1218500941332741,0.041850094133274104,0.001585046706232672,4.40533114861144,4.1850094133274105
0.08,76,50,60,0.1218500941332741,0.041850094133274104,0.001585046706232672,5.242333031276922,5.022011295992892
0.08,76,60,70,0.1218500941332741,0.041850094133274104,0.001585046706232672,6.0793349139424055,5.859013178658374
0.08,76,70,80,0.1218500941332741,0.041850094133274104,0.001585046706232672,6.916336796607887,6.696015061323857
0.08,77,10,20,0.12384989559227266,0.04384989559227266,0.0019011916158626935,1.988678327412745,1.7539958236909063
0.08,77,20,30,0.12384989559227266,0.04384989559227266,0.0019011916158626935,2.8656762392581987,2.6309937355363595
0.08,77,30,40,0.12384989559227266,0.04384989559227266,0.0019011916158626935,3.7426741511036514,3.5079916473818127
0.08,77,40,50,0.12384989559227266,0.04384989559227266,0.0019011916158626935,4.619672062949105,4.384989559227266
0.08,77,50,60,0.12384989559227266,0.04384989559227266,0.0019011916158626935,5.496669974794558,5.261987471072719
0.08,77,60,70,0.12384989559227266,0.04384989559227266,0.0019011916158626935,6.373667886640012,6.138985382918173
0.08,77,70,80,0.12384989559227266,0.04384989559227266,0.0019011916158626935,7.250665798485464,7.015983294763625
0.08,78,10,20,0.12495641516425895,0.04495641516425895,0.0011610162069308149,2.040773113186057,1.7982566065703582
0.08,78,20,30,0.12495641516425895,0.04495641516425895,0.0011610162069308149,2.939901416471236,2.697384909855537
0.08,78,30,40,0.12495641516425895,0.04495641516425895,0.0011610162069308149,3.8390297197564145,3.5965132131407165
0.08,78,40,50,0.12495641516425895,0.04495641516425895,0.0011610162069308149,4.738158023041594,4.495641516425895
0.08,78,50,60,0.12495641516425895,0.04495641516425895,0.0011610162069308149,5.637286326326774,5.394769819711074
0.08,78,60,70,0.12495641516425895,0.04495641516425895,0.0011610162069308149,6.5364146296119525,6.293898122996254
0.08,78,70,80,0.12495641516425895,0.04495641516425895,0.0011610162069308149,7.435542932897132,7.193026426281433
0.08,79,10,20,0.1223459724651585,0.042345972465158505,0.0015997965968345955,1.9177462360503474,1.6938388986063402
0.08,79,20,30,0.1223459724651585,0.042345972465158505,0.0015997965968345955,2.764665685353518,2.5407583479095104
0.08,79,30,40,0.1223459724651585,0.042345972465158505,0.0015997965968345955,3.6115851346566874,3.3876777972126804
0.08,79,40,50,0.1223459724651585,0.042345972465158505,0.0015997965968345955,4.458504583959858,4.23459724651585
0.08,79,50,60,0.1223459724651585,0.042345972465158505,0.0015997965968345955,5.305424033263027,5.081516695819021
0.08,79,60,70,0.1223459724651585,0.042345972465158505,0.0015997965968345955,6.152343482566199,5.92843614512219
0.08,79,70,80,0.1223459724651585,0.042345972465158505,0.0015997965968345955,6.999262931869367,6.775355594425361
0.08,80,10,20,0.11621821059960591,0.03621821059960591,0.0027054355370324788,1.6271367888170585,1.4487284239842362
0.08,80,20,30,0.11621821059960591,0.03621821059960591,0.0027054355370324788,2.3515010008091775,2.1730926359763543
0.08,80,30,40,0.11621821059960591,0.03621821059960591,0.0027054355370324788,3.075865212801295,2.8974568479684724
0.08,80,40,50,0.11621821059960591,0.03621821059960591,0.0027054355370324788,3.8002294247934127,3.621821059960591
0.08,80,50,60,0.11621821059960591,0.03621821059960591,0.0027054355370324788,4.524593636785531,4.3461852719527085
0.08,80,60,70,0.11621821059960591,0.03621821059960591,0.0027054355370324788,5.24895784877765,5.070549483944827
0.08,80,70,80,0.11621821059960591,0.03621821059960591,0.0027054355370324788,5.9733220607697675,5.794913695936945
0.08,81,10,20,0.11664889144934765,0.036648891449347645,0.001530836041579209,1.647648987441415,1.4659556579739057
0.08,81,20,30,0.11664889144934765,0.036648891449347645,0.001530836041579209,2.380626816428369,2.1989334869608586
0.08,81,30,40,0.11664889144934765,0.036648891449347645,0.001530836041579209,3.113604645415321,2.9319113159478114
0.08,81,40,50,0.11664889144934765,0.036648891449347645,0.001530836041579209,3.8465824744022736,3.6648891449347647
0.08,81,50,60,0.11664889144934765,0.036648891449347645,0.001530836041579209,4.5795603033892265,4.397866973921717
0.08,81,60,70,0.11664889144934765,0.036648891449347645,0.001530836041579209,5.312538132376181,5.13084480290867
0.08,81,70,80,0.11664889144934765,0.036648891449347645,0.001530836041579209,6.045515961363133,5.863822631895623
0.08,82,10,20,0.1272595320030956,0.047259532003095586,0.0038515980940602075,2.148954943700902,1.8903812801238233
0.08,82,20,30,0.1272595320030956,0.047259532003095586,0.0038515980940602075,3.0941455837628142,2.835571920185735
0.08,82,30,40,0.1272595320030956,0.047259532003095586,0.0038515980940602075,4.039336223824726,3.7807625602476467
0.08,82,40,50,0.1272595320030956,0.047259532003095586,0.0038515980940602075,4.984526863886638,4.725953200309559
0.08,82,50,60,0.1272595320030956,0.047259532003095586,0.0038515980940602075,5.92971750394855,5.67114384037147
0.08,82,60,70,0.1272595320030956,0.047259532003095586,0.0038515980940602075,6.874908144010462,6.616334480433382
0.08,82,70,80,0.1272595320030956,0.047259532003095586,0.0038515980940602075,7.820098784072371,7.561525120495293
0.08,83,10,20,0.1286905016056467,0.04869050160564671,0.003381327006917298,2.2160054834084533,1.9476200642258683
0.08,83,20,30,0.1286905016056467,0.04869050160564671,0.003381327006917298,3.1898155155213876,2.9214300963388027
0.08,83,30,40,0.1286905016056467,0.04869050160564671,0.003381327006917298,4.163625547634322,3.8952401284517366
0.08,83,40,50,0.1286905016056467,0.04869050160564671,0.003381327006917298,5.137435579747256,4.869050160564671
0.08,83,50,60,0.1286905016056467,0.04869050160564671,0.003381327006917298,6.1112456118601886,5.842860192677605
0.08,83,60,70,0.1286905016056467,0.04869050160564671,0.003381327006917298,7.085055643973124,6.816670224790539
0.08,83,70,80,0.1286905016056467,0.04869050160564671,0.003381327006917298,8.058865676086057,7.790480256903473
0.08,84,10,20,0.10903065907094342,0.029030659070943418,0.0013689063580501573,1.2827122447150097,1.1612263628377368
0.08,84,20,30,0.10903065907094342,0.029030659070943418,0.0013689063580501573,1.863325426133879,1.741839544256605
0.08,84,30,40,0.10903065907094342,0.029030659070943418,0.0013689063580501573,2.443938607552746,2.3224527256754737
0.08,84,40,50,0.10903065907094342,0.029030659070943418,0.0013689063580501573,3.024551788971616,2.9030659070943416
0.08,84,50,60,0.10903065907094342,0.029030659070943418,0.0013689063580501573,3.605164970390484,3.48367908851321
0.08,84,60,70,0.10903065907094342,0.029030659070943418,0.0013689063580501573,4.1857781518093535,4.0642922699320785
0.08,84,70,80,0.10903065907094342,0.029030659070943418,0.0013689063580501573,4.766391333228219,4.644905451350947
0.08,85,10,20,0.14698943664109462,0.06698943664109462,0.0014240894847684054,3.0634540722886383,2.679577465643785
0.08,85,20,30,0.14698943664109462,0.06698943664109462,0.0014240894847684054,4.403242805110531,4.019366198465677
0.08,85,30,40,0.14698943664109462,0.06698943664109462,0.0014240894847684054,5.743031537932422,5.35915493128757
0.08,85,40,50,0.14698943664109462,0.06698943664109462,0.0014240894847684054,7.082820270754315,6.698943664109462
0.08,85,50,60,0.14698943664109462,0.06698943664109462,0.0014240894847684054,8.422609003576206,8.038732396931355
0.08,85,60,70,0.14698943664109462,0.06698943664109462,0.0014240894847684054,9.7623977363981,9.378521129753247
0.08,85,70,80,0.14698943664109462,0.06698943664109462,0.0014240894847684054,11.10218646921999,10.71830986257514
0.08,86,10,20,0.13604774014081594,0.05604774014081594,0.004209212381303204,2.5588575764638444,2.2419096056326375
0.08,86,20,30,0.13604774014081594,0.05604774014081594,0.004209212381303204,3.679812379280164,3.3628644084489565
0.08,86,30,40,0.13604774014081594,0.05604774014081594,0.004209212381303204,4.800767182096482,4.483819211265275
0.08,86,40,50,0.13604774014081594,0.05604774014081594,0.004209212381303204,5.9217219849128,5.6047740140815945
0.08,86,50,60,0.13604774014081594,0.05604774014081594,0.004209212381303204,7.04267678772912,6.725728816897913
0.08,86,60,70,0.13604774014081594,0.05604774014081594,0.004209212381303204,8.163631590545439,7.846683619714232
0.08,86,70,80,0.13604774014081594,0.05604774014081594,0.004209212381303204,9.284586393361757,8.96763842253055
0.08,87,10,20,0.13219133996069643,0.05219133996069643,0.0008893313535349596,2.379530333252364,2.087653598427857
0.08,87,20,30,0.13219133996069643,0.05219133996069643,0.0008893313535349596,3.4233571324662933,3.1314803976417855
0.08,87,30,40,0.13219133996069643,0.05219133996069643,0.0008893313535349596,4.467183931680221,4.175307196855714
0.08,87,40,50,0.13219133996069643,0.05219133996069643,0.0008893313535349596,5.511010730894149,5.219133996069643
0.08,87,50,60,0.13219133996069643,0.05219133996069643,0.0008893313535349596,6.554837530108078,6.262960795283571
0.08,87,60,70,0.13219133996069643,0.05219133996069643,0.0008893313535349596,7.598664329322009,7.3067875944975
0.08,87,70,80,0.13219133996069643,0.05219133996069643,0.0008893313535349596,8.642491128535937,8.350614393711428
0.08,88,10,20,0.129019778340662,0.049019778340662,0.0019197941298422394,2.23141680724257,1.96079113362648
0.08,88,20,30,0.129019778340662,0.049019778340662,0.0019197941298422394,3.2118123740558104,2.94118670043972
0.08,88,30,40,0.129019778340662,0.049019778340662,0.0019197941298422394,4.19220794086905,3.92158226725296
0.08,88,40,50,0.129019778340662,0.049019778340662,0.0019197941298422394,5.17260350768229,4.9019778340662
0.08,88,50,60,0.129019778340662,0.049019778340662,0.0019197941298422394,6.15299907449553,5.88237340087944
0.08,88,60,70,0.129019778340662,0.049019778340662,0.0019197941298422394,7.133394641308772,6.86276896769268
0.08,88,70,80,0.129019778340662,0.049019778340662,0.0019197941298422394,8.113790208122008,7.84316453450592
0.08,89,10,20,0.11720804398386062,0.037208043983860614,0.00178399035492212,1.6742597243252502,1.4883217593544247
0.08,89,20,30,0.11720804398386062,0.037208043983860614,0.00178399035492212,2.4184206040024634,2.232482639031637
0.08,89,30,40,0.11720804398386062,0.037208043983860614,0.00178399035492212,3.1625814836796744,2.9766435187088494
0.08,89,40,50,0.11720804398386062,0.037208043983860614,0.00178399035492212,3.906742363356887,3.7208043983860613
0.08,89,50,60,0.11720804398386062,0.037208043983860614,0.00178399035492212,4.650903243034098,4.464965278063274
0.08,89,60,70,0.11720804398386062,0.037208043983860614,0.00178399035492212,5.395064122711313,5.209126157740486
0.08,89,70,80,0.11720804398386062,0.037208043983860614,0.00178399035492212,6.139225002388525,5.953287037417699
0.08,90,10,20,0.13645255102365994,0.05645255102365994,0.005473876449764168,2.577634651421195,2.2581020409463974
0.08,90,20,30,0.13645255102365994,0.05645255102365994,0.005473876449764168,3.7066856718943937,3.387153061419596
0.08,90,30,40,0.13645255102365994,0.05645255102365994,0.005473876449764168,4.8357366923675915,4.516204081892795
0.08,90,40,50,0.13645255102365994,0.05645255102365994,0.005473876449764168,5.96478771284079,5.645255102365994
0.08,90,50,60,0.13645255102365994,0.05645255102365994,0.005473876449764168,7.09383873331399,6.774306122839192
0.08,90,60,70,0.13645255102365994,0.05645255102365994,0.005473876449764168,8.22288975378719,7.903357143312391
0.08,90,70,80,0.13645255102365994,0.05645255102365994,0.005473876449764168,9.351940774260388,9.03240816378559
0.08,91,10,20,0.1310181201656384,0.051018120165638406,0.005811694121506205,2.3248085708275426,2.040724806625536
0.08,91,20,30,0.1310181201656384,0.051018120165638406,0.005811694121506205,3.345170974140311,3.061087209938304
0.08,91,30,40,0.1310181201656384,0.051018120165638406,0.005811694121506205,4.36553337745308,4.081449613251072
0.08,91,40,50,0.1310181201656384,0.051018120165638406,0.005811694121506205,5.385895780765848,5.101812016563841
0.08,91,50,60,0.1310181201656384,0.051018120165638406,0.005811694121506205,6.406258184078616,6.122174419876608
0.08,91,60,70,0.1310181201656384,0.051018120165638406,0.005811694121506205,7.426620587391383,7.142536823189377
0.08,91,70,80,0.1310181201656384,0.051018120165638406,0.005811694121506205,8.44698299070415,8.162899226502145
0.08,92,10,20,0.13163376109678504,0.05163376109678504,0.002485897589209774,2.3535333798492077,2.0653504438714014
0.08,92,20,30,0.13163376109678504,0.05163376109678504,0.002485897589209774,3.386208601784909,3.098025665807102
0.08,92,30,40,0.13163376109678504,0.05163376109678504,0.002485897589209774,4.418883823720609,4.130700887742803
0.08,92,40,50,0.13163376109678504,0.05163376109678504,0.002485897589209774,5.45155904565631,5.163376109678504
0.08,92,50,60,0.13163376109678504,0.05163376109678504,0.002485897589209774,6.484234267592011,6.196051331614204
0.08,92,60,70,0.13163376109678504,0.05163376109678504,0.002485897589209774,7.516909489527713,7.2287265535499055
0.08,92,70,80,0.13163376109678504,0.05163376109678504,0.002485897589209774,8.54958471146341,8.261401775485606
0.08,93,10,20,0.12433782694922128,0.04433782694922128,0.006399294773334556,2.0116597718269484,1.7735130779688513
0.08,93,20,30,0.12433782694922128,0.04433782694922128,0.006399294773334556,2.898416310811375,2.660269616953277
0.08,93,30,40,0.12433782694922128,0.04433782694922128,0.006399294773334556,3.7851728497957993,3.5470261559377025
0.08,93,40,50,0.12433782694922128,0.04433782694922128,0.006399294773334556,4.6719293887802245,4.433782694922128
0.08,93,50,60,0.12433782694922128,0.04433782694922128,0.006399294773334556,5.5586859277646505,5.320539233906554
0.08,93,60,70,0.12433782694922128,0.04433782694922128,0.006399294773334556,6.445442466749077,6.20729577289098
0.08,93,70,80,0.12433782694922128,0.04433782694922128,0.006399294773334556,7.3321990057335,7.094052311875405
0.08,94,10,20,0.10550150260226299,0.025501502602262985,0.0018086993110096705,1.1120451298204435,1.0200601040905193
0.08,94,20,30,0.10550150260226299,0.025501502602262985,0.0018086993110096705,1.6220751818657035,1.5300901561357791
0.08,94,30,40,0.10550150260226299,0.025501502602262985,0.0018086993110096705,2.1321052339109627,2.0401202081810386
0.08,94,40,50,0.10550150260226299,0.025501502602262985,0.0018086993110096705,2.6421352859562237,2.5501502602262986
0.08,94,50,60,0.10550150260226299,0.025501502602262985,0.0018086993110096705,3.152165338001482,3.0601803122715583
0.08,94,60,70,0.10550150260226299,0.025501502602262985,0.0018086993110096705,3.662195390046744,3.570210364316818
0.08,94,70,80,0.10550150260226299,0.025501502602262985,0.0018086993110096705,4.172225442092001,4.080240416362077
0.08,95,10,20,0.1264515484657609,0.0464515484657609,0.007742015070792832,2.111040115019138,1.8580619386304358
0.08,95,20,30,0.1264515484657609,0.0464515484657609,0.007742015070792832,3.0400710843343557,2.7870929079456537
0.08,95,30,40,0.1264515484657609,0.0464515484657609,0.007742015070792832,3.969102053649573,3.7161238772608716
0.08,95,40,50,0.1264515484657609,0.0464515484657609,0.007742015070792832,4.898133022964792,4.64515484657609
0.08,95,50,60,0.1264515484657609,0.0464515484657609,0.007742015070792832,5.827163992280009,5.574185815891307
0.08,95,60,70,0.1264515484657609,0.0464515484657609,0.007742015070792832,6.756194961595227,6.503216785206526
0.08,95,70,80,0.1264515484657609,0.0464515484657609,0.007742015070792832,7.685225930910445,7.432247754521743
0.08,96,10,20,0.13164073742586993,0.05164073742586993,0.004932384488382864,2.3538587590639466,2.0656294970347973
0.08,96,20,30,0.13164073742586993,0.05164073742586993,0.004932384488382864,3.386673507581346,3.0984442455521957
0.08,96,30,40,0.13164073742586993,0.05164073742586993,0.004932384488382864,4.419488256098743,4.1312589940695945
0.08,96,40,50,0.13164073742586993,0.05164073742586993,0.004932384488382864,5.452303004616143,5.164073742586993
0.08,96,50,60,0.13164073742586993,0.05164073742586993,0.004932384488382864,6.485117753133541,6.196888491104391
0.08,96,60,70,0.13164073742586993,0.05164073742586993,0.004932384488382864,7.5179325016509395,7.22970323962179
0.08,96,70,80,0.13164073742586993,0.05164073742586993,0.004932384488382864,8.550747250168339,8.262517988139189
0.08,97,10,20,0.12987036076768618,0.04987036076768618,0.002543769348820421,2.2711971971499727,1.9948144307074474
0.08,97,20,30,0.12987036076768618,0.04987036076768618,0.002543769348820421,3.268604412503697,2.992221646061171
0.08,97,30,40,0.12987036076768618,0.04987036076768618,0.002543769348820421,4.26601162785742,3.9896288614148947
0.08,97,40,50,0.12987036076768618,0.04987036076768618,0.002543769348820421,5.263418843211143,4.987036076768618
0.08,97,50,60,0.12987036076768618,0.04987036076768618,0.002543769348820421,6.260826058564867,5.984443292122342
0.08,97,60,70,0.12987036076768618,0.04987036076768618,0.002543769348820421,7.2582332739185915,6.981850507476065
0.08,97,70,80,0.12987036076768618,0.04987036076768618,0.002543769348820421,8.255640489272313,7.979257722829789
0.08,98,10,20,0.10804341411559465,0.028043414115594648,0.0013967731289807616,1.235078012273104,1.1217365646237858
0.08,98,20,30,0.10804341411559465,0.028043414115594648,0.0013967731289807616,1.795946294584997,1.682604846935679
0.08,98,30,40,0.10804341411559465,0.028043414115594648,0.0013967731289807616,2.3568145768968902,2.2434731292475716
0.08,98,40,50,0.10804341411559465,0.028043414115594648,0.0013967731289807616,2.9176828592087833,2.8043414115594647
0.08,98,50,60,0.10804341411559465,0.028043414115594648,0.0013967731289807616,3.4785511415206747,3.365209693871358
0.08,98,60,70,0.10804341411559465,0.028043414115594648,0.0013967731289807616,4.03941942383257,3.9260779761832505
0.08,98,70,80,0.10804341411559465,0.028043414115594648,0.0013967731289807616,4.600287706144462,4.486946258495143
0.08,99,10,20,0.12140458432831353,0.04140458432831352,0.004934772727846983,1.8732696614368614,1.6561833731325408
0.08,99,20,30,0.12140458432831353,0.04140458432831352,0.004934772727846983,2.7013613480031324,2.4842750596988115
0.08,99,30,40,0.12140458432831353,0.04140458432831352,0.004934772727846983,3.5294530345694017,3.3123667462650817
0.08,99,40,50,0.12140458432831353,0.04140458432831352,0.004934772727846983,4.357544721135673,4.140458432831353
0.08,99,50,60,0.12140458432831353,0.04140458432831352,0.004934772727846983,5.185636407701943,4.968550119397623
0.08,99,60,70,0.12140458432831353,0.04140458432831352,0.004934772727846983,6.013728094268215,5.796641805963893
0.08,99,70,80,0.12140458432831353,0.04140458432831352,0.004934772727846983,6.841819780834484,6.624733492530163
0.15,0,10,20,0.20367424207303672,0.053674242073036726,0.0066978039643349006,2.102339151114837,2.146969682921469
0.15,0,20,30,0.20367424207303672,0.053674242073036726,0.0066978039643349006,3.1758239925755714,3.2204545243822036
0.15,0,30,40,0.20367424207303672,0.053674242073036726,0.0066978039643349006,4.249308834036306,4.293939365842938
0.15,0,40,50,0.20367424207303672,0.053674242073036726,0.0066978039643349006,5.32279367549704,5.367424207303673
0.15,0,50,60,0.20367424207303672,0.053674242073036726,0.0066978039643349006,6.3962785169577785,6.440909048764407
0.15,0,60,70,0.20367424207303672,0.053674242073036726,0.0066978039643349006,7.469763358418511,7.514393890225142
0.15,0,70,80,0.20367424207303672,0.053674242073036726,0.0066978039643349006,8.543248199879244,8.587878731685876
0.15,1,10,20,0.1853888265182213,0.03538882651822131,0.005757703158272148,1.2939587544247422,1.4155530607288525
0.15,1,20,30,0.1853888265182213,0.03538882651822131,0.005757703158272148,2.0017352847891683,2.123329591093279
0.15,1,30,40,0.1853888265182213,0.03538882651822131,0.005757703158272148,2.7095118151535935,2.831106121457705
0.15,1,40,50,0.1853888265182213,0.03538882651822131,0.005757703158272148,3.4172883455180223,3.538882651822131
0.15,1,50,60,0.1853888265182213,0.03538882651822131,0.005757703158272148,4.1250648758824475,4.246659182186558
0.15,1,60,70,0.1853888265182213,0.03538882651822131,0.005757703158272148,4.8328414062468745,4.954435712550984
0.15,1,70,80,0.1853888265182213,0.03538882651822131,0.005757703158272148,5.5406179366113015,5.66221224291541
0.15,2,10,20,0.23064345902063407,0.08064345902063408,0.009342315022863496,3.280435865892846,3.225738360825363
0.15,2,20,30,0.23064345902063407,0.08064345902063408,0.009342315022863496,4.893305046305528,4.838607541238044
0.15,2,30,40,0.23064345902063407,0.08064345902063408,0.009342315022863496,6.50617422671821,6.451476721650726
0.15,2,40,50,0.23064345902063407,0.08064345902063408,0.009342315022863496,8.11904340713089,8.064345902063408
0.15,2,50,60,0.23064345902063407,0.08064345902063408,0.009342315022863496,9.731912587543572,9.677215082476089
0.15,2,60,70,0.23064345902063407,0.08064345902063408,0.009342315022863496,11.344781767956256,11.29008426288877
0.15,2,70,80,0.23064345902063407,0.08064345902063408,0.009342315022863496,12.957650948368936,12.902953443301453
0.15,3,10,20,0.20593510741291465,0.05593510741291466,0.007470254522166496,2.2017060564082005,2.237404296516586
0.15,3,20,30,0.20593510741291465,0.05593510741291466,0.007470254522166496,3.320408204666494,3.3561064447748796
0.15,3,30,40,0.20593510741291465,0.05593510741291466,0.007470254522166496,4.4391103529247875,4.474808593033172
0.15,3,40,50,0.20593510741291465,0.05593510741291466,0.007470254522166496,5.557812501183081,5.593510741291466
0.15,3,50,60,0.20593510741291465,0.05593510741291466,0.007470254522166496,6.676514649441373,6.712212889549759
0.15,3,60,70,0.20593510741291465,0.05593510741291466,0.007470254522166496,7.795216797699666,7.830915037808052
0.15,3,70,80,0.20593510741291465,0.05593510741291466,0.007470254522166496,8.913918945957963,8.949617186066344
0.15,4,10,20,0.18493497187458682,0.03493497187458683,0.003932175467546142,1.2737793504275272,1.3973988749834731
0.15,4,20,30,0.18493497187458682,0.03493497187458683,0.003932175467546142,1.972478787919263,2.0960983124752097
0.15,4,30,40,0.18493497187458682,0.03493497187458683,0.003932175467546142,2.6711782254109995,2.7947977499669463
0.15,4,40,50,0.18493497187458682,0.03493497187458683,0.003932175467546142,3.369877662902736,3.493497187458683
0.15,4,50,60,0.18493497187458682,0.03493497187458683,0.003932175467546142,4.068577100394474,4.1921966249504194
0.15,4,60,70,0.18493497187458682,0.03493497187458683,0.003932175467546142,4.767276537886211,4.890896062442156
0.15,4,70,80,0.18493497187458682,0.03493497187458683,0.003932175467546142,5.4659759753779475,5.589595499933893
0.15,5,10,20,0.19664558525285344,0.04664558525285345,0.009547784140055913,1.792635015430089,1.865823410114138
0.15,5,20,30,0.19664558525285344,0.04664558525285345,0.009547784140055913,2.7255467204871575,2.798735115171207
0.15,5,30,40,0.19664558525285344,0.04664558525285345,0.009547784140055913,3.658458425544227,3.731646820228276
0.15,5,40,50,0.19664558525285344,0.04664558525285345,0.009547784140055913,4.591370130601296,4.664558525285345
0.15,5,50,60,0.19664558525285344,0.04664558525285345,0.009547784140055913,5.524281835658368,5.597470230342414
0.15,5,60,70,0.19664558525285344,0.04664558525285345,0.009547784140055913,6.4571935407154335,6.5303819353994825
0.15,5,70,80,0.19664558525285344,0.04664558525285345,0.009547784140055913,7.390105245772503,7.463293640456552
0.15,6,10,20,0.19952458709029497,0.049524587090294975,0.01923620697955735,1.9196401108695866,1.980983483611799
0.15,6,20,30,0.19952458709029497,0.049524587090294975,0.01923620697955735,2.9101318526754856,2.9714752254176986
0.15,6,30,40,0.19952458709029497,0.049524587090294975,0.01923620697955735,3.9006235944813863,3.961966967223598
0.15,6,40,50,0.19952458709029497,0.049524587090294975,0.01923620697955735,4.8911153362872835,4.952458709029497
0.15,6,50,60,0.19952458709029497,0.049524587090294975,0.01923620697955735,5.881607078093186,5.942950450835397
0.15,6,60,70,0.19952458709029497,0.049524587090294975,0.01923620697955735,6.872098819899083,6.933442192641296
0.15,6,70,80,0.19952458709029497,0.049524587090294975,0.01923620697955735,7.862590561704987,7.923933934447196
0.15,7,10,20,0.20994936798091393,0.05994936798091394,0.009355741417491164,2.37784495465411,2.3979747192365575
0.15,7,20,30,0.20994936798091393,0.05994936798091394,0.009355741417491164,3.576832314272389,3.596962078854836
0.15,7,30,40,0.20994936798091393,0.05994936798091394,0.009355741417491164,4.775819673890668,4.795949438473115
0.15,7,40,50,0.20994936798091393,0.05994936798091394,0.009355741417491164,5.974807033508947,5.994936798091394
0.15,7,50,60,0.20994936798091393,0.05994936798091394,0.009355741417491164,7.173794393127224,7.193924157709672
0.15,7,60,70,0.20994936798091393,0.05994936798091394,0.009355741417491164,8.372781752745507,8.392911517327951
0.15,7,70,80,0.20994936798091393,0.05994936798091394,0.009355741417491164,9.571769112363782,9.59189887694623
0.15,8,10,20,0.20370907094635338,0.05370907094635338,0.0037108624993222707,2.103870823660687,2.148362837854135
0.15,8,20,30,0.20370907094635338,0.05370907094635338,0.0037108624993222707,3.1780522425877535,3.222544256781203
0.15,8,30,40,0.20370907094635338,0.05370907094635338,0.0037108624993222707,4.252233661514822,4.29672567570827
0.15,8,40,50,0.20370907094635338,0.05370907094635338,0.0037108624993222707,5.326415080441889,5.3709070946353386
0.15,8,50,60,0.20370907094635338,0.05370907094635338,0.0037108624993222707,6.400596499368959,6.445088513562406
0.15,8,60,70,0.20370907094635338,0.05370907094635338,0.0037108624993222707,7.474777918296027,7.519269932489474
0.15,8,70,80,0.20370907094635338,0.05370907094635338,0.0037108624993222707,8.548959337223092,8.59345135141654
0.15,9,10,20,0.2111994759889983,0.0611994759889983,0.012030403580167997,2.4326233295143638,2.4479790395599323
0.15,9,20,30,0.2111994759889983,0.0611994759889983,0.012030403580167997,3.65661284929433,3.671968559339898
0.15,9,30,40,0.2111994759889983,0.0611994759889983,0.012030403580167997,4.880602369074296,4.895958079119865
0.15,9,40,50,0.2111994759889983,0.0611994759889983,0.012030403580167997,6.104591888854264,6.11994759889983
0.15,9,50,60,0.2111994759889983,0.0611994759889983,0.012030403580167997,7.3285814086342285,7.343937118679796
0.15,9,60,70,0.2111994759889983,0.0611994759889983,0.012030403580167997,8.552570928414198,8.567926638459763
0.15,9,70,80,0.2111994759889983,0.0611994759889983,0.012030403580167997,9.77656044819416,9.79191615823973
0.15,10,10,20,0.2028157671042744,0.05281576710427441,0.0046834764542544715,2.0645767774485826,2.112630684170976
0.15,10,20,30,0.2028157671042744,0.05281576710427441,0.0046834764542544715,3.120892119534071,3.1689460262564646
0.15,10,30,40,0.2028157671042744,0.05281576710427441,0.0046834764542544715,4.177207461619558,4.225261368341952
0.15,10,40,50,0.2028157671042744,0.05281576710427441,0.0046834764542544715,5.233522803705048,5.281576710427441
0.15,10,50,60,0.2028157671042744,0.05281576710427441,0.0046834764542544715,6.289838145790537,6.337892052512929
0.15,10,60,70,0.2028157671042744,0.05281576710427441,0.0046834764542544715,7.346153487876027,7.394207394598417
0.15,10,70,80,0.2028157671042744,0.05281576710427441,0.0046834764542544715,8.402468829961514,8.450522736683904
0.15,11,10,20,0.17983921600057132,0.029839216000571323,0.0029285928631239606,1.046794703665884,1.193568640022853
0.15,11,20,30,0.17983921600057132,0.029839216000571323,0.0029285928631239606,1.6435790236773098,1.7903529600342794
0.15,11,30,40,0.17983921600057132,0.029839216000571323,0.0029285928631239606,2.2403633436887365,2.387137280045706
0.15,11,40,50,0.17983921600057132,0.029839216000571323,0.0029285928631239606,2.837147663700163,2.9839216000571325
0.15,11,50,60,0.17983921600057132,0.029839216000571323,0.0029285928631239606,3.4339319837115916,3.5807059200685587
0.15,11,60,70,0.17983921600057132,0.029839216000571323,0.0029285928631239606,4.030716303723018,4.177490240079985
0.15,11,70,80,0.17983921600057132,0.029839216000571323,0.0029285928631239606,4.627500623734445,4.774274560091412
0.15,12,10,20,0.21500106141276773,0.06500106141276774,0.015712446200527547,2.5989942807938453,2.6000424565107094
0.15,12,20,30,0.21500106141276773,0.06500106141276774,0.015712446200527547,3.8990155090491996,3.900063684766064
0.15,12,30,40,0.21500106141276773,0.06500106141276774,0.015712446200527547,5.199036737304555,5.200084913021419
0.15,12,40,50,0.21500106141276773,0.06500106141276774,0.015712446200527547,6.499057965559908,6.500106141276774
0.15,12,50,60,0.21500106141276773,0.06500106141276774,0.015712446200527547,7.799079193815267,7.800127369532128
0.15,12,60,70,0.21500106141276773,0.06500106141276774,0.015712446200527547,9.09910042207062,9.100148597787483
0.15,12,70,80,0.21500106141276773,0.06500106141276774,0.015712446200527547,10.399121650325974,10.400169826042838
0.15,13,10,20,0.20005340168316504,0.05005340168316505,0.0074466762776236985,1.942945870770889,2.002136067326602
0.15,13,20,30,0.20005340168316504,0.05005340168316505,0.0074466762776236985,2.9440139044341898,3.003204100989903
0.15,13,30,40,0.20005340168316504,0.05005340168316505,0.0074466762776236985,3.9450819380974913,4.004272134653204
0.15,13,40,50,0.20005340168316504,0.05005340168316505,0.0074466762776236985,4.946149971760791,5.005340168316505
0.15,13,50,60,0.20005340168316504,0.05005340168316505,0.0074466762776236985,5.947218005424094,6.006408201979806
0.15,13,60,70,0.20005340168316504,0.05005340168316505,0.0074466762776236985,6.948286039087396,7.007476235643107
0.15,13,70,80,0.20005340168316504,0.05005340168316505,0.0074466762776236985,7.9493540727506975,8.008544269306409
0.15,14,10,20,0.20423267999916478,0.054232679999164785,0.007961482689151108,2.126894157648361,2.1693071999665916
0.15,14,20,30,0.20423267999916478,0.054232679999164785,0.007961482689151108,3.2115477576316565,3.253960799949887
0.15,14,30,40,0.20423267999916478,0.054232679999164785,0.007961482689151108,4.296201357614953,4.338614399933183
0.15,14,40,50,0.20423267999916478,0.054232679999164785,0.007961482689151108,5.380854957598247,5.423267999916479
0.15,14,50,60,0.20423267999916478,0.054232679999164785,0.007961482689151108,6.465508557581547,6.507921599899774
0.15,14,60,70,0.20423267999916478,0.054232679999164785,0.007961482689151108,7.550162157564841,7.59257519988307
0.15,14,70,80,0.20423267999916478,0.054232679999164785,0.007961482689151108,8.634815757548136,8.677228799866366
0.15,15,10,20,0.2168762351190238,0.0668762351190238,0.011527733319046576,2.6809444925971926,2.675049404760952
0.15,15,20,30,0.2168762351190238,0.0668762351190238,0.011527733319046576,4.018469194977669,4.012574107141428
0.15,15,30,40,0.2168762351190238,0.0668762351190238,0.011527733319046576,5.355993897358145,5.350098809521904
0.15,15,40,50,0.2168762351190238,0.0668762351190238,0.011527733319046576,6.693518599738622,6.6876235119023795
0.15,15,50,60,0.2168762351190238,0.0668762351190238,0.011527733319046576,8.031043302119098,8.025148214282856
0.15,15,60,70,0.2168762351190238,0.0668762351190238,0.011527733319046576,9.368568004499576,9.362672916663332
0.15,15,70,80,0.2168762351190238,0.0668762351190238,0.011527733319046576,10.70609270688005,10.700197619043808
0.15,16,10,20,0.1942182216800109,0.04421822168001091,0.004402730941661115,1.6853894412367696,1.7687288672004364
0.15,16,20,30,0.1942182216800109,0.04421822168001091,0.004402730941661115,2.5697538748369873,2.6530933008006548
0.15,16,30,40,0.1942182216800109,0.04421822168001091,0.004402730941661115,3.454118308437206,3.537457734400873
0.15,16,40,50,0.1942182216800109,0.04421822168001091,0.004402730941661115,4.338482742037423,4.421822168001091
0.15,16,50,60,0.1942182216800109,0.04421822168001091,0.004402730941661115,5.222847175637643,5.3061866016013095
0.15,16,60,70,0.1942182216800109,0.04421822168001091,0.004402730941661115,6.107211609237861,6.190551035201527
0.15,16,70,80,0.1942182216800109,0.04421822168001091,0.004402730941661115,6.99157604283808,7.074915468801746
0.15,17,10,20,0.19411360812163733,0.04411360812163734,0.0029748802307489326,1.6807639742470606,1.7645443248654935
0.15,17,20,30,0.19411360812163733,0.04411360812163734,0.0029748802307489326,2.5630361366798073,2.6468164872982403
0.15,17,30,40,0.19411360812163733,0.04411360812163734,0.0029748802307489326,3.445308299112554,3.529088649730987
0.15,17,40,50,0.19411360812163733,0.04411360812163734,0.0029748802307489326,4.327580461545301,4.411360812163734
0.15,17,50,60,0.19411360812163733,0.04411360812163734,0.0029748802307489326,5.209852623978048,5.2936329745964805
0.15,17,60,70,0.19411360812163733,0.04411360812163734,0.0029748802307489326,6.092124786410796,6.175905137029227
0.15,17,70,80,0.19411360812163733,0.04411360812163734,0.0029748802307489326,6.974396948843541,7.058177299461974
0.15,18,10,20,0.2020086721018209,0.05200867210182092,0.00246956371328188,2.029058377136092,2.0803468840728367
0.15,18,20,30,0.2020086721018209,0.05200867210182092,0.00246956371328188,3.0692318191725096,3.120520326109255
0.15,18,30,40,0.2020086721018209,0.05200867210182092,0.00246956371328188,4.109405261208929,4.1606937681456735
0.15,18,40,50,0.2020086721018209,0.05200867210182092,0.00246956371328188,5.149578703245348,5.200867210182092
0.15,18,50,60,0.2020086721018209,0.05200867210182092,0.00246956371328188,6.189752145281766,6.24104065221851
0.15,18,60,70,0.2020086721018209,0.05200867210182092,0.00246956371328188,7.229925587318185,7.281214094254929
0.15,18,70,80,0.2020086721018209,0.05200867210182092,0.00246956371328188,8.270099029354604,8.321387536291347
0.15,19,10,20,0.20988949943856497,0.059889499438564975,0.002800532011572591,2.37522070685303,2.395579977542599
0.15,19,20,30,0.20988949943856497,0.059889499438564975,0.002800532011572591,3.5730106956243297,3.5933699663138983
0.15,19,30,40,0.20988949943856497,0.059889499438564975,0.002800532011572591,4.770800684395629,4.791159955085198
0.15,19,40,50,0.20988949943856497,0.059889499438564975,0.002800532011572591,5.968590673166927,5.988949943856498
0.15,19,50,60,0.20988949943856497,0.059889499438564975,0.002800532011572591,7.166380661938227,7.1867399326277965
0.15,19,60,70,0.20988949943856497,0.059889499438564975,0.002800532011572591,8.364170650709529,8.384529921399096
0.15,19,70,80,0.20988949943856497,0.059889499438564975,0.002800532011572591,9.56196063948083,9.582319910170396
0.15,20,10,20,0.17138761396667623,0.02138761396667624,0.003195409683670413,0.6685530332802845,0.8555045586670496
0.15,20,20,30,0.17138761396667623,0.02138761396667624,0.003195409683670413,1.0963053126138096,1.2832568380005744
0.15,20,30,40,0.17138761396667623,0.02138761396667624,0.003195409683670413,1.5240575919473347,1.711009117334099
0.15,20,40,50,0.17138761396667623,0.02138761396667624,0.003195409683670413,1.9518098712808598,2.1387613966676238
0.15,20,50,60,0.17138761396667623,0.02138761396667624,0.003195409683670413,2.3795621506143867,2.566513676001149
0.15,20,60,70,0.17138761396667623,0.02138761396667624,0.003195409683670413,2.807314429947912,2.9942659553346735
0.15,20,70,80,0.17138761396667623,0.02138761396667624,0.003195409683670413,3.2350667092814334,3.422018234668198
0.15,21,10,20,0.20273714286827518,0.05273714286827519,0.004658925704237732,2.061117393881834,2.1094857147310075
0.15,21,20,30,0.20273714286827518,0.05273714286827519,0.004658925704237732,3.1158602512473372,3.164228572096511
0.15,21,30,40,0.20273714286827518,0.05273714286827519,0.004658925704237732,4.170603108612841,4.218971429462015
0.15,21,40,50,0.20273714286827518,0.05273714286827519,0.004658925704237732,5.225345965978347,5.273714286827519
0.15,21,50,60,0.20273714286827518,0.05273714286827519,0.004658925704237732,6.280088823343849,6.328457144193022
0.15,21,60,70,0.20273714286827518,0.05273714286827519,0.004658925704237732,7.334831680709353,7.383200001558526
0.15,21,70,80,0.20273714286827518,0.05273714286827519,0.004658925704237732,8.389574538074857,8.43794285892403
0.15,22,10,20,0.19426558580113482,0.04426558580113482,0.00983226072478228,1.6874835418772536,1.7706234320453929
0.15,22,20,30,0.19426558580113482,0.04426558580113482,0.00983226072478228,2.5727952578999496,2.6559351480680893
0.15,22,30,40,0.19426558580113482,0.04426558580113482,0.00983226072478228,3.4581069739226464,3.5412468640907857
0.15,22,40,50,0.19426558580113482,0.04426558580113482,0.00983226072478228,4.343418689945343,4.426558580113483
0.15,22,50,60,0.19426558580113482,0.04426558580113482,0.00983226072478228,5.22873040596804,5.311870296136179
0.15,22,60,70,0.19426558580113482,0.04426558580113482,0.00983226072478228,6.114042121990735,6.1971820121588745
0.15,22,70,80,0.19426558580113482,0.04426558580113482,0.00983226072478228,6.999353838013434,7.082493728181571
0.15,23,10,20,0.19220826650957284,0.04220826650957285,0.0037150229726595576,1.5964691852772788,1.688330660382914
0.15,23,20,30,0.19220826650957284,0.04220826650957285,0.0037150229726595576,2.4406345154687354,2.532495990574371
0.15,23,30,40,0.19220826650957284,0.04220826650957285,0.0037150229726595576,3.284799845660192,3.376661320765828
0.15,23,40,50,0.19220826650957284,0.04220826650957285,0.0037150229726595576,4.128965175851649,4.220826650957285
0.15,23,50,60,0.19220826650957284,0.04220826650957285,0.0037150229726595576,4.973130506043109,5.064991981148742
0.15,23,60,70,0.19220826650957284,0.04220826650957285,0.0037150229726595576,5.817295836234564,5.909157311340199
0.15,23,70,80,0.19220826650957284,0.04220826650957285,0.0037150229726595576,6.661461166426022,6.753322641531656
0.15,24,10,20,0.18710838979724126,0.037108389797241265,0.004564662238400774,1.3703609207549077,1.4843355918896506
0.15,24,20,30,0.18710838979724126,0.037108389797241265,0.004564662238400774,2.1125287166997335,2.2265033878344758
0.15,24,30,40,0.18710838979724126,0.037108389797241265,0.004564662238400774,2.8546965126445585,2.968671183779301
0.15,24,40,50,0.18710838979724126,0.037108389797241265,0.004564662238400774,3.5968643085893834,3.7108389797241266
0.15,24,50,60,0.18710838979724126,0.037108389797241265,0.004564662238400774,4.339032104534212,4.4530067756689515
0.15,24,60,70,0.18710838979724126,0.037108389797241265,0.004564662238400774,5.081199900479035,5.195174571613777
0.15,24,70,80,0.18710838979724126,0.037108389797241265,0.004564662238400774,5.823367696423862,5.937342367558602
0.15,25,10,20,0.20037521805897474,0.05037521805897474,0.0030844540363497977,1.9571254895243548,2.0150087223589894
0.15,25,20,30,0.20037521805897474,0.05037521805897474,0.0030844540363497977,2.964629850703849,3.0225130835384846
0.15,25,30,40,0.20037521805897474,0.05037521805897474,0.0030844540363497977,3.972134211883345,4.030017444717979
0.15,25,40,50,0.20037521805897474,0.05037521805897474,0.0030844540363497977,4.979638573062838,5.037521805897474
0.15,25,50,60,0.20037521805897474,0.05037521805897474,0.0030844540363497977,5.9871429342423355,6.045026167076969
0.15,25,60,70,0.20037521805897474,0.05037521805897474,0.0030844540363497977,6.994647295421828,7.052530528256463
0.15,25,70,80,0.20037521805897474,0.05037521805897474,0.0030844540363497977,8.002151656601324,8.060034889435958
0.15,26,10,20,0.20876077622013836,0.05876077622013837,0.0026885844820299697,2.3257297596551183,2.3504310488055347
0.15,26,20,30,0.20876077622013836,0.05876077622013837,0.0026885844820299697,3.5009452840578863,3.525646573208302
0.15,26,30,40,0.20876077622013836,0.05876077622013837,0.0026885844820299697,4.6761608084606525,4.700862097611069
0.15,26,40,50,0.20876077622013836,0.05876077622013837,0.0026885844820299697,5.851376332863419,5.876077622013836
0.15,26,50,60,0.20876077622013836,0.05876077622013837,0.0026885844820299697,7.02659185726619,7.051293146416604
0.15,26,60,70,0.20876077622013836,0.05876077622013837,0.0026885844820299697,8.201807381668957,8.22650867081937
0.15,26,70,80,0.20876077622013836,0.05876077622013837,0.0026885844820299697,9.377022906071723,9.401724195222139
0.15,27,10,20,0.1821772952931182,0.03217729529311822,0.003402151677092401,1.1510377150311264,1.2870918117247288
0.15,27,20,30,0.1821772952931182,0.03217729529311822,0.003402151677092401,1.7945836208934907,1.9306377175870932
0.15,27,30,40,0.1821772952931182,0.03217729529311822,0.003402151677092401,2.438129526755855,2.5741836234494575
0.15,27,40,50,0.1821772952931182,0.03217729529311822,0.003402151677092401,3.081675432618221,3.2177295293118218
0.15,27,50,60,0.1821772952931182,0.03217729529311822,0.003402151677092401,3.725221338480587,3.8612754351741865
0.15,27,60,70,0.1821772952931182,0.03217729529311822,0.003402151677092401,4.368767244342951,4.504821341036551
0.15,27,70,80,0.1821772952931182,0.03217729529311822,0.003402151677092401,5.0123131502053155,5.148367246898915
0.15,28,10,20,0.1733517176129201,0.023351717612920098,0.002221762307364066,0.7566605439947116,0.9340687045168039
0.15,28,20,30,0.1733517176129201,0.023351717612920098,0.002221762307364066,1.2236948962531145,1.4011030567752059
0.15,28,30,40,0.1733517176129201,0.023351717612920098,0.002221762307364066,1.6907292485115164,1.8681374090336078
0.15,28,40,50,0.1733517176129201,0.023351717612920098,0.002221762307364066,2.1577636007699166,2.3351717612920098
0.15,28,50,60,0.1733517176129201,0.023351717612920098,0.002221762307364066,2.6247979530283203,2.8022061135504117
0.15,28,60,70,0.1733517176129201,0.023351717612920098,0.002221762307364066,3.0918323052867223,3.2692404658088137
0.15,28,70,80,0.1733517176129201,0.023351717612920098,0.002221762307364066,3.558866657545124,3.7362748180672156
0.15,29,10,20,0.21895265629938407,0.06895265629938407,0.010644794995554235,2.7716039500800074,2.758106251975363
0.15,29,20,30,0.21895265629938407,0.06895265629938407,0.010644794995554235,4.15065707606769,4.1371593779630444
0.15,29,30,40,0.21895265629938407,0.06895265629938407,0.010644794995554235,5.529710202055371,5.516212503950726
0.15,29,40,50,0.21895265629938407,0.06895265629938407,0.010644794995554235,6.908763328043053,6.895265629938407
0.15,29,50,60,0.21895265629938407,0.06895265629938407,0.010644794995554235,8.287816454030736,8.274318755926089
0.15,29,60,70,0.21895265629938407,0.06895265629938407,0.010644794995554235,9.666869580018417,9.65337188191377
0.15,29,70,80,0.21895265629938407,0.06895265629938407,0.010644794995554235,11.045922706006095,11.032425007901452
0.15,30,10,20,0.20025143192261052,0.05025143192261053,0.01316390774923428,1.951671624308581,2.010057276904421
0.15,30,20,30,0.20025143192261052,0.05025143192261053,0.01316390774923428,2.9567002627607906,3.015085915356632
0.15,30,30,40,0.20025143192261052,0.05025143192261053,0.01316390774923428,3.961728901213002,4.020114553808842
0.15,30,40,50,0.20025143192261052,0.05025143192261053,0.01316390774923428,4.9667575396652115,5.025143192261053
0.15,30,50,60,0.20025143192261052,0.05025143192261053,0.01316390774923428,5.971786178117426,6.030171830713264
0.15,30,60,70,0.20025143192261052,0.05025143192261053,0.01316390774923428,6.976814816569636,7.035200469165474
0.15,30,70,80,0.20025143192261052,0.05025143192261053,0.01316390774923428,7.981843455021846,8.040229107617684
0.15,31,10,20,0.20333219512584047,0.053332195125840476,0.004180232845505278,2.0872953872398243,2.133287805033619
0.15,31,20,30,0.20333219512584047,0.053332195125840476,0.004180232845505278,3.153939289756634,3.1999317075504283
0.15,31,30,40,0.20333219512584047,0.053332195125840476,0.004180232845505278,4.220583192273445,4.266575610067238
0.15,31,40,50,0.20333219512584047,0.053332195125840476,0.004180232845505278,5.287227094790252,5.333219512584048
0.15,31,50,60,0.20333219512584047,0.053332195125840476,0.004180232845505278,6.353870997307062,6.399863415100857
0.15,31,60,70,0.20333219512584047,0.053332195125840476,0.004180232845505278,7.420514899823871,7.466507317617666
0.15,31,70,80,0.20333219512584047,0.053332195125840476,0.004180232845505278,8.487158802340684,8.533151220134476
0.15,32,10,20,0.19943949423250654,0.04943949423250654,0.011559973591118097,1.915889277181491,1.9775797693002617
0.15,32,20,30,0.19943949423250654,0.04943949423250654,0.011559973591118097,2.9046791618316217,2.9663696539503928
0.15,32,30,40,0.19943949423250654,0.04943949423250654,0.011559973591118097,3.893469046481753,3.9551595386005234
0.15,32,40,50,0.19943949423250654,0.04943949423250654,0.011559973591118097,4.882258931131885,4.943949423250654
0.15,32,50,60,0.19943949423250654,0.04943949423250654,0.011559973591118097,5.871048815782018,5.9327393079007855
0.15,32,60,70,0.19943949423250654,0.04943949423250654,0.011559973591118097,6.859838700432146,6.921529192550916
0.15,32,70,80,0.19943949423250654,0.04943949423250654,0.011559973591118097,7.8486285850822775,7.910319077201047
0.15,33,10,20,0.20931447060645236,0.05931447060645237,0.006534236679347494,2.350011089944368,2.3725788242580945
0.15,33,20,30,0.20931447060645236,0.05931447060645237,0.006534236679347494,3.5363005020734146,3.5588682363871422
0.15,33,30,40,0.20931447060645236,0.05931447060645237,0.006534236679347494,4.722589914202462,4.745157648516189
0.15,33,40,50,0.20931447060645236,0.05931447060645237,0.006534236679347494,5.90887932633151,5.931447060645237
0.15,33,50,60,0.20931447060645236,0.05931447060645237,0.006534236679347494,7.095168738460558,7.1177364727742845
0.15,33,60,70,0.20931447060645236,0.05931447060645237,0.006534236679347494,8.281458150589607,8.304025884903332
0.15,33,70,80,0.20931447060645236,0.05931447060645237,0.006534236679347494,9.467747562718657,9.490315297032378
0.15,34,10,20,0.19786729832457184,0.047867298324571844,0.005701002400832537,1.8465554945395697,1.9146919329828738
0.15,34,20,30,0.19786729832457184,0.047867298324571844,0.005701002400832537,2.803901461031007,2.8720378994743108
0.15,34,30,40,0.19786729832457184,0.047867298324571844,0.005701002400832537,3.7612474275224432,3.8293838659657475
0.15,34,40,50,0.19786729832457184,0.047867298324571844,0.005701002400832537,4.718593394013881,4.786729832457184
0.15,34,50,60,0.19786729832457184,0.047867298324571844,0.005701002400832537,5.675939360505318,5.7440757989486215
0.15,34,60,70,0.19786729832457184,0.047867298324571844,0.005701002400832537,6.633285326996756,6.701421765440058
0.15,34,70,80,0.19786729832457184,0.047867298324571844,0.005701002400832537,7.59063129348819,7.658767731931495
0.15,35,10,20,0.20527182127669613,0.05527182127669614,0.01178684650075594,2.1725665183920144,2.2108728510678457
0.15,35,20,30,0.20527182127669613,0.05527182127669614,0.01178684650075594,3.2780029439259373,3.316309276601768
0.15,35,30,40,0.20527182127669613,0.05527182127669614,0.01178684650075594,4.383439369459861,4.421745702135691
0.15,35,40,50,0.20527182127669613,0.05527182127669614,0.01178684650075594,5.488875794993779,5.527182127669613
0.15,35,50,60,0.20527182127669613,0.05527182127669614,0.01178684650075594,6.5943122205277085,6.632618553203536
0.15,35,60,70,0.20527182127669613,0.05527182127669614,0.01178684650075594,7.699748646061629,7.738054978737459
0.15,35,70,80,0.20527182127669613,0.05527182127669614,0.01178684650075594,8.805185071595552,8.843491404271383
0.15,36,10,20,0.18572079442398187,0.03572079442398188,0.007489681528168283,1.3087150447752842,1.428831776959275
0.15,36,20,30,0.18572079442398187,0.03572079442398188,0.007489681528168283,2.0231309332549223,2.1432476654389125
0.15,36,30,40,0.18572079442398187,0.03572079442398188,0.007489681528168283,2.7375468217345595,2.85766355391855
0.15,36,40,50,0.18572079442398187,0.03572079442398188,0.007489681528168283,3.451962710214195,3.572079442398188
0.15,36,50,60,0.18572079442398187,0.03572079442398188,0.007489681528168283,4.166378598693836,4.286495330877825
0.15,36,60,70,0.18572079442398187,0.03572079442398188,0.007489681528168283,4.880794487173475,5.000911219357463
0.15,36,70,80,0.18572079442398187,0.03572079442398188,0.007489681528168283,5.59521037565311,5.7153271078371
0.15,37,10,20,0.17844948874538918,0.02844948874538919,0.0014767780116016706,0.9847549081544633,1.1379795498155676
0.15,37,20,30,0.17844948874538918,0.02844948874538919,0.0014767780116016706,1.5537446830622468,1.7069693247233513
0.15,37,30,40,0.17844948874538918,0.02844948874538919,0.0014767780116016706,2.122734457970031,2.275959099631135
0.15,37,40,50,0.17844948874538918,0.02844948874538919,0.0014767780116016706,2.6917242328778155,2.844948874538919
0.15,37,50,60,0.17844948874538918,0.02844948874538919,0.0014767780116016706,3.2607140077856016,3.4139386494467026
0.15,37,60,70,0.17844948874538918,0.02844948874538919,0.0014767780116016706,3.8297037826933824,3.9829284243544865
0.15,37,70,80,0.17844948874538918,0.02844948874538919,0.0014767780116016706,4.398693557601167,4.55191819926227
0.15,38,10,20,0.18362872416414625,0.03362872416414625,0.005073471504190549,1.2156672872895644,1.34514896656585
0.15,38,20,30,0.18362872416414625,0.03362872416414625,0.005073471504190549,1.8882417705724883,2.0177234498487753
0.15,38,30,40,0.18362872416414625,0.03362872416414625,0.005073471504190549,2.560816253855414,2.6902979331317
0.15,38,40,50,0.18362872416414625,0.03362872416414625,0.005073471504190549,3.233390737138338,3.362872416414625
0.15,38,50,60,0.18362872416414625,0.03362872416414625,0.005073471504190549,3.9059652204212654,4.0354468996975505
0.15,38,60,70,0.18362872416414625,0.03362872416414625,0.005073471504190549,4.578539703704191,4.708021382980475
0.15,38,70,80,0.18362872416414625,0.03362872416414625,0.005073471504190549,5.251114186987113,5.3805958662634
0.15,39,10,20,0.19731831520325308,0.04731831520325308,0.003515400137480699,1.8223307306126912,1.8927326081301232
0.15,39,20,30,0.19731831520325308,0.04731831520325308,0.003515400137480699,2.7686970346777535,2.839098912195185
0.15,39,30,40,0.19731831520325308,0.04731831520325308,0.003515400137480699,3.715063338742814,3.7854652162602465
0.15,39,40,50,0.19731831520325308,0.04731831520325308,0.003515400137480699,4.661429642807876,4.731831520325308
0.15,39,50,60,0.19731831520325308,0.04731831520325308,0.003515400137480699,5.60779594687294,5.67819782439037
0.15,39,60,70,0.19731831520325308,0.04731831520325308,0.003515400137480699,6.554162250938003,6.6245641284554315
0.15,39,70,80,0.19731831520325308,0.04731831520325308,0.003515400137480699,7.500528555003061,7.570930432520493
0.15,40,10,20,0.19590282581277385,0.045902825812773856,0.00270494856977898,1.7598346275364163,1.8361130325109543
0.15,40,20,30,0.19590282581277385,0.045902825812773856,0.00270494856977898,2.677891143791893,2.7541695487664315
0.15,40,30,40,0.19590282581277385,0.045902825812773856,0.00270494856977898,3.5959476600473703,3.6722260650219085
0.15,40,40,50,0.19590282581277385,0.045902825812773856,0.00270494856977898,4.514004176302846,4.5902825812773855
0.15,40,50,60,0.19590282581277385,0.045902825812773856,0.00270494856977898,5.432060692558327,5.508339097532863
0.15,40,60,70,0.19590282581277385,0.045902825812773856,0.00270494856977898,6.350117208813803,6.42639561378834
0.15,40,70,80,0.19590282581277385,0.045902825812773856,0.00270494856977898,7.268173725069278,7.344452130043817
0.15,41,10,20,0.17346588071404853,0.023465880714048537,0.0026396667004432435,0.7617778373782915,0.9386352285619415
0.15,41,20,30,0.17346588071404853,0.023465880714048537,0.0026396667004432435,1.2310954516592627,1.4079528428429122
0.15,41,30,40,0.17346588071404853,0.023465880714048537,0.0026396667004432435,1.7004130659402321,1.877270457123883
0.15,41,40,50,0.17346588071404853,0.023465880714048537,0.0026396667004432435,2.169730680221205,2.3465880714048537
0.15,41,50,60,0.17346588071404853,0.023465880714048537,0.0026396667004432435,2.6390482945021745,2.8159056856858244
0.15,41,60,70,0.17346588071404853,0.023465880714048537,0.0026396667004432435,3.1083659087831457,3.285223299966795
0.15,41,70,80,0.17346588071404853,0.023465880714048537,0.0026396667004432435,3.577683523064117,3.754540914247766
0.15,42,10,20,0.186641647365918,0.03664164736591802,0.002599045201375822,1.349631339819667,1.4656658946367207
0.15,42,20,30,0.186641647365918,0.03664164736591802,0.002599045201375822,2.082464287138027,2.198498841955081
0.15,42,30,40,0.186641647365918,0.03664164736591802,0.002599045201375822,2.815297234456388,2.9313317892734414
0.15,42,40,50,0.186641647365918,0.03664164736591802,0.002599045201375822,3.548130181774747,3.6641647365918018
0.15,42,50,60,0.186641647365918,0.03664164736591802,0.002599045201375822,4.280963129093109,4.396997683910162
0.15,42,60,70,0.186641647365918,0.03664164736591802,0.002599045201375822,5.01379607641147,5.129830631228522
0.15,42,70,80,0.186641647365918,0.03664164736591802,0.002599045201375822,5.746629023729831,5.862663578546883
0.15,43,10,20,0.19607989125585806,0.04607989125585807,0.008176670325586366,1.767655153077894,1.8431956502343227
0.15,43,20,30,0.19607989125585806,0.04607989125585807,0.008176670325586366,2.6892529781950554,2.764793475351484
0.15,43,30,40,0.19607989125585806,0.04607989125585807,0.008176670325586366,3.610850803312216,3.6863913004686455
0.15,43,40,50,0.19607989125585806,0.04607989125585807,0.008176670325586366,4.532448628429377,4.6079891255858065
0.15,43,50,60,0.19607989125585806,0.04607989125585807,0.008176670325586366,5.454046453546539,5.529586950702968
0.15,43,60,70,0.19607989125585806,0.04607989125585807,0.008176670325586366,6.375644278663703,6.4511847758201295
0.15,43,70,80,0.19607989125585806,0.04607989125585807,0.008176670325586366,7.297242103780864,7.372782600937291
0.15,44,10,20,0.1954340820664432,0.0454340820664432,0.006185862736119397,1.7391275232123062,1.817363282657728
0.15,44,20,30,0.1954340820664432,0.0454340820664432,0.006185862736119397,2.6478091645411705,2.726044923986592
0.15,44,30,40,0.1954340820664432,0.0454340820664432,0.006185862736119397,3.556490805870034,3.634726565315456
0.15,44,40,50,0.1954340820664432,0.0454340820664432,0.006185862736119397,4.465172447198897,4.54340820664432
0.15,44,50,60,0.1954340820664432,0.0454340820664432,0.006185862736119397,5.373854088527764,5.452089847973184
0.15,44,60,70,0.1954340820664432,0.0454340820664432,0.006185862736119397,6.282535729856626,6.3607714893020475
0.15,44,70,80,0.1954340820664432,0.0454340820664432,0.006185862736119397,7.191217371185491,7.269453130630912
0.15,45,10,20,0.17811137821705875,0.028111378217058752,0.002818300987824057,0.9696520371391202,1.12445512868235
0.15,45,20,30,0.17811137821705875,0.028111378217058752,0.002818300987824057,1.531879601480295,1.686682693023525
0.15,45,30,40,0.17811137821705875,0.028111378217058752,0.002818300987824057,2.0941071658214696,2.2489102573647
0.15,45,40,50,0.17811137821705875,0.028111378217058752,0.002818300987824057,2.656334730162646,2.8111378217058753
0.15,45,50,60,0.17811137821705875,0.028111378217058752,0.002818300987824057,3.2185622945038226,3.37336538604705
0.15,45,60,70,0.17811137821705875,0.028111378217058752,0.002818300987824057,3.7807898588449973,3.935592950388225
0.15,45,70,80,0.17811137821705875,0.028111378217058752,0.002818300987824057,4.343017423186172,4.4978205147294
0.15,46,10,20,0.19604379275394765,0.046043792753947654,0.007305219221304948,1.766060840409871,1.8417517101579062
0.15,46,20,30,0.19604379275394765,0.046043792753947654,0.007305219221304948,2.686936695488825,2.7626275652368593
0.15,46,30,40,0.19604379275394765,0.046043792753947654,0.007305219221304948,3.607812550567777,3.6835034203158123
0.15,46,40,50,0.19604379275394765,0.046043792753947654,0.007305219221304948,4.528688405646731,4.604379275394765
0.15,46,50,60,0.19604379275394765,0.046043792753947654,0.007305219221304948,5.449564260725683,5.5252551304737185
0.15,46,60,70,0.19604379275394765,0.046043792753947654,0.007305219221304948,6.370440115804637,6.446130985552672
0.15,46,70,80,0.19604379275394765,0.046043792753947654,0.007305219221304948,7.291315970883591,7.367006840631625
0.15,47,10,20,0.1828302017605614,0.032830201760561395,0.010507977458567047,1.1801181986544087,1.3132080704224558
0.15,47,20,30,0.1828302017605614,0.032830201760561395,0.010507977458567047,1.8367222338656362,1.9698121056336837
0.15,47,30,40,0.1828302017605614,0.032830201760561395,0.010507977458567047,2.4933262690768636,2.6264161408449116
0.15,47,40,50,0.1828302017605614,0.032830201760561395,0.010507977458567047,3.149930304288093,3.2830201760561395
0.15,47,50,60,0.1828302017605614,0.032830201760561395,0.010507977458567047,3.806534339499322,3.9396242112673674
0.15,47,60,70,0.1828302017605614,0.032830201760561395,0.010507977458567047,4.4631383747105495,4.596228246478596
0.15,47,70,80,0.1828302017605614,0.032830201760561395,0.010507977458567047,5.119742409921777,5.252832281689823
0.15,48,10,20,0.18228631482344423,0.03228631482344424,0.0025215331357181813,1.1558943308414413,1.2914525929377696
0.15,48,20,30,0.18228631482344423,0.03228631482344424,0.0025215331357181813,1.8016206273103261,1.9371788894066544
0.15,48,30,40,0.18228631482344423,0.03228631482344424,0.0025215331357181813,2.447346923779211,2.582905185875539
0.15,48,40,50,0.18228631482344423,0.03228631482344424,0.0025215331357181813,3.0930732202480957,3.228631482344424
0.15,48,50,60,0.18228631482344423,0.03228631482344424,0.0025215331357181813,3.7387995167169805,3.874357778813309
0.15,48,60,70,0.18228631482344423,0.03228631482344424,0.0025215331357181813,4.384525813185867,4.520084075282194
0.15,48,70,80,0.18228631482344423,0.03228631482344424,0.0025215331357181813,5.03025210965475,5.165810371751078
0.15,49,10,20,0.18602061047407928,0.036020610474079284,0.0008796938783686783,1.3220394396554438,1.4408244189631714
0.15,49,20,30,0.18602061047407928,0.036020610474079284,0.0008796938783686783,2.0424516491370284,2.1612366284447573
0.15,49,30,40,0.18602061047407928,0.036020610474079284,0.0008796938783686783,2.762863858618614,2.8816488379263427
0.15,49,40,50,0.18602061047407928,0.036020610474079284,0.0008796938783686783,3.483276068100201,3.602061047407928
0.15,49,50,60,0.18602061047407928,0.036020610474079284,0.0008796938783686783,4.2036882775817865,4.322473256889515
0.15,49,60,70,0.18602061047407928,0.036020610474079284,0.0008796938783686783,4.924100487063374,5.0428854663711
0.15,49,70,80,0.18602061047407928,0.036020610474079284,0.0008796938783686783,5.6445126965449575,5.7632976758526855
0.15,50,10,20,0.18062300230478384,0.030623002304783847,0.0015806392548652717,1.081758147064808,1.224920092191354
0.15,50,20,30,0.18062300230478384,0.030623002304783847,0.0015806392548652717,1.6942181931604843,1.8373801382870307
0.15,50,30,40,0.18062300230478384,0.030623002304783847,0.0015806392548652717,2.3066782392561613,2.449840184382708
0.15,50,40,50,0.18062300230478384,0.030623002304783847,0.0015806392548652717,2.91913828535184,3.062300230478385
0.15,50,50,60,0.18062300230478384,0.030623002304783847,0.0015806392548652717,3.531598331447519,3.6747602765740615
0.15,50,60,70,0.18062300230478384,0.030623002304783847,0.0015806392548652717,4.144058377543196,4.2872203226697385
0.15,50,70,80,0.18062300230478384,0.030623002304783847,0.0015806392548652717,4.75651842363887,4.899680368765416
0.15,51,10,20,0.19385288789136285,0.04385288789136285,0.006577066345430824,1.6692350339815611,1.754115515654514
0.15,51,20,30,0.19385288789136285,0.04385288789136285,0.006577066345430824,2.5462927918088187,2.631173273481771
0.15,51,30,40,0.19385288789136285,0.04385288789136285,0.006577066345430824,3.4233505496360745,3.508231031309028
0.15,51,40,50,0.19385288789136285,0.04385288789136285,0.006577066345430824,4.300408307463334,4.385288789136285
0.15,51,50,60,0.19385288789136285,0.04385288789136285,0.006577066345430824,5.1774660652905915,5.262346546963542
0.15,51,60,70,0.19385288789136285,0.04385288789136285,0.006577066345430824,6.054523823117847,6.1394043047908
0.15,51,70,80,0.19385288789136285,0.04385288789136285,0.006577066345430824,6.931581580945103,7.016462062618056
0.15,52,10,20,0.1926306509957823,0.04263065099578231,0.011801299714587427,1.6151643297030605,1.7052260398312924
0.15,52,20,30,0.1926306509957823,0.04263065099578231,0.011801299714587427,2.467777349618707,2.5578390597469385
0.15,52,30,40,0.1926306509957823,0.04263065099578231,0.011801299714587427,3.320390369534353,3.410452079662585
0.15,52,40,50,0.1926306509957823,0.04263065099578231,0.011801299714587427,4.173003389449997,4.263065099578231
0.15,52,50,60,0.1926306509957823,0.04263065099578231,0.011801299714587427,5.025616409365647,5.115678119493877
0.15,52,60,70,0.1926306509957823,0.04263065099578231,0.011801299714587427,5.878229429281294,5.968291139409524
0.15,52,70,80,0.1926306509957823,0.04263065099578231,0.011801299714587427,6.730842449196938,6.82090415932517
0.15,53,10,20,0.2033727660454212,0.05337276604542121,0.010784632148408737,2.0890799059435983,2.134910641816848
0.15,53,20,30,0.2033727660454212,0.05337276604542121,0.010784632148408737,3.1565352268520215,3.2023659627252727
0.15,53,30,40,0.2033727660454212,0.05337276604542121,0.010784632148408737,4.223990547760446,4.269821283633696
0.15,53,40,50,0.2033727660454212,0.05337276604542121,0.010784632148408737,5.2914458686688715,5.337276604542121
0.15,53,50,60,0.2033727660454212,0.05337276604542121,0.010784632148408737,6.3589011895772956,6.4047319254505455
0.15,53,60,70,0.2033727660454212,0.05337276604542121,0.010784632148408737,7.426356510485721,7.47218724635897
0.15,53,70,80,0.2033727660454212,0.05337276604542121,0.010784632148408737,8.493811831394144,8.539642567267393
0.15,54,10,20,0.21550839429456406,0.06550839429456407,0.014741526011060168,2.621173449675969,2.6203357717825626
0.15,54,20,30,0.21550839429456406,0.06550839429456407,0.014741526011060168,3.931341335567252,3.930503657673844
0.15,54,30,40,0.21550839429456406,0.06550839429456407,0.014741526011060168,5.24150922145853,5.240671543565125
0.15,54,40,50,0.21550839429456406,0.06550839429456407,0.014741526011060168,6.551677107349812,6.550839429456406
0.15,54,50,60,0.21550839429456406,0.06550839429456407,0.014741526011060168,7.861844993241096,7.861007315347688
0.15,54,60,70,0.21550839429456406,0.06550839429456407,0.014741526011060168,9.172012879132378,9.171175201238968
0.15,54,70,80,0.21550839429456406,0.06550839429456407,0.014741526011060168,10.482180765023656,10.48134308713025
0.15,55,10,20,0.18594858664949374,0.03594858664949374,0.005967307402244689,1.3188387987176498,1.4379434659797496
0.15,55,20,30,0.18594858664949374,0.03594858664949374,0.005967307402244689,2.0378105317075246,2.1569151989696245
0.15,55,30,40,0.18594858664949374,0.03594858664949374,0.005967307402244689,2.7567822646973994,2.8758869319594993
0.15,55,40,50,0.18594858664949374,0.03594858664949374,0.005967307402244689,3.4757539976872724,3.594858664949374
0.15,55,50,60,0.18594858664949374,0.03594858664949374,0.005967307402244689,4.194725730677149,4.313830397939249
0.15,55,60,70,0.18594858664949374,0.03594858664949374,0.005967307402244689,4.913697463667024,5.032802130929124
0.15,55,70,80,0.18594858664949374,0.03594858664949374,0.005967307402244689,5.632669196656899,5.751773863918999
0.15,56,10,20,0.20344994298552474,0.053449942985524745,0.020156361440551822,2.0924744382599396,2.13799771942099
0.15,56,20,30,0.20344994298552474,0.053449942985524745,0.020156361440551822,3.161473297970435,3.2069965791314847
0.15,56,30,40,0.20344994298552474,0.053449942985524745,0.020156361440551822,4.2304721576809285,4.27599543884198
0.15,56,40,50,0.20344994298552474,0.053449942985524745,0.020156361440551822,5.299471017391424,5.344994298552475
0.15,56,50,60,0.20344994298552474,0.053449942985524745,0.020156361440551822,6.368469877101919,6.4139931582629695
0.15,56,60,70,0.20344994298552474,0.053449942985524745,0.020156361440551822,7.437468736812416,7.482992017973464
0.15,56,70,80,0.20344994298552474,0.053449942985524745,0.020156361440551822,8.50646759652291,8.55199087768396
0.15,57,10,20,0.2050776381919662,0.055077638191966205,0.01620268616877975,2.164033706770593,2.203105527678648
0.15,57,20,30,0.2050776381919662,0.055077638191966205,0.01620268616877975,3.265586470609918,3.3046582915179723
0.15,57,30,40,0.2050776381919662,0.055077638191966205,0.01620268616877975,4.367139234449242,4.406211055357296
0.15,57,40,50,0.2050776381919662,0.055077638191966205,0.01620268616877975,5.4686919982885644,5.5077638191966205
0.15,57,50,60,0.2050776381919662,0.055077638191966205,0.01620268616877975,6.570244762127892,6.609316583035945
0.15,57,60,70,0.2050776381919662,0.055077638191966205,0.01620268616877975,7.671797525967214,7.710869346875269
0.15,57,70,80,0.2050776381919662,0.055077638191966205,0.01620268616877975,8.77335028980654,8.812422110714593
0.15,58,10,20,0.18052927958553483,0.030529279585534835,0.003436740894821625,1.0775783113640456,1.2211711834213934
0.15,58,20,30,0.18052927958553483,0.030529279585534835,0.003436740894821625,1.6881639030747415,1.83175677513209
0.15,58,30,40,0.18052927958553483,0.030529279585534835,0.003436740894821625,2.2987494947854383,2.442342366842787
0.15,58,40,50,0.18052927958553483,0.030529279585534835,0.003436740894821625,2.909335086496137,3.0529279585534836
0.15,58,50,60,0.18052927958553483,0.030529279585534835,0.003436740894821625,3.5199206782068337,3.66351355026418
0.15,58,60,70,0.18052927958553483,0.030529279585534835,0.003436740894821625,4.130506269917532,4.274099141974877
0.15,58,70,80,0.18052927958553483,0.030529279585534835,0.003436740894821625,4.741091861628227,4.884684733685574
0.15,59,10,20,0.21350620521685587,0.06350620521685588,0.033537652499987615,2.5336113865699392,2.5402482086742353
0.15,59,20,30,0.21350620521685587,0.06350620521685588,0.033537652499987615,3.803735490907057,3.8103723130113525
0.15,59,30,40,0.21350620521685587,0.06350620521685588,0.033537652499987615,5.0738595952441745,5.080496417348471
0.15,59,40,50,0.21350620521685587,0.06350620521685588,0.033537652499987615,6.343983699581292,6.350620521685587
0.15,59,50,60,0.21350620521685587,0.06350620521685588,0.033537652499987615,7.614107803918412,7.620744626022705
0.15,59,60,70,0.21350620521685587,0.06350620521685588,0.033537652499987615,8.88423190825553,8.890868730359824
0.15,59,70,80,0.21350620521685587,0.06350620521685588,0.033537652499987615,10.154356012592643,10.160992834696941
0.15,60,10,20,0.22210232514923028,0.07210232514923029,0.006877743594935572,2.9089544921240176,2.884093005969212
0.15,60,20,30,0.22210232514923028,0.07210232514923029,0.006877743594935572,4.351000995108624,4.326139508953817
0.15,60,30,40,0.22210232514923028,0.07210232514923029,0.006877743594935572,5.7930474980932285,5.768186011938424
0.15,60,40,50,0.22210232514923028,0.07210232514923029,0.006877743594935572,7.235094001077835,7.210232514923029
0.15,60,50,60,0.22210232514923028,0.07210232514923029,0.006877743594935572,8.677140504062443,8.652279017907635
0.15,60,60,70,0.22210232514923028,0.07210232514923029,0.006877743594935572,10.11918700704705,10.094325520892241
0.15,60,70,80,0.22210232514923028,0.07210232514923029,0.006877743594935572,11.561233510031656,11.536372023876847
0.15,61,10,20,0.17925206842751729,0.02925206842751729,0.005838143358116029,1.0205906951653931,1.1700827371006917
0.15,61,20,30,0.17925206842751729,0.02925206842751729,0.005838143358116029,1.6056320637157384,1.7551241056510376
0.15,61,30,40,0.17925206842751729,0.02925206842751729,0.005838143358116029,2.1906734322660846,2.3401654742013833
0.15,61,40,50,0.17925206842751729,0.02925206842751729,0.005838143358116029,2.775714800816429,2.925206842751729
0.15,61,50,60,0.17925206842751729,0.02925206842751729,0.005838143358116029,3.360756169366777,3.510248211302075
0.15,61,60,70,0.17925206842751729,0.02925206842751729,0.005838143358116029,3.945797537917123,4.0952895798524205
0.15,61,70,80,0.17925206842751729,0.02925206842751729,0.005838143358116029,4.530838906467469,4.680330948402767
0.15,62,10,20,0.18401723842539838,0.03401723842539839,0.007160659809110506,1.2329566206419704,1.3606895370159355
0.15,62,20,30,0.18401723842539838,0.03401723842539839,0.007160659809110506,1.9133013891499377,2.0410343055239033
0.15,62,30,40,0.18401723842539838,0.03401723842539839,0.007160659809110506,2.593646157657906,2.721379074031871
0.15,62,40,50,0.18401723842539838,0.03401723842539839,0.007160659809110506,3.273990926165874,3.401723842539839
0.15,62,50,60,0.18401723842539838,0.03401723842539839,0.007160659809110506,3.954335694673844,4.082068611047807
0.15,62,60,70,0.18401723842539838,0.03401723842539839,0.007160659809110506,4.634680463181809,4.762413379555774
0.15,62,70,80,0.18401723842539838,0.03401723842539839,0.007160659809110506,5.315025231689777,5.442758148063742
0.15,63,10,20,0.24012306549366694,0.09012306549366694,0.020105636628997996,3.6911600787087835,3.6049226197466777
0.15,63,20,30,0.24012306549366694,0.09012306549366694,0.020105636628997996,5.49362138858212,5.407383929620017
0.15,63,30,40,0.24012306549366694,0.09012306549366694,0.020105636628997996,7.296082698455459,7.209845239493355
0.15,63,40,50,0.24012306549366694,0.09012306549366694,0.020105636628997996,9.0985440083288,9.012306549366695
0.15,63,50,60,0.24012306549366694,0.09012306549366694,0.020105636628997996,10.901005318202138,10.814767859240034
0.15,63,60,70,0.24012306549366694,0.09012306549366694,0.020105636628997996,12.703466628075482,12.617229169113372
0.15,63,70,80,0.24012306549366694,0.09012306549366694,0.020105636628997996,14.505927937948819,14.41969047898671
0.15,64,10,20,0.21608734820254127,0.06608734820254128,0.016277396726214654,2.6464770233779262,2.643493928101651
0.15,64,20,30,0.21608734820254127,0.06608734820254128,0.016277396726214654,3.968223987428752,3.965240892152477
0.15,64,30,40,0.21608734820254127,0.06608734820254128,0.016277396726214654,5.289970951479576,5.286987856203302
0.15,64,40,50,0.21608734820254127,0.06608734820254128,0.016277396726214654,6.611717915530404,6.608734820254128
0.15,64,50,60,0.21608734820254127,0.06608734820254128,0.016277396726214654,7.93346487958123,7.930481784304954
0.15,64,60,70,0.21608734820254127,0.06608734820254128,0.016277396726214654,9.255211843632058,9.25222874835578
0.15,64,70,80,0.21608734820254127,0.06608734820254128,0.016277396726214654,10.576958807682885,10.573975712406604
0.15,65,10,20,0.19371663700197803,0.04371663700197803,0.004288615810164793,1.6632093658597773,1.7486654800791213
0.15,65,20,30,0.19371663700197803,0.04371663700197803,0.004288615810164793,2.5375421058993375,2.622998220118682
0.15,65,30,40,0.19371663700197803,0.04371663700197803,0.004288615810164793,3.4118748459388986,3.4973309601582425
0.15,65,40,50,0.19371663700197803,0.04371663700197803,0.004288615810164793,4.286207585978458,4.371663700197804
0.15,65,50,60,0.19371663700197803,0.04371663700197803,0.004288615810164793,5.1605403260180225,5.245996440237364
0.15,65,60,70,0.19371663700197803,0.04371663700197803,0.004288615810164793,6.034873066057582,6.120329180276924
0.15,65,70,80,0.19371663700197803,0.04371663700197803,0.004288615810164793,6.909205806097141,6.994661920316485
0.15,66,10,20,0.17560635602841615,0.025606356028416155,0.001664619560395934,0.85764460204651,1.0242542411366462
0.15,66,20,30,0.17560635602841615,0.025606356028416155,0.001664619560395934,1.3697717226148338,1.5363813617049693
0.15,66,30,40,0.17560635602841615,0.025606356028416155,0.001664619560395934,1.8818988431831567,2.0485084822732924
0.15,66,40,50,0.17560635602841615,0.025606356028416155,0.001664619560395934,2.3940259637514796,2.5606356028416153
0.15,66,50,60,0.17560635602841615,0.025606356028416155,0.001664619560395934,2.9061530843198042,3.0727627234099386
0.15,66,60,70,0.17560635602841615,0.025606356028416155,0.001664619560395934,3.418280204888127,3.584889843978262
0.15,66,70,80,0.17560635602841615,0.025606356028416155,0.001664619560395934,3.93040732545645,4.097016964546585
0.15,67,10,20,0.18387151293235413,0.03387151293235413,0.002351900948506006,1.2264721854638454,1.3548605172941652
0.15,67,20,30,0.18387151293235413,0.03387151293235413,0.002351900948506006,1.903902444110928,2.032290775941248
0.15,67,30,40,0.18387151293235413,0.03387151293235413,0.002351900948506006,2.5813327027580097,2.7097210345883305
0.15,67,40,50,0.18387151293235413,0.03387151293235413,0.002351900948506006,3.2587629614050915,3.387151293235413
0.15,67,50,60,0.18387151293235413,0.03387151293235413,0.002351900948506006,3.936193220052175,4.064581551882496
0.15,67,60,70,0.18387151293235413,0.03387151293235413,0.002351900948506006,4.61362347869926,4.742011810529578
0.15,67,70,80,0.18387151293235413,0.03387151293235413,0.002351900948506006,5.291053737346342,5.419442069176661
0.15,68,10,20,0.19078713531491742,0.04078713531491743,0.015366683429932446,1.5335334014598958,1.631485412596697
0.15,68,20,30,0.19078713531491742,0.04078713531491743,0.015366683429932446,2.3492761077582447,2.4472281188950458
0.15,68,30,40,0.19078713531491742,0.04078713531491743,0.015366683429932446,3.1650188140565927,3.262970825193394
0.15,68,40,50,0.19078713531491742,0.04078713531491743,0.015366683429932446,3.9807615203549407,4.078713531491743
0.15,68,50,60,0.19078713531491742,0.04078713531491743,0.015366683429932446,4.7965042266532905,4.8944562377900915
0.15,68,60,70,0.19078713531491742,0.04078713531491743,0.015366683429932446,5.6122469329516385,5.7101989440884395
0.15,68,70,80,0.19078713531491742,0.04078713531491743,0.015366683429932446,6.4279896392499865,6.525941650386788
0.15,69,10,20,0.1754011620733566,0.025401162073356603,0.0017184224700754875,0.8484608868575867,1.0160464829342641
0.15,69,20,30,0.1754011620733566,0.025401162073356603,0.0017184224700754875,1.3564841283247198,1.524069724401396
0.15,69,30,40,0.1754011620733566,0.025401162073356603,0.0017184224700754875,1.8645073697918502,2.0320929658685283
0.15,69,40,50,0.1754011620733566,0.025401162073356603,0.0017184224700754875,2.3725306112589823,2.5401162073356605
0.15,69,50,60,0.1754011620733566,0.025401162073356603,0.0017184224700754875,2.8805538527261163,3.048139448802792
0.15,69,60,70,0.1754011620733566,0.025401162073356603,0.0017184224700754875,3.3885770941932485,3.5561626902699244
0.15,69,70,80,0.1754011620733566,0.025401162073356603,0.0017184224700754875,3.8966003356603807,4.064185931737057
0.15,70,10,20,0.17564521816752493,0.025645218167524936,0.004094004760973955,0.859383773964935,1.0258087267009974
0.15,70,20,30,0.17564521816752493,0.025645218167524936,0.004094004760973955,1.372288137315433,1.538713090051496
0.15,70,30,40,0.17564521816752493,0.025645218167524936,0.004094004760973955,1.8851925006659318,2.051617453401995
0.15,70,40,50,0.17564521816752493,0.025645218167524936,0.004094004760973955,2.3980968640164324,2.5645218167524937
0.15,70,50,60,0.17564521816752493,0.025645218167524936,0.004094004760973955,2.9110012273669312,3.077426180102992
0.15,70,60,70,0.17564521816752493,0.025645218167524936,0.004094004760973955,3.4239055907174283,3.590330543453491
0.15,70,70,80,0.17564521816752493,0.025645218167524936,0.004094004760973955,3.936809954067929,4.10323490680399
0.15,71,10,20,0.20712545170244004,0.057125451702440044,0.004120049190115527,2.253974748951122,2.2850180680976018
0.15,71,20,30,0.20712545170244004,0.057125451702440044,0.004120049190115527,3.3964837829999226,3.427527102146403
0.15,71,30,40,0.20712545170244004,0.057125451702440044,0.004120049190115527,4.538992817048724,4.5700361361952035
0.15,71,40,50,0.20712545170244004,0.057125451702440044,0.004120049190115527,5.681501851097524,5.712545170244004
0.15,71,50,60,0.20712545170244004,0.057125451702440044,0.004120049190115527,6.824010885146329,6.855054204292806
0.15,71,60,70,0.20712545170244004,0.057125451702440044,0.004120049190115527,7.966519919195129,7.997563238341606
0.15,71,70,80,0.20712545170244004,0.057125451702440044,0.004120049190115527,9.109028953243929,9.140072272390407
0.15,72,10,20,0.20565251906643536,0.05565251906643537,0.006951030554464449,2.189292617716692,2.2261007626574147
0.15,72,20,30,0.20565251906643536,0.05565251906643537,0.006951030554464449,3.3023429990453987,3.339151143986122
0.15,72,30,40,0.20565251906643536,0.05565251906643537,0.006951030554464449,4.415393380374107,4.4522015253148295
0.15,72,40,50,0.20565251906643536,0.05565251906643537,0.006951030554464449,5.528443761702816,5.565251906643537
0.15,72,50,60,0.20565251906643536,0.05565251906643537,0.006951030554464449,6.641494143031522,6.678302287972244
0.15,72,60,70,0.20565251906643536,0.05565251906643537,0.006951030554464449,7.754544524360231,7.791352669300951
0.15,72,70,80,0.20565251906643536,0.05565251906643537,0.006951030554464449,8.86759490568894,8.904403050629659
0.15,73,10,20,0.17684245639300059,0.02684245639300059,0.0009629679474231903,0.9129393594667468,1.0736982557200236
0.15,73,20,30,0.17684245639300059,0.02684245639300059,0.0009629679474231903,1.4497884873267584,1.6105473835800355
0.15,73,30,40,0.17684245639300059,0.02684245639300059,0.0009629679474231903,1.9866376151867708,2.1473965114400473
0.15,73,40,50,0.17684245639300059,0.02684245639300059,0.0009629679474231903,2.5234867430467833,2.684245639300059
0.15,73,50,60,0.17684245639300059,0.02684245639300059,0.0009629679474231903,3.0603358709067976,3.221094767160071
0.15,73,60,70,0.17684245639300059,0.02684245639300059,0.0009629679474231903,3.5971849987668065,3.757943895020083
0.15,73,70,80,0.17684245639300059,0.02684245639300059,0.0009629679474231903,4.134034126626819,4.294793022880095
0.15,74,10,20,0.18784753908266696,0.03784753908266697,0.0031500913765935418,1.4031764243871914,1.5139015633066788
0.15,74,20,30,0.18784753908266696,0.03784753908266697,0.0031500913765935418,2.1601272060405314,2.2708523449600184
0.15,74,30,40,0.18784753908266696,0.03784753908266697,0.0031500913765935418,2.9170779876938706,3.0278031266133576
0.15,74,40,50,0.18784753908266696,0.03784753908266697,0.0031500913765935418,3.6740287693472116,3.7847539082666968
0.15,74,50,60,0.18784753908266696,0.03784753908266697,0.0031500913765935418,4.430979551000551,4.541704689920037
0.15,74,60,70,0.18784753908266696,0.03784753908266697,0.0031500913765935418,5.187930332653892,5.298655471573376
0.15,74,70,80,0.18784753908266696,0.03784753908266697,0.0031500913765935418,5.944881114307229,6.055606253226715
0.15,75,10,20,0.2040378038577665,0.05403780385776649,0.005895699835755779,2.118326122069128,2.1615121543106595
0.15,75,20,30,0.2040378038577665,0.05403780385776649,0.005895699835755779,3.199082199224458,3.2422682314659896
0.15,75,30,40,0.2040378038577665,0.05403780385776649,0.005895699835755779,4.279838276379788,4.323024308621319
0.15,75,40,50,0.2040378038577665,0.05403780385776649,0.005895699835755779,5.360594353535118,5.403780385776649
0.15,75,50,60,0.2040378038577665,0.05403780385776649,0.005895699835755779,6.4413504306904485,6.484536462931979
0.15,75,60,70,0.2040378038577665,0.05403780385776649,0.005895699835755779,7.522106507845777,7.565292540087309
0.15,75,70,80,0.2040378038577665,0.05403780385776649,0.005895699835755779,8.602862585001109,8.646048617242638
0.15,76,10,20,0.19599254089282261,0.04599254089282262,0.014467537370721853,1.7637972127531976,1.8397016357129048
0.15,76,20,30,0.19599254089282261,0.04599254089282262,0.014467537370721853,2.6836480306096497,2.7595524535693574
0.15,76,30,40,0.19599254089282261,0.04599254089282262,0.014467537370721853,3.603498848466103,3.6794032714258096
0.15,76,40,50,0.19599254089282261,0.04599254089282262,0.014467537370721853,4.523349666322554,4.599254089282262
0.15,76,50,60,0.19599254089282261,0.04599254089282262,0.014467537370721853,5.443200484179009,5.519104907138715
0.15,76,60,70,0.19599254089282261,0.04599254089282262,0.014467537370721853,6.363051302035462,6.438955724995167
0.15,76,70,80,0.19599254089282261,0.04599254089282262,0.014467537370721853,7.2829021198919115,7.358806542851619
0.15,77,10,20,0.20101953101191614,0.05101953101191614,0.015306079983278584,1.9855070567252238,2.0407812404766457
0.15,77,20,30,0.20101953101191614,0.05101953101191614,0.015306079983278584,3.0058976769635457,3.0611718607149685
0.15,77,30,40,0.20101953101191614,0.05101953101191614,0.015306079983278584,4.026288297201869,4.081562480953291
0.15,77,40,50,0.20101953101191614,0.05101953101191614,0.015306079983278584,5.046678917440191,5.101953101191614
0.15,77,50,60,0.20101953101191614,0.05101953101191614,0.015306079983278584,6.067069537678517,6.122343721429937
0.15,77,60,70,0.20101953101191614,0.05101953101191614,0.015306079983278584,7.087460157916841,7.14273434166826
0.15,77,70,80,0.20101953101191614,0.05101953101191614,0.015306079983278584,8.10785077815516,8.163124961906583
0.15,78,10,20,0.19492382969490468,0.04492382969490469,0.015217140935387124,1.716580286750374,1.7969531877961875
0.15,78,20,30,0.19492382969490468,0.04492382969490469,0.015217140935387124,2.615056880648467,2.695429781694281
0.15,78,30,40,0.19492382969490468,0.04492382969490469,0.015217140935387124,3.513533474546561,3.593906375592375
0.15,78,40,50,0.19492382969490468,0.04492382969490469,0.015217140935387124,4.412010068444657,4.4923829694904684
0.15,78,50,60,0.19492382969490468,0.04492382969490469,0.015217140935387124,5.3104866623427505,5.390859563388562
0.15,78,60,70,0.19492382969490468,0.04492382969490469,0.015217140935387124,6.2089632562408426,6.289336157286656
0.15,78,70,80,0.19492382969490468,0.04492382969490469,0.015217140935387124,7.107439850138938,7.18781275118475
0.15,79,10,20,0.1831966969451007,0.03319669694510072,0.010769693535075153,1.196436378356097,1.3278678778040287
0.15,79,20,30,0.1831966969451007,0.03319669694510072,0.010769693535075153,1.860370317258111,1.991801816706043
0.15,79,30,40,0.1831966969451007,0.03319669694510072,0.010769693535075153,2.524304256160125,2.6557357556080574
0.15,79,40,50,0.1831966969451007,0.03319669694510072,0.010769693535075153,3.188238195062139,3.319669694510072
0.15,79,50,60,0.1831966969451007,0.03319669694510072,0.010769693535075153,3.8521721339641566,3.983603633412086
0.15,79,60,70,0.1831966969451007,0.03319669694510072,0.010769693535075153,4.516106072866169,4.647537572314101
0.15,79,70,80,0.1831966969451007,0.03319669694510072,0.010769693535075153,5.180040011768185,5.311471511216115
0.15,80,10,20,0.184522079583477,0.034522079583477,0.010282727205068997,1.255416053352266,1.38088318333908
0.15,80,20,30,0.184522079583477,0.034522079583477,0.010282727205068997,1.9458576450218068,2.07132477500862
0.15,80,30,40,0.184522079583477,0.034522079583477,0.010282727205068997,2.6362992366913467,2.76176636667816
0.15,80,40,50,0.184522079583477,0.034522079583477,0.010282727205068997,3.326740828360885,3.4522079583477
0.15,80,50,60,0.184522079583477,0.034522079583477,0.010282727205068997,4.0171824200304265,4.14264955001724
0.15,80,60,70,0.184522079583477,0.034522079583477,0.010282727205068997,4.707624011699966,4.83309114168678
0.15,80,70,80,0.184522079583477,0.034522079583477,0.010282727205068997,5.398065603369506,5.52353273335632
0.15,81,10,20,0.2125650291995727,0.06256502919957271,0.00393880914056454,2.4924209533900674,2.5026011679829088
0.15,81,20,30,0.2125650291995727,0.06256502919957271,0.00393880914056454,3.7437215373815214,3.7539017519743627
0.15,81,30,40,0.2125650291995727,0.06256502919957271,0.00393880914056454,4.995022121372976,5.0052023359658175
0.15,81,40,50,0.2125650291995727,0.06256502919957271,0.00393880914056454,6.246322705364429,6.2565029199572715
0.15,81,50,60,0.2125650291995727,0.06256502919957271,0.00393880914056454,7.497623289355886,7.507803503948725
0.15,81,60,70,0.2125650291995727,0.06256502919957271,0.00393880914056454,8.74892387334734,8.75910408794018
0.15,81,70,80,0.2125650291995727,0.06256502919957271,0.00393880914056454,10.000224457338796,10.010404671931635
0.15,82,10,20,0.19857812104950745,0.048578121049507456,0.0030584516436390446,1.8779104094170789,1.9431248419802982
0.15,82,20,30,0.19857812104950745,0.048578121049507456,0.0030584516436390446,2.849472830407228,2.9146872629704474
0.15,82,30,40,0.19857812104950745,0.048578121049507456,0.0030584516436390446,3.8210352513973778,3.8862496839605964
0.15,82,40,50,0.19857812104950745,0.048578121049507456,0.0030584516436390446,4.792597672387528,4.857812104950746
0.15,82,50,60,0.19857812104950745,0.048578121049507456,0.0030584516436390446,5.764160093377676,5.829374525940895
0.15,82,60,70,0.19857812104950745,0.048578121049507456,0.0030584516436390446,6.735722514367826,6.800936946931044
0.15,82,70,80,0.19857812104950745,0.048578121049507456,0.0030584516436390446,7.7072849353579755,7.772499367921193
0.15,83,10,20,0.1905219193706878,0.0405219193706878,0.010939141874388918,1.5217820839587244,1.6208767748275121
0.15,83,20,30,0.1905219193706878,0.0405219193706878,0.010939141874388918,2.33222047137248,2.431315162241268
0.15,83,30,40,0.1905219193706878,0.0405219193706878,0.010939141874388918,3.142658858786236,3.2417535496550243
0.15,83,40,50,0.1905219193706878,0.0405219193706878,0.010939141874388918,3.9530972461999934,4.0521919370687804
0.15,83,50,60,0.1905219193706878,0.0405219193706878,0.010939141874388918,4.763535633613749,4.862630324482536
0.15,83,60,70,0.1905219193706878,0.0405219193706878,0.010939141874388918,5.573974021027507,5.673068711896293
0.15,83,70,80,0.1905219193706878,0.0405219193706878,0.010939141874388918,6.384412408441261,6.4835070993100485
0.15,84,10,20,0.21384241786106853,0.06384241786106853,0.0075344030369919116,2.5483210359324975,2.5536967144427414
0.15,84,20,30,0.21384241786106853,0.06384241786106853,0.0075344030369919116,3.8251693931538675,3.830545071664112
0.15,84,30,40,0.21384241786106853,0.06384241786106853,0.0075344030369919116,5.1020177503752375,5.107393428885483
0.15,84,40,50,0.21384241786106853,0.06384241786106853,0.0075344030369919116,6.378866107596609,6.384241786106854
0.15,84,50,60,0.21384241786106853,0.06384241786106853,0.0075344030369919116,7.655714464817983,7.661090143328224
0.15,84,60,70,0.21384241786106853,0.06384241786106853,0.0075344030369919116,8.932562822039351,8.937938500549595
0.15,84,70,80,0.21384241786106853,0.06384241786106853,0.0075344030369919116,10.209411179260726,10.214786857770966
0.15,85,10,20,0.2254561253869447,0.07545612538694471,0.03411056802851485,3.0549894147233267,3.0182450154777882
0.15,85,20,30,0.2254561253869447,0.07545612538694471,0.03411056802851485,4.564111922462221,4.527367523216682
0.15,85,30,40,0.2254561253869447,0.07545612538694471,0.03411056802851485,6.073234430201113,6.0364900309555765
0.15,85,40,50,0.2254561253869447,0.07545612538694471,0.03411056802851485,7.582356937940007,7.5456125386944715
0.15,85,50,60,0.2254561253869447,0.07545612538694471,0.03411056802851485,9.091479445678903,9.054735046433365
0.15,85,60,70,0.2254561253869447,0.07545612538694471,0.03411056802851485,10.600601953417797,10.563857554172259
0.15,85,70,80,0.2254561253869447,0.07545612538694471,0.03411056802851485,12.109724461156695,12.072980061911153
0.15,86,10,20,0.2054407200672483,0.05544072006724832,0.0036965004477289313,2.179987567539955,2.2176288026899327
0.15,86,20,30,0.2054407200672483,0.05544072006724832,0.0036965004477289313,3.288801968884922,3.326443204034899
0.15,86,30,40,0.2054407200672483,0.05544072006724832,0.0036965004477289313,4.397616370229887,4.435257605379865
0.15,86,40,50,0.2054407200672483,0.05544072006724832,0.0036965004477289313,5.506430771574854,5.544072006724832
0.15,86,50,60,0.2054407200672483,0.05544072006724832,0.0036965004477289313,6.6152451729198205,6.652886408069798
0.15,86,60,70,0.2054407200672483,0.05544072006724832,0.0036965004477289313,7.724059574264789,7.761700809414764
0.15,86,70,80,0.2054407200672483,0.05544072006724832,0.0036965004477289313,8.832873975609754,8.87051521075973
0.15,87,10,20,0.19412425477899348,0.04412425477899348,0.002418412053720773,1.6812347271192278,1.7649701911597393
0.15,87,20,30,0.19412425477899348,0.04412425477899348,0.002418412053720773,2.563719822699097,2.647455286739609
0.15,87,30,40,0.19412425477899348,0.04412425477899348,0.002418412053720773,3.4462049182789674,3.5299403823194786
0.15,87,40,50,0.19412425477899348,0.04412425477899348,0.002418412053720773,4.328690013858838,4.412425477899348
0.15,87,50,60,0.19412425477899348,0.04412425477899348,0.002418412053720773,5.211175109438706,5.294910573479218
0.15,87,60,70,0.19412425477899348,0.04412425477899348,0.002418412053720773,6.093660205018576,6.177395669059088
0.15,87,70,80,0.19412425477899348,0.04412425477899348,0.002418412053720773,6.976145300598446,7.059880764638957
0.15,88,10,20,0.19040713605579804,0.04040713605579804,0.0012625848841117885,1.5166956155369045,1.6162854422319217
0.15,88,20,30,0.19040713605579804,0.04040713605579804,0.0012625848841117885,2.3248383366528653,2.4244281633478826
0.15,88,30,40,0.19040713605579804,0.04040713605579804,0.0012625848841117885,3.132981057768827,3.2325708844638434
0.15,88,40,50,0.19040713605579804,0.04040713605579804,0.0012625848841117885,3.941123778884789,4.040713605579804
0.15,88,50,60,0.19040713605579804,0.04040713605579804,0.0012625848841117885,4.749266500000751,4.848856326695765
0.15,88,60,70,0.19040713605579804,0.04040713605579804,0.0012625848841117885,5.5574092211167105,5.656999047811726
0.15,88,70,80,0.19040713605579804,0.04040713605579804,0.0012625848841117885,6.3655519422326705,6.465141768927687
0.15,89,10,20,0.19370902398432785,0.043709023984327855,0.0028161145522658288,1.6628726672832217,1.7483609593731142
0.15,89,20,30,0.19370902398432785,0.043709023984327855,0.0028161145522658288,2.537053146969779,2.6225414390596713
0.15,89,30,40,0.19370902398432785,0.043709023984327855,0.0028161145522658288,3.411233626656335,3.4967219187462284
0.15,89,40,50,0.19370902398432785,0.043709023984327855,0.0028161145522658288,4.285414106342893,4.3709023984327855
0.15,89,50,60,0.19370902398432785,0.043709023984327855,0.0028161145522658288,5.159594586029449,5.245082878119343
0.15,89,60,70,0.19370902398432785,0.043709023984327855,0.0028161145522658288,6.033775065716007,6.1192633578059
0.15,89,70,80,0.19370902398432785,0.043709023984327855,0.0028161145522658288,6.907955545402565,6.993443837492457
0.15,90,10,20,0.18840530303164504,0.03840530303164505,0.004201706191486467,1.4279289508374413,1.536212121265802
0.15,90,20,30,0.18840530303164504,0.03840530303164505,0.004201706191486467,2.196035011470343,2.304318181898703
0.15,90,30,40,0.18840530303164504,0.03840530303164505,0.004201706191486467,2.964141072103244,3.072424242531604
0.15,90,40,50,0.18840530303164504,0.03840530303164505,0.004201706191486467,3.732247132736143,3.840530303164505
0.15,90,50,60,0.18840530303164504,0.03840530303164505,0.004201706191486467,4.5003531933690475,4.608636363797406
0.15,90,60,70,0.18840530303164504,0.03840530303164505,0.004201706191486467,5.268459254001947,5.376742424430307
0.15,90,70,80,0.18840530303164504,0.03840530303164505,0.004201706191486467,6.036565314634849,6.144848485063208
0.15,91,10,20,0.2114262816895663,0.06142628168956629,0.013617657939690633,2.4425579972167144,2.457051267582652
0.15,91,20,30,0.2114262816895663,0.06142628168956629,0.013617657939690633,3.6710836310080417,3.6855769013739774
0.15,91,30,40,0.2114262816895663,0.06142628168956629,0.013617657939690633,4.899609264799366,4.914102535165304
0.15,91,40,50,0.2114262816895663,0.06142628168956629,0.013617657939690633,6.128134898590693,6.142628168956629
0.15,91,50,60,0.2114262816895663,0.06142628168956629,0.013617657939690633,7.356660532382019,7.371153802747955
0.15,91,60,70,0.2114262816895663,0.06142628168956629,0.013617657939690633,8.585186166173344,8.599679436539281
0.15,91,70,80,0.2114262816895663,0.06142628168956629,0.013617657939690633,9.813711799964672,9.828205070330608
0.15,92,10,20,0.17831431440766218,0.02831431440766219,0.0036664059034027716,0.9787173078313636,1.1325725763064876
0.15,92,20,30,0.17831431440766218,0.02831431440766219,0.0036664059034027716,1.5450035959846087,1.6988588644597313
0.15,92,30,40,0.17831431440766218,0.02831431440766219,0.0036664059034027716,2.111289884137852,2.265145152612975
0.15,92,40,50,0.17831431440766218,0.02831431440766219,0.0036664059034027716,2.6775761722910953,2.831431440766219
0.15,92,50,60,0.17831431440766218,0.02831431440766219,0.0036664059034027716,3.2438624604443405,3.3977177289194627
0.15,92,60,70,0.17831431440766218,0.02831431440766219,0.0036664059034027716,3.810148748597584,3.9640040170727064
0.15,92,70,80,0.17831431440766218,0.02831431440766219,0.0036664059034027716,4.376435036750827,4.53029030522595
0.15,93,10,20,0.21521121247110997,0.06521121247110997,0.007705719160055942,2.6081821586248424,2.6084484988443988
0.15,93,20,30,0.21521121247110997,0.06521121247110997,0.007705719160055942,3.912406408047042,3.9126727482665986
0.15,93,30,40,0.21521121247110997,0.06521121247110997,0.007705719160055942,5.21663065746924,5.2168969976887976
0.15,93,40,50,0.21521121247110997,0.06521121247110997,0.007705719160055942,6.520854906891442,6.521121247110997
0.15,93,50,60,0.21521121247110997,0.06521121247110997,0.007705719160055942,7.825079156313642,7.825345496533197
0.15,93,60,70,0.21521121247110997,0.06521121247110997,0.007705719160055942,9.129303405735843,9.129569745955397
0.15,93,70,80,0.21521121247110997,0.06521121247110997,0.007705719160055942,10.433527655158045,10.433793995377595
0.15,94,10,20,0.2101427158770013,0.06014271587700132,0.00683324528255849,2.3863195227854224,2.4057086350800527
0.15,94,20,30,0.2101427158770013,0.06014271587700132,0.00683324528255849,3.589173840325449,3.608562952620079
0.15,94,30,40,0.2101427158770013,0.06014271587700132,0.00683324528255849,4.7920281578654755,4.8114172701601055
0.15,94,40,50,0.2101427158770013,0.06014271587700132,0.00683324528255849,5.994882475405502,6.014271587700132
0.15,94,50,60,0.2101427158770013,0.06014271587700132,0.00683324528255849,7.197736792945527,7.217125905240158
0.15,94,60,70,0.2101427158770013,0.06014271587700132,0.00683324528255849,8.400591110485554,8.419980222780184
0.15,94,70,80,0.2101427158770013,0.06014271587700132,0.00683324528255849,9.60344542802558,9.622834540320211
0.15,95,10,20,0.20845406414173395,0.05845406414173396,0.01331173444738216,2.3122764388329307,2.338162565669358
0.15,95,20,30,0.20845406414173395,0.05845406414173396,0.01331173444738216,3.48135772166761,3.5072438485040376
0.15,95,30,40,0.20845406414173395,0.05845406414173396,0.01331173444738216,4.650439004502289,4.676325131338716
0.15,95,40,50,0.20845406414173395,0.05845406414173396,0.01331173444738216,5.819520287336969,5.845406414173396
0.15,95,50,60,0.20845406414173395,0.05845406414173396,0.01331173444738216,6.9886015701716495,7.014487697008075
0.15,95,60,70,0.20845406414173395,0.05845406414173396,0.01331173444738216,8.157682853006328,8.183568979842754
0.15,95,70,80,0.20845406414173395,0.05845406414173396,0.01331173444738216,9.326764135841003,9.352650262677432
0.15,96,10,20,0.18741055143103455,0.037410551431034555,0.007403532246277012,1.38377764042938,1.4964220572413822
0.15,96,20,30,0.18741055143103455,0.037410551431034555,0.007403532246277012,2.131988669050072,2.2446330858620733
0.15,96,30,40,0.18741055143103455,0.037410551431034555,0.007403532246277012,2.8801996976707613,2.9928441144827644
0.15,96,40,50,0.18741055143103455,0.037410551431034555,0.007403532246277012,3.6284107262914542,3.7410551431034555
0.15,96,50,60,0.18741055143103455,0.037410551431034555,0.007403532246277012,4.376621754912147,4.489266171724147
0.15,96,60,70,0.18741055143103455,0.037410551431034555,0.007403532246277012,5.124832783532838,5.237477200344838
0.15,96,70,80,0.18741055143103455,0.037410551431034555,0.007403532246277012,5.873043812153529,5.985688228965529
0.15,97,10,20,0.1841573955305181,0.03415739553051811,0.018584864248435685,1.239192690886589,1.3662958212207243
0.15,97,20,30,0.1841573955305181,0.03415739553051811,0.018584864248435685,1.922340601496952,2.0494437318310865
0.15,97,30,40,0.1841573955305181,0.03415739553051811,0.018584864248435685,2.605488512107314,2.7325916424414487
0.15,97,40,50,0.1841573955305181,0.03415739553051811,0.018584864248435685,3.2886364227176745,3.415739553051811
0.15,97,50,60,0.1841573955305181,0.03415739553051811,0.018584864248435685,3.9717843333280385,4.098887463662173
0.15,97,60,70,0.1841573955305181,0.03415739553051811,0.018584864248435685,4.654932243938401,4.782035374272535
0.15,97,70,80,0.1841573955305181,0.03415739553051811,0.018584864248435685,5.338080154548763,5.465183284882897
0.15,98,10,20,0.1951233645545028,0.045123364554502804,0.007109727300336706,1.7253982168078341,1.8049345821801122
0.15,98,20,30,0.1951233645545028,0.045123364554502804,0.007109727300336706,2.6278655078978908,2.707401873270168
0.15,98,30,40,0.1951233645545028,0.045123364554502804,0.007109727300336706,3.5303327989879456,3.6098691643602243
0.15,98,40,50,0.1951233645545028,0.045123364554502804,0.007109727300336706,4.432800090078002,4.5123364554502805
0.15,98,50,60,0.1951233645545028,0.045123364554502804,0.007109727300336706,5.335267381168059,5.414803746540336
0.15,98,60,70,0.1951233645545028,0.045123364554502804,0.007109727300336706,6.237734672258114,6.317271037630393
0.15,98,70,80,0.1951233645545028,0.045123364554502804,0.007109727300336706,7.140201963348172,7.219738328720449
0.15,99,10,20,0.18818509742908365,0.03818509742908366,0.001766850457091775,1.4181576734655152,1.5274038971633463
0.15,99,20,30,0.18818509742908365,0.03818509742908366,0.001766850457091775,2.181859622047188,2.2911058457450197
0.15,99,30,40,0.18818509742908365,0.03818509742908366,0.001766850457091775,2.945561570628861,3.0548077943266927
0.15,99,40,50,0.18818509742908365,0.03818509742908366,0.001766850457091775,3.709263519210536,3.8185097429083656
0.15,99,50,60,0.18818509742908365,0.03818509742908366,0.001766850457091775,4.472965467792211,4.5822116914900395
0.15,99,60,70,0.18818509742908365,0.03818509742908366,0.001766850457091775,5.2366674163738836,5.345913640071712
0.15,99,70,80,0.18818509742908365,0.03818509742908366,0.001766850457091775,6.0003693649555565,6.109615588653385
