setup_index,spectrum_family,setup_name,matrix_seed,q,mean_oracle_risk,se_oracle_risk,additive_regret_oracle,baseline_normalized_additive_regret_oracle,multiplicative_regret_oracle,minimum_q_smallest_oracle,minimum_q_largest_oracle,minimum_q_count_oracle,minimum_is_zero_oracle,minimum_is_plateau_oracle,mean_gaussian_risk,se_gaussian_risk,additive_regret_gaussian,baseline_normalized_additive_regret_gaussian,multiplicative_regret_gaussian,minimum_q_smallest_gaussian,minimum_q_largest_gaussian,minimum_q_count_gaussian,minimum_is_zero_gaussian,minimum_is_plateau_gaussian,mean_rademacher_risk,se_rademacher_risk,additive_regret_rademacher,baseline_normalized_additive_regret_rademacher,multiplicative_regret_rademacher,minimum_q_smallest_rademacher,minimum_q_largest_rademacher,minimum_q_count_rademacher,minimum_is_zero_rademacher,minimum_is_plateau_rademacher
0,power,power_c_0.3,42000,0,0.35109322804254217,3.935081177621402e-18,0.016591368464064227,0.04725630441967352,0.04960022788803564,6,6,1,False,False,0.35109322804254234,3.935081177621402e-18,0.0,0.0,0.0,0,0,1,False,False,0.0490492730739656,0.0,0.0,0.0,0.0,0,0,1,False,False
0,power,power_c_0.3,42000,1,0.3428792182709287,0.0,0.008377358692450765,0.02386078119238368,0.025044281377112565,6,6,1,False,False,0.3532307062235111,5.461965526907753e-05,0.002137478180968766,0.006088064394992447,0.006088064394992543,0,0,1,False,False,0.04916469999429863,4.0783345906581535e-05,0.00011542692033302687,0.002353285035620502,0.0023532850356204893,0,0,1,False,False
0,power,power_c_0.3,42000,2,0.33881672164124266,3.935081177621402e-18,0.004314862062764713,0.012289790056109764,0.012899366443589022,6,6,1,False,False,0.35547222843434234,7.617571158777085e-05,0.004379000391800003,0.012472471816714719,0.012472471816714625,0,0,1,False,False,0.049316140460712615,5.6041882272563114e-05,0.0002668673867470134,0.005440802075590013,0.005440802075590057,0,0,1,False,False
0,power,power_c_0.3,42000,3,0.33649899259798877,3.935081177621402e-18,0.0019971330195108217,0.00568832680324107,0.005970469108983467,6,6,1,False,False,0.3578950409455503,8.759440815626282e-05,0.006801812903007964,0.019373238672048047,0.019373238672047988,0,0,1,False,False,0.04956394761778949,6.40546107325635e-05,0.0005146745438238884,0.010493010631325086,0.010493010631325017,0,0,1,False,False
0,power,power_c_0.3,42000,4,0.335199304584172,3.935081177621402e-18,0.0006974450056940751,0.0019864951813014326,0.002085025794992479,6,6,1,False,False,0.36031714157911976,0.00010226593087658848,0.009223913536577422,0.026271977924506563,0.02627197792450664,0,0,1,False,False,0.04976579690488583,7.40758178470854e-05,0.0007165238309202251,0.014608245668385696,0.014608245668385589,0,0,1,False,False
0,power,power_c_0.3,42000,5,0.3345922181420519,3.935081177621402e-18,9.035856357397787e-05,0.00025736344753146044,0.0002701287331789981,6,6,1,False,False,0.3628959388089433,0.00010752023657193755,0.011802710766400937,0.03361702768294577,0.03361702768294572,0,0,1,False,False,0.05003444543623815,7.76559487397516e-05,0.0009851723622725447,0.020085361118133575,0.020085361118133527,0,0,1,False,False
0,power,power_c_0.3,42000,6,0.33450185957847794,3.935081177621402e-18,0.0,0.0,0.0,6,6,1,False,False,0.36574476753987484,0.0001122378905613919,0.0146515394973325,0.0417311936747386,0.041731193674738654,0,0,1,False,False,0.05044818092473382,8.022410376643149e-05,0.0013989078507682176,0.028520460408428164,0.02852046040842815,0,0,1,False,False
0,power,power_c_0.3,42000,7,0.3348220290355553,0.0,0.0003201694570773572,0.0009119214826853969,0.0009571529960425984,6,6,1,False,False,0.3686569163026644,0.00011445332664521889,0.017563688260122057,0.050025710715200254,0.05002571071520023,0,0,1,False,False,0.05086468221617901,8.095767514000276e-05,0.0018154091422134047,0.0370119479543722,0.03701194795437224,0,0,1,False,False
0,power,power_c_0.3,42000,8,0.33548379903953157,3.935081177621402e-18,0.000981939461053627,0.0027968054710945456,0.0029355276598193036,6,6,1,False,False,0.3716486203612679,0.00011755899865447613,0.02055539231872555,0.05854682083539029,0.05854682083539031,0,0,1,False,False,0.05128763278965494,8.230200662811234e-05,0.0022383597156893364,0.045634921282399474,0.04563492128239943,0,0,1,False,False
0,power,power_c_0.3,42000,9,0.336440183243092,0.0,0.00193832366461405,0.0055208232736952195,0.005794657366199996,6,6,1,False,False,0.37476074588453023,0.00011729148104385877,0.023667517841987895,0.0674109209509449,0.06741092095094481,0,0,1,False,False,0.051751171227699684,8.180741973335114e-05,0.002701898153734082,0.055085386273913954,0.05508538627391402,0,0,1,False,False
0,power,power_c_0.3,42000,10,0.33765806238726526,3.935081177621402e-18,0.0031562028087873117,0.008989643082505917,0.00943553142803033,6,6,1,False,False,0.37802908132953805,0.00011963833630618262,0.026935853286995715,0.07671994540359482,0.07671994540359472,0,0,1,False,False,0.052267189780399244,8.300157643570761e-05,0.003217916706433642,0.06560579810389992,0.06560579810389999,0,0,1,False,False
0,power,power_c_0.3,42000,11,0.33911358287604154,3.935081177621402e-18,0.004611723297563597,0.013135323980116164,0.013786839042913002,6,6,1,False,False,0.38141993671272245,0.00012056772424237224,0.030326708670180114,0.0863779368211152,0.08637793682111528,0,0,1,False,False,0.052818588035620825,8.330110461034896e-05,0.0037693149616552235,0.07684751935000445,0.07684751935000445,0,0,1,False,False
0,power,power_c_0.3,42000,12,0.34078937076509946,3.935081177621402e-18,0.006287511186621519,0.017908380693288845,0.018796640456781644,6,6,1,False,False,0.38498754968626225,0.00012434027314618326,0.033894321643719916,0.09653937739754098,0.09653937739754093,0,0,1,False,False,0.05343036177641172,8.497307228933981e-05,0.00438108870244612,0.08932015558802475,0.08932015558802475,0,0,1,False,False
0,power,power_c_0.3,42000,13,0.342672762710056,0.0,0.008170903131578033,0.02327274489779666,0.024427078348307596,6,6,1,False,False,0.3886594447452981,0.00012328441138391566,0.037566216702755784,0.1069978390417825,0.1069978390417825,0,0,1,False,False,0.05405618176433089,8.347608337899103e-05,0.00500690869036529,0.10207916196464203,0.10207916196464195,0,0,1,False,False
0,power,power_c_0.3,42000,14,0.3447546392489226,3.935081177621402e-18,0.010252779670444634,0.02920244211945409,0.030650889903466094,6,6,1,False,False,0.39250865541728386,0.00012438780898096316,0.04141542737474152,0.11796133923073894,0.11796133923073904,0,0,1,False,False,0.05474231483422365,8.383736963464761e-05,0.005693041760258047,0.1160678110697588,0.11606781106975883,0,0,1,False,False
0,power,power_c_0.3,42000,15,0.34702863171012355,3.935081177621402e-18,0.012526772131645603,0.035679332812787054,0.0374490358511943,6,6,1,False,False,0.39648720689816536,0.00012363684102101235,0.04539397885562302,0.12929323390459294,0.1292932339045929,0,0,1,False,False,0.05545134074216955,8.281057020547954e-05,0.006402067668203948,0.13052319161896084,0.13052319161896087,0,0,1,False,False
0,power,power_c_0.3,42000,16,0.34949057016162854,3.935081177621402e-18,0.0149887105831506,0.04269153998417312,0.044809050096279224,6,6,1,False,False,0.4006360793405006,0.00012502364645495544,0.04954285129795827,0.14111024463267377,0.14111024463267374,0,0,1,False,False,0.0562141897256949,8.323942563550809e-05,0.007164916651729296,0.14607589884002367,0.1460758988400237,0,0,1,False,False
0,power,power_c_0.3,42000,17,0.35213809228221693,3.935081177621402e-18,0.017636232703738985,0.05023233516085361,0.05272387043218019,6,6,1,False,False,0.4049664441120666,0.00012523163146107352,0.05387321606952428,0.1534441902223087,0.1534441902223087,0,0,1,False,False,0.05703238796273383,8.305816153828606e-05,0.007983114888768225,0.1627570479327961,0.16275704793279622,0,0,1,False,False
0,power,power_c_0.3,42000,18,0.35497036301513224,3.935081177621402e-18,0.020468503436654295,0.058299339895482444,0.06119100044002046,6,6,1,False,False,0.40950082848436264,0.00012563290194704413,0.058407600441820307,0.1663592338919821,0.16635923389198215,0,0,1,False,False,0.057915483057967884,8.301329705550739e-05,0.008866209984002282,0.18076129223428378,0.18076129223428383,0,0,1,False,False
0,power,power_c_0.3,42000,19,0.35798787268394305,3.935081177621402e-18,0.02348601310546511,0.06689395075036678,0.07021190595191595,6,6,1,False,False,0.4141976795089141,0.00012270723017640043,0.06310445146637178,0.17973702260849458,0.17973702260849467,0,0,1,False,False,0.05882923753948541,8.037965524591702e-05,0.009779964465519805,0.19939060973996003,0.19939060973996003,0,0,1,False,False
0,power,power_c_0.3,42000,20,0.3611922922142253,7.870162355242804e-18,0.02669043263574733,0.07602092693315417,0.07979158223329841,6,6,1,False,False,0.41903418392719805,0.00012388813042977237,0.06794095588465571,0.1935125785918697,0.19351257859186966,0,0,1,False,False,0.059759903908759134,8.096681458858595e-05,0.010710630834793532,0.21836472109672356,0.21836472109672367,0,0,1,False,False
0,power,power_c_0.3,42000,21,0.36458637106108854,3.935081177621402e-18,0.0300845114826106,0.08568809956928375,0.08993824883521295,6,6,1,False,False,0.42410422458205876,0.00012394734728959672,0.07301099653951643,0.20795330330515405,0.20795330330515416,0,0,1,False,False,0.06076472479024776,8.034282829917946e-05,0.01171545171628216,0.23885066958312362,0.23885066958312362,0,0,1,False,False
0,power,power_c_0.3,42000,22,0.3681738679818896,7.870162355242804e-18,0.03367200840341167,0.0959061745256209,0.10066314263796139,6,6,1,False,False,0.42931194615130047,0.00012244247166154115,0.07821871810875813,0.22278617717821744,0.22278617717821736,0,0,1,False,False,0.061776906192856106,7.877757587327185e-05,0.012727633118890504,0.2594866818861396,0.25948668188613966,0,0,1,False,False
0,power,power_c_0.3,42000,23,0.3719595078347243,0.0,0.03745764825624637,0.10668860936192026,0.11198038869932914,6,6,1,False,False,0.43479626434342733,0.00012111257331181499,0.08370303630088499,0.2384068663686746,0.2384068663686747,0,0,1,False,False,0.0628814411699331,7.77233805896488e-05,0.013832168095967504,0.28200556764845,0.2820055676484501,0,0,1,False,False
0,power,power_c_0.3,42000,24,0.3759489596740854,3.935081177621402e-18,0.04144710009560748,0.11805155094186354,0.12390693477111614,6,6,1,False,False,0.44050288830165,0.00012117363196991042,0.08940966025910768,0.2546607371426538,0.2546607371426537,0,0,1,False,False,0.06403953217971674,7.730634446776557e-05,0.014990259105751136,0.305616335702795,0.305616335702795,0,0,1,False,False
0,power,power_c_0.3,42000,25,0.38014883289115,0.0,0.045646973312672035,0.130013824439647,0.13646253976044864,6,6,1,False,False,0.44650673700495874,0.00012163997841818414,0.0954135089624164,0.2717611772074825,0.2717611772074824,0,0,1,False,False,0.06528940432603152,7.734622923116046e-05,0.016240131252065915,0.3310983065452576,0.33109830654525774,0,0,1,False,False
0,power,power_c_0.3,42000,26,0.3845666892186594,7.870162355242804e-18,0.05006482964018144,0.14259696753283735,0.14966980961860887,6,6,1,False,False,0.45271900115444724,0.00012228528804215116,0.1016257731119049,0.2894552358030409,0.2894552358030409,0,0,1,False,False,0.06657239835708292,7.725401416533055e-05,0.017523125283117322,0.35725555517800844,0.35725555517800833,0,0,1,False,False
0,power,power_c_0.3,42000,27,0.3892110692256874,0.0,0.054709209647209434,0.1558253058659972,0.1635542765476734,6,6,1,False,False,0.4591920400044295,0.00012474710288226253,0.10809881196188714,0.30789204498352984,0.30789204498352984,0,0,1,False,False,0.06791529203737234,7.833468468256081e-05,0.01886601896340674,0.38463401761239263,0.3846340176123926,0,0,1,False,False
0,power,power_c_0.3,42000,28,0.3940915325560718,3.935081177621402e-18,0.05958967297759388,0.16972606765965126,0.17814451929411002,6,6,1,False,False,0.46591484179081005,0.00012347824595300384,0.11482161374826771,0.32704024053222314,0.327040240532223,0,0,1,False,False,0.0693081452804889,7.739324318356307e-05,0.020258872206523296,0.4130310387265721,0.4130310387265721,0,0,1,False,False
0,power,power_c_0.3,42000,29,0.3992187116775777,3.935081177621402e-18,0.06471685209909978,0.18432953680114272,0.1934723238329754,6,6,1,False,False,0.47294284593529023,0.00012304210001095288,0.1218496178927479,0.34705772757879355,0.3470577275787936,0,0,1,False,False,0.07077551041018634,7.664649764971268e-05,0.02172623733622074,0.4429471829981636,0.4429471829981637,0,0,1,False,False
0,power,power_c_0.3,42000,30,0.40460437935051874,1.1805243532864205e-17,0.0701025197720408,0.19966924501188735,0.2095728850667089,6,6,1,False,False,0.4802531148285326,0.0001251666451123957,0.12915988678599027,0.3678791741615131,0.36787917416151306,0,0,1,False,False,0.07229627223761506,7.717797739983163e-05,0.02324699916364946,0.47395196109416987,0.4739519610941698,0,0,1,False,False
0,power,power_c_0.3,42000,31,0.41026153042669733,3.935081177621402e-18,0.07575967084821938,0.21578220483090474,0.22648505136470032,6,6,1,False,False,0.487964728028377,0.00012554660880502184,0.13687149998583464,0.38984374819456724,0.38984374819456713,0,0,1,False,False,0.07394031174141827,7.715416136913716e-05,0.024891038667452667,0.5074700827862899,0.5074700827862899,0,0,1,False,False
0,power,power_c_0.3,42000,32,0.41620447897725354,3.935081177621402e-18,0.0817026193987756,0.23270918625885784,0.24425161492893666,6,6,1,False,False,0.49598106968925826,0.00012551479265477555,0.14488784164671592,0.41267626394992646,0.4126762639499264,0,0,1,False,False,0.0756323055913336,7.670099911222272e-05,0.026583032517368002,0.5419658814776147,0.5419658814776147,0,0,1,False,False
0,power,power_c_0.3,42000,33,0.42244897214227856,3.935081177621402e-18,0.08794711256380061,0.25049504102979736,0.26291965214969815,6,6,1,False,False,0.5043296462993204,0.00013023250785501475,0.15323641825677808,0.43645506668163436,0.4364550666816345,0,0,1,False,False,0.07739045703186452,7.899724038892902e-05,0.02834118395789892,0.5778104787640954,0.5778104787640954,0,0,1,False,False
0,power,power_c_0.3,42000,34,0.42901232251494903,3.935081177621402e-18,0.09451046293647108,0.26918907967378736,0.2825409193705779,6,6,1,False,False,0.5130742538331287,0.00013134056674290152,0.16198102579058632,0.46136186304043125,0.46136186304043125,0,0,1,False,False,0.07924155845814088,7.9333711199047e-05,0.030192285384175274,0.6155501089413852,0.6155501089413851,0,0,1,False,False
0,power,power_c_0.3,42000,35,0.435913561337109,0.0,0.10141170175863107,0.28884550785565977,0.30317231086973595,6,6,1,False,False,0.522267339536091,0.00013379571047362674,0.1711741114935486,0.4875460357008289,0.487546035700829,0,0,1,False,False,0.08120930828790214,8.024435869637516e-05,0.03216003521393654,0.6556679273399152,0.6556679273399153,0,0,1,False,False
0,power,power_c_0.3,42000,36,0.44317361531154487,7.870162355242804e-18,0.10867175573306692,0.30952392997992856,0.3248763874437335,6,6,1,False,False,0.5319157850788553,0.00013235209012760581,0.18082255703631295,0.5150271853560289,0.5150271853560289,0,0,1,False,False,0.08327763569419139,7.929325644551561e-05,0.034228362620225786,0.6978362873718822,0.6978362873718822,0,0,1,False,False
0,power,power_c_0.3,42000,37,0.45081551045092466,7.870162355242804e-18,0.11631365087244672,0.33128992980278427,0.3477219858180136,6,6,1,False,False,0.5419775576632192,0.00013059629291510157,0.19088432962067686,0.5436855922426029,0.5436855922426029,0,0,1,False,False,0.08541613336351643,7.79954874088798e-05,0.03636686028955083,0.7414352550079616,0.7414352550079615,0,0,1,False,False
0,power,power_c_0.3,42000,38,0.45886460711071125,3.935081177621402e-18,0.12436274753223331,0.354215739863727,0.37178492128249707,6,6,1,False,False,0.5525789938334065,0.00013302232010500078,0.20148576579086414,0.5738810939596075,0.5738810939596075,0,0,1,False,False,0.08768654159405344,7.905978670660385e-05,0.038637268520087836,0.7877235705781692,0.7877235705781691,0,0,1,False,False
0,power,power_c_0.3,42000,39,0.46734887122512375,3.935081177621402e-18,0.1328470116466458,0.37838101403240015,0.3971487985569133,6,6,1,False,False,0.563696180303704,0.0001351507902980552,0.21260295226116172,0.6055455795786536,0.6055455795786537,0,0,1,False,False,0.09006754491352834,8.025995493644046e-05,0.041018271839562734,0.8362666614387488,0.8362666614387488,0,0,1,False,False
0,power,power_c_0.3,42000,40,0.47629918782089375,3.935081177621402e-18,0.1417973282424158,0.40387372047299686,0.4239059490464463,6,6,1,False,False,0.5753822297832869,0.00013670348248872322,0.22428900174074456,0.6388303271789886,0.6388303271789886,0,0,1,False,False,0.09256424964094774,8.084916420061808e-05,0.04351497656698214,0.8871686334955908,0.8871686334955908,0,0,1,False,False
0,power,power_c_0.3,42000,41,0.4857497241729344,0.0,0.15124786459445644,0.43079117600106387,0.45215851650287164,6,6,1,False,False,0.5876994346669665,0.00013773850066098905,0.23660620662442416,0.6739127608458296,0.6739127608458297,0,0,1,False,False,0.09520219717142396,8.138116388126506e-05,0.04615292409745836,0.9409502160788481,0.9409502160788481,0,0,1,False,False
0,power,power_c_0.3,42000,42,0.4957383515527258,3.935081177621402e-18,0.16123649197424783,0.45924124732679467,0.48201971784978936,6,6,1,False,False,0.6006608940817412,0.0001395261515778484,0.24956766603919883,0.710830190119641,0.710830190119641,0,0,1,False,False,0.09797301775763753,8.19752457836916e-05,0.04892374468367193,0.9974407696092789,0.9974407696092789,0,0,1,False,False
0,power,power_c_0.3,42000,43,0.506307136486213,0.0,0.171805276907735,0.48934375027853644,0.5136153118079378,6,6,1,False,False,0.6143742369697244,0.00014060851563011206,0.26328100892718204,0.7498891687403324,0.7498891687403324,0,0,1,False,False,0.10091381754565731,8.25086172576371e-05,0.05186454447169171,1.0573968016504693,1.0573968016504693,0,0,1,False,False
0,power,power_c_0.3,42000,44,0.5175029148900441,0.0,0.18300105531156613,0.5212320850842267,0.5470853152869604,6,6,1,False,False,0.6288951065950475,0.00014556096203856877,0.2778018785525052,0.7912481824310313,0.7912481824310313,0,0,1,False,False,0.10403998027717014,8.480008154451107e-05,0.054990707203204536,1.121131950727982,1.1211319507279818,0,0,1,False,False
0,power,power_c_0.3,42000,45,0.5293779655329676,0.0,0.19487610595448962,0.5550551545553489,0.5825860167117232,6,6,1,False,False,0.6442972324524672,0.00014812028846251235,0.29320400440992483,0.8351172309549559,0.8351172309549559,0,0,1,False,False,0.10736576437493377,8.553604519421006e-05,0.058316491300968165,1.188936912745429,1.188936912745429,0,0,1,False,False
0,power,power_c_0.3,42000,46,0.5419908031581686,0.0,0.20748894357969067,0.5909796230947215,0.6202923470774051,6,6,1,False,False,0.6605681256563174,0.00014979296058577267,0.30947489761377506,0.8814607428892809,0.8814607428892809,0,0,1,False,False,0.11085714375501747,8.619226106851353e-05,0.06180787068105187,1.2601179754049867,1.2601179754049867,0,0,1,False,False
0,power,power_c_0.3,42000,47,0.5554071165487009,7.870162355242804e-18,0.22090525697022295,0.6291925885379246,0.6604006843148686,6,6,1,False,False,0.6778494363984016,0.00015373897263847952,0.3267562083558592,0.9306821728736557,0.9306821728736558,0,0,1,False,False,0.11457014819959321,8.829668889913696e-05,0.06552087512562761,1.3358174549666224,1.3358174549666226,0,0,1,False,False
0,power,power_c_0.3,42000,48,0.5697008831530229,7.870162355242804e-18,0.23519902357454497,0.6699047568813995,0.703132185485996,6,6,1,False,False,0.6962265855902021,0.00015900730298758223,0.3451333575476598,0.9830248207061391,0.9830248207061392,0,0,1,False,False,0.11852037327325884,9.086882098767973e-05,0.06947110019929324,1.4163533085298088,1.4163533085298088,0,0,1,False,False
0,power,power_c_0.3,42000,49,0.5849557000593394,7.870162355242804e-18,0.25045384048086144,0.7133542332252384,0.7487367657581052,6,6,1,False,False,0.7158008538949909,0.0001632577589647781,0.3647076258524486,1.0387771586646968,1.038777158664697,0,0,1,False,False,0.12272240555021575,9.302549924967552e-05,0.07367313247625015,1.5020229222388704,1.5020229222388704,0,0,1,False,False
0,power,power_c_0.3,42000,50,0.601266381728684,0.0,0.266764522150206,0.7598110725105812,0.7974978748589587,6,6,1,False,False,0.7367444287294279,0.0001685441076736877,0.3856512006868856,1.0984296189277563,1.098429618927756,0,0,1,False,False,0.12723295478036806,9.596420266221578e-05,0.07818368170640246,1.5939824753060576,1.5939824753060576,0,0,1,False,False
0,power,power_c_0.3,42000,51,0.6187408888124802,0.0,0.2842390292340023,0.8095827732671644,0.8497382633154438,6,6,1,False,False,0.7591290191141531,0.00016618317474709673,0.40803579107161075,1.1621864464505383,1.1621864464505385,0,0,1,False,False,0.13204169318186257,9.403924642411741e-05,0.08299242010789697,1.692021408405902,1.692021408405902,0,0,1,False,False
0,power,power_c_0.3,42000,52,0.6375026707675796,0.0,0.30300081118910166,0.8630209499580176,0.9058269857480843,6,6,1,False,False,0.7831641168389594,0.00016651080680536715,0.43207088879641703,1.2306443254555242,1.2306443254555242,0,0,1,False,False,0.1372170578078113,9.358042736034027e-05,0.08816778473384569,1.797534993044442,1.797534993044442,0,0,1,False,False
0,power,power_c_0.3,42000,53,0.6576935294968669,0.0,0.32319166991838894,0.920529489333322,0.966187961781912,6,6,1,False,False,0.809009121968293,0.0001700713018248907,0.45791589392575066,1.3042572665920646,1.3042572665920646,0,0,1,False,False,0.1427862904219787,9.509584591396574e-05,0.09373701734801311,1.9110786250931595,1.9110786250931593,0,0,1,False,False
0,power,power_c_0.3,42000,54,0.6794771442435044,7.870162355242804e-18,0.3449752846650264,0.9825745901975231,1.0313105137883136,6,6,1,False,False,0.8368135460648694,0.000173868529306011,0.485720318022327,1.383451115620697,1.383451115620697,0,0,1,False,False,0.14876385142353,9.743073602074834e-05,0.09971457834956439,2.0329471182823897,2.0329471182823897,0,0,1,False,False
0,power,power_c_0.3,42000,55,0.7030434428458829,0.0,0.368541583267405,1.0496972138202239,1.1017624348391433,6,6,1,False,False,0.8668423635182925,0.00017673042717369615,0.5157491354757502,1.468980584875469,1.4689805848754687,0,0,1,False,False,0.1552029331366963,9.866726490325857e-05,0.1061536600627307,2.1642249397387094,2.1642249397387094,0,0,1,False,False
0,power,power_c_0.3,42000,56,0.7286140661681209,7.870162355242804e-18,0.3941122065896429,1.1225286479803254,1.178206324730998,6,6,1,False,False,0.8994152361914075,0.0001771850516535192,0.5483220081488651,1.561756150085653,1.5617561500856532,0,0,1,False,False,0.16219315067258988,9.856159917792457e-05,0.11314387759862428,2.3067391320561454,2.3067391320561454,0,0,1,False,False
0,power,power_c_0.3,42000,57,0.75644925837449,7.870162355242804e-18,0.421947398796012,1.2018101321649086,1.2614201885984384,6,6,1,False,False,0.9349036635648634,0.0001855303008623411,0.583810435522321,1.6628359332854465,1.662835933285447,0,0,1,False,False,0.16983196523441735,0.00010305960336307252,0.12078269216045175,2.462476701302243,2.462476701302243,0,0,1,False,False
0,power,power_c_0.3,42000,58,0.7868566366909044,7.870162355242804e-18,0.4523547771124265,1.2884178360102532,1.3523236542913715,6,6,1,False,False,0.9736804324938407,0.00019313131974510312,0.6225872044512983,1.7732817232688374,1.7732817232688376,0,0,1,False,False,0.1781845602087052,0.00010670289421476045,0.1291352871347396,2.632766584328486,2.632766584328486,0,0,1,False,False
0,power,power_c_0.3,42000,59,0.8202024671171059,1.5740324710485608e-17,0.4857006075386279,1.3833949753077417,1.452011681342169,6,6,1,False,False,1.0161064018566415,0.0002030099102653898,0.6650131738140992,1.8941213350133852,1.8941213350133852,0,0,1,False,False,0.18730045219521607,0.00011187279146806516,0.13825117912125046,2.818618308833439,2.818618308833439,0,0,1,False,False
0,power,power_c_0.3,42000,60,0.856926323142332,1.5740324710485608e-17,0.522424463563854,1.4879935636370392,1.561798383489367,6,6,1,False,False,1.0628230824474896,0.00021173251200255457,0.7117298544049473,2.0271819492875727,2.0271819492875727,0,0,1,False,False,0.19734133332881207,0.0001163744201393171,0.14829206025484648,3.023328399408166,3.0233283994081654,0,0,1,False,False
0,power,power_c_0.3,42000,61,0.8975603738060797,1.5740324710485608e-17,0.5630585142276017,1.60372934951447,1.6832746907211193,6,6,1,False,False,1.1144826936819934,0.00022232756377894196,0.7633894656394511,2.174321247651494,2.1743212476514935,0,0,1,False,False,0.20844048529732642,0.00012217076076507477,0.15939121222336083,3.249614158052886,3.2496141580528857,0,0,1,False,False
0,power,power_c_0.3,42000,62,0.9427551013783321,2.361048706572841e-17,0.6082532417998541,1.7324550666814675,1.8183852327946504,6,6,1,False,False,1.171861467163292,0.00023404029142990346,0.8207682391207498,2.3377501289238665,2.3377501289238665,0,0,1,False,False,0.22075222027112487,0.00012849214037063145,0.17170294719715928,3.5006216491370563,3.500621649137056,0,0,1,False,False
0,power,power_c_0.3,42000,63,0.9933140961245178,1.5740324710485608e-17,0.6588122365460398,1.8764595381663447,1.969532358882074,6,6,1,False,False,1.2360254351217188,0.0002464473428468765,0.8849322070791765,2.520504915497682,2.5205049154976815,0,0,1,False,False,0.23452121079400123,0.00013450030894017785,0.18547193772003562,3.7813391737803452,3.7813391737803457,0,0,1,False,False
0,power,power_c_0.3,42000,64,1.0502418993558431,0.0,0.7157400397773652,2.038603945077057,2.139719165326327,6,6,1,False,False,1.30823903746754,0.00025509355933355866,0.9571458094249976,2.726187043713128,2.7261870437131277,0,0,1,False,False,0.25001277240577674,0.0001391678796544625,0.20096349933181112,4.097175895527769,4.09717589552777,0,0,1,False,False
0,power,power_c_0.3,42000,65,1.114810983941958,1.5740324710485608e-17,0.7803091243634801,2.2225126036009146,2.3327497352235516,6,6,1,False,False,1.3901292712417694,0.0002671406755634717,1.0390360431992272,2.9594306019292573,2.9594306019292573,0,0,1,False,False,0.2675804453258246,0.0001452857265276127,0.21853117225185897,4.45533967286971,4.4553396728697106,0,0,1,False,False
0,power,power_c_0.3,42000,66,1.1886574409949997,0.0,0.8541555814165218,2.4328455042517176,2.553515195678986,6,6,1,False,False,1.483826924996817,0.00028530590840212036,1.1327336969542747,3.2263046008310368,3.2263046008310363,0,0,1,False,False,0.2876957150614522,0.00015547238940462083,0.23864644198748658,4.865442992959573,4.865442992959573,0,0,1,False,False
0,power,power_c_0.3,42000,67,1.2739208298728124,1.5740324710485608e-17,0.9394189702943345,2.6756966391288657,2.8084118021889086,6,6,1,False,False,1.591898835230955,0.0003059325484560281,1.2408056071884128,3.5341200230671013,3.534120023067101,0,0,1,False,False,0.3108711395074467,0.0001668299128762726,0.2618218664334811,5.337935712903583,5.337935712903583,0,0,1,False,False
0,power,power_c_0.3,42000,68,1.3734539534165628,3.1480649420971217e-17,1.038952093838085,2.959191493469064,3.105968065909466,6,6,1,False,False,1.7180141243500344,0.000326589767262905,1.3669208963074921,3.8933274330824204,3.89332743308242,0,0,1,False,False,0.3379016820264155,0.00017754103912106538,0.2888524089524499,5.889025277028359,5.8890252770283595,0,0,1,False,False
0,power,power_c_0.3,42000,69,1.4911470562785036,1.5740324710485608e-17,1.1566451967000257,3.294410442345172,3.4578139510422172,6,6,1,False,False,1.8670481410528827,0.00035156747790495666,1.5159549130103405,4.317813024940061,4.317813024940061,0,0,1,False,False,0.3698263816786055,0.00019098899494335503,0.32077710860463987,6.539895262482537,6.539895262482537,0,0,1,False,False
0,power,power_c_0.3,42000,70,1.6324465424824166,1.5740324710485608e-17,1.2979446829039387,3.6968661860566163,3.8802315913565977,6,6,1,False,False,2.0459990579948,0.0003850803780976593,1.694905829952258,4.827509318256872,4.827509318256872,0,0,1,False,False,0.40817056927424156,0.00020829745318079777,0.35912129620027594,7.321643598238983,7.321643598238982,0,0,1,False,False
0,power,power_c_0.3,42000,71,1.805219504932509,1.5740324710485608e-17,1.4707176453540312,4.188966143134562,4.396739818449302,6,6,1,False,False,2.2647830566177465,0.0004186630244641304,1.9136898285752042,5.4506600404816705,5.4506600404816705,0,0,1,False,False,0.45505317535084144,0.00022681556650579228,0.4060039022768758,8.27747032386449,8.27747032386449,0,0,1,False,False
0,power,power_c_0.3,42000,72,2.0212666523044716,3.1480649420971217e-17,1.6867647927259937,4.804321638814427,5.042617086947044,6,6,1,False,False,2.5384317722193055,0.0004651269437206715,2.187338544176763,6.2300789917591946,6.2300789917591946,0,0,1,False,False,0.5137204220030339,0.0002518665035091499,0.4646711489290683,9.47355831814981,9.47355831814981,0,0,1,False,False
0,power,power_c_0.3,42000,73,2.2991320306788454,3.1480649420971217e-17,1.9646301711003675,5.595750684380366,5.873301193530264,6,6,1,False,False,2.8901924004712796,0.0005252023517051709,2.5390991724287373,7.231979911959657,7.231979911959657,0,0,1,False,False,0.5890778866217461,0.0002839943455877297,0.5400286135477805,11.009920834778226,11.009920834778226,0,0,1,False,False
0,power,power_c_0.3,42000,74,2.6697224670926585,6.296129884194243e-17,2.3352206075141804,6.6512835366657095,6.981188715832269,6,6,1,False,False,3.359440315956439,0.0006060844492266474,3.0083470879138967,8.56851356742595,8.56851356742595,0,0,1,False,False,0.689630714721865,0.00032803877016136866,0.6405814416478994,13.059957905633215,13.059957905633214,0,0,1,False,False
0,power,power_c_0.3,42000,75,3.188670345669297,0.0,2.8541684860908187,8.12937492985475,8.532593778962829,6,6,1,False,False,4.0162962968291245,0.0007270740027024523,3.665203068786582,10.439401207540424,10.439401207540424,0,0,1,False,False,0.8303165106589819,0.00039236331395354996,0.7812672375850164,15.928212359169454,15.928212359169454,0,0,1,False,False
0,power,power_c_0.3,42000,76,3.967240548309342,3.1480649420971217e-17,3.6327386887308637,10.346934656030115,10.860144972911824,6,6,1,False,False,5.001763225835097,0.0009003534601076837,4.650669997792554,13.24625377630191,13.246253776301911,0,0,1,False,False,1.0413954209470708,0.00048523992817930766,0.9923461478731053,20.231617834104522,20.231617834104522,0,0,1,False,False
1,power,power_c_0.7,42001,0,0.036218652407442306,4.918851472026753e-19,0.027638289841426605,0.7630954771731765,3.2211097874690946,29,29,1,False,False,0.036218652407442306,4.918851472026753e-19,0.023005048419102045,0.6351712968308811,1.7410124020215676,28,28,1,False,False,0.027327509381395103,2.4594257360133763e-19,0.021778222686507837,0.7969340484916168,3.9245084790037597,36,36,1,False,False
1,power,power_c_0.7,42001,1,0.02401888851386569,4.918851472026753e-19,0.015438525947849991,0.42625898319390926,1.7992859659564346,29,29,1,False,False,0.03063614909603329,0.00020307627679408215,0.01742254510769303,0.48103791691910097,1.3185308961178763,28,28,1,False,False,0.022110497104341997,0.0001919724990226296,0.016561210409454727,0.6060270688528168,2.984385439071492,36,36,1,False,False
1,power,power_c_0.7,42001,2,0.019468757063689602,2.4594257360133763e-19,0.010888394497673901,0.30062947608278556,1.268990023894752,29,29,1,False,False,0.0273203936879142,0.0001986670280580419,0.014106789699573938,0.38948963481245474,1.06759591947979,28,28,1,False,False,0.01903755285878915,0.00018711321016903523,0.013488266163901882,0.49357831976758393,2.4306306207478965,36,36,1,False,False
1,power,power_c_0.7,42001,3,0.016932013584095705,2.4594257360133763e-19,0.008351651018080004,0.2305897779996885,0.9733447688048107,29,29,1,False,False,0.024517226741518145,0.00017475083419310334,0.011303622753177884,0.3120939626913117,0.8554534223329417,28,28,1,False,False,0.016450069789593028,0.00016340722847205306,0.01090078309470576,0.39889413054696976,1.9643575281033856,36,36,1,False,False
1,power,power_c_0.7,42001,4,0.015265496731588698,1.2297128680066881e-19,0.006685134165572997,0.18457710934047114,0.7791202427798158,29,29,1,False,False,0.02236702318976874,0.00014771972348620163,0.009153419201428478,0.2527266641082319,0.6927269206422026,28,28,1,False,False,0.01447964217976324,0.0001372225949671024,0.008930355484875972,0.3267899522140816,1.6092798905314782,36,36,1,False,False
1,power,power_c_0.7,42001,5,0.014068221858994505,3.689138604020064e-19,0.005487859292978804,0.15152025070516273,0.6395836132513333,29,29,1,False,False,0.02087348351145911,0.00012400722764203858,0.007659879523118848,0.21148990958992378,0.5796964650884011,28,28,1,False,False,0.013120248907606411,0.00011464960124580822,0.007570962212719143,0.27704545288249155,1.3643126817892663,36,36,1,False,False
1,power,power_c_0.7,42001,6,0.013158424537425604,2.4594257360133763e-19,0.0045780619714099035,0.126400671121303,0.5335511100127941,29,29,1,False,False,0.01956961562964352,9.907072971324553e-05,0.006356011641303259,0.175490009120196,0.48102029142933533,28,28,1,False,False,0.01193446642730528,9.060305458743823e-05,0.006385179732418011,0.23365392152294415,1.1506307176922177,36,36,1,False,False
1,power,power_c_0.7,42001,7,0.012440131820796502,1.2297128680066881e-19,0.0038597692547808014,0.10656854957937877,0.4498375476659011,29,29,1,False,False,0.018577054887899232,8.852652157210927e-05,0.005363450899558971,0.14808532463391363,0.4059037113789472,28,28,1,False,False,0.011035942731006072,8.040022241381802e-05,0.005486656036118804,0.2007740976151374,0.9887137460700728,36,36,1,False,False
1,power,power_c_0.7,42001,8,0.011857225176557401,1.2297128680066881e-19,0.0032768626105417007,0.0904744487364848,0.3819025810774468,29,29,1,False,False,0.017722420830689103,7.31834131654919e-05,0.004508816842348842,0.12448880735889441,0.34122536488360344,28,28,1,False,False,0.01026285509749449,6.583745278724422e-05,0.0047135684026072214,0.17248437597523159,0.8494007719857004,36,36,1,False,False
1,power,power_c_0.7,42001,9,0.0113743947854002,0.0,0.0027940322193844985,0.07714346154994914,0.32563102058773596,29,29,1,False,False,0.017040997057480294,6.815925907930788e-05,0.0038273930691400324,0.10567464040582497,0.2896554999315357,28,28,1,False,False,0.00964683387898538,6.0996133466461505e-05,0.004097547184098112,0.1499422112315794,0.7383916905704855,36,36,1,False,False
1,power,power_c_0.7,42001,10,0.010968161610115202,1.2297128680066881e-19,0.0023877990440995013,0.06592732985308007,0.2782864973045396,29,29,1,False,False,0.016457475659406282,6.119709221267667e-05,0.003243871671066021,0.08956356615850958,0.24549484560975388,28,28,1,False,False,0.009118360536306342,5.436689718679402e-05,0.003569073841419074,0.1306037001618941,0.6431590288365123,36,36,1,False,False
1,power,power_c_0.7,42001,11,0.010622225380834101,1.2297128680066881e-19,0.0020418628148184004,0.05637600184149405,0.23796929315150628,29,29,1,False,False,0.015970964846095174,5.4865843987936685e-05,0.0027573608577549126,0.07613096221073987,0.20867591159747323,28,28,1,False,False,0.008674248847734895,4.8401501796548466e-05,0.003124962152847627,0.11435224883593449,0.5631286189857072,36,36,1,False,False
1,power,power_c_0.7,42001,12,0.010324871866229698,1.2297128680066881e-19,0.0017445093002139977,0.04816604661568058,0.20331417079314185,29,29,1,False,False,0.015549849686256043,5.049316968136693e-05,0.0023362456979157814,0.06450393768476387,0.1768060931731641,28,28,1,False,False,0.00828902846510052,4.4121983509309326e-05,0.002739741770213251,0.10025581665625556,0.4937106191931768,36,36,1,False,False
1,power,power_c_0.7,42001,13,0.010067441584975398,1.2297128680066881e-19,0.0014870790189596972,0.04105837517726441,0.17331190931832885,29,29,1,False,False,0.01522063714897563,4.7138321868547774e-05,0.0020070331606353697,0.05541435219779075,0.15189142662413557,28,28,1,False,False,0.007984562888446536,4.10948727656011e-05,0.0024352761935592677,0.08911445823955084,0.43884490520249453,36,36,1,False,False
1,power,power_c_0.7,42001,14,0.0098433816147286,0.0,0.001263019048712899,0.03487206079631418,0.14719879713653916,29,29,1,False,False,0.014910196092443422,4.314263145229588e-05,0.0016965921041031604,0.04684304885276571,0.1283973778539329,28,28,1,False,False,0.007694086054349419,3.738242669614681e-05,0.002144799359462151,0.07848499215674432,0.38650000935043094,36,36,1,False,False
1,power,power_c_0.7,42001,15,0.0096476349119134,0.0,0.0010672723458976987,0.029467478079841333,0.1243854601348493,29,29,1,False,False,0.014616045233482582,3.902332412945309e-05,0.0014024412451423204,0.03872151921516945,0.10613616439389584,28,28,1,False,False,0.007416990676045676,3.3553094190566326e-05,0.001867703981158408,0.06834519586442676,0.3365664965335422,36,36,1,False,False
1,power,power_c_0.7,42001,16,0.009476233721383499,1.2297128680066881e-19,0.000895871155367798,0.02473507697883624,0.10440947552916713,29,29,1,False,False,0.014376673186873235,3.683802281579812e-05,0.001163069198532974,0.03211243713457388,0.08802058844500493,28,28,1,False,False,0.007186665735691604,3.154030229180729e-05,0.001637379040804336,0.05991687782272187,0.29506117287342626,36,36,1,False,False
1,power,power_c_0.7,42001,17,0.0093260210684786,0.0,0.0007456585024628992,0.020587693160822273,0.08690291310255738,29,29,1,False,False,0.01418593972312998,3.3704275993526686e-05,0.0009723357347897182,0.026846270365098398,0.07358596001875872,28,28,1,False,False,0.0069969339149494915,2.871783467531936e-05,0.0014476472200622235,0.052973990415965205,0.2608708649700846,36,36,1,False,False
1,power,power_c_0.7,42001,18,0.009194455246018302,1.2297128680066881e-19,0.0006140926800026012,0.01695514987952494,0.07156954910446811,29,29,1,False,False,0.014004326642004293,2.9757606312157046e-05,0.0007907226536640315,0.021831918116907954,0.05984155831836402,28,28,1,False,False,0.006813424681728492,2.5090403657934933e-05,0.0012641379868412236,0.046258807167471466,0.22780188812481317,36,36,1,False,False
1,power,power_c_0.7,42001,19,0.0090794696005619,0.0,0.0004991070345461996,0.013780386661863812,0.058168525013502004,29,29,1,False,False,0.013844515254307117,2.8022659935375654e-05,0.0006309112659668558,0.017419512434350387,0.04774709961972334,28,28,1,False,False,0.006647732304320593,2.3511489156198215e-05,0.001098445609433325,0.04019559902451849,0.1979435682148767,36,36,1,False,False
1,power,power_c_0.7,42001,20,0.008979370079881898,1.2297128680066881e-19,0.0003990075138661977,0.011016630585190092,0.0465024071880773,29,29,1,False,False,0.013693944060805851,2.6645084316057713e-05,0.00048034007246559006,0.013262229280703124,0.03635193493686084,28,28,1,False,False,0.006489463821466754,2.2186303543601317e-05,0.000940177126579486,0.03440405466367052,0.1694230589033543,36,36,1,False,False
1,power,power_c_0.7,42001,21,0.008892759134721302,1.2297128680066881e-19,0.0003123965687056012,0.008625295198487537,0.036408317982145944,29,29,1,False,False,0.01356444946402529,2.5264867566978036e-05,0.0003508454756850285,0.009686872712385506,0.026551838241452907,28,28,1,False,False,0.00634630534859407,2.0892950499078143e-05,0.0007970186537068023,0.029165433358131865,0.14362542386593957,36,36,1,False,False
1,power,power_c_0.7,42001,22,0.008818478377818401,1.2297128680066881e-19,0.00023811581180270026,0.006574397333285973,0.027751252930244164,29,29,1,False,False,0.013468144509388137,2.4545654468459803e-05,0.000254540521047876,0.007027884919196285,0.01926351972349738,28,28,1,False,False,0.00622935652618295,2.0140191164446655e-05,0.0006800698312956818,0.02488590605914059,0.12255085539592891,36,36,1,False,False
1,power,power_c_0.7,42001,23,0.008755564832776399,1.2297128680066881e-19,0.0001752022667606979,0.0048373491313193325,0.020418981763617117,29,29,1,False,False,0.013379258785018486,2.3356416747753106e-05,0.00016565479667822458,0.00457374268966963,0.01253668543604003,28,28,1,False,False,0.006117137748489565,1.907223305297452e-05,0.0005678510536022974,0.020779466056606577,0.10232865678492997,36,36,1,False,False
1,power,power_c_0.7,42001,24,0.008703217191128402,1.2297128680066881e-19,0.00012285462511270155,0.0033920263992885903,0.01431811583339071,29,29,1,False,False,0.013315920010496543,2.2412406264966453e-05,0.00010231602215628188,0.002824953866457431,0.0077432335830986965,28,28,1,False,False,0.006024447301936003,1.816812590337854e-05,0.0004751606070487347,0.017387629454890235,0.08562552868038242,36,36,1,False,False
1,power,power_c_0.7,42001,25,0.008660769552936402,1.2297128680066881e-19,8.040698692070129e-05,0.002220043584619373,0.00937104770364483,29,29,1,False,False,0.013266804053535359,2.174192787426086e-05,5.320006519509736e-05,0.001468858216938123,0.0040261585894387775,28,28,1,False,False,0.005942173574282992,1.757478895859167e-05,0.00039288687939572405,0.01437697354385344,0.07079952811911894,36,36,1,False,False
1,power,power_c_0.7,42001,26,0.008627670844426002,1.2297128680066881e-19,4.7308278410301136e-05,0.001306185494648059,0.005513552375709052,29,29,1,False,False,0.013245873232457907,2.096319784111721e-05,3.226924411764594e-05,0.0008909565092216177,0.002442122841438188,28,28,1,False,False,0.005880983523422519,1.691763377415995e-05,0.00033169682853525107,0.012137836050330817,0.059772876546611675,36,36,1,False,False
1,power,power_c_0.7,42001,27,0.0086034686027857,0.0,2.3106036769998672e-05,0.0006379595935836305,0.0026928974844857567,29,29,1,False,False,0.013219485062181855,2.0605584741586393e-05,5.881073841593545e-06,0.00016237693703880288,0.00044507719822561853,28,28,1,False,False,0.005812773346733278,1.6535209226024167e-05,0.00026348665184600974,0.009641809949405583,0.047481174848790664,36,36,1,False,False
1,power,power_c_0.7,42001,28,0.008587796167391302,1.2297128680066881e-19,7.433601375601492e-06,0.00020524235115037067,0.0008663504972439284,29,29,1,False,False,0.013213603988340261,1.9905573160004447e-05,0.0,0.0,0.0,28,28,1,False,False,0.005759577759517087,1.5941673970850973e-05,0.00021029106462981933,0.007695215165601151,0.03789515233076113,36,36,1,False,False
1,power,power_c_0.7,42001,29,0.0085803625660157,0.0,0.0,0.0,0.0,29,29,1,False,False,0.01321747639201415,1.955071785426817e-05,3.87240367388797e-06,0.00010691738693989227,0.0002930618835939036,28,28,1,False,False,0.00571194078546079,1.5605103208164773e-05,0.0001626540905735217,0.005952027618157495,0.0293108104728812,36,36,1,False,False
1,power,power_c_0.7,42001,30,0.008580944565319899,1.2297128680066881e-19,5.819993041979166e-07,1.606904910902554e-05,6.782922046943973e-05,29,29,1,False,False,0.01323162396101806,1.8321772244253685e-05,1.8019972677798743e-05,0.0004975329417307628,0.0013637439636982052,28,28,1,False,False,0.005670033063783104,1.4563326359240628e-05,0.00012074636889583632,0.0044184915357870815,0.02175889903238981,36,36,1,False,False
1,power,power_c_0.7,42001,31,0.008589380487957196,2.4594257360133763e-19,9.017921941495421e-06,0.00024898557351190666,0.001050995441289615,29,29,1,False,False,0.013258429118849535,1.8254142509794803e-05,4.48251305092736e-05,0.0012376255749389177,0.003392347049966604,28,28,1,False,False,0.005635254596245067,1.447138689677477e-05,8.596790135779932e-05,0.00314583741086655,0.015491703003379653,36,36,1,False,False
1,power,power_c_0.7,42001,32,0.008605565498122998,1.2297128680066881e-19,2.5202932107297807e-05,0.0006958550479398577,0.0029372805535186064,29,29,1,False,False,0.013292976477918002,1.738027309905879e-05,7.937248957774062e-05,0.0021914810270917467,0.0060068766740535295,28,28,1,False,False,0.005604856268533811,1.372266565693073e-05,5.55695736465427e-05,0.0020334664557603312,0.010013822803161432,36,36,1,False,False
1,power,power_c_0.7,42001,33,0.0086294481331112,0.0,4.908556709549983e-05,0.0013552565828046544,0.005720686826208743,29,29,1,False,False,0.013341141629772832,1.705317785747648e-05,0.00012753764143257074,0.003521324868684622,0.009651995136611413,28,28,1,False,False,0.0055821519351144586,1.3405211155432111e-05,3.286524022719055e-05,0.0012026430864411522,0.0059224260763948156,36,36,1,False,False
1,power,power_c_0.7,42001,34,0.0086610279172572,0.0,8.066535124150002e-05,0.002227177044967159,0.009401158822937461,29,29,1,False,False,0.013395858722986907,1.6064348314280712e-05,0.00018225473464664535,0.00503206835517699,0.013792961769360401,28,28,1,False,False,0.005561988084159547,1.2551007501590944e-05,1.2701389272278853e-05,0.00046478400556056935,0.002288832776288441,36,36,1,False,False
1,power,power_c_0.7,42001,35,0.008700353941444802,1.2297128680066881e-19,0.00011999137542910085,0.003312971837804896,0.013984417850167796,29,29,1,False,False,0.013466480019731266,1.555551040881897e-05,0.0002528760313910052,0.006981928221576891,0.019137551845366696,28,28,1,False,False,0.005551390516492296,1.2109122857014366e-05,2.1038216050277628e-06,7.698548651711633e-05,0.0003791156811137064,36,36,1,False,False
1,power,power_c_0.7,42001,36,0.008747524329728402,1.2297128680066881e-19,0.00016716176371270146,0.004615350174606513,0.019481899794628665,29,29,1,False,False,0.013552144232382428,1.4931494135615965e-05,0.0003385402440421667,0.009347124245092082,0.025620583479033954,28,28,1,False,False,0.005549286694887268,1.156310050313205e-05,0.0,0.0,0.0,36,36,1,False,False
1,power,power_c_0.7,42001,37,0.008802686547247902,1.2297128680066881e-19,0.00022232398123220136,0.006138383580127835,0.025910791009317258,29,29,1,False,False,0.013649367824253187,1.4879641468609593e-05,0.00043576383591292615,0.012031475688570463,0.032978424076992585,28,28,1,False,False,0.005552766187245274,1.1467226150123578e-05,3.479492358005737e-06,0.00012732563035454,0.000627016146275361,36,36,1,False,False
1,power,power_c_0.7,42001,38,0.008866038532611501,1.2297128680066881e-19,0.0002856759665958008,0.007887537155774999,0.03329416028726806,29,29,1,False,False,0.013759356548148596,1.491468258730401e-05,0.0005457525598083351,0.015068273487066361,0.04130232450510163,28,28,1,False,False,0.005562094336494986,1.1456353124645012e-05,1.2807641607717572e-05,0.0004686721145702787,0.0023079798020739783,36,36,1,False,False
1,power,power_c_0.7,42001,39,0.008937830664996598,1.2297128680066881e-19,0.0003574680989808978,0.009869723891423533,0.04166118811770536,29,29,1,False,False,0.013889591086668414,1.4714611692347497e-05,0.0006759870983281523,0.01866405990823802,0.0511584196805539,28,28,1,False,False,0.00558354117270339,1.1295432121587249e-05,3.4254477816121794e-05,0.0012534796837154378,0.006172771330715587,36,36,1,False,False
1,power,power_c_0.7,42001,40,0.009018368602894303,2.4594257360133763e-19,0.00043800603687860207,0.012093383043390079,0.05104749752806659,29,29,1,False,False,0.014021244100132143,1.5024265409580105e-05,0.0008076401117918814,0.02229901054037906,0.061121864443988594,28,28,1,False,False,0.005601505033640923,1.1444376337100595e-05,5.2218338753655044e-05,0.0019108341717085245,0.009409919080548779,36,36,1,False,False
1,power,power_c_0.7,42001,41,0.009108017059095802,1.2297128680066881e-19,0.0005276544930801017,0.014568584362119389,0.0614955940405113,29,29,1,False,False,0.01417285463300956,1.4469564335879048e-05,0.0009592506446692989,0.02648498994049236,0.07259568589430598,28,28,1,False,False,0.0056307960242791754,1.1013555842771414e-05,8.150932939190742e-05,0.00298268416101615,0.014688253441114352,36,36,1,False,False
1,power,power_c_0.7,42001,42,0.009207204606652699,1.2297128680066881e-19,0.000626842040636998,0.017307160785148174,0.07305542578349034,29,29,1,False,False,0.014343300656767628,1.3819484820803855e-05,0.0011296966684273668,0.031191018807625037,0.08549496938338819,28,28,1,False,False,0.005669556237465251,1.0476746074212597e-05,0.00012026954257798265,0.004401042952705511,0.021672973337057977,36,36,1,False,False
1,power,power_c_0.7,42001,43,0.009316429644691098,1.2297128680066881e-19,0.0007360670786753978,0.02032287315372752,0.08578507877869201,29,29,1,False,False,0.014527753683509493,1.3796520733368241e-05,0.0013141496951692318,0.03628378219006284,0.09945429697521146,28,28,1,False,False,0.005713577306762954,1.0440737744923389e-05,0.00016429061187568563,0.0060119131086105,0.02960571707838633,36,36,1,False,False
1,power,power_c_0.7,42001,44,0.009436267692991497,1.2297128680066881e-19,0.0008559051269757968,0.02363161161677907,0.09975162708925445,29,29,1,False,False,0.01472960758710626,1.335673118238256e-05,0.0015160035987659987,0.04185698522716119,0.11473051561888248,28,28,1,False,False,0.005765179896828929,1.0051868550634239e-05,0.0002158932019416613,0.007900215088340396,0.0389046761884857,36,36,1,False,False
1,power,power_c_0.7,42001,45,0.009567380232380402,1.2297128680066881e-19,0.000987017666364701,0.02725163971484168,0.11503216312489961,29,29,1,False,False,0.014939397263478009,1.3126858232777756e-05,0.0017257932751377474,0.047649295609439264,0.13060731021306493,28,28,1,False,False,0.005816511495795495,9.800595511058508e-06,0.0002672248009082268,0.009778600646649368,0.04815480179721643,36,36,1,False,False
1,power,power_c_0.7,42001,46,0.009710525367083403,2.4594257360133763e-19,0.0011301628010677023,0.031203888768525066,0.13171504028791814,29,29,1,False,False,0.015177814275332928,1.307916954871428e-05,0.0019642102869926667,0.05423200910117394,0.14865060953286435,28,28,1,False,False,0.005882997669230165,9.732135430262736e-06,0.00033371097434289725,0.012211540015794184,0.06013583234947206,36,36,1,False,False
1,power,power_c_0.7,42001,47,0.0098665706589333,0.0,0.0012862080929175995,0.03551231223206156,0.14990136873841342,29,29,1,False,False,0.015437269524316748,1.3277975982553071e-05,0.002223665535976487,0.0613955900667238,0.1682860738023222,28,28,1,False,False,0.005958280223793577,9.84294446753085e-06,0.00040899352890630923,0.014966366791726617,0.07370200016573802,36,36,1,False,False
1,power,power_c_0.7,42001,48,0.0100365085765924,0.0,0.0014561460105766994,0.04020431224761655,0.16970681592687775,29,29,1,False,False,0.015716744863720912,1.3340863497755822e-05,0.002503140875380651,0.0691119273909346,0.18943665010616573,28,28,1,False,False,0.006040398360320982,9.881929829257284e-06,0.000491111665433714,0.01797132913137224,0.0884999626864098,36,36,1,False,False
1,power,power_c_0.7,42001,49,0.0102214751222688,0.0,0.0016411125562530993,0.045311253930471446,0.1912637774484105,29,29,1,False,False,0.016020938930929457,1.3311213710503899e-05,0.002807334942589196,0.07751075084208095,0.21245792934814745,28,28,1,False,False,0.006132845353840641,9.82116153338515e-06,0.0005835586589533733,0.021354257016582237,0.10515921974098474,36,36,1,False,False
1,power,power_c_0.7,42001,50,0.010422772352665598,1.2297128680066881e-19,0.0018424097866498977,0.05086908717430123,0.21472400175106143,29,29,1,False,False,0.01635348375880036,1.3421874012177369e-05,0.0031398797704601,0.08669234114891887,0.23762478224947126,28,28,1,False,False,0.0062372956881303395,9.865688259767268e-06,0.0006880089932430715,0.02517642510486068,0.12398151889988962,36,36,1,False,False
1,power,power_c_0.7,42001,51,0.010641895712315603,1.2297128680066881e-19,0.002061533146299902,0.05691910132681503,0.24026177570456397,29,29,1,False,False,0.01671266965874494,1.3428142856679796e-05,0.003499065670404679,0.09660949366756896,0.2648078202958306,28,28,1,False,False,0.006351145478980556,9.839804414716216e-06,0.0008018587840932876,0.029342549037388775,0.14449763153020467,36,36,1,False,False
1,power,power_c_0.7,42001,52,0.010880567362984398,1.2297128680066881e-19,0.0023002047969686978,0.06350884541734207,0.2680778089820044,29,29,1,False,False,0.017106373734756618,1.3602989971769477e-05,0.0038927697464163566,0.10747969589328121,0.2946031794089903,28,28,1,False,False,0.00647903381485099,9.94287366107436e-06,0.000929747119963722,0.03402238773346484,0.16754353686940116,36,36,1,False,False
1,power,power_c_0.7,42001,53,0.011140777046349002,1.2297128680066881e-19,0.0025604144803333014,0.0706932563787818,0.2984039964085379,29,29,1,False,False,0.01753282023101839,1.3803413867032215e-05,0.004319216242678128,0.11925391906051712,0.32687647113455354,28,28,1,False,False,0.006619119189065786,1.0090977557290319e-05,0.0010698324941785181,0.03914855463948255,0.19278738926287375,36,36,1,False,False
1,power,power_c_0.7,42001,54,0.0114248324926015,0.0,0.0028444699265858,0.07853605083333555,0.3315092928417629,29,29,1,False,False,0.017994165937611686,1.3952580600834491e-05,0.0047805619492714245,0.1319917123224911,0.36179092044001115,28,28,1,False,False,0.006770636907502814,1.0186845876590974e-05,0.0012213502126155462,0.044693067178930554,0.22009138827532815,36,36,1,False,False
1,power,power_c_0.7,42001,55,0.0117354220338408,0.0,0.0031550594678251,0.0871114538534512,0.36770701046146526,29,29,1,False,False,0.018496617397162643,1.428474494195214e-05,0.005283013408822382,0.145864438836405,0.39981623586450254,28,28,1,False,False,0.006937554740233451,1.0356503001510022e-05,0.0013882680453461832,0.05080111860802554,0.2501705393280975,36,36,1,False,False
1,power,power_c_0.7,42001,56,0.0120756929693252,0.0,0.0034953304033095,0.09650636263295291,0.40736395186299923,29,29,1,False,False,0.019047454741855967,1.4657436406328593e-05,0.005833850753515706,0.16107310365630695,0.4415033747540429,28,28,1,False,False,0.007122337552763832,1.0602457147495124e-05,0.0015730508578765644,0.057562906151539604,0.28346901941935454,36,36,1,False,False
1,power,power_c_0.7,42001,57,0.012449350465126598,1.2297128680066881e-19,0.0038689878991108977,0.10682307711470479,0.4509119363364462,29,29,1,False,False,0.019653914127538172,1.5062928734762694e-05,0.006440310139197911,0.17781749764589638,0.48739996634384286,28,28,1,False,False,0.007328666749064965,1.0862410970130963e-05,0.0017793800541776967,0.06511314402435518,0.32065022984253,36,36,1,False,False
1,power,power_c_0.7,42001,58,0.012860783511368998,1.2297128680066881e-19,0.0042804209453532974,0.11818277768042372,0.4988624795771206,29,29,1,False,False,0.02031515918750501,1.5100195087672033e-05,0.00710155519916475,0.19607452865103017,0.537442714753007,28,28,1,False,False,0.007553112405378743,1.084160845391262e-05,0.0020038257104914746,0.07332632046796417,0.3610960868786366,36,36,1,False,False
1,power,power_c_0.7,42001,59,0.013315226946621796,2.4594257360133763e-19,0.004734864380606095,0.13072999865762985,0.5518256768495429,29,29,1,False,False,0.021044016824153945,1.5331032697122597e-05,0.007830412835813684,0.21619834851184772,0.5926023545675558,28,28,1,False,False,0.007802329170247793,1.1014439500630572e-05,0.0022530424753605246,0.08244595011993383,0.40600578042513535,36,36,1,False,False
1,power,power_c_0.7,42001,60,0.013818972164095103,2.4594257360133763e-19,0.005238609598079402,0.1446384459351933,0.6105347597813637,29,29,1,False,False,0.02185377578641818,1.5564584881988726e-05,0.008640171798077918,0.23855586068968465,0.653884572725355,28,28,1,False,False,0.008081684248846772,1.1170534026102862e-05,0.0025323975539595037,0.09266843599305799,0.45634649878383127,36,36,1,False,False
1,power,power_c_0.7,42001,61,0.014379644426837897,2.4594257360133763e-19,0.005799281860822196,0.16011865365897887,0.6758784161162898,29,29,1,False,False,0.022760491984179478,1.611615082194851e-05,0.009546887995839217,0.2635903701894082,0.7225044737426238,28,28,1,False,False,0.00839852327116756,1.1532617233657012e-05,0.0028492365762802924,0.1042625779215755,0.5134419490175888,36,36,1,False,False
1,power,power_c_0.7,42001,62,0.015006572687816497,1.2297128680066881e-19,0.006426210121800797,0.17742819499491708,0.7489438904660195,29,29,1,False,False,0.023774029008095145,1.675462669759479e-05,0.010560425019754884,0.29157421156798474,0.7992085300175067,28,28,1,False,False,0.008753844469273611,1.194851162050942e-05,0.0032045577743863435,0.117264904373907,0.5774720158788702,36,36,1,False,False
1,power,power_c_0.7,42001,63,0.0157112899979894,0.0,0.007130927431973699,0.19688549843749617,0.8310753044652461,29,29,1,False,False,0.024911716008654747,1.752896014398681e-05,0.011698112020314486,0.3229858441091731,0.8853082043806482,28,28,1,False,False,0.009154545626354881,1.2457714772102162e-05,0.003605258931467613,0.1319278270533544,0.6496797029407855,36,36,1,False,False
1,power,power_c_0.7,42001,64,0.016508221627928393,4.918851472026753e-19,0.007927859061912693,0.2188888469048521,0.9239538540378955,29,29,1,False,False,0.026199216885268585,1.808504317371195e-05,0.012985612896928324,0.3585338502064203,0.982745729960341,28,28,1,False,False,0.009610389364541998,1.286721530256937e-05,0.00406110266965473,0.14860859118100156,0.7318242673236457,36,36,1,False,False
1,power,power_c_0.7,42001,65,0.0174156484963022,0.0,0.008835285930286499,0.24394297807918996,1.0297100923544273,29,29,1,False,False,0.027660860626263037,1.9336038802300683e-05,0.014447256637922776,0.3988899552473166,1.0933623143747226,28,28,1,False,False,0.01012816014157485,1.3717516216914568e-05,0.004578873446687582,0.16755546152350545,0.825128290975891,36,36,1,False,False
1,power,power_c_0.7,42001,66,0.0184570835526269,0.0,0.009876720986611201,0.27269708644879637,1.1510843406233202,29,29,1,False,False,0.029334810629225744,1.9665050521798722e-05,0.016121206640885483,0.44510785380774837,1.2200461475242412,28,28,1,False,False,0.01072170166461366,1.3925403842008426e-05,0.005172414969726391,0.1892750231108816,0.932086456173169,36,36,1,False,False
1,power,power_c_0.7,42001,67,0.019663283468492603,2.4594257360133763e-19,0.011082920902476902,0.30600036626982713,1.291661141030695,29,29,1,False,False,0.03127208523719705,2.1031772085618633e-05,0.01805848124885679,0.49859616657482503,1.3666582761820067,28,28,1,False,False,0.011410324783062739,1.4829822497370887e-05,0.005861038088175471,0.21447392099939178,1.0561786424866875,36,36,1,False,False
1,power,power_c_0.7,42001,68,0.0210752662282973,0.0,0.0124949036622816,0.344985327497003,1.45622094243083,29,29,1,False,False,0.03355119786108445,2.2333617125920876e-05,0.02033759387274419,0.5615226553422282,1.5391405623091297,28,28,1,False,False,0.012226217776532202,1.568202941651469e-05,0.006676931081644934,0.2443300261454002,1.2032052854282336,36,36,1,False,False
1,power,power_c_0.7,42001,69,0.022748974731919,0.0,0.014168612165903299,0.3911965582405792,1.6512836208135324,29,29,1,False,False,0.03624724185387039,2.3835066269910818e-05,0.02303363786553013,0.6359606538203811,1.7431760393194096,28,28,1,False,False,0.013191660605285132,1.6658463389636588e-05,0.007642373910397864,0.2796586327622262,1.3771813082641815,36,36,1,False,False
1,power,power_c_0.7,42001,70,0.024762738612331695,2.4594257360133763e-19,0.016182376046315994,0.4467967461702356,1.8859781182685262,29,29,1,False,False,0.039483444170458154,2.512444524399105e-05,0.026269840182117893,0.7253124684650027,1.9880904714034497,28,28,1,False,False,0.014349904742018164,1.753756610028246e-05,0.008800618047130896,0.3220424490320535,1.5859007708574837,36,36,1,False,False
1,power,power_c_0.7,42001,71,0.027229710652239798,2.4594257360133763e-19,0.018649348086224097,0.5149100490108787,2.173491847546011,29,29,1,False,False,0.04345215231105813,2.7400250589965023e-05,0.03023854832271787,0.8348888297264304,2.288440636589419,28,28,1,False,False,0.01577495498835818,1.915040518879642e-05,0.010225668293470913,0.37418954470957644,1.8426995856768658,36,36,1,False,False
1,power,power_c_0.7,42001,72,0.030319630568492694,4.918851472026753e-19,0.021739268002476993,0.6002229944372516,2.5336071564830904,29,29,1,False,False,0.04842220105912097,2.97911087021735e-05,0.03520859707078071,0.9721122882955732,2.6645718383757315,28,28,1,False,False,0.017561154454147066,2.0775452486682035e-05,0.012011867759259798,0.43955223257329196,2.164578696272209,36,36,1,False,False
1,power,power_c_0.7,42001,73,0.034299243526533185,9.837702944053505e-19,0.025718880960517485,0.7101004386135774,2.9974119115178683,29,29,1,False,False,0.05481988348214838,3.258847224843602e-05,0.041606279493808115,1.1487528311588628,3.148745757063831,28,28,1,False,False,0.019863117643995155,2.2706096559019246e-05,0.014313830949107887,0.5237883463632773,2.5794001528693173,36,36,1,False,False
1,power,power_c_0.7,42001,74,0.0396131372307842,0.0,0.031032774664768496,0.8568174849705837,3.616720671883985,29,29,1,False,False,0.06335685655175968,3.702548376538606e-05,0.05014325256341942,1.3844593663875757,3.7948202933632667,28,28,1,False,False,0.02293436358769436,2.5677617741273938e-05,0.01738507689280709,0.6361749492122785,3.1328489315256514,36,36,1,False,False
1,power,power_c_0.7,42001,75,0.0470615835910038,0.0,0.0384812210249881,1.062469707378756,4.484801280705891,29,29,1,False,False,0.07532221869306628,4.3195713207330687e-05,0.06210861470472602,1.714824008525612,4.70035387465304,28,28,1,False,False,0.02724341718578605,2.99106723303022e-05,0.02169413049089878,0.7938568490865986,3.909354784442163,36,36,1,False,False
1,power,power_c_0.7,42001,76,0.0582451429654728,0.0,0.0496647803994571,1.3712487102157298,5.788191351745988,29,29,1,False,False,0.09330858923959169,5.30513626582907e-05,0.08009498525125143,2.2114291926221226,6.06155484316978,28,28,1,False,False,0.033732434774675794,3.667015912025077e-05,0.028183148079788528,1.0313105261973108,5.078697430744485,36,36,1,False,False
2,power,power_c_1.2,42002,0,0.017290301113071,0.0,0.017196634428168992,0.9945827036620433,183.5939261238854,47,47,1,False,False,0.017290301113071,0.0,0.017109727390168392,0.9895563575369951,94.7520332146914,47,47,1,False,False,0.016795504240448296,2.4594257360133763e-19,0.01668171057657558,0.9932247545388564,146.59612854398787,50,50,1,False,False
2,power,power_c_1.2,42002,1,0.0048509378360213,0.0,0.004757271151119289,0.27514102386122824,50.789361832289764,47,47,1,False,False,0.009574472324361896,0.00027329226746877566,0.009393898601459288,0.54330451158874,52.02251163933671,47,47,1,False,False,0.009225323638021981,0.00026933257891209106,0.009111529974149268,0.5424981497254571,80.07062664175413,50,50,1,False,False
2,power,power_c_1.2,42002,2,0.0024840963875881993,6.148564340033441e-20,0.0023904297026861887,0.13825263580164537,25.52059683960136,47,47,1,False,False,0.005352939914833789,0.0001877930366325549,0.0051723661919311804,0.2991484161036971,28.644069074883525,47,47,1,False,False,0.005091310823408074,0.00018486020404072942,0.004977517159535361,0.2963600906692697,43.741602037729436,50,50,1,False,False
2,power,power_c_1.2,42002,3,0.0015864958861611,0.0,0.0014928292012590895,0.08633910950981362,15.937675202456589,47,47,1,False,False,0.0032821392330666626,9.662918534456664e-05,0.003101565510164055,0.17938181006109574,17.1761730350815,47,47,1,False,False,0.0030713624435693664,9.492796434885588e-05,0.0029575687796966534,0.1760928839858226,25.990627940453017,50,50,1,False,False
2,power,power_c_1.2,42002,4,0.0011350442057992997,1.5371410850083602e-20,0.001041377520897289,0.060228998563248606,11.117907311299914,47,47,1,False,False,0.0023264864681216426,4.909330700148486e-05,0.0021459127452190347,0.12411077928520184,11.883859460417877,47,47,1,False,False,0.002145888807190032,4.796846810949475e-05,0.002032095143317319,0.12099042185488322,17.857717856684662,50,50,1,False,False
2,power,power_c_1.2,42002,5,0.0008700151627403002,1.5371410850083602e-20,0.0007763484778382896,0.044900807265374404,8.288416299247341,47,47,1,False,False,0.001762187533303413,3.193846045844561e-05,0.001581613810400805,0.09147404663792394,8.758825951956723,47,47,1,False,False,0.0016026712979384408,3.1117546396126695e-05,0.0014888776340657279,0.08864739115602686,13.084011740154113,50,50,1,False,False
2,power,power_c_1.2,42002,6,0.0006984540531036001,7.685705425041801e-21,0.0006047873682015895,0.034978417336201655,6.456803385689241,47,47,1,False,False,0.001418553504891598,2.2996423862486723e-05,0.00123797978198899,0.07159966584116402,6.855813581783942,47,47,1,False,False,0.0012739511662758199,2.235214320222917e-05,0.001160157502403107,0.06907547911596018,10.195273294836808,50,50,1,False,False
2,power,power_c_1.2,42002,7,0.0005796583300515001,7.685705425041801e-21,0.00048599164514948946,0.028107760644034873,5.188521891832828,47,47,1,False,False,0.0011655695377775354,1.458135037681185e-05,0.0009849958148749273,0.056968112263255904,5.454812577609547,47,47,1,False,False,0.0010329501345613665,1.4091438881176479e-05,0.0009191564706886535,0.054726339711496506,8.077395870799986,50,50,1,False,False
2,power,power_c_1.2,42002,8,0.0004932483585834999,7.685705425041801e-21,0.00039958167368148926,0.023110162805633053,4.2659956856539925,47,47,1,False,False,0.000997460354194032,1.230327646106135e-05,0.000816886631291424,0.0472453675589189,4.523840003741906,47,47,1,False,False,0.0008740539000179676,1.1850123480915583e-05,0.0007602602361452545,0.04526569880017857,6.681041898744594,50,50,1,False,False
2,power,power_c_1.2,42002,9,0.00042799178937930006,3.8428527125209005e-21,0.00033432510447728946,0.01933599087089054,3.5693064703532915,47,47,1,False,False,0.0008441738935286749,8.606258457878895e-06,0.000663600170626067,0.03837990826686084,3.6749542511452677,47,47,1,False,False,0.0007292647380242421,8.254814156060697e-06,0.000615471074151529,0.036644989357884336,5.408658559759364,50,50,1,False,False
2,power,power_c_1.2,42002,10,0.0003772335048628,0.0,0.0002835668199607894,0.01640034017374171,3.0274031824382677,47,47,1,False,False,0.0007424262273752754,6.3394874691821555e-06,0.0005618525044726675,0.0324952411643035,3.1114854112837955,47,47,1,False,False,0.0006340170079923139,6.062792663741522e-06,0.0005202233441196009,0.030973964024655885,4.571637175699966,50,50,1,False,False
2,power,power_c_1.2,42002,11,0.00033680110318030004,3.8428527125209005e-21,0.00024313441827828944,0.01406189612825692,2.5957406150612083,47,47,1,False,False,0.0006631924915599015,5.476072298629856e-06,0.00048261876865729345,0.027912687321127488,2.6726965634838944,47,47,1,False,False,0.0005602097909610305,5.223330955810706e-06,0.0004464161270883175,0.02657950131757414,3.9230314931037675,50,50,1,False,False
2,power,power_c_1.2,42002,12,0.00030395716796489995,3.8428527125209005e-21,0.00021029048306288935,0.012162337815153227,2.2450936881441326,47,47,1,False,False,0.000596303057614872,4.4425860102003854e-06,0.000415729334712264,0.024044077196433776,2.302269278329531,47,47,1,False,False,0.0004980988035046575,4.222242411343204e-06,0.00038430513963194456,0.022881429109251138,3.3772103520791763,50,50,1,False,False
2,power,power_c_1.2,42002,13,0.00027683746931189994,3.8428527125209005e-21,0.00018317078440988933,0.01059384583368633,1.9555595951913256,47,47,1,False,False,0.0005415440381723599,3.6233504524411485e-06,0.00036097031526975194,0.02087704042336591,1.9990190680425877,47,47,1,False,False,0.0004474674697819985,3.4296188811497075e-06,0.00033367380590928553,0.01986685252983981,2.9322705197586876,50,50,1,False,False
2,power,power_c_1.2,42002,14,0.00025413219328280004,3.8428527125209005e-21,0.00016046550838078944,0.009280665925446598,1.7131545602223501,47,47,1,False,False,0.0004954014563436045,3.1982590550537084e-06,0.0003148277334409965,0.01820834301162027,1.7434858648331577,47,47,1,False,False,0.000404950575332361,3.01054513730293e-06,0.00029115691145964803,0.01733540757641919,2.5586390450115877,50,50,1,False,False
2,power,power_c_1.2,42002,15,0.00023489636313059995,3.8428527125209005e-21,0.00014122967822858932,0.008168144516686496,1.5077898654824469,47,47,1,False,False,0.0004576724862713605,2.86335485228492e-06,0.00027709876336875247,0.016026254346679553,1.534546438510353,47,47,1,False,False,0.00037040535689895004,2.6896086105147734e-06,0.00025661169302623705,0.015278594161421123,2.2550613478205346,50,50,1,False,False
2,power,power_c_1.2,42002,16,0.0002184325259277,0.0,0.0001247658410256894,0.007215943794719098,1.3320193957564865,47,47,1,False,False,0.000422606094284881,2.465778374836622e-06,0.00024203237138227301,0.013998158262223847,1.3403521148689643,47,47,1,False,False,0.00033827092449226047,2.30752274969247e-06,0.00022447726061954748,0.013365318326016264,1.972669241678013,50,50,1,False,False
2,power,power_c_1.2,42002,17,0.00020421564645650006,3.8428527125209005e-21,0.00011054896155448945,0.006393697879033316,1.180237793940719,47,47,1,False,False,0.0003944246241715305,2.1279462516262103e-06,0.00021385090126892247,0.012368257780499667,1.1842858298062695,47,47,1,False,False,0.000312605282494059,1.9818661105364888e-06,0.000198811618621346,0.01183719260673054,1.7471238015829433,50,50,1,False,False
2,power,power_c_1.2,42002,18,0.000191843585144,0.0,9.81769002419894e-05,0.005678148668432981,1.0481517558211562,47,47,1,False,False,0.00036953981332395246,1.9213590100262704e-06,0.00018896609042134445,0.010929022530353227,1.0464761283304926,47,47,1,False,False,0.00029000380771076003,1.7828831145727375e-06,0.00017621014383804705,0.010491506614828715,1.5485057589423579,50,50,1,False,False
2,power,power_c_1.2,42002,19,0.00018100359247689998,1.9214263562604502e-21,8.733690757488937e-05,0.005051208015623569,0.932422319272395,47,47,1,False,False,0.00034929830273536954,1.7345129061638825e-06,0.00016872457983276154,0.009758336695779711,0.9343805794144406,47,47,1,False,False,0.00027171307612679,1.6049943463826553e-06,0.00015791941225407703,0.009402481163605834,1.3877698184559915,50,50,1,False,False
2,power,power_c_1.2,42002,20,0.0001714491183171,0.0,7.778243341508938e-05,0.00449861647327171,0.8304172769268119,47,47,1,False,False,0.00033110697966841053,1.5072030941986493e-06,0.00015053325676580253,0.008706225286730457,0.8336387728296009,47,47,1,False,False,0.0002552937615526405,1.3892677786490303e-06,0.00014150009767992754,0.008424879399521423,1.2434795828193588,50,50,1,False,False
2,power,power_c_1.2,42002,21,0.00016298343279670002,1.9214263562604502e-21,6.93167478946894e-05,0.004008995993845811,0.740036310318926,47,47,1,False,False,0.0003146034041382345,1.3717320412324377e-06,0.00013402968123562648,0.00775172626313047,0.7422435506184644,47,47,1,False,False,0.000240419716815988,1.2598616830782053e-06,0.000126626052943275,0.0075392826038722825,1.112768924330585,50,50,1,False,False
2,power,power_c_1.2,42002,22,0.0001554478469711,0.0,6.178116206908937e-05,0.0035731686605726307,0.6595852317579267,47,47,1,False,False,0.0003007942763577635,1.3080853197783068e-06,0.0001202205534551555,0.0069530630304796715,0.6657699222383322,47,47,1,False,False,0.00022801705596576353,1.1995008989777358e-06,0.00011422339209305053,0.006800831368787874,1.0037763809136,50,50,1,False,False
2,power,power_c_1.2,42002,23,0.00014871310252799998,1.9214263562604502e-21,5.504641762598936e-05,0.0031836587035708563,0.5876840595306234,47,47,1,False,False,0.000287338603853119,1.1556375654418774e-06,0.00010676488095051097,0.006174842199237329,0.5912536953568508,47,47,1,False,False,0.00021589968967655998,1.05638048193141e-06,0.00010210602580384698,0.0060793664984434915,0.8972909591702791,50,50,1,False,False
2,power,power_c_1.2,42002,24,0.00014267298474200004,1.9214263562604502e-21,4.9006299839989424e-05,0.0028343230993786443,0.5231988288179235,47,47,1,False,False,0.00027575728853821547,1.103260524813629e-06,9.518356563560746e-05,0.005505026489310313,0.5271174792521971,47,47,1,False,False,0.00020551195131174698,1.006915356235733e-06,9.171828743903398e-05,0.0054608832295817925,0.8060052231170618,50,50,1,False,False
2,power,power_c_1.2,42002,25,0.00013723952097970002,1.9214263562604502e-21,4.3572836077689404e-05,0.002520073872209751,0.4651903301934206,47,47,1,False,False,0.00026516428985239553,1.0140471908094088e-06,8.459056694978752e-05,0.004892370953900816,0.46845446607650243,47,47,1,False,False,0.00019598636683907004,9.228760232465208e-07,8.219270296635704e-05,0.004893732381574702,0.7222959536507756,50,50,1,False,False
2,power,power_c_1.2,42002,26,0.00013233932705730003,1.9214263562604502e-21,3.867264215528942e-05,0.002236666782283736,0.4128751027726325,47,47,1,False,False,0.000256082846794711,9.245572666374569e-07,7.550912389210298e-05,0.0043671375876166854,0.4181623033426001,47,47,1,False,False,0.00018782684864100948,8.385795177019266e-07,7.403318476829648e-05,0.004407916767988647,0.650591449899252,50,50,1,False,False
2,power,power_c_1.2,42002,27,0.0001279107960854,0.0,3.424411118338939e-05,0.001980538740155414,0.36559542188574157,47,47,1,False,False,0.0002474167284876555,8.485960755795369e-07,6.684300558504748e-05,0.0038659248990473606,0.3701701693390853,47,47,1,False,False,0.0001800426359190815,7.679143079498165e-07,6.62489720463685e-05,0.003944446745863238,0.5821850689373451,50,50,1,False,False
2,power,power_c_1.2,42002,28,0.00012390191356280003,1.9214263562604502e-21,3.023522866078941e-05,0.00174868144071432,0.3227959726814287,47,47,1,False,False,0.0002390000853085145,7.865724154474508e-07,5.8426362405906485e-05,0.0033791408272084824,0.32355960472398637,47,47,1,False,False,0.000172460398005975,7.105519273639591e-07,5.8666734133262005e-05,0.003493002251875,0.5155536093721815,50,50,1,False,False
2,power,power_c_1.2,42002,29,0.00012026854348560002,1.9214263562604502e-21,2.660185858358941e-05,0.0015385422387744953,0.28400555236281644,47,47,1,False,False,0.00023194693355376003,7.323226660780123e-07,5.137321065115202e-05,0.002971215499093608,0.2844999251572171,47,47,1,False,False,0.0001660761470733415,6.595108010852345e-07,5.228248320062849e-05,0.00311288559439124,0.4594498623324976,50,50,1,False,False
2,power,power_c_1.2,42002,30,0.00011697307262140002,9.607131781302251e-22,2.33063877193894e-05,0.001347945739462594,0.2488225962493642,47,47,1,False,False,0.0002255617906578555,7.359287838197235e-07,4.4988067755247495e-05,0.002601925059664677,0.24913961473515012,47,47,1,False,False,0.00016029915792081898,6.61873604247703e-07,4.650549404810598e-05,0.002768925147010929,0.40868263192690546,50,50,1,False,False
2,power,power_c_1.2,42002,31,0.00011398332995859996,2.882139534390675e-21,2.0316645056589347e-05,0.001175031303603528,0.21690364165064246,47,47,1,False,False,0.0002200735099718995,6.946163379378082e-07,3.949978706929149e-05,0.002284505446780838,0.21874604141930232,47,47,1,False,False,0.000155312922938109,6.239735825149583e-07,4.1519259065396e-05,0.002472045999393454,0.36486441909312717,50,50,1,False,False
2,power,power_c_1.2,42002,32,0.0001112717196452,0.0,1.7605034743189383e-05,0.0010182029004619504,0.18795407098699912,47,47,1,False,False,0.0002147255351164185,6.426853371859929e-07,3.415181221381048e-05,0.001975200546854134,0.18912946836805355,47,47,1,False,False,0.0001504196204529985,5.757189668988199e-07,3.662595658028549e-05,0.002180700028766025,0.32186288176162825,50,50,1,False,False
2,power,power_c_1.2,42002,33,0.00010881452112470003,1.9214263562604502e-21,1.514783622268941e-05,0.0008760886304772364,0.16172063993229102,47,47,1,False,False,0.00020973270847111155,6.075471418099066e-07,2.915898556850354e-05,0.0016864359607051684,0.16147967212389136,47,47,1,False,False,0.000145826855586506,5.431112014178371e-07,3.203319171379299e-05,0.001907247990605013,0.28150241958660005,50,50,1,False,False
2,power,power_c_1.2,42002,34,0.00010659132141609998,1.9214263562604502e-21,1.2924636514089361e-05,0.0007475078906704918,0.1379854163474501,47,47,1,False,False,0.000205323362055588,5.642302620804897e-07,2.474963915297999e-05,0.001431417474521015,0.13706113356442584,47,47,1,False,False,0.00014173549523322548,5.023431641734498e-07,2.7941831360512478e-05,0.001663649448119616,0.24554821779679736,50,50,1,False,False
2,power,power_c_1.2,42002,35,0.0001045845527944,0.0,1.0917867892389389e-05,0.0006314446359835675,0.1165608444860744,47,47,1,False,False,0.00020167763601847502,5.403222434328732e-07,2.1103913115867008e-05,0.0012205636546094051,0.11687145159680479,47,47,1,False,False,0.000138310297813943,4.795834150777299e-07,2.451663394122999e-05,0.0014597140752813508,0.2154481462926947,50,50,1,False,False
2,power,power_c_1.2,42002,36,0.00010277911532189999,9.607131781302251e-22,9.112430419889377e-06,0.0005270255480397982,0.09728571508025863,47,47,1,False,False,0.0001980184232602165,5.218480199314337e-07,1.74447003576085e-05,0.0010089298181406904,0.09660708145789987,47,47,1,False,False,0.000134859100698737,4.615667318985008e-07,2.1065436826024004e-05,0.0012542306872390596,0.1851195937375505,50,50,1,False,False
2,power,power_c_1.2,42002,37,0.0001011620683644,0.0,7.495383462389387e-06,0.00043350219370807134,0.08002187191988996,47,47,1,False,False,0.0001950753145164575,5.086638244751156e-07,1.4501591613849506e-05,0.0008387124966196623,0.08030842683390271,47,47,1,False,False,0.00013201040828506952,4.4817316676878983e-07,1.821674441235652e-05,0.0010846202740662874,0.16008575339250308,50,50,1,False,False
2,power,power_c_1.2,42002,38,9.972237878789317e-05,9.607131781302251e-22,6.055693885882558e-06,0.0003502364618337744,0.06465152356163473,47,47,1,False,False,0.0001924408198585215,4.917778178078563e-07,1.1867096955913499e-05,0.0006863441462533174,0.06571884748875667,47,47,1,False,False,0.000129408795849818,4.324055839528245e-07,1.5615131977105004e-05,0.0009297209392201144,0.13722321125516923,50,50,1,False,False
2,power,power_c_1.2,42002,39,9.845071629127542e-05,0.0,4.784031389264804e-06,0.0002766887261233528,0.051075058269326234,47,47,1,False,False,0.00019009265384666352,4.7640127188151964e-07,9.518930944055513e-06,0.0005505358687396981,0.05271492878944262,47,47,1,False,False,0.000127031514329268,4.1785360264287793e-07,1.3237850456555001e-05,0.0007881782093016616,0.11633205229565813,50,50,1,False,False
2,power,power_c_1.2,42002,40,9.73392884803751e-05,9.607131781302251e-22,3.672603578364482e-06,0.00021240830650358613,0.03920928323882267,47,47,1,False,False,0.0001879252793775165,4.725512792257506e-07,7.3515564749085025e-06,0.0004251838314921493,0.04071221635538613,47,47,1,False,False,0.000124780121582294,4.1268254860546025e-07,1.098645770958099e-05,0.0006541308645632985,0.09654718317067457,50,50,1,False,False
2,power,power_c_1.2,42002,41,9.638171000424138e-05,1.9214263562604502e-21,2.715025102230763e-06,0.00015702590050200324,0.028986027476803455,47,47,1,False,False,0.0001859996227645825,4.3465948962094027e-07,5.4258998619744956e-06,0.00031381176224124066,0.030048114281284066,47,47,1,False,False,0.000122718799043118,3.7970957384590654e-07,8.925135170405007e-06,0.0005314002510809274,0.0784326197668479,50,50,1,False,False
2,power,power_c_1.2,42002,42,9.55729014630398e-05,9.607131781302251e-22,1.9062165610291785e-06,0.00011024773649477568,0.02035106252584229,47,47,1,False,False,0.00018443317650242,4.1269463560637046e-07,3.859453599812e-06,0.0002232149442958143,0.021373284760228373,47,47,1,False,False,0.00012093762939779152,3.590243326143918e-07,7.143965525078518e-06,0.00042534986879845147,0.0627799939113447,50,50,1,False,False
2,power,power_c_1.2,42002,43,9.490901495372444e-05,0.0,1.2423300517138233e-06,7.185126757420409e-05,0.01326330757850025,47,47,1,False,False,0.00018322863358633798,4.0556999473211284e-07,2.65491068372997e-06,0.00015354912944361214,0.01470264134257171,47,47,1,False,False,0.0001194445281372505,3.5246677993358547e-07,5.650864264537502e-06,0.0003364510040090748,0.049658865636477145,50,50,1,False,False
2,power,power_c_1.2,42002,44,9.438738411539607e-05,9.607131781302251e-22,7.206992133854535e-07,4.1682282377408936e-05,0.007694296153850422,47,47,1,False,False,0.00018217088482564702,4.0421578107059696e-07,1.597161923039015e-06,9.237328561222127e-05,0.008844929912091626,47,47,1,False,False,0.000118032703660584,3.5014556745980295e-07,4.239039787870994e-06,0.00025239133801426423,0.0372519843689425,50,50,1,False,False
2,power,power_c_1.2,42002,45,9.400649743019817e-05,9.607131781302251e-22,3.398125281875528e-07,1.965336091982017e-05,0.003627891053719301,47,47,1,False,False,0.00018165233746519753,4.0476144519007656e-07,1.0786145625895174e-06,6.238263611118455e-05,0.005973264244938159,47,47,1,False,False,0.00011706241177724549,3.504432638906845e-07,3.2687479045324913e-06,0.00019462040899376082,0.028725218903126626,50,50,1,False,False
2,power,power_c_1.2,42002,46,9.376599437988461e-05,9.607131781302251e-22,9.93094778739919e-08,5.743652306836728e-06,0.0010602433296094116,47,47,1,False,False,0.0001809374541851655,4.017442005867938e-07,3.637312825574817e-07,2.1036723431179036e-05,0.002014309040710538,47,47,1,False,False,0.00011587346528783852,3.4727858428543906e-07,2.079801415125524e-06,0.00012383084100069932,0.018276952726049345,50,50,1,False,False
2,power,power_c_1.2,42002,47,9.366668490201062e-05,1.9214263562604502e-21,0.0,0.0,0.0,47,47,1,False,False,0.000180573722902608,3.988015444848606e-07,0.0,0.0,0.0,47,47,1,False,False,0.00011494638822547349,3.430928435835332e-07,1.1527243527604901e-06,6.863291129922768e-05,0.010129951998469,50,50,1,False,False
2,power,power_c_1.2,42002,48,9.371059348368831e-05,1.9214263562604502e-21,4.390858167769435e-08,2.5394920187075656e-06,0.00046877480209350786,47,47,1,False,False,0.0001805758788816405,3.8524626719156137e-07,2.1559790324831175e-09,1.2469297199533763e-07,1.1939605596200664e-05,47,47,1,False,False,0.0001142958035980335,3.303147949979566e-07,5.021397253204959e-07,2.9897270015341502e-05,0.004412721308298728,50,50,1,False,False
2,power,power_c_1.2,42002,49,9.390103023159825e-05,1.9214263562604502e-21,2.3434532958763676e-07,1.3553571337776067e-05,0.0025019069462401955,47,47,1,False,False,0.0001809652018873235,3.8055206095797903e-07,3.91478984715501e-07,2.264153655598013e-05,0.0021679731603398977,47,47,1,False,False,0.00011391228901986401,3.2581344234931916e-07,1.1862514715100636e-07,7.06291073210673e-06,0.0010424582803107985,50,50,1,False,False
2,power,power_c_1.2,42002,50,9.424269243240815e-05,9.607131781302251e-22,5.760075303975321e-07,3.3313909724920054e-05,0.006149545390659705,47,47,1,False,False,0.000181717260563189,3.743044107541947e-07,1.1435376605809866e-06,6.613752144064761e-05,0.006332802149722205,47,47,1,False,False,0.000113793663872713,3.196569881706436e-07,0.0,0.0,0.0,50,50,1,False,False
2,power,power_c_1.2,42002,51,9.474180155427236e-05,0.0,1.0751166522617424e-06,6.218033134477821e-05,0.011478111490616616,47,47,1,False,False,0.00018273571643405748,3.674346743644694e-07,2.1619935314494756e-06,0.00012504082591222583,0.01197291331593986,47,47,1,False,False,0.0001138302101440775,3.131223652574557e-07,3.6546271364498836e-08,2.175955591525805e-06,0.00032116262119274985,50,50,1,False,False
2,power,power_c_1.2,42002,52,9.540628245209702e-05,1.9214263562604502e-21,1.7395975500864025e-06,0.00010061117725539861,0.018572212221520168,47,47,1,False,False,0.000184185279560516,3.7095398345320696e-07,3.6115566579079906e-06,0.00020887760336213873,0.020000455214936652,47,47,1,False,False,0.000114172213222786,3.167862345568165e-07,3.785493500730019e-07,2.2538730880216663e-05,0.0033266294202147773,50,50,1,False,False
2,power,power_c_1.2,42002,53,9.624599388313936e-05,0.0,2.579308981128745e-06,0.00014917663748370796,0.027537101199077263,47,47,1,False,False,0.00018577426416082552,3.6747164806619673e-07,5.200541258217517e-06,0.0003007779462143692,0.028800099896164832,47,47,1,False,False,0.0001145576176399685,3.1318901771485933e-07,7.63953767255501e-07,4.548561069191871e-05,0.006713500042586196,50,50,1,False,False
2,power,power_c_1.2,42002,54,9.727302253406838e-05,9.607131781302251e-22,3.6063376320577615e-06,0.00020857575634304412,0.038501817757621515,47,47,1,False,False,0.0001876555873975885,3.6731805571973646e-07,7.081864494980493e-06,0.0004095859550778323,0.039218687974883704,47,47,1,False,False,0.000115107919521717,3.117887879797871e-07,1.3142556490039953e-06,7.825044310601274e-05,0.011549462459299109,50,50,1,False,False
2,power,power_c_1.2,42002,55,9.850205691789147e-05,0.0,4.835372015880859e-06,0.00027965805709568865,0.05162317873147093,47,47,1,False,False,0.0001898625905411855,3.584293127399993e-07,9.288867638577504e-06,0.0005372299520888835,0.051440860216341866,47,47,1,False,False,0.0001158324074866715,3.035836965469129e-07,2.0387436139585052e-06,0.00012138627008581483,0.017916143523061256,50,50,1,False,False
2,power,power_c_1.2,42002,56,9.995086317174941e-05,9.607131781302251e-22,6.284178269738797e-06,0.0003634510601430838,0.06709085814570015,47,47,1,False,False,0.00019265890316588552,3.5054184087183954e-07,1.2085180263277507e-05,0.0006989571890186133,0.06692657197855767,47,47,1,False,False,0.000116955787736929,2.95907419051126e-07,3.1621238642159976e-06,0.0001882720410739866,0.02778822437559514,50,50,1,False,False
2,power,power_c_1.2,42002,57,0.00010164089264150005,2.882139534390675e-21,7.974207739489431e-06,0.0004611954232226265,0.08513387388303162,47,47,1,False,False,0.00019612624021115552,3.449852413259866e-07,1.555251730854751e-05,0.0008994937223383708,0.0861283527777501,47,47,1,False,False,0.00011853811420582649,2.908743759014404e-07,4.744450333113486e-06,0.000282483351805986,0.04169344910469275,50,50,1,False,False
2,power,power_c_1.2,42002,58,0.00010359806217550001,9.607131781302251e-22,9.931377273489397e-06,0.000574390070395104,0.10602891822080718,47,47,1,False,False,0.0001998735048539475,3.51306286734147e-07,1.92997819513395e-05,0.0011162201181533725,0.1068803458283285,47,47,1,False,False,0.00012021727327285601,2.954641959669336e-07,6.423609400143008e-06,0.0003824600505100139,0.05644962277801602,50,50,1,False,False
2,power,power_c_1.2,42002,59,0.00010585376378750001,9.607131781302251e-22,1.2187078885489392e-05,0.0007048505867995722,0.13011113714805744,47,47,1,False,False,0.000204263448752791,3.4575410578681425e-07,2.3689725850182988e-05,0.001370116442464625,0.13119143510686748,47,47,1,False,False,0.00012228613741731948,2.897558244506862e-07,8.49247354460648e-06,0.0005056396892303011,0.0746304605685777,50,50,1,False,False
2,power,power_c_1.2,42002,60,0.000108446183146,0.0,1.477949824398939e-05,0.0008547854746622363,0.15778820676157124,47,47,1,False,False,0.00020917103197721652,3.4689444066527383e-07,2.8597309074608515e-05,0.0016539508992697485,0.1583691614423457,47,47,1,False,False,0.0001246165466674535,2.8963146937603743e-07,1.0822882794740493e-05,0.0006443916562311925,0.09510971372577237,50,50,1,False,False
2,power,power_c_1.2,42002,61,0.00011142203991900004,2.882139534390675e-21,1.775535501698942e-05,0.001026896807688725,0.18955891345534637,47,47,1,False,False,0.0002149945665518975,3.4554587662822776e-07,3.442084364928949e-05,0.0019907602200905723,0.19061933871659886,47,47,1,False,False,0.0001275182392946225,2.883364364294381e-07,1.3724575421909495e-05,0.0008171576884757564,0.12060931122897567,50,50,1,False,False
2,power,power_c_1.2,42002,62,0.00011483891334709999,9.607131781302251e-22,2.1172228445089376e-05,0.0012245147326603665,0.22603798209831694,47,47,1,False,False,0.0002215327389067455,3.499659447993872e-07,4.0959016004137494e-05,0.00236890125488755,0.22682711164031688,47,47,1,False,False,0.000130796722939018,2.9153194782756706e-07,1.7003059066305e-05,0.0010123577609153797,0.14942008621257008,50,50,1,False,False
2,power,power_c_1.2,42002,63,0.00011876839339000002,9.607131781302251e-22,2.5101708487989402e-05,0.0014517797188050813,0.26798971816126027,47,47,1,False,False,0.00022914590278720953,3.5631511643565824e-07,4.8572179884601526e-05,0.0028092153842180496,0.26898808477686864,47,47,1,False,False,0.0001347032171006495,2.960636929461328e-07,2.090955322793651e-05,0.0012449494179269966,0.1837497143191158,50,50,1,False,False
2,power,power_c_1.2,42002,64,0.000123300418056,0.0,2.9633733153989374e-05,0.0017138934111209359,0.31637431371667213,47,47,1,False,False,0.00023800987460302096,3.6697212767077185e-07,5.743615170041296e-05,0.0033218711070909443,0.3180759125810957,47,47,1,False,False,0.00013933796907119198,3.0378133111734265e-07,2.5544305198478982e-05,0.0015209013574573793,0.22447915225800497,50,50,1,False,False
2,power,power_c_1.2,42002,65,0.00012854934992400003,1.9214263562604502e-21,3.488266502198942e-05,0.002017470071450581,0.3724127213264985,47,47,1,False,False,0.0002481297715551535,3.802771771323346e-07,6.755604865254551e-05,0.003907164381392696,0.3741189336223727,47,47,1,False,False,0.00014464126439310099,3.1436389994008637e-07,3.0847600520387985e-05,0.0018366581960723924,0.2710836391988698,50,50,1,False,False
2,power,power_c_1.2,42002,66,0.00013466266094920004,1.9214263562604502e-21,4.0995976047189425e-05,0.002371038871971846,0.43767937436963167,47,47,1,False,False,0.0002599510074466985,3.926672815938073e-07,7.937728454409049e-05,0.004590856112047893,0.4395838069246787,47,47,1,False,False,0.0001509109862245955,3.2400462826878425e-07,3.711732235188251e-05,0.002209955820349446,0.3261809233368309,50,50,1,False,False
2,power,power_c_1.2,42002,67,0.00014183362953379994,3.8428527125209005e-21,4.816694463178932e-05,0.0027857782416164175,0.5142377429304683,47,47,1,False,False,0.000273897043537889,3.971062167171056e-07,9.3323320635281e-05,0.0053974375590677874,0.5168156204300816,47,47,1,False,False,0.00015837850455436151,3.270072898839402e-07,4.4584840681648514e-05,0.002654569939869723,0.39180424607401787,50,50,1,False,False
2,power,power_c_1.2,42002,68,0.00015032038989840004,1.9214263562604502e-21,5.665370499638942e-05,0.0032766176034702338,0.6048437078312068,47,47,1,False,False,0.000290359635676924,4.000616904057693e-07,0.00010978591277431598,0.006349566271655083,0.6079838805424018,47,47,1,False,False,0.000167241799241475,3.284647919916621e-07,5.3448135368762e-05,0.003182288224490686,0.4696934218459463,50,50,1,False,False
2,power,power_c_1.2,42002,69,0.00016047537568830003,1.9214263562604502e-21,6.680869078628942e-05,0.003863940272028221,0.7132599051218831,47,47,1,False,False,0.0003098937135256065,4.190846343702014e-07,0.00012931999062299848,0.007479337102188235,0.7161617346326015,47,47,1,False,False,0.0001777572075364845,3.431275064917214e-07,6.396354366377151e-05,0.0038083729281392646,0.5621011002450864,50,50,1,False,False
2,power,power_c_1.2,42002,70,0.00017279243336030002,1.9214263562604502e-21,7.91257484582894e-05,0.004576308297978251,0.844758715877121,47,47,1,False,False,0.00033361540004198456,4.340182625564337e-07,0.00015304167713937655,0.008851302018313675,0.847530164850836,47,47,1,False,False,0.000190602182568716,3.547212280438476e-07,7.6808518696003e-05,0.00457315943578678,0.6749806279365367,50,50,1,False,False
2,power,power_c_1.2,42002,71,0.0001879853480949,0.0,9.431866319288937e-05,0.005455004084433614,1.0069606209674316,47,47,1,False,False,0.0003630862948985075,4.591648889811409e-07,0.0001825125719958995,0.010555777531134198,1.010737160768055,47,47,1,False,False,0.0002066713456117825,3.7454659966724663e-07,9.28776817390695e-05,0.005529913267825204,0.8161937895150329,50,50,1,False,False
2,power,power_c_1.2,42002,72,0.00020712526778350005,3.8428527125209005e-21,0.00011345858288148944,0.006561978425911727,1.2113013607792795,47,47,1,False,False,0.000400201389468523,4.96047475583301e-07,0.000219627666565915,0.012702362158394246,1.216277003295605,47,47,1,False,False,0.000226981194692622,4.0511190832909056e-07,0.00011318753081990901,0.00673915645517338,0.9946734024358157,50,50,1,False,False
2,power,power_c_1.2,42002,73,0.00023189592274630003,1.9214263562604502e-21,0.00013822923784428942,0.007994611368554585,1.4757567003561394,47,47,1,False,False,0.000448228801415569,5.469880309484115e-07,0.000267655078512961,0.01548007040262711,1.482248215358112,47,47,1,False,False,0.0002533191901771905,4.466940539669622e-07,0.00013952552630447753,0.008307313928001091,1.2261273743725098,50,50,1,False,False
2,power,power_c_1.2,42002,74,0.00026510406910259995,3.8428527125209005e-21,0.00017143738420058934,0.00991523415812506,1.8302920016859625,47,47,1,False,False,0.0005125618135524215,6.203199768951884e-07,0.0003319880906498135,0.019200827589916262,1.8385182811392249,47,47,1,False,False,0.000288654527147585,5.037743805973694e-07,0.000174860863274872,0.01041117079734694,1.5366485032986312,50,50,1,False,False
2,power,power_c_1.2,42002,75,0.00031180246844389996,3.8428527125209005e-21,0.00021813578354188935,0.012616077771889386,2.328851328197342,47,47,1,False,False,0.0006031033079830475,7.04022634076283e-07,0.0004225295850804395,0.02443737574708971,2.3399284142152275,47,47,1,False,False,0.000338491599846154,5.691025193400588e-07,0.000224697935973441,0.013378457279794267,1.974608500388765,50,50,1,False,False
2,power,power_c_1.2,42002,76,0.0003820973418275,0.0,0.0002884306569254894,0.016681644526563136,3.0793302573613133,47,47,1,False,False,0.0007397500867408266,8.633397321466124e-07,0.0005591763638382187,0.032340464181707995,3.0966652005054414,47,47,1,False,False,0.0004139131838451035,6.969356215332877e-07,0.0003001195199723905,0.017869038980658784,2.6374009743468436,50,50,1,False,False
3,power,power_c_1.7,42003,0,0.014233295466272696,2.4594257360133763e-19,0.014232218267604325,0.999924318393381,13212.25014984958,56,56,1,False,False,0.014233295466272696,2.4594257360133763e-19,0.014230921616022473,0.9998332185082613,5994.869143363306,56,56,1,False,False,0.014076047893550705,3.689138604020064e-19,0.01407425711595528,0.9998727783814769,7859.2993076899675,58,58,1,False,False
3,power,power_c_1.7,42003,1,0.0017552359152128,0.0,0.0017541587165444288,0.12324332904499131,1628.4449359716925,56,56,1,False,False,0.004191219384292353,0.00022445655844483277,0.00418884553404213,0.29429906404796025,1764.578677045866,56,56,1,False,False,0.004134104191313584,0.0002225442119110278,0.004132313413718159,0.2935705707289816,2307.5525538591623,58,58,1,False,False
3,power,power_c_1.7,42003,2,0.0005632224601911999,7.685705425041801e-21,0.0005621452615228287,0.03949508831984072,521.8584816604579,56,56,1,False,False,0.0015153550475088234,9.231314187664889e-05,0.0015129811972586012,0.10629872757463447,637.353260643533,56,56,1,False,False,0.0014882301413952504,9.146447212397052e-05,0.0014864393637998249,0.10560061851458138,830.0524686017964,58,58,1,False,False
3,power,power_c_1.7,42003,3,0.00026058320643840006,3.8428527125209005e-21,0.00025950600777002893,0.018232320714830656,240.90821441734178,56,56,1,False,False,0.0006712371593647505,2.8417086104554363e-05,0.0006688633091145284,0.04699286336740995,281.7630594229412,56,56,1,False,False,0.0006555010981385615,2.810540311071291e-05,0.0006537103205431358,0.04644132539806501,365.04271787461494,58,58,1,False,False
3,power,power_c_1.7,42003,4,0.00014593027628079995,3.8428527125209005e-21,0.00014485307761242882,0.010177058289534814,134.47201696922377,56,56,1,False,False,0.000366802548862254,1.128190896674594e-05,0.00036442869861203175,0.025603957950257144,153.5179814219184,56,56,1,False,False,0.00035621977866302193,1.1133489034709975e-05,0.00035442900106759633,0.02517958192156954,197.91905034603587,58,58,1,False,False
3,power,power_c_1.7,42003,5,9.184342013733101e-05,9.607131781302251e-22,9.076622146895988e-05,0.0063770348675779315,84.2613569196201,56,56,1,False,False,0.000224123383816657,5.937282916982901e-06,0.00022174953356643478,0.015579633971057077,93.41344659195585,56,56,1,False,False,0.0002163967014109805,5.849578789633637e-06,0.00021460592381555488,0.015246177438333524,119.8395179634514,58,58,1,False,False
3,power,power_c_1.7,42003,6,6.253153555393991e-05,9.607131781302251e-22,6.145433688556878e-05,0.004317646396872134,57.05014190046822,56,56,1,False,False,0.00015067069570077682,3.648579180244653e-06,0.00014829684545055458,0.010419009835210664,62.47101957533843,56,56,1,False,False,0.00014465910540956337,3.5891471942182693e-06,0.00014286832781413775,0.010149747208489995,79.7800509561221,58,58,1,False,False
3,power,power_c_1.7,42003,7,4.5050476675213404e-05,4.803565890651126e-22,4.3973278006842265e-05,0.003089465690573319,40.821882998923044,56,56,1,False,False,0.00010887137080489926,2.534429687721275e-06,0.00010649752055467703,0.0074822813035135965,44.86277958970135,56,56,1,False,False,0.00010398859447966765,2.491981398143255e-06,0.00010219781688424202,0.007260405595171818,57.068961073277414,58,58,1,False,False
3,power,power_c_1.7,42003,8,3.386858003919036e-05,4.803565890651126e-22,3.279138137081922e-05,0.0023038502536901506,30.441349709802378,56,56,1,False,False,7.977007163428464e-05,1.4249533045843385e-06,7.739622138406241e-05,0.005437688100233777,32.60366629142554,56,56,1,False,False,7.572118357602416e-05,1.3951395956630258e-06,7.393040598059854e-05,0.005252213301609439,41.28396857848072,58,58,1,False,False
3,power,power_c_1.7,42003,9,2.6322965717237945e-05,7.205348835976687e-22,2.5245767048866806e-05,0.0017737120056763615,23.436500424793184,56,56,1,False,False,6.23419626761064e-05,1.011171355954004e-06,5.9968112425884173e-05,0.0042132275387653535,25.26196099365171,56,56,1,False,False,5.887263394600671e-05,9.88295183802866e-07,5.708185635058109e-05,0.004055247380675265,31.875458178833348,58,58,1,False,False
3,power,power_c_1.7,42003,10,2.101176279100566e-05,0.0,1.993456412263452e-05,0.0014005585825061797,18.505930900172896,56,56,1,False,False,4.9092581874408916e-05,7.017592907563467e-07,4.671873162418669e-05,0.003282355216674289,19.680572361214946,56,56,1,False,False,4.609217731748689e-05,6.839345580109781e-07,4.430139972206127e-05,0.003147289641033338,24.738638586514153,58,58,1,False,False
3,power,power_c_1.7,42003,11,1.7143594371697973e-05,0.0,1.6066395703326834e-05,0.0011287895864592894,14.914979172431853,56,56,1,False,False,3.958217688778536e-05,5.079177617849594e-07,3.7208326637563135e-05,0.0026141751027182855,15.67425183373717,56,56,1,False,False,3.694975758708831e-05,4.940352971402281e-07,3.5158979991662694e-05,0.0024977877496262044,19.633359319143338,58,58,1,False,False
3,power,power_c_1.7,42003,12,1.4245965002375566e-05,3.6026744179883437e-22,1.316876633400443e-05,0.000925208527091229,12.225011709230293,56,56,1,False,False,3.297576365846488e-05,4.045477867202557e-07,3.060191340824266e-05,0.002150023055500895,12.89125689599751,56,56,1,False,False,3.062676065458643e-05,3.923429192033942e-07,2.8835983059160813e-05,0.0020485851765517753,16.10249264499385,58,58,1,False,False
3,power,power_c_1.7,42003,13,1.202348574556456e-05,0.0,1.0946287077193423e-05,0.0007690620280546984,10.161808957437366,56,56,1,False,False,2.7614988976211838e-05,3.2592823121847176e-07,2.5241138725989613e-05,0.0017733868299018433,10.632995372655333,56,56,1,False,False,2.5504994186205527e-05,3.156809727772153e-07,2.3714216590779908e-05,0.00168472122076575,13.242413045235622,58,58,1,False,False
3,power,power_c_1.7,42003,14,1.0284246690591682e-05,0.0,9.207048022220545e-06,0.0006468669215809945,8.547214448512813,56,56,1,False,False,2.387334068486937e-05,2.5997771472996526e-07,2.1499490434647146e-05,0.0015105068594685237,9.056801469525935,56,56,1,False,False,2.1947074203609774e-05,2.513372186083354e-07,2.0156296608184155e-05,0.0014319570919774484,11.255611338712075,58,58,1,False,False
3,power,power_c_1.7,42003,15,8.899428790260833e-06,1.2008914726627814e-22,7.822230121889696e-06,0.0005495726650532409,7.261641098867969,56,56,1,False,False,2.0764071938567004e-05,2.2350393390084896e-07,1.839022168834478e-05,0.0012920564834702098,7.747001600721532,56,56,1,False,False,1.8999366342898026e-05,2.1609170446938697e-07,1.7208588747472407e-05,0.001222544060492786,9.609562232311928,58,58,1,False,False
3,power,power_c_1.7,42003,16,7.780101560309677e-06,0.0,6.70290289193854e-06,0.00047093119845799446,6.222531728593938,56,56,1,False,False,1.8022773404282635e-05,1.8022602070945678e-07,1.564892315406041e-05,0.0010994588843562052,6.5922115991080155,56,56,1,False,False,1.6401446113441785e-05,1.7386619124775254e-07,1.4610668518016165e-05,0.0010379808756341622,8.158840358142632,58,58,1,False,False
3,power,power_c_1.7,42003,17,6.863356269846681e-06,6.004457363313907e-23,5.786157601475544e-06,0.00040652269287786926,5.371486032585761,56,56,1,False,False,1.5845346637941094e-05,1.5216186763715468e-07,1.347149638771887e-05,0.0009464776741016169,5.674956281028155,56,56,1,False,False,1.4344213616379279e-05,1.4663906587195892e-07,1.2553436020953658e-05,0.0008918295899451529,7.0100475084233125,58,58,1,False,False
3,power,power_c_1.7,42003,18,6.103729894419243e-06,0.0,5.026531226048106e-06,0.0003531530163171983,4.666299145773052,56,56,1,False,False,1.4022160561880032e-05,1.3469493274154785e-07,1.1648310311657808e-05,0.0008183846347642902,4.906927178985857,56,56,1,False,False,1.2626430696832097e-05,1.2968442128408043e-07,1.0835653101406476e-05,0.0007697937079605351,6.050808949746287,58,58,1,False,False
3,power,power_c_1.7,42003,19,5.46774001535032e-06,0.0,4.390541346979183e-06,0.0003084697677627108,4.075888205114704,56,56,1,False,False,1.247510430106426e-05,1.0496580935657858e-07,1.0101254050842036e-05,0.0007096918682520173,4.255219574148127,56,56,1,False,False,1.117139930173559e-05,1.0078358496279493e-07,9.38062170630997e-06,0.0006664243953452259,5.238295213359786,58,58,1,False,False
3,power,power_c_1.7,42003,20,4.930308980549373e-06,1.2008914726627814e-22,3.853110312178236e-06,0.00027071104659554,3.576972776994456,56,56,1,False,False,1.1249630275050512e-05,9.549986152074874e-08,8.875780024828288e-06,0.0006235927614838315,3.738980596605618,56,56,1,False,False,1.0024545800064442e-05,9.165147492783943e-08,8.233768204638821e-06,0.0005849488625576024,4.597873139395557,58,58,1,False,False
3,power,power_c_1.7,42003,21,4.4723686452585e-06,6.004457363313907e-23,3.395169976887363e-06,0.00023853716695002776,3.1518512569471486,56,56,1,False,False,1.0150904351417004e-05,7.785429503130638e-08,7.77705410119478e-06,0.0005463986973096522,3.2761350891728505,56,56,1,False,False,8.997158067951808e-06,7.449664755066692e-08,7.206380472526188e-06,0.0005119604967973981,4.0241627385412,58,58,1,False,False
3,power,power_c_1.7,42003,22,4.079221858040429e-06,0.0,3.002023189669292e-06,0.00021091553932698893,2.7868797816179414,56,56,1,False,False,9.25593940360378e-06,6.449359644931535e-08,6.882089153381556e-06,0.0004835204306472381,2.8991252303035124,56,56,1,False,False,8.163271190497748e-06,6.152966416816362e-08,6.372493595072128e-06,0.000452718948050173,3.5585064339369046,58,58,1,False,False
3,power,power_c_1.7,42003,23,3.7394002123565455e-06,6.004457363313907e-23,2.6622015439854084e-06,0.0001870404187346337,2.4714118408733268,56,56,1,False,False,8.454308005793016e-06,5.949090082503779e-08,6.080457755570792e-06,0.0004271995737023152,2.56143274201967,56,56,1,False,False,7.418194619809458e-06,5.667350025590892e-08,5.6274170243838385e-06,0.00039978672045881436,3.1424432820460613,58,58,1,False,False
3,power,power_c_1.7,42003,24,3.44385401187455e-06,3.0022286816569535e-23,2.366655343503413e-06,0.00016627599343465145,2.197046295166796,56,56,1,False,False,7.735020554925186e-06,5.0525950603498245e-08,5.361170304702962e-06,0.0003766640211612851,2.2584281818960927,56,56,1,False,False,6.749782338002153e-06,4.7962078060744936e-08,4.959004742576534e-06,0.00035230092850484164,2.7691907444251393,58,58,1,False,False
3,power,power_c_1.7,42003,25,3.1853688181503867e-06,6.004457363313907e-23,2.1081701497792496e-06,0.0001481153928670126,1.9570857369950838,56,56,1,False,False,7.133378748501972e-06,4.3518492089050325e-08,4.759528498279748e-06,0.00033439399256187405,2.0049826217277995,56,56,1,False,False,6.1932805776841974e-06,4.1211159768214816e-08,4.402502982258578e-06,0.00031276555859657845,2.4584309037059517,58,58,1,False,False
3,power,power_c_1.7,42003,26,2.9581391860161374e-06,3.0022286816569535e-23,1.8809405176450003e-06,0.0001321507392368892,1.7461407750245592,56,56,1,False,False,6.6214614067430275e-06,3.806911696714281e-08,4.247611156520803e-06,0.00029842780729072676,1.7893340812560394,56,56,1,False,False,5.721260861987887e-06,3.59704299202448e-08,3.930483266562267e-06,0.0002792320185528153,2.194847242115566,58,58,1,False,False
3,power,power_c_1.7,42003,27,2.757453154886517e-06,0.0,1.6802544865153798e-06,0.00011805098056854937,1.5598371366872748,56,56,1,False,False,6.168909387546127e-06,3.560706365456365e-08,3.7950591373239026e-06,0.00026663249886975913,1.5986935725910403,56,56,1,False,False,5.304355195536927e-06,3.3589019386817044e-08,3.5135776001113075e-06,0.00024961392762247854,1.9620401824807416,58,58,1,False,False
3,power,power_c_1.7,42003,28,2.5794559028784743e-06,0.0,1.5022572345073372e-06,0.00010554528556419666,1.394596260297038,56,56,1,False,False,5.777999941992598e-06,3.128374602475204e-08,3.404149691770374e-06,0.0002391680619457994,1.4340204026988221,56,56,1,False,False,4.945410444187433e-06,2.945370735307595e-08,3.154632848761813e-06,0.00022411353475198015,1.761599462054941,58,58,1,False,False
3,power,power_c_1.7,42003,29,2.4209707329540864e-06,0.0,1.3437720645829493e-06,9.441046648452988e-05,1.247469110424083,56,56,1,False,False,5.4047738622281625e-06,2.995243004914713e-08,3.0309236120059383e-06,0.00021294601936621308,1.2767964667199219,56,56,1,False,False,4.602499407083163e-06,2.816799500165587e-08,2.8117218116575434e-06,0.00019975221972254046,1.5701122343946192,58,58,1,False,False
3,power,power_c_1.7,42003,30,2.2793620898174623e-06,0.0,1.2021634214463253e-06,8.44613550175347e-05,1.116009011841939,56,56,1,False,False,5.099637975592942e-06,2.735247909624525e-08,2.725787725370718e-06,0.00019150784383207398,1.148255971544771,56,56,1,False,False,4.323653022229048e-06,2.570303468885279e-08,2.532875426803428e-06,0.0001799422285259436,1.4143997743066645,58,58,1,False,False
3,power,power_c_1.7,42003,31,2.1524297406961186e-06,0.0,1.0752310723249815e-06,7.554336765318023e-05,0.9981734139635257,56,56,1,False,False,4.805229762884992e-06,2.4193711496118896e-08,2.431379512662768e-06,0.00017082337104742747,1.0242345794285712,56,56,1,False,False,4.054295923733701e-06,2.268191980032716e-08,2.263518328308081e-06,0.0001608063815515411,1.2639862895817071,58,58,1,False,False
3,power,power_c_1.7,42003,32,2.038326307559579e-06,3.0022286816569535e-23,9.61127639188442e-07,6.752671167867876e-05,0.8922473332071517,56,56,1,False,False,4.551903400928624e-06,2.2672377072327542e-08,2.1780531507064e-06,0.00015302521864086417,0.9175191866051808,56,56,1,False,False,3.822945067043499e-06,2.1204781532031846e-08,2.0321674716178793e-06,0.00014437059940304464,1.1347961225385372,58,58,1,False,False
3,power,power_c_1.7,42003,33,1.9354924700599546e-06,3.0022286816569535e-23,8.582938016888175e-07,6.0301832679763856e-05,0.796783199692094,56,56,1,False,False,4.322910163054129e-06,2.026046541997641e-08,1.949059912831905e-06,0.00013693665795461136,0.8210542820253497,56,56,1,False,False,3.6140091176353823e-06,1.8911275543949936e-08,1.8232315222097624e-06,0.0001295272320752135,1.0181228126077984,58,58,1,False,False
3,power,power_c_1.7,42003,34,1.8426056646024547e-06,1.5011143408284767e-23,7.654069962313176e-07,5.377581025034088e-05,0.7105532328485993,56,56,1,False,False,4.11241885417485e-06,1.877850340413368e-08,1.738568603952626e-06,0.0001221480020612478,0.732383436482513,56,56,1,False,False,3.422131549433941e-06,1.750569628410725e-08,1.6313539540083213e-06,0.00011589573766339392,0.9109751865197935,58,58,1,False,False
3,power,power_c_1.7,42003,35,1.758539181343015e-06,3.0022286816569535e-23,6.813405129718779e-07,4.786948423760236e-05,0.6325114697757215,56,56,1,False,False,3.915006135279558e-06,1.7475663479389128e-08,1.5411558850573337e-06,0.00010827821910317721,0.6492220328190714,56,56,1,False,False,3.2421354181914843e-06,1.626414017796644e-08,1.4513578227658644e-06,0.0001031083322351326,0.81046235248488,58,58,1,False,False
3,power,power_c_1.7,42003,36,1.6823293385058192e-06,1.5011143408284767e-23,6.051306701346821e-07,4.251514848185393e-05,0.5617632920487337,56,56,1,False,False,3.746069691357939e-06,1.6253830635214088e-08,1.3722194411357149e-06,9.640911652451355e-05,0.5780564469082483,56,56,1,False,False,3.088515939833003e-06,1.510443973695052e-08,1.2977383444073833e-06,9.219479460580514e-05,0.7246786802126288,58,58,1,False,False
3,power,power_c_1.7,42003,37,1.6131489808865378e-06,0.0,5.359503125154007e-07,3.765468887970406e-05,0.4975408234822891,56,56,1,False,False,3.587889374016564e-06,1.4939731755231454e-08,1.2140391237943397e-06,8.529571571609219e-05,0.5114219499232058,56,56,1,False,False,2.944565893718736e-06,1.3872448557776694e-08,1.153788298293116e-06,8.196819924303845e-05,0.6442945797626485,58,58,1,False,False
3,power,power_c_1.7,42003,38,1.5502859675377406e-06,0.0,4.730872991666035e-07,3.3238071976207766e-05,0.4391829595203385,56,56,1,False,False,3.4454207248147376e-06,1.3845835454553126e-08,1.0715704745925134e-06,7.528618211655294e-05,0.4514060962742701,56,56,1,False,False,2.8149987624811263e-06,1.2843391768526228e-08,1.0242211670555064e-06,7.276340452953268e-05,0.5719421382486509,58,58,1,False,False
3,power,power_c_1.7,42003,39,1.4931256245638518e-06,0.0,4.159269561927147e-07,2.9222112136876366e-05,0.3861190775715029,56,56,1,False,False,3.3077682622262567e-06,1.2573596138723024e-08,9.339180120040325e-07,6.561502318398788e-05,0.3934190928499408,56,56,1,False,False,2.6894988090507594e-06,1.1631955831119008e-08,8.987212136251395e-07,6.384755297947737e-05,0.5018608764822845,58,58,1,False,False
3,power,power_c_1.7,42003,40,1.4411363722233919e-06,1.5011143408284767e-23,3.639377038522548e-07,2.5569461739527844e-05,0.3378556941613893,56,56,1,False,False,3.1946296959733113e-06,1.2055996477316909e-08,8.207794457510871e-07,5.766615663224382e-05,0.34575872916762584,56,56,1,False,False,2.5863763537070697e-06,1.1136825210523464e-08,7.955987582814498e-07,5.6521458601030574e-05,0.4442755819113078,58,58,1,False,False
3,power,power_c_1.7,42003,41,1.3938579120680266e-06,0.0,3.166592436968895e-07,2.2247781228686443e-05,0.29396549865376187,56,56,1,False,False,3.0906139246806738e-06,1.1444415383480343e-08,7.167636744584496e-07,5.035823756746266e-05,0.3019414027449081,56,56,1,False,False,2.491500363186952e-06,1.0552367779107179e-08,7.007227677613321e-07,4.978121508682745e-05,0.3912952504829552,58,58,1,False,False
3,power,power_c_1.7,42003,42,1.3508914946099782e-06,0.0,2.736928262388411e-07,1.9229055343324062e-05,0.2540783183966424,56,56,1,False,False,2.9936651724455687e-06,1.0913119912012995e-08,6.198149222233445e-07,4.354683170120804e-05,0.2611011044885083,56,56,1,False,False,2.4027211957148562e-06,1.0049891337965513e-08,6.119436002892363e-07,4.3474106149469244e-05,0.3417194864691133,58,58,1,False,False
3,power,power_c_1.7,42003,43,1.3118918918196077e-06,1.5011143408284767e-23,2.3469322344847063e-07,1.6489029122215663e-05,0.2178736665199903,56,56,1,False,False,2.9037993556339533e-06,1.0610169405750546e-08,5.299491054117291e-07,3.723305728230681e-05,0.2232445392720619,56,56,1,False,False,2.320172183670946e-06,9.748312137476906e-09,5.293945882453262e-07,3.7609604076999595e-05,0.2956227448889337,58,58,1,False,False
3,power,power_c_1.7,42003,44,1.2765607795131166e-06,3.0022286816569535e-23,1.993621111419795e-07,1.4006742965070118e-05,0.1850745985821174,56,56,1,False,False,2.825549457851227e-06,1.0069758781739193e-08,4.516992076290029e-07,3.173539175796302e-05,0.19028125619411673,56,56,1,False,False,2.247950386340948e-06,9.234138856833106e-09,4.5717279091532796e-07,3.247877489283005e-05,0.25529289180473036,58,58,1,False,False
3,power,power_c_1.7,42003,45,1.2446412982310647e-06,1.5011143408284767e-23,1.6744262985992757e-07,1.1764150491830978e-05,0.15544266324903866,56,56,1,False,False,2.75488763151913e-06,9.55393339766352e-09,3.81037381296906e-07,2.6770847426009986e-05,0.1605144980233002,56,56,1,False,False,2.1825472655611467e-06,8.75241520136668e-09,3.9176967013552685e-07,2.7832362684345935e-05,0.21877070113914043,58,58,1,False,False
3,power,power_c_1.7,42003,46,1.215913611899715e-06,1.5011143408284767e-23,1.3871494352857793e-07,9.74580650400167e-06,0.12877377924940503,56,56,1,False,False,2.6900440224984534e-06,8.851066453191484e-09,3.161937722762292e-07,2.221507823156513e-05,0.13319870208604323,56,56,1,False,False,2.1220466531806525e-06,8.094005803759767e-09,3.3126905775503267e-07,2.353423775339752e-05,0.1849861527200416,58,58,1,False,False
3,power,power_c_1.7,42003,47,1.190191324736311e-06,0.0,1.1299265636517396e-07,7.93861524429968e-06,0.10489490906634091,56,56,1,False,False,2.6330565237637164e-06,8.51048753695942e-09,2.5920627354149226e-07,1.8211262047900925e-05,0.10919234417471246,56,56,1,False,False,2.068495680456562e-06,7.768917625533458e-09,2.777180850309421e-07,1.9729833766634568e-05,0.1550823986967158,58,58,1,False,False
3,power,power_c_1.7,42003,48,1.16731865110286e-06,0.0,9.011998273172281e-08,6.331631556814911e-06,0.08366143161687689,56,56,1,False,False,2.582326730728411e-06,8.23854701447215e-09,2.084764805061869e-07,1.4647098488202823e-05,0.08782208586521856,56,56,1,False,False,2.0202839230962913e-06,7.511155474882954e-09,2.2950632767067144e-07,1.6304741885385707e-05,0.1281601513537609,58,58,1,False,False
3,power,power_c_1.7,42003,49,1.1471682624297592e-06,1.5011143408284767e-23,6.996959405862209e-08,4.915909616604423e-06,0.06495514347824538,56,56,1,False,False,2.5348457451682213e-06,7.895583680341581e-09,1.6099549494599709e-07,1.1311188988347287e-05,0.06782040902998232,56,56,1,False,False,1.9746318715745575e-06,7.192078048889033e-09,1.838542761489376e-07,1.3061498336701104e-05,0.1026672863333653,58,58,1,False,False
3,power,power_c_1.7,42003,50,1.1296397617058839e-06,1.5011143408284767e-23,5.244109333474679e-08,3.684395750724878e-06,0.04868284270537071,56,56,1,False,False,2.4919569674979324e-06,7.661976426617388e-09,1.1810671727570826e-07,8.29791790352239e-06,0.049753229911891905,56,56,1,False,False,1.9328060092850597e-06,6.9646992023481316e-09,1.4202841385943978e-07,1.0090077480093945e-05,0.07931102903132059,58,58,1,False,False
3,power,power_c_1.7,42003,51,1.114658760995034e-06,1.5011143408284767e-23,3.746009262389687e-08,2.6318636265693024e-06,0.0347754724581506,56,56,1,False,False,2.4582416813323134e-06,7.384647771279825e-09,8.439143111008922e-08,5.9291561332415026e-06,0.03555044430548593,56,56,1,False,False,1.8989478596247793e-06,6.711867100223851e-09,1.0817026419915947e-07,7.684704188078274e-06,0.06040407500935374,58,58,1,False,False
3,power,power_c_1.7,42003,52,1.1021765626135501e-06,1.5011143408284767e-23,2.4977894242413034e-08,1.7548918521083753e-06,0.02318782502784078,56,56,1,False,False,2.43144916815069e-06,7.171414058174038e-09,5.759891792846572e-08,4.046773149967445e-06,0.024263922260080895,56,56,1,False,False,1.8708163062945172e-06,6.505955742035874e-09,8.00387108688973e-08,5.686163579023417e-06,0.044694947643609595,58,58,1,False,False
3,power,power_c_1.7,42003,53,1.0921704717711774e-06,3.0022286816569535e-23,1.4971803400040277e-08,1.0518859413491103e-06,0.013898832072155809,56,56,1,False,False,2.4062238816678783e-06,6.779883254426695e-09,3.2373631445654164e-08,2.274500063767166e-06,0.013637604748919507,56,56,1,False,False,1.8435983449472568e-06,6.136872799793375e-09,5.282074952163691e-08,3.7525269820826674e-06,0.029495985239352374,58,58,1,False,False
3,power,power_c_1.7,42003,54,1.0846447997744943e-06,1.5011143408284767e-23,7.446131403357167e-09,5.231487971989035e-07,0.006912495922982043,56,56,1,False,False,2.3873612245442273e-06,6.1469595920815984e-09,1.3510974322003128e-08,9.492513068402757e-07,0.005691586619980926,56,56,1,False,False,1.8215090279087284e-06,5.537151522046834e-09,3.073143248310849e-08,2.1832429610579023e-06,0.01716094313532235,58,58,1,False,False
3,power,power_c_1.7,42003,55,1.0796326550829364e-06,1.5011143408284767e-23,2.433986711799276e-09,1.7100654711811934e-07,0.0022595522843338323,56,56,1,False,False,2.378669361111241e-06,5.949203289104903e-09,4.819110889016996e-09,3.385801201440939e-07,0.002030082094928165,56,56,1,False,False,1.8080952175265534e-06,5.354304215852979e-09,1.7317622100933507e-08,1.2302900808449231e-06,0.009670448270723275,58,58,1,False,False
3,power,power_c_1.7,42003,56,1.077198668371137e-06,3.0022286816569535e-23,0.0,0.0,0.0,56,56,1,False,False,2.373850250222224e-06,6.059758751624924e-09,0.0,0.0,0.0,56,56,1,False,False,1.7975529901662557e-06,5.443501637247584e-09,6.775394740635848e-09,4.81342120449886e-07,0.0037834931361342417,58,58,1,False,False
3,power,power_c_1.7,42003,57,1.077442862673672e-06,0.0,2.4419430253499703e-10,1.715655401896499e-08,0.00022669383996198889,56,56,1,False,False,2.375271838983127e-06,5.942235602867865e-09,1.4215887609028905e-09,9.987769622793933e-08,0.0005988535969232434,56,56,1,False,False,1.7919240211726414e-06,5.327783639518538e-09,1.1464257470214732e-09,8.144514395597765e-08,0.0006401832086517789,58,58,1,False,False
3,power,power_c_1.7,42003,58,1.080505968584387e-06,0.0,3.307300213249909e-09,2.3236363083215043e-07,0.0030702787799123943,56,56,1,False,False,2.3827521876089817e-06,5.713381459190291e-09,8.901937386757539e-09,6.254305201386161e-07,0.0037499995570167144,56,56,1,False,False,1.7907775954256199e-06,5.108703727307096e-09,0.0,0.0,0.0,58,58,1,False,False
3,power,power_c_1.7,42003,59,1.086576609281258e-06,0.0,9.377940910120901e-09,6.588734796058247e-07,0.008705860103133567,56,56,1,False,False,2.3959957773715216e-06,5.705374697507958e-09,2.214552714929744e-08,1.5558959765694192e-06,0.009328948676195603,56,56,1,False,False,1.7938385456639538e-06,5.0902852553713556e-09,3.0609502383339293e-09,2.1745807214370026e-07,0.0017092855339226887,58,58,1,False,False
3,power,power_c_1.7,42003,60,1.0959009592292668e-06,1.5011143408284767e-23,1.8702290858129685e-08,1.3139817762124553e-06,0.0173619699014389,56,56,1,False,False,2.414261529576467e-06,5.906872539810931e-09,4.041127935424274e-08,2.839207508198053e-06,0.01702351669001012,56,56,1,False,False,1.8003409784242717e-06,5.263490614765682e-09,9.563382998651872e-09,6.794082451959811e-07,0.005340352159352912,58,58,1,False,False
3,power,power_c_1.7,42003,61,1.1087957427100858e-06,3.0022286816569535e-23,3.159707433894872e-08,2.219940871305689e-06,0.02933263405043718,56,56,1,False,False,2.4397232262433245e-06,5.9114369002659264e-09,6.587297602110032e-08,4.628090253391657e-06,0.027749423543011575,56,56,1,False,False,1.812068479329238e-06,5.2629726649626824e-09,2.129088390361811e-08,1.51256120074535e-06,0.011889183759057342,58,58,1,False,False
3,power,power_c_1.7,42003,62,1.1256658303756185e-06,0.0,4.846716200448137e-08,3.4051960854272613e-06,0.04499370768603894,56,56,1,False,False,2.478371536801157e-06,5.784347255899692e-09,1.0452128657893298e-07,7.343435455731757e-06,0.04403027805530213,56,56,1,False,False,1.8341332154751864e-06,5.1308001028313405e-09,4.3355620049566495e-08,3.0800989295746117e-06,0.02421049948375198,58,58,1,False,False
3,power,power_c_1.7,42003,63,1.1470282904097756e-06,1.5011143408284767e-23,6.982962203863851e-08,4.906075490676576e-06,0.0648252027123557,56,56,1,False,False,2.52859734652369e-06,5.725876368070708e-09,1.5474709630146594e-07,1.0872190257565833e-05,0.06518823008611419,56,56,1,False,False,1.8649621388548462e-06,5.07795308360239e-09,7.418454342922633e-08,5.270267904048255e-06,0.04142588315753115,58,58,1,False,False
3,power,power_c_1.7,42003,64,1.173545684796873e-06,1.5011143408284767e-23,9.634701642573582e-08,6.769129233215196e-06,0.08944219785513186,56,56,1,False,False,2.58925508109735e-06,5.674132551753723e-09,2.1540483087512568e-07,1.5133869129995249e-05,0.09074069893623693,56,56,1,False,False,1.9030369433495088e-06,5.0144596254838675e-09,1.1225934792388889e-07,7.975203606356251e-06,0.0626874873857286,58,58,1,False,False
3,power,power_c_1.7,42003,65,1.206072894515933e-06,0.0,1.2887422614479588e-07,9.054419368316849e-06,0.11963830807521347,56,56,1,False,False,2.6640118126163667e-06,5.8092067139401165e-09,2.9016156239414254e-07,2.038611248404919e-05,0.12223246279624411,56,56,1,False,False,1.951460823664809e-06,5.130479758017576e-09,1.606832282391889e-07,1.141536526831583e-05,0.08972818771557112,58,58,1,False,False
3,power,power_c_1.7,42003,66,1.245724209955308e-06,0.0,1.6852554158417084e-07,1.184023348517636e-05,0.15644796687226048,56,56,1,False,False,2.748031750683785e-06,5.871058469672474e-09,3.7418150046156093e-07,2.628916833408143e-05,0.15762641321900261,56,56,1,False,False,2.0051913991750535e-06,5.1707472596422385e-09,2.1441380374943358e-07,1.5232528716222446e-05,0.11973223492249074,58,58,1,False,False
3,power,power_c_1.7,42003,67,1.2939715724330975e-06,0.0,2.167729040619604e-07,1.522998693982197e-05,0.20123762721480976,56,56,1,False,False,2.852913511637215e-06,6.314426717828987e-09,4.790632614149909e-07,3.3657929925657914e-05,0.20180854347073662,56,56,1,False,False,2.0740864100408446e-06,5.549413235331151e-09,2.833088146152247e-07,2.0127014113459342e-05,0.1582043551018908,58,58,1,False,False
3,power,power_c_1.7,42003,68,1.3527921138131195e-06,1.5011143408284767e-23,2.755934454419824e-07,1.9362588663674574e-05,0.25584272756177384,56,56,1,False,False,2.9790887506913238e-06,6.4449901594669e-09,6.052385004690996e-07,4.252272440372481e-05,0.2549606911440354,56,56,1,False,False,2.1574905331016752e-06,5.646398754681862e-09,3.6671293767605537e-07,2.605226555417406e-05,0.2047786048992295,58,58,1,False,False
3,power,power_c_1.7,42003,69,1.4248963425925095e-06,1.5011143408284767e-23,3.476976742213724e-07,2.4428473015632882e-05,0.32277952473440763,56,56,1,False,False,3.1378564419426434e-06,6.623579880125919e-09,7.640061917204192e-07,5.3677392809754634e-05,0.3218426232441991,56,56,1,False,False,2.2645497669823376e-06,5.808074607714958e-09,4.7377217155671767e-07,3.3658039183980634e-05,0.26456226209604483,58,58,1,False,False
3,power,power_c_1.7,42003,70,1.5140934068968167e-06,1.5011143408284767e-23,4.3689473852567963e-07,3.069526235585765e-05,0.4055841799232083,56,56,1,False,False,3.331605714177011e-06,6.791221521569248e-09,9.577554639547868e-07,6.728979007175746e-05,0.40346077595464513,56,56,1,False,False,2.3956369722305254e-06,5.9385293286373245e-09,6.048593768049055e-07,4.297082401105192e-05,0.3377635382249389,58,58,1,False,False
3,power,power_c_1.7,42003,71,1.6259000284006697e-06,4.5033430224854296e-23,5.487013600295326e-07,3.855054940226167e-05,0.5093780526662177,56,56,1,False,False,3.576027036921787e-06,7.281983057432568e-09,1.2021767866995628e-06,8.4462294030799e-05,0.5064248625569465,56,56,1,False,False,2.5622410974436527e-06,6.3667358112802035e-09,7.714635020180328e-07,5.480682559850469e-05,0.4307980533086113,58,58,1,False,False
3,power,power_c_1.7,42003,72,1.7686062982939023e-06,0.0,6.914076299227652e-07,4.8576777708376035e-05,0.6418571153344095,56,56,1,False,False,3.887506044551459e-06,8.016198811464828e-09,1.5136557943292349e-06,0.00010634612327946139,0.6376374390876327,56,56,1,False,False,2.7756065434386918e-06,7.013380961465773e-09,9.84828948013072e-07,6.996487618263191e-05,0.549944867820956,58,58,1,False,False
3,power,power_c_1.7,42003,73,1.9552551764377375e-06,0.0,8.780565080666004e-07,6.169031691552026e-05,0.8151295892282662,56,56,1,False,False,4.29595565158869e-06,8.555151656464576e-09,1.9221054013664656e-06,0.00013504289332861097,0.8096995171395209,56,56,1,False,False,3.0564532623212846e-06,7.462974877864322e-09,1.2656756668956648e-06,8.99169764458933e-05,0.7067743477072301,58,58,1,False,False
3,power,power_c_1.7,42003,74,2.2076016594285267e-06,3.0022286816569535e-23,1.1304029910573896e-06,7.941962518350016e-05,1.049391374356881,56,56,1,False,False,4.8483507728861826e-06,9.510879374959744e-09,2.4745005226639584e-06,0.00017385295826448274,1.0423995879404409,56,56,1,False,False,3.4375497396882814e-06,8.286893506676864e-09,1.6467721442626615e-06,0.0001169910870378021,0.9195849604491326,58,58,1,False,False
3,power,power_c_1.7,42003,75,2.5648231315920673e-06,0.0,1.4876244632209302e-06,0.00010451721927265644,1.381012163216289,56,56,1,False,False,5.632010655037378e-06,1.0961518086799543e-08,3.2581604048151535e-06,0.0002289111760895929,1.3725214572865942,56,56,1,False,False,3.979980343537393e-06,9.531002129650921e-09,2.189202748111773e-06,0.00015552680444592772,1.2224872333135584,58,58,1,False,False
3,power,power_c_1.7,42003,76,3.105295444392778e-06,0.0,2.0280967760216407e-06,0.0001424896139356786,1.882750912687614,56,56,1,False,False,6.818050814475229e-06,1.3372451048477334e-08,4.444200564253005e-06,0.0003122397462192793,1.872148659687766,56,56,1,False,False,4.802245970528803e-06,1.1620828645775173e-08,3.011468375103183e-06,0.00021394274855252254,1.6816540383326815,58,58,1,False,False
4,power,power_c_2.5,42004,0,0.0129615969392423,0.0,0.012961596036893668,0.9999999303829121,14364288.424899535,64,64,1,False,False,0.0129615969392423,0.0,0.012961594662747768,0.9999998243661994,5693663.865186721,64,64,1,False,False,0.012866200239568802,1.2297128680066881e-19,0.012866198297307016,0.9999998490415392,6624337.870292487,65,65,1,False,False
4,power,power_c_2.5,42004,1,0.0004674399384732002,1.15285581375627e-20,0.00046743903612456633,0.0360633831090177,518024.8726189635,64,64,1,False,False,0.0017486120293309488,0.00019155871488026887,0.0017486097528364155,0.13490696871944502,768115.0678667482,64,64,1,False,False,0.0017351730870834936,0.00019028602285698368,0.0017351711448217084,0.13486274988052424,893376.5561880902,65,65,1,False,False
4,power,power_c_2.5,42004,2,7.279173255622946e-05,9.607131781302251e-22,7.279083020759558e-05,0.005615884412144877,80668.18907283079,64,64,1,False,False,0.00026591616710317916,2.44231902886127e-05,0.000265913890608646,0.020515519179860456,116808.49074543577,64,64,1,False,False,0.0002634148272361473,2.425597644363011e-05,0.00026341288497436216,0.020473246185323646,135621.72050650683,65,65,1,False,False
4,power,power_c_2.5,42004,3,2.0292581843342077e-05,0.0,2.0291679494708194e-05,0.0015655231056655886,22487.626991148092,64,64,1,False,False,7.510338292976508e-05,5.988694929104776e-06,7.510110643523191e-05,0.005794124503891733,32989.80311232581,64,64,1,False,False,7.427163966583013e-05,5.943637149927491e-06,7.4269697404045e-05,0.005772465531481117,38238.76779761394,65,65,1,False,False
4,power,power_c_2.5,42004,4,7.710082920228158e-06,0.0,7.709180571594276e-06,0.0005947708918685859,8543.461232305994,64,64,1,False,False,2.4111719754439432e-05,1.2129263271599477e-06,2.4109443259906274e-05,0.0018600673491792476,10590.600112902881,64,64,1,False,False,2.3778724473235836e-05,1.2023600941245073e-06,2.37767822114507e-05,0.001848003432927106,12241.800973172982,65,65,1,False,False
4,power,power_c_2.5,42004,5,3.546217359164533e-06,3.0022286816569535e-23,3.545315010530651e-06,0.0002735245531202192,3928.985845835136,64,64,1,False,False,1.1365860128625871e-05,8.22612557433685e-07,1.136358363409271e-05,0.000876711695893623,4991.702579807787,64,64,1,False,False,1.1190123175457213e-05,8.158168857072987e-07,1.1188180913672076e-05,0.0008695792623578068,5760.387708437088,65,65,1,False,False
4,power,power_c_2.5,42004,6,1.8562902552982774e-06,1.5011143408284767e-23,1.8553879066643955e-06,0.0001431450087023657,2056.176334730543,64,64,1,False,False,5.836090278331847e-06,2.9363107885274386e-07,5.8338137837986865e-06,0.00045008449276310507,2562.6302628106787,64,64,1,False,False,5.732974424831215e-06,2.9088796091598867e-07,5.7310321630460775e-06,0.0004454331548036087,2950.700161482556,65,65,1,False,False
4,power,power_c_2.5,42004,7,1.0666638441900537e-06,0.0,1.0657614955561718e-06,8.222455153882244e-05,1181.0972561362141,64,64,1,False,False,3.230156327779628e-06,1.5299702651538502e-07,3.227879833246468e-06,0.00024903411580974225,1417.9167954187706,64,64,1,False,False,3.1653353621005527e-06,1.515029374532879e-07,3.163393100315415e-06,0.0002458684803137677,1628.7161311222346,65,65,1,False,False
4,power,power_c_2.5,42004,8,6.57623368067693e-07,7.505571704142384e-24,6.567210194338111e-07,5.066667498705612e-05,727.7907837113921,64,64,1,False,False,2.0282755542825234e-06,9.59412476072227e-08,2.0259990597493635e-06,0.00015630782759611084,889.9643861376396,64,64,1,False,False,1.98375313771e-06,9.496813495052807e-08,1.9818108759248626e-06,0.0001540323358119352,1020.3623894009478,65,65,1,False,False
4,power,power_c_2.5,42004,9,4.283633055273748e-07,3.752785852071192e-24,4.2746095689349293e-07,3.297903482859583e-05,473.7204012317925,64,64,1,False,False,1.3143820161616368e-06,8.405437278978562e-08,1.312105521628477e-06,0.00010123023634965608,576.3710399985845,64,64,1,False,False,1.2829406688958089e-06,8.329324741778587e-08,1.2809984071106716e-06,9.956307093457788e-05,659.5395208376124,65,65,1,False,False
4,power,power_c_2.5,42004,10,2.9162563846348015e-07,3.752785852071192e-24,2.907232898295983e-07,2.242958882245517e-05,322.1851055272376,64,64,1,False,False,8.136844550679566e-07,1.8118320635324563e-08,8.114079605347966e-07,6.260092520530339e-05,356.42868836961776,64,64,1,False,False,7.912703411614997e-07,1.785293688297011e-08,7.893280793763624e-07,6.134896587019198e-05,406.3963392661599,65,65,1,False,False
4,power,power_c_2.5,42004,11,2.0586349944713123e-07,1.876392926035596e-24,2.0496115081324932e-07,1.5812955129989623e-05,227.1418641501208,64,64,1,False,False,5.857719575260341e-07,1.5021576955548182e-08,5.834954629928742e-07,4.501725101683217e-05,256.3131404418285,64,64,1,False,False,5.685823199489566e-07,1.4806754255792355e-08,5.666400581638193e-07,4.404097928004964e-05,291.74237093057883,65,65,1,False,False
4,power,power_c_2.5,42004,12,1.4979126090716838e-07,0.0,1.4888891227328647e-07,1.1486926570175396e-05,165.00153785656795,64,64,1,False,False,4.2724338977212836e-07,1.1622386406347244e-08,4.249668952389684e-07,3.278661550972521e-05,186.67600077610845,64,64,1,False,False,4.1384996453731195e-07,1.1467663566257709e-08,4.1190770275217464e-07,3.201471258665716e-05,212.0763050090351,65,65,1,False,False
4,power,power_c_2.5,42004,13,1.1182858206355826e-07,1.876392926035596e-24,1.1092623342967637e-07,8.558068419319387e-06,122.93057169319616,64,64,1,False,False,3.0293304692983594e-07,5.432269850313516e-09,3.00656552396676e-07,2.319594983596609e-05,132.0699645956738,64,64,1,False,False,2.924713809146997e-07,5.337092149115329e-09,2.905291191295624e-07,2.258080192441488e-05,149.58288391027688,65,65,1,False,False
4,power,power_c_2.5,42004,14,8.535107087029845e-08,9.38196463017798e-25,8.444872223641656e-08,6.515302291243226e-06,93.58768780212878,64,64,1,False,False,2.2587683024633322e-07,3.46306284799556e-09,2.236003357131733e-07,1.7250986646267707e-05,98.22133655765974,64,64,1,False,False,2.1747347192997838e-07,3.3959947061475586e-09,2.1553121014484107e-07,1.675173758620629e-05,110.96918643724595,65,65,1,False,False
4,power,power_c_2.5,42004,15,6.640458845317169e-08,9.38196463017798e-25,6.550223981928979e-08,5.053562468138195e-06,72.59083391914666,64,64,1,False,False,1.7844006335452013e-07,2.8155017727598057e-09,1.761635688213602e-07,1.3591193249344957e-05,77.38369947975832,64,64,1,False,False,1.7146037690075462e-07,2.7612058771416063e-09,1.6951811511561731e-07,1.3175460661204395e-05,87.27871619202583,65,65,1,False,False
4,power,power_c_2.5,42004,16,5.2540998953904854e-08,4.69098231508899e-25,5.1638650320022955e-08,3.983972851654004e-06,57.22693910210045,64,64,1,False,False,1.410470542785938e-07,2.0700908367971354e-09,1.387705597454339e-07,1.0706285683463479e-05,60.95800263258761,64,64,1,False,False,1.352160678164834e-07,2.028482159398071e-09,1.3327380603134609e-07,1.0358443328238814e-05,68.61783877497425,65,65,1,False,False
4,power,power_c_2.5,42004,17,4.219567706866932e-08,0.0,4.129332843478742e-08,3.1858210549479806e-06,45.76205568921156,64,64,1,False,False,1.1442154138192466e-07,1.6613571537360843e-09,1.1214504684876474e-07,8.652101077856879e-06,49.262163917037874,64,64,1,False,False,1.0946731183899557e-07,1.6278101027626772e-09,1.0752505005385826e-07,8.357172129435307e-06,55.360740182743335,65,65,1,False,False
4,power,power_c_2.5,42004,18,3.434042195665678e-08,4.69098231508899e-25,3.343807332277488e-08,2.5797803680762793e-06,37.05671185972153,64,64,1,False,False,9.2663136682855e-08,1.2300333432446705e-09,9.038664214969509e-08,6.9734186746728785e-06,39.70430889822192,64,64,1,False,False,8.844118848415696e-08,1.2030301814407295e-09,8.649892669901965e-08,6.722958222972486e-06,44.535153479789145,65,65,1,False,False
4,power,power_c_2.5,42004,19,2.828270635912341e-08,2.345491157544495e-25,2.738035772524151e-08,2.1124216293399176e-06,30.343435671256426,64,64,1,False,False,7.621099863572336e-08,9.710629065693481e-10,7.393450410256344e-08,5.704119982216131e-06,32.477347529553484,64,64,1,False,False,7.257550792343237e-08,9.48842707514595e-10,7.063324613829506e-08,5.489829539654535e-06,36.366491210813436,65,65,1,False,False
4,power,power_c_2.5,42004,20,2.35457514651088e-08,0.0,2.26434028312269e-08,1.7469608827807426e-06,25.09385173424058,64,64,1,False,False,6.306902160411558e-08,7.921382666846704e-10,6.079252707095566e-08,4.690203480012658e-06,26.70444676472456,64,64,1,False,False,5.991596975039788e-08,7.733016957897061e-10,5.7973707965260565e-08,4.5058919405721525e-06,29.848555127269755,65,65,1,False,False
4,power,power_c_2.5,42004,21,1.9794799337036168e-08,4.69098231508899e-25,1.889245070315427e-08,1.4575712230300745e-06,20.936974905008782,64,64,1,False,False,5.293560052186736e-08,6.787599662175138e-10,5.0659105988707434e-08,3.908400039452918e-06,22.253119983727476,64,64,1,False,False,5.0171168216233384e-08,6.62104439178268e-10,4.8228906431096066e-08,3.748496489489768e-06,24.831311000482003,65,65,1,False,False
4,power,power_c_2.5,42004,22,1.6790607714295667e-08,2.345491157544495e-25,1.5888259080413767e-08,1.2257948734936168e-06,17.607672338420425,64,64,1,False,False,4.49974386306382e-08,5.329803031492444e-10,4.2720944097478277e-08,3.295963012716211e-06,18.766108802457268,64,64,1,False,False,4.255268892287115e-08,5.195482394851211e-10,4.0610427137733835e-08,3.1563652346121777e-06,20.908832912481312,65,65,1,False,False
4,power,power_c_2.5,42004,23,1.435943013418304e-08,2.345491157544495e-25,1.345708150030114e-08,1.0382271230452105e-06,14.913394884202187,64,64,1,False,False,3.80837232990558e-08,4.4290674147023344e-10,3.580722876589588e-08,2.7625630494253797e-06,15.729108172376371,64,64,1,False,False,3.591845255567911e-08,4.313409127448887e-10,3.3976190770541796e-08,2.640732317071452e-06,17.493105734013966,65,65,1,False,False
4,power,power_c_2.5,42004,24,1.2373228149880158e-08,0.0,1.1470879515998259e-08,8.849896791088472e-07,12.712247888768447,64,64,1,False,False,3.245040187754844e-08,3.801739157204443e-10,3.017390734438852e-08,2.3279467403460552e-06,13.25454856353429,64,64,1,False,False,3.052271945243666e-08,3.700624764473908e-10,2.8580457667299344e-08,2.221359619400513e-06,14.715038871692943,65,65,1,False,False
4,power,power_c_2.5,42004,25,1.073637775260525e-08,1.1727455787722475e-25,9.83402911872335e-09,7.587050550036793e-07,10.89825899820717,64,64,1,False,False,2.802954133012731e-08,2.875307807682791e-10,2.5753046796967385e-08,1.9868729846858543e-06,11.312588904494524,64,64,1,False,False,2.6298263147127005e-08,2.7940697700045575e-10,2.4356001361989688e-08,1.8930220973154975e-06,12.540019861569656,65,65,1,False,False
4,power,power_c_2.5,42004,26,9.376582234465396e-09,1.1727455787722475e-25,8.474233600583497e-09,6.53795488341954e-07,9.39130761923736,64,64,1,False,False,2.439879523135563e-08,2.4065320576526883e-10,2.2122300698195707e-08,1.7067573387673106e-06,9.717704293139027,64,64,1,False,False,2.2835465401157466e-08,2.3370698648541044e-10,2.089320361602015e-08,1.6238829823093414e-06,10.757151160518257,65,65,1,False,False
4,power,power_c_2.5,42004,27,8.238560778959904e-09,0.0,7.336212145078006e-09,5.659960095555062e-07,8.130130494593494,64,64,1,False,False,2.1309202204811353e-08,1.8135706832988565e-10,1.903270767165143e-08,1.4683921866161678e-06,8.360533001251177,64,64,1,False,False,1.989084738469824e-08,1.7576281185429952e-10,1.7948585599560924e-08,1.395018363258619e-06,9.241074368505876,65,65,1,False,False
4,power,power_c_2.5,42004,28,7.279600216524814e-09,5.863727893861237e-26,6.377251582642916e-09,4.920112554445558e-07,7.067392073513776,64,64,1,False,False,1.8964094765649976e-08,1.6094519188286129e-10,1.668760023249005e-08,1.2874648325135748e-06,7.330393282046048,64,64,1,False,False,1.7666180376156564e-08,1.5577309724234323e-10,1.5723918591019247e-08,1.2221105142341713e-06,8.09567418323456,65,65,1,False,False
4,power,power_c_2.5,42004,29,6.4663772251152185e-09,0.0,5.56402859123332e-09,4.292702988154003e-07,6.166162813697517,64,64,1,False,False,1.6811607694583126e-08,1.3710904086074005e-10,1.4535113161423203e-08,1.121398329970974e-06,6.3848662712348,64,64,1,False,False,1.5621222432104358e-08,1.3264349927247066e-10,1.3678960646967041e-08,1.0631701972816084e-06,7.04279966358909,65,65,1,False,False
4,power,power_c_2.5,42004,30,5.77265950212781e-09,0.0,4.870310868245912e-09,3.7574929162475687e-07,5.397371576098987,64,64,1,False,False,1.4925495187378956e-08,1.223481835610672e-10,1.2649000654219034e-08,9.758828880045748e-07,5.556350111968595,64,64,1,False,False,1.3832641828113676e-08,1.1826744314843076e-10,1.1890380042976359e-08,9.241563026827922e-07,6.121924518087409,65,65,1,False,False
4,power,power_c_2.5,42004,31,5.1776233166349636e-09,5.863727893861237e-26,4.275274682753065e-09,3.2984166247365086e-07,4.7379411041615445,64,64,1,False,False,1.3328338728201475e-08,1.059280579514073e-10,1.1051844195041552e-08,8.52660690410854e-07,4.854764214918132,64,64,1,False,False,1.2320253839813697e-08,1.0227002497239624e-10,1.037799205467638e-08,8.066089335964032e-07,5.343250911947826,65,65,1,False,False
4,power,power_c_2.5,42004,32,4.6646087526545385e-09,5.863727893861237e-26,3.76226011877264e-09,2.9026208239681396e-07,4.169408560621871,64,64,1,False,False,1.2018966326308536e-08,9.209507153686236e-11,9.742471793148614e-09,7.516413169470252e-07,4.279593757523954,64,64,1,False,False,1.1084479071771284e-08,8.884292569862042e-11,9.142217286633967e-09,7.105607806816133e-07,4.706995399174586,65,65,1,False,False
4,power,power_c_2.5,42004,33,4.220189410767095e-09,5.863727893861237e-26,3.317840776885196e-09,2.5597469142402973e-07,3.6768945530641117,64,64,1,False,False,1.0905784657212315e-08,8.579121169167343e-11,8.629290124052393e-09,6.657582522047501e-07,3.7906043692863056,64,64,1,False,False,1.0035873246218309e-08,8.277782499988747e-11,8.093611461080991e-09,6.290599641213295e-07,4.167106372073721,65,65,1,False,False
4,power,power_c_2.5,42004,34,3.833470513634489e-09,0.0,2.93112187975259e-09,2.261389467279589e-07,3.24832528104234,64,64,1,False,False,9.87958705043491e-09,7.54347763469465e-11,7.603092517274987e-09,5.865860937440509e-07,3.339824632357627,64,64,1,False,False,9.068508648719936e-09,7.267646656062112e-11,7.126246863582619e-09,5.538734615420106e-07,3.6690455005161917,65,65,1,False,False
4,power,power_c_2.5,42004,35,3.4955546173778415e-09,2.9318639469306186e-26,2.5932059834959426e-09,2.000684017294812e-07,2.873840427219339,64,64,1,False,False,8.966036509239216e-09,6.539666579080084e-11,6.6895419760792935e-09,5.161047676020657e-07,2.9385275820512393,64,64,1,False,False,8.208493230017001e-09,6.289483971187249e-11,6.266231444879684e-09,4.870304618459514e-07,3.226254819422638,65,65,1,False,False
4,power,power_c_2.5,42004,36,3.1991315021382432e-09,2.9318639469306186e-26,2.2967828682563444e-09,1.7719906574957947e-07,2.545338666248762,64,64,1,False,False,8.198640199721184e-09,6.045944477607469e-11,5.922145666561262e-09,4.5689938472253203e-07,2.601431973720111,64,64,1,False,False,7.487993569095308e-09,5.810498711493004e-11,5.545731783957991e-09,4.310310488486421e-07,2.8552957311909997,65,65,1,False,False
4,power,power_c_2.5,42004,37,2.938160902843248e-09,5.863727893861237e-26,2.0358122689613492e-09,1.5706492637475557e-07,2.2561260609475258,64,64,1,False,False,7.460378220230805e-09,5.23375342042395e-11,5.183883687070882e-09,3.999417441670515e-07,2.277134256885437,64,64,1,False,False,6.793943180939859e-09,5.022910521276865e-11,4.851681395802542e-09,3.770873533338652e-07,2.4979544121852406,65,65,1,False,False
4,power,power_c_2.5,42004,38,2.707625244721814e-09,0.0,1.8052766108399153e-09,1.3927887275790007e-07,2.000642039068232,64,64,1,False,False,6.863077666650698e-09,4.544920786409653e-11,4.5865831334907756e-09,3.538594167825508e-07,2.0147569285502733,64,64,1,False,False,6.234171446005187e-09,4.3557184200536904e-11,4.291909660867871e-09,3.33580200910328e-07,2.2097482912502624,65,65,1,False,False
4,power,power_c_2.5,42004,39,2.5033355921109903e-09,0.0,1.6009869582290915e-09,1.2351772437715385e-07,1.7742443420584069,64,64,1,False,False,6.352520613387885e-09,4.028198228941318e-11,4.076026080227963e-09,3.144694360837173e-07,1.7904835794049423,64,64,1,False,False,5.757309147781187e-09,3.854456009503152e-11,3.81504736264387e-09,2.9651702069046357e-07,1.9642292258631597,65,65,1,False,False
4,power,power_c_2.5,42004,40,2.321778356913765e-09,0.0,1.4194297230318663e-09,1.0951040444209663e-07,1.5730391444440799,64,64,1,False,False,5.821078375295441e-09,3.587241338806075e-11,3.544583842135518e-09,2.734681427566999e-07,1.5570359561616889,64,64,1,False,False,5.2593497050639666e-09,3.4243975907744815e-11,3.3170879199266498e-09,2.5781410658643836e-07,1.707848007570274,65,65,1,False,False
4,power,power_c_2.5,42004,41,2.1599934551054844e-09,2.9318639469306186e-26,1.2576448212235856e-09,9.702853954792888e-08,1.3937460245417612,64,64,1,False,False,5.434564513136408e-09,3.2076671649126934e-11,3.158069979976485e-09,2.436482167112579e-07,1.3872512909542891,64,64,1,False,False,4.8995273240490164e-09,3.060497428818261e-11,2.9572655389116996e-09,2.2984762275165784e-07,1.5225885416381306,65,65,1,False,False
4,power,power_c_2.5,42004,42,2.0154768955182995e-09,0.0,1.1131282616364006e-09,8.587894430402424e-08,1.2335900114878315,64,64,1,False,False,5.0625652415525156e-09,2.963233164155155e-11,2.7860707083925926e-09,2.1494810565799453e-07,1.2238424770233665,64,64,1,False,False,4.552732666320729e-09,2.8227838318229528e-11,2.610470881183412e-09,2.0289369297666855e-07,1.344036576922535,65,65,1,False,False
4,power,power_c_2.5,42004,43,1.8861024766392237e-09,2.9318639469306186e-26,9.837538427573249e-10,7.589758016459602e-08,1.0902148081337715,64,64,1,False,False,4.749780643422866e-09,2.7800277651649383e-11,2.473286110262943e-09,1.908164651205027e-07,1.0864450031557338,64,64,1,False,False,4.262065091639332e-09,2.6479405596350645e-11,2.319803306502015e-09,1.8030212986796802e-07,1.1943824072809046,65,65,1,False,False
4,power,power_c_2.5,42004,44,1.770058523337547e-09,2.9318639469306186e-26,8.677098894556483e-10,6.694467460476149e-08,0.961612681478516,64,64,1,False,False,4.474558282600387e-09,2.4493194200320477e-11,2.1980637494404637e-09,1.6958278827400077e-07,0.965547563336077,64,64,1,False,False,4.0065498788459224e-09,2.3329433376137088e-11,2.0642880937086056e-09,1.6044271465324157e-07,1.062826911132714,65,65,1,False,False
4,power,power_c_2.5,42004,45,1.665796535470114e-09,2.9318639469306186e-26,7.634479015882152e-10,5.8900759309743225e-08,0.8460675540714975,64,64,1,False,False,4.205978562860884e-09,2.308586665768099e-11,1.9294840297009608e-09,1.4886159774489586e-07,0.8475680488556725,64,64,1,False,False,3.756742776626352e-09,2.1980309108064667e-11,1.814480991489035e-09,1.410269510580729e-07,0.9342103136528284,65,65,1,False,False
4,power,power_c_2.5,42004,46,1.5719893289943126e-09,4.3977959203959274e-26,6.696406951124138e-10,5.166344072041166e-08,0.7421086151941332,64,64,1,False,False,3.9811967656553634e-09,2.1330197658210083e-11,1.7047022324954405e-09,1.3151946017811388e-07,0.748827729504451,64,64,1,False,False,3.5483998050938434e-09,2.0282616498712324e-11,1.6061380199565266e-09,1.2483390511963265e-07,0.8269420900143867,65,65,1,False,False
4,power,power_c_2.5,42004,47,1.487496788403408e-09,0.0,5.851481545215094e-10,4.5144757799860693e-08,0.6484723670541899,64,64,1,False,False,3.773092333082102e-09,1.8942212490300227e-11,1.4965977999221794e-09,1.1546399775718272e-07,0.6574133072240695,64,64,1,False,False,3.3551350170896024e-09,1.7975376206150752e-11,1.4128732319522856e-09,1.0981278121314523e-07,0.7274370750451624,65,65,1,False,False
4,power,power_c_2.5,42004,48,1.411337761034038e-09,0.0,5.089891271521392e-10,3.926901365148401e-08,0.5640714775202471,64,64,1,False,False,3.577600090100275e-09,1.739906233134645e-11,1.301105556940352e-09,1.0038157821442108e-07,0.571539064991442,64,64,1,False,False,3.1737627556656e-09,1.649331169945899e-11,1.2315009705282832e-09,9.571598044470943e-08,0.6340550897680441,65,65,1,False,False
4,power,power_c_2.5,42004,49,1.342666941240251e-09,0.0,4.403183073583522e-10,3.397099211018145e-08,0.48796916272162494,64,64,1,False,False,3.399378662539304e-09,1.603929034784898e-11,1.122884129379381e-09,8.663161913172573e-08,0.49325140606454454,64,64,1,False,False,3.0083822273201856e-09,1.5190033298906846e-11,1.0661204421828688e-09,8.286210554256062e-08,0.5489066666198628,65,65,1,False,False
4,power,power_c_2.5,42004,50,1.2807558392815925e-09,1.4659319734653093e-26,3.7840720539969377e-10,2.9194489473286648e-08,0.41935809640647226,64,64,1,False,False,3.236958703782082e-09,1.4759165504512324e-11,9.60464170622159e-10,7.410075896699693e-08,0.4219048878140603,64,64,1,False,False,2.8574361235047925e-09,1.3957709583445473e-11,9.151743383674757e-10,7.113011777579383e-08,0.47119000403067357,65,65,1,False,False
4,power,power_c_2.5,42004,51,1.2249771236893809e-09,1.4659319734653093e-26,3.2262848980748214e-10,2.489110649866745e-08,0.3575430578528569,64,64,1,False,False,3.1018098502343725e-09,1.3770610500097478e-11,8.253153170744496e-10,6.367389149216171e-08,0.3625377988186329,64,64,1,False,False,2.7320486403758225e-09,1.3016860397721034e-11,7.897868552385057e-10,6.138462331789223e-08,0.40663254628297607,65,65,1,False,False
4,power,power_c_2.5,42004,52,1.1747917801915044e-09,1.4659319734653093e-26,2.724431463096057e-10,2.101925770309688e-08,0.3019267011438327,64,64,1,False,False,2.977000372724906e-09,1.276042567323921e-11,7.00505839564983e-10,5.404471708606707e-08,0.30771250682189666,64,64,1,False,False,2.61613284260845e-09,1.2041575395467767e-11,6.738710574711331e-10,5.237529689602571e-08,0.3469517150714525,65,65,1,False,False
4,power,power_c_2.5,42004,53,1.1297386552663242e-09,2.9318639469306186e-26,2.2739002138442548e-10,1.7543364637113772e-08,0.25199796713404976,64,64,1,False,False,2.859315772752714e-09,1.2170413984122003e-11,5.82821239592791e-10,4.4965234015899054e-08,0.2560169730712232,64,64,1,False,False,2.5066978142442815e-09,1.1482603343257336e-11,5.644360291069647e-10,4.3869675475055504e-08,0.2906075964765271,65,65,1,False,False
4,power,power_c_2.5,42004,54,1.0894260562185666e-09,1.4659319734653093e-26,1.870774223366679e-10,1.4433207822585165e-08,0.20732277449333725,64,64,1,False,False,2.7563450573257865e-09,1.2063817238572136e-11,4.798505241658635e-10,3.702094166445468e-08,0.21078483483103283,64,64,1,False,False,2.4106580665475685e-09,1.1375851053632486e-11,4.683962814102517e-10,3.640517578529071e-08,0.241160221034332,65,65,1,False,False
4,power,power_c_2.5,42004,55,1.0535251691157375e-09,0.0,1.5117653523383875e-10,1.1663418940002628e-08,0.16753672533805264,64,64,1,False,False,2.666708374876592e-09,1.1175658538535391e-11,3.902138417166692e-10,3.0105383121061625e-08,0.17140996212937387,64,64,1,False,False,2.3268820246259795e-09,1.0527858332853532e-11,3.846202394886627e-10,2.9893848403338144e-08,0.19802698196086377,65,65,1,False,False
4,power,power_c_2.5,42004,56,1.0217651370664134e-09,0.0,1.1941650318451467e-10,9.213101112793546e-09,0.13233965088503052,64,64,1,False,False,2.5787759716511262e-09,1.1243297280904673e-11,3.0228143849120325e-10,2.33213114023027e-08,0.13278373134136934,64,64,1,False,False,2.244309066339106e-09,1.05749833719141e-11,3.020472812017893e-10,2.3476028320534837e-08,0.15551316692380612,65,65,1,False,False
4,power,power_c_2.5,42004,57,9.939297201583698e-10,1.4659319734653093e-26,9.158108627647109e-11,7.065571218250261e-09,0.10149190993118684,64,64,1,False,False,2.502865253891119e-09,9.566258191361052e-12,2.2637072073119604e-10,1.746472458542821e-08,0.09943828875221539,64,64,1,False,False,2.1727012037706876e-09,8.973649432187445e-12,2.3043941863337085e-10,1.7910448643934193e-08,0.11864488113639071,65,65,1,False,False
4,power,power_c_2.5,42004,58,9.698555415598666e-10,0.0,6.750690767796784e-11,5.208224572512753e-09,0.07481244514944674,64,64,1,False,False,2.443207424707161e-09,9.133084886188535e-12,1.6671289154723801e-10,1.2862064167610476e-08,0.0732322828449008,64,64,1,False,False,2.1160949386673785e-09,8.553839662661565e-12,1.738331535300617e-10,1.3510838498802e-08,0.08950037263785826,65,65,1,False,False
4,power,power_c_2.5,42004,59,9.494320201133142e-10,1.4659319734653093e-26,4.7083386231415496e-11,3.6325297301034467e-09,0.052178708387758066,64,64,1,False,False,2.390357248752007e-09,8.602358087418894e-12,1.1386271559208394e-10,8.784620917146035e-09,0.050016687469938814,64,64,1,False,False,2.065420348597784e-09,8.040691226635987e-12,1.231585634604671e-10,9.572256079281619e-09,0.06340986802237869,65,65,1,False,False
4,power,power_c_2.5,42004,60,9.326032095963459e-10,1.4659319734653093e-26,3.025457571444715e-11,2.3341703847346876e-09,0.033528698973358084,64,64,1,False,False,2.346050533563737e-09,8.513098904502763e-12,6.955600040381415e-11,5.36631409924711e-09,0.030553994042439303,64,64,1,False,False,2.022276920431805e-09,7.94612784141701e-12,8.001513529448813e-11,6.219018342992131e-09,0.041196884944544765,65,65,1,False,False
4,power,power_c_2.5,42004,61,9.193719254766707e-10,1.4659319734653093e-26,1.7023291594771944e-11,1.313363752519763e-09,0.018865537061365956,64,64,1,False,False,2.3137496669478034e-09,8.446960908715271e-12,3.725513378788042e-11,2.8742703512934767e-09,0.01636513211220758,64,64,1,False,False,1.9899446204052595e-09,7.883673984042847e-12,4.768283526794272e-11,3.7060541869462435e-09,0.0245501588059982,65,65,1,False,False
4,power,power_c_2.5,42004,62,9.098067675321847e-10,0.0,7.458133650285939e-12,5.754023740474313e-10,0.008265246236591528,64,64,1,False,False,2.2909430228177128e-09,8.161180456018675e-12,1.4448489657789778e-11,1.1147152411479318e-09,0.006346815003212214,64,64,1,False,False,1.9660522510316304e-09,7.614062373528898e-12,2.379046589431364e-11,1.8490669701492968e-09,0.012248846204133912,65,65,1,False,False
4,power,power_c_2.5,42004,63,9.04052983336815e-10,7.329659867326547e-27,1.7043494549162508e-12,1.3149224303960514e-10,0.0018887926361501606,64,64,1,False,False,2.2807206744759072e-09,8.251805036333521e-12,4.226141315984244e-12,3.260509747212748e-10,0.001856424979030491,64,64,1,False,False,1.953186942954903e-09,7.694993487857026e-12,1.0925157817586142e-11,8.491363117439161e-10,0.005624966676061938,65,65,1,False,False
4,power,power_c_2.5,42004,64,9.023486338818987e-10,1.4659319734653093e-26,0.0,0.0,0.0,64,64,1,False,False,2.276494533159923e-09,7.868090272241567e-12,0.0,0.0,0.0,64,64,1,False,False,1.9451432300959892e-09,7.333820494537707e-12,2.8814449586724228e-12,2.239546179151485e-10,0.001483551280636819,65,65,1,False,False
4,power,power_c_2.5,42004,65,9.050483402808725e-10,1.4659319734653093e-26,2.6997063989737915e-12,2.0828501392449631e-10,0.0029918662228807236,64,64,1,False,False,2.2788365951302104e-09,7.739977908749854e-12,2.3420619702874427e-12,1.8069239317237658e-10,0.0010288019304121043,64,64,1,False,False,1.942261785137317e-09,7.214329909659324e-12,0.0,0.0,0.0,65,65,1,False,False
4,power,power_c_2.5,42004,66,9.126582265925318e-10,7.329659867326547e-27,1.0309592710633098e-11,7.953952556123666e-10,0.011425287658807903,64,64,1,False,False,2.296201964124833e-09,8.175121411714974e-12,1.9707430964909964e-11,1.5204477548012695e-09,0.008656919960863929,64,64,1,False,False,1.9524788699262204e-09,7.624389147715323e-12,1.0217084788903645e-11,7.941027341920229e-10,0.005260405609113672,65,65,1,False,False
4,power,power_c_2.5,42004,67,9.258879285392267e-10,0.0,2.353929465732799e-11,1.8160798216198837e-09,0.02608669617646786,64,64,1,False,False,2.3282773083004135e-09,8.261708883320806e-12,5.178277514049048e-11,3.995092223838088e-09,0.022746716228047692,64,64,1,False,False,1.975100375169838e-09,7.695678706501748e-12,3.2838590032521213e-11,2.552314546724462e-09,0.01690739646107975,65,65,1,False,False
4,power,power_c_2.5,42004,68,9.45729478107946e-10,0.0,4.338084422604717e-11,3.3468749591115652e-09,0.04807548058162725,64,64,1,False,False,2.3737234870295034e-09,8.356468156169973e-12,9.722895386958044e-11,7.501309778829164e-09,0.042709943930601124,64,64,1,False,False,2.008710095403717e-09,7.768951659992067e-12,6.644831026640017e-11,5.1645636651949945e-09,0.03421181983545152,65,65,1,False,False
4,power,power_c_2.5,42004,69,9.735800330647422e-10,1.4659319734653093e-26,7.123139918284348e-11,5.495572769060929e-09,0.07893999781038774,64,64,1,False,False,2.437601028905011e-09,8.241489911186236e-12,1.6110649574508818e-10,1.242952519664649e-08,0.07076955090309922,64,64,1,False,False,2.0575760081881465e-09,7.647094719525518e-12,1.1531422305082973e-10,8.962570215267718e-09,0.05937110225472364,65,65,1,False,False
4,power,power_c_2.5,42004,70,1.0114390181050175e-09,0.0,1.0909038422311873e-10,8.41643084061954e-09,0.12089604851930957,64,64,1,False,False,2.53364146074464e-09,8.261565221830905e-12,2.5714692758471684e-10,1.9839139327514756e-08,0.11295741054461494,64,64,1,False,False,2.133990768583352e-09,7.652121269766889e-12,1.917289834460354e-10,1.4901756530758066e-08,0.09871428502233548,65,65,1,False,False
4,power,power_c_2.5,42004,71,1.0622374356463419e-09,0.0,1.5988880176444313e-10,1.2335578903890047e-08,0.17719182559916158,64,64,1,False,False,2.653862576609514e-09,8.435189843435276e-12,3.7736804344959117e-10,2.911431710293956e-08,0.16576716436291172,64,64,1,False,False,2.2296308830893302e-09,7.79421975214122e-12,2.8736909795201344e-10,2.2335195520137833e-08,0.14795590385963164,65,65,1,False,False
4,power,power_c_2.5,42004,72,1.1304148819461964e-09,0.0,2.2806624806429765e-10,1.759553619306031e-08,0.2527473744634132,64,64,1,False,False,2.82617366079152e-09,9.026985010416343e-12,5.496791276315972e-10,4.2408287359052065e-08,0.2414585757289769,64,64,1,False,False,2.3692302635257126e-09,8.327681930323352e-12,4.269684783883958e-10,3.3185281624585164e-08,0.2198305509873426,65,65,1,False,False
4,power,power_c_2.5,42004,73,1.2229918638923082e-09,1.4659319734653093e-26,3.206432300104095e-10,2.4737941745406057e-08,0.35534295500731705,64,64,1,False,False,3.052294117138794e-09,9.655977053144049e-12,7.75799583978871e-10,5.9853703800191e-08,0.34078693037844054,64,64,1,False,False,2.5524562131757453e-09,8.903075245930237e-12,6.101944280384285e-10,4.742615664894071e-08,0.31416693295815845,65,65,1,False,False
4,power,power_c_2.5,42004,74,1.351715157500281e-09,1.4659319734653093e-26,4.4936652361838225e-10,3.466907092735527e-08,0.4979965688929011,64,64,1,False,False,3.377395934589522e-09,1.029970699523003e-11,1.1009014014295991e-09,8.49356299682896e-08,0.48359501215295086,64,64,1,False,False,2.8183280384201298e-09,9.488218594069736e-12,8.76066253282813e-10,6.809051910979535e-08,0.4510546724374107,65,65,1,False,False
4,power,power_c_2.5,42004,75,1.5377783536093914e-09,0.0,6.354297197274926e-10,4.902403019520511e-08,0.7041953584989402,64,64,1,False,False,3.843110806256433e-09,1.1764767754946324e-11,1.5666162730965103e-09,1.2086599208724433e-07,0.6881704525430794,64,64,1,False,False,3.199847791135651e-09,1.0832501732343194e-11,1.257586005998334e-09,9.774338830284526e-08,0.6474853264486298,65,65,1,False,False
4,power,power_c_2.5,42004,76,1.8236240471371804e-09,1.4659319734653093e-26,9.212754132552817e-10,7.107730764764368e-08,1.0209750185933788,64,64,1,False,False,4.550860248919708e-09,1.3580272407464947e-11,2.2743657157597847e-09,1.7546956030348046e-07,0.9990648704096894,64,64,1,False,False,3.780114686453448e-09,1.2488591952654027e-11,1.8378529013161315e-09,1.428434865846395e-07,0.9462436605507307,65,65,1,False,False
5,exponential,exponential_alpha_0.02,42005,0,0.30629166492428356,3.935081177621402e-18,0.19768979838890527,0.6454298991053998,1.8203167652234185,55,55,1,False,False,0.30629166492428367,3.935081177621402e-18,0.08794982813163285,0.2871440466830018,0.40280795207908215,47,47,1,False,False,0.24414652214480373,5.902621766432102e-18,0.0633479074959391,0.25946676176024885,0.35037827927481247,46,46,1,False,False
5,exponential,exponential_alpha_0.02,42005,1,0.29800688297203004,3.935081177621402e-18,0.18940501643665175,0.6183812298107211,1.7440309497346518,55,55,1,False,False,0.3034311216270622,5.061435939264519e-05,0.08508928483441139,0.2778047677381157,0.38970673730851124,47,47,1,False,False,0.2421394886397296,4.353051592297509e-05,0.061340873990864964,0.2512461510898918,0.33927734518318764,46,46,1,False,False
5,exponential,exponential_alpha_0.02,42005,2,0.28999265908209926,3.935081177621402e-18,0.18139079254672097,0.5922158952368536,1.6702364179682938,55,55,1,False,False,0.30060412366064276,7.489642047793499e-05,0.08226228686799195,0.268575009667101,0.37675915929072556,47,47,1,False,False,0.24014917406968864,6.476547484484039e-05,0.05935055942082401,0.2430940195233381,0.3282688837859229,46,46,1,False,False
5,exponential,exponential_alpha_0.02,42005,3,0.28224035028164396,3.935081177621402e-18,0.17363848374626567,0.5669056772706816,1.59885358590684,55,55,1,False,False,0.29775455027849246,9.001136499162858e-05,0.07941271348584164,0.25927154598043906,0.36370818644919733,47,47,1,False,False,0.23813187227756394,7.776552348324602e-05,0.05733325762869931,0.2348313509651178,0.3171111556360553,46,46,1,False,False
5,exponential,exponential_alpha_0.02,42005,4,0.27474162082526804,3.935081177621402e-18,0.16613975428988975,0.5424233608543024,1.5298056984662214,55,55,1,False,False,0.294891855646767,9.589768543268618e-05,0.07655001885411619,0.24992524322540613,0.35059711862189835,47,47,1,False,False,0.2360944292228848,8.289531624517207e-05,0.05529581457402016,0.22648618578815602,0.3058420258441257,46,46,1,False,False
5,exponential,exponential_alpha_0.02,42005,5,0.2674884323952318,0.0,0.1588865658598535,0.5187427019900488,1.4630187392598302,55,55,1,False,False,0.29206245286390414,0.00010159731616125916,0.07372061607125333,0.24068763376070748,0.3376385266066182,47,47,1,False,False,0.23407674525139563,8.790361417250898e-05,0.053278130602531004,0.21822195186106993,0.2946821838541427,46,46,1,False,False
5,exponential,exponential_alpha_0.02,42005,6,0.26047303471048433,3.935081177621402e-18,0.15187116817510604,0.49583839708027694,1.3984213441270112,55,55,1,False,False,0.2893101048625356,0.00011368268635391225,0.0709682680698848,0.23170159751956812,0.32503284350987705,47,47,1,False,False,0.2321156851498808,9.855098335030435e-05,0.051317070501016165,0.2101896437033001,0.2838355293854484,46,46,1,False,False
5,exponential,exponential_alpha_0.02,42005,7,0.25368795653589193,3.935081177621402e-18,0.14508609000051365,0.47368605357373816,1.335944718346532,55,55,1,False,False,0.2865688973956958,0.00012457562725371702,0.06822706060304498,0.22275193358562642,0.3124781837749082,47,47,1,False,False,0.23015551428677797,0.00010828753379283825,0.04935689963791334,0.20216097777808884,0.27299379330848916,46,46,1,False,False
5,exponential,exponential_alpha_0.02,42005,8,0.24712599708397803,1.967540588810701e-18,0.13852413054859974,0.452262161893447,1.2755225574642761,55,55,1,False,False,0.2838090436869225,0.000137077116184447,0.06546720689427168,0.21374139224603256,0.29983812473118876,47,47,1,False,False,0.2281663869126298,0.00011930054750566793,0.04736777226376518,0.19401370884845645,0.2619918983105032,46,46,1,False,False
5,exponential,exponential_alpha_0.02,42005,9,0.24078021780247025,3.935081177621402e-18,0.13217835126709193,0.43154406862415573,1.2170909716734317,55,55,1,False,False,0.28100477976297916,0.0001461838446957516,0.06266294297032834,0.2045858576850886,0.2869946680435618,47,47,1,False,False,0.22613071436842092,0.00012732095288839142,0.04533209971955629,0.18567579550721489,0.25073256124001486,46,46,1,False,False
5,exponential,exponential_alpha_0.02,42005,10,0.23464393454199636,1.967540588810701e-18,0.12604206800661805,0.41150995094096376,1.1605884136950668,55,55,1,False,False,0.27843341275288425,0.00015220607954679043,0.06009157596023343,0.19619069939460568,0.2752178732347097,47,47,1,False,False,0.22428759440144744,0.0001323973245769477,0.04348897975258281,0.17812655847208597,0.24053823552267972,46,46,1,False,False
5,exponential,exponential_alpha_0.02,42005,11,0.2287107100993711,0.0,0.1201088435639928,0.39213879226417786,1.1059556101171242,55,55,1,False,False,0.2758651888446266,0.00016476871710496875,0.05752335205197576,0.1878058028976914,0.26345547375147826,47,47,1,False,False,0.22243769408497255,0.0001434147247108362,0.04163907943610792,0.17054954979621503,0.23030640758490684,46,46,1,False,False
5,exponential,exponential_alpha_0.02,42005,12,0.22297434713309505,3.935081177621402e-18,0.11437248059771675,0.3734103591293941,1.0531354961607278,55,55,1,False,False,0.27327207576820056,0.0001743797691821031,0.054930238975549744,0.17933964670285327,0.2515790825178157,47,47,1,False,False,0.22055612146750597,0.00015183509171250696,0.03975750681864135,0.1628428145089902,0.2198993996489178,46,46,1,False,False
5,exponential,exponential_alpha_0.02,42005,13,0.21742888144895914,3.935081177621402e-18,0.10882701491358084,0.3553051792659238,1.002073153854397,55,55,1,False,False,0.27077011175476184,0.0001772209240044724,0.05242827496211103,0.17117107961482228,0.2401201516496343,47,47,1,False,False,0.21874661075235616,0.00015456759133390403,0.03794799610349153,0.1554312376441902,0.20989096723551603,46,46,1,False,False
5,exponential,exponential_alpha_0.02,42005,14,0.21206857565502193,3.935081177621402e-18,0.10346670911964363,0.3378045208811705,0.9527157536094295,55,55,1,False,False,0.26831890473246356,0.0001797548339786733,0.04997706793981274,0.16316822709546222,0.22889368649615993,47,47,1,False,False,0.21697526724840244,0.0001569582995793454,0.03617665259953781,0.14817598990036554,0.20009363827149773,46,46,1,False,False
5,exponential,exponential_alpha_0.02,42005,15,0.2068879131867297,0.0,0.09828604665135139,0.32089037315347146,0.9050124992035342,55,55,1,False,False,0.2657595713876057,0.00019119239151792701,0.04741773459495488,0.15481235706063598,0.21717200556476635,47,47,1,False,False,0.21509687375829042,0.0001669160609983159,0.0342982591094258,0.14048227600425717,0.189704214139238,46,46,1,False,False
5,exponential,exponential_alpha_0.02,42005,16,0.20188159270459977,3.935081177621402e-18,0.09327972616922146,0.3045454279413074,0.8589145761950097,55,55,1,False,False,0.26331083854127674,0.00019114876899327708,0.04496900174862592,0.1468175823842363,0.20595687207363245,47,47,1,False,False,0.21331156318817715,0.0001668945562440519,0.032512948539312525,0.13316982053927862,0.17982963311116662,46,46,1,False,False
5,exponential,exponential_alpha_0.02,42005,17,0.19704452286871096,3.935081177621402e-18,0.08844265633333266,0.28875306272273527,0.8143751038065397,55,55,1,False,False,0.26101596103357183,0.00019967389623371765,0.04267412424092101,0.13932512414750234,0.19544639207852166,47,47,1,False,False,0.21164744671457483,0.0001743387392619615,0.030848832065710208,0.1263537641032368,0.17062537854962456,46,46,1,False,False
5,exponential,exponential_alpha_0.02,42005,18,0.1923718174962712,0.0,0.08376995096089289,0.2734973247855149,0.771349090336342,55,55,1,False,False,0.2586165979639117,0.0002018977900631447,0.04027476117126086,0.13149153497603963,0.1844573708954731,47,47,1,False,False,0.20988452490972026,0.0001767391490017828,0.029085910260855635,0.11913301080571909,0.1608746301366546,46,46,1,False,False
5,exponential,exponential_alpha_0.02,42005,19,0.18785879111080178,1.967540588810701e-18,0.07925692457542348,0.2587629166958105,0.729793392175305,55,55,1,False,False,0.25626533149571307,0.0002103407464584615,0.03792349470306225,0.12381497456823405,0.17368863091078812,47,47,1,False,False,0.20815737917325755,0.00018421538475978601,0.027358764524392926,0.112058792744819,0.15132175972436146,46,46,1,False,False
5,exponential,exponential_alpha_0.02,42005,20,0.18350095489402812,1.967540588810701e-18,0.07489908835864982,0.24453518308167202,0.6896666765322177,55,55,1,False,False,0.25397122739121963,0.00021190744693974097,0.035629390598568816,0.11632504138621115,0.1631816930825054,47,47,1,False,False,0.2064711294960648,0.00018557733134463261,0.02567251484720018,0.10515208089662553,0.14199508606335098,46,46,1,False,False
5,exponential,exponential_alpha_0.02,42005,21,0.1792940130544509,0.0,0.07069214651907259,0.23080009877692215,0.6509293879957745,55,55,1,False,False,0.2517794620347184,0.00021867375004258721,0.03343762524206759,0.10916923008771225,0.15314346408939383,47,47,1,False,False,0.20486360143972923,0.00019175179080402842,0.024064986790864606,0.09856780501911726,0.13310382293361078,46,46,1,False,False
5,exponential,exponential_alpha_0.02,42005,22,0.17523385962984533,1.967540588810701e-18,0.06663199309446703,0.2175442583817575,0.6135437190921658,55,55,1,False,False,0.24956925487611897,0.0002252366902944741,0.031227418083468156,0.1019532088513988,0.14302077211672182,47,47,1,False,False,0.20323365398443338,0.000198000956796533,0.022435039335568757,0.09189170150153725,0.12408855775328065,46,46,1,False,False
5,exponential,exponential_alpha_0.02,42005,23,0.17131657574467554,3.935081177621402e-18,0.06271470920929724,0.20475486730858494,0.5774735850314985,55,55,1,False,False,0.2474525455286615,0.00022480566028114962,0.029110708736010682,0.09504244506035431,0.13332629771570437,47,47,1,False,False,0.20167769542592026,0.000197708463857304,0.020879080777055636,0.0855186491850669,0.11548252633243705,46,46,1,False,False
5,exponential,exponential_alpha_0.02,42005,24,0.16753842734770358,1.967540588810701e-18,0.058936560812325275,0.19241973439562782,0.5426846028758263,55,55,1,False,False,0.24536577053290431,0.00022916641817651872,0.027023933740253497,0.08822941279493814,0.12376892187600719,47,47,1,False,False,0.20013576064469882,0.00020173589305615692,0.019337145995834193,0.0792030368729369,0.10695406064581614,46,46,1,False,False
5,exponential,exponential_alpha_0.02,42005,25,0.1638958634599992,0.0,0.055293996924620906,0.18052726618691955,0.5091440754069199,55,55,1,False,False,0.24332533398098227,0.00022836355346786438,0.024983497188331455,0.0815676691512564,0.1144237749179382,47,47,1,False,False,0.19862395747604353,0.0002011949976289163,0.017825342827178903,0.07301084066479825,0.09859225338533784,46,46,1,False,False
5,exponential,exponential_alpha_0.02,42005,26,0.160385514969281,0.0,0.05178364843390269,0.1690664629959937,0.4768209800246257,55,55,1,False,False,0.24144639731371442,0.00022868360927699112,0.023104560521063605,0.07543320033463898,0.10581829328020609,47,47,1,False,False,0.19724997778079703,0.00020123283593226736,0.016451363131932406,0.06738315576813776,0.09099274993828455,46,46,1,False,False
5,exponential,exponential_alpha_0.02,42005,27,0.1570041940131366,0.0,0.048402327477758286,0.15802691689218354,0.4456859630675931,55,55,1,False,False,0.23942020489577945,0.0002316909098591192,0.02107836810312863,0.06881796182191009,0.0965383840896501,47,47,1,False,False,0.19573600170853125,0.0002037942289272608,0.01493738705966663,0.061182059561787405,0.08261892431353557,46,46,1,False,False
5,exponential,exponential_alpha_0.02,42005,28,0.15374889400140773,1.967540588810701e-18,0.04514702746602943,0.14739881177370576,0.41571134001939347,55,55,1,False,False,0.23749752122259005,0.00023320689157765485,0.01915568442993923,0.06254066507057768,0.08773254228932093,47,47,1,False,False,0.19430319288348874,0.0002054192294075532,0.013504578234624115,0.055313416369759,0.07469403601820646,46,46,1,False,False
5,exponential,exponential_alpha_0.02,42005,29,0.1506167903370705,0.0,0.04201492380169221,0.13717292572123518,0.38687110214634624,55,55,1,False,False,0.23559914269960583,0.00023335489639866638,0.01725730590695501,0.05634272127914769,0.07903801745216366,47,47,1,False,False,0.1928894466737857,0.0002056410941602473,0.012090832024921089,0.04952285176419591,0.06687458335011653,46,46,1,False,False
5,exponential,exponential_alpha_0.02,42005,30,0.14760524190556779,1.967540588810701e-18,0.03900337537018948,0.12734063586036945,0.3591409302112103,55,55,1,False,False,0.2339038559494952,0.00023188341002138607,0.015562019156844381,0.050807844087730446,0.07127364771426237,47,47,1,False,False,0.19164812531200526,0.00020483905125287058,0.010849510663140632,0.04443852227682264,0.06000881524569124,46,46,1,False,False
5,exponential,exponential_alpha_0.02,42005,31,0.14471179341508858,1.967540588810701e-18,0.03610992687971028,0.11789392600231804,0.33249821602234664,55,55,1,False,False,0.23231591647561778,0.0002336910407878114,0.013974079682966961,0.045623440933077304,0.06400092574213123,47,47,1,False,False,0.19049043288152176,0.00020639509666286112,0.009691818232657134,0.03969672861818978,0.0536056000842704,46,46,1,False,False
5,exponential,exponential_alpha_0.02,42005,32,0.14193417868512806,1.967540588810701e-18,0.03333231214974976,0.1088253973805968,0.3069220927145979,55,55,1,False,False,0.23068124001507848,0.0002372846125509449,0.012339403222427658,0.04028644796938239,0.056514149572469696,47,47,1,False,False,0.1892825861951104,0.00020952617082621195,0.008483971546245778,0.03474950808930188,0.04692498093927755,46,46,1,False,False
5,exponential,exponential_alpha_0.02,42005,33,0.13927032499830422,1.967540588810701e-18,0.030668458462925915,0.10012828285910841,0.2823934748205761,55,55,1,False,False,0.2292169357925181,0.00024500503680117345,0.010875098999867272,0.035505696841458725,0.049807673873307534,47,47,1,False,False,0.18821753438769856,0.00021642745915019307,0.0074189197388339345,0.03038716125734431,0.04103416253073888,46,46,1,False,False
5,exponential,exponential_alpha_0.02,42005,34,0.1367183586514509,0.0,0.028116492116072603,0.09179646505569489,0.25889510938482196,55,55,1,False,False,0.22773526435560001,0.0002440262374019178,0.009393427562949197,0.030668244156337992,0.043021656778813755,47,47,1,False,False,0.1871298013121364,0.00021543201220685634,0.006331186663271787,0.025931914195020764,0.03501789366897423,46,46,1,False,False
5,exponential,exponential_alpha_0.02,42005,35,0.1342766118672252,0.0,0.025674745331846896,0.0838244989075814,0.23641163960550404,55,55,1,False,False,0.22649023688279826,0.00025208232832760847,0.008148400090147445,0.02660340134349316,0.0373194629570035,47,47,1,False,False,0.1862392212454537,0.00022288527392669288,0.00544060659658907,0.022284186351678757,0.030092081220619127,46,46,1,False,False
5,exponential,exponential_alpha_0.02,42005,36,0.1319436312577957,0.0,0.023341764722417405,0.0762076393041501,0.21492968276759372,55,55,1,False,False,0.225201110236914,0.0002510642105983052,0.006859273444263181,0.022394580818772252,0.03141529605605142,47,47,1,False,False,0.1853074125021903,0.00022230134925428234,0.004508797853325669,0.018467589928033025,0.02493823230937009,46,46,1,False,False
5,exponential,exponential_alpha_0.02,42005,37,0.12971818806881857,1.967540588810701e-18,0.02111632153344027,0.06894187453210751,0.19443792456883213,55,55,1,False,False,0.2240871945520449,0.0002562580208128642,0.005745357759394082,0.018757799892512105,0.02631359085272411,47,47,1,False,False,0.18451881508966353,0.00022683232192294297,0.0037202004407989042,0.015237572946431107,0.020576487535726162,46,46,1,False,False
5,exponential,exponential_alpha_0.02,42005,38,0.1275992904763568,0.0,0.01899742394097849,0.062023966423228404,0.17492723234908536,55,55,1,False,False,0.22295232790300973,0.00026095049571483986,0.004610491110358911,0.01505261696069542,0.021115930772064084,47,47,1,False,False,0.18370020233376813,0.00023125457957439132,0.002901587684903506,0.011884616087967738,0.016048727422711684,46,46,1,False,False
5,exponential,exponential_alpha_0.02,42005,39,0.12558619826356626,1.967540588810701e-18,0.01698433172818796,0.05545149827170958,0.15639079023245994,55,55,1,False,False,0.22191997083199724,0.0002565300369297756,0.0035781340393464256,0.011682113648867828,0.016387761923723376,47,47,1,False,False,0.18296590401806298,0.00022753748011281692,0.0021672893691983552,0.008877002834850673,0.011987311813243196,46,46,1,False,False
5,exponential,exponential_alpha_0.02,42005,40,0.12367844027028908,9.837702944053505e-19,0.015076573734910781,0.04922293180468285,0.13882425980219604,55,55,1,False,False,0.22100010792708194,0.00026168863930927045,0.0026582711344311227,0.008678888258641501,0.01217481346442817,47,47,1,False,False,0.1823232270847449,0.00023244443124101157,0.0015246124358802848,0.006244661699403748,0.008432655520294263,46,46,1,False,False
5,exponential,exponential_alpha_0.02,42005,41,0.1218758350902737,0.0,0.01327396855489539,0.04333767475578144,0.12222597067953012,55,55,1,False,False,0.22020505242608424,0.0002611072939478077,0.0018632156334334182,0.006083141811560597,0.008533479706881897,47,47,1,False,False,0.18178250836244858,0.0002320231789290229,0.0009838937135839554,0.004029931309037473,0.0054419317066938255,46,46,1,False,False
5,exponential,exponential_alpha_0.02,42005,42,0.1201785155916122,0.0,0.0115766490562339,0.03779616092098259,0.10659714630652939,55,55,1,False,False,0.2196171926802101,0.00026777799188062843,0.0012753558875592819,0.004163860899951535,0.005841097181803256,47,47,1,False,False,0.1814147032719664,0.00023783161697229563,0.0006160886231017793,0.002523438047322976,0.003407595928200502,46,46,1,False,False
5,exponential,exponential_alpha_0.02,42005,43,0.11858695796134507,1.967540588810701e-18,0.009985091425966763,0.03259994498523202,0.09194217138721106,55,55,1,False,False,0.21914249618183176,0.0002759174610709696,0.0008006593891809466,0.002614042368338271,0.0036669994213764934,47,47,1,False,False,0.18113368143892358,0.00024515001785496585,0.0003350667900589577,0.0013724004221539923,0.001853259720544287,46,46,1,False,False
5,exponential,exponential_alpha_0.02,42005,44,0.11710201613185328,9.837702944053505e-19,0.008500149596474979,0.02775181491986159,0.07826890888386306,55,55,1,False,False,0.21873016022273156,0.0002723360433174377,0.00038832343008074477,0.0012678223881042914,0.0017785113278565579,47,47,1,False,False,0.18089967195870518,0.0002418643546084477,0.00010105730984055761,0.000413920742973436,0.0005589495806526124,46,46,1,False,False
5,exponential,exponential_alpha_0.02,42005,45,0.11572496264357522,1.967540588810701e-18,0.007123096108196919,0.023255925393718353,0.06558907627868882,55,55,1,False,False,0.21852925385112826,0.00027789712340571,0.0001874170584774404,0.0006118908215271562,0.0008583653102425259,47,47,1,False,False,0.18084474971560083,0.0002468347894920484,4.61350667362026e-05,0.00018896466896562962,0.00025517378452155626,46,46,1,False,False
5,exponential,exponential_alpha_0.02,42005,46,0.11445753724759442,9.837702944053505e-19,0.005855670712216113,0.019117956453903687,0.053918693103755855,55,55,1,False,False,0.2183538199525273,0.0002778872794587296,1.198315987649412e-05,3.912336262711033e-05,5.488256420549398e-05,47,47,1,False,False,0.18079861464886463,0.0002467299845465025,0.0,0.0,0.0,46,46,1,False,False
5,exponential,exponential_alpha_0.02,42005,47,0.11330200486852514,2.951310883216051e-18,0.004700138333146836,0.015345302766592515,0.04327861466005012,55,55,1,False,False,0.21834183679265082,0.0002849917798372717,0.0,0.0,0.0,47,47,1,False,False,0.18089031086512816,0.00025287049268490604,9.169621626353708e-05,0.0003755786298243966,0.0005071732238746129,46,46,1,False,False
5,exponential,exponential_alpha_0.02,42005,48,0.11226122495409303,1.967540588810701e-18,0.003659358418714731,0.011947300033839765,0.033695170584592704,55,55,1,False,False,0.21857340904408568,0.0002922740367573942,0.00023157225143485838,0.0007560514305608147,0.0010605949589714836,47,47,1,False,False,0.1811882235069345,0.00025940899991681523,0.00038960885806987866,0.0015957993365918232,0.0021549327622147896,46,46,1,False,False
5,exponential,exponential_alpha_0.02,42005,49,0.11133873476161067,1.967540588810701e-18,0.0027368682262323696,0.008935496912424743,0.02520093174771354,55,55,1,False,False,0.21886034227189008,0.0002936571277270086,0.0005185054792392618,0.0016928488059491861,0.002374741766653088,47,47,1,False,False,0.18151847070923693,0.00026079966210156377,0.0007198560603723092,0.0029484592041223562,0.003981535266574632,46,46,1,False,False
5,exponential,exponential_alpha_0.02,42005,50,0.110538849812444,0.0,0.001936983277065693,0.006323982983815517,0.01783563523224241,55,55,1,False,False,0.21937516726909678,0.0002956255595228886,0.001033330476445965,0.0033736813461816132,0.004732627020204383,47,47,1,False,False,0.18203935566510407,0.0002627638643847508,0.0012407410162394439,0.005081952449453931,0.006862558204050018,46,46,1,False,False
5,exponential,exponential_alpha_0.02,42005,51,0.10986678563775489,9.837702944053505e-19,0.0012649191023765827,0.004129786237210455,0.01164730536159353,55,55,1,False,False,0.22000719500545,0.0002964124386256938,0.0016653582127991728,0.005437164648965733,0.007627297806332312,47,47,1,False,False,0.18265418569567696,0.0002640927345848448,0.001855571046812332,0.007600235426297777,0.010263192837047574,46,46,1,False,False
5,exponential,exponential_alpha_0.02,42005,52,0.10932880611772539,9.837702944053505e-19,0.0007269395823470831,0.0023733573766259205,0.006693619599164702,55,55,1,False,False,0.22103633738942408,0.00030121407087453016,0.0026945005967732583,0.008797172451425826,0.012340743470671267,47,47,1,False,False,0.18361051791010816,0.0002685514599722624,0.0028119032612435313,0.011517277561610263,0.015552681455577755,46,46,1,False,False
5,exponential,exponential_alpha_0.02,42005,53,0.10893240528832787,1.967540588810701e-18,0.000330538752949569,0.0010791633949009988,0.003043582615054774,55,55,1,False,False,0.2222966920634669,0.00031480905119751827,0.003954855270816071,0.01291205646028182,0.018113135480177345,47,47,1,False,False,0.18475103586316677,0.0002807784693125625,0.003952421214302143,0.016188726259872565,0.02186090431045762,46,46,1,False,False
5,exponential,exponential_alpha_0.02,42005,54,0.1086865316056458,0.0,8.466507026749781e-05,0.00027641976574330657,0.0007795912995649523,55,55,1,False,False,0.2239332165939701,0.0003272358066623628,0.005591379801319296,0.018255083117268322,0.02560837576276853,47,47,1,False,False,0.18620730184992113,0.00029218483928746425,0.0054086872010565,0.022153447665531758,0.02991553453858531,46,46,1,False,False
5,exponential,exponential_alpha_0.02,42005,55,0.1086018665353783,0.0,0.0,0.0,0.0,55,55,1,False,False,0.2258632136440967,0.00031541322909386607,0.007521376851445882,0.024556257034631327,0.034447712641478834,47,47,1,False,False,0.18791127861832024,0.000282103648006049,0.007112663969455618,0.02913276792547176,0.039340257021710956,46,46,1,False,False
5,exponential,exponential_alpha_0.02,42005,56,0.10869117329188359,9.837702944053505e-19,8.93067565052863e-05,0.0002915742304883264,0.0008223316905533462,55,55,1,False,False,0.22807169927123494,0.00032306118692987466,0.009729862478584123,0.031766657708394964,0.044562520044310716,47,47,1,False,False,0.18984236200872556,0.00028897287103739875,0.009043747359860937,0.03704229444029137,0.05002110982667163,46,46,1,False,False
5,exponential,exponential_alpha_0.02,42005,57,0.10896973705607252,9.837702944053505e-19,0.0003678705206942162,0.001201046462642577,0.003387331474403066,55,55,1,False,False,0.23077685804526799,0.0003388469167324637,0.012435021252617168,0.04059862763712864,0.05695207769286159,47,47,1,False,False,0.19219563629617753,0.0003032079897569821,0.011397021647312905,0.04668107309983843,0.06303710716726152,46,46,1,False,False
5,exponential,exponential_alpha_0.02,42005,58,0.109455925758423,0.0,0.0008540592230446981,0.0027883854536355883,0.007864130242793532,55,55,1,False,False,0.23392932828882873,0.0003379490619174519,0.015587491496177913,0.05089100775899728,0.07139031037363974,47,47,1,False,False,0.19491761808274796,0.00030207884277290675,0.014119003433883337,0.05783004119759417,0.07809243152279866,46,46,1,False,False
5,exponential,exponential_alpha_0.02,42005,59,0.11017191159471448,9.837702944053505e-19,0.0015700450593361809,0.005125980361640928,0.014456888352141872,55,55,1,False,False,0.2374936644523085,0.0003445096872449751,0.019151827659657672,0.06252807324806592,0.08771487838057013,47,47,1,False,False,0.197983205298681,0.0003086191003143384,0.017184590649816367,0.07038638313931893,0.09504824294805125,46,46,1,False,False
5,exponential,exponential_alpha_0.02,42005,60,0.11114460950997959,9.837702944053505e-19,0.002542742974601289,0.008301704766369874,0.02341343713252808,55,55,1,False,False,0.24166825048390797,0.0003444181457419104,0.023326413691257153,0.07615752030674267,0.10683437509692273,47,47,1,False,False,0.2015565420128722,0.00030791873966076353,0.020757927364007583,0.0850224167915692,0.11481242488678522,46,46,1,False,False
5,exponential,exponential_alpha_0.02,42005,61,0.11240691256513745,2.951310883216051e-18,0.003805046029759146,0.012422949970577121,0.035036654075550455,55,55,1,False,False,0.2464555771898065,0.0003449572278482226,0.028113740397155695,0.09178748107332763,0.12876020835097224,47,47,1,False,False,0.20564163782693876,0.00030836316584705167,0.02484302317807413,0.10175456508587777,0.13740715450902452,46,46,1,False,False
5,exponential,exponential_alpha_0.02,42005,62,0.11399933961918968,1.967540588810701e-18,0.005397473083811374,0.017622004454955213,0.04969963460115201,55,55,1,False,False,0.2521267064135682,0.00036084053003159616,0.033784869620917396,0.11030293504483424,0.15473383441855604,47,47,1,False,False,0.210477072519956,0.0003224655619854321,0.029678457871091385,0.12156002719337955,0.16415202034999532,46,46,1,False,False
5,exponential,exponential_alpha_0.02,42005,63,0.11597226508211068,9.837702944053505e-19,0.007370398546732382,0.024063333713486366,0.06786622349931148,55,55,1,False,False,0.25864664947711996,0.0003796457726249178,0.04030481268446914,0.1315896490178165,0.18459500605348844,47,47,1,False,False,0.21602184678311062,0.00033899446275827795,0.035223232134245996,0.14427087400145325,0.19482025458355579,46,46,1,False,False
5,exponential,exponential_alpha_0.02,42005,64,0.11838898537203636,2.951310883216051e-18,0.00978711883665806,0.03195359181281499,0.09011925069878779,55,55,1,False,False,0.2661836630569254,0.0003840370854545895,0.047841826264274606,0.1561969578117683,0.2191143345089095,47,47,1,False,False,0.22241334091332274,0.0003428686581603682,0.04161472626445811,0.17044980161452533,0.23017170980695578,46,46,1,False,False
5,exponential,exponential_alpha_0.02,42005,65,0.12133001251588318,9.837702944053505e-19,0.012728145980504882,0.041555639405503664,0.11720006650492087,55,55,1,False,False,0.2748204221054097,0.0003958124185527261,0.05647858531275887,0.18439478373242893,0.25867046894175383,47,47,1,False,False,0.22971924167594035,0.00035350839915935394,0.048920627027075725,0.20037404832685193,0.27058076259094244,46,46,1,False,False
5,exponential,exponential_alpha_0.02,42005,66,0.12489920844156163,1.967540588810701e-18,0.01629734190618333,0.053208571347222566,0.15006502582415826,55,55,1,False,False,0.28497480445607815,0.0004121454726648103,0.06663296766342733,0.21754744021486586,0.30517727908786263,47,47,1,False,False,0.23829768059674944,0.00036834275602730724,0.057499065947884814,0.23551048543620876,0.31802824407452346,46,46,1,False,False
5,exponential,exponential_alpha_0.02,42005,67,0.12923275107904497,1.967540588810701e-18,0.02063088454366667,0.06735698977889816,0.1899680475284089,55,55,1,False,False,0.2970311012831073,0.00044602129564836636,0.07868926449045646,0.2569095848883407,0.36039480864670037,47,47,1,False,False,0.24847332107776798,0.00039853155236618636,0.06767470642890336,0.2771889021165961,0.3743098726742835,46,46,1,False,False
5,exponential,exponential_alpha_0.02,42005,68,0.1345125841334318,0.0,0.02591071759805351,0.08459491577891529,0.2385844592239379,55,55,1,False,False,0.3116455257248487,0.000473924449735749,0.0933036889321979,0.3046236630541771,0.42732849692385844,47,47,1,False,False,0.260819796754098,0.0004244142235338205,0.08002118210523337,0.3277588449847861,0.44259842510765557,46,46,1,False,False
5,exponential,exponential_alpha_0.02,42005,69,0.14098720374923102,1.967540588810701e-18,0.03238533721385271,0.10573365495224459,0.2982023997101635,55,55,1,False,False,0.3289827959561101,0.000506529550038733,0.11064095916345926,0.3612274568124799,0.50673274892585,47,47,1,False,False,0.2754326534114347,0.0004538517170519333,0.09463403876257007,0.38761166012613707,0.5234223666279865,46,46,1,False,False
5,exponential,exponential_alpha_0.02,42005,70,0.14900491786163234,1.967540588810701e-18,0.04040305132625403,0.13191038462062563,0.3720290692526198,55,55,1,False,False,0.34997666188370447,0.0005473377594042755,0.13163482509105365,0.42976953069746193,0.6028841152236948,47,47,1,False,False,0.29309967908451556,0.0004912272823847557,0.11230106443565094,0.45997404939090214,0.6211389653275541,46,46,1,False,False
5,exponential,exponential_alpha_0.02,42005,71,0.15906927918353578,1.967540588810701e-18,0.050467412648157475,0.16476913487225717,0.46470115347158547,55,55,1,False,False,0.3762343108809055,0.0005900634152504854,0.15789247408825466,0.5154971295979804,0.723143472673988,47,47,1,False,False,0.3152084075074556,0.0005305953009271593,0.13440979285859098,0.5505292136779745,0.7434226922569787,46,46,1,False,False
5,exponential,exponential_alpha_0.02,42005,72,0.17193609372721114,1.967540588810701e-18,0.06333422719183283,0.20677750799222464,0.5831780724615905,55,55,1,False,False,0.4092901783788266,0.0006273258354760873,0.19094834158617577,0.6234199733557191,0.8745384961083322,47,47,1,False,False,0.3430143810021315,0.0005640187955711214,0.16221576635326687,0.6644197301203267,0.8972179718761222,46,46,1,False,False
5,exponential,exponential_alpha_0.02,42005,73,0.188793580359619,0.0,0.08019171382424069,0.26181487453817714,0.7384008800448869,55,55,1,False,False,0.4528762769458361,0.0007040405783464923,0.23453444015318528,0.7657225677726587,1.0741617071578995,47,47,1,False,False,0.37971208043466875,0.0006341220135677494,0.19891346578580413,0.8147298762987425,1.1001935284300766,46,46,1,False,False
5,exponential,exponential_alpha_0.02,42005,74,0.21162269089076788,5.902621766432102e-18,0.10302082435538958,0.3363487686837861,0.9486100712811354,55,55,1,False,False,0.510456753646049,0.0007879373547506307,0.2921149168533982,0.9537148747603367,1.3378788103299062,47,47,1,False,False,0.42809916800081915,0.0007099748329894035,0.24730055335195453,1.0129185997795216,1.3678232758157227,46,46,1,False,False
5,exponential,exponential_alpha_0.02,42005,75,0.2439898153953486,0.0,0.1353879488599703,0.44202296165466565,1.2466447693683618,55,55,1,False,False,0.5925068014525747,0.000913167472792832,0.3741649646599239,1.221596953193025,1.713665920174754,47,47,1,False,False,0.4970909738910382,0.0008223934485751416,0.3162923592421736,1.2955022109820595,1.7494180464626683,46,46,1,False,False
5,exponential,exponential_alpha_0.02,42005,76,0.29302854687063623,3.935081177621402e-18,0.18442668033525794,0.6021276497381961,1.6981907053612089,55,55,1,False,False,0.7159556773061232,0.0010955935135472342,0.49761384051347235,1.6246404897648266,2.2790585983117535,47,47,1,False,False,0.600862534702128,0.000986915049727532,0.42006392005326343,1.7205402573956092,2.323380192204926,46,46,1,False,False
6,exponential,exponential_alpha_0.08,42006,0,0.0720415955988717,0.0,0.07203466971199106,0.9999038626667959,10400.786347414656,74,74,1,False,False,0.0720415955988717,0.0,0.07201646366940538,0.9996511469622875,2865.536598210457,73,73,1,False,False,0.06814878737856668,9.837702944053505e-19,0.0681246328060783,0.999645561228343,2820.3617695522066,73,73,1,False,False
6,exponential,exponential_alpha_0.08,42006,1,0.06216688429042439,4.918851472026753e-19,0.06215995840354374,0.8628342818730861,8975.017853268797,74,74,1,False,False,0.06677863211173231,9.2638873426764e-05,0.06675350018226599,0.9265966366701553,2656.123170793718,73,73,1,False,False,0.06323147468090676,8.91931056624073e-05,0.06320732010841838,0.9274900191151101,2616.784881572617,73,73,1,False,False
6,exponential,exponential_alpha_0.08,42006,2,0.0536542925880748,0.0,0.05364736670119415,0.7446721058192993,7745.92014361171,74,74,1,False,False,0.0617722196229634,0.00011723434519171053,0.06174708769349707,0.8571032773525097,2456.9179129770973,73,73,1,False,False,0.05854507792977747,0.00011288814818684116,0.058520923357289104,0.8587228857383071,2422.7679204616074,73,73,1,False,False
6,exponential,exponential_alpha_0.08,42006,3,0.046314953637190806,4.918851472026753e-19,0.046308027750310156,0.6427956983095391,6686.223518853035,74,74,1,False,False,0.05691815160341882,0.0001404888518570296,0.056893019673952494,0.7897245917585359,2263.774444782656,73,73,1,False,False,0.053990645126280636,0.00013532033147500166,0.05396649055379227,0.7918921616903949,2234.214270601334,73,73,1,False,False
6,exponential,exponential_alpha_0.08,42006,4,0.039986302710798,0.0,0.03997937682391735,0.5549485195542156,5772.455934217016,74,74,1,False,False,0.05225360002904948,0.000153697480999569,0.052228468099583154,0.7249765592421323,2078.171839912264,73,73,1,False,False,0.049606140387342526,0.00014824712184286493,0.04958198581485416,0.727554923896534,2052.695647531146,73,73,1,False,False
6,exponential,exponential_alpha_0.08,42006,5,0.034528400558712306,4.918851472026753e-19,0.034521474671831656,0.47918809105849847,4984.412143415981,74,74,1,False,False,0.04801101821587638,0.00016437301619980275,0.047985886286410054,0.666085833989518,1909.3594206804887,73,73,1,False,False,0.04561583723304393,0.00015869233623509892,0.04559168266055556,0.6690021116192963,1887.4969814723806,73,73,1,False,False
6,exponential,exponential_alpha_0.08,42006,6,0.029820772377409595,2.4594257360133763e-19,0.029813846490528945,0.41384211777502444,4304.697290657417,74,74,1,False,False,0.04402125821206535,0.00017162460476908528,0.043996126282599024,0.6107044953247549,1750.606786540057,73,73,1,False,False,0.041857830259089734,0.00016581912358752245,0.04183367568660137,0.6138579613194758,1731.915384002026,73,73,1,False,False
6,exponential,exponential_alpha_0.08,42006,7,0.025759689880894106,4.918851472026753e-19,0.025752763994013456,0.35747076088382457,3718.334480161296,74,74,1,False,False,0.04026339315684803,0.00015660169657518417,0.0402382612273817,0.5585420602207193,1601.081257262561,73,73,1,False,False,0.03831282468824893,0.00015149979720862594,0.038288670115760565,0.5618393457695279,1585.152050784369,73,73,1,False,False
6,exponential,exponential_alpha_0.08,42006,8,0.022255834178501098,2.4594257360133763e-19,0.022248908291620448,0.308834196503678,3212.4273288067334,74,74,1,False,False,0.03670041866290542,0.00015166699675720494,0.03667528673343909,0.5090848755994722,1459.3104275013052,73,73,1,False,False,0.034947962649691265,0.00014680673830834656,0.0349238080772029,0.512464115952659,1445.8466650162009,73,73,1,False,False
6,exponential,exponential_alpha_0.08,42006,9,0.019232285946055697,2.4594257360133763e-19,0.019225360059175047,0.26686471751989,2775.869775305061,74,74,1,False,False,0.03326985360018222,0.0001371912161685294,0.03324472167071589,0.46146564903729814,1322.8081717823575,73,73,1,False,False,0.031700120310391884,0.00013296918415089249,0.031675965737903516,0.46480600692046725,1311.3858981836245,73,73,1,False,False
6,exponential,exponential_alpha_0.08,42006,10,0.01662279691679,0.0,0.01661587102990935,0.23064274037497282,2399.096507962696,74,74,1,False,False,0.030193946844924567,0.00013403662487920627,0.03016881491545824,0.41876938822175025,1200.4177775478504,73,73,1,False,False,0.028788073696002704,0.00012996731104567463,0.028763919123514333,0.4220752889369945,1190.8270840795376,73,73,1,False,False
6,exponential,exponential_alpha_0.08,42006,11,0.014370303193510901,1.2297128680066881e-19,0.014363377306630253,0.19937616854859344,2073.8683080086025,74,74,1,False,False,0.02731908509618126,0.00013065843381654063,0.027293953166714933,0.37886380694131105,1086.0269683346094,73,73,1,False,False,0.026062539391356197,0.00012670579063942816,0.026038384818867825,0.3820814106966355,1077.989884996063,73,73,1,False,False
6,exponential,exponential_alpha_0.08,42006,12,0.012425646444439699,1.2297128680066881e-19,0.01241872055755905,0.17238264164367773,1793.08740838048,74,74,1,False,False,0.02463402399415859,0.00012510922785928386,0.024608892064692262,0.3415928237030564,979.1883308308637,73,73,1,False,False,0.02351398742144558,0.000121404722224472,0.02348983284895721,0.34468453148654177,972.4797596921428,73,73,1,False,False
6,exponential,exponential_alpha_0.08,42006,13,0.010746473821243498,1.2297128680066881e-19,0.01073954793436285,0.14907426529196766,1550.6386574648598,74,74,1,False,False,0.02224910540358473,0.00011766484871616265,0.022223973474118402,0.30848807955145385,884.2923701459015,73,73,1,False,False,0.021249074720747267,0.00011420279789905798,0.021224920148258896,0.3114497112084242,878.7123083415233,73,73,1,False,False
6,exponential,exponential_alpha_0.08,42006,14,0.009296291540061601,1.2297128680066881e-19,0.009289365653180953,0.12894447403558676,1341.25286959793,74,74,1,False,False,0.020108344086009408,0.00011158305796073362,0.02008321215654308,0.2787724506876083,799.1114324688492,73,73,1,False,False,0.019215428750601667,0.00010835254594735622,0.019191274178113296,0.28160844699269144,794.5193063281488,73,73,1,False,False
6,exponential,exponential_alpha_0.08,42006,15,0.0080436505900716,0.0,0.008036724703190952,0.11155672825376485,1160.389252912258,74,74,1,False,False,0.018077317689791875,0.0001039013637971725,0.018052185760325547,0.2505800379664033,718.2968496116612,73,73,1,False,False,0.017282448463649912,0.00010087402590099294,0.01725829389116154,0.25324432840296446,714.493866512048,73,73,1,False,False
6,exponential,exponential_alpha_0.08,42006,16,0.0069614460611149,0.0,0.006954520174234251,0.09653478822092013,1004.1342421669322,74,74,1,False,False,0.01620134038756006,0.00010001508924806395,0.01617620845809373,0.2245398415127146,643.6516734525723,73,73,1,False,False,0.015495626459609708,9.71299301705637e-05,0.015471471887121337,0.22702490363001285,640.5193838379922,73,73,1,False,False
6,exponential,exponential_alpha_0.08,42006,17,0.006026314182300801,6.148564340033441e-20,0.0060193882954201515,0.08355434447810073,869.1144396594894,74,74,1,False,False,0.014531839909170507,9.502764833737592e-05,0.01450670797970418,0.2013657229425854,577.2222144400282,73,73,1,False,False,0.01390527742399117,9.231533628882574e-05,0.013881122851502798,0.20368847906849943,574.6788877420992,73,73,1,False,False
6,exponential,exponential_alpha_0.08,42006,18,0.0052181133975938,0.0,0.0052111875107131505,0.07233581471083862,752.4216898883175,74,74,1,False,False,0.012980008981259275,9.234013757105908e-05,0.012954877051792947,0.17982496006787282,515.4748293062916,73,73,1,False,False,0.012424921200395053,8.97455234425934e-05,0.012400766627906682,0.1819660643265799,513.3920972468902,73,73,1,False,False
6,exponential,exponential_alpha_0.08,42006,19,0.004519477723878999,6.148564340033441e-20,0.00451255183699835,0.0626381439706622,651.5485907814278,74,74,1,False,False,0.011584252726861493,8.476294530671364e-05,0.011559120797395165,0.16045064939644674,459.93765870154925,73,73,1,False,False,0.011092604100427637,8.24089947541474e-05,0.011068449527939266,0.16241594243568858,458.23413075384366,73,73,1,False,False
6,exponential,exponential_alpha_0.08,42006,20,0.0039154322863042,0.0,0.003908506399423551,0.05425346797128359,564.332982443596,74,74,1,False,False,0.010259643158508542,7.975706074372554e-05,0.010234511229042214,0.14206391660212622,407.2314162251131,73,73,1,False,False,0.009826604525275211,7.757607734918964e-05,0.00980244995278684,0.14383894900923486,405.82171170722444,73,73,1,False,False
6,exponential,exponential_alpha_0.08,42006,21,0.0033930623429409,0.0,0.0033861364560602513,0.047002518863050895,488.9101590037826,74,74,1,False,False,0.00915705135986522,7.139772372965602e-05,0.009131919430398892,0.12675898353564388,363.35926545688,73,73,1,False,False,0.008773960292170691,6.949299324601102e-05,0.00874980571968232,0.12839268395308528,362.24220999543394,73,73,1,False,False
6,exponential,exponential_alpha_0.08,42006,22,0.0029412283287175993,6.148564340033441e-20,0.0029343024418369505,0.040730669794922014,423.67172499387436,74,74,1,False,False,0.00813735419453317,6.0504630988503684e-05,0.008112222265066842,0.11260470007127235,322.7854938848139,73,73,1,False,False,0.00779934843663024,5.888405395348915e-05,0.007775193864141869,0.11409144847949601,321.8932509728853,73,73,1,False,False
6,exponential,exponential_alpha_0.08,42006,23,0.002550320495270101,6.148564340033441e-20,0.002543394608389452,0.03530452910220226,367.2301688171909,74,74,1,False,False,0.007177681962766311,5.591493547762563e-05,0.007152550033299983,0.09928361488723057,284.60011567687906,73,73,1,False,False,0.006880608849497961,5.44090600657751e-05,0.00685645427700959,0.10061007012380088,283.8574054792585,73,73,1,False,False
6,exponential,exponential_alpha_0.08,42006,24,0.0022120476229519,0.0,0.0022051217360712513,0.03060900744549566,318.3883557544703,74,74,1,False,False,0.00635480576776851,4.908555237056197e-05,0.006329673838302182,0.08786137766223096,251.8578546379758,73,73,1,False,False,0.006093132211233943,4.7803485614308866e-05,0.006068977638745572,0.0890548147985728,251.25584986724542,73,73,1,False,False
6,exponential,exponential_alpha_0.08,42006,25,0.0019192550544831,0.0,0.0019123291676024512,0.0265447919594996,276.11325459928526,74,74,1,False,False,0.005628340356441215,4.3337412510138944e-05,0.005603208426974888,0.07777740596104515,222.9517807012081,73,73,1,False,False,0.005397902936156449,4.219505769758739e-05,0.005373748363668078,0.07885317656228999,222.47333776059506,73,73,1,False,False
6,exponential,exponential_alpha_0.08,42006,26,0.0016657679643811995,3.0742821700167204e-20,0.0016588420775005507,0.023026170696398778,239.51330798304022,74,74,1,False,False,0.0049766889621718794,3.9228949920701016e-05,0.004951557032705552,0.06873191788082915,197.02255807059248,73,73,1,False,False,0.004773900864866677,3.819371977304336e-05,0.004749746292378306,0.06969671031699293,196.6396339519187,73,73,1,False,False
6,exponential,exponential_alpha_0.08,42006,27,0.0014462563497007997,1.5371410850083602e-20,0.0014393304628201509,0.01997915857991759,207.8189389494192,74,74,1,False,False,0.004374443092475066,3.519035824807509e-05,0.004349311163008738,0.06037222144864399,173.05918229780437,73,73,1,False,False,0.004196924286947181,3.426212221567921e-05,0.00417276971445881,0.061230285599640444,172.75278692958855,73,73,1,False,False
6,exponential,exponential_alpha_0.08,42006,28,0.0012561187188361003,1.5371410850083602e-20,0.0012491928319554515,0.017339882904745325,180.3657572643487,74,74,1,False,False,0.003835881280809549,3.119853589157909e-05,0.0038107493513432214,0.05289651512664309,151.6297965283155,73,73,1,False,False,0.003680454879064936,3.0387610558693585e-05,0.0036563003065765653,0.05365172950570357,151.37093849774817,73,73,1,False,False
6,exponential,exponential_alpha_0.08,42006,29,0.0010913818774890003,1.5371410850083602e-20,0.0010844559906083514,0.015053192278619325,156.58008992875023,74,74,1,False,False,0.0033861932750276773,2.8543298134935672e-05,0.0033610613455613498,0.046654454522020467,133.73670135691705,73,73,1,False,False,0.0032494830903372685,2.780633512252872e-05,0.003225328517848898,0.04732774627275743,133.52869397302476,73,73,1,False,False
6,exponential,exponential_alpha_0.08,42006,30,0.0009486145740584001,7.685705425041801e-21,0.0009416886871777512,0.013071457945227682,135.96651279547416,74,74,1,False,False,0.0029837191658777552,2.426858126233964e-05,0.0029585872364114277,0.0410677638636,117.72224812167428,73,73,1,False,False,0.002863609155751494,2.3652623989065628e-05,0.0028394545832631235,0.04166551882265999,117.55350191481075,73,73,1,False,False
6,exponential,exponential_alpha_0.08,42006,31,0.0008248530789864001,7.685705425041801e-21,0.0008179271921057512,0.011353540760812374,118.09710528063397,74,74,1,False,False,0.002616977936317939,1.9838855233305584e-05,0.0025918460068516114,0.0359770766500375,103.12960691395537,73,73,1,False,False,0.0025119560285896984,1.9329590003901937e-05,0.0024878014561013277,0.03650543981482142,102.99505227422614,73,73,1,False,False
6,exponential,exponential_alpha_0.08,42006,32,0.0007175370411526,0.0,0.0007106111542719511,0.009863900825137755,102.60218893517008,74,74,1,False,False,0.002310070818163279,1.9079527510942308e-05,0.0022849388886969513,0.03171693893926938,90.91776625262203,73,73,1,False,False,0.002217740237542874,1.8593988918671124e-05,0.0021935856650545033,0.032188183376897515,90.81451001091449,73,73,1,False,False
6,exponential,exponential_alpha_0.08,42006,33,0.0006244541953750999,7.685705425041801e-21,0.000617528308494451,0.008571829973517724,89.1623439908964,74,74,1,False,False,0.0020213991558643697,1.6221625176759607e-05,0.001996267226398042,0.02770992521477838,79.431514761837,73,73,1,False,False,0.0019406920636554012,1.5810716369895156e-05,0.0019165374911670305,0.028122840697379692,79.34470759479397,73,73,1,False,False
6,exponential,exponential_alpha_0.08,42006,34,0.0005436926937367001,7.685705425041801e-21,0.0005367668068560512,0.007450790094166902,77.50152667895765,74,74,1,False,False,0.0017741967949310015,1.4114785403193846e-05,0.001749064865464674,0.024278541458235933,69.59532764120318,73,73,1,False,False,0.001703464683060502,1.374665104090995e-05,0.0016793101105721314,0.02464181939501813,69.52348717331424,73,73,1,False,False
6,exponential,exponential_alpha_0.08,42006,35,0.00047360000434240005,3.8428527125209005e-21,0.0004666741174617512,0.006477842607209829,67.38113479237616,74,74,1,False,False,0.0015609306210347506,1.3167311318168525e-05,0.001535798691568423,0.021318221491369582,61.10946211376763,73,73,1,False,False,0.0014988322650260474,1.2829230980616792e-05,0.0014746776925376767,0.021639089252547348,61.05169914506512,73,73,1,False,False
6,exponential,exponential_alpha_0.08,42006,36,0.0004127474681128,0.0,0.00040582158123215117,0.005633156482149141,58.59489018886931,74,74,1,False,False,0.0013760156372267477,1.2583173353025471e-05,0.0013508837077604201,0.018751440699372537,53.751691033924466,73,73,1,False,False,0.0013214402644604985,1.2263512403510662e-05,0.0012972856919721278,0.019036078877907286,53.70766518830788,73,73,1,False,False
6,exponential,exponential_alpha_0.08,42006,37,0.00035989973069790003,3.8428527125209005e-21,0.0003529738438172512,0.004899583926244679,50.964425192024194,74,74,1,False,False,0.001214574453567256,1.0882489543704136e-05,0.0011894425241009284,0.016510496668115958,47.327942953786206,73,73,1,False,False,0.001166631433906965,1.0608760221151366e-05,0.0011424768614185943,0.016764448867917964,47.29857512355652,73,73,1,False,False
6,exponential,exponential_alpha_0.08,42006,38,0.00031398837540680006,3.8428527125209005e-21,0.0003070624885261512,0.004262294386646821,44.33547555968503,74,74,1,False,False,0.0010659145090415696,9.585877865254355e-06,0.001040782579575242,0.014446967351616272,41.412760646559654,73,73,1,False,False,0.0010239159821253117,9.342432399499012e-06,0.000999761409636941,0.01467027438189419,41.3901512899174,73,73,1,False,False
6,exponential,exponential_alpha_0.08,42006,39,0.00027408917668879997,3.8428527125209005e-21,0.0002671632898081511,0.00370845880893198,38.57459620869828,74,74,1,False,False,0.0009373050396661965,8.523680511148418e-06,0.0009121731101998689,0.01266175606768703,36.295387165638196,73,73,1,False,False,0.0009004890496513584,8.308840773722276e-06,0.0008763344771629877,0.012859135296053729,36.280272713785386,73,73,1,False,False
6,exponential,exponential_alpha_0.08,42006,40,0.00023940247427670002,1.9214263562604502e-21,0.00023247658739605114,0.003226977213143404,33.56632751909326,74,74,1,False,False,0.0008206644706157191,7.156673145799801e-06,0.0007955325411493915,0.01104268352937273,31.654256479402754,73,73,1,False,False,0.0007884482769520601,6.977675879889608e-06,0.0007642937044636894,0.011215074161452588,31.6417814818151,73,73,1,False,False
6,exponential,exponential_alpha_0.08,42006,41,0.00020923623745439996,1.9214263562604502e-21,0.00020231035057375108,0.002808243611096804,29.21075005412117,74,74,1,False,False,0.0007202212382004961,6.4226427526056915e-06,0.0006950893087341685,0.009648444110044875,27.657618157231763,73,73,1,False,False,0.000691982743559582,6.260654871045443e-06,0.0006678281710712113,0.0097995605902923,27.648105607861147,73,73,1,False,False
6,exponential,exponential_alpha_0.08,42006,42,0.00018299144859899996,3.8428527125209005e-21,0.00017606556171835108,0.002443943117233075,25.42137415069302,74,74,1,False,False,0.0006339699672234355,5.744402397489333e-06,0.000608838037757108,0.008451201457934442,24.225678278018652,73,73,1,False,False,0.0006091814680024009,5.602297932640064e-06,0.0005850268955140302,0.008584553269659874,24.220130403702765,73,73,1,False,False
6,exponential,exponential_alpha_0.08,42006,43,0.00016014948652939994,3.8428527125209005e-21,0.00015322359964875106,0.0021268768185244195,22.123318253560026,74,74,1,False,False,0.0005578791296447501,5.248441117298248e-06,0.0005327472001784225,0.007394994457712515,21.198022256596417,73,73,1,False,False,0.0005360998546173769,5.121706996780592e-06,0.0005119452821290062,0.007512170088737587,21.194549494737835,73,73,1,False,False
6,exponential,exponential_alpha_0.08,42006,44,0.0001402612344258,0.0,0.00013333534754515113,0.001850810582924393,19.251736253113517,74,74,1,False,False,0.0004898055745277649,4.296619755330284e-06,0.0004646736450614374,0.006450074310523947,18.489374072293977,73,73,1,False,False,0.0004706976190268125,4.1902639176193494e-06,0.0004465430465384418,0.0065524723728082514,18.486895048688233,73,73,1,False,False
6,exponential,exponential_alpha_0.08,42006,45,0.0001229376751701,0.0,0.00011601178828945113,0.0016103445145136135,16.750459585701787,74,74,1,False,False,0.0004292601448761704,3.760758333904704e-06,0.00040412821540984287,0.005609651091850223,16.080270157979918,73,73,1,False,False,0.0004124952190052535,3.6670781039245507e-06,0.0003883406465168828,0.005698423426959156,16.077314003543233,73,73,1,False,False
6,exponential,exponential_alpha_0.08,42006,46,0.00010784176974749999,9.607131781302251e-22,0.00010091588286685112,0.001400800218650788,14.570824589817231,74,74,1,False,False,0.00037637120404202906,3.3573601164532084e-06,0.0003512392745757015,0.0048755065966529275,13.975818094122129,73,73,1,False,False,0.00036166080115350853,3.274361973291781e-06,0.0003375062286651378,0.004952490596645394,13.972767633442112,73,73,1,False,False
6,exponential,exponential_alpha_0.08,42006,47,9.468144259303771e-05,9.607131781302251e-22,8.775555571238884e-05,0.001218123432482154,12.670659689458748,74,74,1,False,False,0.0003312647773455965,2.9098545060699444e-06,0.00030613284787926894,0.004249390165978827,12.181032430853918,73,73,1,False,False,0.00031832959341873755,2.8383638253439858e-06,0.00029417502093036685,0.004316658186391841,12.178854379310502,73,73,1,False,False
6,exponential,exponential_alpha_0.08,42006,48,8.320352208714353e-05,9.607131781302251e-22,7.627763520649466e-05,0.0010587999137499572,11.013410487488121,74,74,1,False,False,0.0002947123895823765,2.676377826545348e-06,0.00026958046011604894,0.0037420112349686916,10.726612155952465,73,73,1,False,False,0.0002832505798197705,2.6121803698096254e-06,0.0002590960073313998,0.003801916619471464,10.726582201201952,73,73,1,False,False
6,exponential,exponential_alpha_0.08,42006,49,7.318850535914565e-05,0.0,6.626261847849678e-05,0.0009197827717121603,9.56738387738276,74,74,1,False,False,0.000260624541053393,2.376778714975365e-06,0.00023549261158706546,0.0032688422518886255,9.370255948815432,73,73,1,False,False,0.0002505060256119105,2.3188255882729655e-06,0.00022635145312353976,0.003321430385344304,9.370956709439472,73,73,1,False,False
6,exponential,exponential_alpha_0.08,42006,50,6.444603460770009e-05,9.607131781302251e-22,5.752014772705122e-05,0.0007984296745358606,8.305094887957841,74,74,1,False,False,0.0002304845056923995,2.240942037619099e-06,0.00020535257622607197,0.0028504723489118297,8.170983310342688,73,73,1,False,False,0.00022154754114968151,2.1871081191322563e-06,0.0001973929686613108,0.002896500088325745,8.172074614706846,73,73,1,False,False
6,exponential,exponential_alpha_0.08,42006,51,5.68109877046067e-05,0.0,4.988510082395783e-05,0.000692448583478336,7.202702221911572,74,74,1,False,False,0.0002040351076418485,1.955505688082048e-06,0.00017890317817552097,0.0024833317014750144,7.118561207774375,73,73,1,False,False,0.00019613646925930353,1.908816144573191e-06,0.0001719818967709328,0.0025236237266493522,7.120055503103352,73,73,1,False,False
6,exponential,exponential_alpha_0.08,42006,52,5.0140099257427694e-05,0.0,4.3214212376778825e-05,0.0005998508502975972,6.239520385110619,74,74,1,False,False,0.0001802000508858925,1.6907186108709029e-06,0.00015506812141956495,0.0021524803848458015,6.17016380009062,73,73,1,False,False,0.00017322253590283147,1.6507375653563054e-06,0.00014906796341446074,0.0021873898149704094,6.171417999065388,73,73,1,False,False
6,exponential,exponential_alpha_0.08,42006,53,4.4309039870009555e-05,0.0,3.7383152989360686e-05,0.0005189106748483257,5.39759797316504,74,74,1,False,False,0.00015950823971858547,1.3885624699572006e-06,0.00013437631025225793,0.0018652600506028007,5.346836200232818,73,73,1,False,False,0.0001533286242240385,1.355190809911457e-06,0.00012917405173566777,0.0018954710231028117,5.347809479876281,73,73,1,False,False
6,exponential,exponential_alpha_0.08,42006,54,3.9209891317218895e-05,4.803565890651126e-22,3.2284004436570026e-05,0.00044813005831141877,4.6613531224098494,74,74,1,False,False,0.0001407583848577545,1.3130070137444345e-06,0.00011562645539142695,0.0016049957587729758,4.600779082495298,73,73,1,False,False,0.00013529090885660902,1.2814208586552469e-06,0.00011113633636823829,0.0016307896390125869,4.601047541691956,73,73,1,False,False
6,exponential,exponential_alpha_0.08,42006,55,3.4748963966088606e-05,4.803565890651126e-22,2.7823077085439737e-05,0.0003862085071013543,4.017258376422263,74,74,1,False,False,0.00012504879356463225,1.1812489921221994e-06,9.99168640983047e-05,0.0013869329693173755,3.975694115812958,73,73,1,False,False,0.00012019354134106137,1.1526179118793047e-06,9.603896885269064e-05,0.0014092542589084372,3.9760160896628918,73,73,1,False,False
6,exponential,exponential_alpha_0.08,42006,56,3.08449102257428e-05,4.803565890651126e-22,2.391902334509393e-05,0.0003320168459104554,3.453568294903051,74,74,1,False,False,0.00011199786296515534,1.0704470026996126e-06,8.68659334988278e-05,0.001205774702471863,3.4563973138319204,73,73,1,False,False,0.00010766454592601265,1.0447871104886916e-06,8.350997343764192e-05,0.001225406594159098,3.457315316917655,73,73,1,False,False
6,exponential,exponential_alpha_0.08,42006,57,2.7427094264438727e-05,2.401782945325563e-22,2.0501207383789855e-05,0.0002845745879636089,2.9600840639010184,74,74,1,False,False,0.0001003729040426464,9.401612028006488e-07,7.524097457631886e-05,0.0010444101626407795,2.9938399547527306,73,73,1,False,False,9.65022652004938e-05,9.179953067909576e-07,7.234769271212307e-05,0.0010616137938043045,2.9951965718687434,73,73,1,False,False
6,exponential,exponential_alpha_0.08,42006,58,2.443418384623373e-05,2.401782945325563e-22,1.7508296965584856e-05,0.00024303038848655188,2.527950176966296,74,74,1,False,False,9.02972055856441e-05,8.544381090832134e-07,6.516527611931656e-05,0.0009045507054307548,2.5929277020543453,73,73,1,False,False,8.682521053974846e-05,8.343615120543178e-07,6.267063805137773e-05,0.0009196148671471172,2.5945662288807076,73,73,1,False,False
6,exponential,exponential_alpha_0.08,42006,59,2.1812935050789774e-05,2.401782945325563e-22,1.4887048170140904e-05,0.00020664517555985478,2.149478965897602,74,74,1,False,False,8.063012694620206e-05,7.296115794682501e-07,5.5498197479874524e-05,0.0007703632466566818,2.208274440457608,73,73,1,False,False,7.753096674624214e-05,7.127750328203003e-07,5.337639425787141e-05,0.0007832332211777359,2.2097842668740917,73,73,1,False,False
6,exponential,exponential_alpha_0.08,42006,60,1.951714497878656e-05,2.401782945325563e-22,1.259125809813769e-05,0.00017477761275924448,1.817999386232835,74,74,1,False,False,7.160747764866905e-05,5.949354190793767e-07,4.647554818234151e-05,0.0006451210275951939,1.8492630358767617,73,73,1,False,False,6.884125025116591e-05,5.807776233789977e-07,4.4686677762795186e-05,0.0006557222730106786,1.8500297525162033,73,73,1,False,False
6,exponential,exponential_alpha_0.08,42006,61,1.7506751444237948e-05,0.0,1.0580864563589078e-05,0.00014687160210197778,1.5277270255672701,74,74,1,False,False,6.402135116807632e-05,5.39875020297864e-07,3.8889421701748784e-05,0.0005398189945470595,1.5474109042783173,73,73,1,False,False,6.15431982232735e-05,5.268552312055831e-07,3.738862573490278e-05,0.0005486322966718229,1.5478901873715056,73,73,1,False,False
6,exponential,exponential_alpha_0.08,42006,62,1.5747062258637204e-05,2.401782945325563e-22,8.821175377988334e-06,0.0001224455858405014,1.273652823096917,74,74,1,False,False,5.737973651775209e-05,5.086709599887978e-07,3.224780705142455e-05,0.0004476276071254813,1.2831409181945643,73,73,1,False,False,5.51544436870456e-05,4.964067406777485e-07,3.099987119867487e-05,0.0004548851475004319,1.283395564694835,73,73,1,False,False
6,exponential,exponential_alpha_0.08,42006,63,1.420810019805381e-05,1.2008914726627814e-22,7.28221331740494e-06,0.00010108345403608734,1.0514484921420904,74,74,1,False,False,5.161273533749308e-05,4.5443902991026487e-07,2.648080587116554e-05,0.0003675766153016782,1.0536718204085869,73,73,1,False,False,4.960841616258921e-05,4.431810719434773e-07,2.545384367421848e-05,0.000373503985226066,1.0537898646922148,73,73,1,False,False
6,exponential,exponential_alpha_0.08,42006,64,1.2864053357829974e-05,1.2008914726627814e-22,5.938166477181104e-06,8.242691500400507e-05,0.8573871591481683,74,74,1,False,False,4.68621414507428e-05,4.1634933979553343e-07,2.173021198441526e-05,0.0003016342406602054,0.8646455901258996,73,73,1,False,False,4.5044378689929e-05,4.061037002957683e-07,2.0889806201558274e-05,0.00030653232442002745,0.8648385812506396,73,73,1,False,False
6,exponential,exponential_alpha_0.08,42006,65,1.1692824714458398e-05,1.2008914726627814e-22,4.7669378338095276e-06,6.616924284064838e-05,0.6882783267986214,74,74,1,False,False,4.258570017349505e-05,3.7621750178156715e-07,1.745377070716751e-05,0.00024227351659935841,0.6944859021092096,73,73,1,False,False,4.09349672748852e-05,3.668503418723747e-07,1.6780394786514472e-05,0.00024623174427593756,0.6947088297502857,73,73,1,False,False
6,exponential,exponential_alpha_0.08,42006,66,1.0675679952746077e-05,1.2008914726627814e-22,3.7497930720972067e-06,5.205038895829141e-05,0.5414170252439783,74,74,1,False,False,3.892337303029673e-05,3.5378778760003953e-07,1.3791443563969189e-05,0.0001914372308014953,0.5487618283525484,73,73,1,False,False,3.741643087145225e-05,3.452166785014223e-07,1.326185838308152e-05,0.00019460153134364468,0.5490413208292746,73,73,1,False,False
6,exponential,exponential_alpha_0.08,42006,67,9.797000085087024e-06,1.2008914726627814e-22,2.8711132044381536e-06,3.9853548225452136e-05,0.41454809382753965,74,74,1,False,False,3.577220595579659e-05,3.2793117905811555e-07,1.0640276489469049e-05,0.00014769629130251654,0.42337682443861646,73,73,1,False,False,3.438662707698039e-05,3.1993691983350036e-07,1.023205458860966e-05,0.0001501428709475133,0.42360735606212474,73,73,1,False,False
6,exponential,exponential_alpha_0.08,42006,68,9.04415717075905e-06,0.0,2.1182702901101796e-06,2.9403433842647364e-05,0.30584823671155936,74,74,1,False,False,3.31331253511961e-05,3.0339504478897916e-07,8.00119588486856e-06,0.00011106355735677062,0.31836775189062916,73,73,1,False,False,3.185255669681621e-05,2.962350142905087e-07,7.69798420844548e-06,0.00011295849133284146,0.3186967689927731,73,73,1,False,False
6,exponential,exponential_alpha_0.08,42006,69,8.407551664905326e-06,1.2008914726627814e-22,1.4816647842564552e-06,2.0566795778738426e-05,0.21393141554134676,74,74,1,False,False,3.085205111756311e-05,2.724863905868428e-07,5.720121651235573e-06,7.940026319079974e-05,0.22760376034397,73,73,1,False,False,2.966098698088706e-05,2.660253875365706e-07,5.5064144925163335e-06,8.07998895406339e-05,0.22796571933398568,73,73,1,False,False
6,exponential,exponential_alpha_0.08,42006,70,7.880887224827761e-06,1.2008914726627814e-22,9.550003441788905e-07,1.3256235321276637e-05,0.13788852758297132,74,74,1,False,False,2.869677281559557e-05,2.514162971895249e-07,3.5648433492680298e-06,4.948312595846866e-05,0.14184519155380837,73,73,1,False,False,2.7585230884354513e-05,2.4534459751772565e-07,3.4306583959837856e-06,5.0340710788094726e-05,0.1420293568696147,73,73,1,False,False
6,exponential,exponential_alpha_0.08,42006,71,7.461832333533491e-06,1.8013372089941719e-22,5.359454528846204e-07,7.439388986728859e-06,0.07738293479526326,74,74,1,False,False,2.6907952190398593e-05,2.3037122603178874e-07,1.7760227240710528e-06,2.4652739980385283e-05,0.07066798139994046,73,73,1,False,False,2.5862299839579856e-05,2.2474010429015894e-07,1.7077273512091278e-06,2.505880760170681e-05,0.07069996175801974,73,73,1,False,False
6,exponential,exponential_alpha_0.08,42006,72,7.153373336993788e-06,6.004457363313907e-23,2.2748645634491768e-07,3.157709854339769e-06,0.032845823251968165,74,74,1,False,False,2.5784027280086887e-05,2.2350146650903862e-07,6.520978137593469e-07,9.05168477097917e-06,0.02594698567147602,73,73,1,False,False,2.478093122236461e-05,2.1783646729032421e-07,6.263587339938828e-07,9.191047384518502e-06,0.025931269712823335,73,73,1,False,False
6,exponential,exponential_alpha_0.08,42006,73,6.9665173248865825e-06,1.2008914726627814e-22,4.0630444237712157e-08,5.639859014775695e-07,0.005866460850123767,74,74,1,False,False,2.513192946632754e-05,2.2871241206728287e-07,0.0,0.0,0.0,73,73,1,False,False,2.4154572488370728e-05,2.2302676241621488e-07,0.0,0.0,0.0,73,73,1,False,False
6,exponential,exponential_alpha_0.08,42006,74,6.92588688064887e-06,1.2008914726627814e-22,0.0,0.0,0.0,74,74,1,False,False,2.5146692868368944e-05,2.3257106421289648e-07,1.4763402041404096e-08,2.0492885976050365e-07,0.0005874360765329989,73,73,1,False,False,2.417152780367122e-05,2.2689393227114135e-07,1.695531530049321e-08,2.487984886114905e-07,0.0007019505440908347,73,73,1,False,False
6,exponential,exponential_alpha_0.08,42006,75,7.082221786113006e-06,6.004457363313907e-23,1.563349054641355e-07,2.1700644490803583e-06,0.02257254675945397,74,74,1,False,False,2.5989796424654268e-05,2.524339294131194e-07,8.578669583267282e-07,1.1907939450749254e-05,0.034134544244846854,73,73,1,False,False,2.4987270305312435e-05,2.463855267114713e-07,8.326978169417069e-07,1.2218820744616752e-05,0.03447371371787322,73,73,1,False,False
6,exponential,exponential_alpha_0.08,42006,76,7.543839133896731e-06,0.0,6.179522532478607e-07,8.577714695391045e-06,0.08922355561053674,74,74,1,False,False,2.7702714225971148e-05,2.7406606927230775e-07,2.570784759643608e-06,3.568472822225874e-05,0.10229157944629819,73,73,1,False,False,2.663555918710277e-05,2.6769537288977374e-07,2.480986698732041e-06,3.640544159575656e-05,0.10271292112193331,73,73,1,False,False
7,exponential,exponential_alpha_0.10,42007,0,0.0564581945765874,0.0,0.05645791824550368,0.999995105562872,204312.58577950695,75,75,1,False,False,0.0564581945765874,0.0,0.05645716194019935,0.9999817097164407,54672.83798395058,75,75,1,False,False,0.05397969176220419,4.918851472026753e-19,0.053978691703419755,0.9999814734254349,53975.518783109575,75,75,1,False,False
7,exponential,exponential_alpha_0.10,42007,1,0.0468091748487216,0.0,0.046808898517637886,0.8290895390595616,169394.2566575376,75,75,1,False,False,0.05141971894681962,9.126951403741738e-05,0.05141868631043157,0.9107391176081698,49793.60296175519,75,75,1,False,False,0.04921199938798327,8.834127352868649e-05,0.04921099932919883,0.9116576572164806,49208.106658511046,75,75,1,False,False
7,exponential,exponential_alpha_0.10,42007,2,0.03881544573094059,4.918851472026753e-19,0.03881516939985687,0.6875028450866033,140466.1715132568,75,75,1,False,False,0.04644452736095207,0.00011832395254792121,0.04644349472456402,0.8226174264492623,44975.65189646135,75,75,1,False,False,0.0444918765119362,0.00011480126989424144,0.044490876453151765,0.8242150890588011,44488.26123590472,75,75,1,False,False
7,exponential,exponential_alpha_0.10,42007,3,0.03219211858336811,4.918851472026753e-19,0.03219184225228439,0.5701890131930291,116497.36185754636,75,75,1,False,False,0.041671439458352964,0.00014149092237199148,0.04167040682196491,0.7380754403231515,40353.417044160975,75,75,1,False,False,0.03995222969710788,0.00013745113570296942,0.03995122963832344,0.7401159275662392,39948.88126595769,75,75,1,False,False
7,exponential,exponential_alpha_0.10,42007,4,0.02670347587897531,7.378277208040128e-19,0.026703199547891594,0.47297296252836823,96634.80195092729,75,75,1,False,False,0.0373716213590273,0.00015548968719848456,0.03737058872263925,0.6619161133809338,36189.49434195544,75,75,1,False,False,0.03585853587057505,0.0001511373426187385,0.03585753581179062,0.6642782617165212,35855.42807075319,75,75,1,False,False
7,exponential,exponential_alpha_0.10,42007,5,0.022154463008409096,2.4594257360133763e-19,0.02215418667732538,0.3923998428124104,80172.61894431846,75,75,1,False,False,0.03337450586394027,0.00015072895353274122,0.03337347322755222,0.5911183217571722,32318.7073530964,75,75,1,False,False,0.03204732090292007,0.00014654990040042275,0.03204632084413563,0.593673653886516,32044.437130042832,75,75,1,False,False
7,exponential,exponential_alpha_0.10,42007,6,0.018383655590790197,2.4594257360133763e-19,0.01838337925970648,0.32561046979227826,66526.6426506102,75,75,1,False,False,0.029685879076608485,0.00014714832207442108,0.029684846440220434,0.5257845501940726,28746.65931177506,75,75,1,False,False,0.028525145457540358,0.00014321779488380554,0.028524145398755925,0.5284236435512238,28522.468721581838,75,75,1,False,False
7,exponential,exponential_alpha_0.10,42007,7,0.015257445887354395,3.689138604020064e-19,0.015257169556270678,0.2702383537180564,55213.36706328685,75,75,1,False,False,0.026271256496936794,0.0001400549376820542,0.026270223860548742,0.465304001616848,25439.955597683427,75,75,1,False,False,0.02525922368507919,0.0001364787751702693,0.025258223626294755,0.46792085693198054,25256.738923197776,75,75,1,False,False
7,exponential,exponential_alpha_0.10,42007,8,0.012665236552530797,2.4594257360133763e-19,0.01266496022144708,0.22432457000137765,45832.55727542748,75,75,1,False,False,0.023138455857980716,0.00012322769119490663,0.023137423221592665,0.40981514543838254,22406.166865067273,75,75,1,False,False,0.022260349521475247,0.00012013262956325963,0.022259349462690814,0.4123652569330989,22258.04103635122,75,75,1,False,False
7,exponential,exponential_alpha_0.10,42007,9,0.010515466810713097,2.4594257360133763e-19,0.01051519047962938,0.18624737398156044,38052.868820189455,75,75,1,False,False,0.020245729229281,0.00012249291274984845,0.02024469659289295,0.3585785331025836,19604.864623373316,75,75,1,False,False,0.019486764249993137,0.00011944308699882702,0.019485764191208704,0.36098324305090523,19484.618798924996,75,75,1,False,False
7,exponential,exponential_alpha_0.10,42007,10,0.008732326576057398,1.2297128680066881e-19,0.008732050244973682,0.15466400069042888,31599.95657206566,75,75,1,False,False,0.017744963876490463,0.00011389993327404333,0.01774393124010241,0.31428442537304635,17183.135753724942,75,75,1,False,False,0.01708851108998727,0.000111023273142805,0.017087511031202835,0.3165544387781641,17086.506610586282,75,75,1,False,False
7,exponential,exponential_alpha_0.10,42007,11,0.007253039158864998,1.844569302010032e-19,0.00725276282778128,0.12846253554818635,26246.64127617733,75,75,1,False,False,0.015589676823951595,0.0001103696502351908,0.015588644187563545,0.2761095055283257,15095.966371084385,75,75,1,False,False,0.01502079980422597,0.00010766737688887526,0.015019799745441537,0.27824908322203845,15018.916866917378,75,75,1,False,False
7,exponential,exponential_alpha_0.10,42007,12,0.006025613951062798,1.2297128680066881e-19,0.006025337619979081,0.1067221094327682,21804.776860161815,75,75,1,False,False,0.013636546076988044,9.935119719712285e-05,0.013635513440599994,0.24151522277431262,13204.564160620499,75,75,1,False,False,0.013145604917661395,9.690980813436116e-05,0.013144604858876962,0.2435101874383178,13143.832206142893,75,75,1,False,False
7,exponential,exponential_alpha_0.10,42007,13,0.005006987618775201,6.148564340033441e-20,0.005006711287691484,0.08867997507252406,18118.523693904684,75,75,1,False,False,0.011866891462770902,9.360931917087959e-05,0.011865858826382853,0.21017070976802887,11490.83933482911,75,75,1,False,False,0.011444952807408149,9.137474037962708e-05,0.011443952748623715,0.2120047813358691,11443.280061884578,75,75,1,False,False
7,exponential,exponential_alpha_0.10,42007,14,0.0041614864823139005,6.148564340033441e-20,0.004161210151230183,0.07370427238131684,15058.784177496325,75,75,1,False,False,0.010285549423376627,8.291241199180709e-05,0.010284516786988577,0.18216163063870722,9959.475480432926,75,75,1,False,False,0.009924136798134156,8.093435826649279e-05,0.009923136739349723,0.1838309263243656,9922.553447663551,75,75,1,False,False
7,exponential,exponential_alpha_0.10,42007,15,0.0034595544533055,0.0,0.0034592781222217827,0.0612714974002429,12518.599339923367,75,75,1,False,False,0.00890274010904721,7.295607293589076e-05,0.00890170747265916,0.15766900694253871,8620.36974066674,75,75,1,False,False,0.008593112414698451,7.125984143640787e-05,0.008592112355914018,0.15917305333577492,8591.607303143357,75,75,1,False,False
7,exponential,exponential_alpha_0.10,42007,16,0.002876700554476399,6.148564340033441e-20,0.0028764242233926818,0.05094786053582917,10409.34007386949,75,75,1,False,False,0.007710541182495954,6.85406772199378e-05,0.007709508546107903,0.13655251649341535,7465.85016306173,75,75,1,False,False,0.007445553380288216,6.696581768562062e-05,0.0074445533215037815,0.13791396502038478,7444.115723375917,75,75,1,False,False
7,exponential,exponential_alpha_0.10,42007,17,0.0023926280242248,0.0,0.0023923516931410828,0.04237386106804707,8657.555498135345,75,75,1,False,False,0.006620778441387945,6.032512973593389e-05,0.006619745804999895,0.11725039836369532,6410.529283690343,75,75,1,False,False,0.00639521360101371,5.8989202891018263e-05,0.0063942135422292755,0.11845591061167215,6393.837684101271,75,75,1,False,False
7,exponential,exponential_alpha_0.10,42007,18,0.0019905135980462997,3.0742821700167204e-20,0.0019902372669625824,0.035251521623893944,7202.364787161599,75,75,1,False,False,0.005672921607089906,5.3309954091776986e-05,0.005671888970701856,0.10046174896733107,5492.629386624174,75,75,1,False,False,0.005481033359149994,5.2131082389792105e-05,0.00548003330036556,0.10152027774642836,5479.711178646591,75,75,1,False,False
7,exponential,exponential_alpha_0.10,42007,19,0.0016564110036508999,1.5371410850083602e-20,0.0016561346725671828,0.02933382275128514,5993.298510935549,75,75,1,False,False,0.004827266931717488,4.5605537214723235e-05,0.0048262342953294375,0.08548332676105135,4673.701557662829,75,75,1,False,False,0.004664927234425155,4.460576821117252e-05,0.004663927175640721,0.08640151552155279,4663.653025438228,75,75,1,False,False
7,exponential,exponential_alpha_0.10,42007,20,0.0013787572055662001,1.5371410850083602e-20,0.001378480874482483,0.024415957414517186,4988.511809599745,75,75,1,False,False,0.004125763989406274,4.116045555695931e-05,0.0041247313530182236,0.07305815185823715,3994.3695581041165,75,75,1,False,False,0.003988130333042383,4.026354862039691e-05,0.003987130274257949,0.07386352430136847,3986.8959068394865,75,75,1,False,False
7,exponential,exponential_alpha_0.10,42007,21,0.0011479636527710999,1.5371410850083602e-20,0.0011476873216873828,0.020328091082163584,4153.30518104926,75,75,1,False,False,0.00349129038063788,3.7711635536325625e-05,0.00349025774424983,0.06182021530134443,3379.9484355186482,75,75,1,False,False,0.0033752322574448755,3.690808782738008e-05,0.003374232198660442,0.06250928985524573,3374.033857990512,75,75,1,False,False
7,exponential,exponential_alpha_0.10,42007,22,0.0009560778553520996,2.30571162751254e-20,0.0009558015242683824,0.01692936749813716,3458.899778523444,75,75,1,False,False,0.0029467133496955166,3.2377656893090004e-05,0.0029456807133074665,0.0521745467668392,2852.582716816219,75,75,1,False,False,0.0028489954926280204,3.169335429534887e-05,0.002847995433843587,0.052760498270160786,2847.828025885554,75,75,1,False,False
7,exponential,exponential_alpha_0.10,42007,23,0.0007965031555401998,1.5371410850083602e-20,0.0007962268244564826,0.014102945204462298,2881.4233047755943,75,75,1,False,False,0.0025303020446699053,2.964609075183308e-05,0.002529269408281855,0.0447989778498995,2449.332056811996,75,75,1,False,False,0.00244736150768499,2.904265833219325e-05,0.0024463614489005562,0.045320033683731845,2446.2176493811103,75,75,1,False,False
7,exponential,exponential_alpha_0.10,42007,24,0.0006637666574423001,7.685705425041801e-21,0.0006634903263585829,0.011751887061470527,2401.0701852048364,75,75,1,False,False,0.002118986984695474,2.5236507929748005e-05,0.0021179543483074237,0.037513674749807116,2051.016575453572,75,75,1,False,False,0.0020495651659664556,2.4724931709550358e-05,0.002048565107182022,0.03795066330142326,2048.4446905207396,75,75,1,False,False
7,exponential,exponential_alpha_0.10,42007,25,0.0005533270148670002,7.685705425041801e-21,0.000553050683783283,0.009795755743358947,2001.4059813458662,75,75,1,False,False,0.0018039514472111178,2.1035765009433545e-05,0.0018029188108230677,0.031933695796406474,1745.9377102014912,75,75,1,False,False,0.0017452048772193885,2.0613404431923763e-05,0.0017442048184349546,0.03231224116874676,1744.1022923692262,75,75,1,False,False
7,exponential,exponential_alpha_0.10,42007,26,0.00046141521105419995,3.8428527125209005e-21,0.0004611388799704828,0.008167793593628516,1668.7911970211271,75,75,1,False,False,0.00151008845646574,1.6286920600454056e-05,0.0015090558200776898,0.02672872966262862,1461.362235091371,75,75,1,False,False,0.001460933742156143,1.5963668173976173e-05,0.0014599336833717091,0.027045980362450563,1459.8478670414258,75,75,1,False,False
7,exponential,exponential_alpha_0.10,42007,27,0.00038490265008139996,3.8428527125209005e-21,0.0003846263189976828,0.006812586230966429,1391.9039212808473,75,75,1,False,False,0.0012716096006196171,1.3706866037639875e-05,0.001270576964231567,0.022504739546851567,1230.420483855568,75,75,1,False,False,0.0012302577940824656,1.3416701048349168e-05,0.0012292577352980318,0.022772596418543102,1229.1854783256656,75,75,1,False,False
7,exponential,exponential_alpha_0.10,42007,28,0.0003211918603429,0.0,0.0003209155292591829,0.005684126665153106,1161.3443009823418,75,75,1,False,False,0.001074785093316442,1.182926515992414e-05,0.001073752456928392,0.019018540443616408,1039.8165989054949,75,75,1,False,False,0.0010399928170352864,1.1581919061971636e-05,0.0010389927582508526,0.01924784533464751,1038.9316852399895,75,75,1,False,False
7,exponential,exponential_alpha_0.10,42007,29,0.00026812592142069997,3.8428527125209005e-21,0.0002678495903369828,0.004744211045814369,969.3067704650783,75,75,1,False,False,0.0009125148433399349,1.0035177496423336e-05,0.0009114822069518847,0.01614437397064529,882.6748868233695,75,75,1,False,False,0.0008831322167631594,9.833212060228261e-06,0.0008821321579787256,0.01634192655016941,882.0803053874163,75,75,1,False,False
7,exponential,exponential_alpha_0.10,42007,30,0.00022391339631569997,1.9214263562604502e-21,0.00022363706523198282,0.003961109045536548,809.3083927572123,75,75,1,False,False,0.0007672211634119369,8.464392657136971e-06,0.0007661885270238867,0.013570900252301316,741.9732016906762,75,75,1,False,False,0.0007425547657944086,8.293601047951349e-06,0.0007415547070099747,0.013737661012899683,741.511117698772,75,75,1,False,False
7,exponential,exponential_alpha_0.10,42007,31,0.00018706610570390003,1.9214263562604502e-21,0.0001867897746201829,0.0033084617037620005,675.9636741097912,75,75,1,False,False,0.0006492233178874171,7.321848936415463e-06,0.0006481906814993669,0.011480896375814408,627.7046683618023,75,75,1,False,False,0.000628442870268271,7.1707152197434426e-06,0.0006274428114838371,0.011623682740685148,627.4059297814986,75,75,1,False,False
7,exponential,exponential_alpha_0.10,42007,32,0.0001563475397149,0.0,0.00015607120863118286,0.002764367684826817,564.797874099961,75,75,1,False,False,0.0005405176647103045,6.241059383838651e-06,0.0005394850283222543,0.009555477860533162,522.4346484060168,75,75,1,False,False,0.0005231630808355705,6.111568799604354e-06,0.0005221630220511367,0.009673323522324145,522.132328797825,75,75,1,False,False
7,exponential,exponential_alpha_0.10,42007,33,0.00013073008231420002,1.9214263562604502e-21,0.00013045375123048287,0.002310625626781566,472.0922072017625,75,75,1,False,False,0.000459340983486658,5.4067706439682535e-06,0.0004583083470986078,0.008117658570836824,443.82354951096033,75,75,1,False,False,0.000444663694188481,5.294779131402974e-06,0.0004436636354040472,0.008219084268923042,443.63755642148504,75,75,1,False,False
7,exponential,exponential_alpha_0.10,42007,34,0.00010935953741139996,2.882139534390675e-21,0.00010908320632768282,0.0019321058199923105,394.75546818808357,75,75,1,False,False,0.0003901684402162545,4.5732868107623814e-06,0.00038913580382820434,0.006892459221315142,376.8371987771702,75,75,1,False,False,0.00037777025091613556,4.48019140660098e-06,0.0003767701921317018,0.0069798507518620346,376.7480452111826,75,75,1,False,False
7,exponential,exponential_alpha_0.10,42007,35,9.152570567494731e-05,9.607131781302251e-22,9.124937459123017e-05,0.0016162290571911113,330.21755411574776,75,75,1,False,False,0.00032598441441836256,3.853880285902598e-06,0.0003249517780303124,0.005755617593996999,314.6817038317674,75,75,1,False,False,0.0003156035888278415,3.7764909730870936e-06,0.0003146035300434077,0.0058281831513474595,314.5850373401089,75,75,1,False,False
7,exponential,exponential_alpha_0.10,42007,36,7.663797606808973e-05,9.607131781302251e-22,7.636164498437259e-05,0.001352534305375024,276.3411338209658,75,75,1,False,False,0.00027449502603206505,3.347440162122593e-06,0.0002734623896440149,0.00484362618562048,264.81963332743464,75,75,1,False,False,0.000265772525089363,3.2810285342728263e-06,0.0002647724663049292,0.004905038499873745,264.75690272031085,75,75,1,False,False
7,exponential,exponential_alpha_0.10,42007,37,6.420507408991575e-05,0.0,6.39287430061986e-05,0.0011323200021828037,231.34835989582777,75,75,1,False,False,0.0002299678179275985,2.6242346014207927e-06,0.00022893518153954833,0.0040549504506204185,221.69970397016814,75,75,1,False,False,0.00022265362197941154,2.573369497859277e-06,0.00022165356319497776,0.004106239883166143,221.640534181671,75,75,1,False,False
7,exponential,exponential_alpha_0.10,42007,38,5.381825601013731e-05,9.607131781302251e-22,5.3541924926420164e-05,0.0009483463884731344,193.76005118999137,75,75,1,False,False,0.000191627661500204,2.1928509307653115e-06,0.0001905950251121538,0.003375861140115017,184.57128503096314,75,75,1,False,False,0.00018550348592322248,2.149987881314899e-06,0.0001845034271387887,0.0034180155742937267,184.4925818468264,75,75,1,False,False
7,exponential,exponential_alpha_0.10,42007,39,4.513736032795073e-05,0.0,4.4861029244233584e-05,0.0007945884486861888,162.345215170051,75,75,1,False,False,0.00016297915833162645,1.8205758985179945e-06,0.00016194652194357627,0.002868432530620342,156.82821544702995,75,75,1,False,False,0.00015779966760481802,1.7846342676477148e-06,0.00015679960882038424,0.002904788888219867,156.79039198596766,75,75,1,False,False
7,exponential,exponential_alpha_0.10,42007,40,3.7879228638586695e-05,4.803565890651126e-22,3.760289755486955e-05,0.0006660308186769944,136.07914480355734,75,75,1,False,False,0.0001376936543877265,1.5840299102200006e-06,0.00013666101799967632,0.0024205701054483978,132.34185777407987,75,75,1,False,False,0.00013332382281349407,1.552915525028204e-06,0.0001323237640290603,0.002451361979093617,132.31598590874728,75,75,1,False,False
7,exponential,exponential_alpha_0.10,42007,41,3.1808091681316054e-05,0.0,3.153176059759891e-05,0.0005584975012763654,114.10862713466898,75,75,1,False,False,0.00011517563572575201,1.2883599388260536e-06,0.00011414299933770183,0.002021725990243331,110.53551923850594,75,75,1,False,False,0.00011151153724107236,1.2626461435057627e-06,0.00011051147845663857,0.002047278797801827,110.5049824838123,75,75,1,False,False
7,exponential,exponential_alpha_0.10,42007,42,2.6727585562959944e-05,0.0,2.6451254479242798e-05,0.00046851045588007246,95.72305121604909,75,75,1,False,False,9.64669618843311e-05,9.9537184497479e-07,9.543432549628092e-05,0.0016903538310425624,92.41813149397123,75,75,1,False,False,9.339072096048378e-05,9.748996487766995e-07,9.239066217604998e-05,0.0017115818775523392,92.38523136253379,75,75,1,False,False
7,exponential,exponential_alpha_0.10,42007,43,2.2474120479051315e-05,0.0,2.219778939533417e-05,0.0003931721437748445,80.33041052325433,75,75,1,False,False,8.073245250169432e-05,8.888198258328411e-07,7.969981611364414e-05,0.0014116607289935336,77.18090998529803,75,75,1,False,False,7.815785598206227e-05,8.711774757162571e-07,7.715779719762847e-05,0.0014293856574344734,77.1532617868193,75,75,1,False,False
7,exponential,exponential_alpha_0.10,42007,44,1.891137173970617e-05,2.401782945325563e-22,1.8635040655989023e-05,0.00033006795197302983,67.43736681850781,75,75,1,False,False,6.765160493052776e-05,7.434446452653137e-07,6.661896854247757e-05,0.0011799698704872106,64.51348152496091,75,75,1,False,False,6.549287062217704e-05,7.286617504937897e-07,6.449281183774325e-05,0.0011947606540965874,64.48902088716474,75,75,1,False,False
7,exponential,exponential_alpha_0.10,42007,45,1.5925702244078362e-05,0.0,1.5649371160361216e-05,0.00027718511507009543,56.63268478467644,75,75,1,False,False,5.694681709066998e-05,6.23137268426748e-07,5.59141807026198e-05,0.0009903643062260938,54.14701762369308,75,75,1,False,False,5.5128346472407674e-05,6.102025437207292e-07,5.412828768797388e-05,0.001002752811676367,54.12510597426537,75,75,1,False,False
7,exponential,exponential_alpha_0.10,42007,46,1.3422358138401452e-05,2.401782945325563e-22,1.3146027054684304e-05,0.00023284533190042565,47.57346469259539,75,75,1,False,False,4.8741865781691687e-05,5.429668117279322e-07,4.7709229393641506e-05,0.0008450363981958787,46.20138312550262,75,75,1,False,False,4.719533994827756e-05,5.320167182320825e-07,4.619528116384377e-05,0.0008557900139064714,46.192565760020265,75,75,1,False,False
7,exponential,exponential_alpha_0.10,42007,47,1.1322306398455067e-05,0.0,1.104597531473792e-05,0.00019564875210017016,39.97369809487161,75,75,1,False,False,4.126467502307532e-05,4.4187439674350496e-07,4.023203863502514e-05,0.0007125987456160869,38.96050836538035,75,75,1,False,False,3.9957698662501114e-05,4.3308969777025485e-07,3.895763987806732e-05,0.0007217091948150935,38.955349909879786,75,75,1,False,False
7,exponential,exponential_alpha_0.10,42007,48,9.559605458067606e-06,1.2008914726627814e-22,9.283274374350458e-06,0.00016442740409910542,33.594752531904234,75,75,1,False,False,3.508374051558766e-05,3.877839216874855e-07,3.405110412753748e-05,0.0006031206697788758,32.974921784262015,75,75,1,False,False,3.397488489834976e-05,3.800463203240863e-07,3.297482611391597e-05,0.0006108746648495031,32.972887821374975,75,75,1,False,False
7,exponential,exponential_alpha_0.10,42007,49,8.079218555676986e-06,1.2008914726627814e-22,7.802887471959839e-06,0.00013820646463242754,28.23745836695988,75,75,1,False,False,2.9822282689582633e-05,3.1979586982182767e-07,2.8789646301532452e-05,0.0005099285678092018,27.879751899788253,75,75,1,False,False,2.8881627883623983e-05,3.133496018886232e-07,2.7881569099190193e-05,0.000516519605595682,27.87993019327968,75,75,1,False,False
7,exponential,exponential_alpha_0.10,42007,50,6.835194848783388e-06,6.004457363313907e-23,6.558863765066241e-06,0.00011617204223859703,23.735526517096098,75,75,1,False,False,2.5264834255526095e-05,2.9874672942540715e-07,2.4232197867475915e-05,0.0004292060355313725,23.466341248376,75,75,1,False,False,2.4468024862824117e-05,2.927447829016162e-07,2.3467966078390328e-05,0.0004347554665886822,23.466586608383572,75,75,1,False,False
7,exponential,exponential_alpha_0.10,42007,51,5.789156095840518e-06,0.0,5.512825012123371e-06,9.764437303507894e-05,19.950071985988778,75,75,1,False,False,2.1515882598778964e-05,2.230704194874883e-07,2.0483246210728783e-05,0.0003628037765703362,19.83587490017197,75,75,1,False,False,2.0838828772702514e-05,2.1863032371519936e-07,1.9838769988268724e-05,0.00036752284684514534,19.837603845958892,75,75,1,False,False
7,exponential,exponential_alpha_0.10,42007,52,4.9090372775346925e-06,6.004457363313907e-23,4.632706193817546e-06,8.20555143245526e-05,16.76505636463104,75,75,1,False,False,1.8362810840228634e-05,1.9365485779004376e-07,1.7330174452178454e-05,0.00030695587384873776,16.782455715027865,75,75,1,False,False,1.7786513462529702e-05,1.89752973327844e-07,1.6786454678095912e-05,0.00031097722365746347,16.785467953866345,75,75,1,False,False
7,exponential,exponential_alpha_0.10,42007,53,4.168038297758082e-06,6.004457363313907e-23,3.891707214040935e-06,6.893077689123952e-05,14.083494197216321,75,75,1,False,False,1.566352623775288e-05,1.7022270319044219e-07,1.4630889849702701e-05,0.00025914554936494504,14.168481780240871,75,75,1,False,False,1.51718433784965e-05,1.668008199504911e-07,1.417178459406271e-05,0.00026253919078481275,14.170951562698834,75,75,1,False,False
7,exponential,exponential_alpha_0.10,42007,54,3.543751178011396e-06,6.004457363313907e-23,3.267420094294249e-06,5.787326567557675e-05,11.824294430947146,75,75,1,False,False,1.3249820970164122e-05,1.561360394586936e-07,1.2217184582113944e-05,0.00021639346907455445,11.831061468967212,75,75,1,False,False,1.2832871915340076e-05,1.5310689913477803e-07,1.1832813130906286e-05,0.00021920860873072737,11.832117586573423,75,75,1,False,False
7,exponential,exponential_alpha_0.10,42007,55,3.017433193522024e-06,3.0022286816569535e-23,2.741102109804877e-06,4.855100540075687e-05,9.919630006628845,75,75,1,False,False,1.1272060013811113e-05,1.3195620740496267e-07,1.0239423625760935e-05,0.00018136293061711033,9.91580748485436,75,75,1,False,False,1.0917226318135315e-05,1.2940693146501408e-07,9.917167533701525e-06,0.00018372034389135553,9.916584592891102,75,75,1,False,False
7,exponential,exponential_alpha_0.10,42007,56,2.5734014071820705e-06,6.004457363313907e-23,2.2970703234649237e-06,4.068621642424063e-05,8.312746769437673,75,75,1,False,False,9.66506056825985e-06,1.0801618307622294e-07,8.632424180209671e-06,0.00015289940184855724,8.359597124510971,75,75,1,False,False,9.361761314476903e-06,1.059711077152324e-07,8.361702530043114e-06,0.00015490459943489078,8.361211020987447,75,75,1,False,False
7,exponential,exponential_alpha_0.10,42007,57,2.198528214338207e-06,6.004457363313907e-23,1.92219713062106e-06,3.404637971576538e-05,6.956137922538695,75,75,1,False,False,8.210225608566508e-06,8.873848206009388e-08,7.177589220516329e-06,0.0001271310440290416,6.950742103974307,75,75,1,False,False,7.951899027143923e-06,8.701889149860459e-08,6.951840242710133e-06,0.00012878621599647058,6.951431606739102,75,75,1,False,False
7,exponential,exponential_alpha_0.10,42007,58,1.8818209633423248e-06,0.0,1.605489879625178e-06,2.8436791003780295e-05,5.810022738044776,75,75,1,False,False,7.123947686682049e-06,7.808552710681095e-08,6.09131129863187e-06,0.00010789064978634422,5.898795906401737,75,75,1,False,False,6.9011564850132126e-06,7.654995179935409e-08,5.901097700579423e-06,0.00010932070021028329,5.900750828283047,75,75,1,False,False
7,exponential,exponential_alpha_0.10,42007,59,1.6140715846882994e-06,1.5011143408284767e-23,1.3377405009711526e-06,2.3694354929406456e-05,4.8410786183593695,75,75,1,False,False,6.069178963484007e-06,7.328672419711299e-08,5.036542575433828e-06,8.920835342337404e-05,4.877363061884555,75,75,1,False,False,5.8790607370825446e-06,7.183689144927636e-08,4.879001952648755e-06,9.038588019624377e-05,4.878715160140444,75,75,1,False,False
7,exponential,exponential_alpha_0.10,42007,60,1.3875645462563041e-06,1.5011143408284767e-23,1.1112334625391573e-06,1.9682412285283627e-05,4.021384230796918,75,75,1,False,False,5.172842093533525e-06,5.883942599019588e-08,4.140205705483346e-06,7.333223700355882e-05,4.00935484493324,75,75,1,False,False,5.010188345043753e-06,5.7688787192690926e-08,4.010129560609963e-06,7.428959724845629e-05,4.009893841270946,75,75,1,False,False
7,exponential,exponential_alpha_0.10,42007,61,1.1958334377902442e-06,0.0,9.195023540730974e-07,1.628642858612424e-05,3.3275386239729086,75,75,1,False,False,4.431894723272609e-06,4.7626616220893775e-08,3.399258335222431e-06,6.020841368937551e-05,3.2918250553235886,75,75,1,False,False,4.292010974900595e-06,4.666683184937285e-08,3.2919521904668054e-06,6.098501275199543e-05,3.2917586862962587,75,75,1,False,False
7,exponential,exponential_alpha_0.10,42007,62,1.0334581450266072e-06,0.0,7.571270613094605e-07,1.3410401572129492e-05,2.7399272319449137,75,75,1,False,False,3.803208730182028e-06,4.143370734087028e-08,2.770572342131849e-06,4.907298865842188e-05,2.6830086312988026,75,75,1,False,False,3.6829004416184405e-06,4.058997517471793e-08,2.6828416571846504e-06,4.970094436632441e-05,2.682683957127194,75,75,1,False,False
7,exponential,exponential_alpha_0.10,42007,63,8.958959633141032e-07,7.505571704142384e-24,6.195648795969564e-07,1.097386985615518e-05,2.242110700188707,75,75,1,False,False,3.282922003024916e-06,3.821560390172204e-08,2.2502856149747376e-06,3.9857555344284896e-05,2.1791655233297758,75,75,1,False,False,3.1787894414768568e-06,3.744709515731049e-08,2.178730657043067e-06,4.0362043315122875e-05,2.178602589123412,75,75,1,False,False
7,exponential,exponential_alpha_0.10,42007,64,7.793411752689096e-07,0.0,5.030100915517627e-07,8.90942573215679e-06,1.8203167185731632,75,75,1,False,False,2.8194630473390992e-06,3.0478997238096065e-08,1.7868266592889204e-06,3.164866805765514e-05,1.7303541497920691,75,75,1,False,False,2.7294787993754585e-06,2.986419860577636e-08,1.7294200149416686e-06,3.203834550519949e-05,1.7293183579411546,75,75,1,False,False
7,exponential,exponential_alpha_0.10,42007,65,6.806086264880999e-07,7.505571704142384e-24,4.042775427709531e-07,7.160653042536408e-06,1.4630186996435497,75,75,1,False,False,2.5028327190576387e-06,2.9418135459440523e-08,1.4701963310074599e-06,2.604044181776111e-05,1.4237308969747624,75,75,1,False,False,2.423476361616478e-06,2.8840851875846572e-08,1.4234175771826882e-06,2.6369501764723762e-05,1.4233339073048534,75,75,1,False,False
7,exponential,exponential_alpha_0.10,42007,66,5.97037728552828e-07,7.505571704142384e-24,3.207066448356812e-07,5.680426858153108e-06,1.1605883801474803,75,75,1,False,False,2.2111198020852945e-06,2.6030473198452908e-08,1.1784834140351157e-06,2.0873558265071054e-05,1.1412375427330472,75,75,1,False,False,2.1410683037223485e-06,2.550942886273188e-08,1.1410095192885586e-06,2.1137755367611733e-05,1.14094244963267,75,75,1,False,False
7,exponential,exponential_alpha_0.10,42007,67,5.264141605843343e-07,0.0,2.500830768671875e-07,4.429526639006168e-06,0.905012470921198,75,75,1,False,False,1.9680500600602545e-06,2.1641066054497765e-08,9.354136720100757e-07,1.6568253360301066e-05,0.9058499998981453,75,75,1,False,False,1.905885747009273e-06,2.1212779635037887e-08,9.058269625754831e-07,1.6780884310453405e-05,0.905773717180377,75,75,1,False,False
7,exponential,exponential_alpha_0.10,42007,68,4.669074173033029e-07,0.0,1.9057633358615605e-07,3.375530071682207e-06,0.689666652851948,75,75,1,False,False,1.7351679440132566e-06,1.9989896951166475e-08,7.025315559630778e-07,1.2443393934782499e-05,0.6803281039607716,75,75,1,False,False,1.6801662552505148e-06,1.9589558082270795e-08,6.801074708167249e-07,1.2599321126411589e-05,0.6800674934341844,75,75,1,False,False
7,exponential,exponential_alpha_0.10,42007,69,4.1702341242155856e-07,3.752785852071192e-24,1.406923287044117e-07,2.4919735701707204e-06,0.5091440557893396,75,75,1,False,False,1.5594892956735408e-06,1.8010491156086333e-08,5.26852907623362e-07,9.331734951401407e-06,0.5102017648420896,75,75,1,False,False,1.510141303708063e-06,1.7648924591369817e-08,5.100825192742731e-07,9.449526342635132e-06,0.5100525361247339,75,75,1,False,False
7,exponential,exponential_alpha_0.10,42007,70,3.755728817533576e-07,7.505571704142384e-24,9.924179803621076e-08,1.7577926247993281e-06,0.3591409142295221,75,75,1,False,False,1.42583298771326e-06,1.6731761122738387e-08,3.9319659966308127e-07,6.964384933168508e-06,0.38076965349392156,75,75,1,False,False,1.3810311120627844e-06,1.6401419237735765e-08,3.809723276289945e-07,7.057697352316967e-06,0.38094993370283947,75,75,1,False,False
7,exponential,exponential_alpha_0.10,42007,71,3.4165896479288256e-07,3.752785852071192e-24,6.532788107573571e-08,1.1571018443941967e-06,0.2364116269402594,75,75,1,False,False,1.2797045884872639e-06,1.4551683452666752e-08,2.470682004370851e-07,4.376126482435228e-06,0.23925963029793929,75,75,1,False,False,1.2392876394506949e-06,1.4264557520062566e-08,2.39228855016905e-07,4.4318306979368425e-06,0.23921479291074954,75,75,1,False,False
7,exponential,exponential_alpha_0.10,42007,72,3.1469253923331043e-07,7.505571704142384e-24,3.836145551616358e-08,6.794665646653827e-07,0.13882425024406753,75,75,1,False,False,1.180564272592055e-06,1.3527568086247965e-08,1.4792788454187623e-07,2.6201313317096454e-06,0.14325263592656579,75,75,1,False,False,1.14332957938023e-06,1.3255349543399777e-08,1.432707949464402e-07,2.6541610422228525e-06,0.14326237334893954,75,75,1,False,False
7,exponential,exponential_alpha_0.10,42007,73,2.9445538243944083e-07,3.752785852071192e-24,1.8124298722293985e-08,3.2102157814677864e-07,0.06558906974376444,75,75,1,False,False,1.094748829379988e-06,1.2286494012970267e-08,6.211244132980914e-08,1.1001492661185184e-06,0.060149382733926116,75,75,1,False,False,1.0600999629274222e-06,1.2041633568604349e-08,6.004117849363231e-08,1.1122919848844393e-06,0.06003764921441723,75,75,1,False,False
7,exponential,exponential_alpha_0.10,42007,74,2.8125962318125994e-07,3.752785852071192e-24,4.9285394641130945e-09,8.729537848447081e-08,0.01783563180014136,75,75,1,False,False,1.0393649883836767e-06,1.1361213497482597e-08,6.7286003334979e-09,1.1917845379150996e-07,0.00651594347377471,75,75,1,False,False,1.0063914098720366e-06,1.1136160445086984e-08,6.332625438246718e-09,1.173149610809881e-07,0.00633225320032782,75,75,1,False,False
7,exponential,exponential_alpha_0.10,42007,75,2.7633108371714685e-07,0.0,0.0,0.0,0.0,75,75,1,False,False,1.0326363880501788e-06,1.1597802727873744e-08,0.0,0.0,0.0,75,75,1,False,False,1.0000587844337899e-06,1.13742970485249e-08,0.0,0.0,0.0,75,75,1,False,False
7,exponential,exponential_alpha_0.10,42007,76,2.8280094533824313e-07,0.0,6.469861621096282e-09,1.1459561662602762e-07,0.02341344134747736,75,75,1,False,False,1.0659261664847098e-06,1.253895205560221e-08,3.3289778434531016e-08,5.89635901115689e-07,0.03223765772711995,75,75,1,False,False,1.032367478482269e-06,1.2290347190943584e-08,3.2308694048479166e-08,5.985342448935815e-07,0.03230679491183275,75,75,1,False,False
8,exponential,exponential_alpha_0.15,42008,0,0.03572869891887599,4.918851472026753e-19,0.03572869882931209,0.9999999974932223,398918512.207213,76,76,1,False,False,0.03572869891887599,4.918851472026753e-19,0.03572869857931374,0.9999999904960925,105219878.0121144,76,76,1,False,False,0.034634775226314904,4.918851472026753e-19,0.03463477489434741,0.999999990415197,104331825.27450171,76,76,1,False,False
8,exponential,exponential_alpha_0.15,42008,1,0.026803515099093195,2.4594257360133763e-19,0.026803515009529294,0.7501956640063545,299266938.8999128,76,76,1,False,False,0.030741711406603506,9.40062765966547e-05,0.030741711067041256,0.8604206701408867,90533358.8117465,76,76,1,False,False,0.029823820452103078,9.22309397350537e-05,0.02982382012013558,0.8610946635356235,89839578.84189917,76,76,1,False,False
8,exponential,exponential_alpha_0.15,42008,2,0.020111103291465805,2.4594257360133763e-19,0.020111103201901903,0.5628837268204276,224544739.41174,76,76,1,False,False,0.02619554648391373,0.0001295903606883197,0.02619554614435148,0.7331794030291987,77145048.08090656,76,76,1,False,False,0.025432133610668206,0.00012718544778418276,0.025432133278700707,0.7342947402579882,76610311.27487679,76,76,1,False,False
8,exponential,exponential_alpha_0.15,42008,3,0.015092160999918605,3.689138604020064e-19,0.015092160910354702,0.4224100335873494,168507182.5624743,76,76,1,False,False,0.022079567741484674,0.00011659597553187226,0.022079567401922424,0.6179784898424462,65023621.93331135,76,76,1,False,False,0.021451223247163313,0.00011451545020957316,0.021451222915195814,0.6193550492251367,64618443.397992425,76,76,1,False,False
8,exponential,exponential_alpha_0.15,42008,4,0.011327660330020197,2.4594257360133763e-19,0.011327660240456294,0.31704653634817154,126475732.89750919,76,76,1,False,False,0.018377950451401174,0.00011934351022673007,0.018377950111838924,0.5143750169455397,54122477.04986398,76,76,1,False,False,0.017865555348384965,0.00011718557510764614,0.017865555016417466,0.515827081298438,53817181.43371191,76,76,1,False,False
8,exponential,exponential_alpha_0.15,42008,5,0.008503626999108001,1.2297128680066881e-19,0.008503626909544098,0.23800550165154513,94944800.85397126,76,76,1,False,False,0.015232868519856517,0.00011353562217356929,0.015232868180294267,0.4263482478016159,44860311.050712995,76,76,1,False,False,0.014816882519945467,0.00011142149611026016,0.01481688218797797,0.4278036190839881,44633532.865873754,76,76,1,False,False
8,exponential,exponential_alpha_0.15,42008,6,0.006384772117723202,1.844569302010032e-19,0.006384772028159299,0.1787014982733147,71287335.99909204,76,76,1,False,False,0.012590263467325209,0.00010908726111407075,0.012590263127762959,0.3523851555957818,37077923.43745327,76,76,1,False,False,0.012253987405880337,0.00010710386619729577,0.01225398707391284,0.3538058784513916,36913213.44548806,76,76,1,False,False
8,exponential,exponential_alpha_0.15,42008,7,0.0047947494309388,0.0,0.004794749341374897,0.13419882297593996,53534394.93571995,76,76,1,False,False,0.010317241538000373,9.333758801743444e-05,0.010317241198438123,0.28876621625276633,30383946.336902134,76,76,1,False,False,0.010047573051064261,9.168324641168527e-05,0.010047572719096764,0.29010070524328946,30266736.381553303,76,76,1,False,False
8,exponential,exponential_alpha_0.15,42008,8,0.0036013715995711006,3.0742821700167204e-20,0.003601371510007198,0.10079772337034475,40210077.94156987,76,76,1,False,False,0.008318168184346254,8.667761831731233e-05,0.008318167844784004,0.23281474267145494,24496739.056127034,76,76,1,False,False,0.008103913395939289,8.52020074321845e-05,0.008103913063971792,0.23398197363829226,24411766.624995347,76,76,1,False,False
8,exponential,exponential_alpha_0.15,42008,9,0.0027055386257658,0.0,0.002705538536201897,0.07572451889012173,30207912.488978874,76,76,1,False,False,0.006606788682387348,7.524409814410248e-05,0.006606788342825097,0.18491544732222628,19456780.994715665,76,76,1,False,False,0.006438865200295561,7.396443364461319e-05,0.006438864868328064,0.1859075113453003,19396070.176802825,76,76,1,False,False
8,exponential,exponential_alpha_0.15,42008,10,0.0020329453437357994,3.0742821700167204e-20,0.0020329452541718966,0.056899504199350005,22698265.617432274,76,76,1,False,False,0.005267895983593706,6.70351816379917e-05,0.005267895644031456,0.14744157507645345,15513784.690900015,76,76,1,False,False,0.0051358598640830685,6.589361231898629e-05,0.005135859532115572,0.148286209411096,15470971.039182847,76,76,1,False,False
8,exponential,exponential_alpha_0.15,42008,11,0.001527869661743,0.0,0.0015278695721790973,0.04276309013233901,17058988.33573872,76,76,1,False,False,0.004219821448956041,5.71069468266555e-05,0.00421982110939379,0.11810732652132477,12427238.607018085,76,76,1,False,False,0.00411607223386233,5.6150639090560606e-05,0.004116071901894833,0.11884217163238618,12399020.80483463,76,76,1,False,False
8,exponential,exponential_alpha_0.15,42008,12,0.0011485188854850003,1.5371410850083602e-20,0.0011485187959210975,0.0321455533135666,12823456.334071185,76,76,1,False,False,0.003281507114833448,4.840025590483311e-05,0.003281506775271197,0.0918451237959166,9663932.813659014,76,76,1,False,False,0.0032015316995319364,4.7593076540663656e-05,0.0032015313675644395,0.09243690327552555,9644110.93389505,76,76,1,False,False
8,exponential,exponential_alpha_0.15,42008,13,0.0008635428771219999,7.685705425041801e-21,0.0008635427875580972,0.02416944399567472,9641638.66379956,76,76,1,False,False,0.0025629081924723384,3.7897385709132554e-05,0.0025629078529100877,0.0717324708277039,7547681.90173103,76,76,1,False,False,0.0025012663176971163,3.728214702083319e-05,0.0025012659857296194,0.07221834036414362,7534671.340704667,76,76,1,False,False
8,exponential,exponential_alpha_0.15,42008,14,0.0006494211507075002,7.685705425041801e-21,0.0006494210611435974,0.01817645424531535,7250924.102920133,76,76,1,False,False,0.0019659484294725573,2.839125125636036e-05,0.0019659480899103065,0.05502434035938732,5789654.435336138,76,76,1,False,False,0.0019189132167173567,2.7930185669105153e-05,0.0019189128847498596,0.05540422515264089,5780423.993498707,76,76,1,False,False
8,exponential,exponential_alpha_0.15,42008,15,0.0004885046062838999,7.685705425041801e-21,0.0004885045167199972,0.013672608617212005,5454256.701242341,76,76,1,False,False,0.001537653935546725,2.1665714973235063e-05,0.0015376535959844746,0.04303693228448657,4528340.808026237,76,76,1,False,False,0.0015012013448926441,2.1311616170011616e-05,0.001501201012925147,0.043343749255359984,4522132.51739578,76,76,1,False,False
8,exponential,exponential_alpha_0.15,42008,16,0.0003675476931161,0.0,0.0003675476035521973,0.010287181304495152,4103747.0710822437,76,76,1,False,False,0.0011672761614692536,1.725247770247882e-05,0.0011672758219070031,0.03267053817317468,3437590.073842105,76,76,1,False,False,0.001139713302827374,1.6976592792052748e-05,0.0011397129708598768,0.032906607980349833,3433206.507088991,76,76,1,False,False
8,exponential,exponential_alpha_0.15,42008,17,0.0002766080284748999,3.8428527125209005e-21,0.0002766079389109972,0.0077418978938766,3088386.3972273064,76,76,1,False,False,0.0009096059444326291,1.3366481079962583e-05,0.0009096056048703786,0.025458682582752003,2678759.50116499,76,76,1,False,False,0.0008883613019493849,1.316125136623207e-05,0.0008883609699818879,0.025649393252216823,2676048.040836662,76,76,1,False,False
8,exponential,exponential_alpha_0.15,42008,18,0.00020822136856939996,1.9214263562604502e-21,0.00020822127900549722,0.005827843870785087,2324834.812137356,76,76,1,False,False,0.000709701340675938,1.0454498882570325e-05,0.0007097010011136875,0.01986361167881045,2090046.817588058,76,76,1,False,False,0.0006933435402118535,1.0298641698593022e-05,0.0006933432082443565,0.020018700964964435,2088587.631317869,76,76,1,False,False
8,exponential,exponential_alpha_0.15,42008,19,0.0001567829408825,0.0,0.00015678285131859727,0.004388148912855223,1750513.8400480535,76,76,1,False,False,0.0005533060619931809,8.698232239025398e-06,0.0005533057224309304,0.01548631042197316,1629467.708944062,76,76,1,False,False,0.000540680840085644,8.568656198041727e-06,0.000540680508118147,0.015610914307517935,1628715.1995180943,76,76,1,False,False
8,exponential,exponential_alpha_0.15,42008,20,0.0001180834536194,0.0,0.00011808336405549727,0.003305000395441551,1318425.8438987944,76,76,1,False,False,0.000422111970482345,6.797969843413591e-06,0.00042211163092009446,0.011814357748613306,1243105.2929149284,76,76,1,False,False,0.0004125303831033955,6.696418318446575e-06,0.0004125300511358985,0.011910862664483681,1242682.0542903598,76,76,1,False,False
8,exponential,exponential_alpha_0.15,42008,21,8.896105830747066e-05,1.9214263562604502e-21,8.896096874356792e-05,0.002489902275634463,993268.1138273563,76,76,1,False,False,0.000321270569111862,5.542793795747265e-06,0.00032127022954961143,0.008991937553591678,946130.5814734044,76,76,1,False,False,0.00031399846962904096,5.459179694463441e-06,0.00031399813766154396,0.009065978791829249,945870.1243174459,76,76,1,False,False
8,exponential,exponential_alpha_0.15,42008,22,6.704024832056681e-05,9.607131781302251e-22,6.704015875666407e-05,0.001876367200184997,748517.6137285798,76,76,1,False,False,0.0002439611756576335,3.91950572162768e-06,0.00024396083609538294,0.0068281477769260406,718456.8829649959,76,76,1,False,False,0.00023845270430410898,3.860681454979733e-06,0.00023845237233661198,0.0068847674274911995,718300.3591853598,76,76,1,False,False
8,exponential,exponential_alpha_0.15,42008,23,5.053594690428711e-05,4.803565890651126e-22,5.0535857340384365e-05,0.0014144331831150317,564243.5824391941,76,76,1,False,False,0.00018596046474712497,3.1724656463241983e-06,0.00018596012518487442,0.00520478301230916,547646.6388394783,76,76,1,False,False,0.000181785023823697,3.126030042192204e-06,0.0001817846918562,0.005248617629776998,547597.8627311806,76,76,1,False,False
8,exponential,exponential_alpha_0.15,42008,24,3.810648509228008e-05,0.0,3.810639552837734e-05,0.0010665486480462118,425466.0009417579,76,76,1,False,False,0.00014016158445064787,2.3625946511662546e-06,0.00014016124488839732,0.003922931680401832,412770.39678467147,76,76,1,False,False,0.00013700205682587395,2.3270042957377614e-06,0.00013700172485837695,0.00395561177929301,412696.2009665709,76,76,1,False,False
8,exponential,exponential_alpha_0.15,42008,25,2.8743250818542746e-05,2.401782945325563e-22,2.8743161254640004e-05,0.000804483849801051,320923.50126185006,76,76,1,False,False,0.00010620342030418513,1.8313455073697739e-06,0.0001062030807419346,0.0029724866551417008,312764.68621913437,76,76,1,False,False,0.00010381810501136797,1.8041938194171656e-06,0.00010381777304387097,0.0029975009904205188,312734.75259020034,76,76,1,False,False
8,exponential,exponential_alpha_0.15,42008,26,2.1687848445186372e-05,2.401782945325563e-22,2.168775888128363e-05,0.0006070122768961416,242148.4349979339,76,76,1,False,False,8.142573282980407e-05,1.5570548304312678e-06,8.142539326755353e-05,0.002278991279599474,239795.1867091204,76,76,1,False,False,7.960283232952731e-05,1.5341599983646496e-06,7.960250036203031e-05,0.0022983403195742324,239790.04294150154,76,76,1,False,False
8,exponential,exponential_alpha_0.15,42008,27,1.636989958417353e-05,4.803565890651126e-22,1.6369810020270787e-05,0.00045816977711501207,182772.40628320078,76,76,1,False,False,6.14059374999199e-05,1.205821125815815e-06,6.140559793766936e-05,0.0017186631418371601,180837.5278466864,76,76,1,False,False,6.003058225717558e-05,1.1885355132276167e-06,6.0030250289678576e-05,0.0017332363180480128,180831.71042724227,76,76,1,False,False
8,exponential,exponential_alpha_0.15,42008,28,1.2360333726583639e-05,1.2008914726627814e-22,1.2360244162680896e-05,0.0003459472227283037,138004.75173893946,76,76,1,False,False,4.6050544811438186e-05,8.633353271542738e-07,4.605020524918765e-05,0.0012888855917688807,135616.3860263791,76,76,1,False,False,4.5017179788269395e-05,8.51108311458677e-07,4.501684782077239e-05,0.001299758624868146,135606.19104852865,76,76,1,False,False
8,exponential,exponential_alpha_0.15,42008,29,9.3363047606807e-06,0.0,9.336215196777958e-06,0.0002613085692814159,104240.82594604645,76,76,1,False,False,3.559385501515732e-05,6.694138296052149e-07,3.559351545290678e-05,0.0009962163899033616,104821.7680155171,76,76,1,False,False,3.480144617328167e-05,6.600218583571499e-07,3.480111420578467e-05,0.0010048026579754842,104832.89635205577,76,76,1,False,False
8,exponential,exponential_alpha_0.15,42008,30,7.054834774160725e-06,6.004457363313907e-23,7.054745210257983e-06,0.00019745317976107042,78767.72889832276,76,76,1,False,False,2.6672396824663737e-05,4.876802615812562e-07,2.6672057262413196e-05,0.0007465163319541412,78548.35812878217,76,76,1,False,False,2.607716300597917e-05,4.806839394180801e-07,2.6076831038482163e-05,0.0007529089150452876,78552.36212502852,76,76,1,False,False
8,exponential,exponential_alpha_0.15,42008,31,5.333010351629851e-06,1.2008914726627814e-22,5.332920787727109e-06,0.000149261544615319,59543.19345695514,76,76,1,False,False,2.0220085006185674e-05,3.626473165725011e-07,2.0219745443935133e-05,0.0005659244824404381,59546.50557237635,76,76,1,False,False,1.976882799864481e-05,3.575005651388683e-07,1.9768496031147805e-05,0.0005707701551973129,59549.49267471643,76,76,1,False,False
8,exponential,exponential_alpha_0.15,42008,32,4.0330993903960185e-06,0.0,4.0330098264932765e-06,0.0001128787207071394,45029.41143722429,76,76,1,False,False,1.5423902448149783e-05,2.8106266005033913e-07,1.5423562885899242e-05,0.000431685545586737,45421.90087791506,76,76,1,False,False,1.5080932389144194e-05,2.771245806722741e-07,1.508060042164719e-05,0.0004354178805291974,45427.94266818396,76,76,1,False,False
8,exponential,exponential_alpha_0.15,42008,33,3.051363588996459e-06,0.0,3.051274025093717e-06,8.540120736055363e-05,34068.12266637295,76,76,1,False,False,1.1740714619453388e-05,2.0794058094820236e-07,1.1740375057202847e-05,0.00032859788944064334,34575.03017058064,76,76,1,False,False,1.1479679073626171e-05,2.04838530634388e-07,1.1479347106129167e-05,0.0003314399193042072,34579.73208128141,76,76,1,False,False
8,exponential,exponential_alpha_0.15,42008,34,2.309647173884932e-06,0.0,2.30955760998219e-06,6.464152571651628e-05,25786.701330278498,76,76,1,False,False,8.792240608541524e-06,1.5464025529631032e-07,8.791901046290983e-06,0.0002460739213105265,25891.868228330157,76,76,1,False,False,8.596441721993764e-06,1.5233292842537912e-07,8.59610975449676e-06,0.000248193028490209,25894.431930982937,76,76,1,False,False
8,exponential,exponential_alpha_0.15,42008,35,1.7490515699768817e-06,1.5011143408284767e-23,1.7489620060741397e-06,4.895118095526668e-05,19527.532326412223,76,76,1,False,False,6.726250085779995e-06,1.2076685601882241e-07,6.725910523529455e-06,0.0001882495228499927,19807.592018364496,76,76,1,False,False,6.576750063100853e-06,1.1892298126804732e-07,6.576418095603848e-06,0.0001898790464968053,19810.427692272722,76,76,1,False,False
8,exponential,exponential_alpha_0.15,42008,36,1.3251776644951758e-06,1.5011143408284767e-23,1.3250881005924337e-06,3.708749942451362e-05,14794.89012900034,76,76,1,False,False,5.086312346432511e-06,8.951871544993867e-08,5.085972784181971e-06,0.00014234978989103287,14978.027669734385,76,76,1,False,False,4.973108709929213e-06,8.816866311599577e-08,4.972776742432208e-06,0.00014357756647584587,14979.709722473672,76,76,1,False,False
8,exponential,exponential_alpha_0.15,42008,37,1.0045463585565747e-06,1.5011143408284767e-23,1.0044567946538326e-06,2.811344451513636e-05,11214.973487111673,76,76,1,False,False,3.839153758006795e-06,6.709811728965312e-08,3.838814195756255e-06,0.00010744343656264946,11305.185395767765,76,76,1,False,False,3.7538312327070253e-06,6.6101310185043e-08,3.7534992652100205e-06,0.00010837371516585378,11306.827623406187,76,76,1,False,False
8,exponential,exponential_alpha_0.15,42008,38,7.619049660795661e-07,0.0,7.618154021768241e-07,2.1322226255889377e-05,8505.83079626719,76,76,1,False,False,2.9190382915262565e-06,5.4209936152820314e-08,2.918698729275717e-06,8.169059656783991e-05,8595.474687295564,76,76,1,False,False,2.8542964011925313e-06,5.343866742809836e-08,2.8539644336955264e-06,8.240170219228487e-05,8597.120077848691,76,76,1,False,False
8,exponential,exponential_alpha_0.15,42008,39,5.78199741819132e-07,7.505571704142384e-24,5.7811017791639e-07,1.6180554999470356e-05,6454.722943256251,76,76,1,False,False,2.1989397805255167e-06,3.897933427445206e-08,2.198600218274977e-06,6.153597205616196e-05,6474.807534642214,76,76,1,False,False,2.1499467279272073e-06,3.8400584294734604e-08,2.1496147604302024e-06,6.206521469776892e-05,6475.377197537276,76,76,1,False,False
8,exponential,exponential_alpha_0.15,42008,40,4.3904942653140485e-07,1.1258357556213574e-23,4.3895986262866286e-07,1.2285917929039223e-05,4901.080113638168,76,76,1,False,False,1.684589334239761e-06,2.996727050056016e-08,1.6842497719892211e-06,4.713996935106437e-05,4960.0618717537745,76,76,1,False,False,1.6471935036765982e-06,2.9533843914899667e-08,1.646861536179593e-06,4.754936405443556e-05,4960.911989990407,76,76,1,False,False
8,exponential,exponential_alpha_0.15,42008,41,3.335957076454605e-07,0.0,3.335061437427185e-07,9.334404941527898e-06,3723.6669409483707,76,76,1,False,False,1.3027621072404544e-06,2.523372405797488e-08,1.3024225449899145e-06,3.645311988402202e-05,3835.592863810899,76,76,1,False,False,1.2740107371982473e-06,2.487526394609258e-08,1.2736787697012422e-06,3.677456433248405e-05,3836.7574572572125,76,76,1,False,False
8,exponential,exponential_alpha_0.15,42008,42,2.536372990535205e-07,3.752785852071192e-24,2.535477351507785e-07,7.096472662675818e-06,2830.9143236102686,76,76,1,False,False,9.736653551304258e-07,1.8275026840291367e-08,9.73325792879886e-07,2.7242128102394006e-05,2866.413422966419,76,76,1,False,False,9.520087238686869e-07,1.8008952340567544e-08,9.516767563716818e-07,2.7477491918256025e-05,2866.7769132745125,76,76,1,False,False
8,exponential,exponential_alpha_0.15,42008,43,1.9297748751803083e-07,1.876392926035596e-24,1.9288792361528882e-07,5.398683116148496e-06,2153.634641970841,76,76,1,False,False,7.365466688793935e-07,1.4215976481446766e-08,7.362071066288537e-07,2.0605483236332033e-05,2168.1064531130082,76,76,1,False,False,7.200820466043203e-07,1.4008142692232769e-08,7.197500791073152e-07,2.078113902585577e-05,2168.1341866318517,76,76,1,False,False
8,exponential,exponential_alpha_0.15,42008,44,1.4693238446070093e-07,1.876392926035596e-24,1.4684282055795892e-07,4.109940328120365e-06,1639.531285064141,76,76,1,False,False,5.757011478469471e-07,1.2059874298473415e-08,5.753615855964072e-07,1.6103625460943818e-05,1694.4215226569136,76,76,1,False,False,5.629803141533406e-07,1.1891123137896542e-08,5.626483466563355e-07,1.6245185452476822e-05,1694.8898664248743,76,76,1,False,False
8,exponential,exponential_alpha_0.15,42008,45,1.119601929771757e-07,2.8145893890533935e-24,1.118706290744337e-07,3.1311139912607007e-06,1249.059338076021,76,76,1,False,False,4.382466462147556e-07,8.239429862862007e-09,4.379070839642158e-07,1.2256452017984431e-05,1289.6223984501073,76,76,1,False,False,4.285472236258088e-07,8.123874769712153e-09,4.282152561288037e-07,1.2363737120587782e-05,1289.9312733687725,76,76,1,False,False
8,exponential,exponential_alpha_0.15,42008,46,8.538162597643104e-08,9.38196463017798e-25,8.529206207368904e-08,2.3872143306239455e-06,952.3039914794564,76,76,1,False,False,3.3512719608987025e-07,6.090190688288176e-09,3.347876338393305e-07,9.370272189297587e-06,985.9389060684725,76,76,1,False,False,3.2770656741771636e-07,6.003554115517953e-09,3.2737459992071127e-07,9.452193576587086e-06,986.1646181454448,76,76,1,False,False
8,exponential,exponential_alpha_0.15,42008,47,6.516899951461318e-08,9.38196463017798e-25,6.507943561187118e-08,1.8214890992710838e-06,726.6257233043663,76,76,1,False,False,2.533961871791829e-07,4.617150238609822e-09,2.5305662492864314e-07,7.082727123739444e-06,745.2436910356853,76,76,1,False,False,2.4775533375397367e-07,4.551924014980003e-09,2.474233662569686e-07,7.143784379723088e-06,745.3240708477682,76,76,1,False,False
8,exponential,exponential_alpha_0.15,42008,48,4.9787081709774193e-08,0.0,4.969751780703219e-08,1.3909691455564385e-06,554.8833434624819,76,76,1,False,False,1.9164676654734313e-07,3.593830205898501e-09,1.9130720429680337e-07,5.354440830078281e-06,563.3936163183622,76,76,1,False,False,1.8736404195278639e-07,3.5425825917619106e-09,1.8703207445578132e-07,5.400123812949638e-06,563.4047795134614,76,76,1,False,False
8,exponential,exponential_alpha_0.15,42008,49,3.807295719759506e-08,0.0,3.7983393294853055e-08,1.0631059748662124e-06,424.09265487533423,76,76,1,False,False,1.4647072733145922e-07,2.584556143240034e-09,1.4613116508091946e-07,4.090022013192208e-06,430.35162138496867,76,76,1,False,False,1.431971247107898e-07,2.544976342488741e-09,1.4286515721378473e-07,4.12490499159464e-06,430.35887098187686,76,76,1,False,False
8,exponential,exponential_alpha_0.15,42008,50,2.9145311754120696e-08,2.345491157544495e-25,2.905574785137869e-08,8.1323274372099e-07,324.4135970165998,76,76,1,False,False,1.1416413433740226e-07,2.1473115814984746e-09,1.1382457208686249e-07,3.185802325052685e-06,335.2097351985563,76,76,1,False,False,1.1163512290143734e-07,2.1165750515728804e-09,1.1130315540443226e-07,3.2136243032368823e-06,335.283292516827,76,76,1,False,False
8,exponential,exponential_alpha_0.15,42008,51,2.2335908270587917e-08,0.0,2.224634436784591e-08,6.22646361076777e-07,248.38516061462934,76,76,1,False,False,8.903571513718296e-08,1.7034197319223052e-09,8.869615288664318e-08,2.482490422839991e-06,261.20734193995656,76,76,1,False,False,8.708076159619754e-08,1.6799154272439629e-09,8.674879409919245e-08,2.5046732231506506e-06,261.31713159214996,76,76,1,False,False
8,exponential,exponential_alpha_0.15,42008,52,1.7137806673124393e-08,4.69098231508899e-25,1.7048242770382387e-08,4.771582309529764e-07,190.34725205634527,76,76,1,False,False,6.783740805879228e-08,1.2163264224183625e-09,6.74978458082525e-08,1.8891772678739333e-06,198.77900355813213,76,76,1,False,False,6.634553086211261e-08,1.1986055026230258e-09,6.601356336510753e-08,1.9059908122328904e-06,198.85550230267833,76,76,1,False,False
8,exponential,exponential_alpha_0.15,42008,53,1.3166221647673929e-08,2.345491157544495e-25,1.3076657744931923e-08,3.659987108577115e-07,146.00366157111492,76,76,1,False,False,5.1940610305124663e-08,9.072932911103761e-10,5.160104805458489e-08,1.4442464913639299e-06,151.96344108498346,76,76,1,False,False,5.079972168595881e-08,8.939286774424669e-10,5.0467754188953734e-08,1.4571410918413933e-06,152.02619125143397,76,76,1,False,False
8,exponential,exponential_alpha_0.15,42008,54,1.0128922159289794e-08,0.0,1.0039358256547789e-08,2.809886326771292e-07,112.09156757568807,76,76,1,False,False,3.975351671454857e-08,6.662669064116753e-10,3.9413954464008794e-08,1.1031455288506414e-06,116.07283907841945,76,76,1,False,False,3.887880303658125e-08,6.565181636630797e-10,3.854683553957617e-08,1.1129518031428989e-06,116.11629417739833,76,76,1,False,False
8,exponential,exponential_alpha_0.15,42008,55,7.803837695127437e-09,1.1727455787722475e-25,7.714273792385432e-09,2.1591253042550253e-07,86.13150562014862,76,76,1,False,False,3.027567844036128e-08,5.2197755569988e-10,2.993611618982151e-08,8.378731130902117e-07,88.16090758685573,76,76,1,False,False,2.9608752147201986e-08,5.144440454614155e-10,2.927678465019691e-08,8.453002642255612e-07,88.19172031697164,76,76,1,False,False
8,exponential,exponential_alpha_0.15,42008,56,6.0221095372846155e-09,1.1727455787722475e-25,5.932545634542611e-09,1.6604426732730421e-07,66.23813224878921,76,76,1,False,False,2.3451550004253514e-08,4.039857662423212e-10,2.3111987753713744e-08,6.468745980980388e-07,68.06406694788578,76,76,1,False,False,2.2936900499627218e-08,3.9840736272933227e-10,2.260493300262214e-08,6.526657919652761e-07,68.09381402263125,76,76,1,False,False
8,exponential,exponential_alpha_0.15,42008,57,4.655257536168616e-09,0.0,4.565693633426611e-09,1.277878504278388e-07,50.976939298619165,76,76,1,False,False,1.760972016187755e-08,2.988593926436621e-10,1.727015791133778e-08,4.833693482807934e-07,50.860064344269674,76,76,1,False,False,1.7218552414073323e-08,2.94611389672524e-10,1.6886584917068246e-08,4.875615564624225e-07,50.86818760696312,76,76,1,False,False
8,exponential,exponential_alpha_0.15,42008,58,3.605458677703209e-09,2.9318639469306186e-26,3.5158947749612042e-09,9.840534028245025e-08,39.255712037124916,76,76,1,False,False,1.3651371375141123e-08,2.2871015338803012e-10,1.3311809124601353e-08,3.725802933609914e-07,39.202853389741605,76,76,1,False,False,1.3347919309947564e-08,2.2560028423673248e-10,1.3015951812942486e-08,3.75805869329078e-07,39.20851267177945,76,76,1,False,False
8,exponential,exponential_alpha_0.15,42008,59,2.798179457707909e-09,2.9318639469306186e-26,2.7086155549659043e-09,7.58106406593749e-08,30.24226805712412,76,76,1,False,False,1.0550369055220952e-08,1.6114665767948515e-10,1.0210806804681181e-08,2.8578725544597604e-07,30.070500441229832,76,76,1,False,False,1.0315025736547235e-08,1.588745611996994e-10,9.983058239542158e-09,2.8823799705092937e-07,30.0723966340279,76,76,1,False,False
8,exponential,exponential_alpha_0.15,42008,60,2.1765894433576727e-09,5.863727893861237e-26,2.087025540615668e-09,5.8413141361636935e-08,23.30208350374696,76,76,1,False,False,8.254132977114637e-09,1.1914030070430418e-10,7.914570726574867e-09,2.2151858215003413e-07,23.308158412761713,76,76,1,False,False,8.069947749225783e-09,1.1740052262753303e-10,7.737980252220706e-09,2.234164997941584e-07,23.30945144338138,76,76,1,False,False
8,exponential,exponential_alpha_0.15,42008,61,1.697323282718782e-09,0.0,1.6077593799767773e-09,4.49991023638248e-08,17.95097501063617,76,76,1,False,False,6.558631118787423e-09,1.0591286202544732e-10,6.219068868247652e-09,1.7406368147825354e-07,18.314959505545055,76,76,1,False,False,6.413433393660106e-09,1.0442158352694443e-10,6.0814658966550285e-09,1.7558843263502502e-07,18.31946184948948,76,76,1,False,False
8,exponential,exponential_alpha_0.15,42008,62,1.3272640150156792e-09,1.4659319734653093e-26,1.2377001122736745e-09,3.4641622833340275e-08,13.819184675761141,76,76,1,False,False,5.118991537816303e-09,8.517881015984898e-11,4.779429287276532e-09,1.3377003450723166e-07,14.075266846297284,76,76,1,False,False,5.005282685521447e-09,8.39741943621624e-11,4.67331518851637e-09,1.3493129832601502e-07,14.07762877594276,76,76,1,False,False
8,exponential,exponential_alpha_0.15,42008,63,1.0411002698598934e-09,1.4659319734653093e-26,9.515363671178885e-10,2.663227030120534e-08,10.624105671889449,76,76,1,False,False,4.0454306734559544e-09,6.921112603634858e-11,3.705868422916183e-09,1.0372245659800164e-07,10.91366433408102,76,76,1,False,False,3.9560080240763665e-09,6.82358184477533e-11,3.624040527071289e-09,1.0463588989362939e-07,10.91685348646003,76,76,1,False,False
8,exponential,exponential_alpha_0.15,42008,64,8.19470177560666e-10,7.329659867326547e-27,7.299062748186612e-10,2.0429131116023962e-08,8.14955861091949,76,76,1,False,False,3.1862660784809373e-09,6.143481092743821e-11,2.846703827941166e-09,7.967555254124327e-08,8.383451998612983,76,76,1,False,False,3.1158100791865135e-09,6.05920627222393e-11,2.7838425821814363e-09,8.037709394650036e-08,8.385889002075578,76,76,1,False,False
8,exponential,exponential_alpha_0.15,42008,65,6.475503347650391e-10,7.329659867326547e-27,5.579864320230343e-10,1.56173174200934e-08,6.230037045508766,76,76,1,False,False,2.56110786341542e-09,4.679752080801511e-11,2.221545612875649e-09,6.217818392771011e-08,6.542380990066655,76,76,1,False,False,2.504746100400105e-09,4.6143617139952105e-11,2.1727786033950276e-09,6.273401773787715e-08,6.545154640129708,76,76,1,False,False
8,exponential,exponential_alpha_0.15,42008,66,5.139825930026649e-10,7.329659867326547e-27,4.2441869026066004e-10,1.1878929351005095e-08,4.738724835196476,76,76,1,False,False,1.9947027959535795e-09,3.7570406720381774e-11,1.6551405454138085e-09,4.6325239807133685e-08,4.874336127713793,76,76,1,False,False,1.9504418841300365e-09,3.704309264791618e-11,1.618474387124959e-09,4.672974998536356e-08,4.87540015732385,76,76,1,False,False
8,exponential,exponential_alpha_0.15,42008,67,4.1005749077957974e-10,0.0,3.204935880375749e-10,8.970200363726469e-09,3.578378992268564,76,76,1,False,False,1.6089149677502344e-09,2.8023586403037016e-11,1.2693527172104633e-09,3.5527538242929013e-08,3.7382032755192585,76,76,1,False,False,1.5732941684811328e-09,2.762575156077527e-11,1.2413266714760554e-09,3.5840471415357035e-08,3.739301837303275,76,76,1,False,False
8,exponential,exponential_alpha_0.15,42008,68,3.2909289908791627e-10,0.0,2.3952899634591144e-10,6.704106323316598e-09,2.6743921268805324,76,76,1,False,False,1.272440208384869e-09,2.1150914874690332e-11,9.32877957845098e-10,2.611004559564986e-08,2.7472958385750683,76,76,1,False,False,1.2441331357313186e-09,2.0851835023794723e-11,9.121656387262411e-10,2.6336698672529376e-08,2.747755870546235,76,76,1,False,False
8,exponential,exponential_alpha_0.15,42008,69,2.659614719359618e-10,3.664829933663273e-27,1.7639756919395697e-10,4.937139457400268e-09,1.9695163318427813,76,76,1,False,False,1.0178036938509907e-09,1.6237490841737197e-11,6.782414433112196e-10,1.898309940843927e-08,1.9973994230309202,76,76,1,False,False,9.950474124857752e-10,1.5993325881548604e-11,6.630799154806977e-10,1.9144917532968453e-08,1.997424210089327,76,76,1,False,False
8,exponential,exponential_alpha_0.15,42008,70,2.167320148504389e-10,5.497244900494909e-27,1.2716811210843408e-10,3.5592707251158624e-09,1.4198589857651784,76,76,1,False,False,8.260030952556006e-10,1.3480196974886665e-11,4.864408447158295e-10,1.361484911108352e-08,1.4325527762364016,76,76,1,False,False,8.07521760295883e-10,1.3281364324973889e-11,4.755542632908055e-10,1.373054279068881e-08,1.432532605092757,76,76,1,False,False
8,exponential,exponential_alpha_0.15,42008,71,1.7839891734029535e-10,0.0,8.883501459829051e-11,2.4863769822683824e-09,0.99186180903914,76,76,1,False,False,6.804985708264155e-10,1.17587705788346e-11,3.409363202866444e-10,9.542365957986866e-09,1.0040465915886974,76,76,1,False,False,6.653060235443917e-10,1.1584374650832792e-11,3.3333852653931426e-10,9.62438833112592e-09,1.004130011361371,76,76,1,False,False
8,exponential,exponential_alpha_0.15,42008,72,1.486813145800302e-10,1.8324149668316366e-27,5.911741183802537e-11,1.6546197770104856e-09,0.6600584613682732,76,76,1,False,False,5.717592221898826e-10,1.0364798319730727e-11,2.3219697165011156e-10,6.49889244994137e-09,0.6838126772955746,76,76,1,False,False,5.59083039032276e-10,1.0218910415912104e-11,2.271155420271986e-10,6.557442355065152e-09,0.6841499365937167,76,76,1,False,False
8,exponential,exponential_alpha_0.15,42008,73,1.2588094504662482e-10,0.0,3.6317042304619984e-11,1.0164669692305298e-09,0.4054874920896847,76,76,1,False,False,4.768515931325672e-10,8.145230648647793e-12,1.3728934259279614e-10,3.842550855392727e-09,0.4043127361023193,76,76,1,False,False,4.662202340048533e-10,8.022630813832323e-12,1.3425273699977588e-10,3.876241035852687e-09,0.40441530635067724,76,76,1,False,False
8,exponential,exponential_alpha_0.15,42008,74,1.0879738068170268e-10,2.7486224502474546e-27,1.9233477939697847e-11,5.383201326017646e-10,0.2147458669270057,76,76,1,False,False,4.1844833894207527e-10,7.42301771151404e-12,7.888608840230419e-11,2.2079194258212276e-09,0.2323170148534066,76,76,1,False,False,4.09173040662616e-10,7.315516759109921e-12,7.720554365753859e-11,2.2291336713765983e-09,0.2325695869447053,76,76,1,False,False
8,exponential,exponential_alpha_0.15,42008,75,9.671889836574056e-11,0.0,7.1549956237357255e-12,2.0025905897053634e-10,0.07988704606080188,76,76,1,False,False,3.711548099971651e-10,6.33834545182477e-12,3.159255945739399e-11,8.842348144030284e-10,0.09303908018978602,76,76,1,False,False,3.6289156848170465e-10,6.24411163272363e-12,3.092407147662722e-11,8.928619075642693e-10,0.09315391342711554,76,76,1,False,False
8,exponential,exponential_alpha_0.15,42008,76,8.956390274200483e-11,0.0,0.0,0.0,0.0,76,76,1,False,False,3.395622505397711e-10,5.740069821112611e-12,0.0,0.0,0.0,76,76,1,False,False,3.3196749700507743e-10,5.655587525643285e-12,0.0,0.0,0.0,76,76,1,False,False
9,step,step_r_5_eta_0.001,42009,0,0.06250618750000003,1.967540588810701e-18,0.06249958750000003,0.999894410453365,9469.634469696866,5,5,1,False,False,0.06250618749999991,9.837702944053505e-19,0.06249927394273247,0.9998893940337117,9040.10360008166,8,8,1,False,False,0.06151833506095928,1.4756554416080256e-18,0.06151819724711846,0.999997759792415,446386.20389252366,9,9,1,False,False
9,step,step_r_5_eta_0.001,42009,1,0.05063917721518982,1.4756554416080256e-18,0.050632577215189815,0.81004104137994,7671.602608362006,5,5,1,False,False,0.05063918105129552,2.3094207194595017e-10,0.050632267494028084,0.8100360863319037,7323.620176331433,8,8,1,False,False,0.04993752595513419,4.683881714253551e-07,0.04993738814129337,0.8117480437630472,362353.93952061253,9,9,1,False,False
9,step,step_r_5_eta_0.001,42009,2,0.03846788461538459,4.918851472026753e-19,0.03846128461538459,0.6153196372020701,5827.467365967296,5,5,1,False,False,0.03846790480173437,3.3414468327952352e-09,0.03846099124446693,0.6153149437320423,5563.126152959812,8,8,1,False,False,0.03800857916473962,5.450518702262666e-07,0.0380084413508988,0.6178392395248631,275795.5305865868,9,9,1,False,False
9,step,step_r_5_eta_0.001,42009,3,0.0259804545454545,0.0,0.025973854545454502,0.4155405342143846,3935.432506887001,5,5,1,False,False,0.02598051807864903,1.1734934391218038e-08,0.02597360452138159,0.4155365342252178,3756.9088555490725,8,8,1,False,False,0.025718845432777984,4.3665086876349015e-07,0.025718707618937166,0.4180657294033101,186619.191991632,9,9,1,False,False
9,step,step_r_5_eta_0.001,42009,4,0.013164407894736798,1.2297128680066881e-19,0.013157807894736797,0.21050408641123394,1993.60725677828,5,5,1,False,False,0.013166272481971296,7.463226506882635e-07,0.013159358924703858,0.21052890043411907,1903.4135996361472,8,8,1,False,False,0.013055610483797202,7.796116328622008e-07,0.013055472669956384,0.2122208388282868,94732.66685228485,9,9,1,False,False
9,step,step_r_5_eta_0.001,42009,5,6.600000000000075e-06,6.004457363313907e-23,0.0,0.0,0.0,5,5,1,False,False,0.0007139479579213817,0.0001819428358252714,0.0007070344006539442,0.011311430578835819,102.2678157283863,8,8,1,False,False,0.000701091506052865,0.00018048977255643735,0.0007009536922120459,0.011394224039344729,5086.23580944807,9,9,1,False,False
9,step,step_r_5_eta_0.001,42009,6,6.675675675675752e-06,1.2008914726627814e-22,7.567567567567726e-08,1.2106909524065473e-06,0.011466011466011672,5,5,1,False,False,5.4258162407661844e-05,4.4537066000279864e-05,4.734460514022435e-05,0.0007574386958127052,6.848081719553406,8,8,1,False,False,4.710716583169061e-05,4.4173520358695944e-05,4.696935199087144e-05,0.0007635016770907231,340.81737880378034,9,9,1,False,False
9,step,step_r_5_eta_0.001,42009,7,6.753424657534323e-06,1.2008914726627814e-22,1.534246575342483e-07,2.4545515199474967e-06,0.02324616023246162,5,5,1,False,False,7.397989352189312e-06,3.205340896652212e-07,4.844320847518119e-07,7.750146091565937e-06,0.0700698737296157,8,8,1,False,False,6.594641234103658e-07,3.0847486907914283e-07,5.216502825911944e-07,8.479590386740548e-06,3.7851806428910377,9,9,1,False,False
9,step,step_r_5_eta_0.001,42009,8,6.833333333333409e-06,0.0,2.333333333333342e-07,3.7329637699201233e-06,0.035353535353535026,5,5,1,False,False,6.9135572674375e-06,1.9733382454157147e-08,0.0,0.0,0.0,8,8,1,False,False,1.5235764474139862e-07,1.70676139881865e-08,1.4543803922227187e-08,2.3641413422218841e-07,0.10553224433611441,9,9,1,False,False
9,step,step_r_5_eta_0.001,42009,9,6.915492957746556e-06,6.004457363313907e-23,3.154929577464812e-07,5.047387632568072e-06,0.047801963294920924,5,5,1,False,False,6.954677841562334e-06,4.881464625573391e-09,4.1120574124833815e-08,6.578640574556539e-07,0.00594781709822656,8,8,1,False,False,1.3781384081917143e-07,3.5322012166646485e-09,0.0,0.0,0.0,9,9,1,False,False
9,step,step_r_5_eta_0.001,42009,10,7.000000000000077e-06,0.0,4.000000000000021e-07,6.399366462720221e-06,0.06060606060606033,5,5,1,False,False,7.024364527166085e-06,2.171045744579964e-09,1.1080725972858474e-07,1.7727406543325795e-06,0.01602753191189743,8,8,1,False,False,1.4524991474565434e-07,1.354256116813768e-09,7.436073926482905e-09,1.2087573435000163e-07,0.05395738107495274,9,9,1,False,False
9,step,step_r_5_eta_0.001,42009,11,7.086956521739208e-06,0.0,4.869565217391335e-07,7.790533085050713e-06,0.07378129117259524,5,5,1,False,False,7.1037392274976e-06,6.838656557212508e-10,1.9018196006009962e-07,3.0426101425574854e-06,0.02750855351352155,8,8,1,False,False,1.578511114740351e-07,2.481492998193441e-10,2.0037270654863654e-08,3.257121740211024e-07,0.14539374663503501,9,9,1,False,False
9,step,step_r_5_eta_0.001,42009,12,7.176470588235373e-06,0.0,5.764705882352981e-07,9.222616372743863e-06,0.08734402852049872,5,5,1,False,False,7.1897028714944655e-06,4.0086839643359475e-10,2.761456040569651e-07,4.4178922935743845e-06,0.039942621920208365,8,8,1,False,False,1.7321471508891551e-07,1.0381362908332441e-10,3.540087426974408e-08,5.754524116211031e-07,0.25687459299675375,9,9,1,False,False
9,step,step_r_5_eta_0.001,42009,13,7.268656716417992e-06,1.2008914726627814e-22,6.686567164179169e-07,1.069744841529355e-05,0.10131162369968316,5,5,1,False,False,7.280085457598434e-06,3.0632852260535365e-10,3.665281901609335e-07,5.863870519393525e-06,0.05301586086330157,8,8,1,False,False,1.8959556718233958e-07,6.750306402739955e-11,5.178172636316815e-08,8.417283450837379e-07,0.3757367623990111,9,9,1,False,False
9,step,step_r_5_eta_0.001,42009,14,7.363636363636444e-06,6.004457363313907e-23,7.636363636363687e-07,1.2216972337920439e-05,0.11570247933884237,5,5,1,False,False,7.373694714464285e-06,2.4066473024800395e-10,4.601374470267849e-07,7.36147036686225e-06,0.0665558162357327,8,8,1,False,False,2.0654664949573186e-07,4.4116423100784954e-11,6.873280867656042e-08,1.1172735511852236e-06,0.49873661649664247,9,9,1,False,False
9,step,step_r_5_eta_0.001,42009,15,7.461538461538543e-06,0.0,8.61538461538468e-07,1.3783250842782045e-05,0.1305361305361301,5,5,1,False,False,7.470454913877699e-06,1.826660016287376e-10,5.568976464401986e-07,8.909480304493046e-06,0.08055153445580876,8,8,1,False,False,2.2403265243579894e-07,2.8499924936158078e-11,8.621881161662751e-08,1.4015140613150896e-06,0.6256179430464979,9,9,1,False,False
9,step,step_r_5_eta_0.001,42009,16,7.562500000000082e-06,0.0,9.625000000000073e-07,1.5398475550920566e-05,0.14583333333333282,5,5,1,False,False,7.570609169375575e-06,1.5749346401712559e-10,6.570519019380745e-07,1.051178976382259e-05,0.09503818027699795,8,8,1,False,False,2.4207929802356165e-07,2.221304221987724e-11,1.0426545720439022e-07,1.694867995063135e-06,0.7565673852831605,9,9,1,False,False
9,step,step_r_5_eta_0.001,42009,17,7.666666666666752e-06,1.2008914726627814e-22,1.066666666666677e-06,1.7064977233920665e-05,0.16161616161616132,5,5,1,False,False,7.6740401081805e-06,1.414633414084731e-10,7.604828407429988e-07,1.2166520966312334e-05,0.10999877650899537,8,8,1,False,False,2.606578568437741e-07,1.963001932932309e-11,1.2284401602460267e-07,1.9968683466949326e-06,0.8913764778226376,9,9,1,False,False
9,step,step_r_5_eta_0.001,42009,18,7.77419354838718e-06,0.0,1.1741935483871055e-06,1.878523703572714e-05,0.17790811339198376,5,5,1,False,False,7.781027077571263e-06,1.236211392281633e-10,8.674698101337627e-07,1.3878143025980651e-05,0.12547372887464192,8,8,1,False,False,2.797980523461284e-07,1.6693775765750863e-11,1.4198421152695696e-07,2.3079982802893323e-06,1.030260898927108,9,9,1,False,False
9,step,step_r_5_eta_0.001,42009,19,7.885245901639432e-06,1.2008914726627814e-22,1.285245901639357e-06,2.0561898798248672e-05,0.19473422752111258,5,5,1,False,False,7.891579306208048e-06,1.0824570516835312e-10,9.780220387705479e-07,1.5646803586773698e-05,0.14146437223815034,8,8,1,False,False,2.9950796925860186e-07,1.3657688064594997e-11,1.6169412843943043e-07,2.6283892156575064e-06,1.1732793127186176,9,9,1,False,False
9,step,step_r_5_eta_0.001,42009,20,8.000000000000086e-06,0.0,1.4000000000000112e-06,2.2397782619520834e-05,0.2121212121212115,5,5,1,False,False,8.005914592527825e-06,9.259862973111603e-11,1.0923573250903242e-06,1.747598707872442e-05,0.15800220969243584,8,8,1,False,False,3.198192649192068e-07,1.1303481657737781e-11,1.8200542410003538e-07,2.9585557528448056e-06,1.320661430072533,9,9,1,False,False
9,step,step_r_5_eta_0.001,42009,21,8.1186440677967e-06,1.2008914726627814e-22,1.5186440677966244e-06,2.4295899790666702e-05,0.23009758602978891,5,5,1,False,False,8.124251767625818e-06,8.308285911621712e-11,1.2106945001883175e-06,1.9369194452762286e-05,0.17511889369755074,8,8,1,False,False,3.4076445061249443e-07,9.345914310713267e-12,2.02950609793323e-07,3.2990263730677486e-06,1.472643158241406,9,9,1,False,False
9,step,step_r_5_eta_0.001,42009,22,8.241379310344914e-06,1.2008914726627814e-22,1.6413793103448396e-06,2.625946927805889e-05,0.24869383490073038,5,5,1,False,False,8.246707244591197e-06,7.336186972001174e-11,1.3331499771536962e-06,2.132828813393391e-05,0.1928312626312889,8,8,1,False,False,3.6236880473137847e-07,7.652935023680186e-12,2.2455496391220704e-07,3.650211984600896e-06,1.6294079214209733,9,9,1,False,False
9,step,step_r_5_eta_0.001,42009,23,8.368421052631668e-06,0.0,1.768421052631593e-06,2.829193594044737e-05,0.2679425837320566,5,5,1,False,False,8.373498520831203e-06,6.777657768322838e-11,1.4599412533937024e-06,2.3356747736273382e-05,0.21117077604462042,8,8,1,False,False,3.8466123646926466e-07,6.8268062389247555e-12,2.468473956500932e-07,4.012582515529543e-06,1.791165489495261,9,9,1,False,False
9,step,step_r_5_eta_0.001,42009,24,8.500000000000088e-06,1.2008914726627814e-22,1.9000000000000131e-06,3.03969906979211e-05,0.2878787878787865,5,5,1,False,False,8.504861602298448e-06,6.247614020318147e-11,1.5913043348609473e-06,2.5458348981226054e-05,0.23017157062629812,8,8,1,False,False,4.076861001305156e-07,6.468796018685096e-12,2.698722593113442e-07,4.386858959104215e-06,1.9582377046253976,9,9,1,False,False
9,step,step_r_5_eta_0.001,42009,25,8.636363636363728e-06,0.0,2.0363636363636536e-06,3.257859290112123e-05,0.3085399449035804,5,5,1,False,False,8.641040900774625e-06,5.758133676735887e-11,1.7274836333371244e-06,2.7637002070189082e-05,0.2498689989122509,8,8,1,False,False,4.31476372738753e-07,5.954386050907677e-12,2.9366253191958155e-07,4.773577367277377e-06,2.1308638535435827,9,9,1,False,False
9,step,step_r_5_eta_0.001,42009,26,8.77777777777787e-06,1.2008914726627814e-22,2.1777777777777947e-06,3.484099518592129e-05,0.3299663299663287,5,5,1,False,False,8.782302038190774e-06,5.3946193796398435e-11,1.8687447707532732e-06,2.989695653335561e-05,0.27030148134520626,8,8,1,False,False,4.5607845029188997e-07,5.6338773263132986e-12,3.1826460947271854e-07,5.1734919216741835e-06,2.309380593276698,9,9,1,False,False
9,step,step_r_5_eta_0.001,42009,27,8.924528301886885e-06,1.2008914726627814e-22,2.32452830188681e-06,3.71887711418459e-05,0.3522012578616338,5,5,1,False,False,8.928911639228925e-06,5.1854018434531424e-11,2.0153543717914244e-06,3.224247794334645e-05,0.29150758340914296,8,8,1,False,False,4.81534679494529e-07,5.429099143932948e-12,3.437208386753576e-07,5.587290981375884e-06,2.4940951985102955,9,9,1,False,False
9,step,step_r_5_eta_0.001,42009,28,9.076923076923172e-06,0.0,2.4769230769230976e-06,3.962684617299841e-05,0.37529137529137424,5,5,1,False,False,9.081187735074168e-06,5.0038032807211966e-11,2.167630467636668e-06,3.467865429541149e-05,0.3135333061962322,8,8,1,False,False,5.078937329313544e-07,5.269684062790694e-12,3.7007989211218297e-07,6.0157657346458775e-06,2.6853608455610267,9,9,1,False,False
9,step,step_r_5_eta_0.001,42009,29,9.235294117647154e-06,1.2008914726627814e-22,2.6352941176470787e-06,4.216053198968626e-05,0.3992869875222802,5,5,1,False,False,9.239432977287588e-06,4.843364674390783e-11,2.3258757098500873e-06,3.7210327535175466e-05,0.3364224262384927,8,8,1,False,False,5.352089427912088e-07,5.110899222607036e-12,3.973951019720374e-07,6.4597831130874015e-06,2.8835645216032275,9,9,1,False,False
9,step,step_r_5_eta_0.001,42009,30,9.400000000000096e-06,1.2008914726627814e-22,2.8000000000000215e-06,4.4795565239041655e-05,0.42424242424242276,5,5,1,False,False,9.404035404071642e-06,4.5967767355836725e-11,2.490478136634142e-06,3.984370565928606e-05,0.3602310706767653,8,8,1,False,False,5.635377801177294e-07,4.94141230482805e-12,4.25723939298558e-07,6.9202773266978516e-06,3.0891232460254825,9,9,1,False,False
9,step,step_r_5_eta_0.001,42009,31,9.57142857142867e-06,1.2008914726627814e-22,2.971428571428595e-06,4.753815086592177e-05,0.45021645021644874,5,5,1,False,False,9.575370966625617e-06,4.417888256895557e-11,2.661813699188116e-06,4.258480329148406e-05,0.385013618347406,8,8,1,False,False,5.929419830958484e-07,5.004927362102686e-12,4.551281422766769e-07,7.398251949206441e-06,3.3024850012986757,9,9,1,False,False
9,step,step_r_5_eta_0.001,42009,32,9.7500000000001e-06,0.0,3.150000000000025e-06,5.0395010893921874e-05,0.47727272727272574,5,5,1,False,False,9.753847820323235e-06,4.277115931341651e-11,2.840290552885735e-06,4.5440150271294965e-05,0.4108291062060565,8,8,1,False,False,6.23486365802396e-07,4.8210014450709234e-12,4.856725249832245e-07,7.89476055393836e-06,3.524120089073536,9,9,1,False,False
9,step,step_r_5_eta_0.001,42009,33,9.936170212766061e-06,1.2008914726627814e-22,3.3361702127659866e-06,5.3373439433751816e-05,0.5054803352675681,5,5,1,False,False,9.939939149545638e-06,4.085408876386493e-11,3.026381882108138e-06,4.841731679936714e-05,0.4377459772210526,8,8,1,False,False,6.552463332356521e-07,4.852696936160332e-12,5.174324924164806e-07,8.411028872997788e-06,3.7545756604767675,9,9,1,False,False
9,step,step_r_5_eta_0.001,42009,34,1.01304347826088e-05,0.0,3.5304347826087256e-06,5.6481364866617785e-05,0.5349143610013161,5,5,1,False,False,1.0134128324967465e-05,3.546626379786886e-11,3.2205710575299644e-06,5.1524036040911456e-05,0.4658341477402217,8,8,1,False,False,6.883019933618165e-07,4.566840678479694e-12,5.504881525426452e-07,8.9483590867204e-06,3.9944329921473756,9,9,1,False,False
9,step,step_r_5_eta_0.001,42009,35,1.033333333333344e-05,0.0,3.733333333333365e-06,5.972742031872226e-05,0.565656565656564,5,5,1,False,False,1.0336970109401772e-05,3.4213136079185623e-11,3.423412841964271e-06,5.4769183322279513e-05,0.4951738605085938,8,8,1,False,False,7.227383504366191e-07,4.65077711217271e-12,5.849245096174476e-07,9.508132966177298e-06,4.244308889010211,9,9,1,False,False
9,step,step_r_5_eta_0.001,42009,36,1.054545454545465e-05,2.401782945325563e-22,3.945454545454576e-06,6.312102374592234e-05,0.5977961432506864,5,5,1,False,False,1.0549032786797317e-05,3.307529794465996e-11,3.635475519359816e-06,5.816185028657878e-05,0.5258473140133979,8,8,1,False,False,7.586500177832661e-07,4.678357415285125e-12,6.208361769640946e-07,1.0091888480871603e-05,4.504889880971444,9,9,1,False,False
9,step,step_r_5_eta_0.001,42009,37,1.0767441860465225e-05,1.2008914726627814e-22,4.16744186046515e-06,6.667246919299225e-05,0.631430584918955,5,5,1,False,False,1.0770978127208423e-05,3.18958199007598e-11,3.857420859770923e-06,6.171262420653841e-05,0.5579502288842211,8,8,1,False,False,7.961379948607437e-07,4.8298150523153255e-12,6.583241540415722e-07,1.070126740896402e-05,4.776908836793641,9,9,1,False,False
9,step,step_r_5_eta_0.001,42009,38,1.100000000000011e-05,1.2008914726627814e-22,4.400000000000035e-06,7.039303108992262e-05,0.6666666666666643,5,5,1,False,False,1.1003504085703137e-05,3.166795421211523e-11,4.089946818265637e-06,6.543267125779576e-05,0.5915835596718171,8,8,1,False,False,8.353189220405745e-07,5.059483822187377e-12,6.97505081221403e-07,1.1338165776597116e-05,5.061212118285091,9,9,1,False,False
9,step,step_r_5_eta_0.001,42009,39,1.1243902439024506e-05,1.2008914726627814e-22,4.643902439024432e-06,7.429508381109357e-05,0.7036215816703604,5,5,1,False,False,1.1247373423766841e-05,3.0778847133983616e-11,4.3338161563293405e-06,6.933419441602237e-05,0.6268576347434616,8,8,1,False,False,8.763101900251144e-07,5.250743088885684e-12,7.384963492059429e-07,1.2004491806778544e-05,5.358651531778584,9,9,1,False,False
9,step,step_r_5_eta_0.001,42009,40,1.1500000000000115e-05,0.0,4.90000000000004e-06,7.839223916832294e-05,0.7424242424242402,5,5,1,False,False,1.1503431824439359e-05,3.0172007730887825e-11,4.589874557001858e-06,7.343072327042607e-05,0.6638947765168492,8,8,1,False,False,9.192511920925204e-07,5.3159780757402926e-12,7.814373512733489e-07,1.2702511381346926e-05,5.670238537932413,9,9,1,False,False
9,step,step_r_5_eta_0.001,42009,41,1.1769230769230889e-05,0.0,5.169230769230814e-06,8.269950505669237e-05,0.7832167832167811,5,5,1,False,False,1.1772640145300905e-05,2.8712866443172977e-11,4.859082877863405e-06,7.773763002044257e-05,0.7028339666396395,8,8,1,False,False,9.64293266417373e-07,5.5601813179253676e-12,8.264794255982016e-07,1.343468455021146e-05,5.997071271546981,9,9,1,False,False
9,step,step_r_5_eta_0.001,42009,42,1.2052631578947489e-05,1.2008914726627814e-22,5.452631578947414e-06,8.723346914971275e-05,0.8261562998405079,5,5,1,False,False,1.2056024742127466e-05,2.8281342735181766e-11,5.142467474689966e-06,8.227133473290102e-05,0.7438236606371547,8,8,1,False,False,1.0115991149899928e-06,5.708573968491606e-12,8.737852741708213e-07,1.4203656085701549e-05,6.340330325147343,9,9,1,False,False
9,step,step_r_5_eta_0.001,42009,43,1.235135135135148e-05,2.401782945325563e-22,5.751351351351405e-06,9.201251238289653e-05,0.8714168714168697,5,5,1,False,False,1.2354734309426003e-05,2.8336201412113867e-11,5.441177041988502e-06,8.705021470056081e-05,0.7870300095171219,8,8,1,False,False,1.0613568928115152e-06,5.9214646267531095e-12,9.235430519923437e-07,1.50124845068904e-05,6.7013809825106385,9,9,1,False,False
9,step,step_r_5_eta_0.001,42009,44,1.2666666666666794e-05,0.0,6.066666666666719e-06,9.705705801792368e-05,0.9191919191919167,5,5,1,False,False,1.2670038906460951e-05,2.7755607041453378e-11,5.756481639023451e-06,9.20945888600782e-05,0.8326367188908934,8,8,1,False,False,1.1137660256138475e-06,6.005817809269159e-12,9.75952184794676e-07,1.5864411542145817e-05,7.081670309698751,9,9,1,False,False
9,step,step_r_5_eta_0.001,42009,45,1.300000000000013e-05,0.0,6.400000000000055e-06,0.00010238986340352387,0.9696969696969671,5,5,1,False,False,1.3003372629738434e-05,2.797606449406652e-11,6.089815362300933e-06,9.742740048416714e-05,0.8808512212640012,8,8,1,False,False,1.1690559642166226e-06,6.368681293363361e-12,1.0312421233974511e-06,1.676316698713612e-05,7.482863239771154,9,9,1,False,False
9,step,step_r_5_eta_0.001,42009,46,1.3352941176470722e-05,0.0,6.752941176470647e-06,0.00010803636322357115,1.0231729055258438,5,5,1,False,False,1.3356312914080454e-05,2.8016155744707026e-11,6.442755646642954e-06,0.00010307388603157029,0.9319016820744368,8,8,1,False,False,1.2274797123838012e-06,6.61953211627474e-12,1.0896658715646297e-06,1.7712863498091524e-05,7.906795609843023,9,9,1,False,False
9,step,step_r_5_eta_0.001,42009,47,1.3727272727272863e-05,1.2008914726627814e-22,7.127272727272788e-06,0.00011402507515392431,1.0798898071625316,5,5,1,False,False,1.3730653105051803e-05,2.811158539389675e-11,6.8170958376143026e-06,0.0001090627361909461,0.9860474968107191,8,8,1,False,False,1.2893223279532154e-06,6.940002459692244e-12,1.151508487134044e-06,1.8718134780354506e-05,8.355535846685846,9,9,1,False,False
9,step,step_r_5_eta_0.001,42009,48,1.412500000000014e-05,0.0,7.525000000000065e-06,0.00012038808157992456,1.140151515151512,5,5,1,False,False,1.4128403765994585e-05,2.8270154323940185e-11,7.214846498557084e-06,0.00011542611679135117,1.0435794800657314,8,8,1,False,False,1.3549045559010146e-06,7.441131432241212e-12,1.2170907150818431e-06,1.978419464499182e-05,8.83141132884334,9,9,1,False,False
9,step,step_r_5_eta_0.001,42009,49,1.454838709677434e-05,1.2008914726627814e-22,7.948387096774264e-06,0.00012716160454953775,1.2043010752688144,5,5,1,False,False,1.4551812819458259e-05,2.808691947073199e-11,7.638255552020758e-06,0.00012219999103322003,1.1048227788603922,8,8,1,False,False,1.4245898151695287e-06,7.644658456572071e-12,1.2867759743503572e-06,2.0916950581891966e-05,9.337059084208851,9,9,1,False,False
9,step,step_r_5_eta_0.001,42009,50,1.5000000000000148e-05,0.0,8.400000000000072e-06,0.0001343866957171251,1.2727272727272694,5,5,1,False,False,1.5003448339203492e-05,2.7829209070700996e-11,8.089891071765992e-06,0.00012942544402929715,1.170148847955446,8,8,1,False,False,1.4987869414447773e-06,8.111255782741589e-12,1.3609731006256058e-06,2.2123048344481377e-05,9.875445692072168,9,9,1,False,False
9,step,step_r_5_eta_0.001,42009,51,1.5482758620689805e-05,2.401782945325563e-22,8.882758620689729e-06,0.00014211006903420121,1.3458725182863076,5,5,1,False,False,1.5486241431308004e-05,2.7544879871054067e-11,8.572684163870504e-06,0.00013714936883441365,1.2399816523177445,8,8,1,False,False,1.5779639704868003e-06,8.290338246080419e-12,1.4401501296676289e-06,2.3410096002119795e-05,10.449967297241802,9,9,1,False,False
9,step,step_r_5_eta_0.001,42009,52,1.6000000000000152e-05,2.401782945325563e-22,9.400000000000076e-06,0.00015038511187392563,1.4242424242424199,5,5,1,False,False,1.600352122445327e-05,2.7595270630760405e-11,9.089963957015769e-06,0.0001454250262346553,1.3148027282321118,8,8,1,False,False,1.6626494239993598e-06,8.373150205042479e-12,1.5248355831801883e-06,2.478668484231912e-05,11.06445894052803,9,9,1,False,False
9,step,step_r_5_eta_0.001,42009,53,1.6555555555555715e-05,2.401782945325563e-22,9.955555555555639e-06,0.000159273120849926,1.5084175084175042,5,5,1,False,False,1.6559118074728948e-05,2.7406398369606474e-11,9.645560807291447e-06,0.00015431369586077316,1.3951661111887428,8,8,1,False,False,1.7534633874573017e-06,8.826819254554695e-12,1.6156495466381303e-06,2.6262894550659784e-05,11.723420064593219,9,9,1,False,False
9,step,step_r_5_eta_0.001,42009,54,1.715384615384632e-05,0.0,1.0553846153846245e-05,0.00016884482282408025,1.5990675990675949,5,5,1,False,False,1.715746156764406e-05,2.7732445946634434e-11,1.0243904300206559e-05,0.00016388624406514274,1.4817125112212235,8,8,1,False,False,1.8511089303921756e-06,9.342439716414239e-12,1.713295089573004e-06,2.7850153744818982e-05,12.431952258126644,9,9,1,False,False
9,step,step_r_5_eta_0.001,42009,55,1.780000000000017e-05,2.401782945325563e-22,1.1200000000000093e-05,0.00017918226095616673,1.696969696969692,5,5,1,False,False,1.7803674728804708e-05,2.8067238064404853e-11,1.0890117461367207e-05,0.00017422463114339238,1.5751829398534243,8,8,1,False,False,1.9564044320561884e-06,9.792867723514987e-12,1.8185905912370169e-06,2.956176543846567e-05,13.195993816203334,9,9,1,False,False
9,step,step_r_5_eta_0.001,42009,56,1.850000000000018e-05,0.0,1.1900000000000103e-05,0.0001903811522659272,1.8030303030302983,5,5,1,False,False,1.8503731113351425e-05,2.8047406375511475e-11,1.1590173845913924e-05,0.00018542442451659593,1.6764414320400656,8,8,1,False,False,2.0703090901604226e-06,1.018584949594723e-11,1.932495249341251e-06,3.14133216938709e-05,14.022504835903387,9,9,1,False,False
9,step,step_r_5_eta_0.001,42009,57,1.9260869565217577e-05,0.0,1.2660869565217501e-05,0.000202553860211319,1.9183135704874785,5,5,1,False,False,1.926468158967185e-05,2.8347916549953408e-11,1.2351124322234349e-05,0.00019759842691148563,1.7865078489199053,8,8,1,False,False,2.193942244612632e-06,1.0839199077037771e-11,2.0561284037934606e-06,3.34230177353795e-05,14.919607432546284,9,9,1,False,False
9,step,step_r_5_eta_0.001,42009,58,2.0090909090909284e-05,0.0,1.3490909090909208e-05,0.0002158331779699282,2.0440771349862206,5,5,1,False,False,2.009480692521634e-05,2.9107886378449623e-11,1.318124965777884e-05,0.00021087911749183007,1.906579948337428,8,8,1,False,False,2.328634519826873e-06,1.136927300239862e-11,2.1908206790077016e-06,3.561248328383384e-05,15.896956836739829,9,9,1,False,False
9,step,step_r_5_eta_0.001,42009,59,2.1000000000000195e-05,2.401782945325563e-22,1.440000000000012e-05,0.00023037719265792865,2.1818181818181754,5,5,1,False,False,2.100399536374409e-05,2.950495797325883e-11,1.409043809630659e-05,0.00022542469249634862,2.0380879988760388,8,8,1,False,False,2.475959237333416e-06,1.1995724438522082e-11,2.3381453965142443e-06,3.80072931784865e-05,16.965969329467978,9,9,1,False,False
9,step,step_r_5_eta_0.001,42009,60,2.200000000000021e-05,0.0,1.5400000000000134e-05,0.00024637560881472933,2.3333333333333273,5,5,1,False,False,2.2004107827069628e-05,3.0522950728841263e-11,1.5090550559632128e-05,0.00024142490788823346,2.1827476038576905,8,8,1,False,False,2.6378172779562645e-06,1.2905377685992467e-11,2.500003437137093e-06,4.063834683854511e-05,18.14043801607273,9,9,1,False,False
9,step,step_r_5_eta_0.001,42009,61,2.3105263157894954e-05,2.401782945325563e-22,1.6505263157894878e-05,0.00026405806877750893,2.500797448165862,5,5,1,False,False,2.310950150264326e-05,3.144692159363036e-11,1.619594423520576e-05,0.00025910945592715577,2.342635434798208,8,8,1,False,False,2.816505841584518e-06,1.36895648188594e-11,2.6786920007653464e-06,4.3542985975010497e-05,19.43703175851631,9,9,1,False,False
9,step,step_r_5_eta_0.001,42009,62,2.4333333333333563e-05,0.0,1.7733333333333488e-05,0.0002837052465139308,2.6868686868686797,5,5,1,False,False,2.4337715721191407e-05,3.223787465242535e-11,1.7424158453753907e-05,0.0002787589381251885,2.5202884390385827,8,8,1,False,False,3.01482555155556e-06,1.4963022930334108e-11,2.8770117107363885e-06,4.676673560631187e-05,20.876072342482484,9,9,1,False,False
9,step,step_r_5_eta_0.001,42009,63,2.5705882352941422e-05,2.401782945325563e-22,1.9105882352941347e-05,0.0003056638569252258,2.894830659536535,5,5,1,False,False,2.5710426177505276e-05,3.3146351559572547e-11,1.8796868910067776e-05,0.0003007201312680893,2.7188418614249517,8,8,1,False,False,3.2362417019642386e-06,1.5639402010097498e-11,3.098427861145067e-06,5.0365925184334014e-05,22.482704514494902,9,9,1,False,False
9,step,step_r_5_eta_0.001,42009,64,2.7250000000000256e-05,0.0,2.065000000000018e-05,0.0003303672936379326,3.128787878787871,5,5,1,False,False,2.725473711312848e-05,3.448267407036506e-11,2.034117984569098e-05,0.0003254266602916873,2.9422161499257253,8,8,1,False,False,3.485090171488213e-06,1.6973536771302003e-11,3.3472763306690417e-06,5.4411035788796695e-05,24.288390126656992,9,9,1,False,False
9,step,step_r_5_eta_0.001,42009,65,2.900000000000027e-05,0.0,2.2400000000000195e-05,0.0003583645219123336,3.3939393939393856,5,5,1,False,False,2.9004957766180613e-05,3.561525861277593e-11,2.2091400498743113e-05,0.00035342741866544245,3.1953739072636997,8,8,1,False,False,3.766845460347522e-06,1.8050720445397418e-11,3.6290316195283507e-06,5.899105715283579e-05,26.332853057118427,9,9,1,False,False
9,step,step_r_5_eta_0.001,42009,66,3.100000000000028e-05,4.803565890651126e-22,2.4400000000000203e-05,0.0003903613542259347,3.6969696969696857,5,5,1,False,False,3.100521755489361e-05,3.739596492706583e-11,2.4091660287456107e-05,0.00038542840718698676,3.484698159792006,8,8,1,False,False,4.088569746733319e-06,1.975832585354094e-11,3.9507559059141476e-06,6.422078721732788e-05,28.667337637719722,9,9,1,False,False
9,step,step_r_5_eta_0.001,42009,67,3.330769230769262e-05,0.0,2.670769230769254e-05,0.00042728077612624394,4.046620046620037,5,5,1,False,False,3.331320258704264e-05,3.8885168467136696e-11,2.639964531960514e-05,0.00042235251221497353,3.818532818690331,8,8,1,False,False,4.459469518886705e-06,2.1893348323756817e-11,4.321655678067533e-06,7.024988036144267e-05,31.3586476683287,9,9,1,False,False
9,step,step_r_5_eta_0.001,42009,68,3.600000000000033e-05,0.0,2.9400000000000257e-05,0.00047035343500993786,4.4545454545454435,5,5,1,False,False,3.600585738350315e-05,4.130735373902995e-11,2.9092300116065648e-05,0.0004654307242153537,4.208007396292048,8,8,1,False,False,4.891862592624667e-06,2.4280332210289268e-11,4.754048751805495e-06,7.727856657847859e-05,34.496163255789284,9,9,1,False,False
9,step,step_r_5_eta_0.001,42009,69,3.918181818181854e-05,4.803565890651126e-22,3.2581818181818464e-05,0.0005212574864179398,4.936639118457287,5,5,1,False,False,3.918810103025316e-05,4.4005771575517516e-11,3.2274543762815655e-05,0.0005163415823883948,4.668297739403577,8,8,1,False,False,5.40249774013579e-06,2.7327912001941697e-11,5.264683899316618e-06,8.557910245945015e-05,38.201416258505745,9,9,1,False,False
9,step,step_r_5_eta_0.001,42009,70,4.30000000000004e-05,4.803565890651126e-22,3.640000000000033e-05,0.0005823423481075423,5.515151515151502,5,5,1,False,False,4.300678458375007e-05,4.7363977695371515e-11,3.6093227316312564e-05,0.0005774344710483681,5.22064487500665,8,8,1,False,False,6.014862516517695e-06,3.084019072452108e-11,5.877048675698524e-06,9.553328564361963e-05,42.64483625712114,9,9,1,False,False
9,step,step_r_5_eta_0.001,42009,71,4.766666666666711e-05,4.803565890651126e-22,4.106666666666704e-05,0.0006570016235059452,6.222222222222207,5,5,1,False,False,4.767407364002126e-05,5.106595302703456e-11,4.076051637258375e-05,0.0006521037036946752,5.895737143100513,8,8,1,False,False,6.762869650546239e-06,3.456971711460693e-11,6.625055809727067e-06,0.00010769237826677555,48.07249961504192,9,9,1,False,False
9,step,step_r_5_eta_0.001,42009,72,5.3500000000000494e-05,4.803565890651126e-22,4.690000000000042e-05,0.0007503257177539488,7.1060606060605895,5,5,1,False,False,5.350819255576567e-05,5.633159461436781e-11,4.6594635288328164e-05,0.0007454403660170161,6.739603576842635,8,8,1,False,False,7.697377051630952e-06,3.9037786063140935e-11,7.55956321081178e-06,0.00012288309173713683,54.85343972620899,9,9,1,False,False
9,step,step_r_5_eta_0.001,42009,73,6.100000000000054e-05,9.607131781302251e-22,5.440000000000047e-05,0.000870313838929953,8.24242424242422,5,5,1,False,False,6.100919933956688e-05,6.341856088813774e-11,5.409564207212938e-05,0.0008654445941392516,7.824574235743597,8,8,1,False,False,8.89831697974379e-06,4.512326468768349e-11,8.76050313892462e-06,0.00014240475023005302,63.56765827620657,9,9,1,False,False
9,step,step_r_5_eta_0.001,42009,74,7.100000000000064e-05,0.0,6.440000000000056e-05,0.0010302980004979591,9.757575757575733,5,5,1,False,False,7.101055567713197e-05,7.250732340205392e-11,6.409699840969447e-05,0.001025450454960072,9.271203800044882,8,8,1,False,False,1.0498899395174396e-05,5.2527731352807505e-11,1.0361085554355226e-05,0.0001684227237958943,75.18174874721207,9,9,1,False,False
9,step,step_r_5_eta_0.001,42009,75,8.500000000000077e-05,0.0,7.840000000000069e-05,0.0012542758266931677,11.878787878787849,5,5,1,False,False,8.50124177495415e-05,8.175661911397648e-11,7.8098860482104e-05,0.0012494580713646008,11.296479867165578,8,8,1,False,False,1.2738903691461698e-05,6.42556960110074e-11,1.2601089850642528e-05,0.0002048347023396513,91.4355900375543,9,9,1,False,False
9,step,step_r_5_eta_0.001,42009,76,0.00010599999999999999,9.607131781302251e-22,9.939999999999991e-05,0.001590242565985965,15.060606060605878,5,5,1,False,False,0.0001060152684418085,1.0031380108080821e-10,9.9101711174371e-05,0.0015854704172186338,14.33440229693836,8,8,1,False,False,1.609791225427606e-05,8.072326814872725e-11,1.5960098413456888e-05,0.00025943644927389254,115.80911117917744,9,9,1,False,False
10,step,step_r_5_eta_0.05,42010,0,0.07796874999999981,9.837702944053505e-19,0.06146875000000011,0.7883767535070173,3.725378787878862,5,5,1,False,False,0.0779687499999999,0.0,0.05714028233409682,0.7328613365495392,2.7433742726853314,16,16,1,False,False,0.0556264076786951,0.0,0.054210938070986404,0.9745539993183701,38.298906437659674,22,22,1,False,False
10,step,step_r_5_eta_0.05,42010,1,0.06629746835443008,9.837702944053505e-19,0.04979746835443038,0.6386849648664433,3.018028385117047,5,5,1,False,False,0.06747504813265928,8.444888531523155e-05,0.046646580466756196,0.598272775525531,2.2395589159503193,16,16,1,False,False,0.04602979702084275,7.166338161019576e-05,0.04461432741313405,0.8020350275148421,31.51909950603158,22,22,1,False,False
10,step,step_r_5_eta_0.05,42010,2,0.05432692307692278,1.4756554416080256e-18,0.03782692307692308,0.48515492523508674,2.292540792540834,5,5,1,False,False,0.05777118788322347,0.00017595888420198218,0.03694272021732038,0.47381444767705555,1.7736648134609,16,16,1,False,False,0.03708763443999306,0.00015541480772518766,0.03567216483228436,0.6412811166655076,25.201646604075698,22,22,1,False,False
10,step,step_r_5_eta_0.05,42010,3,0.042045454545454296,4.918851472026753e-19,0.025545454545454593,0.3276370923665527,1.5482093663912155,5,5,1,False,False,0.04888018302869437,0.00024322138649642146,0.02805171536279128,0.359781519683095,1.3467968845693292,16,16,1,False,False,0.02886027132027674,0.00021690471015311467,0.027444801712568037,0.4933772080176838,19.38918473636071,22,22,1,False,False
10,step,step_r_5_eta_0.05,42010,4,0.029440789473684,0.0,0.012940789473684298,0.1659740533698992,0.7842902711323958,5,5,1,False,False,0.04128714488447103,0.0002857418848490459,0.020458677218567943,0.2623958601179058,0.9822459120245075,16,16,1,False,False,0.021812065753127267,0.00025781536471879965,0.020396596145418566,0.3666711009496027,14.409773289612103,22,22,1,False,False
10,step,step_r_5_eta_0.05,42010,5,0.016499999999999702,2.4594257360133763e-19,0.0,0.0,0.0,5,5,1,False,False,0.03553260193089218,0.00031889492955793677,0.014704134264989094,0.1885900987894395,0.705963323891573,16,16,1,False,False,0.016436801441922562,0.0002891341010089659,0.01502133183421386,0.27003958121795135,10.612260236749073,22,22,1,False,False
10,step,step_r_5_eta_0.05,42010,6,0.016689189189188904,2.4594257360133763e-19,0.00018918918918920183,0.002426474570763316,0.011466011466012338,5,5,1,False,False,0.031102828496984928,0.00031317301439252627,0.010274360831081842,0.13177536937660095,0.49328452749797447,16,16,1,False,False,0.012287460501423939,0.00028393013416167916,0.010871990893715237,0.19544657559972556,7.680836688054594,22,22,1,False,False
10,step,step_r_5_eta_0.05,42010,7,0.016883561643835393,4.918851472026753e-19,0.00038356164383569064,0.0049194278968906335,0.023246160232466506,5,5,1,False,False,0.027695122469363474,0.00027592941979477805,0.006866654803460388,0.08806932012454216,0.32967642716709955,16,16,1,False,False,0.0090836864694767,0.00024894573226410844,0.0076682168617679975,0.1378520954662496,5.417436601963473,22,22,1,False,False
10,step,step_r_5_eta_0.05,42010,8,0.017083333333333096,2.4594257360133763e-19,0.000583333333333394,0.007481629926520503,0.03535353535353969,5,5,1,False,False,0.02528933695695611,0.00022949831250771701,0.004460869291053025,0.057213554033545874,0.21417174621806767,16,16,1,False,False,0.00679078903243344,0.000204907625360241,0.005375319424724738,0.09663251051143257,3.797551989424954,22,22,1,False,False
10,step,step_r_5_eta_0.05,42010,9,0.0172887323943659,0.0,0.0007887323943661963,0.010116006661209756,0.04780196329492181,5,5,1,False,False,0.023678898515522483,0.00019207786457907128,0.0028504308496193967,0.03655863213940714,0.1368526429952237,16,16,1,False,False,0.005235947546264703,0.0001705431555658939,0.0038204779385560017,0.06868101137545223,2.699088640087737,22,22,1,False,False
10,step,step_r_5_eta_0.05,42010,10,0.017499999999999703,2.4594257360133763e-19,0.0010000000000000009,0.012825651302605254,0.06060606060606166,5,5,1,False,False,0.02269673567279288,0.00015864591870234901,0.0018682680068897936,0.02396175399618175,0.08969781343772176,16,16,1,False,False,0.004239838906792826,0.00013945330164274368,0.0028243692990841244,0.05077389349673675,1.9953584900039547,22,22,1,False,False
10,step,step_r_5_eta_0.05,42010,11,0.0177173913043476,0.0,0.0012173913043478993,0.015613836368389929,0.07378129117260124,5,5,1,False,False,0.02208650533501817,0.00013450638656554114,0.0012580376691150828,0.016135152469612304,0.06039991464060179,16,16,1,False,False,0.003572686942588452,0.00011665326120135019,0.0021572173348797506,0.0387804538330086,1.5240294267933856,22,22,1,False,False
10,step,step_r_5_eta_0.05,42010,12,0.017941176470587995,2.4594257360133763e-19,0.001441176470588293,0.018484026877284763,0.08734402852050427,5,5,1,False,False,0.021573455191029257,0.00011483787437904055,0.0007449875251261708,0.009554950222059115,0.03576775483804506,16,16,1,False,False,0.0029885404418743943,9.856789021730645e-05,0.0015730708341656929,0.028279209458427396,1.1113420066377189,22,22,1,False,False
10,step,step_r_5_eta_0.05,42010,13,0.0181716417910445,0.0,0.0016716417910447971,0.02143989471480306,0.10131162369968649,5,5,1,False,False,0.021278566213485773,9.601283229145219e-05,0.000450098547582687,0.00577280702310461,0.02160977729146696,16,16,1,False,False,0.0025923637035328976,8.175867114813739e-05,0.0011768940958241962,0.021157111252304475,0.8314513355954702,22,22,1,False,False
10,step,step_r_5_eta_0.05,42010,14,0.0184090909090906,0.0,0.0019090909090908985,0.02448533430497351,0.11570247933884437,5,5,1,False,False,0.021026895583106792,7.987103628233123e-05,0.00019842791720370637,0.0025449672747569585,0.00952676502115124,16,16,1,False,False,0.0022323947123513276,6.735794720413927e-05,0.0008169251046426262,0.014685922365529786,0.5771406889936888,22,22,1,False,False
10,step,step_r_5_eta_0.05,42010,15,0.018653846153845903,2.4594257360133763e-19,0.0021538461538462006,0.02762447972868881,0.13053613053613566,5,5,1,False,False,0.020857656833646144,5.726171579651845e-05,2.9189167743057937e-05,0.00037437008728571344,0.0014014073532082616,16,16,1,False,False,0.0019372888213619627,4.658714956731582e-05,0.0005218192136532613,0.009380782175749197,0.3686544810368333,22,22,1,False,False
10,step,step_r_5_eta_0.05,42010,16,0.018906249999999708,4.918851472026753e-19,0.0024062500000000056,0.030861723446893936,0.14583333333333637,5,5,1,False,False,0.020828467665903086,5.01375491843997e-05,0.0,0.0,0.0,16,16,1,False,False,0.0017614463506626387,4.0146770348164095e-05,0.0003459767429539373,0.006219649216831349,0.24442541264731843,22,22,1,False,False
10,step,step_r_5_eta_0.05,42010,17,0.019166666666666398,2.4594257360133763e-19,0.0026666666666666956,0.034201736806947686,0.1616161616161662,5,5,1,False,False,0.020866586146498955,4.463211977498786e-05,3.811848059586884e-05,0.0004888943403077372,0.0018301144955694681,16,16,1,False,False,0.0016374050956640975,3.5509615271243827e-05,0.00022193548795539607,0.003989750501907699,0.15679283168407632,22,22,1,False,False
10,step,step_r_5_eta_0.05,42010,18,0.0194354838709675,0.0,0.002935483870967797,0.0376494925334548,0.17790811339199086,5,5,1,False,False,0.02095603587293718,3.71427679112816e-05,0.00012756820703409277,0.0016361453407178251,0.006124704374817158,16,16,1,False,False,0.001549145301436757,2.9043136441978812e-05,0.00013367569372805567,0.00240309772473863,0.09443911264505633,22,22,1,False,False
10,step,step_r_5_eta_0.05,42010,19,0.019713114754098097,2.4594257360133763e-19,0.0032131147540983944,0.04121028943132219,0.19473422752111835,5,5,1,False,False,0.021093340375594734,3.449559962413699e-05,0.00026487270969164853,0.0033971650140812676,0.012716860113778594,16,16,1,False,False,0.0014950079271471683,2.6923707659242023e-05,7.953831943846687e-05,0.0014298661868997523,0.05619217749734662,22,22,1,False,False
10,step,step_r_5_eta_0.05,42010,20,0.019999999999999695,2.4594257360133763e-19,0.0034999999999999927,0.04488977955911825,0.21212121212121549,5,5,1,False,False,0.02125276820425924,3.0630364422168735e-05,0.0004243005383561538,0.005441930752463703,0.02037118357250778,16,16,1,False,False,0.001452721434734582,2.333761635455275e-05,3.7251827025880585e-05,0.000669678819474586,0.02631764526981417,22,22,1,False,False
10,step,step_r_5_eta_0.05,42010,21,0.020296610169491195,2.4594257360133763e-19,0.0037966101694914926,0.04869399816582287,0.23009758602979158,5,5,1,False,False,0.0214422804340858,2.7587162551961405e-05,0.0006138127681827137,0.00787254852979834,0.029469895626913933,16,16,1,False,False,0.0014277994811309463,2.0906972866083062e-05,1.2329873422244845e-05,0.0002216550364615255,0.008710800539337482,22,22,1,False,False
10,step,step_r_5_eta_0.05,42010,22,0.0206034482758618,0.0,0.004103448275862096,0.052629396724483926,0.2486938349007375,5,5,1,False,False,0.02165700185237096,2.0427597077525184e-05,0.0008285341864678747,0.010626490567924658,0.039778931400902495,16,16,1,False,False,0.0014154696077087014,1.4336706414824986e-05,0.0,0.0,0.0,22,22,1,False,False
10,step,step_r_5_eta_0.05,42010,23,0.020921052631578597,2.4594257360133763e-19,0.004421052631578895,0.05670287944309619,0.26794258373205904,5,5,1,False,False,0.02190257222034573,1.858186817446723e-05,0.001074104554442644,0.013776090477821502,0.05156906267286243,16,16,1,False,False,0.001421841739117074,1.2859440997395573e-05,6.372131408372613e-06,0.00011455227245985071,0.0045017790376209454,22,22,1,False,False
10,step,step_r_5_eta_0.05,42010,24,0.021249999999999707,4.918851472026753e-19,0.004750000000000004,0.06092184368737495,0.2878787878787934,5,5,1,False,False,0.0221686145324095,1.6311660349434883e-05,0.0013401468665064156,0.017188256404090323,0.06434207681539061,16,16,1,False,False,0.0014368201886822715,1.1080369695780039e-05,2.1350580973570092e-05,0.0003838209559907885,0.015083743838295138,22,22,1,False,False
10,step,step_r_5_eta_0.05,42010,25,0.0215909090909088,0.0,0.005090909090909097,0.06529422481326314,0.30853994490358727,5,5,1,False,False,0.022454899709957524,1.4306005339454038e-05,0.0016264320440544378,0.02086005026442568,0.0780869754867739,16,16,1,False,False,0.0014594437117266329,9.37896782827048e-06,4.397410401793143e-05,0.0007905256847059261,0.031066794919825114,22,22,1,False,False
10,step,step_r_5_eta_0.05,42010,26,0.0219444444444441,0.0,0.005444444444444398,0.06982854598085016,0.3299663299663331,5,5,1,False,False,0.02276137434178007,1.3415512721798318e-05,0.0019329066758769844,0.024790787025275984,0.09280119435003953,16,16,1,False,False,0.0014899890912613073,8.54291241926072e-06,7.451948355260583e-05,0.0013396422070438097,0.05264647375455467,22,22,1,False,False
10,step,step_r_5_eta_0.05,42010,27,0.022311320754716705,2.4594257360133763e-19,0.0058113207547170025,0.074533973607593,0.3522012578616429,5,5,1,False,False,0.023085758708582205,1.2102181222389532e-05,0.0022572910426791187,0.02895122780189655,0.10837528131627194,16,16,1,False,False,0.001525836926731789,7.487881236867481e-06,0.00011036731902308757,0.0019840813676227777,0.07797222803091142,22,22,1,False,False
10,step,step_r_5_eta_0.05,42010,28,0.022692307692307397,2.4594257360133763e-19,0.006192307692307695,0.07942037921997865,0.37529137529138223,5,5,1,False,False,0.023433597636849494,1.1565858387144966e-05,0.0026051299709464078,0.03341248860532471,0.1250754502315643,16,16,1,False,False,0.001570661761844268,7.042655385595985e-06,0.00015519215413556647,0.0027899007074477147,0.10964004687234818,22,22,1,False,False
10,step,step_r_5_eta_0.05,42010,29,0.0230882352941173,0.0,0.006588235294117596,0.08449840858186917,0.39928698752228575,5,5,1,False,False,0.023797702926382912,1.0885746322801275e-05,0.002969235260479826,0.03808237608631444,0.14255658688423667,16,16,1,False,False,0.001619289115523174,6.5171811769343734e-06,0.0002038195078144726,0.0036640782017015885,0.1439942664289391,22,22,1,False,False
10,step,step_r_5_eta_0.05,42010,30,0.023499999999999695,4.918851472026753e-19,0.006999999999999992,0.0897795591182366,0.4242424242424314,5,5,1,False,False,0.02417704048186339,9.839842143321807e-06,0.003348572815960304,0.04294762729888972,0.160769043103542,16,16,1,False,False,0.0016698668196841447,5.753140706465471e-06,0.00025439721197544323,0.0045733172892427724,0.17972636825968302,22,22,1,False,False
10,step,step_r_5_eta_0.05,42010,31,0.023928571428571098,2.4594257360133763e-19,0.0074285714285713955,0.0952762668193528,0.4502164502164563,5,5,1,False,False,0.024582040420505612,9.200476220868873e-06,0.0037535727546025265,0.04814201528949138,0.18021358146990596,16,16,1,False,False,0.001728791233205595,5.3052579260017185e-06,0.0003133216254968935,0.00563260578153235,0.22135524760866065,22,22,1,False,False
10,step,step_r_5_eta_0.05,42010,32,0.0243749999999997,0.0,0.007874999999999997,0.10100200400801623,0.47727272727273573,5,5,1,False,False,0.025003675385757002,8.536527394075163e-06,0.004175207719853916,0.05354975833079178,0.20045678764400288,16,16,1,False,False,0.001789973496953201,4.827385722156533e-06,0.00037450388924449964,0.006732483812502861,0.26457925144060823,22,22,1,False,False
10,step,step_r_5_eta_0.05,42010,33,0.024840425531914602,2.4594257360133763e-19,0.0083404255319149,0.10697138958768634,0.5054803352675787,5,5,1,False,False,0.02545053355791863,8.345374281493557e-06,0.004622065892015543,0.05928100542865633,0.22191099058055164,16,16,1,False,False,0.0018581460683076,4.654573313549158e-06,0.00044267646059889857,0.007958027114672795,0.31274176300788503,22,22,1,False,False
10,step,step_r_5_eta_0.05,42010,34,0.02532608695652139,7.378277208040128e-19,0.008826086956521689,0.11320031367081954,0.5349143610013241,5,5,1,False,False,0.025917620080687126,7.757348821502699e-06,0.00508915241478404,0.06527169429783146,0.24433638116908418,16,16,1,False,False,0.0019294235420376366,4.266094533691863e-06,0.0005139539343289351,0.009239387473978107,0.3630978238811504,22,22,1,False,False
10,step,step_r_5_eta_0.05,42010,35,0.025833333333332993,4.918851472026753e-19,0.00933333333333329,0.11970607882431504,0.5656565656565733,5,5,1,False,False,0.026411539395546243,7.5196002479788166e-06,0.005583071729643157,0.07160653120183616,0.2680500466571929,16,16,1,False,False,0.002007478163167537,4.094159238339663e-06,0.0005920085554588354,0.01064258110784987,0.4182417992125964,22,22,1,False,False
10,step,step_r_5_eta_0.05,42010,36,0.026363636363635992,4.918851472026753e-19,0.00986363636363629,0.1265075605756962,0.5977961432506951,5,5,1,False,False,0.026927727940913426,6.915418082436475e-06,0.00609926027501034,0.07822698549111468,0.2928328849171673,16,16,1,False,False,0.0020885101257618233,3.6786565999385665e-06,0.0006730405180531219,0.01209929862702416,0.47548920470472655,22,22,1,False,False
10,step,step_r_5_eta_0.05,42010,37,0.026918604651162407,4.918851472026753e-19,0.010418604651162705,0.133625390315514,0.6314305849189632,5,5,1,False,False,0.027472970693569618,6.7272260194989585e-06,0.006644503027666532,0.08522007891195563,0.3190106509152284,16,16,1,False,False,0.0021762293033847045,3.566801134742401e-06,0.0007607596956760031,0.013676232699947903,0.5374609892949145,22,22,1,False,False
10,step,step_r_5_eta_0.05,42010,38,0.0274999999999996,0.0,0.010999999999999899,0.14108216432865636,0.6666666666666725,5,5,1,False,False,0.028043175909588925,6.509722219875319e-06,0.007214708243685839,0.09253333218354594,0.3463868950617315,16,16,1,False,False,0.0022672199016930943,3.422093012528258e-06,0.0008517502939843929,0.015311977341844654,0.6017439649327179,22,22,1,False,False
10,step,step_r_5_eta_0.05,42010,39,0.02810975609756061,4.918851472026753e-19,0.011609756097560906,0.1489026834156112,0.7036215816703706,5,5,1,False,False,0.028645436756589433,6.369223427729662e-06,0.007816969090686347,0.10025771980038614,0.37530216893886026,16,16,1,False,False,0.002364884878435792,3.3345689615152757e-06,0.0009494152707270904,0.017067707773096342,0.6707422508802299,22,22,1,False,False
10,step,step_r_5_eta_0.05,42010,40,0.028749999999999606,4.918851472026753e-19,0.012249999999999903,0.15711422845691297,0.74242424242425,5,5,1,False,False,0.02927646749308023,6.050921508197663e-06,0.008447999827177144,0.10835109998784326,0.40559872011164844,16,16,1,False,False,0.0024663921948095786,3.114369128327407e-06,0.0010509225871008772,0.01889251222496937,0.7424550703014128,22,22,1,False,False
10,step,step_r_5_eta_0.05,42010,41,0.0294230769230765,0.0,0.012923076923076798,0.16574687837212768,0.7832167832167898,5,5,1,False,False,0.02994165501556895,5.80707100238878e-06,0.009113187349665864,0.11688256320212745,0.43753518001636116,16,16,1,False,False,0.0025739546915037994,2.9396048206558846e-06,0.001158485083795098,0.0208261710964089,0.8184457493724655,22,22,1,False,False
10,step,step_r_5_eta_0.05,42010,42,0.030131578947368006,4.918851472026753e-19,0.013631578947368304,0.17483387828288047,0.8261562998405181,5,5,1,False,False,0.0306439841408372,5.5003747887275915e-06,0.009815516474934113,0.12589039166248175,0.4712548533276142,16,16,1,False,False,0.002688034307789725,2.7203700035271983e-06,0.0012725647000810234,0.022876988703486156,0.8990406386336998,22,22,1,False,False
10,step,step_r_5_eta_0.05,42010,43,0.030878378378377994,4.918851472026753e-19,0.014378378378378291,0.18441206737799856,0.871416871416882,5,5,1,False,False,0.03138567320209645,5.140261499971541e-06,0.01055720553619336,0.13540303693714947,0.5068642449139871,16,16,1,False,False,0.0028087357565238225,2.451056973143966e-06,0.001393266148815121,0.025046847476881767,0.984313715552309,22,22,1,False,False
10,step,step_r_5_eta_0.05,42010,44,0.031666666666666295,4.918851472026753e-19,0.015166666666666592,0.1945223780895119,0.9191919191919313,5,5,1,False,False,0.0321703277528922,5.130566034909795e-06,0.011341860086989113,0.14546674259865813,0.5445364617751562,16,16,1,False,False,0.0029369166804828995,2.436154652042743e-06,0.0015214470727741981,0.027351165323532333,1.0748708870104586,22,22,1,False,False
10,step,step_r_5_eta_0.05,42010,45,0.03249999999999959,4.918851472026753e-19,0.01599999999999989,0.20521042084168245,0.9696969696969804,5,5,1,False,False,0.0330009613444088,5.011763278939098e-06,0.012172493678505716,0.1561201594036807,0.5844161881592713,16,16,1,False,False,0.003072663960448563,2.3521456991429827e-06,0.0016571943527398615,0.02979150410560426,1.1707735324832957,22,22,1,False,False
10,step,step_r_5_eta_0.05,42010,46,0.033382352941175995,4.918851472026753e-19,0.016882352941176293,0.21652717199103916,1.0231729055258545,5,5,1,False,False,0.03388148147272282,5.02702321383614e-06,0.013053013806819731,0.1674134035343615,0.6266910276932163,16,16,1,False,False,0.003216684269221018,2.350515974586994e-06,0.0018012146615123165,0.032380567731721085,1.272520901687209,22,22,1,False,False
10,step,step_r_5_eta_0.05,42010,47,0.03431818181818141,4.918851472026753e-19,0.017818181818181705,0.22852978684641923,1.0798898071625471,5,5,1,False,False,0.034815576579731125,4.924008848708503e-06,0.013987108913828039,0.17939378166031975,0.6715380669469706,16,16,1,False,False,0.003369283101272412,2.2833736645180337e-06,0.0019538134935637107,0.035123848098356,1.3803288201478634,22,22,1,False,False
10,step,step_r_5_eta_0.05,42010,48,0.035312499999999504,4.918851472026753e-19,0.0188124999999998,0.24128256513025856,1.1401515151515236,5,5,1,False,False,0.03581025781509863,4.988134631638844e-06,0.014981790149195547,0.192151216342388,0.7192939197212884,16,16,1,False,False,0.0035320909677435067,2.2897837923272115e-06,0.0021166213600348053,0.03805065702356096,1.4953492102604002,22,22,1,False,False
10,step,step_r_5_eta_0.05,42010,49,0.03637096774193499,4.918851472026753e-19,0.019870967741935287,0.25485810330337905,1.2043010752688268,5,5,1,False,False,0.036869859595614424,4.989480279396242e-06,0.016041391929711338,0.20574129929890317,0.7701666866243668,16,16,1,False,False,0.0037054839043267284,2.280067021338619e-06,0.002290014296618027,0.041167754528486325,1.6178477334635248,22,22,1,False,False
10,step,step_r_5_eta_0.05,42010,50,0.03749999999999949,4.918851472026753e-19,0.02099999999999979,0.2693386773547074,1.2727272727272831,5,5,1,False,False,0.038000334538391856,4.8876029216802635e-06,0.01717186687248877,0.22024037672129912,0.8244421600250365,16,16,1,False,False,0.00389009808351831,2.1785019202493226e-06,0.0024746284758096087,0.0444865771326339,1.7482738324671105,22,22,1,False,False
10,step,step_r_5_eta_0.05,42010,51,0.03870689655172371,9.837702944053505e-19,0.02220689655172401,0.2848179116854389,1.345872518286328,5,5,1,False,False,0.03920912982068613,4.847313303787644e-06,0.018380662154783046,0.23574396350823976,0.8824778879376143,16,16,1,False,False,0.004087343329138992,2.14259014533867e-06,0.002671873721430291,0.04803246934196,1.887623518639443,22,22,1,False,False
10,step,step_r_5_eta_0.05,42010,52,0.039999999999999494,4.918851472026753e-19,0.023499999999999792,0.3014028056112205,1.4242424242424372,5,5,1,False,False,0.04050576634421665,4.768105796047294e-06,0.01967729867831356,0.2523741714252644,0.9447309804036124,16,16,1,False,False,0.004298994696217214,2.07531178404398e-06,0.002883525088508512,0.051837341450558946,2.037150831642534,22,22,1,False,False
10,step,step_r_5_eta_0.05,42010,53,0.041388888888888406,4.918851472026753e-19,0.024888888888888704,0.31921621019817253,1.5084175084175242,5,5,1,False,False,0.04189799793902336,4.668820182196751e-06,0.021069530273120272,0.27023044839272525,1.011573708209549,16,16,1,False,False,0.004525793610585411,2.0090771261972496e-06,0.00311032400287671,0.05591452212485695,2.1973795734912054,22,22,1,False,False
10,step,step_r_5_eta_0.05,42010,54,0.0428846153846148,0.0,0.026384615384615097,0.3383998766764269,1.5990675990676104,5,5,1,False,False,0.04339948546048597,4.677537268796987e-06,0.022571017794582884,0.2894880037782177,1.083661945594414,16,16,1,False,False,0.004770584279822959,2.000502224805596e-06,0.0033551146721142572,0.060315141892566704,2.3703191180101464,22,22,1,False,False
10,step,step_r_5_eta_0.05,42010,55,0.0444999999999995,0.0,0.027999999999999796,0.35911823647294416,1.696969696969715,5,5,1,False,False,0.045021665308638104,4.673782243568652e-06,0.024193197642735018,0.31029351686073003,1.1615447679975088,16,16,1,False,False,0.005034909681113935,1.996088501986887e-06,0.0036194400734052335,0.06506693896739764,2.5570595466646724,22,22,1,False,False
10,step,step_r_5_eta_0.05,42010,56,0.0462499999999994,0.0,0.0297499999999997,0.3815631262525021,1.8030303030303174,5,5,1,False,False,0.04677893061213806,4.681981483784895e-06,0.025950462946234973,0.33283158888958725,1.2459132069862617,16,16,1,False,False,0.005320748241742534,1.981325339633849e-06,0.0039052786340338327,0.0702054796813628,2.758998577408894,22,22,1,False,False
10,step,step_r_5_eta_0.05,42010,57,0.04815217391304289,4.918851472026753e-19,0.03165217391304319,0.40595974557811004,1.9183135704875007,5,5,1,False,False,0.04869052310127587,4.693064692380636e-06,0.027862055435372783,0.35734900758794796,1.3376910813743597,16,16,1,False,False,0.005631607199141489,1.965403415677383e-06,0.004216137591432788,0.07579381389835044,2.978614000944663,22,22,1,False,False
10,step,step_r_5_eta_0.05,42010,58,0.050227272727272114,9.837702944053505e-19,0.03372727272727241,0.43257423938786366,2.0440771349862437,5,5,1,False,False,0.05077688767556362,4.81361810247833e-06,0.029948420009660533,0.384107992107871,1.4378599755894248,16,16,1,False,False,0.005970757954070343,2.0015817853808543e-06,0.004555288346361642,0.08189075182912299,3.2182169942423116,22,22,1,False,False
10,step,step_r_5_eta_0.05,42010,59,0.052499999999999394,4.918851472026753e-19,0.03599999999999969,0.46172344689378475,2.1818181818182025,5,5,1,False,False,0.05306197289543649,4.787965304494606e-06,0.0322335052295334,0.41341569833469743,1.5475696890703463,16,16,1,False,False,0.006341663593140351,1.9635267274204455e-06,0.00492619398543165,0.0885585496350213,3.480254156361542,22,22,1,False,False
10,step,step_r_5_eta_0.05,42010,60,0.05499999999999928,1.4756554416080256e-18,0.038499999999999576,0.49378757515029637,2.33333333333335,5,5,1,False,False,0.05557621520543453,4.832890462152119e-06,0.03474774753953144,0.445662493492989,1.6682815124424488,16,16,1,False,False,0.006749547414518105,1.9684042683514953e-06,0.005334077806809404,0.09589110692927873,3.768415639417344,22,22,1,False,False
10,step,step_r_5_eta_0.05,42010,61,0.05776315789473619,4.918851472026753e-19,0.04126315789473649,0.5292268748022328,2.5007974481658928,5,5,1,False,False,0.058355413564321196,4.874295237172397e-06,0.03752694589841811,0.48130752254484205,1.801714197144277,16,16,1,False,False,0.007199887559031304,1.965629353452243e-06,0.005784417951322602,0.10398690465028955,4.086571636593567,22,22,1,False,False
10,step,step_r_5_eta_0.05,42010,62,0.06083333333333262,1.4756554416080256e-18,0.04433333333333292,0.5686038744154938,2.6868686868687104,5,5,1,False,False,0.06144406074915532,4.966503653299865e-06,0.04061559308325224,0.5209214343342978,1.950003895377352,16,16,1,False,False,0.0076999609770050555,1.9834266594790714e-06,0.006284491369296354,0.1129767610663687,4.439863162777056,22,22,1,False,False
10,step,step_r_5_eta_0.05,42010,63,0.06426470588235221,9.837702944053505e-19,0.04776470588235251,0.6126134622185507,2.894830659536568,5,5,1,False,False,0.06489745810392815,5.110776692556868e-06,0.04406899043802506,0.5652135046159534,2.1158056917536716,16,16,1,False,False,0.00825886103684355,2.0272579780865675e-06,0.006843391429134848,0.12302414832651265,4.834714494656387,22,22,1,False,False
10,step,step_r_5_eta_0.05,42010,64,0.0681249999999992,0.0,0.0516249999999995,0.6621242484969891,3.1287878787879047,5,5,1,False,False,0.06878345045353731,5.352953345817995e-06,0.04795498278763423,0.6150538874566321,2.302376898620256,16,16,1,False,False,0.00888743607947198,2.1192196126261974e-06,0.007471966471763278,0.13432408784910693,5.278789760706033,22,22,1,False,False
10,step,step_r_5_eta_0.05,42010,65,0.0724999999999991,0.0,0.055999999999999404,0.7182364729458859,3.3939393939394193,5,5,1,False,False,0.0731880396028643,5.53656786545803e-06,0.05235957193696121,0.6715456120171386,2.513846566959682,16,16,1,False,False,0.00959929486823638,2.1817795963699087e-06,0.008183825260527678,0.14712122536832592,5.781703270743684,22,22,1,False,False
10,step,step_r_5_eta_0.05,42010,66,0.07749999999999911,9.837702944053505e-19,0.06099999999999941,0.7823647294589122,3.6969696969697274,5,5,1,False,False,0.07822107392816957,5.832702733881741e-06,0.057392606262266485,0.7360975552675469,2.755488650575104,16,16,1,False,False,0.010411869303641135,2.2816766273237353e-06,0.008996399695932434,0.16172893543470815,6.355770301910899,22,22,1,False,False
10,step,step_r_5_eta_0.05,42010,67,0.08326923076922979,9.837702944053505e-19,0.06676923076923008,0.8563588715893258,4.046620046620078,5,5,1,False,False,0.08402915753212618,6.14299686193318e-06,0.0632006898662231,0.8105900103082732,3.0343417902837277,16,16,1,False,False,0.011348942881461715,2.390339541873644e-06,0.009933473273753013,0.1785747756916097,7.017793402030634,22,22,1,False,False
10,step,step_r_5_eta_0.05,42010,68,0.08999999999999898,9.837702944053505e-19,0.07349999999999929,0.9426853707414762,4.4545454545454914,5,5,1,False,False,0.09080743447904137,6.424952469212273e-06,0.06997896681313828,0.8975258268618949,3.3597750893454466,16,16,1,False,False,0.012442134256393672,2.4819363987299137e-06,0.01102666464868497,0.1982271570074474,7.790110496638949,22,22,1,False,False
10,step,step_r_5_eta_0.05,42010,69,0.0979545454545443,0.0,0.08145454545454459,1.0447075970121977,4.936639118457337,5,5,1,False,False,0.0988153139511405,6.8113423491698256e-06,0.07798684628523742,1.0002320966443288,3.7442430972924887,16,16,1,False,False,0.013732113672102177,2.62363656675095e-06,0.012316644064393475,0.22141721132768288,8.70145427165413,22,22,1,False,False
10,step,step_r_5_eta_0.05,42010,70,0.10749999999999879,9.837702944053505e-19,0.09099999999999908,1.1671342685370651,5.515151515151559,5,5,1,False,False,0.10842764387421264,7.3799051612328754e-06,0.08759917620830955,1.12351648844325,4.2057427177762285,16,16,1,False,False,0.015280320756889667,2.84478475584397e-06,0.013864851149180965,0.24924944334471555,9.795230553642734,22,22,1,False,False
10,step,step_r_5_eta_0.05,42010,71,0.1191666666666653,0.0,0.1026666666666656,1.316766867067458,6.222222222222269,5,5,1,False,False,0.12017733794151844,7.903675088053749e-06,0.09934887027561536,1.2742139674628037,4.769859783696563,16,16,1,False,False,0.017171863223107008,3.017892592182739e-06,0.015756393615398306,0.28325384062924125,11.131566180996318,22,22,1,False,False
10,step,step_r_5_eta_0.05,42010,72,0.1337499999999985,0.0,0.1172499999999988,1.5038076152304491,7.106060606060662,5,5,1,False,False,0.13486414967970256,8.721632815396947e-06,0.11403568201379947,1.4625818935637627,5.474991432061985,16,16,1,False,False,0.019534898073069618,3.3236009408129766e-06,0.018119428465360916,0.32573429098677265,12.801001425026591,22,22,1,False,False
10,step,step_r_5_eta_0.05,42010,73,0.1524999999999983,0.0,0.1359999999999986,1.7442885771542949,8.242424242424306,5,5,1,False,False,0.15374843029431928,9.652256121466185e-06,0.1329199626284162,1.7047850918273844,6.38164865320413,16,16,1,False,False,0.02257215622756035,3.6663201194314762e-06,0.021156686619851647,0.380335303010312,14.946761487941194,22,22,1,False,False
10,step,step_r_5_eta_0.05,42010,74,0.17749999999999802,1.967540588810701e-18,0.1609999999999983,2.064929859719422,9.757575757575832,5,5,1,False,False,0.17892876651410347,1.0899895201134648e-05,0.15810029884820037,2.0277393038646965,7.59058714179997,16,16,1,False,False,0.026620608395676867,4.144274787460903e-06,0.025205138787968165,0.4531146237872507,17.80690920575053,22,22,1,False,False
10,step,step_r_5_eta_0.05,42010,75,0.2124999999999977,0.0,0.19599999999999798,2.5138276553106014,11.878787878787971,5,5,1,False,False,0.21418215866106635,1.2900106874734304e-05,0.19335369099516325,2.479887018775644,9.283145265251072,16,16,1,False,False,0.03228678004084082,4.899868621303783e-06,0.030871310433132116,0.554975805941821,21.809942272872398,22,22,1,False,False
10,step,step_r_5_eta_0.05,42010,76,0.26499999999999707,3.935081177621402e-18,0.24849999999999736,3.187174348697369,15.060606060606172,5,5,1,False,False,0.267063090258067,1.567044951508919e-05,0.24623462259216394,3.158119407995694,11.82202294195931,16,16,1,False,False,0.04078378403720745,5.897953580908133e-06,0.03936831442949875,0.7077270683538459,27.812899842636963,22,22,1,False,False
11,step,step_r_5_eta_0.1,42011,0,0.12437499999999922,1.967540588810701e-18,0.058375000000000135,0.46934673366834573,0.8844696969697112,5,5,1,False,False,0.12437499999999996,2.951310883216051e-18,0.03790429288162708,0.3047581337216249,0.4383483626395992,14,14,1,False,False,0.04992964549801381,9.837702944053505e-19,0.04232225409615457,0.8476377846071055,5.5633070339736985,23,23,1,False,False
11,step,step_r_5_eta_0.1,42011,1,0.11329113924050553,1.967540588810701e-18,0.047291139240506444,0.38023026525030545,0.7165324127349559,5,5,1,False,False,0.11787132166740275,0.0001472818477933369,0.03140061454902987,0.2524672526555166,0.3631358594771803,14,14,1,False,False,0.04389355822287129,0.00012170872061556832,0.036286166821012045,0.726745933384516,4.769856696494375,23,23,1,False,False
11,step,step_r_5_eta_0.1,42011,2,0.1019230769230761,0.0,0.035923076923077016,0.28882875918052053,0.5442890442890531,5,5,1,False,False,0.11217908322638763,0.00022000579115129308,0.025708376108014755,0.20670051142122423,0.2973073421594856,14,14,1,False,False,0.03854007967189697,0.00018298701289946135,0.03093268827003772,0.6195254935520865,4.066136029556437,23,23,1,False,False
11,step,step_r_5_eta_0.1,42011,3,0.09025974025973939,9.837702944053505e-19,0.0242597402597403,0.1950531880180137,0.36757182211728234,5,5,1,False,False,0.10666296732676464,0.0002619896267331591,0.020192260208391766,0.16234983082124038,0.23351561333654702,14,14,1,False,False,0.033354718027115135,0.0002193261514070508,0.02574732662525589,0.5156721296224727,3.384514515575372,23,23,1,False,False
11,step,step_r_5_eta_0.1,42011,4,0.0782894736842097,0.0,0.012289473684210614,0.09880983866702063,0.18620414673046648,5,5,1,False,False,0.10255394850983367,0.00030290349398313764,0.016083241391460792,0.1293124935996848,0.18599641343795037,14,14,1,False,False,0.02934728926669421,0.00025469527103213563,0.021739897864834965,0.43541061924222496,2.8577335799393393,23,23,1,False,False
11,step,step_r_5_eta_0.1,42011,5,0.06599999999999909,9.837702944053505e-19,0.0,0.0,0.0,5,5,1,False,False,0.09895438452222369,0.0003067084919329259,0.012483677403850812,0.10037127560885079,0.14436885992803838,14,14,1,False,False,0.025784277811655692,0.0002578342394172519,0.018176886409796447,0.3640499792957576,2.3893717898298252,23,23,1,False,False
11,step,step_r_5_eta_0.1,42011,6,0.06675675675675588,9.837702944053505e-19,0.0007567567567567934,0.006084476436235563,0.011466011466012116,5,5,1,False,False,0.09581103590467223,0.00031619183171879844,0.009340328786299354,0.0750981208948692,0.1080172592264459,14,14,1,False,False,0.022605795072839073,0.00026516565391963257,0.014998403670979828,0.3003907502523017,1.9715567240715686,23,23,1,False,False
11,step,step_r_5_eta_0.1,42011,7,0.06753424657534157,1.967540588810701e-18,0.001534246575342485,0.012335650857025081,0.023246160232462287,5,5,1,False,False,0.09345202843664767,0.0003155472712150534,0.006981321318274794,0.05613122667959635,0.08073625798754969,14,14,1,False,False,0.020106273306141363,0.00026362949666001767,0.012498881904282118,0.2503298747590611,1.642991827819901,23,23,1,False,False
11,step,step_r_5_eta_0.1,42011,8,0.06833333333333248,9.837702944053505e-19,0.0023333333333333955,0.01876046901172591,0.0353535353535368,5,5,1,False,False,0.09123420635390472,0.00030215173422074043,0.004763499235531848,0.0382994913409596,0.05508801066019875,14,14,1,False,False,0.017718828926861198,0.00025160362236663694,0.010111437525001953,0.20251370551798095,1.3291596279022428,23,23,1,False,False
11,step,step_r_5_eta_0.1,42011,9,0.06915492957746391,9.837702944053505e-19,0.0031549295774648267,0.025366267959516353,0.047801963294922256,5,5,1,False,False,0.08972198403630018,0.00027633872171912554,0.003251276917927301,0.026140919943134087,0.037599749398099735,14,14,1,False,False,0.015919978413648644,0.0002290238866682543,0.008312587011789399,0.16648600102959016,1.0926987416156617,23,23,1,False,False
11,step,step_r_5_eta_0.1,42011,10,0.06999999999999909,9.837702944053505e-19,0.0040000000000000036,0.032160804020100735,0.06060606060606144,5,5,1,False,False,0.08859064163874607,0.00027027310003538164,0.002119934520373193,0.017044699661292007,0.024516215849503142,14,14,1,False,False,0.014444279473236243,0.00022278224745866265,0.006836888071376998,0.13693043487859266,0.8987164864037447,23,23,1,False,False
11,step,step_r_5_eta_0.1,42011,11,0.0708695652173904,0.0,0.0048695652173913195,0.03915228315490533,0.0737812911725968,5,5,1,False,False,0.08772940287152274,0.00025862712650438996,0.001258695753149866,0.010120166859496413,0.014556325431996253,14,14,1,False,False,0.013179325102421728,0.00021145775780299,0.005571933700562483,0.11159569920808136,0.7324368375736134,23,23,1,False,False
11,step,step_r_5_eta_0.1,42011,12,0.07176470588235198,9.837702944053505e-19,0.005764705882352894,0.04634939402896828,0.0873440285204996,5,5,1,False,False,0.08717582337518044,0.00024080142567510913,0.000705116256807567,0.005669276436643757,0.008154394479997773,14,14,1,False,False,0.01216663056172781,0.00019561421083959932,0.004559239159868565,0.09131326918894167,0.5993170219629147,23,23,1,False,False
11,step,step_r_5_eta_0.1,42011,13,0.0726865671641782,0.0,0.006686567164179119,0.05376134403360129,0.10131162369968494,5,5,1,False,False,0.0866651011364042,0.0002180672367590035,0.00019439401803132694,0.0015629669791463478,0.0022480909953148664,14,14,1,False,False,0.011164076122778756,0.00017588315432302056,0.0035566847209195116,0.07123392696751664,0.46753013392347054,23,23,1,False,False
11,step,step_r_5_eta_0.1,42011,14,0.07363636363636271,9.837702944053505e-19,0.007636363636363622,0.0613978985838285,0.11570247933884437,5,5,1,False,False,0.08647070711837287,0.00019996305632519247,0.0,0.0,0.0,14,14,1,False,False,0.010411805375341516,0.00016005795171177093,0.0028044139734822717,0.056167311934826984,0.3686433135012448,23,23,1,False,False
11,step,step_r_5_eta_0.1,42011,15,0.07461538461538368,9.837702944053505e-19,0.008615384615384594,0.06926942404329366,0.1305361305361321,5,5,1,False,False,0.08654126130655944,0.00019293834128427339,7.0554188186564e-05,0.000567269854766344,0.0008159316667779581,14,14,1,False,False,0.009864668397412629,0.0001531547987825454,0.0022572769955533844,0.04520915326032464,0.29672155359348373,23,23,1,False,False
11,step,step_r_5_eta_0.1,42011,16,0.07562499999999898,9.837702944053505e-19,0.009624999999999898,0.07738693467336649,0.1458333333333337,5,5,1,False,False,0.0865665668547713,0.00018017255256651295,9.585973639843204e-05,0.0007707315489321172,0.0011085804614412442,14,14,1,False,False,0.009265709630703431,0.00014108771186656746,0.0016583182288441864,0.03321309839682627,0.21798776232795047,23,23,1,False,False
11,step,step_r_5_eta_0.1,42011,17,0.07666666666666569,9.837702944053505e-19,0.010666666666666602,0.08576214405360136,0.16161616161616288,5,5,1,False,False,0.08683655513349148,0.0001666803213340716,0.00036584801511860277,0.0029414915788430382,0.004230889596147147,14,14,1,False,False,0.008847323111499893,0.00012942131844929786,0.0012399317096406489,0.02483357727204318,0.16299039238833046,23,23,1,False,False
11,step,step_r_5_eta_0.1,42011,18,0.07774193548387,0.0,0.01174193548387091,0.09440752147835967,0.17790811339198598,5,5,1,False,False,0.08721127120846156,0.0001525695717569028,0.0007405640900886856,0.00595428414141657,0.008564334845497346,14,14,1,False,False,0.008495701565294144,0.00011716829008335793,0.0008883101634349,0.017791237141273848,0.11676935187241666,23,23,1,False,False
11,step,step_r_5_eta_0.1,42011,19,0.07885245901639239,9.837702944053505e-19,0.0128524590163933,0.1033363539006503,0.19473422752111325,5,5,1,False,False,0.08767755067231459,0.00013739775804608135,0.001206843553941711,0.009703264755310243,0.01395667497305908,14,14,1,False,False,0.008193679921304065,0.00010402452202124695,0.0005862885194448204,0.011742292852212276,0.07706827327190391,23,23,1,False,False
11,step,step_r_5_eta_0.1,42011,20,0.07999999999999899,9.837702944053505e-19,0.013999999999999901,0.11256281407035167,0.2121212121212135,5,5,1,False,False,0.08825698369721172,0.00012740818748681204,0.0017862765788388413,0.0143620227444329,0.020657591898647798,14,14,1,False,False,0.007963436122493709,9.568278707300224e-05,0.00035604472063446423,0.007130928270833159,0.0468024716787212,23,23,1,False,False
11,step,step_r_5_eta_0.1,42011,21,0.0811864406779651,0.0,0.015186440677966012,0.12210203560173755,0.23009758602979113,5,5,1,False,False,0.0889614439302935,0.00011600430138204918,0.0024907368119206214,0.020026024618457264,0.028804399720138374,14,14,1,False,False,0.007808015951233531,8.61904390579714e-05,0.00020062454937428646,0.00401814487912331,0.0263723185486755,23,23,1,False,False
11,step,step_r_5_eta_0.1,42011,22,0.0824137931034472,0.0,0.016413793103448107,0.13197019580661878,0.24869383490073238,5,5,1,False,False,0.08978003502509711,0.00010544032256865273,0.003309327906724238,0.026607661561601922,0.038271086440798685,14,14,1,False,False,0.007714137134158505,7.745583497643012e-05,0.0001067457322992604,0.002137922895997864,0.014031844381396263,23,23,1,False,False
11,step,step_r_5_eta_0.1,42011,23,0.08368421052631468,9.837702944053505e-19,0.017684210526315594,0.14218460724675944,0.26794258373205815,5,5,1,False,False,0.09061175358568825,9.812957017225854e-05,0.004141046467315376,0.03329484596836484,0.047889587182935234,14,14,1,False,False,0.0076073914018592445,7.116960340068907e-05,0.0,0.0,0.0,23,23,1,False,False
11,step,step_r_5_eta_0.1,42011,24,0.08499999999999887,1.967540588810701e-18,0.01899999999999978,0.1527638190954766,0.2878787878787885,5,5,1,False,False,0.09163822391762438,9.096247008311736e-05,0.005167516799251509,0.04154787376282622,0.059760316197917884,14,14,1,False,False,0.007620390836938665,6.53799116219174e-05,1.2999435079420925e-05,0.00026035504457843663,0.0017087900954122492,23,23,1,False,False
11,step,step_r_5_eta_0.1,42011,25,0.0863636363636353,0.0,0.02036363636363621,0.16372772955687506,0.3085399449035833,5,5,1,False,False,0.09267763424714741,8.34172925902308e-05,0.006206927128774534,0.04990494173889074,0.0717806912377581,14,14,1,False,False,0.007617242527038084,5.8994203569574695e-05,9.851125178839473e-06,0.00019730012261415613,0.0012949412825573603,23,23,1,False,False
11,step,step_r_5_eta_0.1,42011,26,0.08777777777777672,9.837702944053505e-19,0.021777777777777632,0.17509771077610267,0.32996632996633224,5,5,1,False,False,0.09386102963747293,7.929797852056923e-05,0.007390322519100059,0.05941967854552813,0.08546619734453165,14,14,1,False,False,0.007694237297807651,5.5715448065713626e-05,8.684589594840694e-05,0.0017393653626453574,0.011415988919300402,23,23,1,False,False
11,step,step_r_5_eta_0.1,42011,27,0.08924528301886682,9.837702944053505e-19,0.023245283018867732,0.186896747890395,0.35220125786163714,5,5,1,False,False,0.09508576361597224,7.46797409389506e-05,0.00861505649759936,0.06926678591034664,0.09962976809945467,14,14,1,False,False,0.007772229719592469,5.2081519540730036e-05,0.00016483831773322476,0.0033014117382383977,0.02166817888362349,23,23,1,False,False
11,step,step_r_5_eta_0.1,42011,28,0.09076923076922959,9.837702944053505e-19,0.024769230769230502,0.1991495941244676,0.37529137529137646,5,5,1,False,False,0.09641896396196163,7.295868123070744e-05,0.009948256843588757,0.07998598467207044,0.1150477100871885,14,14,1,False,False,0.007897060328493275,5.023948311707386e-05,0.00028966892663403066,0.005801541824396763,0.03807730026395584,23,23,1,False,False
11,step,step_r_5_eta_0.1,42011,29,0.0923529411764694,0.0,0.026352941176470315,0.21188294413242598,0.3992869875222831,5,5,1,False,False,0.09780388255451779,6.752451724339941e-05,0.011333175436144913,0.09112100853181843,0.13106375342380994,14,14,1,False,False,0.008025103955022227,4.609789075952546e-05,0.0004177125531629822,0.00836602281062858,0.05490877635938296,23,23,1,False,False
11,step,step_r_5_eta_0.1,42011,30,0.09399999999999878,1.967540588810701e-18,0.027999999999999692,0.22512562814070244,0.4242424242424254,5,5,1,False,False,0.09926190501378512,6.405804574864095e-05,0.012791197895412248,0.10284380217416887,0.14792521446484663,14,14,1,False,False,0.008171078316780742,4.302058272640352e-05,0.0005636869149214978,0.01128962381565319,0.07409726740019362,23,23,1,False,False
11,step,step_r_5_eta_0.1,42011,31,0.09571428571428452,9.837702944053505e-19,0.02971428571428543,0.23890882986360293,0.45021645021645207,5,5,1,False,False,0.10080371141049937,6.002390287292068e-05,0.0143330042921265,0.11524023551458497,0.16575560406260514,14,14,1,False,False,0.008338811609503411,3.963986244532789e-05,0.0007314202076441666,0.014649016638286813,0.09614599394286549,23,23,1,False,False
11,step,step_r_5_eta_0.1,42011,32,0.0974999999999988,0.0,0.03149999999999971,0.2532663316582907,0.4772727272727295,5,5,1,False,False,0.10242023268561808,5.6618658041499165e-05,0.0159495255672452,0.12823739149543883,0.18445004208663773,14,14,1,False,False,0.008522413538741112,3.682030587464643e-05,0.0009150221368818675,0.018326229392481203,0.12028067027788736,23,23,1,False,False
11,step,step_r_5_eta_0.1,42011,33,0.09936170212765841,9.837702944053505e-19,0.03336170212765932,0.26823479097615704,0.5054803352675725,5,5,1,False,False,0.10416604229833755,5.31476951574411e-05,0.017695335179964675,0.14227405169820848,0.20463964930621992,14,14,1,False,False,0.008755426695584413,3.4115374396352524e-05,0.0011480352937251687,0.022993059179057005,0.15091050704247833,23,23,1,False,False
11,step,step_r_5_eta_0.1,42011,34,0.10130434782608572,9.837702944053505e-19,0.03530434782608663,0.2838540528730601,0.5349143610013201,5,5,1,False,False,0.10597645656406315,4.961546038479517e-05,0.01950574944569028,0.1568301462970073,0.2255763841388292,14,14,1,False,False,0.008991084436783238,3.138099141646197e-05,0.0013836930349239935,0.02771285518097733,0.18188797734080286,23,23,1,False,False
11,step,step_r_5_eta_0.1,42011,35,0.1033333333333321,0.0,0.03733333333333301,0.30016750418760396,0.5656565656565686,5,5,1,False,False,0.10791421164892241,4.7506424308815475e-05,0.021443504530549537,0.1724100866777853,0.24798576587554377,14,14,1,False,False,0.009268102771975139,2.9737062183186582e-05,0.0016607113701158941,0.033261028664462615,0.21830234339066834,23,23,1,False,False
11,step,step_r_5_eta_0.1,42011,36,0.1054545454545442,0.0,0.03945454545454512,0.31722247601644515,0.597796143250692,5,5,1,False,False,0.1099351207825027,4.6023473177103066e-05,0.023464413664129824,0.18865860232466197,0.2713567917515529,14,14,1,False,False,0.00955536229124223,2.845503661105378e-05,0.001947970889382985,0.039014314440916166,0.25606292439572664,23,23,1,False,False
11,step,step_r_5_eta_0.1,42011,37,0.1076744186046499,0.0,0.041674418604650806,0.3350707023489533,0.6314305849189603,5,5,1,False,False,0.11207867017820533,4.521588981779694e-05,0.025607963059832456,0.20589317033031126,0.2961461044232794,14,14,1,False,False,0.009872728823485425,2.7740362441922492e-05,0.0022653374216261802,0.04537058893631229,0.2977811055012276,23,23,1,False,False
11,step,step_r_5_eta_0.1,42011,38,0.10999999999999868,9.837702944053505e-19,0.043999999999999595,0.3537688442211045,0.6666666666666698,5,5,1,False,False,0.11432183255544871,4.3918673593085e-05,0.027851125437075838,0.22392864673025809,0.32208740237256794,14,14,1,False,False,0.010203485748441663,2.6611007089709133e-05,0.0025960943465824183,0.05199504864671411,0.3412594685147834,23,23,1,False,False
11,step,step_r_5_eta_0.1,42011,39,0.11243902439024246,2.951310883216051e-18,0.046439024390243375,0.37337909057482344,0.7036215816703639,5,5,1,False,False,0.11669661125017385,4.300696089353243e-05,0.03022590413180097,0.24302234477829934,0.3495507916967031,14,14,1,False,False,0.010564348725809428,2.5840387900629477e-05,0.002956957323950183,0.059222477837696845,0.3886953053615072,23,23,1,False,False
11,step,step_r_5_eta_0.1,42011,40,0.11499999999999864,2.951310883216051e-18,0.04899999999999956,0.3939698492462301,0.742424242424246,5,5,1,False,False,0.11919080141366926,4.2573270067626635e-05,0.03272009429529639,0.263076135037559,0.3783951280808271,14,14,1,False,False,0.01094225261111565,2.5202087827513085e-05,0.003334861209256406,0.06679120542502281,0.43837118837363453,23,23,1,False,False
11,step,step_r_5_eta_0.1,42011,41,0.11769230769230628,1.967540588810701e-18,0.05169230769230719,0.4156165442597589,0.7832167832167864,5,5,1,False,False,0.12185130264265397,4.2094417108574616e-05,0.03538059552428109,0.2844670996927124,0.4091627870678485,14,14,1,False,False,0.011363675131139298,2.4788572875665404e-05,0.003756283729280053,0.07523153212512748,0.4937676439734675,23,23,1,False,False
11,step,step_r_5_eta_0.1,42011,42,0.12052631578947225,2.951310883216051e-18,0.05452631578947316,0.4384025390108422,0.8261562998405139,5,5,1,False,False,0.12464409661992706,4.073448169511049e-05,0.03817338950155419,0.3069217246356117,0.4414603600881539,14,14,1,False,False,0.011800202421180976,2.3700616209981553e-05,0.004192811019321732,0.08397437989998388,0.5511496382711438,23,23,1,False,False
11,step,step_r_5_eta_0.1,42011,43,0.12351351351351197,1.967540588810701e-18,0.05751351351351289,0.46242020915387533,0.871416871416874,5,5,1,False,False,0.12758217977837855,3.998934940635622e-05,0.04111147266000567,0.3305445037990407,0.475438145818869,14,14,1,False,False,0.01225710090819045,2.2933556948461754e-05,0.004649709506331205,0.09312522570415946,0.6112094489044979,23,23,1,False,False
11,step,step_r_5_eta_0.1,42011,44,0.12666666666666518,1.967540588810701e-18,0.06066666666666609,0.487772194304856,0.9191919191919231,5,5,1,False,False,0.13070466439171363,3.994667071804361e-05,0.04423395727334076,0.35564990772535293,0.511548462449686,14,14,1,False,False,0.012751632242247665,2.2679593236267318e-05,0.005144240840388421,0.10302978899766187,0.6762161388371801,23,23,1,False,False
11,step,step_r_5_eta_0.1,42011,45,0.12999999999999853,1.967540588810701e-18,0.06399999999999945,0.5145728643216068,0.9696969696969746,5,5,1,False,False,0.1340249700948271,3.943451386029446e-05,0.04755426297645424,0.3823458329765166,0.5499465028238464,14,14,1,False,False,0.013284839679981463,2.222450524592564e-05,0.005677448278122219,0.11370896431355729,0.7463068453050348,23,23,1,False,False
11,step,step_r_5_eta_0.1,42011,46,0.13352941176470431,1.967540588810701e-18,0.06752941176470523,0.5429500443393419,1.023172905525851,5,5,1,False,False,0.13753466778936005,3.846608884251854e-05,0.051063960670987174,0.4105645079074347,0.5905347877065914,14,14,1,False,False,0.013844787959513844,2.1452708311470858e-05,0.0062373965576546,0.1249237100612445,0.819912664955057,23,23,1,False,False
11,step,step_r_5_eta_0.1,42011,47,0.13727272727272566,1.967540588810701e-18,0.07127272727272657,0.5730470534490615,1.0798898071625387,5,5,1,False,False,0.14125989324916596,3.797772474873008e-05,0.05478918613079309,0.4405160693933114,0.6336155671283015,14,14,1,False,False,0.014439627525450187,2.0985953313294455e-05,0.006832236123590942,0.13683726482421604,0.8981049827304988,23,23,1,False,False
11,step,step_r_5_eta_0.1,42011,48,0.1412499999999983,0.0,0.0752499999999992,0.6050251256281381,1.1401515151515187,5,5,1,False,False,0.14522989291364444,3.683451819614755e-05,0.05875918579527156,0.47243566468560066,0.6795270647530844,14,14,1,False,False,0.015077677527035935,2.0182695202100196e-05,0.007470286125176691,0.14961624603310786,0.9819773599858361,23,23,1,False,False
11,step,step_r_5_eta_0.1,42011,49,0.1454838709677402,0.0,0.07948387096774112,0.6390662992381235,1.2043010752688215,5,5,1,False,False,0.14946625034859823,3.632395147911588e-05,0.06299554323022535,0.5064968299917618,0.7285188861007981,14,14,1,False,False,0.015761133166853937,1.970357215620583e-05,0.008153741764994692,0.1633046196035789,1.0718183585245686,23,23,1,False,False
11,step,step_r_5_eta_0.1,42011,50,0.14999999999999816,1.967540588810701e-18,0.08399999999999908,0.6753768844221073,1.2727272727272765,5,5,1,False,False,0.15399576797630257,3.569297962805857e-05,0.0675250608579297,0.5429150621743093,0.780900990730794,14,14,1,False,False,0.01649569956630476,1.9216462537654442e-05,0.008888308164445514,0.1780166487422605,1.1683779228545035,23,23,1,False,False
11,step,step_r_5_eta_0.1,42011,51,0.15482758620689485,3.935081177621402e-18,0.08882758620689576,0.7141916478946437,1.3458725182863183,5,5,1,False,False,0.1588391344213867,3.527582734306093e-05,0.07236842730301382,0.5818567019337797,0.8369126345173292,14,14,1,False,False,0.017281123096593163,1.8913304967916514e-05,0.009673731694733918,0.1937472537256195,1.2716227131904456,23,23,1,False,False
11,step,step_r_5_eta_0.1,42011,52,0.15999999999999812,1.967540588810701e-18,0.09399999999999903,0.7557788944723587,1.4242424242424292,5,5,1,False,False,0.1640339610290893,3.5602778080683226e-05,0.07756325391071642,0.6236241520459613,0.896988777997817,14,14,1,False,False,0.018123245157651555,1.897971968372792e-05,0.01051585375579231,0.2106134271714512,1.3823205880036933,23,23,1,False,False
11,step,step_r_5_eta_0.1,42011,53,0.16555555555555362,1.967540588810701e-18,0.09955555555555454,0.8004466778336093,1.508417508417514,5,5,1,False,False,0.16961325262892263,3.56825444742164e-05,0.08314254551054975,0.6684827779742696,0.9615111091520614,14,14,1,False,False,0.019026953246244042,1.8853597022520787e-05,0.011419561844384796,0.22871305675180617,1.501114014140755,23,23,1,False,False
11,step,step_r_5_eta_0.1,42011,54,0.17153846153845947,1.967540588810701e-18,0.10553846153846039,0.8485504445303401,1.5990675990676038,5,5,1,False,False,0.1756431687796138,3.628664054215549e-05,0.08917246166124093,0.716964515869274,1.0312447374712632,14,14,1,False,False,0.020010843905294617,1.900984837257003e-05,0.012403452503435372,0.24841859740279507,1.6304475277036454,23,23,1,False,False
11,step,step_r_5_eta_0.1,42011,55,0.177999999999998,0.0,0.1119999999999989,0.9005025125628109,1.696969696969704,5,5,1,False,False,0.18214915962346204,3.579421730599732e-05,0.09567845250508916,0.7692739899906669,1.1064839839243072,14,14,1,False,False,0.021068048882196565,1.854780285094328e-05,0.01346065748033732,0.2695924905149343,1.7694182893031556,23,23,1,False,False
11,step,step_r_5_eta_0.1,42011,56,0.18499999999999786,1.967540588810701e-18,0.11899999999999877,0.956783919597986,1.8030303030303094,5,5,1,False,False,0.18920775384858413,3.619023391658995e-05,0.10273704673021125,0.8260265063735581,1.188113872939316,14,14,1,False,False,0.022217528375399188,1.857218328405318e-05,0.014610136973539942,0.29261447438318244,1.9205186379616577,23,23,1,False,False
11,step,step_r_5_eta_0.1,42011,57,0.1926086956521717,0.0,0.12660869565217261,1.017959362027525,1.9183135704874905,5,5,1,False,False,0.19687808599903897,3.6408781384463875e-05,0.1104073788806661,0.8876975186385216,1.2768182724529527,14,14,1,False,False,0.0234641451169973,1.8585283204764276e-05,0.015856753715138054,0.3175819406882997,2.0843877851825354,23,23,1,False,False
11,step,step_r_5_eta_0.1,42011,58,0.2009090909090885,5.902621766432102e-18,0.13490909090908942,1.0846962083142937,2.0440771349862317,5,5,1,False,False,0.20526733803609204,3.646417811624235e-05,0.11879663091771916,0.9551487912982448,1.3738367000410228,14,14,1,False,False,0.024834130986773464,1.8502908918149465e-05,0.01722673958491422,0.34502026627846766,2.264473940528945,23,23,1,False,False
11,step,step_r_5_eta_0.1,42011,59,0.20999999999999758,1.967540588810701e-18,0.1439999999999985,1.1577889447236132,2.181818181818189,5,5,1,False,False,0.21445802158109495,3.71110884030548e-05,0.12798731446272207,1.0290437343736452,1.4801233704208712,14,14,1,False,False,0.026334225440622774,1.8656487575195793e-05,0.01872683403876353,0.3750644301992586,2.4616630129201313,23,23,1,False,False
11,step,step_r_5_eta_0.1,42011,60,0.2199999999999975,0.0,0.15399999999999842,1.2381909547738643,2.3333333333333415,5,5,1,False,False,0.2245697539249031,3.8099744902632045e-05,0.13809904680653023,1.1103440949268766,1.5970616109046207,14,14,1,False,False,0.027983249922367073,1.9041489522904267e-05,0.020375858520507828,0.4080913917427748,2.67842910192947,23,23,1,False,False
11,step,step_r_5_eta_0.1,42011,61,0.23105263157894476,1.967540588810701e-18,0.16505263157894567,1.327056334303089,2.500797448165878,5,5,1,False,False,0.23575185062471427,3.87797406247366e-05,0.1492811435063414,1.2002504000509864,1.72637819767086,14,14,1,False,False,0.02980745730741274,1.9293538101507064e-05,0.022200065905553495,0.44462694826136123,2.918223177018052,23,23,1,False,False
11,step,step_r_5_eta_0.1,42011,62,0.24333333333333054,3.935081177621402e-18,0.17733333333333146,1.425795644891116,2.6868686868686957,5,5,1,False,False,0.24816714319877153,3.96053920464057e-05,0.16169643608039866,1.3000718478826028,1.8699562137157795,14,14,1,False,False,0.03182717100867356,1.9554041993855695e-05,0.024219779606814318,0.48507814075663275,3.1837167732548917,23,23,1,False,False
11,step,step_r_5_eta_0.1,42011,63,0.2570588235294089,0.0,0.1910588235294098,1.5361513449600885,2.8948306595365523,5,5,1,False,False,0.26205608636233835,4.0268137261338575e-05,0.17558537924396547,1.4117417426650496,2.0305764240322484,14,14,1,False,False,0.03408880004752328,1.9742559251669417e-05,0.026481408645664034,0.5303744575297947,3.481010407745287,23,23,1,False,False
11,step,step_r_5_eta_0.1,42011,64,0.27249999999999686,3.935081177621402e-18,0.20649999999999777,1.6603015075376808,3.1287878787878887,5,5,1,False,False,0.2776896606514039,4.138295689787364e-05,0.191218953533031,1.5374388223761293,2.211372612823259,14,14,1,False,False,0.03663512414073313,2.0185944270456248e-05,0.029027732738873886,0.5813726985109198,3.8157275214969903,23,23,1,False,False
11,step,step_r_5_eta_0.1,42011,65,0.28999999999999665,3.935081177621402e-18,0.22399999999999756,1.8010050251256198,3.3939393939394042,5,5,1,False,False,0.2954162606503008,4.286652125418633e-05,0.20894555353192792,1.6799642495029388,2.416373827565615,14,14,1,False,False,0.039522797090662955,2.0801223669780427e-05,0.03191540568880371,0.6392075363337658,4.195315319388404,23,23,1,False,False
11,step,step_r_5_eta_0.1,42011,66,0.3099999999999965,0.0,0.2439999999999974,1.961809045226122,3.696969696969709,5,5,1,False,False,0.3156698061311646,4.476899133238617e-05,0.2291990990127917,1.8428068262335018,2.6505981811740336,14,14,1,False,False,0.042817908878831155,2.162074908516064e-05,0.03521051747697191,0.7052026331405172,4.62846140246793,23,23,1,False,False
11,step,step_r_5_eta_0.1,42011,67,0.33307692307691944,3.935081177621402e-18,0.2670769230769203,2.1473521453420865,4.0466200466200615,5,5,1,False,False,0.3390607860804279,4.7023852730158234e-05,0.252590078962055,2.030875006730091,2.9211057406559116,14,14,1,False,False,0.04662686657998341,2.2648455118062426e-05,0.039019475178124166,0.7814891291322377,5.1291530982075955,23,23,1,False,False
11,step,step_r_5_eta_0.1,42011,68,0.35999999999999593,3.935081177621402e-18,0.2939999999999968,2.363819095477376,4.454545454545468,5,5,1,False,False,0.36635200995818196,4.900960813137795e-05,0.27988130283980905,2.250301932380375,3.2367180998840386,14,14,1,False,False,0.05106826657439537,2.3430320884969445e-05,0.04346087517253613,0.8704422941329513,5.712980031751003,23,23,1,False,False
11,step,step_r_5_eta_0.1,42011,69,0.3918181818181775,0.0,0.32581818181817845,2.619643672909994,4.936639118457317,5,5,1,False,False,0.3985959744197773,5.141943062153099e-05,0.31212526730140444,2.509549887850489,3.6096069721521404,14,14,1,False,False,0.05630944681377066,2.445780041181681e-05,0.048702055411911416,0.9754136030036258,6.401938961627326,23,23,1,False,False
11,step,step_r_5_eta_0.1,42011,70,0.42999999999999533,3.935081177621402e-18,0.3639999999999962,2.926633165829134,5.515151515151534,5,5,1,False,False,0.43730153205247757,5.574085867287532e-05,0.35083082493410467,2.820750351228983,4.057221649105283,14,14,1,False,False,0.0626007862090121,2.6369072788258383e-05,0.05499339480715286,1.1014176900042376,7.228942472147876,23,23,1,False,False
11,step,step_r_5_eta_0.1,42011,71,0.4766666666666613,7.870162355242804e-18,0.4106666666666622,3.3018425460636363,6.222222222222241,5,5,1,False,False,0.48461128254287383,5.91168229258824e-05,0.398140575424501,3.201130254669356,4.604340460399751,14,14,1,False,False,0.07028785298232101,2.7852329892108097e-05,0.06268046158046177,1.2553756581939919,8.239415887703988,23,23,1,False,False
11,step,step_r_5_eta_0.1,42011,72,0.534999999999994,7.870162355242804e-18,0.468999999999995,3.770854271356767,7.106060606060629,5,5,1,False,False,0.5437627461735086,6.494973258346828e-05,0.4572920390551357,3.6767199120010923,5.288404065311183,14,14,1,False,False,0.07989890338273246,3.0390658640159846e-05,0.07229151198087322,1.4478675195831092,9.502799075541873,23,23,1,False,False
11,step,step_r_5_eta_0.1,42011,73,0.6099999999999933,0.0,0.5439999999999943,4.37386934673365,8.242424242424269,5,5,1,False,False,0.6198157893602736,7.212098183521908e-05,0.5333450822419007,4.28820166626654,6.167927845342879,14,14,1,False,False,0.09225097815783428,3.3516444714308295e-05,0.08464358675597504,1.695257114520113,11.126492944123813,23,23,1,False,False
11,step,step_r_5_eta_0.1,42011,74,0.7099999999999921,1.5740324710485608e-17,0.643999999999993,5.177889447236157,9.757575757575786,5,5,1,False,False,0.7212300421747899,8.224826439922818e-05,0.634759335056417,5.103592643669686,7.340744122601796,14,14,1,False,False,0.10871730922534283,3.8015774775446125e-05,0.10110991782348358,2.025047781032327,13.2910103453823,23,23,1,False,False
11,step,step_r_5_eta_0.1,42011,75,0.8499999999999908,0.0,0.7839999999999917,6.303517587939671,11.878787878787916,5,5,1,False,False,0.8632143962873972,9.613783711608362e-05,0.7767436891690243,6.245175390303714,8.982737797040468,14,14,1,False,False,0.13176434047713,4.422333269406393e-05,0.12415694907527076,2.4866379049338474,16.32056805239794,23,23,1,False,False
11,step,step_r_5_eta_0.1,42011,76,1.0599999999999883,1.5740324710485608e-17,0.9939999999999892,7.991959798994938,15.060606060606105,5,5,1,False,False,1.0762204907016915,0.00011758225105190369,0.9897497835833186,7.957787204690002,11.446070196100216,14,14,1,False,False,0.16633976414425575,5.386832884630312e-05,0.15873237274239652,3.179120764010048,20.865545672278984,23,23,1,False,False
12,step,step_r_15_eta_0.001,42012,0,0.18750606249999996,1.967540588810701e-18,0.18749860096153842,0.9999602064148644,25128.678479381164,15,15,1,False,False,0.18750606250000013,1.967540588810701e-18,0.1874980564091788,0.9999573022295142,23419.426608249058,19,19,1,False,False,0.1808033980619657,0.0,0.18080305451443426,0.9999980998834364,526282.5023642518,20,20,1,False,False
12,step,step_r_15_eta_0.001,42012,1,0.177221329113924,0.0,0.17721386757546245,0.9451100685102515,23750.312149288522,15,15,1,False,False,0.17722133009273627,3.0291071042076536e-11,0.17721332400191495,0.9451071695450638,22134.813101260163,19,19,1,False,False,0.17123831924525976,1.0946120771361455e-06,0.17123797569772833,0.9470948971824132,498440.41956047143,20,20,1,False,False
12,step,step_r_15_eta_0.001,42012,2,0.16667288461538463,1.967540588810701e-18,0.16666542307692309,0.888853516813213,22336.60309278326,15,15,1,False,False,0.16667288684030035,5.4257791813425827e-11,0.16666488074947902,0.8888506244936956,20817.260816650938,19,19,1,False,False,0.1613769444820724,1.5206915711728419e-06,0.16137660093454098,0.8925529202677559,469735.87692395534,20,20,1,False,False
12,step,step_r_15_eta_0.001,42012,3,0.15585045454545443,3.935081177621402e-18,0.1558429930069929,0.8311357559811855,20886.174320524595,15,15,1,False,False,0.1558504581691658,7.522245302416893e-11,0.15584245207834446,0.8311328711216703,19465.4864098084,19,19,1,False,False,0.15120488697283443,1.7939200025402448e-06,0.151204543425303,0.8362925976285112,440126.99728123087,20,20,1,False,False
12,step,step_r_15_eta_0.001,42012,4,0.14474322368421053,1.967540588810701e-18,0.144735762145749,0.7718991067062113,19397.57637004862,15,15,1,False,False,0.14474322909176468,1.0298083648702076e-10,0.14473522300094335,0.7718962313602167,18078.13903575599,19,19,1,False,False,0.1407147204694629,1.8632652442513102e-06,0.14071437692193148,0.7782728556556513,409592.16426948394,20,20,1,False,False
12,step,step_r_15_eta_0.001,42012,5,0.13333979999999998,1.967540588810701e-18,0.13333233846153844,0.7110828134505702,17869.282474226606,15,15,1,False,False,0.133339807712283,1.523978956155431e-10,0.13333180162146166,0.7110799503960655,16653.79579084843,19,19,1,False,False,0.12989368120275446,1.8792062031249588e-06,0.12989333765522304,0.7184230996073727,378094.2250407499,20,20,1,False,False
12,step,step_r_15_eta_0.001,42012,6,0.12162817567567562,9.837702944053505e-19,0.12162071413721408,0.6486228365934253,16299.683337976967,15,15,1,False,False,0.12162818641626341,2.5039147079516276e-10,0.12162018032544208,0.6486199896893574,15190.956865162854,19,19,1,False,False,0.11872519098774337,1.7809318241203428e-06,0.11872484744021196,0.6566516377060684,345584.9237251714,20,20,1,False,False
12,step,step_r_15_eta_0.001,42012,7,0.1095956849315068,0.0,0.10958822339304526,0.5844516274936192,14687.0814856657,15,15,1,False,False,0.10959569931800171,3.499464962965954e-10,0.10958769322718039,0.5844488000337605,13688.040227469917,19,19,1,False,False,0.10719702426844435,1.7347391536036231e-06,0.10719668072091294,0.5928908519970075,312028.6741087104,20,20,1,False,False
12,step,step_r_15_eta_0.001,42012,8,0.09722895833333328,9.837702944053505e-19,0.09722149679487174,0.5184978848077073,13029.685137456896,15,15,1,False,False,0.0972289777078133,5.018581563499311e-10,0.09722097161699197,0.5184950839495758,12143.376060378972,19,19,1,False,False,0.0952933327482195,1.595741268455563e-06,0.09529298920068809,0.5270530876196745,277379.34488437517,20,20,1,False,False
12,step,step_r_15_eta_0.001,42012,9,0.0845138732394366,0.0,0.08450641170097506,0.4506862902151501,11325.601568171793,15,15,1,False,False,0.0845139005440107,9.31135179078231e-10,0.08450589445318937,0.4506835316494864,10555.200576543286,19,19,1,False,False,0.08299824889069768,1.5025962864238734e-06,0.08299790534316627,0.4590505833010997,241590.74874205547,20,20,1,False,False
12,step,step_r_15_eta_0.001,42012,10,0.0714355,0.0,0.07142803846153846,0.380937221491377,9572.829896907113,15,15,1,False,False,0.0714355423384418,2.4092032711210566e-09,0.07142753624762047,0.3809345431037485,8921.649509308229,19,19,1,False,False,0.070295460015311,1.4093909257547807e-06,0.0702951164677796,0.38879311573385233,204615.40264352167,20,20,1,False,False
12,step,step_r_15_eta_0.001,42012,11,0.05797804347826082,1.4756554416080256e-18,0.05797058193979928,0.3091664406306825,7769.253249663737,15,15,1,False,False,0.05797811504995596,4.756939321563699e-09,0.057970108959134625,0.30916391814869765,7240.750854920292,19,19,1,False,False,0.05716632557605835,1.1371954368865676e-06,0.057165982028526935,0.31617758649057454,166399.04758733572,20,20,1,False,False
12,step,step_r_15_eta_0.001,42012,12,0.044124779411764695,4.918851472026753e-19,0.044117317873303155,0.2352847544505563,5912.630230442626,15,15,1,False,False,0.044124959514830975,2.0145397458019567e-08,0.04411695342400964,0.23528281078383592,5510.423802145379,19,19,1,False,False,0.04359263128142968,9.735099174835382e-07,0.04359228773389826,0.2411032547018731,126888.66531592203,20,20,1,False,False
12,step,step_r_15_eta_0.001,42012,13,0.029857985074626798,2.4594257360133763e-19,0.02985052353616526,0.15919764480236615,4000.585628558187,15,15,1,False,False,0.029860535492766092,1.2951447692570923e-06,0.029852529401944758,0.15920834240730078,3728.727298771174,19,19,1,False,False,0.029556029046119203,1.4085143959774692e-06,0.029555685498587787,0.16346863950233026,86030.84812400566,20,20,1,False,False
12,step,step_r_15_eta_0.001,42012,14,0.015158863636363597,2.4594257360133763e-19,0.01515140209790206,0.08080486516483734,2030.6002811621095,15,15,1,False,False,0.015176436286213,6.7851322620940325e-06,0.015168430195391666,0.08089567874847596,1894.6113070531742,19,19,1,False,False,0.015047561657169011,6.602759628852731e-06,0.015047218109637595,0.08322419971598405,43799.52330799006,20,20,1,False,False
12,step,step_r_15_eta_0.001,42012,15,7.461538461538543e-06,0.0,0.0,0.0,0.0,15,15,1,False,False,0.0010192913390756114,0.00020896252554152624,0.0010112852482542787,0.00539334693913845,126.31448616091677,19,19,1,False,False,0.0010024175065563522,0.00020725226391232746,0.0010020739590249367,0.005542340297617094,2916.8422631244534,20,20,1,False,False
12,step,step_r_15_eta_0.001,42012,16,7.562500000000082e-06,0.0,1.0096153846153935e-07,5.384441287680465e-07,0.013530927835051498,15,15,1,False,False,7.490032297407587e-05,2.8763672728860715e-05,6.689423215274312e-05,0.00035675770298223327,8.35541759962291,19,19,1,False,False,6.646791805745575e-05,2.847273246912667e-05,6.612437052604021e-05,0.0003657252642086837,192.4751729508374,20,20,1,False,False
12,step,step_r_15_eta_0.001,42012,17,7.666666666666752e-06,1.2008914726627814e-22,2.0512820512820912e-07,1.0939817219414393e-06,0.027491408934708028,15,15,1,False,False,9.965683662232776e-06,1.1494753070356642e-06,1.9595928409000243e-06,1.0450823908160426e-05,0.24476275433680583,19,19,1,False,False,2.3505661938493687e-06,1.1223286892758177e-06,2.007018662433824e-06,1.110055830779226e-05,5.8420407044235025,20,20,1,False,False
12,step,step_r_15_eta_0.001,42012,18,7.77419354838718e-06,0.0,3.1265508684863756e-07,1.6674398826365287e-06,0.04190222813435307,15,15,1,False,False,8.009146140966716e-06,2.9786360100567777e-08,3.0553196339646043e-09,1.629451119194934e-08,0.0003816244034884342,19,19,1,False,False,4.1088432845832335e-07,2.5284182649361863e-08,6.733679704277865e-08,3.724310370521947e-07,0.1960043105689795,20,20,1,False,False
12,step,step_r_15_eta_0.001,42012,19,7.885245901639432e-06,1.2008914726627814e-22,4.23707440100889e-07,2.259699950239684e-06,0.05678553320939694,15,15,1,False,False,8.006090821332752e-06,9.785615674826177e-09,0.0,0.0,0.0,19,19,1,False,False,3.4658696928925614e-07,7.348573767051544e-09,3.039437873711443e-09,1.6810734235590828e-08,0.0088472120908214,20,20,1,False,False
12,step,step_r_15_eta_0.001,42012,20,8.000000000000086e-06,0.0,5.384615384615432e-07,2.871702020096248e-06,0.07216494845360799,15,15,1,False,False,8.082103331129353e-06,4.9433728805327135e-09,7.601250979660161e-08,4.0538694473732845e-07,0.009494335187163028,19,19,1,False,False,3.435475314155447e-07,3.362362575904695e-09,0.0,0.0,0.0,20,20,1,False,False
12,step,step_r_15_eta_0.001,42012,21,8.1186440677967e-06,1.2008914726627814e-22,6.571056062581564e-07,3.5044499228293303e-06,0.08806569980779311,15,15,1,False,False,8.180243721928857e-06,2.5777999348758805e-09,1.7415290059610515e-07,9.287854391166954e-07,0.02175255121164299,19,19,1,False,False,3.5417150942659085e-07,1.4422810416213619e-09,1.062397801104616e-08,5.8759835959526965e-08,0.03092433226712865,20,20,1,False,False
12,step,step_r_15_eta_0.001,42012,22,8.241379310344914e-06,1.2008914726627814e-22,7.798408488063716e-07,4.159016718760077e-06,0.10451475293281165,15,15,1,False,False,8.290898106447135e-06,1.7005760998627188e-09,2.848072851143836e-07,1.518923075430606e-06,0.035573826411698484,19,19,1,False,False,3.7083920493491037e-07,7.919064707016599e-10,2.7291673519365672e-08,1.5094668469677851e-07,0.07944074989249295,20,20,1,False,False
12,step,step_r_15_eta_0.001,42012,23,8.368421052631668e-06,0.0,9.068825910931251e-07,4.836550770688416e-06,0.12154096581660312,15,15,1,False,False,8.40962748122131e-06,1.1128784449404058e-09,4.0353665988855845e-07,2.1521259340004442e-06,0.05040370748896694,19,19,1,False,False,3.9016963145796037e-07,4.451012495046337e-10,4.6622100042415675e-08,2.5786075119250336e-07,0.1357078592598675,20,20,1,False,False
12,step,step_r_15_eta_0.001,42012,24,8.500000000000088e-06,1.2008914726627814e-22,1.0384615384615452e-06,5.538282467328465e-06,0.13917525773195805,15,15,1,False,False,8.535132710476726e-06,7.934519659647135e-10,5.290418891439746e-07,2.82146551471622e-06,0.06607992601511681,19,19,1,False,False,4.113778703484754e-07,2.8741265597481264e-10,6.783033893293072e-08,3.751607528398533e-07,0.19744091495416738,20,20,1,False,False
12,step,step_r_15_eta_0.001,42012,25,8.636363636363728e-06,0.0,1.1748251748251856e-06,6.265531680209998e-06,0.1574507966260541,15,15,1,False,False,8.66788635793418e-06,6.385545037347015e-10,6.61795536601429e-07,3.5294620759338305e-06,0.08266150751600665,19,19,1,False,False,4.3427313352601934e-07,2.135092718057538e-10,9.072560211047464e-08,5.017914656636088e-07,0.2640845700059353,20,20,1,False,False
12,step,step_r_15_eta_0.001,42012,26,8.77777777777787e-06,1.2008914726627814e-22,1.3162393162393267e-06,7.0197160491241555e-06,0.17640320733104176,15,15,1,False,False,8.806485582390727e-06,5.029158486690878e-10,8.003947610579751e-07,4.268634039808577e-06,0.09997323024681037,19,19,1,False,False,4.582327819203674e-07,1.4540894096734187e-10,1.146852505048227e-07,6.34309154220195e-07,0.33382644326471045,20,20,1,False,False
12,step,step_r_15_eta_0.001,42012,27,8.924528301886885e-06,1.2008914726627814e-22,1.462989840348342e-06,7.802360205544514e-06,0.19607080334565197,15,15,1,False,False,8.950818314030062e-06,4.5399097126820496e-10,9.447274926973104e-07,5.038383719978706e-06,0.11800109613795806,19,19,1,False,False,4.832288053330239e-07,1.2631621278159673e-10,1.396812739174792e-07,7.72558897757038e-07,0.4065850024942399,20,20,1,False,False
12,step,step_r_15_eta_0.001,42012,28,9.076923076923172e-06,0.0,1.6153846153846296e-06,8.615106060288744e-06,0.2164948453608242,15,15,1,False,False,9.100987915243122e-06,3.1786156475766526e-10,1.0948970939103705e-06,5.839262364705514e-06,0.13675801565889634,19,19,1,False,False,5.091386701982252e-07,6.517646693815214e-11,1.655911387826805e-07,9.158629791124192e-07,0.4820035763330417,20,20,1,False,False
12,step,step_r_15_eta_0.001,42012,29,9.235294117647154e-06,1.2008914726627814e-22,1.7737556561086107e-06,9.459724301493511e-06,0.23771983020012044,15,15,1,False,False,9.257777630791817e-06,2.746553357805228e-10,1.2516868094590657e-06,6.6754471443240125e-06,0.15634181992088636,19,19,1,False,False,5.36189975718972e-07,4.900728637881658e-11,1.9264244430342735e-07,1.0654802197766447e-06,0.5607446617638852,20,20,1,False,False
12,step,step_r_15_eta_0.001,42012,30,9.400000000000096e-06,1.2008914726627814e-22,1.9384615384615535e-06,1.0338127272346482e-05,0.259793814432989,15,15,1,False,False,9.42121300206491e-06,2.518832967465501e-10,1.4151221807321581e-06,7.547074275169941e-06,0.1767556991686221,19,19,1,False,False,5.64326184546236e-07,4.245817337376907e-11,2.2077865313069134e-07,1.221097919050311e-06,0.6426436895674974,20,20,1,False,False
12,step,step_r_15_eta_0.001,42012,31,9.57142857142867e-06,1.2008914726627814e-22,2.109890109890127e-06,1.125238342568325e-05,0.28276877761413766,15,15,1,False,False,9.591448424195686e-06,2.1967170305694405e-10,1.5853576028629345e-06,8.45496717133044e-06,0.19801893811129978,19,19,1,False,False,5.935494950088914e-07,3.439674436315195e-11,2.500019635933467e-07,1.382728235603542e-06,0.7277070586513745,20,20,1,False,False
12,step,step_r_15_eta_0.001,42012,32,9.7500000000001e-06,0.0,2.288461538461557e-06,1.2204733585409044e-05,0.3067010309278342,15,15,1,False,False,9.769052105036608e-06,1.9972679643802267e-10,1.7629612837038566e-06,9.402156176704182e-06,0.22020250869579594,19,19,1,False,False,6.239589903437523e-07,2.983433529250301e-11,2.804114589282076e-07,1.5509191858888839e-06,0.8162231810335159,20,20,1,False,False
12,step,step_r_15_eta_0.001,42012,33,9.936170212766061e-06,1.2008914726627814e-22,2.4746317512275186e-06,1.3197609283846592e-05,0.33165167799956063,15,15,1,False,False,9.954320923959189e-06,1.742539176539788e-10,1.948230102626437e-06,1.0390224596745697e-05,0.24334349261130672,19,19,1,False,False,6.555895535317513e-07,2.4801009729062615e-11,3.1204202211620663e-07,1.7258637031216765e-06,0.9082935942822132,20,20,1,False,False
12,step,step_r_15_eta_0.001,42012,34,1.01304347826088e-05,0.0,2.6688963210702576e-06,1.4233653490911838e-05,0.35768713581353584,15,15,1,False,False,1.0147871726715994e-05,1.5727970001558533e-10,2.141780905383242e-06,1.142246216910048e-05,0.2675189369169191,19,19,1,False,False,6.885475810186298e-07,2.183813375198816e-11,3.4500004960308513e-07,1.908150252158675e-06,1.0042279977432975,20,20,1,False,False
12,step,step_r_15_eta_0.001,42012,35,1.033333333333344e-05,0.0,2.871794871794897e-06,1.531574410717999e-05,0.38487972508590995,15,15,1,False,False,1.0350102795212696e-05,1.4105502951352502e-10,2.3440119738799445e-06,1.2500992995252848e-05,0.292778588975555,19,19,1,False,False,7.22892810385563e-07,1.9345425637540974e-11,3.793452789700183e-07,2.098109233765659e-06,1.1042002758889677,20,20,1,False,False
12,step,step_r_15_eta_0.001,42012,36,1.054545454545465e-05,2.401782945325563e-22,3.083916083916108e-06,1.6447020660551222e-05,0.4133083411433913,15,15,1,False,False,1.0561682964069179e-05,1.3164209717559753e-10,2.5555921427364268e-06,1.3629384077842418e-05,0.31920598951074663,19,19,1,False,False,7.587297121435887e-07,1.783835869787717e-11,4.1518218072804404e-07,2.296318460705872e-06,1.208514522043974,20,20,1,False,False
12,step,step_r_15_eta_0.001,42012,37,1.0767441860465225e-05,1.2008914726627814e-22,3.305903398926682e-06,1.7630914728032766e-05,0.44305921841284945,15,15,1,False,False,1.0783186945331097e-05,1.22354145790832e-10,2.7770961239983457e-06,1.481070044867666e-05,0.34687292287499316,19,19,1,False,False,7.961442988301975e-07,1.6765280312642218e-11,4.525967674146528e-07,2.5032536570996138e-06,1.3174211019645066,20,20,1,False,False
12,step,step_r_15_eta_0.001,42012,38,1.100000000000011e-05,1.2008914726627814e-22,3.538461538461567e-06,1.8871184703489614e-05,0.4742268041237101,15,15,1,False,False,1.1015321787064231e-05,1.123901108008714e-10,3.0092309657314793e-06,1.6048712908850493e-05,0.37586770283859217,19,19,1,False,False,8.352585238891875e-07,1.5774374474415225e-11,4.917109924736428e-07,2.719589331529718e-06,1.4312749983899145,20,20,1,False,False
12,step,step_r_15_eta_0.001,42012,39,1.1243902439024506e-05,1.2008914726627814e-22,3.7823639774859636e-06,2.017195565335902e-05,0.5069147598692474,15,15,1,False,False,1.1258896728729979e-05,1.0884695179580658e-10,3.252805907397227e-06,1.7347737262613707e-05,0.4062914073782318,19,19,1,False,False,8.761942052565359e-07,1.553750136084779e-11,5.326466738409913e-07,2.9459992431029443e-06,1.550430799622652,20,20,1,False,False
12,step,step_r_15_eta_0.001,42012,40,1.1500000000000115e-05,0.0,4.038461538461572e-06,2.1537765150721852e-05,0.5412371134020606,15,15,1,False,False,1.1514712017219432e-05,1.0694098305452274e-10,3.5086211958866805e-06,1.8712041355391794e-05,0.43824399125447466,19,19,1,False,False,9.190881041259797e-07,1.562298502665775e-11,5.75540572710435e-07,3.1832398001346374e-06,1.675286590880138,20,20,1,False,False
12,step,step_r_15_eta_0.001,42012,41,1.1769230769230889e-05,0.0,4.307692307692346e-06,2.2973616160769984e-05,0.5773195876288648,15,15,1,False,False,1.1783686138908677e-05,1.004461040064959e-10,3.7775953175759256e-06,2.0146523622807785e-05,0.47184017791932553,19,19,1,False,False,9.640825006295999e-07,1.5351759121011158e-11,6.205349692140551e-07,3.43209793546791e-06,1.8062565219351696,20,20,1,False,False
12,step,step_r_15_eta_0.001,42012,42,1.2052631578947489e-05,1.2008914726627814e-22,4.591093117408946e-06,2.448503827661011e-05,0.6153011394465531,15,15,1,False,False,1.2066873280720303e-05,9.5629390968442e-11,4.060782459387551e-06,2.165680621333269e-05,0.5072116404884304,19,19,1,False,False,1.011343060863019e-06,1.4802882285503782e-11,6.677955294474743e-07,3.6934899266583733e-06,1.9438228145488523,20,20,1,False,False
12,step,step_r_15_eta_0.001,42012,43,1.235135135135148e-05,2.401782945325563e-22,4.889812889812937e-06,2.6078158885198384e-05,0.6553357481192525,15,15,1,False,False,1.2365362310943176e-05,8.561700547367686e-11,4.359271489610424e-06,2.3248696236743922e-05,0.544494383950137,19,19,1,False,False,1.0610454204379615e-06,1.411725378749127e-11,7.174978890224167e-07,3.968387191354185e-06,2.088496709803317,20,20,1,False,False
12,step,step_r_15_eta_0.001,42012,44,1.2666666666666794e-05,0.0,5.205128205128251e-06,2.775978619426373e-05,0.6975945017182117,15,15,1,False,False,1.2680523275782926e-05,8.414141203537068e-11,4.674432454450174e-06,2.4929500369888953e-05,0.5838595337933019,19,19,1,False,False,1.1134097175825234e-06,1.4189133858723758e-11,7.698621861669787e-07,4.2580072853671056e-06,2.2409189872355006,20,20,1,False,False
12,step,step_r_15_eta_0.001,42012,45,1.300000000000013e-05,0.0,5.538461538461587e-06,2.9537506492418548e-05,0.7422680412371119,15,15,1,False,False,1.301376971426928e-05,8.282148861038155e-11,5.007678892936528e-06,2.6706757243843915e-05,0.6254836479737702,19,19,1,False,False,1.1686674093882252e-06,1.4361356532577554e-11,8.251198779726805e-07,4.5636303676653905e-06,2.4017633733908004,20,20,1,False,False
12,step,step_r_15_eta_0.001,42012,46,1.3352941176470722e-05,0.0,5.891402714932179e-06,3.1419798572817775e-05,0.7895694360218297,15,15,1,False,False,1.3366608486308936e-05,8.088623434078778e-11,5.360517664976184e-06,2.8588503184936648e-05,0.6695549406825032,19,19,1,False,False,1.2270440893225514e-06,1.429497573933772e-11,8.834965579070067e-07,4.886504166277954e-06,2.57168652694627,20,20,1,False,False
12,step,step_r_15_eta_0.001,42012,47,1.3727272727272863e-05,1.2008914726627814e-22,6.26573426573432e-06,3.341616896111997e-05,0.8397375820056214,15,15,1,False,False,1.374087913742972e-05,7.940264569679244e-11,5.7347883160969684e-06,3.058454878543975e-05,0.7163031801758044,19,19,1,False,False,1.2888431744802975e-06,1.469610784482816e-11,9.452956430647528e-07,5.2283068415604505e-06,2.7515716360114135,20,20,1,False,False
12,step,step_r_15_eta_0.001,42012,48,1.412500000000014e-05,0.0,6.663461538461597e-06,3.553731249869107e-05,0.8930412371134002,15,15,1,False,False,1.4138577935753905e-05,7.844130633930255e-11,6.132487114421153e-06,3.270554046443778e-05,0.7659777101304848,19,19,1,False,False,1.3543829156911466e-06,1.534006490619411e-11,1.0108353842756018e-06,5.590798597320412e-06,2.9423450668109328,20,20,1,False,False
12,step,step_r_15_eta_0.001,42012,49,1.454838709677434e-05,1.2008914726627814e-22,7.086848635235797e-06,3.779530400642805e-05,0.9497838377120036,15,15,1,False,False,1.4561939763669927e-05,7.60477594510933e-11,6.555848942337175e-06,3.4963397209288475e-05,0.8188576783152006,19,19,1,False,False,1.4240275082930036e-06,1.5797283683981927e-11,1.0804799768774589e-06,5.975993750444626e-06,3.145066921090878,20,20,1,False,False
12,step,step_r_15_eta_0.001,42012,50,1.5000000000000148e-05,0.0,7.538461538461605e-06,4.0203828281347475e-05,1.0103092783505132,15,15,1,False,False,1.5013566343738442e-05,7.590462086949652e-11,7.00747552240569e-06,3.7371994425010576e-05,0.8752680526348533,19,19,1,False,False,1.498187291362748e-06,1.66684957808124e-11,1.1546397599472033e-06,6.386161832818432e-06,3.3609316160405944,20,20,1,False,False
12,step,step_r_15_eta_0.001,42012,51,1.5482758620689805e-05,2.401782945325563e-22,8.021220159151262e-06,4.2778457678675126e-05,1.07500888730892,15,15,1,False,False,1.5496335325442335e-05,7.374907449428753e-11,7.4902445041095836e-06,3.994667907929419e-05,0.9355682656198876,19,19,1,False,False,1.577319312979296e-06,1.7192327535778838e-11,1.2337717815637512e-06,6.823830717721953e-06,3.5912695296634753,20,20,1,False,False
12,step,step_r_15_eta_0.001,42012,52,1.6000000000000152e-05,2.401782945325563e-22,8.538461538461609e-06,4.5536989175811905e-05,1.1443298969072133,15,15,1,False,False,1.6013643941908487e-05,7.201770245802788e-11,8.007553120575735e-06,4.2705569163000955e-05,1.000182648345568,19,19,1,False,False,1.6619708567982558e-06,1.7963202628136325e-11,1.318423325382711e-06,7.292027359634333e-06,3.8376736981643047,20,20,1,False,False
12,step,step_r_15_eta_0.001,42012,53,1.6555555555555715e-05,2.401782945325563e-22,9.094017094017172e-06,4.849985633940329e-05,1.2187857961053807,15,15,1,False,False,1.6569292014216698e-05,7.253260356137276e-11,8.563201192883946e-06,4.566892973331964e-05,1.0695858170964958,19,19,1,False,False,1.7527451588956453e-06,1.8614738587733997e-11,1.4091976274801006e-06,7.794088178570264e-06,4.101900024353771,20,20,1,False,False
12,step,step_r_15_eta_0.001,42012,54,1.715384615384632e-05,0.0,9.692307692307778e-06,5.169063636173246e-05,1.2989690721649456,15,15,1,False,False,1.7167694882418598e-05,7.306540162068644e-11,9.161604061085846e-06,4.886030850914935e-05,1.1443292694949392,19,19,1,False,False,1.8503449598154154e-06,1.922893154851235e-11,1.5067974283998706e-06,8.333899940771328e-06,4.385994049182365,20,20,1,False,False
12,step,step_r_15_eta_0.001,42012,55,1.780000000000017e-05,2.401782945325563e-22,1.0338461538461626e-05,5.513667878584794e-05,1.3855670103092748,15,15,1,False,False,1.7813985838790458e-05,7.297940187875602e-11,9.807895017457706e-06,5.230708216411775e-05,1.2250541789163734,19,19,1,False,False,1.955592610107056e-06,2.0229214491607645e-11,1.6120450786915114e-06,8.916010959810747e-06,4.692349475047255,20,20,1,False,False
12,step,step_r_15_eta_0.001,42012,56,1.850000000000018e-05,0.0,1.1038461538461636e-05,5.886989141197308e-05,1.479381443298966,15,15,1,False,False,1.8514173820711374e-05,7.308357780754688e-11,1.0508082999378622e-05,5.604129732807234e-05,1.312511091103182,19,19,1,False,False,2.0694422263541975e-06,2.1190850278141926e-11,1.7258946949386528e-06,9.545698330001226e-06,5.023743549625635,20,20,1,False,False
12,step,step_r_15_eta_0.001,42012,57,1.9260869565217577e-05,0.0,1.1799331103679034e-05,6.292773122297865e-05,1.581353653070369,15,15,1,False,False,1.9275249092358865e-05,7.337287297066841e-11,1.1269158271026114e-05,6.010023420456662e-05,1.4075731243266323,19,19,1,False,False,2.193019698242789e-06,2.206157618110247e-11,1.8494721668272442e-06,1.0229189200268159e-05,5.383453518663706,20,20,1,False,False
12,step,step_r_15_eta_0.001,42012,58,2.0090909090909284e-05,0.0,1.2629370629370741e-05,6.735446556225745e-05,1.6925960637300808,15,15,1,False,False,2.0105564867386764e-05,7.272545205741675e-11,1.2099474046054012e-05,6.452844182600231e-05,1.511283635930556,19,19,1,False,False,2.327652160943229e-06,2.2976991955892138e-11,1.9841046295276845e-06,1.0973823782049074e-05,5.775342414344906,20,20,1,False,False
12,step,step_r_15_eta_0.001,42012,59,2.1000000000000195e-05,2.401782945325563e-22,1.3538461538461653e-05,7.22027936481342e-05,1.814432989690717,15,15,1,False,False,2.101494380497708e-05,7.282199613686143e-11,1.3008852983644327e-05,6.937830601420857e-05,1.6248695242104159,19,19,1,False,False,2.4749180878583102e-06,2.4004263624785052e-11,2.1313705564427657e-06,1.1788332405745458e-05,6.2040048655297255,20,20,1,False,False
12,step,step_r_15_eta_0.001,42012,60,2.200000000000021e-05,0.0,1.4538461538461667e-05,7.75359545425987e-05,1.9484536082474184,15,15,1,False,False,2.2015284667818765e-05,7.411074214701566e-11,1.4009193846486013e-05,7.471328478505065e-05,1.7498170029694893,19,19,1,False,False,2.636705805032417e-06,2.5557977531419427e-11,2.2931582736168726e-06,1.2683159156283954e-05,6.674937421812348,20,20,1,False,False
12,step,step_r_15_eta_0.001,42012,61,2.3105263157894954e-05,2.401782945325563e-22,1.564372469635641e-05,8.343050079437519e-05,2.0965816603364034,15,15,1,False,False,2.3120935846935952e-05,7.411183595478008e-11,1.51148450256032e-05,8.060990041643689e-05,1.887918256601425,19,19,1,False,False,2.815317060162378e-06,2.6794106581575086e-11,2.4717695287468334e-06,1.3671034699799715e-05,7.1948400227538105,20,20,1,False,False
12,step,step_r_15_eta_0.001,42012,62,2.4333333333333563e-05,0.0,1.687179487179502e-05,8.997999662968244e-05,2.2611683848797206,15,15,1,False,False,2.4349472238786402e-05,7.746304461795277e-11,1.634338141745365e-05,8.716188265888011e-05,2.0413684758491177,19,19,1,False,False,3.013563950710397e-06,2.7477230967939658e-11,2.6700164192948524e-06,1.4767512380380004e-05,7.771898136753837,20,20,1,False,False
12,step,step_r_15_eta_0.001,42012,63,2.5705882352941422e-05,2.401782945325563e-22,1.824434389140288e-05,9.730002138679054e-05,2.445118253486957,15,15,1,False,False,2.5722575431896562e-05,7.799677721311478e-11,1.771648461056381e-05,9.448486291243942e-05,2.2128757974312605,19,19,1,False,False,3.234884184027317e-06,2.976038067639604e-11,2.8913366526117726e-06,1.5991605708764622e-05,8.416118260836807,20,20,1,False,False
12,step,step_r_15_eta_0.001,42012,64,2.7250000000000256e-05,0.0,1.9788461538461713e-05,0.00010553504923853711,2.6520618556700977,15,15,1,False,False,2.726730898493013e-05,7.89089307149598e-11,1.9261218163597377e-05,0.00010272317548984511,2.4058205925262057,19,19,1,False,False,3.4836286046022616e-06,3.159379978214964e-11,3.140081073186717e-06,1.7367378638041614e-05,9.140164856514629,20,20,1,False,False
12,step,step_r_15_eta_0.001,42012,65,2.900000000000027e-05,0.0,2.153846153846173e-05,0.00011486808080384992,2.886597938144324,15,15,1,False,False,2.901802239617801e-05,8.18873161450552e-11,2.101193157484526e-05,0.00011206001179212669,2.6244932818970272,19,19,1,False,False,3.765262547327745e-06,3.311465694568589e-11,3.4217150159122004e-06,1.8925059222280193e-05,9.959946449952502,20,20,1,False,False
12,step,step_r_15_eta_0.001,42012,66,3.100000000000028e-05,4.803565890651126e-22,2.3538461538461736e-05,0.00012553440259277878,3.1546391752577243,15,15,1,False,False,3.1018849103619596e-05,8.452288950159458e-11,2.3012758282286845e-05,0.00012273074254485415,2.8744063483476663,19,19,1,False,False,4.086841448684061e-06,3.633125624024361e-11,3.7432939172685167e-06,2.0703670159924758e-05,10.89600004355945,20,20,1,False,False
12,step,step_r_15_eta_0.001,42012,67,3.330769230769262e-05,0.0,2.5846153846154074e-05,0.0001378416969646199,3.463917525773189,15,15,1,False,False,3.33275568577617e-05,8.803282880846464e-11,2.5321466036428947e-05,0.00013504345245599157,3.1627752671701206,19,19,1,False,False,4.457589949926204e-06,3.85555632656673e-11,4.114042418510659e-06,2.2754231737949288e-05,11.975176772655768,20,20,1,False,False
12,step,step_r_15_eta_0.001,42012,68,3.600000000000033e-05,0.0,2.853846153846179e-05,0.00015220020706510114,3.824742268041229,15,15,1,False,False,3.602103986699875e-05,9.186135548874944e-11,2.8014949045665995e-05,0.0001494082307107589,3.499204502029672,19,19,1,False,False,4.889810555728793e-06,4.1666773375863634e-11,4.546263024313248e-06,2.5144787504243333e-05,13.233286833938054,20,20,1,False,False
12,step,step_r_15_eta_0.001,42012,69,3.918181818181854e-05,4.803565890651126e-22,3.1720279720279994e-05,0.00016916935536566985,4.251171508903458,15,15,1,False,False,3.920425440062013e-05,9.681406174106082e-11,3.119816357928738e-05,0.0001663848259801592,3.8968036055946103,19,19,1,False,False,5.4002501144283554e-06,4.521523962985317e-11,5.0567025830128105e-06,2.7967962091507575e-05,14.719077043509232,20,20,1,False,False
12,step,step_r_15_eta_0.001,42012,70,4.30000000000004e-05,4.803565890651126e-22,3.553846153846186e-05,0.0001895323333263524,4.762886597938135,15,15,1,False,False,4.302417451941221e-05,1.0414151148348998e-10,3.5018083698079455e-05,0.00018675707457767895,4.373930358717826,19,19,1,False,False,6.012355926701691e-06,5.060205064287056e-11,5.668808395286146e-06,3.135343945993376e-05,16.500797930139477,20,20,1,False,False
12,step,step_r_15_eta_0.001,42012,71,4.766666666666711e-05,4.803565890651126e-22,4.0205128205128566e-05,0.00021442041750051988,5.388316151202739,15,15,1,False,False,4.769297088568337e-05,1.1067594976698471e-10,3.968688006435062e-05,0.00021165651678249384,4.957085917462032,19,19,1,False,False,6.760072363550799e-06,5.59081765830892e-11,6.416524832135254e-06,3.548896149582408e-05,18.677254951292372,20,20,1,False,False
12,step,step_r_15_eta_0.001,42012,72,5.3500000000000494e-05,4.803565890651126e-22,4.603846153846195e-05,0.00024553052271822926,6.170103092783493,15,15,1,False,False,5.352899595301386e-05,1.197043137996634e-10,4.552290513168111e-05,0.00024278097745069485,5.686034064262968,19,19,1,False,False,7.694213505666766e-06,6.442843588046377e-11,7.350665974251221e-06,4.065557424828913e-05,21.396358006019486,20,20,1,False,False
12,step,step_r_15_eta_0.001,42012,73,6.100000000000054e-05,9.607131781302251e-22,5.3538461538462e-05,0.00028552922942671257,7.175257731958746,15,15,1,False,False,6.103246796384251e-05,1.3204651529166428e-10,5.302637714250976e-05,0.0002827982009515544,6.6232545103307485,19,19,1,False,False,8.894667328974245e-06,7.447962997806157e-11,8.5511197975587e-06,4.729512768685921e-05,24.89064544380476,20,20,1,False,False
12,step,step_r_15_eta_0.001,42012,74,7.100000000000064e-05,0.0,6.35384615384621e-05,0.00033886083837135727,8.515463917525755,15,15,1,False,False,7.103714225847361e-05,1.5171902784917114e-10,6.303105143714086e-05,0.0003361547386615343,7.872887385837606,19,19,1,False,False,1.0494627413540362e-05,8.691902971071177e-11,1.0151079882124817e-05,5.614429812124326e-05,29.547817853030583,20,20,1,False,False
12,step,step_r_15_eta_0.001,42012,75,8.500000000000077e-05,0.0,7.753846153846222e-05,0.0004135250908938597,10.391752577319567,15,15,1,False,False,8.504370073539925e-05,1.7658809135695813e-10,7.70376099140665e-05,0.00041085396859670315,9.622375218226948,19,19,1,False,False,1.2733753574107298e-05,1.050326854403437e-10,1.2390206042691753e-05,6.852861271139013e-05,36.06547830991379,20,20,1,False,False
12,step,step_r_15_eta_0.001,42012,76,0.00010599999999999999,9.607131781302251e-22,9.853846153846145e-05,0.0005255214696776083,13.206185567010152,15,15,1,False,False,0.0001060535393273155,2.074559866701625e-10,9.804744850598274e-05,0.0005229028181741199,12.246607076293579,19,19,1,False,False,1.609147907659997e-05,1.3059714230350243e-10,1.5747931545184425e-05,8.709975428552083e-05,45.839163740449656,20,20,1,False,False
13,step,step_r_15_eta_0.05,42013,0,0.20265624999999987,5.902621766432102e-18,0.18400240384615396,0.9079532649309068,9.864046391752716,15,15,1,False,False,0.20265624999999993,1.967540588810701e-18,0.17444303567475622,0.8607829054112878,6.183025927629724,30,30,1,False,False,0.16340650662463393,1.967540588810701e-18,0.15996023981492258,0.9789098556667154,46.41551239276224,38,38,1,False,False
13,step,step_r_15_eta_0.05,42013,1,0.1925632911392403,0.0,0.1739094449853944,0.8581499212849074,9.322980555918177,15,15,1,False,False,0.19277280711927108,1.1637306297059919e-05,0.16455959279402738,0.8120134108571901,5.832713383770244,30,30,1,False,False,0.15487910696524826,7.02952100741811e-06,0.1514328401555369,0.9267246652754035,43.94112485104434,38,38,1,False,False
13,step,step_r_15_eta_0.05,42013,2,0.18221153846153818,1.967540588810701e-18,0.16355769230769227,0.8070695688274719,8.768041237113518,15,15,1,False,False,0.1826598896857125,1.650696502503826e-05,0.1544466753604688,0.762111582349268,5.474267255761708,30,30,1,False,False,0.14610682262722094,1.0022737291454446e-05,0.14266055581750958,0.8730408523157496,41.395679352365136,38,38,1,False,False
13,step,step_r_15_eta_0.05,42013,3,0.17159090909090885,3.935081177621402e-18,0.15293706293706294,0.7546624539685455,8.198687910028227,15,15,1,False,False,0.17238945808173306,2.8810713510427093e-05,0.14417624375648935,0.7114325058145969,5.110238135024834,30,30,1,False,False,0.13713106871411773,1.969670568689413e-05,0.13368480190440638,0.8181118651015398,38.79119327838789,38,38,1,False,False
13,step,step_r_15_eta_0.05,42013,4,0.160690789473684,0.0,0.1420369433198381,0.7008762045080682,7.614351600651217,15,15,1,False,False,0.16190271057939135,3.6093880586272305e-05,0.13368949625414764,0.6596860262348074,4.738541830539644,30,30,1,False,False,0.12791770143404685,2.5093752291014282e-05,0.12447143462433549,0.7617287536184996,36.1177591571213,38,38,1,False,False
13,step,step_r_15_eta_0.05,42013,5,0.14949999999999977,1.967540588810701e-18,0.13084615384615386,0.6456556550619779,7.0144329896908175,15,15,1,False,False,0.15137382358450757,6.286748804762345e-05,0.12316060925926386,0.6077316108398527,4.3653519177028395,30,30,1,False,False,0.11859589029215335,4.8729729536893e-05,0.115149623482442,0.7046819974369546,33.41285798242837,38,38,1,False,False
13,step,step_r_15_eta_0.05,42013,6,0.13800675675675644,3.935081177621402e-18,0.11935291060291053,0.5889426583335604,6.398300362217971,15,15,1,False,False,0.14070532240026165,8.410666781451481e-05,0.11249210807501794,0.5550882742329337,3.9872134659384013,30,30,1,False,False,0.10909923404228229,6.725107179338929e-05,0.10565296723257094,0.6465652403626104,30.657222167142653,38,38,1,False,False
13,step,step_r_15_eta_0.05,42013,7,0.12619863013698612,1.967540588810701e-18,0.10754478398314021,0.5306758808728588,5.765287388786976,15,15,1,False,False,0.12995974899645218,0.00010443794098143507,0.10174653467120848,0.5020646275217691,3.6063432368346273,30,30,1,False,False,0.09948205988742279,8.484379624462728e-05,0.09603579307771143,0.587710948979028,27.86661578467716,38,38,1,False,False
13,step,step_r_15_eta_0.05,42013,8,0.11406249999999972,9.837702944053505e-19,0.09540865384615382,0.47079058181602534,5.114690721649552,15,15,1,False,False,0.11921583282036313,0.00013582138399510018,0.09100261849511943,0.4490491583413759,3.225531747146408,30,30,1,False,False,0.08981047333439836,0.00011339656033781923,0.086364206524687,0.5285236696423408,25.060220607794587,38,38,1,False,False
13,step,step_r_15_eta_0.05,42013,9,0.1015845070422533,0.0,0.08293066088840739,0.40921837292660573,4.445767387832209,15,15,1,False,False,0.10848662581679339,0.00016582387743666367,0.08027341149154968,0.39610627104542645,2.8452416150160253,30,30,1,False,False,0.08011074796355164,0.0001403434588028615,0.07666448115384028,0.4691641889753423,22.24566041660059,38,38,1,False,False
13,step,step_r_15_eta_0.05,42013,10,0.08874999999999968,1.967540588810701e-18,0.07009615384615378,0.34588695806891634,3.7577319587629336,15,15,1,False,False,0.09841981843974247,0.00022184365791662818,0.07020660411449876,0.34643197095820527,2.488429829552656,30,30,1,False,False,0.07094661039433663,0.00019150777710979366,0.06750034358462527,0.41308234891577705,19.586511234247364,38,38,1,False,False
13,step,step_r_15_eta_0.05,42013,11,0.07554347826086928,9.837702944053505e-19,0.05688963210702338,0.2807198500269467,3.0497534737786136,15,15,1,False,False,0.08866463268796462,0.0002694192636476628,0.060451418362720916,0.2982953566086461,2.1426632806114596,30,30,1,False,False,0.06202849196200651,0.0002360570729473036,0.05858222515229515,0.3585060739770061,16.99874919353727,38,38,1,False,False
13,step,step_r_15_eta_0.05,42013,12,0.06194852941176442,1.4756554416080256e-18,0.04329468325791852,0.21363606233668367,2.3209520921771065,15,15,1,False,False,0.07957654057006212,0.00032912836136471423,0.051363326244818416,0.2534504918788265,1.8205414545361176,30,30,1,False,False,0.05368380234175238,0.00029129179835374737,0.05023753553204102,0.3074390155555017,14.577378452090514,38,38,1,False,False
13,step,step_r_15_eta_0.05,42013,13,0.0479477611940296,0.0,0.0292939150401837,0.14454977352133833,1.5703954454531681,15,15,1,False,False,0.07096598627784506,0.0003705967356087113,0.042752771952601354,0.21096202042918177,1.515345662487964,30,30,1,False,False,0.04575552949248714,0.000329678518930815,0.04230926268277578,0.2589203059090277,12.276838973567294,38,38,1,False,False
13,step,step_r_15_eta_0.05,42013,14,0.033522727272726996,4.918851472026753e-19,0.014868881118881093,0.07336996080249734,0.7970946579194096,15,15,1,False,False,0.06319318091511462,0.0003990754922390914,0.03497996658987092,0.1726073910371426,1.2398433651203176,30,30,1,False,False,0.03857513829082733,0.00035719482289384483,0.03512887148111597,0.21497841308003465,10.193311609572744,38,38,1,False,False
13,step,step_r_15_eta_0.05,42013,15,0.018653846153845903,2.4594257360133763e-19,0.0,0.0,0.0,15,15,1,False,False,0.056705354928675275,0.00039788764868835166,0.028492140603431564,0.14059344630837478,1.0098863700878735,30,30,1,False,False,0.032560082171614255,0.0003575444943417883,0.0291138153619029,0.17816802992295241,8.447928430805783,38,38,1,False,False
13,step,step_r_15_eta_0.05,42013,16,0.018906249999999708,4.918851472026753e-19,0.000252403846153805,0.001245477729671822,0.0135309278350495,15,15,1,False,False,0.05081679385185231,0.0004091371644507573,0.0226035795266086,0.1115365527912838,0.801169950578233,30,30,1,False,False,0.027082066638505268,0.0003681415261195783,0.023635799828793914,0.1446441779891203,6.85837781398404,38,38,1,False,False
13,step,step_r_15_eta_0.05,42013,17,0.019166666666666398,2.4594257360133763e-19,0.000512820512820495,0.002530494434889106,0.027491408934707362,15,15,1,False,False,0.0458532059103081,0.00039366983008121435,0.01763999158506439,0.08704390604812039,0.6252386339858145,30,30,1,False,False,0.022445574634473192,0.00035390669637672275,0.01899930782476184,0.11627020378329075,5.513011288395614,38,38,1,False,False
13,step,step_r_15_eta_0.05,42013,18,0.0194354838709675,0.0,0.0007816377171215964,0.0038569632918876023,0.04190222813435418,15,15,1,False,False,0.041585474829016845,0.00038369449154900095,0.013372260503773135,0.06598494003403862,0.47397153509759193,30,30,1,False,False,0.018445750871935576,0.0003448172604889703,0.014999484062224221,0.09179245289589351,4.352386187847283,38,38,1,False,False
13,step,step_r_15_eta_0.05,42013,19,0.019713114754098097,2.4594257360133763e-19,0.0010592686002521938,0.005226922931082532,0.05678553320939672,15,15,1,False,False,0.03832626558434671,0.0003407926536288629,0.010113051259102997,0.0499024888652731,0.3584508713725103,30,30,1,False,False,0.015362467949195935,0.00030452881066978963,0.01191620113948458,0.07292366372446629,3.457712881053058,38,38,1,False,False
13,step,step_r_15_eta_0.05,42013,20,0.019999999999999695,2.4594257360133763e-19,0.001346153846153792,0.006642547891583866,0.07216494845360621,15,15,1,False,False,0.035673755042939854,0.0003052590762979731,0.007460540717696144,0.03681377069641892,0.2644342694061925,30,30,1,False,False,0.012819372180927276,0.0002710869666638282,0.00937310537121592,0.057360661853858526,2.7197851729886735,38,38,1,False,False
13,step,step_r_15_eta_0.05,42013,21,0.020296610169491195,2.4594257360133763e-19,0.001642764015645292,0.00810616013888194,0.08806569980779,15,15,1,False,False,0.033613735414023634,0.00027262569953774205,0.005400521088779923,0.026648677693285674,0.1914181428079189,30,30,1,False,False,0.010811461249632504,0.00024045336861219639,0.007365194439921148,0.045072834564904816,2.137151545889167,38,38,1,False,False
13,step,step_r_15_eta_0.05,42013,22,0.0206034482758618,0.0,0.0019496021220158956,0.009620241774018304,0.10451475293281232,15,15,1,False,False,0.03217200876458632,0.0002426799382793233,0.003958794439342609,0.01953452923037217,0.14031702994580408,30,30,1,False,False,0.00935732624195847,0.000212649191814771,0.005911059432247115,0.036173953867244646,1.7152065578875484,38,38,1,False,False
13,step,step_r_15_eta_0.05,42013,23,0.020921052631578597,2.4594257360133763e-19,0.0022672064777326945,0.011187449080562262,0.12154096581659979,15,15,1,False,False,0.03096441824170877,0.00020635162528682017,0.0027512039164650608,0.013575717089727367,0.0975147278416777,30,30,1,False,False,0.008104017108652434,0.00017927402924742855,0.004657750298941079,0.028504068749480943,1.3515350250351608,38,38,1,False,False
13,step,step_r_15_eta_0.05,42013,24,0.021249999999999707,4.918851472026753e-19,0.0025961538461538036,0.012810628076626333,0.13917525773195827,15,15,1,False,False,0.03002773222316141,0.00017514153712508412,0.0018145178979177001,0.008953673513240775,0.06431446899314008,30,30,1,False,False,0.00708779240079081,0.00015089486713937522,0.0036415255910794554,0.0222850709332188,1.0566580570076218,38,38,1,False,False
13,step,step_r_15_eta_0.05,42013,25,0.0215909090909088,0.0,0.0029370629370628967,0.014492831763456091,0.15745079662605432,15,15,1,False,False,0.02938764360494452,0.00015764707340579773,0.0011744292797008088,0.005795179175084949,0.04162692226989506,30,30,1,False,False,0.006329370152626856,0.00013485050880752416,0.0028831033429155017,0.017643748725002524,0.8365873863251403,38,38,1,False,False
13,step,step_r_15_eta_0.05,42013,26,0.0219444444444441,0.0,0.003290598290598197,0.01623733929053853,0.17640320733103976,15,15,1,False,False,0.02889975491959025,0.00013143676750632376,0.0006865405943465401,0.0033877099489729055,0.024334008398761542,30,30,1,False,False,0.0056920710056030995,0.0001109802294678038,0.0022458041958917448,0.013743664449364002,0.6516628920207848,38,38,1,False,False
13,step,step_r_15_eta_0.05,42013,27,0.022311320754716705,2.4594257360133763e-19,0.003657474600870802,0.01804767729034167,0.19607080334565397,15,15,1,False,False,0.028675163910937114,0.000121512458828156,0.0004619495856934032,0.002279473668803224,0.016373518464362746,30,30,1,False,False,0.005274728366705796,0.00010205553431484889,0.0018284615569944414,0.011189649633687208,0.5305629708767632,38,38,1,False,False
13,step,step_r_15_eta_0.05,42013,28,0.022692307692307397,2.4594257360133763e-19,0.004038461538461494,0.019927643674752183,0.2164948453608253,15,15,1,False,False,0.028394422867831705,0.0001042965112132533,0.00018120854258799404,0.0008941670567179354,0.0064228251520372925,30,30,1,False,False,0.004797508674344341,8.645040677857187e-05,0.0013512418646329859,0.008269204773693405,0.3920885814253483,38,38,1,False,False
13,step,step_r_15_eta_0.05,42013,29,0.0230882352941173,0.0,0.004434389140271396,0.021881334231100193,0.23771983020011933,15,15,1,False,False,0.028231203706570517,8.414058307468487e-05,1.7989381326806442e-05,8.876795720243737e-05,0.0006376225381279355,30,30,1,False,False,0.004411197734529313,6.775211781622368e-05,0.000964930924817958,0.005905094875043931,0.27999309922808235,38,38,1,False,False
13,step,step_r_15_eta_0.05,42013,30,0.023499999999999695,4.918851472026753e-19,0.004846153846153792,0.023913172409702612,0.2597938144329903,15,15,1,False,False,0.02821321432524371,7.180608408715524e-05,0.0,0.0,0.0,30,30,1,False,False,0.004140505785603888,5.67175968852227e-05,0.0006942389758925337,0.004248539365003936,0.20144667091248225,38,38,1,False,False
13,step,step_r_15_eta_0.05,42013,31,0.023928571428571098,2.4594257360133763e-19,0.005274725274725195,0.026027942758859883,0.2827687776141379,15,15,1,False,False,0.02828879229153994,6.216444995120066e-05,7.557796629623081e-05,0.0003729367650700674,0.002678814452864664,30,30,1,False,False,0.003937063213642611,4.8077728879806026e-05,0.000490796403931256,0.0030035303616071994,0.14241393108282385,38,38,1,False,False
13,step,step_r_15_eta_0.05,42013,32,0.0243749999999997,0.0,0.005721153846153796,0.028230828539232318,0.3067010309278364,15,15,1,False,False,0.028444509262168283,5.7751912160830616e-05,0.0002312949369245726,0.0011413165738760717,0.008198106541785322,30,30,1,False,False,0.003790929177266865,4.42976552057891e-05,0.00034466236755551025,0.002109232824781235,0.10001035514263568,38,38,1,False,False
13,step,step_r_15_eta_0.05,42013,33,0.024840425531914602,2.4594257360133763e-19,0.006186579378068699,0.03052745414004603,0.3316516779995635,15,15,1,False,False,0.028632610063396024,5.424158171356334e-05,0.00041939573815231307,0.002069493233750813,0.014865223555086349,30,30,1,False,False,0.0036580315964961922,4.1110941528711384e-05,0.0002117647867848375,0.0012959385226396698,0.061447589080479315,38,38,1,False,False
13,step,step_r_15_eta_0.05,42013,34,0.02532608695652139,7.378277208040128e-19,0.006672240802675488,0.032923933027851314,0.35768713581353606,15,15,1,False,False,0.028918139479981467,4.981587197999705e-05,0.0007049251547377559,0.0034784279031007245,0.024985637815363226,30,30,1,False,False,0.003589076010245119,3.740821673730681e-05,0.00014280920053376433,0.0008739505144786902,0.04143881144992534,38,38,1,False,False
13,step,step_r_15_eta_0.05,42013,35,0.025833333333332993,4.918851472026753e-19,0.00717948717948709,0.03542692208844827,0.38487972508591106,15,15,1,False,False,0.029223316833042082,4.519643967993463e-05,0.0010101025077983716,0.004984314610570224,0.03580246107918961,30,30,1,False,False,0.0035233554092887038,3.3371278357793164e-05,7.708859957734904e-05,0.0004717596696099232,0.022368726460794797,38,38,1,False,False
13,step,step_r_15_eta_0.05,42013,36,0.026363636363635992,4.918851472026753e-19,0.007709790209790089,0.03804368337907217,0.41330834114339177,15,15,1,False,False,0.029577074239695075,4.125649176622856e-05,0.0013638599144513638,0.006729917850800873,0.0483411744131208,30,30,1,False,False,0.0034809703994602174,3.011289669629742e-05,3.470358974886267e-05,0.00021237581333637676,0.010069908009173956,38,38,1,False,False
13,step,step_r_15_eta_0.05,42013,37,0.026918604651162407,4.918851472026753e-19,0.008264758497316504,0.04078215449716705,0.44305921841284945,15,15,1,False,False,0.02997244283066487,3.635861489086905e-05,0.0017592285054211579,0.00868084998820001,0.062354770539104765,30,30,1,False,False,0.00345632991446391,2.6266203338287267e-05,1.0063104752555414e-05,6.158325614090556e-05,0.0029200016447357147,38,38,1,False,False
13,step,step_r_15_eta_0.05,42013,38,0.0274999999999996,0.0,0.008846153846153698,0.04365102900183786,0.4742268041237099,15,15,1,False,False,0.03040912925669189,3.263351244866442e-05,0.002195914931448179,0.010835663501363417,0.07783285187336442,30,30,1,False,False,0.0034462668097113547,2.305207529798596e-05,0.0,0.0,0.0,38,38,1,False,False
13,step,step_r_15_eta_0.05,42013,39,0.02810975609756061,4.918851472026753e-19,0.009455909943714706,0.04665984860429773,0.5069147598692487,15,15,1,False,False,0.030899875267498534,3.054693640207306e-05,0.002686660942254823,0.013257232097479471,0.09522704188480002,30,30,1,False,False,0.003461515400730736,2.1067541418638374e-05,1.5248591019381263e-05,9.331691457310979e-05,0.004424669319395669,38,38,1,False,False
13,step,step_r_15_eta_0.05,42013,40,0.028749999999999606,4.918851472026753e-19,0.010096153846153703,0.04981910918688029,0.5412371134020615,15,15,1,False,False,0.03144901693238383,2.8342338420612762e-05,0.0032358026071401223,0.01596695195504764,0.11469102987832525,30,30,1,False,False,0.0035016045722942577,1.9245278321230154e-05,5.5337762582902995e-05,0.0003386509125369228,0.016057306540214755,38,38,1,False,False
13,step,step_r_15_eta_0.05,42013,41,0.0294230769230765,0.0,0.010769230769230597,0.05314038313267222,0.5773195876288646,15,15,1,False,False,0.032026225397661465,2.676097103920242e-05,0.003813011072417754,0.0188151664329018,0.13514982832020217,30,30,1,False,False,0.0035434744868299683,1.7844537807406963e-05,9.720767711861355e-05,0.000594882536360148,0.028206660275022388,38,38,1,False,False
13,step,step_r_15_eta_0.05,42013,42,0.030131578947368006,4.918851472026753e-19,0.011477732793522103,0.056636460970348114,0.615301139446554,15,15,1,False,False,0.03265401182070323,2.494091594702245e-05,0.00444079749545952,0.021912956030023856,0.15740133131467138,30,30,1,False,False,0.003602268582186896,1.6335884225140202e-05,0.00015600177247554123,0.0009546851939861712,0.045266887646638,38,38,1,False,False
13,step,step_r_15_eta_0.05,42013,43,0.030878378378377994,4.918851472026753e-19,0.01222453222453209,0.06032151598843904,0.655335748119255,15,15,1,False,False,0.033335575807031295,2.271370239661537e-05,0.005122361481787584,0.025276109085150773,0.18155894690823526,30,30,1,False,False,0.003677174835149571,1.4559729279131942e-05,0.00023090802543821636,0.0014130895409730667,0.0670023646420912,38,38,1,False,False
13,step,step_r_15_eta_0.05,42013,44,0.031666666666666295,4.918851472026753e-19,0.013012820512820392,0.06421129628531269,0.6975945017182159,15,15,1,False,False,0.03405942804891642,2.2180601316299475e-05,0.0058462137236727114,0.028847932021206914,0.20721544366682898,30,30,1,False,False,0.003760929581349368,1.4092949495834103e-05,0.0003146627716380133,0.0019256440770797135,0.09130540060082226,38,38,1,False,False
13,step,step_r_15_eta_0.05,42013,45,0.03249999999999959,4.918851472026753e-19,0.013846153846153689,0.06832334974200745,0.742268041237115,15,15,1,False,False,0.034838397520665663,2.0931581304029316e-05,0.006625183195421953,0.032691728951966474,0.23482553668101858,30,30,1,False,False,0.0038572217176460056,1.304025117308208e-05,0.0004109549079346509,0.002514923771540309,0.11924639925632197,38,38,1,False,False
13,step,step_r_15_eta_0.05,42013,46,0.033382352941175995,4.918851472026753e-19,0.014728506787330092,0.07267728869615471,0.7895694360218299,15,15,1,False,False,0.035669738915628996,1.969663393332814e-05,0.007456524590385285,0.03679395326018955,0.2642919202479377,30,30,1,False,False,0.003964031279918358,1.2017421546324481e-05,0.0005177644702070035,0.003168567035071474,0.15023922951872937,38,38,1,False,False
13,step,step_r_15_eta_0.05,42013,47,0.03431818181818141,4.918851472026753e-19,0.015664335664335505,0.07729510273843276,0.8397375820056259,15,15,1,False,False,0.03656530366732623,1.8796099915555722e-05,0.008352089342082519,0.04121308541968245,0.29603466112719756,30,30,1,False,False,0.00408679900337229,1.1332434700156946e-05,0.000640532193660935,0.003919869574914303,0.18586262440736068,38,38,1,False,False
13,step,step_r_15_eta_0.05,42013,48,0.035312499999999504,4.918851472026753e-19,0.0166586538461536,0.08220153015835244,0.8930412371134009,15,15,1,False,False,0.03752516896852205,1.698058316932561e-05,0.009311954643278341,0.04594950633537502,0.330056495368785,30,30,1,False,False,0.00422217842196624,1.0072997783670448e-05,0.000775911612254885,0.004748351998230127,0.22514554301727796,38,38,1,False,False
13,step,step_r_15_eta_0.05,42013,49,0.03637096774193499,4.918851472026753e-19,0.017717121588089087,0.08742450128278352,0.9497838377120051,15,15,1,False,False,0.038565101737102536,1.682148483462422e-05,0.010351887411858825,0.051081017298301085,0.36691627166339913,30,30,1,False,False,0.004377227849474177,9.833977816609958e-06,0.0009309610397628221,0.005697209119716151,0.2701360896200593,38,38,1,False,False
13,step,step_r_15_eta_0.05,42013,50,0.03749999999999949,4.918851472026753e-19,0.01884615384615359,0.09299567048217659,1.0103092783505154,15,15,1,False,False,0.03967069307817779,1.657655850503063e-05,0.01145747875293408,0.05653651813321368,0.4061032756087819,30,30,1,False,False,0.0045401617059369,9.511604701656155e-06,0.0010938948962255454,0.006694316639045253,0.31741445355972475,38,38,1,False,False
13,step,step_r_15_eta_0.05,42013,51,0.03870689655172371,9.837702944053505e-19,0.02005305039787781,0.09895105824704555,1.075008887308928,15,15,1,False,False,0.040861807745775816,1.665458814668978e-05,0.012648593420532105,0.06241403075667348,0.44832160117306463,30,30,1,False,False,0.004720181644556556,9.42044780979776e-06,0.0012739148348452013,0.0077959859809716755,0.3696506698945632,38,38,1,False,False
13,step,step_r_15_eta_0.05,42013,52,0.039999999999999494,4.918851472026753e-19,0.02134615384615359,0.10533183085226143,1.1443298969072182,15,15,1,False,False,0.04214837378337771,1.619708347588613e-05,0.013935159458134002,0.06876254474329811,0.49392314174090934,30,30,1,False,False,0.004919252814524324,9.093513642614026e-06,0.001472986004812969,0.009014243283448988,0.4274149641177494,38,38,1,False,False
13,step,step_r_15_eta_0.05,42013,53,0.041388888888888406,4.918851472026753e-19,0.022735042735042503,0.11218525328008644,1.2187857961053878,15,15,1,False,False,0.0435298541948432,1.5704786852228624e-05,0.015316639869599486,0.0755794103048857,0.5428888638149592,30,30,1,False,False,0.005131861791353264,8.664105104976104e-06,0.0016855949816419091,0.010315348002108269,0.4891075110296199,38,38,1,False,False
13,step,step_r_15_eta_0.05,42013,54,0.0428846153846148,0.0,0.024230769230768896,0.11956586204851274,1.2989690721649478,15,15,1,False,False,0.045031597662714765,1.5454698823170556e-05,0.016818383337471054,0.08298970960664208,0.5961172358309716,30,30,1,False,False,0.005368866048469305,8.420743135593046e-06,0.0019225992387579501,0.011765744696901278,0.5578788134859991,38,38,1,False,False
13,step,step_r_15_eta_0.05,42013,55,0.0444999999999995,0.0,0.025846153846153595,0.12753691951841412,1.3855670103092836,15,15,1,False,False,0.04665572683157215,1.5051002425850953e-05,0.018442512506328442,0.091003916762145,0.6536834936183449,30,30,1,False,False,0.005625830640138868,8.100564305504116e-06,0.0021795638304275135,0.013338292797815303,0.6324419874531029,38,38,1,False,False
13,step,step_r_15_eta_0.05,42013,56,0.0462499999999994,0.0,0.0275961538461535,0.13617223177747304,1.4793814432989705,15,15,1,False,False,0.048417264485217874,1.4870563613626442e-05,0.020204050159974164,0.09969616115947162,0.7161201104936361,30,30,1,False,False,0.005904925679558443,7.919405878960527e-06,0.002458658869847088,0.015046272762534164,0.7134267326368195,38,38,1,False,False
13,step,step_r_15_eta_0.05,42013,57,0.04815217391304289,4.918851472026753e-19,0.029498327759196988,0.14555844075471153,1.5813536530703751,15,15,1,False,False,0.05033778916831735,1.4414971392914543e-05,0.022124574843073636,0.10917292135364019,0.7841919246782783,30,30,1,False,False,0.006211612812834512,7.576452791960919e-06,0.0027653460031231577,0.01692310826689122,0.8024178497528378,38,38,1,False,False
13,step,step_r_15_eta_0.05,42013,58,0.050227272727272114,9.837702944053505e-19,0.03157342657342621,0.15579794145715334,1.6925960637300879,15,15,1,False,False,0.052437255698903125,1.4327588983513696e-05,0.024224041373659414,0.11953266367881288,0.8586062224035567,30,30,1,False,False,0.006547944250340304,7.468038825422303e-06,0.0031016774406289493,0.018981358237795922,0.9000108267556721,38,38,1,False,False
13,step,step_r_15_eta_0.05,42013,59,0.052499999999999394,4.918851472026753e-19,0.03384615384615349,0.16701263270268502,1.8144329896907272,15,15,1,False,False,0.05473832845286287,1.3970344522085153e-05,0.026525114127619157,0.1308872246852449,0.9401663285096116,30,30,1,False,False,0.006916905773019328,7.204017539359333e-06,0.0034706389633079736,0.021239294780840547,1.0070720448944752,38,38,1,False,False
13,step,step_r_15_eta_0.05,42013,60,0.05499999999999928,1.4756554416080256e-18,0.036346153846153376,0.17934879307276927,1.9484536082474238,15,15,1,False,False,0.05727679970169573,1.4047293302936256e-05,0.029063585376452022,0.1434132200534256,1.030140878008623,30,30,1,False,False,0.007326256278460208,7.12266095021932e-06,0.003879989468748853,0.023744400078643715,1.1258528961876357,38,38,1,False,False
13,step,step_r_15_eta_0.05,42013,61,0.05776315789473619,4.918851472026753e-19,0.03910931174089029,0.19298349663970546,2.096581660336415,15,15,1,False,False,0.060082955354617704,1.3800221933431539e-05,0.031869741029373996,0.15726009451657183,1.129603336294036,30,30,1,False,False,0.007778411848052606,6.862184140750846e-06,0.004332145038341251,0.02651145984224945,1.2570544527003973,38,38,1,False,False
13,step,step_r_15_eta_0.05,42013,62,0.06083333333333262,1.4756554416080256e-18,0.04217948717948672,0.2081331672696339,2.261168384879731,15,15,1,False,False,0.06321247897015306,1.4029907424675111e-05,0.03499926464490935,0.17270261659785655,1.2405273727918988,30,30,1,False,False,0.00828662036349727,6.861733071178652e-06,0.004840353553785915,0.029621547230703846,1.4045208398102305,38,38,1,False,False
13,step,step_r_15_eta_0.05,42013,63,0.06426470588235221,9.837702944053505e-19,0.04561085972850631,0.22506515209131886,2.445118253486969,15,15,1,False,False,0.0667151788164421,1.4267282278757905e-05,0.03850196449119839,0.18998656341069373,1.3646784108802814,30,30,1,False,False,0.00885671842193371,6.8798356674770156e-06,0.0054104516122223546,0.03311038051043382,1.5699456574215485,38,38,1,False,False
13,step,step_r_15_eta_0.05,42013,64,0.0681249999999992,0.0,0.0494711538461533,0.24411363501571418,2.652061855670109,15,15,1,False,False,0.07065580710740715,1.4691350088906688e-05,0.042442592782163446,0.20943145243318903,1.504351552888748,30,30,1,False,False,0.009497526326103322,7.040522409211593e-06,0.006051259516391967,0.03703193735297518,1.7558882844879897,38,38,1,False,False
13,step,step_r_15_eta_0.05,42013,65,0.0724999999999991,0.0,0.053846153846153204,0.26570191566336215,2.8865979381443343,15,15,1,False,False,0.07512395661771266,1.5039961734726677e-05,0.04691074229246896,0.23147937599984691,1.6627223595184497,30,30,1,False,False,0.010224142108362389,7.1332512893424365e-06,0.006777875298651034,0.0414786132979435,1.966729702863233,38,38,1,False,False
13,step,step_r_15_eta_0.05,42013,66,0.07749999999999911,9.837702944053505e-19,0.05884615384615321,0.2903742364035318,3.1546391752577403,15,15,1,False,False,0.08023488091141619,1.55095908879292e-05,0.05202166658617248,0.2566990486904426,1.8438759223413337,30,30,1,False,False,0.011056270820886867,7.317457923588895e-06,0.007610004011175512,0.046570997498016915,2.2081877090105206,38,38,1,False,False
13,step,step_r_15_eta_0.05,42013,67,0.08326923076922979,9.837702944053505e-19,0.06461538461538388,0.31884229879603476,3.463917525773203,15,15,1,False,False,0.08613723434609011,1.6038901646476273e-05,0.0579240200208464,0.2858240001028659,2.053081203477727,30,30,1,False,False,0.012018561890735352,7.52515335996796e-06,0.008572295081023997,0.05245993723319523,2.487414804004098,38,38,1,False,False
13,step,step_r_15_eta_0.05,42013,68,0.08999999999999898,9.837702944053505e-19,0.07134615384615309,0.35205503825395534,3.8247422680412475,15,15,1,False,False,0.09302829235902355,1.6586215794640756e-05,0.06481507803377984,0.31982767880970786,2.2973305092637633,30,30,1,False,False,0.013142550617949217,7.72785090108513e-06,0.009696283808237862,0.059338419310997766,2.813561556207537,38,38,1,False,False
13,step,step_r_15_eta_0.05,42013,69,0.0979545454545443,0.0,0.07930069930069839,0.39130645761331534,4.251171508903476,15,15,1,False,False,0.10117717747318965,1.76935234559922e-05,0.07296396314794594,0.36003806025200785,2.586162721723685,30,30,1,False,False,0.014472345872197843,8.192507603883374e-06,0.011026079062486488,0.06747637710544066,3.19942699486172,38,38,1,False,False
13,step,step_r_15_eta_0.05,42013,70,0.10749999999999879,9.837702944053505e-19,0.08884615384615288,0.43840816084454803,4.762886597938157,15,15,1,False,False,0.11095777585488385,1.876212209116042e-05,0.08274456152964015,0.4083000723127965,2.9328300056759087,30,30,1,False,False,0.016067953388671063,8.620336150106503e-06,0.012621686578959708,0.07724102815534371,3.6624229277293967,38,38,1,False,False
13,step,step_r_15_eta_0.05,42013,71,0.1191666666666653,0.0,0.1005128205128194,0.4959769092382765,5.388316151202762,15,15,1,False,False,0.1229135622578678,2.025272554323939e-05,0.0947003479326241,0.46729547167987234,3.356595488940484,30,30,1,False,False,0.018017750217937473,9.232720603925334e-06,0.014571483408226117,0.08917321414684372,4.228193640482109,38,38,1,False,False
13,step,step_r_15_eta_0.05,42013,72,0.1337499999999985,0.0,0.1150961538461526,0.5679378447304373,6.170103092783521,15,15,1,False,False,0.13786478694327794,2.191327074489511e-05,0.10965157261803424,0.5410717538592285,3.8865324366789267,30,30,1,False,False,0.020457432038316667,9.89815553474501e-06,0.017011165228605313,0.10410335292022477,4.9361138205170185,38,38,1,False,False
13,step,step_r_15_eta_0.05,42013,73,0.1524999999999983,0.0,0.1338461538461524,0.6604590475060723,7.175257731958782,15,15,1,False,False,0.15709338414375898,2.45426579761851e-05,0.12888016981851527,0.6359545773619877,4.568078217985961,30,30,1,False,False,0.023594906766466462,1.1029956409402132e-05,0.02014863995675511,0.12330378008165344,5.8465119125360685,38,38,1,False,False
13,step,step_r_15_eta_0.05,42013,74,0.17749999999999802,1.967540588810701e-18,0.1588461538461521,0.7838206512069191,8.515463917525794,15,15,1,False,False,0.18272838031208835,2.7328566510672015e-05,0.15451516598684464,0.7624495468895961,5.476694863817503,30,30,1,False,False,0.027774622204678853,1.220109881641118e-05,0.0243283553949675,0.14888241537929028,7.059336011481113,38,38,1,False,False
13,step,step_r_15_eta_0.05,42013,75,0.2124999999999977,0.0,0.19384615384615178,0.956526896388105,10.391752577319616,15,15,1,False,False,0.21862755087393201,3.096066361544349e-05,0.1904143365486883,0.9395927169711685,6.749118847415961,30,30,1,False,False,0.033628968324786575,1.3560128624701944e-05,0.03018270151507522,0.18470930037326375,8.75808612090693,38,38,1,False,False
13,step,step_r_15_eta_0.05,42013,76,0.26499999999999707,3.935081177621402e-18,0.24634615384615116,1.2155862641598831,13.206185567010344,15,15,1,False,False,0.2724838861242875,3.747992841302784e-05,0.24427067179904377,1.2053448724085434,8.658023470246109,30,30,1,False,False,0.04241230491413684,1.6220582596167134e-05,0.038966038104425484,0.238460749876598,11.306738640961209,38,38,1,False,False
14,step,step_r_15_eta_0.1,42014,0,0.24812499999999918,1.967540588810701e-18,0.1735096153846155,0.6992830846735157,2.325386597938175,15,15,1,False,False,0.24812499999999982,1.967540588810701e-18,0.12689979671790153,0.5114349489890242,1.0468103437417886,28,28,1,False,False,0.1467599965300503,0.0,0.1275740158610426,0.8692696843647089,6.649335161017893,38,38,1,False,False
14,step,step_r_15_eta_0.1,42014,1,0.23860759493670805,3.935081177621402e-18,0.16399221032132438,0.6609257846703271,2.197833746574478,15,15,1,False,False,0.23997661867880304,4.2803682009460385e-05,0.11875141539670474,0.4785951250245031,0.9795934523645473,28,28,1,False,False,0.13979835561278606,2.7947337812941603e-05,0.12061237494377834,0.8218341359737084,6.286484752828447,38,38,1,False,False
14,step,step_r_15_eta_0.1,42014,2,0.2288461538461531,0.0,0.1542307692307694,0.6215849641542364,2.0670103092783787,15,15,1,False,False,0.23180607235194428,6.22212539180488e-05,0.11058086906984597,0.44566597106235184,0.9121937194241503,28,28,1,False,False,0.13276665173978913,4.231401548479263e-05,0.11358067107078142,0.7739211893993527,5.919982565929257,38,38,1,False,False
14,step,step_r_15_eta_0.1,42014,3,0.218831168831168,0.0,0.1442157842157843,0.5812223041442207,1.9327888606239374,15,15,1,False,False,0.2237430393197271,9.192301258607742e-05,0.1025178360376288,0.41317012005089726,0.845680875445213,28,28,1,False,False,0.125767169205264,6.52282299951621e-05,0.1065811885362563,0.7262277940598951,5.555159800010816,38,38,1,False,False
14,step,step_r_15_eta_0.1,42014,4,0.20855263157894657,1.967540588810701e-18,0.1339372469635629,0.5397974688707843,1.795035268583855,15,15,1,False,False,0.2158606337268643,0.00012212800263932528,0.09463543044476598,0.38140223856832667,0.7806580470279243,28,28,1,False,False,0.11886457991326055,9.017626851831275e-05,0.09967859924425283,0.6791946143433086,5.1953872446702585,38,38,1,False,False
14,step,step_r_15_eta_0.1,42014,5,0.19799999999999918,1.967540588810701e-18,0.1233846153846155,0.497267971323389,1.6536082474227025,15,15,1,False,False,0.20797750025724113,0.0001562009034944283,0.08675229697514282,0.34963142357740207,0.715629214275393,28,28,1,False,False,0.11192471822357686,0.00011681133621862723,0.09273873755456914,0.6319074662527682,4.833672000117027,38,38,1,False,False
14,step,step_r_15_eta_0.1,42014,6,0.18716216216216133,1.967540588810701e-18,0.11254677754677765,0.4535890278963346,1.5083588743382759,15,15,1,False,False,0.20022814441552292,0.00018301200741775733,0.07900294113342461,0.31839976275435633,0.6517039278505481,28,28,1,False,False,0.10505460497892939,0.00013927132203559825,0.08586862430992168,0.5850955733181649,4.475592141538561,38,38,1,False,False
14,step,step_r_15_eta_0.1,42014,7,0.17602739726027308,1.967540588810701e-18,0.1014120126448894,0.4087134010877168,1.3591300663748234,15,15,1,False,False,0.19264140706716504,0.00021353438675674122,0.07141620378506673,0.2878234913252062,0.589120099216307,28,28,1,False,False,0.09827720146471847,0.00016491638032841758,0.07909122079571075,0.5389153901997822,4.122344443068871,38,38,1,False,False
14,step,step_r_15_eta_0.1,42014,8,0.16458333333333247,1.967540588810701e-18,0.08996794871794879,0.36259122908997116,1.2057560137457206,15,15,1,False,False,0.18552333098140905,0.00024258692775660715,0.06429812769931074,0.2591360310299679,0.5304023087483314,28,28,1,False,False,0.09185224886778481,0.00019057232750938405,0.0726662681987771,0.49513675331750284,3.7874669766638176,38,38,1,False,False
14,step,step_r_15_eta_0.1,42014,9,0.15281690140844978,1.967540588810701e-18,0.0782015167930661,0.31516984097961254,1.048061565267909,15,15,1,False,False,0.17861974607051642,0.000271005957582564,0.057394542788418115,0.23131301879463237,0.47345387951099216,28,28,1,False,False,0.08557222506082737,0.00021621459408397692,0.06638624439181966,0.4523456388759626,3.460143400387003,38,38,1,False,False
14,step,step_r_15_eta_0.1,42014,10,0.14071428571428476,1.967540588810701e-18,0.06609890109890108,0.266393556066101,0.8858615611193039,15,15,1,False,False,0.17189051655524093,0.0003065343313858919,0.05066531327314262,0.204192698330046,0.4179437270584847,28,28,1,False,False,0.07940799503767834,0.00024617267577941974,0.060222014368670626,0.4103435254329655,3.138855157190423,38,38,1,False,False
14,step,step_r_15_eta_0.1,42014,11,0.12826086956521654,1.967540588810701e-18,0.05364548494983286,0.21620346579277797,0.7189601075750884,15,15,1,False,False,0.16572843328153525,0.0003236611634997956,0.04450322999943694,0.17935810579118175,0.36711202616732486,28,28,1,False,False,0.07369782435322737,0.00026186522382329195,0.05451184368421966,0.3714353023513319,2.841233118319355,38,38,1,False,False
14,step,step_r_15_eta_0.1,42014,12,0.1154411764705873,0.0,0.040825791855203616,0.16453719639376826,0.5471497877501583,15,15,1,False,False,0.16012656075218465,0.00034827215273150567,0.03890135747008634,0.15678128955198536,0.3209015651601801,28,28,1,False,False,0.06842886001076465,0.0002840460465793701,0.04924287934175693,0.33553339129218396,2.5666073677068777,38,38,1,False,False
14,step,step_r_15_eta_0.1,42014,13,0.1022388059701483,0.0,0.027623421354764616,0.11132865029628093,0.3702108016617984,15,15,1,False,False,0.15461013610758242,0.0003668105164062291,0.03338493282548412,0.13454884765938194,0.2753959731277611,28,28,1,False,False,0.06321025362606329,0.00030013598395695735,0.04402427295705558,0.299974611596841,2.294606343900402,38,38,1,False,False
14,step,step_r_15_eta_0.1,42014,14,0.08863636363636271,9.837702944053505e-19,0.014020979020979027,0.05650772401402145,0.18791002811621604,15,15,1,False,False,0.14972657568538403,0.00038691022224251917,0.02850137240328572,0.11486699205354456,0.23511094748970085,28,28,1,False,False,0.058495058963554974,0.0003170878914563706,0.03930907829454726,0.2678460017985787,2.04884383929593,38,38,1,False,False
14,step,step_r_15_eta_0.1,42014,15,0.07461538461538368,9.837702944053505e-19,0.0,0.0,0.0,15,15,1,False,False,0.14553508100574286,0.00038932346260602213,0.024309877723644555,0.09797431828169097,0.20053484808001532,28,28,1,False,False,0.05436185568001392,0.0003189256557608347,0.035175875011006205,0.23968299156918865,1.8334155349081498,38,38,1,False,False
14,step,step_r_15_eta_0.1,42014,16,0.07562499999999898,9.837702944053505e-19,0.0010096153846153033,0.004068978880061689,0.01353092783505061,15,15,1,False,False,0.14132374377824675,0.00039718356391017995,0.02009854049614844,0.08100167454367135,0.16579506531639243,28,28,1,False,False,0.050184767772496384,0.0003271964390250447,0.03099878710348867,0.2112209582748349,1.6156999028755878,38,38,1,False,False
14,step,step_r_15_eta_0.1,42014,17,0.07666666666666569,9.837702944053505e-19,0.002051282051282008,0.008267131692824241,0.027491408934707584,15,15,1,False,False,0.13758825731395652,0.00039716245178333985,0.016363054031858212,0.06594681725685934,0.13498062769818908,28,28,1,False,False,0.0463988306756333,0.0003277811296023611,0.027212850006625586,0.18542416632623407,1.4183715951816924,38,38,1,False,False
14,step,step_r_15_eta_0.1,42014,18,0.07774193548387,0.0,0.0031265508684863164,0.012600708789869327,0.04190222813435329,15,15,1,False,False,0.13447438497705735,0.0003898098461073717,0.013249181694959047,0.053397205823512574,0.10929395320647473,28,28,1,False,False,0.04310395965305124,0.0003204157137320609,0.023917978984043527,0.16297342293235967,1.2466383343479386,38,38,1,False,False
14,step,step_r_15_eta_0.1,42014,19,0.07885245901639239,9.837702944053505e-19,0.004237074401008706,0.017076370381899124,0.05678553320939583,15,15,1,False,False,0.13177226616311402,0.0003887041868878545,0.010547062881015715,0.04250705443230518,0.08700387869403747,28,28,1,False,False,0.04014667067232356,0.00031989349901767513,0.020960690003315845,0.1428229115488155,1.0925003191093028,38,38,1,False,False
14,step,step_r_15_eta_0.1,42014,20,0.07999999999999899,9.837702944053505e-19,0.005384615384615307,0.02170122069366378,0.07216494845360821,15,15,1,False,False,0.12939981734173556,0.00036584292659166853,0.00817461405963725,0.03294554784740456,0.0674332881143076,28,28,1,False,False,0.0374488486957171,0.00029996910296407745,0.018262868026709386,0.12444036834635598,0.9518860850417987,38,38,1,False,False
14,step,step_r_15_eta_0.1,42014,21,0.0811864406779651,0.0,0.006571056062581418,0.026482845592267767,0.08806569980779333,15,15,1,False,False,0.12720275153314764,0.00035540382266287403,0.005977548251049333,0.024090874563423022,0.04930945124620023,28,28,1,False,False,0.03486601872752366,0.00028968189091932683,0.015680038058515942,0.10684136296845255,0.8172653944056592,38,38,1,False,False
14,step,step_r_15_eta_0.1,42014,22,0.0824137931034472,0.0,0.007798408488063513,0.03142935410806464,0.1045147529328112,15,15,1,False,False,0.12565985564929302,0.0003472155165541975,0.004434652367194716,0.017872654376603403,0.03658193384815389,28,28,1,False,False,0.03281280902972467,0.00028250850090526654,0.013626828360716957,0.09285110849622262,0.7102492489596428,38,38,1,False,False
14,step,step_r_15_eta_0.1,42014,23,0.08368421052631468,9.837702944053505e-19,0.009068825910931,0.0365494243261704,0.12154096581660245,15,15,1,False,False,0.12418734278400219,0.00032566704264629527,0.002962139501903882,0.011938093710443866,0.024435013691095353,28,28,1,False,False,0.03079904665661351,0.0002645755669416634,0.011613065987605795,0.07912964201541067,0.6052891529472397,38,38,1,False,False
14,step,step_r_15_eta_0.1,42014,24,0.08499999999999887,1.967540588810701e-18,0.010384615384615187,0.04185235419492281,0.13917525773195782,15,15,1,False,False,0.12313428006208688,0.0003097795858094011,0.0019090767799885694,0.00769401221154084,0.015748183779457525,28,28,1,False,False,0.029105774438862815,0.00025109229425761037,0.0099197937698551,0.06759194606429375,0.5170334496312272,38,38,1,False,False
14,step,step_r_15_eta_0.1,42014,25,0.0863636363636353,0.0,0.011748251748251615,0.04734811787708475,0.15745079662605455,15,15,1,False,False,0.12235770340258088,0.00030165076252985543,0.0011325001204825769,0.004564232223607366,0.009342117726519161,28,28,1,False,False,0.027605070987205965,0.00024271013812317166,0.00841909031819825,0.057366384009653285,0.43881469826549546,38,38,1,False,False
14,step,step_r_15_eta_0.1,42014,26,0.08777777777777672,9.837702944053505e-19,0.013162393162393038,0.0530474283622895,0.17640320733104287,15,15,1,False,False,0.12161069378729969,0.0002915855739315259,0.00038549050520138295,0.0015536141267562045,0.0031799534648280225,28,28,1,False,False,0.026103040306692197,0.00023432443844212595,0.006917059637684481,0.047131778422113524,0.3605267698855774,38,38,1,False,False
14,step,step_r_15_eta_0.1,42014,27,0.08924528301886682,9.837702944053505e-19,0.014629898403483138,0.05896180716769042,0.19607080334565286,15,15,1,False,False,0.1212794404300691,0.00027154877761469766,5.423714797078705e-05,0.00021858800189737869,0.0004474081833014676,28,28,1,False,False,0.024906828317518864,0.00021672514554961738,0.005720847648511149,0.03898097426937291,0.29817853708944786,38,38,1,False,False
14,step,step_r_15_eta_0.1,42014,28,0.09076923076922959,9.837702944053505e-19,0.016153846153845908,0.06510366208099128,0.2164948453608242,15,15,1,False,False,0.1212252032820983,0.00026208264402757624,0.0,0.0,0.0,28,28,1,False,False,0.023904291222207767,0.0002080658042742527,0.004718310553200052,0.03214984099726344,0.24592490916150167,38,38,1,False,False
14,step,step_r_15_eta_0.1,42014,29,0.0923529411764694,0.0,0.01773755656108572,0.07148637404971599,0.23771983020012089,15,15,1,False,False,0.12148475647939351,0.00025043904068812955,0.00025955319729520365,0.0010460582258748768,0.0021410827968768587,28,28,1,False,False,0.023115412808210386,0.00019707113402338145,0.00392943213920267,0.02677454505389067,0.20480746890098356,38,38,1,False,False
14,step,step_r_15_eta_0.1,42014,30,0.09399999999999878,1.967540588810701e-18,0.019384615384615098,0.07812439449718957,0.259793814432989,15,15,1,False,False,0.12174596737274784,0.0002313167833982607,0.0005207640906495364,0.0020987973426681585,0.004295840110390969,28,28,1,False,False,0.022293870985393288,0.00018065781425706453,0.0031078903163855726,0.021176685676394157,0.16198756633826572,38,38,1,False,False
14,step,step_r_15_eta_0.1,42014,31,0.09571428571428452,9.837702944053505e-19,0.021098901098900835,0.08503335455476435,0.28276877761413854,15,15,1,False,False,0.12226288535173191,0.00022600608845983408,0.0010376820696336025,0.004182093983409988,0.008559953223743921,28,28,1,False,False,0.021629595650994215,0.00017540717052882447,0.0024436149819864993,0.016650415915526063,0.12736461190820547,38,38,1,False,False
14,step,step_r_15_eta_0.1,42014,32,0.0974999999999988,0.0,0.022884615384615115,0.0922301879480713,0.3067010309278353,15,15,1,False,False,0.12281285364546349,0.000207128175623383,0.0015876503633651812,0.0063985908850989716,0.013096702008992489,28,28,1,False,False,0.020960324758880766,0.00015979122262899825,0.0017743440898730506,0.012090107194229451,0.0924812820612948,38,38,1,False,False
14,step,step_r_15_eta_0.1,42014,33,0.09936170212765841,9.837702944053505e-19,0.024746317512274726,0.09973326957088084,0.3316516779995624,15,15,1,False,False,0.12372777470416535,0.00020006633188579984,0.002502571422067043,0.010085930164501945,0.02064398618695984,28,28,1,False,False,0.020526219528999357,0.00015382647454801463,0.001340238859991641,0.009132181055327404,0.06985511364329744,38,38,1,False,False
14,step,step_r_15_eta_0.1,42014,34,0.10130434782608572,9.837702944053505e-19,0.026688963210702035,0.10756257213381208,0.35768713581353695,15,15,1,False,False,0.12472341744463744,0.00019667217214987514,0.0034982141625391344,0.014098596121064531,0.028857152372832706,28,28,1,False,False,0.020101438824061634,0.00015009641523790117,0.0009154581550539186,0.006237790792441665,0.04771495243569768,38,38,1,False,False
14,step,step_r_15_eta_0.1,42014,35,0.1033333333333321,0.0,0.028717948717948416,0.1157398436995406,0.3848797250859115,15,15,1,False,False,0.12597801469687325,0.00018789991015551898,0.004752811414774946,0.01915490746508796,0.03920646273295891,28,28,1,False,False,0.019828867292470864,0.00014226758555601862,0.0006428866234631479,0.004380530380644372,0.033508145064570005,38,38,1,False,False
14,step,step_r_15_eta_0.1,42014,36,0.1054545454545442,0.0,0.030839160839160523,0.1242888094273476,0.41330834114339354,15,15,1,False,False,0.1273795660640938,0.00017852085073846163,0.006154362781995507,0.024803477207034807,0.05076801370812256,28,28,1,False,False,0.019616533209682332,0.00013367167495771114,0.0004305525406746169,0.0029337186621318685,0.022440997314779665,38,38,1,False,False
14,step,step_r_15_eta_0.1,42014,37,0.1076744186046499,0.0,0.03305903398926621,0.13323540146807586,0.4430592184128517,15,15,1,False,False,0.12875824136781513,0.00016154976394722385,0.007533038085716828,0.030359851227070363,0.06214085752602938,28,28,1,False,False,0.01932085491819675,0.00011921548900943692,0.0001348742491890341,0.0009190123492638369,0.00702983347663344,38,38,1,False,False
14,step,step_r_15_eta_0.1,42014,38,0.10999999999999868,9.837702944053505e-19,0.035384615384615,0.1426080217012196,0.4742268041237121,15,15,1,False,False,0.13042120408346317,0.00015170222351760355,0.00919600080136486,0.03706196796519845,0.07585881939059491,28,28,1,False,False,0.019185980669007716,0.00011090848988004989,0.0,0.0,0.0,38,38,1,False,False
14,step,step_r_15_eta_0.1,42014,39,0.11243902439024246,2.951310883216051e-18,0.03782363977485878,0.1524378429213457,0.5069147598692478,15,15,1,False,False,0.13242786625426312,0.00014856905445702196,0.011202662972164809,0.04514927142434183,0.09241199576374837,28,28,1,False,False,0.019240446433974767,0.00010781810552573412,5.446576496705158e-05,0.00037112132907347997,0.0028388314314855556,38,38,1,False,False
14,step,step_r_15_eta_0.1,42014,40,0.11499999999999864,2.951310883216051e-18,0.040384615384614964,0.162759155202479,0.541237113402063,15,15,1,False,False,0.13446079568719044,0.00014631273994033468,0.01323559240509213,0.05334243790465346,0.10918185366364885,28,28,1,False,False,0.01924384940535757,0.00010522818962864363,5.7868736349855204e-05,0.000394308651663167,0.0030161990334605093,38,38,1,False,False
14,step,step_r_15_eta_0.1,42014,41,0.11769230769230628,1.967540588810701e-18,0.043076923076922596,0.1736097655493108,0.5773195876288668,15,15,1,False,False,0.1366832156000969,0.0001430876168995891,0.015458012317998607,0.06229929397682063,0.12751483931956686,28,28,1,False,False,0.019308393865560464,0.0001019893457354837,0.00012241319655274807,0.0008341046569027614,0.006380346080015142,38,38,1,False,False
14,step,step_r_15_eta_0.1,42014,42,0.12052631578947225,2.951310883216051e-18,0.045910931174088565,0.18503146065123915,0.6153011394465555,15,15,1,False,False,0.13914100502119112,0.00013730444238198213,0.01791580173909281,0.07220474252531113,0.14778941386801936,28,28,1,False,False,0.019462921872505718,9.67589264192193e-05,0.00027694120349800247,0.0018870346827876661,0.014434560749107872,38,38,1,False,False
14,step,step_r_15_eta_0.1,42014,43,0.12351351351351197,1.967540588810701e-18,0.04889812889812829,0.1970705446775958,0.6553357481192534,15,15,1,False,False,0.14174754049740684,0.00013466165675795111,0.020522337215308536,0.08270967139670952,0.1692910109422694,28,28,1,False,False,0.019639838718500013,9.439203903402338e-05,0.0004538580494922971,0.0030925188077349534,0.023655712852116206,38,38,1,False,False
14,step,step_r_15_eta_0.1,42014,44,0.12666666666666518,1.967540588810701e-18,0.0520512820512815,0.2097784667054173,0.6975945017182144,15,15,1,False,False,0.14462094877044623,0.0001313432926887236,0.023395745488347927,0.09429015813943756,0.1929940709928497,28,28,1,False,False,0.01991825403419013,9.157749340848976e-05,0.0007322733651824141,0.004989597863832568,0.038167106379154214,38,38,1,False,False
14,step,step_r_15_eta_0.1,42014,45,0.12999999999999853,1.967540588810701e-18,0.05538461538461485,0.22321255570625706,0.7422680412371156,15,15,1,False,False,0.14767718706743543,0.00012914602794128257,0.026451983785337127,0.10660749132629581,0.2182053159670252,28,28,1,False,False,0.02022379798828487,8.940138556387637e-05,0.0010378173192771532,0.00707152728137774,0.05409248227553998,38,38,1,False,False
14,step,step_r_15_eta_0.1,42014,46,0.13352941176470431,1.967540588810701e-18,0.05891402714932063,0.23743688523655748,0.7895694360218328,15,15,1,False,False,0.1509779276420996,0.00012640799893895975,0.0297527243600013,0.11991022412091214,0.24543348705107904,28,28,1,False,False,0.02059145996256374,8.697102420690116e-05,0.0014054792935560244,0.009576719315799663,0.07325553578954569,38,38,1,False,False
14,step,step_r_15_eta_0.1,42014,47,0.13727272727272566,1.967540588810701e-18,0.06265734265734198,0.2525232953444521,0.8397375820056245,15,15,1,False,False,0.15454605843007557,0.0001230873693413993,0.033320855147977266,0.13429060009260368,0.2748673893368332,28,28,1,False,False,0.021029526390838927,8.385403885763024e-05,0.0018435457218312114,0.012561636450118955,0.09608816737781889,38,38,1,False,False
14,step,step_r_15_eta_0.1,42014,48,0.1412499999999983,0.0,0.06663461538461461,0.26855260608409,0.8930412371134029,15,15,1,False,False,0.15837195504044133,0.00012002211590173199,0.03714675175834302,0.14970983076410296,0.3064276301677986,28,28,1,False,False,0.021521454888201515,8.122688611286379e-05,0.002335474219193799,0.015913561422819956,0.12172816492859462,38,38,1,False,False
14,step,step_r_15_eta_0.1,42014,49,0.1454838709677402,0.0,0.07086848635235653,0.2856160659037048,0.9497838377120065,15,15,1,False,False,0.16244912232409148,0.00011640793073746943,0.04122391904199317,0.16614173921206327,0.3400606303465019,28,28,1,False,False,0.022045278088188694,7.815396142795401e-05,0.0028592974191809784,0.019482811984092095,0.14903055874541637,38,38,1,False,False
14,step,step_r_15_eta_0.1,42014,50,0.14999999999999816,1.967540588810701e-18,0.07538461538461448,0.3038170897112936,1.0103092783505159,15,15,1,False,False,0.16683981257698044,0.00011310286130861214,0.04561460929488213,0.18383721630179212,0.3762799158912047,28,28,1,False,False,0.02263305219867354,7.502507665562704e-05,0.0034470715296658246,0.023487814194381017,0.1796661629725338,38,38,1,False,False
14,step,step_r_15_eta_0.1,42014,51,0.15482758620689485,3.935081177621402e-18,0.08021220159151117,0.3232733565400965,1.0750088873089259,15,15,1,False,False,0.17161675808085533,0.00010957120848330022,0.050391554798757024,0.20308938961715692,0.41568546337260304,28,28,1,False,False,0.023317490903917465,7.19232880155764e-05,0.004131510234909749,0.02815147405692251,0.21534006033810038,38,38,1,False,False
14,step,step_r_15_eta_0.1,42014,52,0.15999999999999812,1.967540588810701e-18,0.08538461538461443,0.34411935671381244,1.1443298969072182,15,15,1,False,False,0.1767531593323549,0.00010856042100257486,0.05552795605025658,0.22379025108415768,0.4580562007476259,28,28,1,False,False,0.024063279668113235,7.076124146058587e-05,0.004877298999105519,0.033233163766850135,0.2542116081136325,38,38,1,False,False
14,step,step_r_15_eta_0.1,42014,53,0.16555555555555362,1.967540588810701e-18,0.09094017094016994,0.36650950504854507,1.2187857961053856,15,15,1,False,False,0.18230802155561152,0.00010772277754248123,0.06108281827351321,0.2461776051325471,0.503878868582879,28,28,1,False,False,0.024890152719966387,6.962512839971028e-05,0.005704172050958672,0.038867349317432666,0.2973093817494026,38,38,1,False,False
14,step,step_r_15_eta_0.1,42014,54,0.17153846153845947,1.967540588810701e-18,0.0969230769230758,0.3906219724859491,1.2989690721649496,15,15,1,False,False,0.18836933483493873,0.00010859608884046453,0.06714413155284042,0.27060607174948303,0.5538793067361745,28,28,1,False,False,0.025831411165934005,6.982758182739238e-05,0.006645430496926289,0.04528093931622288,0.34636908123550114,38,38,1,False,False
14,step,step_r_15_eta_0.1,42014,55,0.177999999999998,0.0,0.10338461538461431,0.4166634373183462,1.3855670103092814,15,15,1,False,False,0.1949131838959427,0.00010702059766597327,0.07368798061384439,0.2969792669575595,0.6078602354855867,28,28,1,False,False,0.02684374982945575,6.83184492304018e-05,0.007657769160448035,0.05217885896365529,0.39913358053248205,38,38,1,False,False
14,step,step_r_15_eta_0.1,42014,56,0.18499999999999786,1.967540588810701e-18,0.11038461538461418,0.444875024220109,1.4793814432989714,15,15,1,False,False,0.20203863861762897,0.00010679274691467051,0.08081343533553066,0.3256964648283354,0.6666388931307705,28,28,1,False,False,0.027962590196802344,6.761878492683702e-05,0.008776609527794629,0.05980246480857299,0.4574490967757525,38,38,1,False,False
14,step,step_r_15_eta_0.1,42014,57,0.1926086956521717,0.0,0.11799331103678802,0.47553979259159057,1.5813536530703747,15,15,1,False,False,0.2097956986358355,0.00010488144044213521,0.08857049535373719,0.35695917522916776,0.7306277321525982,28,28,1,False,False,0.02918459461297025,6.577755953723323e-05,0.009998613943962533,0.0681290145841291,0.5211416667438795,38,38,1,False,False
14,step,step_r_15_eta_0.1,42014,58,0.2009090909090885,5.902621766432102e-18,0.12629370629370484,0.508992267178661,1.692596063730086,15,15,1,False,False,0.21831879605558555,0.00010552735030720086,0.09709359277348724,0.3913091900190924,0.8009356977322994,28,28,1,False,False,0.03055600329894767,6.566903839870652e-05,0.011370022629939955,0.07747358203031743,0.5926213950745112,38,38,1,False,False
14,step,step_r_15_eta_0.1,42014,59,0.20999999999999758,1.967540588810701e-18,0.13538461538461388,0.5456306917264053,1.8144329896907245,15,15,1,False,False,0.22767995015025252,0.00010549173380102913,0.10645474686815422,0.4290367631965916,0.87815688475628,28,28,1,False,False,0.03207659508286264,6.540176566045942e-05,0.012890614413854924,0.08783466011608596,0.6718767539820323,38,38,1,False,False
14,step,step_r_15_eta_0.1,42014,60,0.2199999999999975,0.0,0.14538461538461384,0.5859329587289241,1.948453608247426,15,15,1,False,False,0.23800814587672367,0.00010618607028545136,0.11678294259462536,0.4706617333788431,0.9633553042832559,28,28,1,False,False,0.033764588550510934,6.515548431221405e-05,0.014578607881503218,0.09933638747748354,0.7598573215000124,38,38,1,False,False
14,step,step_r_15_eta_0.1,42014,61,0.23105263157894476,1.967540588810701e-18,0.1564372469635611,0.6304775696264447,2.096581660336412,15,15,1,False,False,0.24944694625660854,0.00010415282685092548,0.12822174297451022,0.5167626920887065,1.0577152234270177,28,28,1,False,False,0.03564312820620476,6.309393979929055e-05,0.016457147537197042,0.11213646720022445,0.8577694213870066,38,38,1,False,False
14,step,step_r_15_eta_0.1,42014,62,0.24333333333333054,3.935081177621402e-18,0.16871794871794688,0.6799715817348008,2.2611683848797286,15,15,1,False,False,0.2621593262868627,0.00010242999383323445,0.14093412300476443,0.5679964655103861,1.162581040815434,28,28,1,False,False,0.0377303532538008,6.152087168412837e-05,0.018544372584793085,0.12635849702405774,0.9665584941794996,38,38,1,False,False
14,step,step_r_15_eta_0.1,42014,63,0.2570588235294089,0.0,0.1824434389140252,0.7352884187970813,2.4451182534869664,15,15,1,False,False,0.27643742612320354,0.00010533899072386795,0.15521222284110525,0.625540444699669,1.2803626526401204,28,28,1,False,False,0.040104485874638024,6.296325396976385e-05,0.02091850520563031,0.1425354708382476,1.0903015887752479,38,38,1,False,False
14,step,step_r_15_eta_0.1,42014,64,0.27249999999999686,3.935081177621402e-18,0.19788461538461316,0.7975198604921464,2.6520618556701065,15,15,1,False,False,0.2925196790318779,0.00010818903901161001,0.17129447574977963,0.6903555697724121,1.413026921069929,28,28,1,False,False,0.04278861096415834,6.419132642227789e-05,0.023602630295150626,0.16082468556285223,1.2302019220355724,38,38,1,False,False
14,step,step_r_15_eta_0.1,42014,65,0.28999999999999665,3.935081177621402e-18,0.21538461538461295,0.8680488277465538,2.886597938144334,15,15,1,False,False,0.31078719565158125,0.00011044998172153534,0.18956199236948296,0.7639778030004356,1.5637176695704178,28,28,1,False,False,0.04585398793455269,6.513056398093688e-05,0.026668007265544975,0.1817116918511543,1.389973633645083,38,38,1,False,False
14,step,step_r_15_eta_0.1,42014,66,0.3099999999999965,0.0,0.2353846153846128,0.9486533617515913,3.1546391752577367,15,15,1,False,False,0.33166128507902753,0.00011338604403635288,0.21043608179692924,0.8481051155543754,1.7359103230970203,28,28,1,False,False,0.049349745463424244,6.61653962777058e-05,0.030163764794416528,0.20553124494139824,1.5721773786180187,38,38,1,False,False
14,step,step_r_15_eta_0.1,42014,67,0.33307692307691944,3.935081177621402e-18,0.25846153846153574,1.0416585932958653,3.463917525773203,15,15,1,False,False,0.35580858284710487,0.00011763302488371738,0.23458337956500658,0.9454241997582136,1.9351040312889145,28,28,1,False,False,0.053421108556475784,6.839622776934295e-05,0.03423512788746807,0.2332728856426359,1.7843824862583206,38,38,1,False,False
14,step,step_r_15_eta_0.1,42014,68,0.35999999999999593,3.935081177621402e-18,0.28538461538461224,1.150164696764184,3.824742268041243,15,15,1,False,False,0.3839893778628176,0.00012244726429133266,0.2627641745807193,1.0589991922648645,2.1675705007419235,28,28,1,False,False,0.058172204219786236,7.067079845651095e-05,0.03898622355077852,0.2656461193278631,2.032016200962578,38,38,1,False,False
14,step,step_r_15_eta_0.1,42014,69,0.3918181818181775,0.0,0.3172027972027938,1.278399182681289,4.251171508903476,15,15,1,False,False,0.41733612577075085,0.00012591683773325788,0.29611092248865256,1.193394146049986,2.44265148229601,28,28,1,False,False,0.06380422630403955,7.221425815230682e-05,0.044618245635031833,0.3040218498907901,2.3255650260873244,38,38,1,False,False
14,step,step_r_15_eta_0.1,42014,70,0.42999999999999533,3.935081177621402e-18,0.35538461538461164,1.432280565781815,4.762886597938154,15,15,1,False,False,0.4573471642333598,0.0001335569303289745,0.3361219609512615,1.354647701566798,2.7727069276929615,28,28,1,False,False,0.07055794112087277,7.58927161278797e-05,0.051371960451865054,0.3500406218757727,2.677578036698917,38,38,1,False,False
14,step,step_r_15_eta_0.1,42014,71,0.4766666666666613,7.870162355242804e-18,0.4020512820512776,1.6203578117935675,5.3883161512027575,15,15,1,False,False,0.5063458552254206,0.00014190442865277768,0.38512065194332235,1.5521235342803934,3.1769025047301716,28,28,1,False,False,0.07886542522587268,8.007771960059649e-05,0.05967944455686497,0.40664653834769693,3.110575663889249,38,38,1,False,False
14,step,step_r_15_eta_0.1,42014,72,0.534999999999994,7.870162355242804e-18,0.46038461538461034,1.8554543693082595,6.170103092783515,15,15,1,False,False,0.5676215536637169,0.00015303678916264393,0.4463963503816186,1.7990784902029984,3.6823724629508563,28,28,1,False,False,0.08925673351227285,8.565422112737955e-05,0.07007075284326514,0.4774513116652846,3.6521851059953736,38,38,1,False,False
14,step,step_r_15_eta_0.1,42014,73,0.6099999999999933,0.0,0.5353846153846097,2.1577213718271495,7.1752577319587765,15,15,1,False,False,0.6464104554812249,0.00017098260188599693,0.5251852521991266,2.116615625991444,4.332310757004787,28,28,1,False,False,0.10261789483018674,9.509293777885921e-05,0.08343191416117902,0.5684922058722974,4.348587419143588,38,38,1,False,False
14,step,step_r_15_eta_0.1,42014,74,0.7099999999999921,1.5740324710485608e-17,0.6353846153846084,2.5607440418523346,8.515463917525786,15,15,1,False,False,0.7514780365920736,0.000193029304310949,0.6302528333099753,2.5400617967152677,5.199024759260161,28,28,1,False,False,0.12043439993190524,0.00010688244851296486,0.10124841926289753,0.6898911260342397,5.277208447647936,38,38,1,False,False
14,step,step_r_15_eta_0.1,42014,75,0.8499999999999908,0.0,0.7753846153846071,3.124975779887596,10.391752577319606,15,15,1,False,False,0.8986582942574783,0.0002275932207629413,0.77743309097538,3.133231600908335,6.413130850077823,28,28,1,False,False,0.14542582915965774,0.00012540841165577075,0.12623984849065,0.8601788735038663,6.579796501857888,38,38,1,False,False
14,step,step_r_15_eta_0.1,42014,76,1.0599999999999883,1.5740324710485608e-17,0.9853846153846046,3.9713233869404854,13.20618556701033,15,15,1,False,False,1.1195045704209874,0.0002821683947575011,0.9982793671388891,4.023292159753712,8.234916008479138,28,28,1,False,False,0.18293863619056208,0.0001552232564183298,0.16375265552155438,1.115785359725221,8.53501618429513,38,38,1,False,False
15,step,step_r_25_eta_0.001,42015,0,0.31250593750000005,3.935081177621402e-18,0.3124973011363637,0.9999723641614446,36183.89802631541,25,25,1,False,False,0.3125059375000001,0.0,0.312496445705128,0.9999696268334994,32922.79804992491,29,29,1,False,False,0.2950143494622575,0.0,0.29501372423993033,0.999997880705368,471854.1092078711,30,30,1,False,False
15,step,step_r_25_eta_0.001,42015,1,0.30380348101265825,3.935081177621402e-18,0.3037948446490219,0.9721250325012524,35176.245169886366,25,25,1,False,False,0.30380348153824216,1.1764836563767845e-11,0.3037939897433701,0.9721222968551436,32005.9581814879,29,29,1,False,False,0.28740893066358586,1.5711792490610934e-06,0.28740830544125867,0.9742180540205488,459689.76627214573,30,30,1,False,False
15,step,step_r_25_eta_0.001,42015,2,0.29487788461538456,3.935081177621402e-18,0.2948692482517482,0.9435636666959268,34142.75506072838,25,25,1,False,False,0.2948778857258825,1.9091224907520094e-11,0.29486839393101044,0.9435609329215076,31065.609603306457,29,29,1,False,False,0.27955622617293185,2.0406811314795393e-06,0.27955560095060467,0.9476000115254375,447129.9069237152,30,30,1,False,False
15,step,step_r_25_eta_0.001,42015,3,0.2857204545454546,0.0,0.28571181818181823,0.9142604472333208,33082.42105263123,25,25,1,False,False,0.2857204563048299,2.6089104207939283e-11,0.2857109645099578,0.9142577155352695,30100.836391868907,29,29,1,False,False,0.2714454940050204,2.4123302861979644e-06,0.2714448687826932,0.9201073414817754,434157.35009784705,30,30,1,False,False
15,step,step_r_25_eta_0.001,42015,4,0.2763220394736842,0.0,0.2763134031100479,0.8841860904164351,31994.1835180052,25,25,1,False,False,0.2763220419649574,2.9982373455012367e-11,0.2763125501700853,0.8841833610604126,29110.67441865686,29,29,1,False,False,0.2630702421805607,2.6026222056283064e-06,0.2630696169582335,0.891718038250506,420761.71232132113,30,30,1,False,False
15,step,step_r_25_eta_0.001,42015,5,0.266673,0.0,0.26666436363636364,0.8533097507510993,30876.926315789144,25,25,1,False,False,0.2666730033641768,3.9175313172980407e-11,0.26666351156930473,0.8533070241883153,28094.10813895848,29,29,1,False,False,0.25441891637393593,2.824909802561524e-06,0.25441829115160874,0.8623929365312367,406924.51324704336,30,30,1,False,False
15,step,step_r_25_eta_0.001,42015,6,0.25676317567567564,3.935081177621402e-18,0.2567545393120393,0.8215989154191327,29729.47297297265,25,25,1,False,False,0.25676318002176496,4.847679698507625e-11,0.2567536882268929,0.8215961919984089,27050.067103942947,29,29,1,False,False,0.2454769458138855,3.0104089673694555e-06,0.24547632059155833,0.8320826462814589,392622.44793111214,30,30,1,False,False
15,step,step_r_25_eta_0.001,42015,7,0.24658184931506846,1.967540588810701e-18,0.24657321295143209,0.789019290078071,28550.582552270782,25,25,1,False,False,0.24658185476869168,5.92153649549546e-11,0.2465723629738196,0.7890165702013886,25977.422215354916,29,29,1,False,False,0.23623289019445345,2.948427819236609e-06,0.2362322649721263,0.8007483886893052,377837.2183930189,30,30,1,False,False
15,step,step_r_25_eta_0.001,42015,8,0.23611770833333331,1.967540588810701e-18,0.23610907196969694,0.7555346751442024,27338.945175438304,25,25,1,False,False,0.2361177150315663,6.909437546400611e-11,0.23610822323669423,0.7555319592501956,24874.981646617533,29,29,1,False,False,0.22667754343938828,2.9821585150041877e-06,0.22667691821706112,0.7683589582345414,362554.1001486056,30,30,1,False,False
15,step,step_r_25_eta_0.001,42015,9,0.2253588028169014,0.0,0.22535016645326503,0.7211068316206471,26093.177168272516,25,25,1,False,False,0.2253588109942047,8.320200214243033e-11,0.22534931919933263,0.7211041204595754,23741.486434979783,29,29,1,False,False,0.21679982062292083,3.062563762236279e-06,0.21679919540059367,0.7348767807253042,346755.3636234671,30,30,1,False,False
15,step,step_r_25_eta_0.001,42015,10,0.2142925,0.0,0.21428386363636362,0.6856953354249904,24811.815789473418,25,25,1,False,False,0.2142925099356653,1.1601351510493183e-10,0.2142830181407932,0.6856926298905701,22575.60567083903,29,29,1,False,False,0.20658339195522388,3.1101761405114386e-06,0.20658276673289672,0.7002465036343114,330414.8904447979,30,30,1,False,False
15,step,step_r_25_eta_0.001,42015,11,0.2029054347826087,0.0,0.20289679841897232,0.6492574190497493,23493.313501143915,25,25,1,False,False,0.20290544680382003,1.4610759122694136e-10,0.20289595500894794,0.6492547201889496,21375.93129046148,29,29,1,False,False,0.19601423893742265,2.8749304577297554e-06,0.19601361371509549,0.6644206089377777,313510.2589902953,30,30,1,False,False
15,step,step_r_25_eta_0.001,42015,12,0.1911834558823529,0.0,0.1911748195187165,0.611747799251707,22136.031733745887,25,25,1,False,False,0.1911834704106448,1.8685453733828066e-10,0.1911739786157727,0.6117451084134126,20140.972407432615,29,29,1,False,False,0.18507174901504256,2.846160549255206e-06,0.1850711237927154,0.627329226968305,296008.5009004189,30,30,1,False,False
15,step,step_r_25_eta_0.001,42015,13,0.17911156716417906,1.967540588810701e-18,0.17910293080054268,0.5731184893104396,20738.234092694198,25,25,1,False,False,0.17911158492150425,2.5666517565461674e-10,0.17910209312663217,0.5731158088048555,18869.149148310436,29,29,1,False,False,0.17374671898057334,2.6085334478384394e-06,0.17374609375824618,0.5889411619297328,277894.89627936453,30,30,1,False,False
15,step,step_r_25_eta_0.001,42015,14,0.1666738636363636,0.0,0.16666522727272723,0.5333185942194368,19298.078947368213,25,25,1,False,False,0.16667388535054836,3.5654376035859106e-10,0.16666439355567628,0.5333159263755628,17558.785856797647,29,29,1,False,False,0.16201542700811727,2.5499058502520857e-06,0.1620148017857901,0.5491760047641933,259131.50370235075,30,30,1,False,False
15,step,step_r_25_eta_0.001,42015,15,0.1538534615384615,0.0,0.15384482517482512,0.49229408697178784,17813.611336032194,25,25,1,False,False,0.1538534879711968,4.410245873811082e-10,0.15384399617632472,0.4922914342269886,16208.103762197263,29,29,1,False,False,0.14986183638018666,2.549622233038193e-06,0.1498612111578595,0.50797939636164,239692.67354557008,30,30,1,False,False
15,step,step_r_25_eta_0.001,42015,16,0.14063242187499997,1.967540588810701e-18,0.1406237855113636,0.4499875638726498,16282.754111841929,25,25,1,False,False,0.14063245528599577,8.178020222259366e-10,0.1406229634911237,0.44998493345785995,14815.213074675477,29,29,1,False,False,0.13726279444221812,2.506624473764609e-06,0.13726216921989096,0.46527285696471354,219541.3747345431,30,30,1,False,False
15,step,step_r_25_eta_0.001,42015,17,0.1269916666666666,0.0,0.12698303030303024,0.4063379765481423,14703.298245613872,25,25,1,False,False,0.1269917091758441,1.3798444888273896e-09,0.126982217380972,0.4063353752469806,13378.103835172045,29,29,1,False,False,0.12420217211547284,2.3916394466273162e-06,0.12420154689314568,0.42100171438960915,198651.80992000995,30,30,1,False,False
15,step,step_r_25_eta_0.001,42015,18,0.1129108870967741,0.0,0.11290225073313774,0.36128033801961834,13072.892190152652,25,25,1,False,False,0.112910943541403,2.117666351060897e-09,0.11290145174653092,0.3612777813110539,11894.636711810073,29,29,1,False,False,0.11065543800698284,2.1102071617708713e-06,0.11065481278465568,0.37508281541678784,176984.74283048417,30,30,1,False,False
15,step,step_r_25_eta_0.001,42015,19,0.09836844262295077,1.967540588810701e-18,0.09835980625931441,0.31474539986720856,11389.03019844681,25,25,1,False,False,0.09836851937671233,3.3089955061823643e-09,0.09835902758184024,0.31474290814663386,10362.531945465838,29,29,1,False,False,0.0965996567823973,1.9020651694626781e-06,0.09659903156007014,0.3274384169317448,154503.48998018086,30,30,1,False,False
15,step,step_r_25_eta_0.001,42015,20,0.0833412499999999,0.0,0.08333261363636353,0.2666592971097182,9649.039473684095,25,25,1,False,False,0.08334136117579678,5.353115844294652e-09,0.0833318693809247,0.2666569155375637,8779.358435774631,29,29,1,False,False,0.08200680385959223,1.7201822137784303e-06,0.08200617863726507,0.2779735249717285,131163.22798243182,30,30,1,False,False
15,step,step_r_25_eta_0.001,42015,21,0.06780466101694911,9.837702944053505e-19,0.06779602465331275,0.2169431569706183,7850.066012488761,25,25,1,False,False,0.06780484100393708,1.2837133911007344e-08,0.06779534920906499,0.2169409955900917,7142.521527557828,29,29,1,False,False,0.06685218659522012,1.41311841391602e-06,0.06685156137289296,0.22660443973233096,106924.46265688745,30,30,1,False,False
15,step,step_r_25_eta_0.001,42015,22,0.051732327586206814,9.837702944053505e-19,0.05172369122257045,0.16551266717154917,5989.058983665988,25,25,1,False,False,0.05173276844552153,7.346043607506698e-08,0.051723276650649436,0.16551134056660738,5449.261951787325,29,29,1,False,False,0.05110750886547242,1.10572205970311e-06,0.05110688364314526,0.17323524681528613,81741.93630467933,30,30,1,False,False
15,step,step_r_25_eta_0.001,42015,23,0.035096052631578896,4.918851472026753e-19,0.03508741626794253,0.11227759878303921,4062.7534626038287,25,25,1,False,False,0.03509923325216284,1.4380891305992036e-06,0.03508974145729075,0.11228503924758465,3696.8499562153693,29,29,1,False,False,0.034741879551889815,1.5207329643704455e-06,0.034741254329562654,0.11776123565815654,55566.24071193329,30,30,1,False,False
15,step,step_r_25_eta_0.001,42015,24,0.017865625,0.0,0.017856988636363636,0.057141277952082535,2067.6513157894515,25,25,1,False,False,0.017909057558460194,2.250396377470213e-05,0.017899565763588105,0.057277522170560674,1885.793572743636,29,29,1,False,False,0.01775691661742887,2.2078071021374634e-05,0.01775629139510171,0.06018789061436264,28399.963698831478,30,30,1,False,False
15,step,step_r_25_eta_0.001,42015,25,8.636363636363728e-06,0.0,0.0,0.0,0.0,25,25,1,False,False,0.00131729925554511,0.0002346178507773297,0.0013078074606730202,0.004184904360970804,137.78294603885283,29,29,1,False,False,0.0012959351810197378,0.00023265824813549824,0.0012953099586925758,0.004390667643976044,2071.7589606437828,30,30,1,False,False
15,step,step_r_25_eta_0.001,42015,26,8.77777777777787e-06,1.2008914726627814e-22,1.4141414141414107e-07,4.525166547088119e-07,0.016374269005847708,25,25,1,False,False,0.00021685340566831587,8.972745694280051e-05,0.00020736161079622597,0.000663544547201526,21.84640666919191,29,29,1,False,False,0.00020597751499757373,8.89697594886114e-05,0.00020535229267041165,0.00069607560799914,328.44683202936943,30,30,1,False,False
15,step,step_r_25_eta_0.001,42015,27,8.924528301886885e-06,1.2008914726627814e-22,2.8816466552315644e-07,9.221094095953181e-07,0.03336643495531244,25,25,1,False,False,1.4342104679290287e-05,3.0579296297655024e-06,4.850309807200404e-06,1.552069648980798e-05,0.5110002768246165,29,29,1,False,False,5.512850685956114e-06,3.004559280997823e-06,4.8876283587940444e-06,1.656742584793944e-05,7.817424532772771,30,30,1,False,False
15,step,step_r_25_eta_0.001,42015,28,9.076923076923172e-06,0.0,4.40559440559444e-07,1.409763424285159e-06,0.0510121457489876,25,25,1,False,False,9.572913363828413e-06,4.5159234094277675e-08,8.111849173853079e-08,2.5957424165270704e-07,0.008546169911136214,29,29,1,False,False,8.120084773330074e-07,3.86062010846386e-08,1.8678615017093803e-07,6.331425929328715e-07,0.29875156733249475,30,30,1,False,False
15,step,step_r_25_eta_0.001,42015,29,9.235294117647154e-06,1.2008914726627814e-22,5.989304812834251e-07,1.9165411258255693e-06,0.06934984520123799,25,25,1,False,False,9.491794872089882e-06,1.8419403623720784e-08,0.0,0.0,0.0,29,29,1,False,False,6.538154469197176e-07,1.4681218448454739e-08,2.8593119757648265e-08,9.69211152263165e-08,0.04573272340966228,30,30,1,False,False
15,step,step_r_25_eta_0.001,42015,30,9.400000000000096e-06,1.2008914726627814e-22,7.636363636363679e-07,2.4435899354276036e-06,0.08842105263157851,25,25,1,False,False,9.571759749223219e-06,8.084553887901944e-09,7.996487713333616e-08,2.558827450545196e-07,0.008424631822635531,29,29,1,False,False,6.252223271620693e-07,5.644640671827304e-09,0.0,0.0,0.0,30,30,1,False,False
15,step,step_r_25_eta_0.001,42015,31,9.57142857142867e-06,1.2008914726627814e-22,9.350649350649413e-07,2.9921509413399263e-06,0.10827067669172896,25,25,1,False,False,9.694087224159733e-06,3.857693090816414e-09,2.0229235206985052e-07,6.473232274821992e-07,0.02131233921464948,29,29,1,False,False,6.258198316480968e-07,2.2148130633922707e-09,5.975044860274957e-10,2.0253404185816973e-09,0.0009556672243928865,30,30,1,False,False
15,step,step_r_25_eta_0.001,42015,32,9.7500000000001e-06,0.0,1.1136363636363713e-06,3.563568655831927e-06,0.12894736842105203,25,25,1,False,False,9.849355162225108e-06,3.0731421471347418e-09,3.5756029013522577e-07,1.1441711891801277e-06,0.03767046116710904,29,29,1,False,False,6.454450199538727e-07,1.6881728061228333e-09,2.022269279180341e-08,6.854816665245155e-08,0.03234480266179185,30,30,1,False,False
15,step,step_r_25_eta_0.001,42015,33,9.936170212766061e-06,1.2008914726627814e-22,1.299806576402333e-06,4.159302017749128e-06,0.15050391937290009,25,25,1,False,False,1.00187320765085e-05,2.2421665552543307e-09,5.269372044186179e-07,1.6861670169662544e-06,0.055515022345041354,29,29,1,False,False,6.701743769495905e-07,1.1566556069779958e-09,4.4952049787521164e-08,1.5237241805172625e-07,0.07189770396006478,30,30,1,False,False
15,step,step_r_25_eta_0.001,42015,34,1.01304347826088e-05,0.0,1.494071146245072e-06,4.780936830184456e-06,0.17299771167048017,25,25,1,False,False,1.0201622632374376e-05,1.4935139691566886e-09,7.098277602844932e-07,2.2714056762025296e-06,0.07478330177274528,29,29,1,False,False,6.9884580571335e-07,6.348554671520611e-10,7.362347855128066e-08,2.4955897462438393e-07,0.11775567722519309,30,30,1,False,False
15,step,step_r_25_eta_0.001,42015,35,1.033333333333344e-05,0.0,1.6969696969697115e-06,5.430199856505802e-06,0.19649122807017494,25,25,1,False,False,1.039625529345874e-05,1.0536083635072203e-09,9.044604213688573e-07,2.894218358231536e-06,0.09528866073880038,29,29,1,False,False,7.30541280535446e-07,3.840884802154168e-10,1.0531895337337668e-07,3.5699603617704905e-07,0.16845040363709862,30,30,1,False,False
15,step,step_r_25_eta_0.001,42015,36,1.054545454545465e-05,2.401782945325563e-22,1.9090909090909222e-06,6.108974838569017e-06,0.2210526315789465,25,25,1,False,False,1.0602342498049678e-05,8.958840311767932e-10,1.1105476259597951e-06,3.553684883058565e-06,0.1170008034228911,29,29,1,False,False,7.64728696046495e-07,3.063705928717043e-10,1.3950636888442566e-07,4.728799434288986e-07,0.22313081734885487,30,30,1,False,False
15,step,step_r_25_eta_0.001,42015,37,1.0767441860465225e-05,1.2008914726627814e-22,2.131078224101496e-06,6.819320750030536e-06,0.2467564259485917,25,25,1,False,False,1.0819290919193953e-05,6.388627534284523e-10,1.3274960471040709e-06,4.247906640506856e-06,0.13985722036698278,29,29,1,False,False,8.007980632818501e-07,1.7252692959766516e-10,1.7557573611978076e-07,5.951430377532973e-07,0.2808212830733863,30,30,1,False,False
15,step,step_r_25_eta_0.001,42015,38,1.100000000000011e-05,1.2008914726627814e-22,2.3636363636363814e-06,7.563492657275931e-06,0.27368421052631486,25,25,1,False,False,1.1048190651750748e-05,5.390210695076064e-10,1.5563957796608654e-06,4.980371867849278e-06,0.16397275759059693,29,29,1,False,False,8.390906218172831e-07,1.3472317732495632e-10,2.1386829465521381e-07,7.249420072109913e-07,0.34206758998191567,30,30,1,False,False
15,step,step_r_25_eta_0.001,42015,39,1.1243902439024506e-05,1.2008914726627814e-22,2.607538802660778e-06,8.343965633167458e-06,0.30192554557124485,25,25,1,False,False,1.1289334414633184e-05,5.037527530702568e-10,1.7975395425433011e-06,5.752017247810853e-06,0.18937825424660937,29,29,1,False,False,8.794873915231276e-07,1.2522996884636505e-10,2.542650643610582e-07,8.61873548946091e-07,0.4066794375613332,30,30,1,False,False
15,step,step_r_25_eta_0.001,42015,40,1.1500000000000115e-05,0.0,2.8636363636363867e-06,9.163462257853537e-06,0.3315789473684201,25,25,1,False,False,1.1543169602931337e-05,4.715822966024237e-10,2.0513747308414544e-06,6.56427441747872e-06,0.2161208452653578,29,29,1,False,False,9.21953478731235e-07,1.1552743369950832e-10,2.9673115156916567e-07,1.0058193850910557e-06,0.4746010157955338,30,30,1,False,False
15,step,step_r_25_eta_0.001,42015,41,1.1769230769230889e-05,0.0,3.13286713286716e-06,1.0024984350472251e-05,0.3627530364372462,25,25,1,False,False,1.1810168125154956e-05,4.141862299732208e-10,2.3183732530650733e-06,7.4186534553925795e-06,0.2442502481677229,29,29,1,False,False,9.665054694664596e-07,9.489562930849868e-11,3.4128314230439025e-07,1.1568357367242304e-06,0.5458588528875796,30,30,1,False,False
15,step,step_r_25_eta_0.001,42015,42,1.2052631578947489e-05,1.2008914726627814e-22,3.4162679425837605e-06,1.093184971112352e-05,0.3955678670360101,25,25,1,False,False,1.2091925168821126e-05,3.6508419017864924e-10,2.6001302967312432e-06,8.320258864621548e-06,0.27393452258189743,29,29,1,False,False,1.013462021338664e-06,7.9814115035307e-11,3.8823969417659466e-07,1.3160027465927174e-06,0.6209626197113649,30,30,1,False,False
15,step,step_r_25_eta_0.001,42015,43,1.235135135135148e-05,2.401782945325563e-22,3.7149877149877515e-06,1.1887734820999204e-05,0.43015647226173503,25,25,1,False,False,1.2389271677321578e-05,3.509552300836109e-10,2.897476805231695e-06,9.271749613498764e-06,0.30526121184430255,29,29,1,False,False,1.062935398238684e-06,7.495829482383749e-11,4.377130710766147e-07,1.4837009517484953e-06,0.7000918746191085,30,30,1,False,False
15,step,step_r_25_eta_0.001,42015,44,1.2666666666666794e-05,0.0,4.030303030303065e-06,1.2896724659201282e-05,0.4666666666666657,25,25,1,False,False,1.2703362524149795e-05,3.1677958368648876e-10,3.211567652059913e-06,1.0276821226988405e-05,0.33835198667254773,29,29,1,False,False,1.1150730781796594e-06,6.147518571451861e-11,4.8985075101759e-07,1.66043025334352e-06,0.7834824985234596,30,30,1,False,False
15,step,step_r_25_eta_0.001,42015,45,1.300000000000013e-05,0.0,4.363636363636401e-06,1.3963371059586349e-05,0.5052631578947357,25,25,1,False,False,1.3035474404128016e-05,2.8537501422086196e-10,3.5436795320381338e-06,1.1339559050900056e-05,0.3733413521670317,29,29,1,False,False,1.170094834355583e-06,5.375732632651707e-11,5.448725071935138e-07,1.8469356090193223e-06,0.8714860034937182,30,30,1,False,False
15,step,step_r_25_eta_0.001,42015,46,1.3352941176470722e-05,0.0,4.716577540106993e-06,1.5092761365876424e-05,0.5461300309597512,25,25,1,False,False,1.3387333216776131e-05,2.4703473086035945e-10,3.895538344686249e-06,1.2465485858764676e-05,0.41041113900816284,29,29,1,False,False,1.2282695006276697e-06,4.365222551234059e-11,6.030471734656004e-07,2.0441282756747763e-06,0.9645323707534188,30,30,1,False,False
15,step,step_r_25_eta_0.001,42015,47,1.3727272727272863e-05,1.2008914726627814e-22,5.090909090909134e-06,1.6290599569517405e-05,0.589473684210525,25,25,1,False,False,1.3760763144553107e-05,2.22141339553503e-10,4.268968272463225e-06,1.3660438923542766e-05,0.4497535323920556,29,29,1,False,False,1.2898950666307077e-06,3.917827288636366e-11,6.646727394686384e-07,2.2530183385322853e-06,1.0630982141754877,30,30,1,False,False
15,step,step_r_25_eta_0.001,42015,48,1.412500000000014e-05,0.0,5.4886363636364116e-06,1.7563302660885958e-05,0.6355263157894724,25,25,1,False,False,1.4157947127539373e-05,2.154073426134482e-10,4.66615225544949e-06,1.4931403520771469e-05,0.4915985141198176,29,29,1,False,False,1.3553206625454038e-06,3.759273744741671e-11,7.300983353833345e-07,2.4747892321649227e-06,1.1677419434096432,30,30,1,False,False
15,step,step_r_25_eta_0.001,42015,49,1.454838709677434e-05,1.2008914726627814e-22,5.912023460410611e-06,1.8918115629117e-05,0.6845500848896424,25,25,1,False,False,1.4580636525196158e-05,1.965138698556654e-10,5.088841653106275e-06,1.6283983894246085e-05,0.5361305971823878,29,29,1,False,False,1.424814569994092e-06,3.400442126148697e-11,7.995922428320226e-07,2.7103503415664123e-06,1.27889265641141,30,30,1,False,False
15,step,step_r_25_eta_0.001,42015,50,1.5000000000000148e-05,0.0,6.363636363636419e-06,2.0363249461896762e-05,0.7368421052631564,25,25,1,False,False,1.5031837950935174e-05,1.9030684178962e-10,5.5400430788452915e-06,1.772780102408547e-05,0.583666540786242,29,29,1,False,False,1.4988595615896666e-06,3.3018987413124917e-11,8.736372344275972e-07,2.9613381044685944e-06,1.3973225146854586,30,30,1,False,False
15,step,step_r_25_eta_0.001,42015,51,1.5482758620689805e-05,2.401782945325563e-22,6.846394984326076e-06,2.1908047696937197e-05,0.7927404718693267,25,25,1,False,False,1.551425184467117e-05,1.8401348770311138e-10,6.022456972581287e-06,1.927149615383319e-05,0.6344908474887085,29,29,1,False,False,1.5778835975204012e-06,3.213327311855133e-11,9.526612703583319e-07,3.229203162811611e-06,1.5237160110428754,30,30,1,False,False
15,step,step_r_25_eta_0.001,42015,52,1.6000000000000152e-05,2.401782945325563e-22,7.363636363636423e-06,2.3563188663051952e-05,0.8526315789473662,25,25,1,False,False,1.6031273421540806e-05,1.7442007092764336e-10,6.539478549450924e-06,2.0925933765501404e-05,0.688961217301473,29,29,1,False,False,1.66243977799953e-06,3.220726602185925e-11,1.0372174508374606e-06,3.51582034137684e-06,1.6589577911356232,30,30,1,False,False
15,step,step_r_25_eta_0.001,42015,53,1.6555555555555715e-05,2.401782945325563e-22,7.919191919191986e-06,2.534093266369374e-05,0.9169590643274834,25,25,1,False,False,1.6586695707471304e-05,1.694107153323104e-10,7.094900835381422e-06,2.2703251311445625e-05,0.7474772612547285,29,29,1,False,False,1.7531244364309254e-06,3.144668554343329e-11,1.127902109268856e-06,3.8232110110059355e-06,1.8040016491229411,30,30,1,False,False
15,step,step_r_25_eta_0.001,42015,54,1.715384615384632e-05,0.0,8.517482517482592e-06,2.7255426202846435e-05,0.9862348178137632,25,25,1,False,False,1.718495821578723e-05,1.6351640416800918e-10,7.693163343697349e-06,2.4617654964387184e-05,0.8105067005102149,29,29,1,False,False,1.85064062829264e-06,3.083536522792359e-11,1.2254183011305707e-06,4.153758294687099e-06,1.9599720737626813,30,30,1,False,False
15,step,step_r_25_eta_0.001,42015,55,1.780000000000017e-05,2.401782945325563e-22,9.16363636363644e-06,2.9323079225131325e-05,1.0610526315789448,25,25,1,False,False,1.7831187356652832e-05,1.5867021769686867e-10,8.33939248456295e-06,2.668554892517185e-05,0.8785896236637487,29,29,1,False,False,1.955806202557201e-06,3.106946625089973e-11,1.3305838753951316e-06,4.510234426971015e-06,2.128177158091508,30,30,1,False,False
15,step,step_r_25_eta_0.001,42015,56,1.850000000000018e-05,0.0,9.86363636363645e-06,3.156303666593998e-05,1.1421052631578927,25,25,1,False,False,1.8531363654305334e-05,1.585102765525398e-10,9.039568782215452e-06,2.892607050774979e-05,0.9523561037750428,29,29,1,False,False,2.069586930645917e-06,3.121637982539167e-11,1.4443646034838478e-06,4.895913050048542e-06,2.310161586902896,30,30,1,False,False
15,step,step_r_25_eta_0.001,42015,57,1.9260869565217577e-05,0.0,1.0624505928853848e-05,3.399777301464503e-05,1.2302059496567481,25,25,1,False,False,1.929247071062944e-05,1.542131139798706e-10,9.800675838539559e-06,3.136156681355712e-05,1.0325418922987817,29,29,1,False,False,2.1930902182627108e-06,3.115561392973789e-11,1.5678678911006414e-06,5.314547898969998e-06,2.5076965792589503,30,30,1,False,False
15,step,step_r_25_eta_0.001,42015,58,2.0090909090909284e-05,0.0,1.1454545454545555e-05,3.6653849031414174e-05,1.3263157894736817,25,25,1,False,False,2.012273994140673e-05,1.5245519010062674e-10,1.0630945069316846e-05,3.401837787263432e-05,1.1200142030646463,29,29,1,False,False,2.3276335060452436e-06,3.247522974755931e-11,1.7024111788831742e-06,5.770604656981173e-06,2.7228892906153006,30,30,1,False,False
15,step,step_r_25_eta_0.001,42015,59,2.1000000000000195e-05,2.401782945325563e-22,1.2363636363636467e-05,3.956288466882798e-05,1.431578947368418,25,25,1,False,False,2.1032258409726408e-05,1.4982400641255667e-10,1.1540463537636526e-05,3.6928781673585075e-05,1.215835750050883,29,29,1,False,False,2.4748199282497645e-06,3.3218892753669126e-11,1.8495976010876951e-06,6.269517413166787e-06,2.9583038236704633,30,30,1,False,False
15,step,step_r_25_eta_0.001,42015,60,2.200000000000021e-05,0.0,1.3363636363636481e-05,4.27628238699832e-05,1.5473684210526288,25,25,1,False,False,2.203276049973812e-05,1.4725954241024022e-10,1.2540965627648238e-05,4.0130327532251236e-05,1.3212427993491809,29,29,1,False,False,2.636543402446867e-06,3.490124080527855e-11,2.0113210752847975e-06,6.817705914817254e-06,3.2169693689832437,30,30,1,False,False
15,step,step_r_25_eta_0.001,42015,61,2.3105263157894954e-05,2.401782945325563e-22,1.4468899521531225e-05,4.629959877652316e-05,1.675346260387808,25,25,1,False,False,2.313865969175909e-05,1.447985176039119e-10,1.3646864819669207e-05,4.366913770932497e-05,1.437753870956176,29,29,1,False,False,2.815089530058296e-06,3.67006426177775e-11,2.1898672028962267e-06,7.4229175865100965e-06,3.502541588423748,30,30,1,False,False
15,step,step_r_25_eta_0.001,42015,62,2.4333333333333563e-05,0.0,1.5696969696969837e-05,5.022934867267869e-05,1.8175438596491196,25,25,1,False,False,2.436754746633617e-05,1.4191975114906475e-10,1.4875752594246287e-05,4.7601503873014514e-05,1.567222300387848,29,29,1,False,False,3.0132472706925036e-06,3.7759484154190285e-11,2.3880249435304343e-06,8.094606068766648e-06,3.819481230572582,30,30,1,False,False
15,step,step_r_25_eta_0.001,42015,63,2.5705882352941422e-05,2.401782945325563e-22,1.7069518716577695e-05,5.462142208602898e-05,1.9764705882352906,25,25,1,False,False,2.574104201885837e-05,1.441544277913678e-10,1.6249247146768488e-05,5.199660293420339e-05,1.7119256542878452,29,29,1,False,False,3.234491830406052e-06,3.841905429960582e-11,2.6092695032439825e-06,8.844551148105418e-06,4.173346647883883,30,30,1,False,False
15,step,step_r_25_eta_0.001,42015,64,2.7250000000000256e-05,0.0,1.861363636363653e-05,5.956250467604804e-05,2.155263157894733,25,25,1,False,False,2.728627664788541e-05,1.4865232499710468e-10,1.7794481775795527e-05,5.6941259798609494e-05,1.8747225383177266,29,29,1,False,False,3.4831434000241045e-06,4.023725215893176e-11,2.857921072862035e-06,9.687396826870828e-06,4.5710476876831185,30,30,1,False,False
15,step,step_r_25_eta_0.001,42015,65,2.900000000000027e-05,0.0,2.0363636363636544e-05,6.516239827806965e-05,2.357894736842101,25,25,1,False,False,2.9037595585167014e-05,1.53219465915752e-10,1.954580071307713e-05,6.254537391974233e-05,2.0592312598906366,29,29,1,False,False,3.7646976254899614e-06,4.300926292590332e-11,3.139475298327892e-06,1.0641771507217953e-05,5.021374256703538,30,30,1,False,False
15,step,step_r_25_eta_0.001,42015,66,3.100000000000028e-05,4.803565890651126e-22,2.2363636363636552e-05,7.156227668038003e-05,2.58947368421052,25,25,1,False,False,3.1039207414479566e-05,1.597770842133443e-10,2.1547412542389683e-05,6.895041007785548e-05,2.270109376862821,29,29,1,False,False,4.0861852945690166e-06,4.681227827208855e-11,3.4609629674069472e-06,1.1731507208769596e-05,5.535571615166905,30,30,1,False,False
15,step,step_r_25_eta_0.001,42015,67,3.330769230769262e-05,0.0,2.467132867132889e-05,7.8946751759969e-05,2.8566801619433146,25,25,1,False,False,3.334879442389476e-05,1.6765223814835688e-10,2.3856999551804875e-05,7.634094808776191e-05,2.513433957781274,29,29,1,False,False,4.4568220703092425e-06,5.077812523590113e-11,3.831599743147173e-06,1.2987841947794362e-05,6.128379580651077,30,30,1,False,False
15,step,step_r_25_eta_0.001,42015,68,3.600000000000033e-05,0.0,2.7363636363636606e-05,8.756197268615609e-05,3.1684210526315733,25,25,1,False,False,3.604337697086901e-05,1.7426872988318128e-10,2.6551582098779128e-05,8.496344841057338e-05,2.7973194170949314,29,29,1,False,False,4.888914158625905e-06,5.4580668038988465e-11,4.263691831463835e-06,1.4452489647488513e-05,6.819481080941318,30,30,1,False,False
15,step,step_r_25_eta_0.001,42015,69,3.918181818181854e-05,4.803565890651126e-22,3.054545454545481e-05,9.774359741710445e-05,3.5368421052631502,25,25,1,False,False,3.922789448476976e-05,1.8360288739526656e-10,2.9736099612679875e-05,9.51537108400696e-05,3.132821559399402,29,29,1,False,False,5.399219456871026e-06,6.01470842691678e-11,4.773997129708957e-06,1.6182253976495862e-05,7.635679217308962,30,30,1,False,False
15,step,step_r_25_eta_0.001,42015,70,4.30000000000004e-05,4.803565890651126e-22,3.4363636363636675e-05,0.00010996154709424255,3.9789473684210463,25,25,1,False,False,4.304941841827415e-05,1.9168098647755597e-10,3.355762354618427e-05,0.00010738235508304304,3.535434972879436,29,29,1,False,False,6.011177388992449e-06,6.558254036279516e-11,5.3859550618303796e-06,1.8256586744501485e-05,8.61446373208972,30,30,1,False,False
15,step,step_r_25_eta_0.001,42015,71,4.766666666666711e-05,4.803565890651126e-22,3.903030303030338e-05,0.0001248945966996335,4.519298245614028,25,25,1,False,False,4.7720225871660125e-05,2.0324973967443321e-10,3.822843099957024e-05,0.0001223286549541806,4.027523931430388,29,29,1,False,False,6.758713041777157e-06,7.24482525637329e-11,6.133490714615088e-06,2.0790482652098158e-05,9.810095462290125,30,30,1,False,False
15,step,step_r_25_eta_0.001,42015,72,5.3500000000000494e-05,4.803565890651126e-22,4.486363636363677e-05,0.0001435609087063722,5.194736842105255,25,25,1,False,False,5.3558702988620865e-05,2.1340149033745573e-10,4.406690811653098e-05,0.00014101142675579075,4.642631737239432,29,29,1,False,False,7.692547276202814e-06,7.964670184407373e-11,7.067324949040745e-06,2.3955868458340527e-05,11.303698927579664,30,30,1,False,False
15,step,step_r_25_eta_0.001,42015,73,6.100000000000054e-05,9.607131781302251e-22,5.2363636363636814e-05,0.0001675604527150362,6.063157894736829,25,25,1,False,False,6.106552412567316e-05,2.3517074203810046e-10,5.157372925358328e-05,0.00016503279798830465,5.433506512580996,29,29,1,False,False,8.8927100778135e-06,9.216659361350564e-11,8.26748775065143e-06,2.8024019054398997e-05,13.2232765713569,30,30,1,False,False
15,step,step_r_25_eta_0.001,42015,74,7.100000000000064e-05,0.0,6.236363636363691e-05,0.0001995598447265883,7.221052631578933,25,25,1,False,False,7.107473654262601e-05,2.693548360132606e-10,6.158294167053612e-05,0.00019706166917400123,6.488018599265929,29,29,1,False,False,1.0492306913718556e-05,1.0606589120170307e-10,9.867084586556488e-06,3.3446117466970285e-05,15.781721409956546,30,30,1,False,False
15,step,step_r_25_eta_0.001,42015,75,8.500000000000077e-05,0.0,7.636363636363704e-05,0.00024435899354276116,8.842105263157878,25,25,1,False,False,8.508761085980154e-05,3.1642526480448734e-10,7.559581598771166e-05,0.00024190201502239178,7.964333090467129,29,29,1,False,False,1.2730932717029339e-05,1.2886779149612118e-10,1.2105710389867269e-05,4.1034310405352017e-05,19.362249017587057,30,30,1,False,False
15,step,step_r_25_eta_0.001,42015,76,0.00010599999999999999,9.607131781302251e-22,9.736363636363626e-05,0.0003115577167670174,11.273684210526184,25,25,1,False,False,0.000106107127086883,3.8243198221583687e-10,9.661533221479312e-05,0.00030916318898674714,10.17882639867043,29,29,1,False,False,1.6087801281309116e-05,1.644420777213566e-10,1.5462578954147046e-05,5.241297239382331e-05,24.73132881279663,30,30,1,False,False
16,step,step_r_25_eta_0.05,42016,0,0.3273437499999999,3.935081177621402e-18,0.30575284090909105,0.9340420915599921,14.161184210526514,25,25,1,False,False,0.32734374999999993,3.935081177621402e-18,0.28868576069933527,0.8819039944991628,7.46768691082368,41,41,1,False,False,0.26680498554764986,3.935081177621402e-18,0.2601161490909267,0.9749298670600419,38.888101207718115,49,49,1,False,False
16,step,step_r_25_eta_0.05,42016,1,0.31882911392405033,3.935081177621402e-18,0.29723820483314156,0.9080307928076882,13.766822118587793,25,25,1,False,False,0.31891791043195616,2.581554726698323e-06,0.2802599211312915,0.8561639595418931,7.249728353731863,41,41,1,False,False,0.25998849523567436,1.39634696712355e-06,0.25329965877895116,0.9493812803348582,37.86901659470983,49,49,1,False,False
16,step,step_r_25_eta_0.05,42016,2,0.31009615384615374,3.935081177621402e-18,0.28850524475524497,0.881352537677121,13.362348178137841,25,25,1,False,False,0.31028730871551047,4.6702032839678765e-06,0.2716293194148458,0.829798398212417,7.02647303516574,41,41,1,False,False,0.25295364123061675,2.24036710552922e-06,0.24626480477389354,0.9230142542816616,36.81728599095338,49,49,1,False,False
16,step,step_r_25_eta_0.05,42016,3,0.30113636363636337,3.935081177621402e-18,0.27954545454545454,0.8539813408548496,12.947368421052808,25,25,1,False,False,0.3014453036808283,5.6864742241085636e-06,0.2627873143801636,0.802787022450142,6.7977491621801835,41,41,1,False,False,0.24569471371392382,2.8138100629532944e-06,0.2390058772572006,0.8958073881813408,35.73205576239895,49,49,1,False,False
16,step,step_r_25_eta_0.05,42016,4,0.291940789473684,0.0,0.2703498803827752,0.8258898493793613,12.521468144044494,25,25,1,False,False,0.29239270230292064,7.481779555169509e-06,0.253734713002256,0.775132297477059,6.56357760950318,41,41,1,False,False,0.23820485719965503,3.5590303030897754e-06,0.23151602074293182,0.8677349872893749,34.61230099447658,49,49,1,False,False
16,step,step_r_25_eta_0.05,42016,5,0.2824999999999998,0.0,0.260909090909091,0.7970492514645264,12.084210526315957,25,25,1,False,False,0.2831289185373184,1.0386061723918488e-05,0.24447092923665376,0.746832432990255,6.323943217410187,41,41,1,False,False,0.23048258080890968,5.3377269485605e-06,0.22379374435218646,0.8387914637083053,33.4577987965669,49,49,1,False,False
16,step,step_r_25_eta_0.05,42016,6,0.27280405405405384,3.935081177621402e-18,0.25121314496314506,0.7674291779303718,11.635135135135295,25,25,1,False,False,0.27363931527684265,1.3489692497658515e-05,0.234981325976178,0.7178427141993028,6.078467355055581,41,41,1,False,False,0.22251783697310304,7.031450953761347e-06,0.21582900051637982,0.8089391585894259,32.267047028701356,49,49,1,False,False
16,step,step_r_25_eta_0.05,42016,7,0.26284246575342435,3.935081177621402e-18,0.24125155666251555,0.7369975955322673,11.173756308579819,25,25,1,False,False,0.2639381672186792,1.8118992076931248e-05,0.22528017791801452,0.6882067487710231,5.827519278508913,41,41,1,False,False,0.2143131258713734,1.0397256867159693e-05,0.2076242894146502,0.7781874427439051,31.040419474744233,49,49,1,False,False
16,step,step_r_25_eta_0.05,42016,8,0.2526041666666665,7.870162355242804e-18,0.23101325757575772,0.705720691400883,10.699561403508923,25,25,1,False,False,0.2539922974476893,2.257222547163876e-05,0.21533430814702464,0.6578231847928201,5.570240771506509,41,41,1,False,False,0.2058501748257671,1.3486080743265223e-05,0.19916133836904387,0.7464678291533453,29.775184317574276,49,49,1,False,False
16,step,step_r_25_eta_0.05,42016,9,0.24207746478873207,1.967540588810701e-18,0.22048655569782327,0.6735627477165009,10.212008895478268,25,25,1,False,False,0.24380560313797217,2.5073274623308962e-05,0.2051476138373075,0.6267039277130159,5.306732645657295,41,41,1,False,False,0.1971249692738958,1.5528019230457763e-05,0.1904361328171726,0.713765271013505,28.470741368741038,49,49,1,False,False
16,step,step_r_25_eta_0.05,42016,10,0.2312499999999998,0.0,0.209659090909091,0.6404860056411373,9.710526315789608,25,25,1,False,False,0.2334157090643268,3.3053678948135963e-05,0.19475771976366213,0.5949639171777746,5.037968173898627,41,41,1,False,False,0.18816418744326824,2.1738494171866884e-05,0.18147535098654502,0.6801797598123763,27.131079098837464,49,49,1,False,False
16,step,step_r_25_eta_0.05,42016,11,0.2201086956521737,0.0,0.1985177865612649,0.6064505174186615,9.194508009153445,25,25,1,False,False,0.22283555456365395,4.413471463438114e-05,0.18417756526298928,0.5626426814716619,4.764282069368329,41,41,1,False,False,0.17897704814122356,3.075433375633238e-05,0.17228821168450034,0.6457458481551899,25.75757574567799,49,49,1,False,False
16,step,step_r_25_eta_0.05,42016,12,0.20863970588235276,3.935081177621402e-18,0.18704879679144396,0.5714139854249364,8.663312693498574,25,25,1,False,False,0.2120477226176024,5.699091719700212e-05,0.17338973331693774,0.5296870134741775,4.485223790828579,41,41,1,False,False,0.16955100883238874,4.094620371897771e-05,0.16286217237566553,0.6104165259182507,24.348356164690873,49,49,1,False,False
16,step,step_r_25_eta_0.05,42016,13,0.19682835820895497,1.967540588810701e-18,0.17523744911804617,0.5353315868045326,8.116260801256985,25,25,1,False,False,0.20112926197817724,7.58163241040579e-05,0.1624712726775126,0.4963322888477713,4.202786425695431,41,41,1,False,False,0.15995194584278608,5.7044069190429276e-05,0.15326310938606286,0.5744387012539199,22.91326905324651,49,49,1,False,False
16,step,step_r_25_eta_0.05,42016,14,0.1846590909090907,0.0,0.1630681818181819,0.49815578216532913,7.552631578947473,25,25,1,False,False,0.1900085553743813,8.991046740837406e-05,0.15135056607371666,0.4623597245211393,3.915117387419693,41,41,1,False,False,0.15011766977109037,6.920491235244351e-05,0.14342883331436715,0.537579284809697,21.443016919661915,49,49,1,False,False
16,step,step_r_25_eta_0.05,42016,15,0.1721153846153844,0.0,0.1505244755244756,0.45983610661415,6.971659919028437,25,25,1,False,False,0.17873821621999395,0.00012069673169238359,0.1400802269193293,0.4279300488227722,3.6235776731647267,41,41,1,False,False,0.1400972932611012,9.67850393887013e-05,0.133408456804378,0.500022353519897,19.94494224332306,49,49,1,False,False
16,step,step_r_25_eta_0.05,42016,16,0.15917968749999972,1.967540588810701e-18,0.13758877840909092,0.4203189412019963,6.372532894736929,25,25,1,False,False,0.1673522239448355,0.00014154350464006953,0.12869423464417085,0.3931470652614289,3.3290462585429452,41,41,1,False,False,0.1299158452780574,0.00011440421887620623,0.12322700882133421,0.4618617173453326,18.422786925441123,49,49,1,False,False
16,step,step_r_25_eta_0.05,42016,17,0.14583333333333307,1.967540588810701e-18,0.12424242424242427,0.37954726260215543,5.754385964912359,25,25,1,False,False,0.15602146931454153,0.00017060543101621572,0.11736348001387688,0.3585328267727027,3.035943724363829,41,41,1,False,False,0.11972435924728711,0.0001415025920992419,0.1130355227905639,0.423663458006771,16.899130890985916,49,49,1,False,False
16,step,step_r_25_eta_0.05,42016,18,0.132056451612903,0.0,0.1104655425219942,0.33746036856361006,5.116298811545064,25,25,1,False,False,0.14477122104604143,0.0002039016743986268,0.10611323174537678,0.3241645265729888,2.744923718615452,41,41,1,False,False,0.1095526447454807,0.00017243250061907208,0.10286380828875749,0.3855393034639774,15.378430756124278,49,49,1,False,False
16,step,step_r_25_eta_0.05,42016,19,0.11782786885245873,1.967540588810701e-18,0.09623695976154993,0.2939935763598662,4.457290767903426,25,25,1,False,False,0.1340084731144898,0.0002567565180952181,0.09535048381382515,0.29128548754581435,2.466514310204586,41,41,1,False,False,0.09977236421045227,0.00022133140325139033,0.09308352775372906,0.3488822653094871,13.916251108242784,49,49,1,False,False
16,step,step_r_25_eta_0.05,42016,20,0.10312499999999972,9.837702944053505e-19,0.08153409090909092,0.24907789108266448,3.7763157894737356,25,25,1,False,False,0.12311747255211636,0.0002909864778631746,0.08445948325145171,0.25801465050562816,2.184787278887254,41,41,1,False,False,0.08983103858360693,0.0002537260434255232,0.08314220212688372,0.31162162114858605,12.429994762887992,49,49,1,False,False
16,step,step_r_25_eta_0.05,42016,21,0.08792372881355902,9.837702944053505e-19,0.06633281972265022,0.2026396402028456,3.0722569134701567,25,25,1,False,False,0.11273484919164886,0.000347730495529515,0.07407685989098421,0.22629685121828116,1.9162108850216533,41,41,1,False,False,0.08031013072076161,0.00030635063115926845,0.0736212942640384,0.2759367262681456,11.006592064310201,49,49,1,False,False
16,step,step_r_25_eta_0.05,42016,22,0.07219827586206871,9.837702944053505e-19,0.050607366771159915,0.15460007032717116,2.343920145190596,25,25,1,False,False,0.103057682270222,0.0003892540506860139,0.06439969296955735,0.19673414558719193,1.6658831495007456,41,41,1,False,False,0.07140896731947342,0.00034678416087865094,0.06472013086275022,0.24257466827279947,9.675842918494073,49,49,1,False,False
16,step,step_r_25_eta_0.05,42016,23,0.05592105263157869,4.918851472026753e-19,0.03433014354066989,0.1048749015084904,1.590027700831048,25,25,1,False,False,0.09396554115157815,0.0004264710664925649,0.0553075518509135,0.16895863095267136,1.430688787788624,41,41,1,False,False,0.0630164209623138,0.0003809756997535833,0.0563275845055906,0.21111893539009902,8.42113346170597,49,49,1,False,False
16,step,step_r_25_eta_0.05,42016,24,0.03906249999999971,4.918851472026753e-19,0.01747159090909091,0.0533738338034281,0.8092105263158005,25,25,1,False,False,0.08548900357085007,0.00045310973370746234,0.04683101427018542,0.143063719011545,1.2114187808878163,41,41,1,False,False,0.055147427844007633,0.0004052667250943626,0.04845859138728443,0.18162550931279356,7.244696697372058,49,49,1,False,False
16,step,step_r_25_eta_0.05,42016,25,0.0215909090909088,0.0,0.0,0.0,0.0,25,25,1,False,False,0.0773346915515304,0.0004912419654741875,0.03867670225086575,0.11815317155395745,1.0004840642397501,41,41,1,False,False,0.047559484635170915,0.0004402470625039781,0.04087064817844771,0.15318547400662588,6.110277690728565,49,49,1,False,False
16,step,step_r_25_eta_0.05,42016,26,0.0219444444444441,0.0,0.0003535353535353003,0.001080012535859629,0.01637426900584571,25,25,1,False,False,0.07061711815949953,0.000500238473624332,0.03195912885883488,0.097631706299066,0.826714721509983,41,41,1,False,False,0.04126378401959351,0.00044876440807037083,0.03457494756287031,0.12958883617523487,5.169052612748171,49,49,1,False,False
16,step,step_r_25_eta_0.05,42016,27,0.022311320754716705,2.4594257360133763e-19,0.0007204116638079051,0.002200780261752074,0.033366434955313995,25,25,1,False,False,0.06505382347040876,0.000483586564639474,0.026395834169744115,0.08063643851377679,0.6828041149385462,41,41,1,False,False,0.03601469269514344,0.00043389040122303817,0.029325856238420232,0.10991494847154121,4.384298588873957,49,49,1,False,False
16,step,step_r_25_eta_0.05,42016,28,0.022692307692307397,2.4594257360133763e-19,0.0011013986013985975,0.0033646544386401085,0.05101214574898827,25,25,1,False,False,0.05989912384734799,0.0004623073375972173,0.02124113454668334,0.0648893847726842,0.5494629940910594,41,41,1,False,False,0.03113096116895119,0.0004147314134273011,0.02444212471222798,0.09161044971501388,3.654166889917044,49,49,1,False,False
16,step,step_r_25_eta_0.05,42016,29,0.0230882352941173,0.0,0.0014973262032084989,0.004574170740111884,0.06934984520123666,25,25,1,False,False,0.055312718461188265,0.00041483174882105003,0.016654729160523615,0.05087840889133707,0.43082243701271006,41,41,1,False,False,0.026769183135489875,0.00037087769380726417,0.020080346678766667,0.07526226182598987,3.002068716836863,49,49,1,False,False
16,step,step_r_25_eta_0.05,42016,30,0.023499999999999695,4.918851472026753e-19,0.001909090909090895,0.005832067693642832,0.0884210526315794,25,25,1,False,False,0.05183229860572643,0.0004030437651436167,0.013174309305061783,0.04024610002500975,0.3407913743934756,41,41,1,False,False,0.023393762761664806,0.0003591514903702213,0.0167049263049416,0.06261099758182066,2.4974338082598564,49,49,1,False,False
16,step,step_r_25_eta_0.05,42016,31,0.023928571428571098,2.4594257360133763e-19,0.002337662337662298,0.007141307379970746,0.10827067669172896,25,25,1,False,False,0.04899488549297503,0.00036777997827007377,0.010336896192310381,0.03157810769965941,0.26739352923698645,41,41,1,False,False,0.020591204214109125,0.0003259683211673857,0.013902367757385918,0.05210685148498859,2.0784433656487615,49,49,1,False,False
16,step,step_r_25_eta_0.05,42016,32,0.0243749999999997,0.0,0.0027840909090908993,0.00850509871989583,0.1289473684210538,25,25,1,False,False,0.04665080674990756,0.0003346002727853601,0.007992817449242913,0.024417198890288618,0.20675719544227533,41,41,1,False,False,0.018227089042867708,0.00029533791043858244,0.011538252586144502,0.043246015671187056,1.725001449922873,49,49,1,False,False
16,step,step_r_25_eta_0.05,42016,33,0.024840425531914602,2.4594257360133763e-19,0.0032495164410058022,0.009926923733860211,0.1505039193729023,25,25,1,False,False,0.0446067188233822,0.00030069101253802505,0.00594872952271755,0.018172729806869844,0.15388098631956715,41,41,1,False,False,0.01612638685230388,0.0002644730426881268,0.009437550395580674,0.0353724664335224,1.4109405210669532,49,49,1,False,False
16,step,step_r_25_eta_0.05,42016,34,0.02532608695652139,7.378277208040128e-19,0.0037351778656125913,0.011410567226692408,0.17299771167048017,25,25,1,False,False,0.04300454316768789,0.00027452190516113036,0.004346553867023241,0.013278255250094868,0.1124361081798042,41,41,1,False,False,0.014402620908288753,0.00024038810817539268,0.007713784451565547,0.028911695318331706,1.153232628944325,49,49,1,False,False
16,step,step_r_25_eta_0.05,42016,35,0.025833333333332993,4.918851472026753e-19,0.004242424242424193,0.01296015043031735,0.19649122807017583,25,25,1,False,False,0.0416998925974147,0.00024803975293216836,0.0030419032967500537,0.009292687875513293,0.07868757148985384,41,41,1,False,False,0.012932691439107873,0.00021570117802037614,0.006243854982384667,0.02340231750005867,0.9334740089374929,49,49,1,False,False
16,step,step_r_25_eta_0.05,42016,36,0.026363636363635992,4.918851472026753e-19,0.0047727272727271924,0.014580169234106943,0.22105263157894672,25,25,1,False,False,0.040684760515165425,0.000230776644003113,0.002026771214500775,0.006191568387973729,0.052428262596314834,41,41,1,False,False,0.01170224115180411,0.00019997517180911795,0.005013404695080903,0.018790521042139737,0.7495182050746267,49,49,1,False,False
16,step,step_r_25_eta_0.05,42016,37,0.026918604651162407,4.918851472026753e-19,0.005327695560253608,0.016275537749700766,0.24675642594859148,25,25,1,False,False,0.03992738333814929,0.00020310216305630198,0.0012693940374846405,0.0038778624534136995,0.03283652513874569,41,41,1,False,False,0.010677775585679412,0.00017421952019733584,0.0039889391289562055,0.014950766833567296,0.5963577005903276,49,49,1,False,False
16,step,step_r_25_eta_0.05,42016,38,0.0274999999999996,0.0,0.005909090909090801,0.018051638099370475,0.2736842105263144,25,25,1,False,False,0.039444334045596004,0.00018473997862059123,0.000786344744931354,0.002402198743465712,0.020341066857241685,41,41,1,False,False,0.009883244928114782,0.00015746041734432555,0.003194408471391576,0.011972821515440059,0.477573116349818,49,49,1,False,False
16,step,step_r_25_eta_0.05,42016,39,0.02810975609756061,4.918851472026753e-19,0.006518847006651809,0.019914377490487634,0.30192554557124573,25,25,1,False,False,0.03899100564586191,0.00016623369189004193,0.00033301634519725815,0.0010173291690990227,0.008614424889178851,41,41,1,False,False,0.009093218661036599,0.0001403104670616877,0.0024043822043133926,0.009011758904647543,0.35946195124813607,49,49,1,False,False
16,step,step_r_25_eta_0.05,42016,40,0.028749999999999606,4.918851472026753e-19,0.007159090909090806,0.021870253851160464,0.33157894736842075,25,25,1,False,False,0.03876879818283404,0.00013341647419977073,0.00011080888216939005,0.0003385092343122179,0.002866390212578507,41,41,1,False,False,0.008481538763041188,0.00011036507773404762,0.0017927023063179816,0.006719148454584688,0.2680140735861567,49,49,1,False,False
16,step,step_r_25_eta_0.05,42016,41,0.0294230769230765,0.0,0.0078321678321677,0.023926431563662674,0.36275303643724577,25,25,1,False,False,0.03865798930066465,0.0001115105535769668,0.0,0.0,0.0,41,41,1,False,False,0.007944982354071537,9.049786584101631e-05,0.0012561458973483312,0.004708105040728299,0.1877973703611382,49,49,1,False,False
16,step,step_r_25_eta_0.05,42016,42,0.030131578947368006,4.918851472026753e-19,0.008540669856459206,0.02609082915577038,0.39556786703601077,25,25,1,False,False,0.03878902667163319,0.00010029152045525708,0.00013103737096854112,0.0004003050950828942,0.0033896582139694154,41,41,1,False,False,0.007589913354244507,8.073934095738556e-05,0.000901076897521301,0.003377286581327296,0.13471354896345145,49,49,1,False,False
16,step,step_r_25_eta_0.05,42016,43,0.030878378378377994,4.918851472026753e-19,0.009287469287469194,0.028372221212316404,0.4301564722617368,25,25,1,False,False,0.03903729146937472,9.619935024023508e-05,0.0003793021687100717,0.0011587273888995033,0.009811740744197328,41,41,1,False,False,0.007308898450147081,7.666085784415968e-05,0.0006200619934238752,0.002324027012280607,0.09270102467531949,49,49,1,False,False
16,step,step_r_25_eta_0.05,42016,44,0.031666666666666295,4.918851472026753e-19,0.010075757575757495,0.030780357272003813,0.4666666666666692,25,25,1,False,False,0.039353980232876666,9.035313937016396e-05,0.0006959909322120164,0.0021261775494782367,0.018003805805804074,41,41,1,False,False,0.007057877030716014,7.134429389497082e-05,0.00036904057399280744,0.0013831847003732203,0.05517261131745421,49,49,1,False,False
16,step,step_r_25_eta_0.05,42016,45,0.03249999999999959,4.918851472026753e-19,0.010909090909090792,0.03332610110653036,0.5052631578947382,25,25,1,False,False,0.03983207592026412,8.443994755761326e-05,0.0011740866195994737,0.0035867085276547173,0.03037112485256155,41,41,1,False,False,0.006906831241094071,6.57505546321095e-05,0.00021799478437086513,0.0008170566375414769,0.03259083785069228,49,49,1,False,False
16,step,step_r_25_eta_0.05,42016,46,0.033382352941175995,4.918851472026753e-19,0.011791443850267196,0.0360215945783819,0.5461300309597512,25,25,1,False,False,0.04040792701531484,8.040432539814946e-05,0.0017499377146501932,0.005345871777451665,0.04526716847686929,41,41,1,False,False,0.006802371999555841,6.214667521194386e-05,0.00011353554283263442,0.0004255375610751382,0.016973885303850578,49,49,1,False,False
16,step,step_r_25_eta_0.05,42016,47,0.03431818181818141,4.918851472026753e-19,0.012727272727272608,0.038880451290952134,0.5894736842105288,25,25,1,False,False,0.04104858294196944,7.581190409826409e-05,0.0023905936413047904,0.007303006827852345,0.06183957532586137,41,41,1,False,False,0.006715454893824872,5.7931072619202716e-05,2.661843710166558e-05,9.9767390204602e-05,0.003979531757711152,49,49,1,False,False
16,step,step_r_25_eta_0.05,42016,48,0.035312499999999504,4.918851472026753e-19,0.013721590909090704,0.041917986548057534,0.6355263157894728,25,25,1,False,False,0.04182270207731834,7.313406926818058e-05,0.003164712776653693,0.009667857647056629,0.08186439165368808,41,41,1,False,False,0.00669743781671009,5.563082606109842e-05,8.601359986883626e-06,3.2238378039406886e-05,0.0012859276860084368,49,49,1,False,False
16,step,step_r_25_eta_0.05,42016,49,0.03637096774193499,4.918851472026753e-19,0.01478005865102619,0.04515149182175067,0.6845500848896433,25,25,1,False,False,0.04266200585888811,6.870630724919205e-05,0.00400401655822346,0.012231840559727994,0.10357539620289091,41,41,1,False,False,0.006688836456723206,5.199561134463512e-05,0.0,0.0,0.0,49,49,1,False,False
16,step,step_r_25_eta_0.05,42016,50,0.03749999999999949,4.918851472026753e-19,0.015909090909090692,0.04860056411368996,0.7368421052631577,25,25,1,False,False,0.04360651880976756,6.540700139936299e-05,0.004948529509102913,0.015117226185326323,0.1280079382974486,41,41,1,False,False,0.006718617026975995,4.920117080759096e-05,2.978057025278865e-05,0.00011161924201551326,0.004452279622243482,49,49,1,False,False
16,step,step_r_25_eta_0.05,42016,51,0.03870689655172371,9.837702944053505e-19,0.017115987460814913,0.052287503460246056,0.7927404718693329,25,25,1,False,False,0.044639060114471364,5.822960403874322e-05,0.0059810708138067145,0.018271528977738892,0.15471758676553526,41,41,1,False,False,0.006764373509216466,4.2858733524808706e-05,7.553705249325939e-05,0.00028311709520049017,0.011293003346992236,49,49,1,False,False
16,step,step_r_25_eta_0.05,42016,52,0.039999999999999494,4.918851472026753e-19,0.018409090909090695,0.05623779561726992,0.85263157894737,25,25,1,False,False,0.045788694814793335,5.284399350536503e-05,0.007130705514128685,0.021783539518101955,0.18445619244884237,41,41,1,False,False,0.006849377116609037,3.8058163416679244e-05,0.0001605406598858307,0.0006017153673358141,0.02400128347053032,49,49,1,False,False
16,step,step_r_25_eta_0.05,42016,53,0.041388888888888406,4.918851472026753e-19,0.019797979797979606,0.060480702008147744,0.916959064327489,25,25,1,False,False,0.047057379683972486,5.1651192059781e-05,0.008399390383307836,0.025659235538506044,0.21727437291114948,41,41,1,False,False,0.006965209122482222,3.687950822266994e-05,0.00027637266575901605,0.0010358602002572305,0.0413184965049076,49,49,1,False,False
16,step,step_r_25_eta_0.05,42016,54,0.0428846153846148,0.0,0.021293706293706,0.06504998581370809,0.9862348178137648,25,25,1,False,False,0.04844395148105324,4.760196450959634e-05,0.009785962180388588,0.02989506346276228,0.25314203758187537,41,41,1,False,False,0.007103706181601198,3.337217350321375e-05,0.00041486972487799183,0.001554954919700698,0.06202419921046065,49,49,1,False,False
16,step,step_r_25_eta_0.05,42016,55,0.0444999999999995,0.0,0.0229090909090907,0.06998481232371385,1.061052631578952,25,25,1,False,False,0.04999635390805924,4.40540471142969e-05,0.01133836460739459,0.034637486151467965,0.2932993881086219,41,41,1,False,False,0.0072934440237353085,3.0425035642165764e-05,0.0006046075670121023,0.0022661029582002425,0.09039054414380066,49,49,1,False,False
16,step,step_r_25_eta_0.05,42016,56,0.0462499999999994,0.0,0.024659090909090603,0.07533087437621953,1.1421052631578958,25,25,1,False,False,0.051699564524042695,4.23402111846925e-05,0.013041575223378045,0.03984061166091623,0.33735782588034957,41,41,1,False,False,0.007513499862929429,2.8637294497886215e-05,0.000824663406206223,0.003090884544430459,0.12328951552961387,49,49,1,False,False
16,step,step_r_25_eta_0.05,42016,57,0.04815217391304289,4.918851472026753e-19,0.02656126482213409,0.08114181138981301,1.2302059496567535,25,25,1,False,False,0.053581501089309695,4.047880862054808e-05,0.014923511788645046,0.045589725750514704,0.38603952400567465,41,41,1,False,False,0.00777488161864015,2.702184222548914e-05,0.0010860451619169442,0.004070557975847803,0.16236682851250128,49,49,1,False,False
16,step,step_r_25_eta_0.05,42016,58,0.050227272727272114,9.837702944053505e-19,0.028636363636363314,0.08748101540464213,1.326315789473687,25,25,1,False,False,0.05565101612238803,3.887722105794261e-05,0.016993026821723378,0.05191187191361797,0.4395734783192984,41,41,1,False,False,0.008071407306236853,2.5595975335447936e-05,0.0013825708495136466,0.005181952828489133,0.2066982588763957,49,49,1,False,False
16,step,step_r_25_eta_0.05,42016,59,0.052499999999999394,4.918851472026753e-19,0.030909090909090595,0.0944239531351694,1.431578947368426,25,25,1,False,False,0.05792350517466779,3.54476059609249e-05,0.019265515874003138,0.05885408190626258,0.4983579390062045,41,41,1,False,False,0.00840049636331241,2.2885269394830274e-05,0.0017116599065892038,0.006415397010201337,0.255898005230603,49,49,1,False,False
16,step,step_r_25_eta_0.05,42016,60,0.05499999999999928,1.4756554416080256e-18,0.03340909090909048,0.102061184638749,1.5473684210526324,25,25,1,False,False,0.06045127599648257,3.4443104090770165e-05,0.02179328669581792,0.0665761502879402,0.5637459963662215,41,41,1,False,False,0.008780085033172983,2.189131160542882e-05,0.002091248576449777,0.00783811656351636,0.3126475867634322,49,49,1,False,False
16,step,step_r_25_eta_0.05,42016,61,0.05776315789473619,4.918851472026753e-19,0.03617224880382739,0.11050233524796915,1.6753462603878173,25,25,1,False,False,0.06327215541110096,3.4232315804816454e-05,0.024614166110436306,0.07519363394118968,0.6367161499010792,41,41,1,False,False,0.009217893896305968,2.134008301358386e-05,0.002529057439582762,0.009479048655674715,0.37810125213043744,49,49,1,False,False
16,step,step_r_25_eta_0.05,42016,62,0.06083333333333262,1.4756554416080256e-18,0.03924242424242382,0.11988139148043558,1.817543859649128,25,25,1,False,False,0.06641907964754366,3.371243507738699e-05,0.027761090346879014,0.0848071495083655,0.7181203898362534,41,41,1,False,False,0.009711818122957728,2.0799062681849185e-05,0.0030229816662345216,0.011330304267101615,0.4519443233203895,49,49,1,False,False
16,step,step_r_25_eta_0.05,42016,63,0.06426470588235221,9.837702944053505e-19,0.04267379679144341,0.13036386609319234,1.9764705882353004,25,25,1,False,False,0.06995855371508462,3.447387012485871e-05,0.031300564414419974,0.09561986265025674,0.8096790593783372,41,41,1,False,False,0.01027844327110375,2.1064312600780002e-05,0.0035896068143805443,0.013454046996207501,0.5366563882381206,49,49,1,False,False
16,step,step_r_25_eta_0.05,42016,64,0.0681249999999992,0.0,0.0465340909090904,0.14215665003254352,2.1552631578947423,25,25,1,False,False,0.07394634369505705,3.300038444462831e-05,0.0352883543943924,0.1078021327561391,0.9128347084980357,41,41,1,False,False,0.010918813209990642,1.984033051648306e-05,0.004229976753267436,0.015854189323280043,0.6323935082933183,49,49,1,False,False
16,step,step_r_25_eta_0.05,42016,65,0.0724999999999991,0.0,0.05090909090909031,0.15552180516380815,2.357894736842109,25,25,1,False,False,0.078491306169711,3.221447914044236e-05,0.039833316869046356,0.12168650499374546,1.0304032255594189,41,41,1,False,False,0.011660240209549286,1.917797406781871e-05,0.00497140375282608,0.0186330991627524,0.7432389452173154,49,49,1,False,False
16,step,step_r_25_eta_0.05,42016,66,0.07749999999999911,9.837702944053505e-19,0.05590909090909031,0.17079626817096807,2.5894736842105335,25,25,1,False,False,0.08370474090286786,3.405227628398025e-05,0.045046751602203214,0.13761298818811485,1.165263698839834,41,41,1,False,False,0.012518218169631532,2.017050381613252e-05,0.005829381712908326,0.021848848517364874,0.8715090809327519,49,49,1,False,False
16,step,step_r_25_eta_0.05,42016,67,0.08326923076922979,9.837702944053505e-19,0.06167832167832099,0.18842064856384463,2.8566801619433266,25,25,1,False,False,0.08970664984264903,3.456646366225381e-05,0.051048660541984384,0.15594817540272082,1.3205203236244545,41,41,1,False,False,0.01349939064839176,2.017954175954603e-05,0.006810554191668554,0.025526337814449226,1.0181971462051527,49,49,1,False,False
16,step,step_r_25_eta_0.05,42016,68,0.08999999999999898,9.837702944053505e-19,0.06840909090909018,0.20898242568886746,3.1684210526315884,25,25,1,False,False,0.09673143945490391,3.50888707757852e-05,0.05807345015423926,0.1774081532158145,1.5022366968589544,41,41,1,False,False,0.014656666809537276,2.0200957880533674e-05,0.00796783035281407,0.029863873557156827,1.1912132109023683,49,49,1,False,False
16,step,step_r_25_eta_0.05,42016,69,0.0979545454545443,0.0,0.0763636363636355,0.23328270774571233,3.5368421052631653,25,25,1,False,False,0.10505065594949262,3.512838475435429e-05,0.06639266664882797,0.20282246613484442,1.7174371417110015,41,41,1,False,False,0.016033481553929318,1.989477813825898e-05,0.009344645097206112,0.0350242521818889,1.3970509157558264,49,49,1,False,False
16,step,step_r_25_eta_0.05,42016,70,0.10749999999999879,9.837702944053505e-19,0.08590909090908999,0.26244304621392656,3.978947368421064,25,25,1,False,False,0.11506120426483527,3.715277184836794e-05,0.07640321496417062,0.23340361611966207,1.9763887451553774,41,41,1,False,False,0.017704113937705063,2.0829547273532366e-05,0.011015277480981857,0.04128587574318243,1.646815190093335,49,49,1,False,False
16,step,step_r_25_eta_0.05,42016,71,0.1191666666666653,0.0,0.0975757575757565,0.2980834598972992,4.5192982456140465,25,25,1,False,False,0.12731917032581952,3.849009806617543e-05,0.08866118102515487,0.2708503859479672,2.2934762678831437,41,41,1,False,False,0.019755789016479265,2.1299918133945062e-05,0.013066952559756059,0.04897566862528652,1.9535464268410934,49,49,1,False,False
16,step,step_r_25_eta_0.05,42016,72,0.1337499999999985,0.0,0.11215909090908971,0.3426339770015152,5.194736842105278,25,25,1,False,False,0.14265056761664258,4.082773141529728e-05,0.10399257831597793,0.3176861581013169,2.6900669227043834,41,41,1,False,False,0.022324939449918445,2.2254390889946067e-05,0.01563610299319524,0.0586049880630987,2.3376416951379926,49,49,1,False,False
16,step,step_r_25_eta_0.05,42016,73,0.1524999999999983,0.0,0.1309090909090895,0.39991321327836427,6.063157894736859,25,25,1,False,False,0.16238087758890976,4.496480566275135e-05,0.12372288828824511,0.37796013605955553,3.200448096924636,41,41,1,False,False,0.025637779960484428,2.418586457673871e-05,0.018948943503761223,0.07102169948161276,2.8329207368667104,49,49,1,False,False
16,step,step_r_25_eta_0.05,42016,74,0.17749999999999802,1.967540588810701e-18,0.15590909090908922,0.47628552831416293,7.221052631578967,25,25,1,False,False,0.18868253348555142,5.031952015547665e-05,0.15002454418488675,0.458308870063616,3.8808160201520723,41,41,1,False,False,0.030050277689625496,2.674142642522871e-05,0.02336144123290229,0.0875599876252315,3.492601648141779,49,49,1,False,False
16,step,step_r_25_eta_0.05,42016,75,0.2124999999999977,0.0,0.1909090909090889,0.5832067693642813,8.84210526315792,25,25,1,False,False,0.22556340264648933,5.7795801392048416e-05,0.18690541334582467,0.5709759643977461,4.834845700125723,41,41,1,False,False,0.03626017917801663,3.0461503782975977e-05,0.029571342721293428,0.11083504553183154,4.420999513535741,49,49,1,False,False
16,step,step_r_25_eta_0.05,42016,76,0.26499999999999707,3.935081177621402e-18,0.24340909090908827,0.7435886309394585,11.273684210526346,25,25,1,False,False,0.28087994717096093,7.025251025150532e-05,0.24222195787029627,0.7399620670023372,6.265767109261726,41,41,1,False,False,0.04556896808641249,3.6668743754825836e-05,0.038880131629689285,0.14572490671372973,5.812689827482532,49,49,1,False,False
17,step,step_r_25_eta_0.1,42017,0,0.3718749999999993,0.0,0.285511363636364,0.7677616501145936,3.305921052631624,25,25,1,False,False,0.37187499999999984,3.935081177621402e-18,0.20377344419168705,0.5479622028684024,1.2122043916360363,37,37,1,False,False,0.2395383435108758,0.0,0.20195593786774527,0.8431048445426685,5.373683094835619,49,49,1,False,False
17,step,step_r_25_eta_0.1,42017,1,0.36392405063291056,3.935081177621402e-18,0.27756041426927525,0.7463809459341869,3.2138574283811217,25,25,1,False,False,0.3646048929760879,1.7959169969408806e-05,0.1965033371677751,0.5284123352410761,1.1689560886149621,37,37,1,False,False,0.23372685528911183,8.626730224045704e-06,0.1961444496459813,0.818843642195746,5.219049879576653,49,49,1,False,False
17,step,step_r_25_eta_0.1,42017,2,0.35576923076923,0.0,0.2694055944055947,0.7244520185696678,3.1194331983806087,25,25,1,False,False,0.3572434864416452,3.061304561834221e-05,0.18914193063333243,0.5086169563249278,1.1251646644425595,37,37,1,False,False,0.22778476506964423,1.5312677865651782e-05,0.1902023594265137,0.7940372160830189,5.0609415808186755,49,49,1,False,False
17,step,step_r_25_eta_0.1,42017,3,0.3474025974025966,0.0,0.2610389610389613,0.7019535086761998,3.022556390977484,25,25,1,False,False,0.3497730093202655,4.4346087795089075e-05,0.1816714535119527,0.48852827835146967,1.0807244028075131,37,37,1,False,False,0.22170932627146592,2.42181456649805e-05,0.18412692062833538,0.7686741000610428,4.899285116997051,49,49,1,False,False
17,step,step_r_25_eta_0.1,42017,4,0.33881578947368335,3.935081177621402e-18,0.25245215311004804,0.6788629327329035,2.923130193905856,25,25,1,False,False,0.3421999351561873,5.0509904768314306e-05,0.1740983793478745,0.46816370917075517,1.0356738134321608,37,37,1,False,False,0.21549234501733927,2.918682798510294e-05,0.17790993937420874,0.7427200871752336,4.733862463823624,49,49,1,False,False
17,step,step_r_25_eta_0.1,42017,5,0.3299999999999991,3.935081177621402e-18,0.24363636363636382,0.6551566080977863,2.8210526315789846,25,25,1,False,False,0.3345380950866996,6.469557395835154e-05,0.16643653927838684,0.4475604417570068,0.9900951747774149,37,37,1,False,False,0.20915310064504594,3.913335413036981e-05,0.1715706950019154,0.7162556628188654,4.565186609688883,49,49,1,False,False
17,step,step_r_25_eta_0.1,42017,6,0.3209459459459451,0.0,0.2345823095823098,0.6308095719860444,2.7162162162162526,25,25,1,False,False,0.32687590597140875,8.108743546958908e-05,0.15877435016309596,0.4269562357326952,0.9445144597242592,37,37,1,False,False,0.2027461006181455,5.0184250775499155e-05,0.16516369497501496,0.6895083791356185,4.3947078998441995,49,49,1,False,False
17,step,step_r_25_eta_0.1,42017,7,0.31164383561643755,3.935081177621402e-18,0.22528019925280224,0.6057954937890492,2.6085075702956373,25,25,1,False,False,0.31904172665955505,8.832434308743886e-05,0.15094017085124226,0.40588953506216424,0.8979106119836286,37,37,1,False,False,0.19615548310547445,5.6107325431147264e-05,0.15857307746234392,0.6619945480884742,4.219343460024853,49,49,1,False,False
17,step,step_r_25_eta_0.1,42017,8,0.3020833333333326,7.870162355242804e-18,0.21571969696969728,0.5800865800865821,2.4978070175438942,25,25,1,False,False,0.31120170677406334,0.00010415557266916454,0.14310015096575054,0.3848071286473966,0.8512720199266239,37,37,1,False,False,0.18950269786309554,6.857885380732511e-05,0.151920292219965,0.6342211856076702,4.042324849094211,49,49,1,False,False
17,step,step_r_25_eta_0.1,42017,9,0.29225352112675973,3.935081177621402e-18,0.20588988476312442,0.5536534716319322,2.383988139362523,25,25,1,False,False,0.3033123220082643,0.00011912940007729215,0.1352107661999515,0.3635919763360042,0.8043397668141343,37,37,1,False,False,0.18275643763922994,7.961406738728572e-05,0.1451740319960994,0.606057593403655,3.862819037573635,49,49,1,False,False
17,step,step_r_25_eta_0.1,42017,10,0.28214285714285625,3.935081177621402e-18,0.19577922077922094,0.5264651315071498,2.2669172932331128,25,25,1,False,False,0.2955352308607253,0.00014058408951604786,0.12743367505241252,0.34267879005690777,0.7580755242844146,37,37,1,False,False,0.1760361521743412,9.754644322372091e-05,0.13845374653121068,0.5780024379475782,3.684004367520253,49,49,1,False,False
17,step,step_r_25_eta_0.1,42017,11,0.2717391304347818,7.870162355242804e-18,0.1853754940711465,0.4984887235526638,2.146453089244881,25,25,1,False,False,0.2876446296006618,0.00015493863794163412,0.11954307379234899,0.3214603665004344,0.7111360345091908,37,37,1,False,False,0.16918107550679282,0.0001105131572885491,0.13159866986366228,0.5493845700644051,3.501603146783033,49,49,1,False,False
17,step,step_r_25_eta_0.1,42017,12,0.26102941176470507,3.935081177621402e-18,0.17466577540106976,0.46968948007010447,2.0224458204334645,25,25,1,False,False,0.2797714767126307,0.00018101618127820684,0.1116699209043179,0.30028886293598106,0.6643003413463691,37,37,1,False,False,0.16228351636619556,0.00013166433160680417,0.12470111072306503,0.5205893507291588,3.3180715440938897,49,49,1,False,False
17,step,step_r_25_eta_0.1,42017,13,0.2499999999999991,0.0,0.1636363636363638,0.4400305576776178,1.8947368421052886,25,25,1,False,False,0.27210597734658476,0.0002028476881833973,0.10400442153827197,0.279675755397034,0.6186999343234445,37,37,1,False,False,0.15549097304734302,0.00015029122881685543,0.11790856740421249,0.4922325406281315,3.1373342229295087,49,49,1,False,False
17,step,step_r_25_eta_0.1,42017,14,0.23863636363636276,3.935081177621402e-18,0.15227272727272745,0.4094728800611166,1.763157894736866,25,25,1,False,False,0.26457716798821745,0.00022715412736066103,0.09647561217990466,0.2594302176266345,0.5739126667567336,37,37,1,False,False,0.1487671448017451,0.00017158068734014433,0.11118473915861457,0.4641625951361162,2.9584252858740934,49,49,1,False,False
17,step,step_r_25_eta_0.1,42017,15,0.2269230769230761,5.902621766432102e-18,0.1405594405594408,0.3779749662102617,1.6275303643724923,25,25,1,False,False,0.25721863178263077,0.00025693638457592653,0.08911707597431798,0.23964255724186356,0.530138317553341,37,37,1,False,False,0.14213297747485878,0.000197472971517035,0.10455057183172825,0.4364669568109513,2.7819020640803087,49,49,1,False,False
17,step,step_r_25_eta_0.1,42017,16,0.2148437499999991,0.0,0.1284801136363638,0.3454927425515672,1.487664473684231,25,25,1,False,False,0.25000508473611666,0.000280462026580269,0.08190352892780386,0.22024478367140543,0.4872264776728119,37,37,1,False,False,0.135560390914876,0.00021822164023011512,0.09797798527174548,0.40902839952759784,2.6070173953767197,49,49,1,False,False
17,step,step_r_25_eta_0.1,42017,17,0.20238095238095133,5.902621766432102e-18,0.11601731601731603,0.31197933718942183,1.3433583959899917,25,25,1,False,False,0.24273173624958141,0.0003004312226193654,0.07463018044126862,0.20068619950593253,0.4439588918877697,37,37,1,False,False,0.12891901146030474,0.00023640357693158263,0.0913366058171742,0.3813026527547446,2.430302271878892,49,49,1,False,False
17,step,step_r_25_eta_0.1,42017,18,0.1895161290322571,0.0,0.1031524926686218,0.2773848542349499,1.194397283531425,25,25,1,False,False,0.2358946103494345,0.0003013862324709174,0.06779305454112172,0.18230065086688202,0.40328630044582425,37,37,1,False,False,0.1225772107229276,0.0002380515871309078,0.08499480507979706,0.35482755634877317,2.2615583974820086,49,49,1,False,False
17,step,step_r_25_eta_0.1,42017,19,0.17622950819672029,1.967540588810701e-18,0.08986587183308499,0.241656125937708,1.0405522001725758,25,25,1,False,False,0.22915695588733903,0.00032682123002656,0.06105540007902624,0.16418258844780173,0.36320544319439896,37,37,1,False,False,0.11628627415999475,0.00026083782273555,0.07870386851686423,0.328564802458404,2.094167926987134,49,49,1,False,False
17,step,step_r_25_eta_0.1,42017,20,0.162499999999999,0.0,0.07613636363636371,0.20473644003055827,0.8815789473684328,25,25,1,False,False,0.222592765354214,0.0003333396894105382,0.0544912095459012,0.14653098365284362,0.32415648554756893,37,37,1,False,False,0.11008718436404767,0.00026653589243155333,0.07250477872091715,0.302685480989081,1.9292213332322934,49,49,1,False,False
17,step,step_r_25_eta_0.1,42017,21,0.14830508474576168,1.967540588810701e-18,0.06194144838212638,0.1665652393468948,0.7172167707404196,25,25,1,False,False,0.21668612816746177,0.0003728440087480137,0.04858457235914898,0.1306475895372074,0.2890191713308725,37,37,1,False,False,0.10440789282886584,0.00029970877706385877,0.0668254871857353,0.2789761597508134,1.7781056332659206,49,49,1,False,False
17,step,step_r_25_eta_0.1,42017,22,0.13362068965517143,1.967540588810701e-18,0.047257053291536136,0.1270777903637949,0.5471869328493726,25,25,1,False,False,0.21123527853275337,0.0003925387001003083,0.043133722724440576,0.11598984262034445,0.25659323922989863,37,37,1,False,False,0.09907342601766367,0.00031745468321899814,0.06149102037453314,0.25670637724745415,1.6361650969985932,49,49,1,False,False
17,step,step_r_25_eta_0.1,42017,23,0.11842105263157789,9.837702944053505e-19,0.03205741626794259,0.08620481685497183,0.3711911357340767,25,25,1,False,False,0.20565774868465458,0.0004143729856204134,0.03755619287634179,0.10099144302881831,0.22341371378601238,37,37,1,False,False,0.0936161576452426,0.00033682104276968775,0.056033752002112074,0.23392393543695006,1.4909570327719073,49,49,1,False,False
17,step,step_r_25_eta_0.1,42017,24,0.1026785714285704,0.0,0.0163149350649351,0.04387209429226254,0.18890977443609303,25,25,1,False,False,0.20057516832471955,0.00043262981686385447,0.032473612516406763,0.08732400004411907,0.19317853639282556,37,37,1,False,False,0.08852366229242409,0.000352183694205545,0.05094125664929356,0.21266431045090978,1.3554549203958373,49,49,1,False,False
17,step,step_r_25_eta_0.1,42017,25,0.0863636363636353,0.0,0.0,0.0,0.0,25,25,1,False,False,0.19588896718068036,0.0004455767339098463,0.027787411372367565,0.07472245074922373,0.16530133370124012,37,37,1,False,False,0.08371941991502421,0.00036314574136686286,0.046137014271893685,0.19260805429172936,1.2276226995683763,49,49,1,False,False
17,step,step_r_25_eta_0.1,42017,26,0.08777777777777672,9.837702944053505e-19,0.0014141414141414232,0.003802733214497952,0.016374269005848152,25,25,1,False,False,0.19150110078100446,0.00045546372041308333,0.02339954497269167,0.06292314614505326,0.13919886023764305,37,37,1,False,False,0.0791223502263508,0.00037209005965903547,0.041539944583220266,0.17341668133116325,1.1053029701629309,49,49,1,False,False
17,step,step_r_25_eta_0.1,42017,27,0.08924528301886682,9.837702944053505e-19,0.0028816466552315234,0.007748965795580582,0.033366434955312885,25,25,1,False,False,0.187726764521487,0.00046139825724351806,0.01962520871317422,0.05277367048920801,0.11674614561897911,37,37,1,False,False,0.07501109900251116,0.00037625198003814225,0.03742869335938063,0.15625345325009,0.9959099934897861,49,49,1,False,False
17,step,step_r_25_eta_0.1,42017,28,0.09076923076922959,9.837702944053505e-19,0.004405594405594293,0.011846976552858626,0.05101214574898716,25,25,1,False,False,0.18434331042279795,0.00047193467760769334,0.016241754614485154,0.04367530652634665,0.096618704903634,37,37,1,False,False,0.07118246246392043,0.00038546297707045654,0.033600056820789904,0.140270055842915,0.8940368836376356,49,49,1,False,False
17,step,step_r_25_eta_0.1,42017,29,0.0923529411764694,0.0,0.005989304812834106,0.016105693614343847,0.06934984520123777,25,25,1,False,False,0.1810444281065228,0.000469915840148176,0.012942872298210006,0.03480436248258154,0.07699436353205935,37,37,1,False,False,0.06738398811800181,0.0003837787102413419,0.02980158247487128,0.12441257645049296,0.792966335307451,49,49,1,False,False
17,step,step_r_25_eta_0.1,42017,30,0.09399999999999878,1.967540588810701e-18,0.007636363636363483,0.020534759358288395,0.08842105263157829,25,25,1,False,False,0.17794186797006423,0.00046032217098806826,0.009840312161751436,0.026461343628239164,0.05853790058298092,37,37,1,False,False,0.06370708000844326,0.0003742748887113063,0.026124674365312732,0.1090625992582544,0.6951304451711677,49,49,1,False,False
17,step,step_r_25_eta_0.1,42017,31,0.09571428571428452,9.837702944053505e-19,0.00935064935064922,0.0251446032958635,0.10827067669172918,25,25,1,False,False,0.1756311208634113,0.0004505911761798288,0.007529565055098497,0.020247569896063192,0.044791763044028654,37,37,1,False,False,0.06064631214368795,0.0003662122734282739,0.023063906500557424,0.09628482088718397,0.61368893517792,49,49,1,False,False
17,step,step_r_25_eta_0.1,42017,32,0.0974999999999988,0.0,0.0111363636363635,0.029946524064170813,0.1289473684210527,25,25,1,False,False,0.17353248774430405,0.00044213243182251354,0.005430931935991257,0.014604186718631958,0.03230744599523039,37,37,1,False,False,0.05772042318995018,0.000357911254166666,0.020138017546819653,0.08407012109902698,0.5358363096296515,49,49,1,False,False
17,step,step_r_25_eta_0.1,42017,33,0.09936170212765841,9.837702944053505e-19,0.012998065764023112,0.03495278188644877,0.15050391937290097,25,25,1,False,False,0.17174703120088716,0.00041529187223137613,0.003645475392574371,0.009802959038855455,0.02168614903678412,37,37,1,False,False,0.05500924410497682,0.000333877926440166,0.01742683846184629,0.07275176995225008,0.46369672626402614,49,49,1,False,False
17,step,step_r_25_eta_0.1,42017,34,0.10130434782608572,9.837702944053505e-19,0.01494071146245042,0.04017670309230373,0.17299771167048061,25,25,1,False,False,0.1704078939942746,0.00041753148235226887,0.0023063381859618204,0.006201917810989771,0.01371990981803739,37,37,1,False,False,0.05261183619652396,0.0003347233997610938,0.015029430553393432,0.06274331838948802,0.3999060277329687,49,49,1,False,False
17,step,step_r_25_eta_0.1,42017,35,0.1033333333333321,0.0,0.0169696969696968,0.04563279857397468,0.19649122807017583,25,25,1,False,False,0.16933198511682168,0.0003973107144187424,0.0012304293085088902,0.003308717468259202,0.007319559313965884,37,37,1,False,False,0.050368810909762265,0.00031686120384721503,0.012786405266631738,0.05337936749174854,0.3402231721951756,49,49,1,False,False
17,step,step_r_25_eta_0.1,42017,36,0.1054545454545442,0.0,0.01909090909090891,0.05133689839572153,0.22105263157894806,25,25,1,False,False,0.1683703126732793,0.0003826824843127553,0.0002687568649664962,0.0007227075360443598,0.0015987767851057821,37,37,1,False,False,0.048159150011098814,0.0003036492196060989,0.010576744367968287,0.04415470280434693,0.28142808282155696,49,49,1,False,False
17,step,step_r_25_eta_0.1,42017,37,0.1076744186046499,0.0,0.021310782241014598,0.05730630518592172,0.24675642594859304,25,25,1,False,False,0.1681015558083128,0.00038044837794668477,0.0,0.0,0.0,37,37,1,False,False,0.0464648504369926,0.0003013721489546497,0.00888244479386207,0.03708151548379885,0.23634582836997398,49,49,1,False,False
17,step,step_r_25_eta_0.1,42017,38,0.10999999999999868,9.837702944053505e-19,0.023636363636363386,0.06355996944232183,0.2736842105263162,25,25,1,False,False,0.1681461471388733,0.00036940453053687424,4.4591330560506126e-05,0.00011990946033077283,0.0002652642347424905,37,37,1,False,False,0.04495144993757363,0.0002911228015034593,0.0073690442944431,0.030763526984599533,0.19607697187926143,49,49,1,False,False
17,step,step_r_25_eta_0.1,42017,39,0.11243902439024246,2.951310883216051e-18,0.026075388026607166,0.07011869049171689,0.3019255455712446,25,25,1,False,False,0.16857432993892082,0.0003573884762663572,0.0004727741306080335,0.0012713253932316872,0.0028124316181055153,37,37,1,False,False,0.043677878374827304,0.0002802227459087416,0.006095472731696777,0.025446751623795977,0.16218953064306918,49,49,1,False,False
17,step,step_r_25_eta_0.1,42017,40,0.11499999999999864,2.951310883216051e-18,0.02863636363636335,0.07700534759358227,0.33157894736842186,25,25,1,False,False,0.16911030934772672,0.0003571647889656697,0.0010087535394139313,0.002712614559768556,0.006000857841935936,37,37,1,False,False,0.04241664690068366,0.00028004060359417053,0.004834241257553135,0.020181492393653647,0.1286304368979838,49,49,1,False,False
17,step,step_r_25_eta_0.1,42017,41,0.11769230769230628,1.967540588810701e-18,0.03132867132867098,0.084245166598107,0.3627530364372473,25,25,1,False,False,0.17016957424512408,0.0003458345721902169,0.0020680184368112864,0.005561057981341277,0.012302196888465788,37,37,1,False,False,0.041489341319505206,0.00026975886717324764,0.003906935676374679,0.016310272581463732,0.10395650862463635,49,49,1,False,False
17,step,step_r_25_eta_0.1,42017,42,0.12052631578947225,2.951310883216051e-18,0.03416267942583695,0.09186602870813315,0.39556786703601166,25,25,1,False,False,0.17141397085759047,0.00033015564059663807,0.0033124150492776783,0.00890733458629292,0.01970484468956868,37,37,1,False,False,0.040616958010313765,0.000255324107267439,0.003034552367183238,0.012668336612444929,0.08074396290642727,49,49,1,False,False
17,step,step_r_25_eta_0.1,42017,43,0.12351351351351197,1.967540588810701e-18,0.03714987714987668,0.09989882931059293,0.43015647226173526,25,25,1,False,False,0.17291349041288012,0.0003194494936054453,0.004811934604567331,0.012939656079508793,0.028625164005349202,37,37,1,False,False,0.03984356628908385,0.00024619488692465436,0.0022611606459533237,0.009439660527044848,0.06016540472221288,49,49,1,False,False
17,step,step_r_25_eta_0.1,42017,44,0.12666666666666518,1.967540588810701e-18,0.04030303030302988,0.1083778966131898,0.4666666666666677,25,25,1,False,False,0.17470492388854847,0.0003060761800350825,0.0066033680802356776,0.017756956182146368,0.039282016448232815,37,37,1,False,False,0.039193619606554944,0.00023453341643658054,0.0016112139634244169,0.006726330072292842,0.04287149627205733,49,49,1,False,False
17,step,step_r_25_eta_0.1,42017,45,0.12999999999999853,1.967540588810701e-18,0.04363636363636324,0.11734148204736355,0.5052631578947384,25,25,1,False,False,0.17666475788325375,0.00028531015318044103,0.008563202074940962,0.023027098016647974,0.05094064735906212,37,37,1,False,False,0.03855610575272966,0.00021703437677777753,0.0009737001095991293,0.00406490291002167,0.025908402959753163,49,49,1,False,False
17,step,step_r_25_eta_0.1,42017,46,0.13352941176470431,1.967540588810701e-18,0.04716577540106902,0.12683233721295895,0.5461300309597532,25,25,1,False,False,0.17896539152372518,0.00027822008804518174,0.010863835715412384,0.029213675873377854,0.06462662206291814,37,37,1,False,False,0.03807215262738628,0.00021020251768476812,0.0004897469842557525,0.002044545257671937,0.013031283545450023,49,49,1,False,False
17,step,step_r_25_eta_0.1,42017,47,0.13727272727272566,1.967540588810701e-18,0.05090909090909036,0.13689839572192392,0.5894736842105273,25,25,1,False,False,0.1817461845555564,0.0002686472832357603,0.01364462874724362,0.036691438648050086,0.08116896171266053,37,37,1,False,False,0.037819048754794006,0.00020232689095531515,0.00023664311166347873,0.000987913284341195,0.006296646199569045,49,49,1,False,False
17,step,step_r_25_eta_0.1,42017,48,0.1412499999999983,0.0,0.054886363636363,0.1475935828876991,0.6355263157894742,25,25,1,False,False,0.1848187841129046,0.0002646919647382435,0.016717228304591797,0.044953891239238465,0.09944719562057203,37,37,1,False,False,0.037642422591126726,0.00019755718304709517,6.0016947996198444e-05,0.0002505525717366977,0.0015969426908457596,49,49,1,False,False
17,step,step_r_25_eta_0.1,42017,49,0.1454838709677402,0.0,0.05912023460410491,0.15897878212868577,0.6845500848896442,25,25,1,False,False,0.18825240469931942,0.00025481104022825196,0.02015084889100663,0.05418715668169852,0.11987306598152347,37,37,1,False,False,0.03758240564313053,0.00018845185272560322,0.0,0.0,0.0,49,49,1,False,False
17,step,step_r_25_eta_0.1,42017,50,0.14999999999999816,1.967540588810701e-18,0.06363636363636287,0.1711229946524047,0.7368421052631582,25,25,1,False,False,0.19220976771037954,0.0002548836106217801,0.024108211902066745,0.06482880511480135,0.14341456737948022,37,37,1,False,False,0.03775102995315942,0.0001878827699891768,0.0001686243100288906,0.0007039553983608246,0.0044867886220507636,49,49,1,False,False
17,step,step_r_25_eta_0.1,42017,51,0.15482758620689485,3.935081177621402e-18,0.06846394984325956,0.18410473907431177,0.7927404718693309,25,25,1,False,False,0.1965461994867762,0.0002490715336999398,0.028444643678463416,0.07648979812696048,0.1692110673318159,37,37,1,False,False,0.03801018045587345,0.000181904351876529,0.0004277748127429204,0.001785830220218994,0.011382315884856276,49,49,1,False,False
17,step,step_r_25_eta_0.1,42017,52,0.15999999999999812,1.967540588810701e-18,0.07363636363636282,0.1980137509549256,0.8526315789473695,25,25,1,False,False,0.20125319911670217,0.0002408501033048214,0.03315164330838938,0.08914727612340005,0.19721199574257597,37,37,1,False,False,0.03833382142810458,0.0001747050395574122,0.0007514157849740494,0.003136933210611155,0.01999381817410084,49,49,1,False,False
17,step,step_r_25_eta_0.1,42017,53,0.16555555555555362,1.967540588810701e-18,0.07919191919191833,0.21295306001188163,0.9169590643274868,25,25,1,False,False,0.20653426638728484,0.0002416781591148703,0.038432710578972046,0.10334846542244588,0.22862792907637974,37,37,1,False,False,0.0388524883340453,0.0001747661359346186,0.0012700826909147755,0.005302210378093851,0.03379460865211881,49,49,1,False,False
17,step,step_r_25_eta_0.1,42017,54,0.17153846153845947,1.967540588810701e-18,0.08517482517482418,0.22904154668860327,0.9862348178137659,25,25,1,False,False,0.2121631515425046,0.00022940147183372986,0.0440615957341918,0.11848496331883514,0.2621129561967619,37,37,1,False,False,0.039360495371654244,0.00016411922185293308,0.001778089728523717,0.00742298582541123,0.04731175926862807,49,49,1,False,False
17,step,step_r_25_eta_0.1,42017,55,0.177999999999998,0.0,0.0916363636363627,0.2464171122994632,1.0610526315789497,25,25,1,False,False,0.21839944934587094,0.00021843134282285406,0.05029789353755815,0.1352548397648623,0.29921135051785686,37,37,1,False,False,0.04003090712072275,0.00015567556312303055,0.0024485014775922215,0.01022175173170575,0.06515020621197976,49,49,1,False,False
17,step,step_r_25_eta_0.1,42017,56,0.18499999999999786,1.967540588810701e-18,0.09863636363636256,0.2652406417112276,1.1421052631578963,25,25,1,False,False,0.2253403311560055,0.00021386436984185977,0.0572387753476927,0.15391939589295522,0.3405011635523614,37,37,1,False,False,0.04089760686006044,0.00015103315834837558,0.0033152012169299153,0.01383996051880268,0.08821152239188512,49,49,1,False,False
17,step,step_r_25_eta_0.1,42017,57,0.1926086956521717,0.0,0.1062450592885364,0.2857009997674934,1.2302059496567526,25,25,1,False,False,0.23295678564000455,0.00021319103387515095,0.06485522983169176,0.17440061803480145,0.3858098131206267,37,37,1,False,False,0.04188778118705708,0.00014905454643015828,0.00430537554392655,0.017973638294493225,0.11455827455030154,49,49,1,False,False
17,step,step_r_25_eta_0.1,42017,58,0.2009090909090885,5.902621766432102e-18,0.11454545454545322,0.3080213903743286,1.3263157894736852,25,25,1,False,False,0.2414857107623457,0.00020695404061900466,0.07338415495403292,0.19733554273353396,0.4365465542610045,37,37,1,False,False,0.043122300466386376,0.0001430429418627434,0.005539894823255849,0.0231273822055312,0.1474066049911964,49,49,1,False,False
17,step,step_r_25_eta_0.1,42017,59,0.20999999999999758,1.967540588810701e-18,0.12363636363636228,0.33246753246752947,1.4315789473684233,25,25,1,False,False,0.2509087010288411,0.00020608057681967412,0.08280714522052832,0.2226746762232695,0.4926018966472494,37,37,1,False,False,0.04454141446142788,0.00014238459530514585,0.006959008818297356,0.029051753119355588,0.1851666677321746,49,49,1,False,False
17,step,step_r_25_eta_0.1,42017,60,0.2199999999999975,0.0,0.13363636363636222,0.3593582887700504,1.5473684210526342,25,25,1,False,False,0.26136562855541845,0.000205231390866904,0.09326407274710566,0.25079414520230103,0.5548079094131362,37,37,1,False,False,0.04615879796615447,0.00014121278931314253,0.008576392323023943,0.035803839157109926,0.22820232436588506,49,49,1,False,False
17,step,step_r_25_eta_0.1,42017,61,0.23105263157894476,1.967540588810701e-18,0.14468899521530948,0.38907965099915226,1.6753462603878146,25,25,1,False,False,0.27305562332020644,0.00020711058671710154,0.10495406751189365,0.28222942524206707,0.6243491739694154,37,37,1,False,False,0.04805203607075262,0.0001409845140296419,0.010469630427622091,0.043707534560731974,0.27857797414668095,49,49,1,False,False
17,step,step_r_25_eta_0.1,42017,62,0.24333333333333054,3.935081177621402e-18,0.15696969696969526,0.42210338680926535,1.8175438596491253,25,25,1,False,False,0.2861422769310047,0.0002062707579224057,0.1180407211226919,0.31742042654841535,0.7021988616053882,37,37,1,False,False,0.050215679470551305,0.00013958972293415082,0.012633273827420778,0.052740090134451426,0.3361486209100599,49,49,1,False,False
17,step,step_r_25_eta_0.1,42017,63,0.2570588235294089,0.0,0.1706951871657736,0.4590122680088038,1.9764705882352978,25,25,1,False,False,0.30074217252504243,0.00020927155086099698,0.13264061671672964,0.3566806499945672,0.7890505003295778,37,37,1,False,False,0.052607506002841226,0.0001393016944404236,0.015025100359710698,0.06272524114298432,0.39979080909252684,49,49,1,False,False
17,step,step_r_25_eta_0.1,42017,64,0.27249999999999686,3.935081177621402e-18,0.18613636363636155,0.5005347593582841,2.1552631578947397,25,25,1,False,False,0.317277517005509,0.00021710109087376542,0.1491759611971962,0.4011454418748135,0.8874157082002407,37,37,1,False,False,0.05538470440082823,0.00014361286016160356,0.017802298757697704,0.07431920291662793,0.47368704725136945,49,49,1,False,False
17,step,step_r_25_eta_0.1,42017,65,0.28999999999999665,3.935081177621402e-18,0.20363636363636134,0.5475935828876954,2.357894736842108,25,25,1,False,False,0.3362293871733069,0.00022395766803437163,0.16812783136499412,0.4521084540907407,1.000156307635316,37,37,1,False,False,0.058671767961001015,0.00014692739547898293,0.021089362317870487,0.08804169724465412,0.5611498773688877,49,49,1,False,False
17,step,step_r_25_eta_0.1,42017,66,0.3099999999999965,0.0,0.2236363636363612,0.6013750954927372,2.5894736842105304,25,25,1,False,False,0.35796083715905214,0.00022905877057454062,0.18985928135073935,0.5105459666574506,1.1294320295716775,37,37,1,False,False,0.06248094889658958,0.0001490907509670351,0.024898543253459055,0.10394387340467094,0.6625053087310848,49,49,1,False,False
17,step,step_r_25_eta_0.1,42017,67,0.33307692307691944,3.935081177621402e-18,0.24671328671328413,0.663430686960093,2.8566801619433253,25,25,1,False,False,0.3831636823113759,0.00023787893144566362,0.21506212650306308,0.5783183233695817,1.279358334721778,37,37,1,False,False,0.06696036223428942,0.0001541605928685836,0.02937795659115889,0.12264406675178097,0.7816944149377174,49,49,1,False,False
17,step,step_r_25_eta_0.1,42017,68,0.35999999999999593,3.935081177621402e-18,0.2736363636363606,0.7358288770053409,3.168421052631583,25,25,1,False,False,0.41260277924444383,0.0002544746198033491,0.24450122343613104,0.6574822815089241,1.4544851905769227,37,37,1,False,False,0.0722055068798498,0.00016319478603981404,0.03462310123671928,0.14454095627970842,0.9212582495513519,49,49,1,False,False
17,step,step_r_25_eta_0.1,42017,69,0.3918181818181775,0.0,0.3054545454545422,0.8213903743315436,3.5368421052631644,25,25,1,False,False,0.4473991206442466,0.00026765510183150406,0.2792975648359338,0.751052275189066,1.661481141521489,37,37,1,False,False,0.07841014021240986,0.00017028086613076452,0.04082773456927933,0.17044342033460552,1.0863523468126366,49,49,1,False,False
17,step,step_r_25_eta_0.1,42017,70,0.42999999999999533,3.935081177621402e-18,0.34363636363636,0.9240641711229867,3.9789473684210597,25,25,1,False,False,0.48931835205235186,0.000275815047140223,0.3212167962440391,0.8637762588075004,1.910849633124898,37,37,1,False,False,0.08595142166713413,0.0001738047501100627,0.0483690160240036,0.20192598527261457,1.2870122387400897,49,49,1,False,False
17,step,step_r_25_eta_0.1,42017,71,0.4766666666666613,7.870162355242804e-18,0.390303030303026,1.0495543672014165,4.519298245614041,25,25,1,False,False,0.540598505103747,0.00029471839378684316,0.3724969492954342,1.001672468693605,2.215904234224903,37,37,1,False,False,0.09520925405808704,0.0001838803868146939,0.057626848414956515,0.24057463022549488,1.5333464537145667,49,49,1,False,False
17,step,step_r_25_eta_0.1,42017,72,0.534999999999994,7.870162355242804e-18,0.4486363636363587,1.2064171122994543,5.194736842105271,25,25,1,False,False,0.6049264069318894,0.0003161434736926109,0.4368248511235766,1.1746550618449123,2.598577086470815,37,37,1,False,False,0.10691989304671652,0.00019631616498672666,0.069337487403586,0.28946299948190907,1.844945426378255,49,49,1,False,False
17,step,step_r_25_eta_0.1,42017,73,0.6099999999999933,0.0,0.523636363636358,1.4080977845683604,6.063157894736852,25,25,1,False,False,0.6877558594769443,0.0003474190292726183,0.5196543036686315,1.3973897241509425,3.0913116845937845,37,37,1,False,False,0.12203879664449346,0.00021394710316384132,0.08445639100136293,0.35257984071985676,2.2472321703759865,49,49,1,False,False
17,step,step_r_25_eta_0.1,42017,74,0.7099999999999921,1.5740324710485608e-17,0.6236363636363568,1.6770053475935676,7.2210526315789565,25,25,1,False,False,0.7983193094988354,0.0003914404904666206,0.6302177536905227,1.6947032032014062,3.7490298686418093,37,37,1,False,False,0.14228615785500934,0.00024092275342152552,0.1047037522118788,0.43710643848184133,2.7859779175955173,49,49,1,False,False
17,step,step_r_25_eta_0.1,42017,75,0.8499999999999908,0.0,0.7636363636363555,2.053475935828859,8.84210526315791,25,25,1,False,False,0.9531450347038677,0.0004499680913464545,0.7850434788955549,2.111041287786367,4.670054807765995,37,37,1,False,False,0.1706450285204311,0.0002750935016613328,0.13306262287730056,0.5554961302938921,3.540556294900785,49,49,1,False,False
17,step,step_r_25_eta_0.1,42017,76,1.0599999999999883,1.5740324710485608e-17,0.973636363636353,2.6181818181817946,11.273684210526332,25,25,1,False,False,1.1855021358758842,0.0005395150463430973,1.0174005800675714,2.7358671060640587,6.052297226967484,37,37,1,False,False,0.2132543942319188,0.00032742602930830006,0.17567198858878827,0.7333773207829343,4.674314631610027,49,49,1,False,False
18,step,step_r_30_eta_0.001,42018,0,0.37500587499999993,3.935081177621402e-18,0.37499647499999994,0.9999749337260383,39893.24202127618,30,30,1,False,False,0.3750058750000002,7.870162355242804e-18,0.37499531981038386,0.9999718532686552,35527.10405413561,35,35,1,False,False,0.3504098762720297,0.0,0.3504090733483875,0.9999977086158337,436416.4348237974,36,36,1,False,False
18,step,step_r_30_eta_0.001,42018,1,0.36709455696202525,3.935081177621402e-18,0.36708515696202526,0.9788784161368814,39051.612442768244,30,30,1,False,False,0.3670945573846333,7.461713173565647e-12,0.36708400219501697,0.9788753368064347,34777.584822086064,35,35,1,False,False,0.34374930966657435,1.695692400329761e-06,0.34374850674293217,0.9809897780280423,428121.04251536465,36,36,1,False,False
18,step,step_r_30_eta_0.001,42018,2,0.3589803846153846,0.0,0.3589709846153846,0.9572409621992847,38188.40261865755,30,30,1,False,False,0.3589803855180026,1.3796465766253405e-11,0.35896983032838625,0.9572378841488445,34008.84715260076,35,35,1,False,False,0.33686506458349497,2.349653806021676e-06,0.3368642616598528,0.9613435136124383,419547.0701952367,36,36,1,False,False
18,step,step_r_30_eta_0.001,42018,3,0.35065545454545444,3.935081177621402e-18,0.35064605454545444,0.9350414964711007,37302.77176015435,30,30,1,False,False,0.3506554559582231,1.8545099875814317e-11,0.35064490076860677,0.935038419781041,33220.14227259536,35,35,1,False,False,0.32975018315491506,2.7241725806622393e-06,0.32974938023127287,0.9410390589998163,410685.8521977,36,36,1,False,False
18,step,step_r_30_eta_0.001,42018,4,0.3421114473684209,3.935081177621402e-18,0.3421020473684209,0.9122578342763856,36393.83482642738,30,30,1,False,False,0.34211144936024934,2.389603187862773e-11,0.342100894170633,0.9122547591304611,32410.682006267445,35,35,1,False,False,0.3223961896527978,2.9760791244251367e-06,0.32239538672915563,0.9200522261503672,401526.8324404676,36,36,1,False,False
18,step,step_r_30_eta_0.001,42018,5,0.33333960000000007,3.935081177621402e-18,0.3333302000000001,0.8888666077564789,35460.65957446773,30,30,1,False,False,0.33333960263284496,2.8267875255089794e-11,0.3333290474432286,0.8888635343199048,31579.63613724432,35,35,1,False,False,0.3147916378933934,3.183549757857522e-06,0.3147908349697512,0.8983503499352662,392055.7552918096,36,36,1,False,False
18,step,step_r_30_eta_0.001,42018,6,0.3243306756756757,0.0,0.3243212756756757,0.8648431859252226,34502.26336975238,30,30,1,False,False,0.32433067904362545,3.296933019181593e-11,0.3243201238540091,0.8648401144488974,30726.129576330983,35,35,1,False,False,0.30692738682615806,3.5838182727346263e-06,0.30692658390251587,0.8759073436167737,382261.2360445589,36,36,1,False,False
18,step,step_r_30_eta_0.001,42018,7,0.31507493150684934,3.935081177621402e-18,0.31506553150684935,0.840161588153384,33517.609734770864,30,30,1,False,False,0.31507493566030037,3.887349748089937e-11,0.315064380470684,0.8401585187716961,29849.239276889275,35,35,1,False,False,0.29879632238005577,3.6598166648491492e-06,0.2987955194564136,0.852702905052976,372134.41449001984,36,36,1,False,False
18,step,step_r_30_eta_0.001,42018,8,0.3055620833333333,0.0,0.3055526833333333,0.8147943904434387,32505.60460992874,30,30,1,False,False,0.30556208837564486,4.5493111597640773e-11,0.3055515331860285,0.8147913234320084,28947.990921299264,35,35,1,False,False,0.29038281017554096,3.731684346016439e-06,0.2903820072518988,0.8286924168383595,361655.81881452986,36,36,1,False,False
18,step,step_r_30_eta_0.001,42018,9,0.29578126760563384,3.935081177621402e-18,0.29577186760563384,0.7887126237839178,31465.09229847136,30,30,1,False,False,0.29578127366600787,5.661932203643171e-11,0.2957707184763915,0.7887095594872783,28021.355297955488,35,35,1,False,False,0.28167674388609004,3.777709015827928e-06,0.28167594096244786,0.8038470375297802,350812.86210945545,36,36,1,False,False
18,step,step_r_30_eta_0.001,42018,10,0.28572100000000006,3.935081177621402e-18,0.28571160000000007,0.7618856637912675,30394.851063829483,30,30,1,False,False,0.28572100722600086,7.260220511784052e-11,0.2857104520363845,0.7618826026029175,27068.244382312107,35,35,1,False,False,0.2726658623029964,3.865064272643422e-06,0.2726650593793542,0.7781317760795055,339590.2736715033,36,36,1,False,False
18,step,step_r_30_eta_0.001,42018,11,0.27536913043478256,3.935081177621402e-18,0.27535973043478257,0.7342811107553519,29293.588344125503,30,30,1,False,False,0.2753691389622686,9.011583548027661e-11,0.27535858377265227,0.7342780530375748,26087.507072987064,35,35,1,False,False,0.2633365382511466,3.805574156383097e-06,0.2633357353275044,0.7515077432437207,327971.0815566456,36,36,1,False,False
18,step,step_r_30_eta_0.001,42018,12,0.264712794117647,0.0,0.264703394117647,0.7058646591007328,28159.935544430242,30,30,1,False,False,0.26471280413284903,1.1180605634999343e-10,0.2647022489432327,0.7058616053501363,25077.924562698852,35,35,1,False,False,0.25367263269125984,3.711383138795786e-06,0.25367182976761765,0.7239288814185348,315935.18542353803,36,36,1,False,False
18,step,step_r_30_eta_0.001,42018,13,0.2537383582089552,0.0,0.2537289582089552,0.6765999551579165,26992.44236265453,30,30,1,False,False,0.2537383699700106,1.3793035277473212e-10,0.25372781478039425,0.6765969060628559,24038.205281307368,35,35,1,False,False,0.24365991052350375,3.4674633721118735e-06,0.2436591075998616,0.6953545664640586,303464.85618925816,36,36,1,False,False
18,step,step_r_30_eta_0.001,42018,14,0.24243136363636356,3.935081177621402e-18,0.24242196363636356,0.6464484420047115,25789.570599612878,30,30,1,False,False,0.2424313774023341,1.5903916427324204e-10,0.24242082221271777,0.6464453982560077,22966.979374556577,35,35,1,False,False,0.23328203427980473,3.606437684307578e-06,0.23328123135616258,0.6657381745001446,290539.7463796307,36,36,1,False,False
18,step,step_r_30_eta_0.001,42018,15,0.23077646153846146,3.935081177621402e-18,0.23076706153846147,0.6153691899852543,24549.687397708414,30,30,1,False,False,0.23077647753075448,1.8409182200781e-10,0.23076592234113816,0.6153661521733174,21862.792685806668,35,35,1,False,False,0.2225268011028841,3.537339437443444e-06,0.22252599817924193,0.6350448810024146,277144.6579650575,36,36,1,False,False
18,step,step_r_30_eta_0.001,42018,16,0.21875734375000008,5.902621766432102e-18,0.2187479437500001,0.5833187113401893,23271.05784574445,30,30,1,False,False,0.21875736240546864,2.0920187807576023e-10,0.21874680721585232,0.5833156806299427,20724.10019782954,35,35,1,False,False,0.21137375602334557,3.417546301299368e-06,0.21137295309970341,0.6032163115619797,263254.11533575173,36,36,1,False,False
18,step,step_r_30_eta_0.001,42018,17,0.20635666666666658,1.967540588810701e-18,0.20634726666666658,0.5502507571825818,21951.83687943239,30,30,1,False,False,0.20635668874575167,2.7207575340424133e-10,0.20634613355613535,0.5502477356018362,19549.25880601454,35,35,1,False,False,0.19980165635608763,3.3134426979868947e-06,0.19980085343244547,0.5701918437862076,248841.66182262808,36,36,1,False,False
18,step,step_r_30_eta_0.001,42018,18,0.1935559677419354,0.0,0.1935465677419354,0.5161160948263422,20590.06039807802,30,30,1,False,False,0.19355599390905184,3.577877770819513e-10,0.19354543871943553,0.5161130841468428,18336.51935726988,35,35,1,False,False,0.1877938758276051,3.167152376799228e-06,0.18779307290396294,0.5359240296017675,233886.59025923623,36,36,1,False,False
18,step,step_r_30_eta_0.001,42018,19,0.18033557377049184,1.967540588810701e-18,0.18032617377049184,0.48086226321252135,19183.635507498933,30,30,1,False,False,0.1803356051728213,5.044842448214836e-10,0.18032504998320498,0.4808592664933713,17084.01805537182,35,35,1,False,False,0.17532527352984195,2.8434766527972833e-06,0.1753244706061998,0.5003411218640771,218357.58894078154,36,36,1,False,False
18,step,step_r_30_eta_0.001,42018,20,0.16667450000000003,1.967540588810701e-18,0.16666510000000004,0.4444333038782394,17730.329787233863,30,30,1,False,False,0.16667453790106254,6.90440162165659e-10,0.16666398271144622,0.4444303244887727,15789.766813250371,35,35,1,False,False,0.16237746453596866,2.566685781526775e-06,0.1623766616123265,0.4633906536534675,202231.760388769,36,36,1,False,False
18,step,step_r_30_eta_0.001,42018,21,0.15255033898305076,1.967540588810701e-18,0.15254093898305077,0.4067694645665239,16227.75946628183,30,30,1,False,False,0.15255038534251386,9.174246997785701e-10,0.15253983015289754,0.4067665077324387,14451.642812455442,35,35,1,False,False,0.14891857708783118,2.4183251266024095e-06,0.14891777416418903,0.42498166931967807,185469.4099716292,36,36,1,False,False
18,step,step_r_30_eta_0.001,42018,22,0.13793913793103446,1.967540588810701e-18,0.13792973793103447,0.36780687217509456,14673.376375641814,30,30,1,False,False,0.13793919651379893,1.5102173731292942e-09,0.13792864132418262,0.3678039479359691,13067.376933790987,35,35,1,False,False,0.1349281614358059,2.445023834781665e-06,0.13492735851216375,0.38505580935001144,168045.06858053314,36,36,1,False,False
18,step,step_r_30_eta_0.001,42018,23,0.1228152631578947,0.0,0.1228058631578947,0.3274771712787026,13064.453527435473,30,30,1,False,False,0.12281534265801415,3.4017029234731508e-09,0.12280478746839782,0.3274743028183165,11634.541105584665,35,35,1,False,False,0.1203778247901008,2.1627621594028966e-06,0.12037702186645864,0.34353204637704826,149923.3744596412,36,36,1,False,False
18,step,step_r_30_eta_0.001,42018,24,0.10715125,0.0,0.10714185,0.28570712392172526,11398.069148936054,30,30,1,False,False,0.10715136004732397,5.1767887153495144e-09,0.10714080485770763,0.2857043369192751,10150.533410785827,35,35,1,False,False,0.10523725443629996,1.9935700196505307e-06,0.1052364515126578,0.30032387395086085,131066.57468598016,36,36,1,False,False
18,step,step_r_30_eta_0.001,42018,25,0.09091763636363631,9.837702944053505e-19,0.0909082363636363,0.24241816575176675,9671.088974854827,30,30,1,False,False,0.09091779698398124,1.0177084461694018e-08,0.0909072417943649,0.2424155136085931,8612.563591822824,35,35,1,False,False,0.0894735445920039,1.707461449149287e-06,0.08947274166836175,0.2553373855219263,111433.6868040941,36,36,1,False,False
18,step,step_r_30_eta_0.001,42018,26,0.0740827777777777,0.0,0.0740733777777777,0.19752591283477283,7880.14657210393,30,30,1,False,False,0.0740830493349845,2.0104324629851403e-08,0.07407249414536816,0.1975235565185962,7017.637469135623,35,35,1,False,False,0.07305188739466212,1.4106479637454503e-06,0.07305108447101996,0.20847324638278475,90981.35941576441,36,36,1,False,False
18,step,step_r_30_eta_0.001,42018,27,0.0566126415094339,0.0,0.0566032415094339,0.15093961263789243,6021.621437173758,30,30,1,False,False,0.056613475775480177,2.179564969328423e-07,0.05660292058586385,0.1509387568551128,5362.567859350323,35,35,1,False,False,0.05593513788791188,1.1736339604940123e-06,0.055934334964269715,0.15962545222568686,69663.33039292287,36,36,1,False,False
18,step,step_r_30_eta_0.001,42018,28,0.03847057692307689,4.918851472026753e-19,0.03846117692307689,0.10256153166420899,4091.614566284734,30,30,1,False,False,0.038473933292241226,7.939071010610707e-07,0.0384633781026249,0.10256740138437799,3644.0253089464745,35,35,1,False,False,0.038086064107864505,1.1288054967080631e-06,0.03808526118422234,0.10868775044073258,47433.229244113565,36,36,1,False,False
18,step,step_r_30_eta_0.001,42018,29,0.019617058823529404,2.4594257360133763e-19,0.019607658823529404,0.052286271044498726,2085.921151439277,30,30,1,False,False,0.019707827638729757,3.416329736081078e-05,0.01969727244911343,0.05252523696892327,1866.1220845000366,35,35,1,False,False,0.01954076866746955,3.353520515262156e-05,0.019539965743827385,0.055763170695160846,24336.01991242365,36,36,1,False,False
18,step,step_r_30_eta_0.001,42018,30,9.400000000000096e-06,1.2008914726627814e-22,0.0,0.0,0.0,30,30,1,False,False,0.0020650446845368047,0.0003461095301761233,0.0020544894949204775,0.005478552822460385,194.64259474245094,35,35,1,False,False,0.0020372921806241385,0.00034334792986907847,0.002036489256981976,0.005811734756588343,2536.342374346591,36,36,1,False,False
18,step,step_r_30_eta_0.001,42018,31,9.57142857142867e-06,1.2008914726627814e-22,1.7142857142857342e-07,4.5713569535030205e-07,0.01823708206686936,30,30,1,False,False,0.00014759236676498017,8.650616004676497e-05,0.0001370371771486531,0.0003654267473773658,12.98291950498738,35,35,1,False,False,0.0001365719110142091,8.579458023296537e-05,0.0001357689873720464,0.0003874576504991156,169.09327393367943,36,36,1,False,False
18,step,step_r_30_eta_0.001,42018,32,9.7500000000001e-06,0.0,3.500000000000034e-07,9.333187113401983e-07,0.037234042553191404,30,30,1,False,False,2.1898022025380535e-05,7.060245218759414e-06,1.1342832409053457e-05,3.0247079219901425e-05,1.074621377858341,35,35,1,False,False,1.2225799500138867e-05,6.962471704545395e-06,1.142287585797616e-05,3.259861274317613e-05,14.22660295219128,36,36,1,False,False
18,step,step_r_30_eta_0.001,42018,33,9.936170212766061e-06,1.2008914726627814e-22,5.361702127659651e-07,1.4297648343935016e-06,0.05703938433680422,30,30,1,False,False,1.089945846212964e-05,1.7712429688165376e-07,3.4426884580256265e-07,9.180358729114909e-07,0.032616074018228636,35,35,1,False,False,1.3583806677053138e-06,1.6475095126724617e-07,5.554570255426057e-07,1.5851637272671907e-06,0.691793087629677,36,36,1,False,False
18,step,step_r_30_eta_0.001,42018,34,1.01304347826088e-05,0.0,7.304347826087041e-07,1.947795571492591e-06,0.07770582793709546,30,30,1,False,False,1.058365432378216e-05,7.463900411375413e-08,2.8464707455081798e-08,7.590469737329257e-08,0.002696749986476066,35,35,1,False,False,9.55767634563256e-07,6.718545200653928e-08,1.5284399240054797e-07,4.361863142290326e-07,0.19035931236108117,36,36,1,False,False
18,step,step_r_30_eta_0.001,42018,35,1.033333333333344e-05,0.0,9.333333333333436e-07,2.4888498969071985e-06,0.09929078014184411,30,30,1,False,False,1.0555189616327078e-05,1.4227554612522665e-08,0.0,0.0,0.0,35,35,1,False,False,8.069897417317385e-07,1.1302549975557246e-08,4.0660995690304275e-09,1.1603838374332346e-08,0.0050641173774361725,36,36,1,False,False
18,step,step_r_30_eta_0.001,42018,36,1.054545454545465e-05,2.401782945325563e-22,1.1454545454545544e-06,3.0544976007497338e-06,0.12185686653771732,30,30,1,False,False,1.0702810174453797e-05,5.3475581393647824e-09,1.47620558126719e-07,3.9364865450899647e-07,0.013985590358166045,35,35,1,False,False,8.029236421627081e-07,3.323004157285504e-09,0.0,0.0,0.0,36,36,1,False,False
18,step,step_r_30_eta_0.001,42018,37,1.0767441860465225e-05,1.2008914726627814e-22,1.3674418604651283e-06,3.646454500119841e-06,0.14547253834735252,30,30,1,False,False,1.0896192020769086e-05,3.4271982590104356e-09,3.4100240444200766e-07,9.093254990792011e-07,0.03230661095036469,35,35,1,False,False,8.262622626816987e-07,1.8161457386703694e-09,2.3338620518990606e-08,6.660377489152847e-08,0.02906704858774245,36,36,1,False,False
18,step,step_r_30_eta_0.001,42018,38,1.100000000000011e-05,1.2008914726627814e-22,1.6000000000000135e-06,4.266599823269472e-06,0.1702127659574464,30,30,1,False,False,1.110749953694973e-05,2.7782221894269847e-09,5.523099206226524e-07,1.472803381074102e-06,0.05232591177408352,35,35,1,False,False,8.563215581660765e-07,1.435027426695772e-09,5.3397916003368384e-08,1.5238701765904164e-07,0.06650435134720767,36,36,1,False,False
18,step,step_r_30_eta_0.001,42018,39,1.1243902439024506e-05,1.2008914726627814e-22,1.8439024390244101e-06,4.916996137792269e-06,0.19615983393876513,30,30,1,False,False,1.1338980732056898e-05,2.3835440642398016e-09,7.837911157298198e-07,2.0900768974081255e-06,0.07425646949226072,35,35,1,False,False,8.926191684394288e-07,1.2005378045763968e-09,8.969552627672073e-08,2.559731684248775e-07,0.11171115354770489,36,36,1,False,False
18,step,step_r_30_eta_0.001,42018,40,1.1500000000000115e-05,0.0,2.100000000000019e-06,5.599912268041186e-06,0.22340425531914865,30,30,1,False,False,1.1584289549546159e-05,1.5571167341779774e-09,1.0290999332190805e-06,2.7442234957494464e-06,0.09749705790479002,35,35,1,False,False,9.315289922599328e-07,6.328809627245329e-10,1.2860535009722472e-07,3.6701405641142947e-07,0.16017133304335252,36,36,1,False,False
18,step,step_r_30_eta_0.001,42018,41,1.1769230769230889e-05,0.0,2.369230769230792e-06,6.31784973830288e-06,0.2520458265139114,30,30,1,False,False,1.1845761206933738e-05,1.1309614132343553e-09,1.2905715906066599e-06,3.4414703252493286e-06,0.12226891581467814,35,35,1,False,False,9.740159578365912e-07,3.7315903413823696e-10,1.7109231567388312e-07,4.882633945541563e-07,0.21308665816968464,36,36,1,False,False
18,step,step_r_30_eta_0.001,42018,42,1.2052631578947489e-05,1.2008914726627814e-22,2.6526315789473926e-06,7.073573391209919e-06,0.2821948488241879,30,30,1,False,False,1.2122796560217577e-05,9.502248193942327e-10,1.5676069438904988e-06,4.180219693599462e-06,0.14851528024334848,35,35,1,False,False,1.0194624762223004e-06,2.81815178155046e-10,2.1653883405959227e-07,6.17958706995716e-07,0.26968795373410104,36,36,1,False,False
18,step,step_r_30_eta_0.001,42018,43,1.235135135135148e-05,2.401782945325563e-22,2.9513513513513836e-06,7.870146971301141e-06,0.31397354801610144,30,30,1,False,False,1.2416731151844253e-05,8.344325695429746e-10,1.861541535517175e-06,4.96403299152893e-06,0.17636268065120198,35,35,1,False,False,1.0679603765960705e-06,2.392121759882121e-10,2.6503673443336234e-07,7.563620559245009e-07,0.3300895882446242,36,36,1,False,False
18,step,step_r_30_eta_0.001,42018,44,1.2666666666666794e-05,0.0,3.2666666666666975e-06,8.710974639175181e-06,0.3475177304964536,30,30,1,False,False,1.2728214324759296e-05,7.429430981536801e-10,2.1730247084322177e-06,5.794641773098132e-06,0.2058726358710714,35,35,1,False,False,1.1193639571362273e-06,2.0500129721043003e-10,3.164403149735192e-07,9.030576373591157e-07,0.3941100975943044,36,36,1,False,False
18,step,step_r_30_eta_0.001,42018,45,1.300000000000013e-05,0.0,3.6000000000000333e-06,9.59984960235632e-06,0.382978723404255,30,30,1,False,False,1.3058087431320738e-05,6.743375033506734e-10,2.5028978149936595e-06,6.674289609445874e-06,0.23712485573182907,35,35,1,False,False,1.1737933567738416e-06,1.8586231621056227e-10,3.708697146111335e-07,1.0583883038822241e-06,0.46189910862778993,36,36,1,False,False
18,step,step_r_30_eta_0.001,42018,46,1.3352941176470722e-05,0.0,3.952941176470625e-06,1.0541011328077529e-05,0.4205256570713387,30,30,1,False,False,1.340836670305901e-05,6.290131342557695e-10,2.8531770867319323e-06,7.608353033754286e-06,0.27031035826382066,35,35,1,False,False,1.231577281500738e-06,1.7353043171320786e-10,4.2865363933802987e-07,1.223292116930112e-06,0.5338660077108124,36,36,1,False,False
18,step,step_r_30_eta_0.001,42018,47,1.3727272727272863e-05,1.2008914726627814e-22,4.3272727272727665e-06,1.1539213158387899e-05,0.46034816247582144,30,30,1,False,False,1.378063023304838e-05,5.281906641289811e-10,3.2254406167213015e-06,8.601040228293223e-06,0.305578652204608,35,35,1,False,False,1.2928766377406871e-06,1.257341654330741e-10,4.89952995577979e-07,1.3982282713904428e-06,0.6102111954983294,36,36,1,False,False
18,step,step_r_30_eta_0.001,42018,48,1.412500000000014e-05,0.0,4.725000000000044e-06,1.259980260309267e-05,0.5026595744680846,30,30,1,False,False,1.4176579353533114e-05,4.742549748150392e-10,3.621389737206036e-06,9.656888007970632e-06,0.34309092198631497,35,35,1,False,False,1.358010087462138e-06,1.064388796373467e-10,5.550864452994299e-07,1.5841061650571343e-06,0.6913315490427976,36,36,1,False,False
18,step,step_r_30_eta_0.001,42018,49,1.454838709677434e-05,1.2008914726627814e-22,5.1483870967742435e-06,1.3728817173262271e-05,0.5477007549759778,30,30,1,False,False,1.4598490756399323e-05,4.50040456573652e-10,4.0433011400722445e-06,1.0781967456035835e-05,0.38306286168634496,35,35,1,False,False,1.4273265247458281e-06,9.772295174471693e-11,6.2440288258312e-07,1.7819214721516138e-06,0.7776615979338521,36,36,1,False,False
18,step,step_r_30_eta_0.001,42018,50,1.5000000000000148e-05,0.0,5.600000000000051e-06,1.4933099381443165e-05,0.5957446808510631,30,30,1,False,False,1.5048708867218726e-05,3.9713867657907944e-10,4.4935192508916474e-06,1.1982530276070062e-05,0.4257165824800475,35,35,1,False,False,1.5011539915736708e-06,8.111455419556931e-11,6.982303494109627e-07,1.9926103591581235e-06,0.8696099015471139,36,36,1,False,False
18,step,step_r_30_eta_0.001,42018,51,1.5482758620689805e-05,2.401782945325563e-22,6.082758620689708e-06,1.6220435535015842e-05,0.6471019809244305,30,30,1,False,False,1.553035945585106e-05,3.563283976933839e-10,4.975169839523981e-06,1.326691172378027e-05,0.4713482201994972,35,35,1,False,False,1.5800128689011653e-06,6.89367760475527e-11,7.770892267384572e-07,2.217657889685702e-06,0.9678245675333899,36,36,1,False,False
18,step,step_r_30_eta_0.001,42018,52,1.6000000000000152e-05,2.401782945325563e-22,6.600000000000055e-06,1.759972427098657e-05,0.7021276595744668,30,30,1,False,False,1.604675867526709e-05,3.362015747841441e-10,5.49156905894001e-06,1.4643954735215835e-05,0.5202719475968001,35,35,1,False,False,1.6644205723482192e-06,6.271104728407097e-11,8.614969301855111e-07,2.4585406648661784e-06,1.0729500103708909,36,36,1,False,False
18,step,step_r_30_eta_0.001,42018,53,1.6555555555555715e-05,2.401782945325563e-22,7.1555555555556184e-06,1.9081182542955146e-05,0.7612293144208027,30,30,1,False,False,1.6601589780092127e-05,3.125600650813705e-10,6.046400163765049e-06,1.6123481168835144e-05,0.5728367166812711,35,35,1,False,False,1.7549669599883837e-06,5.7495760197440765e-11,9.520433178256756e-07,2.7169420221665978e-06,1.1857208678789273,36,36,1,False,False
18,step,step_r_30_eta_0.001,42018,54,1.715384615384632e-05,0.0,7.753846153846224e-06,2.0676599143536687e-05,0.8248772504091644,30,30,1,False,False,1.7199373053053627e-05,2.9899048742376426e-10,6.644183436726549e-06,1.7717544923066993e-05,0.6294707796105463,35,35,1,False,False,1.8523823764183617e-06,5.352974567885431e-11,1.0494587342556535e-06,2.994946219612084e-06,1.3070467465983353,36,36,1,False,False
18,step,step_r_30_eta_0.001,42018,55,1.780000000000017e-05,2.401782945325563e-22,8.400000000000072e-06,2.2399649072164733e-05,0.8936170212765941,30,30,1,False,False,1.7845264427989348e-05,2.9024546414049546e-10,7.29007481166227e-06,1.943989493941199e-05,0.6906626102088935,35,35,1,False,False,1.9574827192200587e-06,5.30903699508822e-11,1.1545590770573505e-06,3.2948816664089824e-06,1.4379438049021673,36,36,1,False,False
18,step,step_r_30_eta_0.001,42018,56,1.850000000000018e-05,0.0,9.100000000000082e-06,2.426628649484514e-05,0.9680851063829776,30,30,1,False,False,1.854515458705741e-05,2.787050228216599e-10,7.989964970730333e-06,2.1306239457529376e-05,0.7569702924494337,35,35,1,False,False,2.071199666405566e-06,5.017781276160939e-11,1.268276024242858e-06,3.6194071860528032e-06,1.5795723997199835,36,36,1,False,False
18,step,step_r_30_eta_0.001,42018,57,1.9260869565217577e-05,0.0,9.86086956521748e-06,2.6295240215149914e-05,1.049028677150785,30,30,1,False,False,1.9306014478746125e-05,2.743538393716186e-10,8.750824862419047e-06,2.333516738216179e-05,0.8290542548741155,35,35,1,False,False,2.194644405682047e-06,5.0408421999049024e-11,1.391720763519339e-06,3.971693886958027e-06,1.7333164580515796,36,36,1,False,False
18,step,step_r_30_eta_0.001,42018,58,2.0090909090909284e-05,0.0,1.0690909090909188e-05,2.8508644273664216e-05,1.1373307543520297,30,30,1,False,False,2.0136113334646408e-05,2.5635040956698063e-10,9.58092371831933e-06,2.554872965208698e-05,0.9076979255303264,35,35,1,False,False,2.329130456131414e-06,4.789325550033808e-11,1.5262068139687058e-06,4.355490290986784e-06,1.9008119001924078,36,36,1,False,False
18,step,step_r_30_eta_0.001,42018,59,2.1000000000000195e-05,2.401782945325563e-22,1.1600000000000099e-05,3.0932848718703676e-05,1.2340425531914874,30,30,1,False,False,2.1045495576540504e-05,2.4974775435333793e-10,1.0490305960213426e-05,2.797371097243055e-05,0.9938529142088277,35,35,1,False,False,2.4762775640511128e-06,4.9261311811348395e-11,1.6733539218884045e-06,4.775418831486784e-06,2.084076036646718,36,36,1,False,False
18,step,step_r_30_eta_0.001,42018,60,2.200000000000021e-05,0.0,1.2600000000000113e-05,3.359947360824711e-05,1.3404255319148919,30,30,1,False,False,2.2045972406438357e-05,2.433086472362601e-10,1.1490782790111279e-05,3.064160738844764e-05,1.0886382156827383,35,35,1,False,False,2.6379746991135073e-06,4.950501033104932e-11,1.835051056950799e-06,5.236870251699798e-06,2.28546148175188,36,36,1,False,False
18,step,step_r_30_eta_0.001,42018,61,2.3105263157894954e-05,2.401782945325563e-22,1.3705263157894857e-05,3.654679585458457e-05,1.45800671892497,30,30,1,False,False,2.3151916332655688e-05,2.363727866444563e-10,1.259672671632861e-05,3.359074498853812e-05,1.193415483208717,35,35,1,False,False,2.8164965369519784e-06,4.998662962709015e-11,2.01357289478927e-06,5.746336022863968e-06,2.507801226733875,36,36,1,False,False
18,step,step_r_30_eta_0.001,42018,62,2.4333333333333563e-05,0.0,1.4933333333333467e-05,3.9821598350515094e-05,1.5886524822695014,30,30,1,False,False,2.438086699240098e-05,2.338194749137579e-10,1.3825677376073903e-05,3.68678954058357e-05,1.309846424235519,35,35,1,False,False,3.0146258061569685e-06,5.11494984091194e-11,2.2117021639942602e-06,6.311757498174152e-06,2.7545610165830325,36,36,1,False,False
18,step,step_r_30_eta_0.001,42018,63,2.5705882352941422e-05,2.401782945325563e-22,1.6305882352941326e-05,4.34816717283198e-05,1.734668335419272,30,30,1,False,False,2.5754570234810276e-05,2.3396230968166573e-10,1.5199380618483198e-05,4.0531046662890784e-05,1.43999124326221,35,35,1,False,False,3.23586508120709e-06,5.327710914615579e-11,2.4329414390443817e-06,6.943130327627079e-06,3.030103127230322,36,36,1,False,False
18,step,step_r_30_eta_0.001,42018,64,2.7250000000000256e-05,0.0,1.785000000000016e-05,4.7599254278350074e-05,1.8989361702127634,30,30,1,False,False,2.7300049165257524e-05,2.436903022188646e-10,1.6744859548930446e-05,4.465225924508633e-05,1.586410112711666,35,35,1,False,False,3.4845343497083417e-06,5.7291588329030833e-11,2.6816107075456335e-06,7.652782895490792e-06,3.339807880513524,36,36,1,False,False
18,step,step_r_30_eta_0.001,42018,65,2.900000000000027e-05,0.0,1.9600000000000175e-05,5.226584783505106e-05,2.0851063829787204,30,30,1,False,False,2.9051676703613084e-05,2.4448811174155884e-10,1.8496487087286006e-05,4.932319283607489e-05,1.7523595273622652,35,35,1,False,False,3.7660870242529225e-06,5.777842051273196e-11,2.9631633820902143e-06,8.456278155213455e-06,3.69046722065477,36,36,1,False,False
18,step,step_r_30_eta_0.001,42018,66,3.100000000000028e-05,4.803565890651126e-22,2.1600000000000183e-05,5.759909761413788e-05,2.2978723404255277,30,30,1,False,False,3.105361974394403e-05,2.4965083096300645e-10,2.0498430127616954e-05,5.4661623974869574e-05,1.9420238643472003,35,35,1,False,False,4.087596249342967e-06,6.121190237773276e-11,3.2846726071802587e-06,9.373801452531853e-06,4.090890384461537,36,36,1,False,False
18,step,step_r_30_eta_0.001,42018,67,3.330769230769262e-05,0.0,2.390769230769252e-05,6.375284735923811e-05,2.543371522094923,30,30,1,False,False,3.336373701331834e-05,2.4701242632963545e-10,2.2808547396991263e-05,6.082184018314713e-05,2.160884666790858,35,35,1,False,False,4.458271194550528e-06,6.319207874700426e-11,3.6553475523878196e-06,1.0431633923326139e-05,4.552546917838899,36,36,1,False,False
18,step,step_r_30_eta_0.001,42018,68,3.600000000000033e-05,0.0,2.6600000000000237e-05,7.0932222061855e-05,2.8297872340425494,30,30,1,False,False,3.6058919450020114e-05,2.5210419775996345e-10,2.5503729833693036e-05,6.80088807507163e-05,2.4162265919167494,35,35,1,False,False,4.890402163052588e-06,6.73673857687636e-11,4.08747852088988e-06,1.1664849645152966e-05,5.09074375974294,36,36,1,False,False
18,step,step_r_30_eta_0.001,42018,69,3.918181818181854e-05,4.803565890651126e-22,2.978181818181844e-05,7.941693761949315e-05,3.168278529980653,30,30,1,False,False,3.924422534915904e-05,2.649570257754781e-10,2.868903573283196e-05,7.650289674216955e-05,2.7180028758985926,35,35,1,False,False,5.40074815847129e-06,7.10572900680552e-11,4.597824516308582e-06,1.3121275476662667e-05,5.72635338514152,36,36,1,False,False
18,step,step_r_30_eta_0.001,42018,70,4.30000000000004e-05,4.803565890651126e-22,3.36000000000003e-05,8.959859628865897e-05,3.5744680851063784,30,30,1,False,False,4.306668345383002e-05,2.7315052778463156e-10,3.251149383750294e-05,8.669595866332208e-05,3.080143040463547,35,35,1,False,False,6.012762796760077e-06,7.427606577830875e-11,5.209839154597369e-06,1.4867843366814451e-05,6.4885860635071735,36,36,1,False,False
18,step,step_r_30_eta_0.001,42018,71,4.766666666666711e-05,4.803565890651126e-22,3.826666666666701e-05,0.00010204284577319492,4.070921985815598,30,30,1,False,False,4.773862874175607e-05,2.973163525970256e-10,3.718343912542899e-05,9.915428425069066e-05,3.522763728271878,35,35,1,False,False,6.76034754790079e-06,8.35691717467055e-11,5.957423905738082e-06,1.7001301359192353e-05,7.419664327845066,36,36,1,False,False
18,step,step_r_30_eta_0.001,42018,72,5.3500000000000494e-05,4.803565890651126e-22,4.4100000000000394e-05,0.00011759815762886488,4.691489361702122,30,30,1,False,False,5.3578847885908945e-05,3.1526883285480915e-10,4.302365826958187e-05,0.00011472795798087655,4.07606682906308,35,35,1,False,False,7.694372946103615e-06,9.356899121277157e-11,6.8914493039409075e-06,1.9666823827165612e-05,8.582944805783153,36,36,1,False,False
18,step,step_r_30_eta_0.001,42018,73,6.100000000000054e-05,9.607131781302251e-22,5.160000000000044e-05,0.0001375978443004405,5.489361702127651,30,30,1,False,False,6.10876883504119e-05,3.4524841190956565e-10,5.053249873408482e-05,0.00013475121885513073,4.787455324906685,35,35,1,False,False,8.894688811222148e-06,1.0641026662316224e-10,8.09176516905944e-06,2.309228625387731e-05,10.077876331133973,36,36,1,False,False
18,step,step_r_30_eta_0.001,42018,74,7.100000000000064e-05,0.0,6.160000000000055e-05,0.00016426409319587475,6.553191489361693,30,30,1,False,False,7.109971749831523e-05,3.851277241203561e-10,6.054452788198815e-05,0.0001614495449757637,5.735996233391781,35,35,1,False,False,1.0494474170159461e-05,1.2560150524252777e-10,9.691550527996753e-06,2.7657755058459092e-05,12.070326515597623,36,36,1,False,False
18,step,step_r_30_eta_0.001,42018,75,8.500000000000077e-05,0.0,7.560000000000067e-05,0.00020159684164948265,8.04255319148935,30,30,1,False,False,8.511662283322253e-05,4.3665874943992375e-10,7.456143321689544e-05,0.00019882737361620107,7.063959618646891,35,35,1,False,False,1.2733394791728715e-05,1.4713941951772413e-10,1.1930471149566008e-05,3.4047188613782566e-05,14.85878671778899,36,36,1,False,False
18,step,step_r_30_eta_0.001,42018,76,0.00010599999999999999,9.607131781302251e-22,9.65999999999999e-05,0.00025759596432989193,10.276595744680733,30,30,1,False,False,0.0001061420685823525,5.178576227322899e-10,9.558687896602541e-05,0.00025489435056457545,9.055913009669558,35,35,1,False,False,1.609070794514742e-05,1.854335520661296e-10,1.528778430298471e-05,4.362829171834335e-05,19.040147157463732,36,36,1,False,False
19,step,step_r_30_eta_0.05,42019,0,0.38968749999999985,3.935081177621402e-18,0.36618750000000017,0.9396952686447482,15.582446808510849,30,30,1,False,False,0.3896875000000003,0.0,0.343651219625025,0.8818635948677459,7.464791178303562,46,46,1,False,False,0.31698483522873167,7.870162355242804e-18,0.30775165872136817,0.97087186678599,33.331070674965886,53,53,1,False,False
19,step,step_r_30_eta_0.05,42019,1,0.3819620253164554,7.870162355242804e-18,0.3584620253164557,0.9198704739476012,15.253703204955759,30,30,1,False,False,0.3820320322322972,1.9092295511784034e-06,0.3359957518573219,0.8622184490324212,7.298499121140219,46,46,1,False,False,0.3110211871643928,1.4185038988118159e-06,0.3017880106570293,0.9520581968511631,32.68517724277786,53,53,1,False,False
19,step,step_r_30_eta_0.05,42019,2,0.3740384615384614,0.0,0.3505384615384617,0.8995373511812974,14.916530278232607,30,30,1,False,False,0.37418423078369145,2.96932019337575e-06,0.32814795040871614,0.8420797444329517,7.128029192104169,46,46,1,False,False,0.30485672157820803,2.0923412452557416e-06,0.29562354507084454,0.9326110028497953,32.01753425108713,53,53,1,False,False
19,step,step_r_30_eta_0.05,42019,3,0.36590909090909063,3.935081177621402e-18,0.34240909090909094,0.8786760953561279,14.570599613152995,30,30,1,False,False,0.3661418148602465,4.2906486595020335e-06,0.3201055344852712,0.8214416281899495,6.9533318477936,46,46,1,False,False,0.2984900296012224,2.6454681684365384e-06,0.2892568530938589,0.9125258401877028,31.32798911221665,53,53,1,False,False
19,step,step_r_30_eta_0.05,42019,4,0.35756578947368395,3.935081177621402e-18,0.33406578947368426,0.8572658591145068,14.215565509518663,30,30,1,False,False,0.3578986511960929,5.788704576413358e-06,0.31186237082111756,0.8002883613693468,6.774273861418261,46,46,1,False,False,0.2919070032932581,3.1746408109414895e-06,0.2826738267858946,0.8917582021926104,30.615013864455022,53,53,1,False,False
19,step,step_r_30_eta_0.05,42019,5,0.34899999999999987,3.935081177621402e-18,0.3255000000000002,0.8352846832397762,13.851063829787421,30,30,1,False,False,0.3494463928996697,7.082233526497406e-06,0.3034101125246944,0.77859852452207,6.59067392181459,46,46,1,False,False,0.2851044935794915,3.6422705251791567e-06,0.27587131707212803,0.8702981543992895,29.878267446974373,53,53,1,False,False
19,step,step_r_30_eta_0.05,42019,6,0.3402027027027025,0.0,0.3167027027027028,0.8127094215305929,13.476710753306676,30,30,1,False,False,0.3407866970551976,9.071903871119832e-06,0.2947504166802223,0.7563763699893429,6.402568024163062,46,46,1,False,False,0.27807665289206507,4.23486059912642e-06,0.2688434763847016,0.8481272493389408,29.117116538419587,53,53,1,False,False
19,step,step_r_30_eta_0.05,42019,7,0.33116438356164357,3.935081177621402e-18,0.3076643835616439,0.7895156595006101,13.092101428155228,30,30,1,False,False,0.33189354113674086,1.0542919757845805e-05,0.28585726076176554,0.7335551198377298,6.209390907201828,46,46,1,False,False,0.2708103982129523,4.8894927889092865e-06,0.2615772217055888,0.8252042136868738,28.330144181363714,53,53,1,False,False
19,step,step_r_30_eta_0.05,42019,8,0.32187499999999986,3.935081177621402e-18,0.29837500000000017,0.7656776263031282,12.69680851063847,30,30,1,False,False,0.3227859047108799,1.2806810094454299e-05,0.2767496243359046,0.710183478648672,6.011554845042217,46,46,1,False,False,0.26330720667774477,6.04368358567649e-06,0.25407403017038127,0.8015337073997408,27.517510357107923,53,53,1,False,False
19,step,step_r_30_eta_0.05,42019,9,0.31232394366197164,3.935081177621402e-18,0.28882394366197195,0.7411680992127591,12.290380581360667,30,30,1,False,False,0.3134443726362811,1.5607975865078722e-05,0.2674080922613058,0.6862116240867505,5.808638102018887,46,46,1,False,False,0.2555551519167366,7.390246408394688e-06,0.2463219754093731,0.7770781060602812,26.677923379124145,53,53,1,False,False
19,step,step_r_30_eta_0.05,42019,10,0.30249999999999977,3.935081177621402e-18,0.2790000000000001,0.715958299919808,11.872340425532073,30,30,1,False,False,0.30387609063959525,1.8766196692763767e-05,0.25783981026461994,0.6616578932211573,5.600795897593374,46,46,1,False,False,0.247550284065156,8.941498700959846e-06,0.23831710755779248,0.7518249489311573,25.810955456958176,53,53,1,False,False
19,step,step_r_30_eta_0.05,42019,11,0.2923913043478259,0.0,0.2688913043478262,0.6900177818067716,11.442183163737434,30,30,1,False,False,0.2940619159794559,2.1838490116269912e-05,0.24802563560448063,0.6364731627380412,5.387612413171939,46,46,1,False,False,0.23928930799851572,1.1364729436207042e-05,0.2300561314911522,0.7257638408006081,24.916249711860367,53,53,1,False,False
19,step,step_r_30_eta_0.05,42019,12,0.28198529411764683,3.935081177621402e-18,0.25848529411764715,0.6633143072786457,10.999374217772361,30,30,1,False,False,0.28404834884381325,2.822443137750891e-05,0.23801206846883796,0.610776759503032,5.170097725754102,46,46,1,False,False,0.23078579548712524,1.6066600920340077e-05,0.22155261897976172,0.6989375968723948,23.995276035616996,53,53,1,False,False
19,step,step_r_30_eta_0.05,42019,13,0.27126865671641776,3.935081177621402e-18,0.24776865671641807,0.6358137141078894,10.543347094315799,30,30,1,False,False,0.2737739769180063,3.838431444818043e-05,0.22773769654303103,0.5844110897655964,4.946917837150592,46,46,1,False,False,0.22200986871882086,2.4236236275879165e-05,0.21277669221145734,0.6712519608640608,23.044798509133503,53,53,1,False,False
19,step,step_r_30_eta_0.05,42019,14,0.2602272727272724,3.935081177621402e-18,0.23672727272727273,0.6074797696289278,10.07350096711812,30,30,1,False,False,0.2632518860318536,4.9110446607663993e-05,0.21721560565687834,0.5574097338428309,4.7183569977333315,46,46,1,False,False,0.21296283550435452,3.25696833280115e-05,0.203729658996991,0.6427110585589454,22.064958774969288,53,53,1,False,False
19,step,step_r_30_eta_0.05,42019,15,0.24884615384615352,5.902621766432102e-18,0.22534615384615383,0.5782740114736908,9.589198036006671,30,30,1,False,False,0.2524766371972421,5.8244235715559024e-05,0.20644035682226683,0.529758734427629,4.484297061812254,46,46,1,False,False,0.2036378934410554,3.9910040778409724e-05,0.19440471693369188,0.6132934302469462,21.05502009830017,53,53,1,False,False
19,step,step_r_30_eta_0.05,42019,16,0.2371093749999998,0.0,0.2136093750000001,0.5481555733761031,9.089760638297994,30,30,1,False,False,0.2414277478708139,6.70893262402152e-05,0.1953914674958386,0.501405530061494,4.244293107617157,46,46,1,False,False,0.19402435233612134,4.754107630389167e-05,0.18479117582875781,0.5829653513090466,20.013824676847197,53,53,1,False,False
19,step,step_r_30_eta_0.05,42019,17,0.22499999999999967,1.967540588810701e-18,0.20149999999999998,0.5170809943865278,8.574468085106494,30,30,1,False,False,0.23022094748528169,8.354339170849909e-05,0.1841846671103064,0.4726471008444106,4.000859009678521,46,46,1,False,False,0.18420077506235344,6.12589168735162e-05,0.17496759855498992,0.551974666008031,18.949881269512403,53,53,1,False,False
19,step,step_r_30_eta_0.05,42019,18,0.2124999999999997,0.0,0.189,0.4850040096230956,8.042553191489466,30,30,1,False,False,0.2188346265695368,0.0001006937576702367,0.17279834619456153,0.4434279934423388,3.753525367103559,46,46,1,False,False,0.1741557537285863,7.627332177110887e-05,0.16492257722122278,0.5202853855838783,17.861954343632,53,53,1,False,False
19,step,step_r_30_eta_0.05,42019,19,0.19959016393442602,1.967540588810701e-18,0.17609016393442634,0.45187532044119044,7.493198465294835,30,30,1,False,False,0.20733555711323667,0.00012252737995301638,0.1612992767382614,0.41391955538286773,3.503742600932232,46,46,1,False,False,0.1639517823423902,9.594572096516465e-05,0.15471860583502667,0.48809466144771235,16.75681231823496,53,53,1,False,False
19,step,step_r_30_eta_0.05,42019,20,0.18624999999999972,1.967540588810701e-18,0.16275000000000003,0.41764234161988795,6.925531914893708,30,30,1,False,False,0.19586094649844818,0.0001603060691124246,0.1498246661234729,0.3844738825943167,3.254491129672491,46,46,1,False,False,0.15370068451264213,0.0001303853322312687,0.1444675080052786,0.4557552663395804,15.646566259192035,53,53,1,False,False
19,step,step_r_30_eta_0.05,42019,21,0.1724576271186438,0.0,0.1489576271186441,0.38224892283854156,6.338622430580682,30,30,1,False,False,0.1842716282248115,0.00019682250616558184,0.1382353478498362,0.35473385173975586,3.0027479788523292,46,46,1,False,False,0.14329333025881855,0.0001632080099191113,0.13406015375145502,0.4229229251762759,14.519396834290037,53,53,1,False,False
19,step,step_r_30_eta_0.05,42019,22,0.15818965517241357,3.935081177621402e-18,0.13468965517241388,0.3456350413405971,5.731474688187899,30,30,1,False,False,0.17269294417259146,0.00023233571423081576,0.12665666379761617,0.3250211099858632,2.751235824570767,46,46,1,False,False,0.1328482372486566,0.0001947816719214477,0.12361506074129308,0.3899715286130147,13.388140110037888,53,53,1,False,False
19,step,step_r_30_eta_0.05,42019,23,0.1434210526315787,0.0,0.11992105263157901,0.30773646224623336,5.103023516237471,30,30,1,False,False,0.16124313928355263,0.00026417896685331166,0.11520685890857735,0.2956390926282656,2.5025231832414128,46,46,1,False,False,0.1224759477926045,0.00022488928461631157,0.11324277128524098,0.3572498072455947,12.26476838116645,53,53,1,False,False
19,step,step_r_30_eta_0.05,42019,24,0.12812499999999974,1.967540588810701e-18,0.10462500000000005,0.2684843624699281,4.452127659574527,30,30,1,False,False,0.1499314400548771,0.00030706812514291005,0.10389515967990182,0.2666114763237254,2.2568104728195597,46,46,1,False,False,0.1121640380979635,0.0002644245359483526,0.10293086159059998,0.32471856742397964,11.14793608770632,53,53,1,False,False
19,step,step_r_30_eta_0.05,42019,25,0.11227272727272702,1.967540588810701e-18,0.08877272727272734,0.2278049136108481,3.7775628626692974,30,30,1,False,False,0.13850711385735667,0.0003332466609818885,0.09247083348238139,0.237294841334098,2.0086512795818163,46,46,1,False,False,0.10171767746692773,0.0002895356611361626,0.0924845009595642,0.2917631718653945,10.016542073663077,53,53,1,False,False
19,step,step_r_30_eta_0.05,42019,26,0.095833333333333,0.0,0.0723333333333333,0.18561881849772788,3.078014184397202,30,30,1,False,False,0.12793901566099694,0.0003818756142540717,0.08190273528602166,0.21017542334825107,1.7790910694544921,46,46,1,False,False,0.09200150324619326,0.0003349082292911392,0.08276832673882974,0.2611113136661737,8.964230963506594,53,53,1,False,False
19,step,step_r_30_eta_0.05,42019,27,0.0787735849056601,0.0,0.0552735849056604,0.1418407952671318,2.35206744279409,30,30,1,False,False,0.11796748937764687,0.0004034009859128083,0.07193120900267158,0.18458690361551636,1.5624895933549925,46,46,1,False,False,0.08278740486360926,0.0003575572669488198,0.07355422835624574,0.23204336669030262,7.966297221501804,53,53,1,False,False
19,step,step_r_30_eta_0.05,42019,28,0.06105769230769199,9.837702944053505e-19,0.03755769230769229,0.09637900191228178,1.598199672667778,30,30,1,False,False,0.10825659206534527,0.0004491934118254395,0.06222031169036998,0.15966719920544006,1.3515494992986468,46,46,1,False,False,0.0737900933790821,0.00040054007138757934,0.06455691687171858,0.2036593227721296,6.9918426037056705,53,53,1,False,False
19,step,step_r_30_eta_0.05,42019,29,0.0426470588235291,0.0,0.019147058823529406,0.049134393131751504,0.8147684605757299,30,30,1,False,False,0.09901114907782452,0.00047588696461777825,0.052974868702849225,0.13594192449808934,1.1507200032530354,46,46,1,False,False,0.06518593713016278,0.00042644716983992163,0.05595276062279926,0.17651557552406114,6.059968698548821,53,53,1,False,False
19,step,step_r_30_eta_0.05,42019,30,0.023499999999999695,4.918851472026753e-19,0.0,0.0,0.0,30,30,1,False,False,0.09081580274063306,0.0004919460487450252,0.04477952236565776,0.11491136453095809,0.972700704768479,46,46,1,False,False,0.05751489637054513,0.0004424738528103525,0.04828171986318161,0.1523155510841464,5.2291559491662065,53,53,1,False,False
19,step,step_r_30_eta_0.05,42019,31,0.023928571428571098,2.4594257360133763e-19,0.0004285714285714032,0.0010997823347461833,0.01823708206686847,30,30,1,False,False,0.08334319989726341,0.0004935718209855308,0.037306919522288116,0.09573547912696222,0.8103808391645746,46,46,1,False,False,0.05049514724496957,0.00044416478903777423,0.04126197073760605,0.1301701726766582,4.468881397934866,53,53,1,False,False
19,step,step_r_30_eta_0.05,42019,32,0.0243749999999997,0.0,0.0008750000000000042,0.0022453889334402683,0.03723404255319207,30,30,1,False,False,0.07688314955544656,0.00048065217915606664,0.03084686918047127,0.07915796421612509,0.6700556371891249,46,46,1,False,False,0.04437368166788042,0.0004331522343179173,0.0351405051605169,0.11085863188111199,3.805895526040482,53,53,1,False,False
19,step,step_r_30_eta_0.05,42019,33,0.024840425531914602,2.4594257360133763e-19,0.0013404255319149072,0.0034397447491000036,0.05703938433680533,30,30,1,False,False,0.07101098196968804,0.0004668873488021193,0.024974701594712746,0.06408904980198936,0.5425004233897373,46,46,1,False,False,0.03876604604278636,0.00042067263854138267,0.02953286953542284,0.09316808330629556,3.198560052639542,53,53,1,False,False
19,step,step_r_30_eta_0.05,42019,34,0.02532608695652139,7.378277208040128e-19,0.0018260869565216963,0.0046860290784839055,0.07770582793709457,30,30,1,False,False,0.06629059909227542,0.0004471276110662797,0.020254318717300122,0.05197579783108287,0.4399642749658397,46,46,1,False,False,0.03421919620660055,0.00040227022677177674,0.024986019699237028,0.07882402223187579,2.70611307812761,53,53,1,False,False
19,step,step_r_30_eta_0.05,42019,35,0.025833333333332993,4.918851472026753e-19,0.0023333333333332984,0.005987703822507263,0.09929078014184367,30,30,1,False,False,0.06233943597776482,0.0004031945804670836,0.016303155602789526,0.04183648590932353,0.3541371168564631,46,46,1,False,False,0.030335253922912322,0.00036155533077120963,0.0211020774155488,0.06657125221880676,2.2854623648448347,53,53,1,False,False
19,step,step_r_30_eta_0.05,42019,36,0.026363636363635992,4.918851472026753e-19,0.0028636363636362974,0.0073485456003497636,0.12185686653771644,30,30,1,False,False,0.05846199674226272,0.00037382185940606854,0.012425716367287426,0.031886361167056725,0.269911388715103,46,46,1,False,False,0.026511257650036212,0.00033359301066967573,0.017278081142672694,0.05450759538766289,1.8713041095762986,53,53,1,False,False
19,step,step_r_30_eta_0.05,42019,37,0.026918604651162407,4.918851472026753e-19,0.0034186046511627127,0.008772682344603596,0.1454725383473514,30,30,1,False,False,0.05567816345748072,0.0003485029858070726,0.00964188308250543,0.02474260293826572,0.2094409670800994,46,46,1,False,False,0.02366296325867786,0.00030939489889863917,0.014429786751314339,0.0455220097229636,1.5628193330655478,53,53,1,False,False
19,step,step_r_30_eta_0.05,42019,38,0.0274999999999996,0.0,0.003999999999999906,0.01026463512429808,0.17021276595744506,30,30,1,False,False,0.05318518524982317,0.00032398804630549404,0.007148904874847879,0.018345225019657737,0.15528849891039265,46,46,1,False,False,0.021061926247361296,0.00028584603452510025,0.011828749739997776,0.03731645310874989,1.281113789015543,53,53,1,False,False
19,step,step_r_30_eta_0.05,42019,39,0.02810975609756061,4.918851472026753e-19,0.004609756097560914,0.011829366088368027,0.1961598339387649,30,30,1,False,False,0.051323004414113776,0.00029175113074786125,0.005286724039138484,0.013566573316153276,0.11483821012638273,46,46,1,False,False,0.019013064386526633,0.00025669778638881454,0.009779887879163113,0.03085285727345943,1.0592116235797708,53,53,1,False,False
19,step,step_r_30_eta_0.05,42019,40,0.028749999999999606,4.918851472026753e-19,0.005249999999999911,0.013472333600641316,0.22340425531914798,30,30,1,False,False,0.0497842888494164,0.0002683438162322267,0.0037480084744411085,0.00961798485822898,0.08141423338099396,46,46,1,False,False,0.01722559661828127,0.00023462735142406685,0.007992420110917749,0.025213887929845396,0.8656197685101916,53,53,1,False,False
19,step,step_r_30_eta_0.05,42019,41,0.0294230769230765,0.0,0.005923076923076805,0.015199555857133748,0.25204582651390983,30,30,1,False,False,0.04839447639394649,0.00022057659045253522,0.0023581960189711995,0.006051505421578053,0.05122472970803016,46,46,1,False,False,0.01554586898291151,0.00019170005973755084,0.00631269247554799,0.01991480908224787,0.683696718081104,53,53,1,False,False
19,step,step_r_30_eta_0.05,42019,42,0.030131578947368006,4.918851472026753e-19,0.006631578947368311,0.01701768454817851,0.2821948488241872,30,30,1,False,False,0.04754992035083316,0.00020524549053511096,0.001513639975857864,0.003884240515433168,0.03287928484944791,46,46,1,False,False,0.014330674807861628,0.00017697019797654508,0.005097498300498108,0.016081205578241074,0.55208500524525,53,53,1,False,False
19,step,step_r_30_eta_0.05,42019,43,0.030878378378377994,4.918851472026753e-19,0.007378378378378299,0.01893409046576629,0.3139735480161019,30,30,1,False,False,0.046963033744551394,0.00019763358426577022,0.0009267533695761013,0.002378196297228165,0.0201309350370511,46,46,1,False,False,0.013317839065809123,0.00016971046649565547,0.004084662558445603,0.012885987291783753,0.44238974043094026,53,53,1,False,False
19,step,step_r_30_eta_0.05,42019,44,0.031666666666666295,4.918851472026753e-19,0.0081666666666666,0.020956963378775565,0.3475177304964556,30,30,1,False,False,0.04642807608452092,0.00017132685211470114,0.000391795709545624,0.0010054100004378474,0.008510585702284468,46,46,1,False,False,0.012318371503010192,0.00014562697120957995,0.003085194995646672,0.00973294193528356,0.3341423174555591,53,53,1,False,False
19,step,step_r_30_eta_0.05,42019,45,0.03249999999999959,4.918851472026753e-19,0.008999999999999897,0.023095429029670954,0.38297872340425587,30,30,1,False,False,0.046148827427371565,0.00015280226824845953,0.00011254705239627238,0.0002888136067907549,0.0024447468709363207,46,46,1,False,False,0.01151310695844661,0.00012842251332241254,0.0022799304510830905,0.007192553705094206,0.2469280695830769,53,53,1,False,False
19,step,step_r_30_eta_0.05,42019,46,0.033382352941175995,4.918851472026753e-19,0.0098823529411763,0.025359686777677765,0.4205256570713374,30,30,1,False,False,0.04603628037497529,0.0001331713186534203,0.0,0.0,0.0,46,46,1,False,False,0.010818473441174627,0.00010937677496442465,0.0015852969338111065,0.005001175947950883,0.17169572492704122,53,53,1,False,False
19,step,step_r_30_eta_0.05,42019,47,0.03431818181818141,4.918851472026753e-19,0.010818181818181713,0.027761172267988368,0.46034816247582366,30,30,1,False,False,0.046305740132278415,0.00012434046537454765,0.00026945975730312266,0.0006914765223496326,0.005853204366389253,46,46,1,False,False,0.010410748084847925,0.00010110307477632729,0.0011775715774844046,0.00371491455304064,0.12753699407189756,53,53,1,False,False
19,step,step_r_30_eta_0.05,42019,48,0.035312499999999504,4.918851472026753e-19,0.01181249999999981,0.030312750601442985,0.5026595744680835,30,30,1,False,False,0.04667214186236968,0.00011622435787495046,0.0006358614873943902,0.001631721539424256,0.013812182092366454,46,46,1,False,False,0.01004493709780073,9.382227195048119e-05,0.0008117605904372095,0.0025608814688294307,0.08791780269659366,53,53,1,False,False
19,step,step_r_30_eta_0.05,42019,49,0.03637096774193499,4.918851472026753e-19,0.012870967741935295,0.033028946891894916,0.5477007549759771,30,30,1,False,False,0.047176125835871885,0.00011037338707682625,0.0011398454608965922,0.0029250244385477884,0.02475972106374158,46,46,1,False,False,0.009748407951465563,8.827832252768662e-05,0.000515231444102043,0.0016254135429862424,0.05580218722030739,53,53,1,False,False
19,step,step_r_30_eta_0.05,42019,50,0.03749999999999949,4.918851472026753e-19,0.013999999999999797,0.0359262229350436,0.5957446808510629,30,30,1,False,False,0.047793861584305423,9.852464738385129e-05,0.0017575812093301307,0.0045102324537741895,0.038178175886806276,46,46,1,False,False,0.00949752176871607,7.760684071485589e-05,0.0002643452613525499,0.0008339366176990838,0.02862993696066929,53,53,1,False,False
19,step,step_r_30_eta_0.05,42019,51,0.03870689655172371,9.837702944053505e-19,0.015206896551724018,0.03902331111909934,0.6471019809244347,30,30,1,False,False,0.048595143444669774,8.996610877808647e-05,0.002558863069694481,0.006566448935863939,0.0555836190250818,46,46,1,False,False,0.00934749959262684,6.984952471218152e-05,0.00011432308526332022,0.00036065790081354,0.012381771882314485,53,53,1,False,False
19,step,step_r_30_eta_0.05,42019,52,0.039999999999999494,4.918851472026753e-19,0.0164999999999998,0.04234161988773005,0.7021276595744688,30,30,1,False,False,0.049544108749295254,8.648593518738566e-05,0.0035078283743199615,0.009001644585263728,0.0761970416755644,46,46,1,False,False,0.009260983469580366,6.703252637079562e-05,2.7806962216846143e-05,8.772332025530825e-05,0.003011635507527588,53,53,1,False,False
19,step,step_r_30_eta_0.05,42019,53,0.041388888888888406,4.918851472026753e-19,0.01788888888888871,0.04590572930588925,0.7612293144208062,30,30,1,False,False,0.05064686062107283,8.057812184234924e-05,0.004610580246097534,0.011831480984372172,0.10015101586277986,46,46,1,False,False,0.00923317650736352,6.14625225530456e-05,0.0,0.0,0.0,53,53,1,False,False
19,step,step_r_30_eta_0.05,42019,54,0.0428846153846148,0.0,0.019384615384615105,0.04974400098698345,0.8248772504091642,30,30,1,False,False,0.05188915093508797,7.581857389518159e-05,0.005852870560112675,0.015019395182326018,0.1271360438428084,46,46,1,False,False,0.009243462895918694,5.7262196323924926e-05,1.0286388555174122e-05,3.2450727643647724e-05,0.0011140682241881361,53,53,1,False,False
19,step,step_r_30_eta_0.05,42019,55,0.0444999999999995,0.0,0.020999999999999804,0.05388933440256567,0.893617021276599,30,30,1,False,False,0.05329486175702341,7.093499917393273e-05,0.007258581382048115,0.01862667235168721,0.15767089180371285,46,46,1,False,False,0.009303911204236348,5.2570412384529783e-05,7.073469687282792e-05,0.0002231485200917791,0.00766092761428494,53,53,1,False,False
19,step,step_r_30_eta_0.05,42019,56,0.0462499999999994,0.0,0.022749999999999708,0.05838011226944594,0.968085106382979,30,30,1,False,False,0.05488909493516607,6.87106902918624e-05,0.008852814560190776,0.02271772782085843,0.19230082204910381,46,46,1,False,False,0.009427497817001236,5.0455373362168734e-05,0.00019432130963771554,0.0006130303031610207,0.02104598666371671,53,53,1,False,False
19,step,step_r_30_eta_0.05,42019,57,0.04815217391304289,4.918851472026753e-19,0.024652173913043196,0.06326139255953349,1.0490286771507877,30,30,1,False,False,0.05668695465275252,6.679110692116698e-05,0.01065067427777723,0.027331321322283168,0.23135392762024254,46,46,1,False,False,0.00961113690486089,4.879704558961145e-05,0.0003779603974973702,0.0011923611336947379,0.04093503435095647,53,53,1,False,False
19,step,step_r_30_eta_0.05,42019,58,0.050227272727272114,9.837702944053505e-19,0.02672727272727242,0.06858642560326525,1.1373307543520328,30,30,1,False,False,0.0586521489968877,6.225867287987381e-05,0.012615868621912406,0.03237432204500374,0.2740418756501062,46,46,1,False,False,0.009812456958445171,4.467100137659277e-05,0.0005792804510816509,0.001827470549698854,0.06273902059813019,53,53,1,False,False
19,step,step_r_30_eta_0.05,42019,59,0.052499999999999394,4.918851472026753e-19,0.0289999999999997,0.07441860465116205,1.2340425531914927,30,30,1,False,False,0.06089205354337664,6.027598584753894e-05,0.014855773168401344,0.0381222727657452,0.3226970782043621,46,46,1,False,False,0.010098071825628982,4.2385385133944316e-05,0.0008648953182654618,0.002728506925706291,0.09367256410355651,53,53,1,False,False
19,step,step_r_30_eta_0.05,42019,60,0.05499999999999928,1.4756554416080256e-18,0.031499999999999584,0.0808340016038482,1.3404255319148932,30,30,1,False,False,0.06338444773359397,5.862141799062163e-05,0.01734816735861868,0.04451815200287068,0.3768368603482768,46,46,1,False,False,0.010432661973537156,4.087721463891513e-05,0.0011994854661736363,0.003784046846619981,0.12991037972869246,53,53,1,False,False
19,step,step_r_30_eta_0.05,42019,61,0.05776315789473619,4.918851472026753e-19,0.034263157894736496,0.08792470349892288,1.4580067189249761,30,30,1,False,False,0.06616089659903691,5.6330190570016023e-05,0.02012461622406162,0.051642960639131624,0.4371468776395995,46,46,1,False,False,0.01081952298874971,3.858528800345395e-05,0.0015863464813861902,0.005004486981976616,0.17180939627018588,53,53,1,False,False
19,step,step_r_30_eta_0.05,42019,62,0.06083333333333262,1.4756554416080256e-18,0.03733333333333293,0.09580326116011662,1.5886524822695067,30,30,1,False,False,0.06926761981979103,5.444550084037844e-05,0.023231339444815736,0.05961530571243809,0.504631113886516,46,46,1,False,False,0.011263416206989998,3.655979577084282e-05,0.002030239699626478,0.006404848036851625,0.21988529061556972,53,53,1,False,False
19,step,step_r_30_eta_0.05,42019,63,0.06426470588235221,9.837702944053505e-19,0.040764705882352516,0.10460870795792149,1.7346683354192787,30,30,1,False,False,0.07277180719213155,5.2487605470059615e-05,0.026735526817156262,0.06860760690850037,0.5807490657235925,46,46,1,False,False,0.011781837411907768,3.473536619704622e-05,0.002548660904544248,0.008040324398185078,0.27603294516374444,53,53,1,False,False
19,step,step_r_30_eta_0.05,42019,64,0.0681249999999992,0.0,0.044624999999999505,0.11451483560545186,1.8989361702127696,30,30,1,False,False,0.07673964042274398,5.1539921687035906e-05,0.030703360047768684,0.07878969699507596,0.6669383320651296,46,46,1,False,False,0.012382466743375233,3.364117325334935e-05,0.0031492902360117127,0.009935144795615318,0.34108415814428894,53,53,1,False,False
19,step,step_r_30_eta_0.05,42019,65,0.0724999999999991,0.0,0.04899999999999941,0.1257417802726529,2.0851063829787253,30,30,1,False,False,0.08128667063245108,5.329279381929595e-05,0.03525039025747579,0.09045809849552722,0.7657089141510536,46,46,1,False,False,0.013100528741279734,3.4570978901009666e-05,0.0038673522339162138,0.0122004329674812,0.41885392647178077,53,53,1,False,False
19,step,step_r_30_eta_0.05,42019,66,0.07749999999999911,9.837702944053505e-19,0.053999999999999417,0.13857257417802582,2.297872340425537,30,30,1,False,False,0.08652545924571545,5.3376395805437584e-05,0.040489178870740154,0.10390166189764907,0.8795058710422994,46,46,1,False,False,0.013950469325110426,3.433029829872608e-05,0.004717292817746906,0.014881761817857867,0.5109068167368873,53,53,1,False,False
19,step,step_r_30_eta_0.05,42019,67,0.08326923076922979,9.837702944053505e-19,0.059769230769230096,0.15337733637653278,2.543371522094931,30,30,1,False,False,0.09263197333923609,5.4768523666681695e-05,0.0465956929642608,0.11957194666049273,1.012151559264323,46,46,1,False,False,0.014970781663948923,3.5017584615990424e-05,0.005737605156585402,0.018100566711480786,0.6214118350287816,53,53,1,False,False
19,step,step_r_30_eta_0.05,42019,68,0.08999999999999898,9.837702944053505e-19,0.06649999999999928,0.17064955894145772,2.8297872340425596,30,30,1,False,False,0.09971405396083032,5.566467831024238e-05,0.05367777358585502,0.13774569003587486,1.1659885018650105,46,46,1,False,False,0.01613092695784332,3.516868407913256e-05,0.006897750450479799,0.02176050613116076,0.7470614739119086,53,53,1,False,False
19,step,step_r_30_eta_0.05,42019,69,0.0979545454545443,0.0,0.07445454545454461,0.1910621856090961,3.168278529980663,30,30,1,False,False,0.10814634036749839,5.776167010550531e-05,0.062110059992523094,0.15938427584288192,1.3491546121151283,46,46,1,False,False,0.01754338666588789,3.606958801427124e-05,0.008310210158524371,0.026216428153504074,0.9000380477831138,53,53,1,False,False
19,step,step_r_30_eta_0.05,42019,70,0.10749999999999879,9.837702944053505e-19,0.0839999999999991,0.2155573376102624,3.574468085106391,30,30,1,False,False,0.11828290144054916,5.999787654846202e-05,0.07224662106557386,0.18539630105038987,1.5693409736214519,46,46,1,False,False,0.019248815868159373,3.70266150572251e-05,0.010015639360795853,0.031596588378017244,1.0847447086935156,53,53,1,False,False
19,step,step_r_30_eta_0.05,42019,71,0.1191666666666653,0.0,0.0956666666666656,0.24549585672279872,4.070921985815611,30,30,1,False,False,0.13075090394595745,6.475522481496154e-05,0.08471462357098217,0.21739117516210324,1.8401709017532157,46,46,1,False,False,0.0213856967358219,3.980274963024799e-05,0.012152520228458379,0.03833785997897753,1.3161797804652235,53,53,1,False,False
19,step,step_r_30_eta_0.05,42019,72,0.1337499999999985,0.0,0.11024999999999882,0.2829190056134694,4.691489361702138,30,30,1,False,False,0.1463404914892761,6.983383729444545e-05,0.10030421111430082,0.25739653212972124,2.1788078944975937,46,46,1,False,False,0.02405662620087429,4.273585075078796e-05,0.01482344969351077,0.046763908067760984,1.6054550329119097,53,53,1,False,False
19,step,step_r_30_eta_0.05,42019,73,0.1524999999999983,0.0,0.12899999999999862,0.33103448275861724,5.489361702127671,30,30,1,False,False,0.16642325621316334,7.45476388444443e-05,0.12038697583818805,0.3089320951741792,2.615045673925229,46,46,1,False,False,0.027513522468100193,4.5248141272530184e-05,0.018280345960736674,0.05766946531541751,1.979854489531092,53,53,1,False,False
19,step,step_r_30_eta_0.05,42019,74,0.17749999999999802,1.967540588810701e-18,0.15399999999999833,0.39518845228548105,6.553191489361716,30,30,1,False,False,0.19318530227280742,8.01727185827705e-05,0.14714902189783213,0.3776077546696571,3.1963707905867293,46,46,1,False,False,0.032110566420433646,4.7726811108904126e-05,0.022877389913070124,0.07217187502538451,2.477737742241281,53,53,1,False,False
19,step,step_r_30_eta_0.05,42019,75,0.2124999999999977,0.0,0.188999999999998,0.4850040096230905,8.04255319148938,30,30,1,False,False,0.2307341802632712,9.08025975555918e-05,0.1846978998882959,0.47396413764438367,4.012007451164434,46,46,1,False,False,0.03859512958384433,5.325107044416569e-05,0.02936195307648081,0.09262888887190344,3.1800489304048787,53,53,1,False,False
19,step,step_r_30_eta_0.05,42019,76,0.26499999999999707,3.935081177621402e-18,0.24149999999999738,0.6197273456295044,10.276595744680874,30,30,1,False,False,0.2870881011686558,0.00010834710215491221,0.2410518207936805,0.6185772466237186,5.23612722031976,46,46,1,False,False,0.04833834885192755,6.238305250623597e-05,0.03910517234456403,0.12336606675945966,4.235289156811569,53,53,1,False,False
20,step,step_r_30_eta_0.1,42020,0,0.4337499999999993,0.0,0.33975000000000055,0.7832853025936625,3.614361702127712,30,30,1,False,False,0.4337499999999998,7.870162355242804e-18,0.23300776755091065,0.5371937004055579,1.1607311760369332,42,42,1,False,False,0.28437987609814713,3.935081177621402e-18,0.23213900772108736,0.8162989973347128,4.443628426035607,53,53,1,False,False
20,step,step_r_30_eta_0.1,42020,1,0.426582278481012,0.0,0.3325822784810132,0.7667602962098299,3.5381093455427397,30,30,1,False,False,0.427127061115708,1.3066042480886405e-05,0.22638482866661883,0.5219246770411964,1.1277389212259208,42,42,1,False,False,0.27927951535213924,4.868330904091443e-06,0.22703864697507947,0.7983639703701197,4.345996803429434,53,53,1,False,False
20,step,step_r_30_eta_0.1,42020,2,0.4192307692307686,3.935081177621402e-18,0.32523076923076977,0.7498115717135915,3.4599018003273834,30,30,1,False,False,0.42038997825619956,1.9924181055877475e-05,0.2196477458071104,0.506392497538007,1.0941780567415775,42,42,1,False,False,0.27403868785041446,8.13565989106114e-06,0.2217978194733547,0.7799350028438943,4.245676351941186,53,53,1,False,False
20,step,step_r_30_eta_0.1,42020,3,0.411688311688311,0.0,0.31768831168831224,0.7324226206070611,3.379662890301238,30,30,1,False,False,0.4135294175563263,2.813537845925695e-05,0.21278718510723713,0.4905756428985296,1.0600020858152144,42,42,1,False,False,0.26865376600583246,1.2492108095170756e-05,0.2164128976287727,0.7609993386243786,4.142597631929965,53,53,1,False,False
20,step,step_r_30_eta_0.1,42020,4,0.4039473684210517,1.1805243532864205e-17,0.30994736842105297,0.7145760655240426,3.297312430011244,30,30,1,False,False,0.40659661478511766,3.6471132646521686e-05,0.2058543823360285,0.47459223593320715,1.0254662400859562,42,42,1,False,False,0.26314393553308063,1.7655109126916426e-05,0.21090306715602086,0.7416244428042178,4.037127898291859,53,53,1,False,False
20,step,step_r_30_eta_0.1,42020,5,0.3959999999999993,0.0,0.3020000000000005,0.6962536023054777,3.212765957446856,30,30,1,False,False,0.3995316638643024,4.6056521351592635e-05,0.19878943141521324,0.45830416464602497,0.9902720966582297,42,42,1,False,False,0.2574852422025209,2.3529794417623096e-05,0.20524437382546112,0.7217260821740628,3.928808616734039,53,53,1,False,False
20,step,step_r_30_eta_0.1,42020,6,0.3878378378378371,0.0,0.29383783783783834,0.6774359373783028,3.125934445083427,30,30,1,False,False,0.39235998161564467,5.525325455634056e-05,0.19161774916655552,0.44177002689695816,0.9545462697549321,42,42,1,False,False,0.2516870507072488,2.9765214435683e-05,0.19944618233018901,0.7013371869581756,3.8178190471613744,53,53,1,False,False
20,step,step_r_30_eta_0.1,42020,7,0.37945205479451977,3.935081177621402e-18,0.28545205479452096,0.6581027199873692,3.0367239871757947,30,30,1,False,False,0.3850888115374408,6.539419201485741e-05,0.18434657908835164,0.42500652239389447,0.9183248429555269,42,42,1,False,False,0.245750675252184,3.7073966954751094e-05,0.19350980687512426,0.6804623784572535,3.704184346217705,53,53,1,False,False
20,step,step_r_30_eta_0.1,42020,8,0.37083333333333257,3.935081177621402e-18,0.2768333333333338,0.6382324687800214,2.9450354609929508,30,30,1,False,False,0.3777217953796507,7.586845238236487e-05,0.17697956293056158,0.40802204710215945,0.881625957684046,42,42,1,False,False,0.23968726300401413,4.460654548961779e-05,0.1874463946269544,0.6591408548270892,3.5881178940981515,53,53,1,False,False
20,step,step_r_30_eta_0.1,42020,9,0.3619718309859147,0.0,0.2679718309859159,0.6178024921865507,2.850764159424674,30,30,1,False,False,0.3703190734508432,8.868007845718706e-05,0.16957684100175405,0.3909552530299807,0.844749203657287,42,42,1,False,False,0.23352169776294807,5.39872371007566e-05,0.1812808293858883,0.6374601180405727,3.4700960190296755,53,53,1,False,False
20,step,step_r_30_eta_0.1,42020,10,0.3528571428571422,7.870162355242804e-18,0.25885714285714345,0.5967888019761242,2.753799392097306,30,30,1,False,False,0.3627426966608698,0.00010074505148509686,0.16200046421178063,0.3734881019291774,0.8070073857172335,42,42,1,False,False,0.2271807037551733,6.319140635042745e-05,0.17493983537811353,0.6151624994651066,3.3487160687193693,53,53,1,False,False
20,step,step_r_30_eta_0.1,42020,11,0.34347826086956446,3.935081177621402e-18,0.24947826086956568,0.5751660192958296,2.654024051803925,30,30,1,False,False,0.3552465363271517,0.00011869332470038749,0.15450430387806255,0.3562058879033144,0.7696651670806085,42,42,1,False,False,0.22083610205960608,7.75644859401289e-05,0.1685952336825463,0.5928521947325118,3.2272670596834994,53,53,1,False,False
20,step,step_r_30_eta_0.1,42020,12,0.3338235294117639,0.0,0.23982352941176513,0.5529072724190559,2.5513141426783856,30,30,1,False,False,0.3475756449444788,0.00013094433840858818,0.14683341249538964,0.3385208357242414,0.7314525234874456,42,42,1,False,False,0.21430118715676413,8.777351308293478e-05,0.1620603187797044,0.5698726682185241,3.102175055935116,53,53,1,False,False
20,step,step_r_30_eta_0.1,42020,13,0.3238805970149245,0.0,0.22988059701492572,0.5299840853370054,2.445538266116263,30,30,1,False,False,0.33992144964050347,0.0001552579219974076,0.13917921719141432,0.32087427594562395,0.6933230516239874,42,42,1,False,False,0.20772397478151666,0.00010745198653533443,0.1554831064044569,0.5467444058903644,2.976273389680738,53,53,1,False,False
20,step,step_r_30_eta_0.1,42020,14,0.31363636363636277,3.935081177621402e-18,0.219636363636364,0.5063662562221656,2.336557059961349,30,30,1,False,False,0.33236367245117604,0.0001723252859757032,0.1316214400020869,0.3034500057685002,0.6556738878325856,42,42,1,False,False,0.20115344721114728,0.0001213887117284576,0.14891257883408754,0.5236396501653084,2.8504996846392143,53,53,1,False,False
20,step,step_r_30_eta_0.1,42020,15,0.30307692307692224,3.935081177621402e-18,0.20907692307692347,0.4820217246730232,2.2242225859247466,30,30,1,False,False,0.3245881566071174,0.00019254548596292446,0.12384592415802823,0.2855237444565494,0.6169400561460687,42,42,1,False,False,0.19436765532540334,0.000137733529698747,0.14212678694834358,0.4997779340029384,2.7206053682437434,53,53,1,False,False
20,step,step_r_30_eta_0.1,42020,16,0.29218749999999905,3.935081177621402e-18,0.19818750000000027,0.45691642651296965,2.1083776595744985,30,30,1,False,False,0.3168937099490127,0.0002152896100457494,0.11615147749992358,0.2677843861669709,0.5786100716468874,42,42,1,False,False,0.18757567778936696,0.00015588727884984353,0.1353348094123072,0.4758944664762408,2.590592645503114,53,53,1,False,False
20,step,step_r_30_eta_0.1,42020,17,0.28095238095238007,3.935081177621402e-18,0.1869523809523813,0.4310141347605339,1.9888551165147206,30,30,1,False,False,0.3089046063337159,0.0002454297839932135,0.10816237388462677,0.24936570348040765,0.5388122497444983,42,42,1,False,False,0.18050704943129786,0.00017997176895542428,0.1282661810542381,0.4510381775747381,2.4552842446731407,53,53,1,False,False
20,step,step_r_30_eta_0.1,42020,18,0.2693548387096766,3.935081177621402e-18,0.1753548387096778,0.4042762852096325,1.8654770075497882,30,30,1,False,False,0.30149750065123937,0.00027090825717237263,0.10075526820215022,0.232288802771528,0.501913657992735,42,42,1,False,False,0.1738307769039622,0.00020120366795400003,0.12158990852690245,0.4275615778274638,2.3274863589422177,53,53,1,False,False
20,step,step_r_30_eta_0.1,42020,19,0.2573770491803269,0.0,0.1633770491803281,0.376661784853783,1.738053714684364,30,30,1,False,False,0.29405783480719483,0.0003034385652214318,0.09331560235810568,0.21513683540773654,0.4648528673794228,42,42,1,False,False,0.16708524220721765,0.0002287048976616882,0.1148443738301579,0.4038414229793181,2.198362649740885,53,53,1,False,False
20,step,step_r_30_eta_0.1,42020,20,0.24499999999999908,5.902621766432102e-18,0.1510000000000003,0.34812680115273903,1.6063829787234285,30,30,1,False,False,0.2866396256365969,0.00033005775019458335,0.08589739318750775,0.19803433587898048,0.42789896345948253,42,42,1,False,False,0.16029693286757954,0.00025159561699627126,0.10805606449051978,0.3799708543836159,2.0684201439876877,53,53,1,False,False
20,step,step_r_30_eta_0.1,42020,21,0.23220338983050756,3.935081177621402e-18,0.13820338983050878,0.3186245298686087,1.4702488279841552,30,30,1,False,False,0.2793684074830264,0.00034866470238734105,0.07862617503393723,0.18127072053933665,0.39167729717202304,42,42,1,False,False,0.153582625920219,0.0002688204561740073,0.10134175754315926,0.356360509518555,1.939894199531739,53,53,1,False,False
20,step,step_r_30_eta_0.1,42020,22,0.21896551724137833,1.967540588810701e-18,0.12496551724137955,0.28810493888502536,1.329420396184906,30,30,1,False,False,0.2724123103021652,0.00037513129006854726,0.07167007785307603,0.16523360888317246,0.35702541004296395,42,42,1,False,False,0.14706953507465134,0.0002911079970949114,0.09482866669759159,0.33345772562635084,1.8152199541007854,53,53,1,False,False
20,step,step_r_30_eta_0.1,42020,23,0.2052631578947358,0.0,0.11126315789473701,0.2565144850599128,1.183650615901473,30,30,1,False,False,0.2657720058593678,0.0004111694915387164,0.06502977341027863,0.14992454964905744,0.32394664848001553,42,42,1,False,False,0.14076321440632703,0.0003219390898544466,0.08852234602926727,0.31128203318689057,1.6945037243703172,53,53,1,False,False
20,step,step_r_30_eta_0.1,42020,24,0.19107142857142762,1.967540588810701e-18,0.09707142857142884,0.22379580074104666,1.0326747720364904,30,30,1,False,False,0.2592685224329567,0.00043516095419678883,0.05852628998386758,0.13493092791669764,0.29154946256120073,42,42,1,False,False,0.13453669082533584,0.0003423417991378308,0.08229582244827609,0.28938694107832574,1.5753149785774658,53,53,1,False,False
20,step,step_r_30_eta_0.1,42020,25,0.17636363636363533,1.967540588810701e-18,0.08236363636363656,0.18988734608331226,0.8762088974855067,30,30,1,False,False,0.25314097246114764,0.0004703355832114148,0.05239874001205849,0.12080401155517813,0.26102499395759926,42,42,1,False,False,0.12856554671648976,0.00037231380517593774,0.07632467833943,0.26838987127587155,1.4610147325373717,53,53,1,False,False
20,step,step_r_30_eta_0.1,42020,26,0.16111111111111004,1.967540588810701e-18,0.06711111111111126,0.1547230227345507,0.713947990543746,30,30,1,False,False,0.2471846314417941,0.0004831859998835128,0.04644239899270494,0.10707181323966562,0.2313534049417496,42,42,1,False,False,0.12268191897587823,0.00038404854687761677,0.07044105059881847,0.24770054606292666,1.3483897336926898,53,53,1,False,False
20,step,step_r_30_eta_0.1,42020,27,0.14528301886792344,1.967540588810701e-18,0.05128301886792466,0.11823174378772275,0.5455640305098439,30,30,1,False,False,0.24138618430738845,0.0005006880462922982,0.040643951858299304,0.09370363540818287,0.20246836633445908,42,42,1,False,False,0.11689274207803219,0.00039960460969172616,0.06465187370097243,0.22734334998675973,1.2375727224580872,53,53,1,False,False
20,step,step_r_30_eta_0.1,42020,28,0.1288461538461527,0.0,0.034846153846153916,0.08033695411217054,0.3707037643207911,30,30,1,False,False,0.2361899221732619,0.0005185906549526963,0.035447689724172754,0.08172378034391417,0.17658312001268972,42,42,1,False,False,0.11155227534446681,0.00041626548826850004,0.059311406967407054,0.20856400875193115,1.1353449666899516,53,53,1,False,False
20,step,step_r_30_eta_0.1,42020,29,0.1117647058823518,0.0,0.017764705882353016,0.040956094253263506,0.18898623279099191,30,30,1,False,False,0.23118399525776634,0.0005162184904841437,0.030441762808677192,0.07018273846380912,0.15164603101839869,42,42,1,False,False,0.10632595793346254,0.0004141648080886831,0.05408508955640279,0.19018606484565936,1.0353022688296827,53,53,1,False,False
20,step,step_r_30_eta_0.1,42020,30,0.09399999999999878,1.967540588810701e-18,0.0,0.0,0.0,30,30,1,False,False,0.22639500553749506,0.0005234848491448442,0.02565277308840591,0.05914183997327014,0.1277896174384321,42,42,1,False,False,0.10123162405588897,0.0004225820821077621,0.04899075567882921,0.17227223090118088,0.937786013150238,53,53,1,False,False
20,step,step_r_30_eta_0.1,42020,31,0.09571428571428452,9.837702944053505e-19,0.0017142857142857376,0.003952243721696232,0.018237082066869803,30,30,1,False,False,0.22215490748375433,0.0005281576046578179,0.02141267503466518,0.04936639777444424,0.1066675147198819,42,42,1,False,False,0.09654435217448715,0.00042753910516855935,0.04430348379742739,0.15578979921257533,0.8480617794799548,53,53,1,False,False
20,step,step_r_30_eta_0.1,42020,32,0.0974999999999988,0.0,0.003500000000000017,0.008069164265129734,0.03723404255319207,30,30,1,False,False,0.21805616247456291,0.0005221266452133417,0.017313930025473767,0.039916841557288245,0.08624956400175932,42,42,1,False,False,0.09191773408412925,0.0004230005642879036,0.03967686570706949,0.13952065192326035,0.7594985868284796,53,53,1,False,False
20,step,step_r_30_eta_0.1,42020,33,0.09936170212765841,9.837702944053505e-19,0.005361702127659629,0.012361272916794553,0.05703938433680533,30,30,1,False,False,0.21477800646331852,0.0005299379402726629,0.014035774014229369,0.03235913317401585,0.06991938787862706,42,42,1,False,False,0.08791409144920319,0.00042896678758810744,0.035673223072143434,0.1254421499917654,0.6828604535181966,53,53,1,False,False
20,step,step_r_30_eta_0.1,42020,34,0.10130434782608572,9.837702944053505e-19,0.007304347826086938,0.016839994988096713,0.07770582793709613,30,30,1,False,False,0.21178600332693662,0.0005385113669126829,0.01104377087784747,0.025461143234230488,0.055014685963743704,42,42,1,False,False,0.08410594162852698,0.0004374725700679876,0.03186507325146723,0.11205108353190835,0.6099644634823866,53,53,1,False,False
20,step,step_r_30_eta_0.1,42020,35,0.1033333333333321,0.0,0.009333333333333318,0.021517771373679155,0.099290780141845,30,30,1,False,False,0.20921543132801404,0.0005465118065555287,0.008473198878924892,0.019534752458616477,0.04220934865349668,42,42,1,False,False,0.08058881862994192,0.00044440399028350717,0.02834795025288217,0.09968339054729221,0.5426393383868491,53,53,1,False,False
20,step,step_r_30_eta_0.1,42020,36,0.1054545454545442,0.0,0.011454545454545426,0.026408173958606212,0.12185686653771888,30,30,1,False,False,0.20656309475694598,0.000539635147179664,0.005820862307856833,0.013419855464799622,0.028996700080702098,42,42,1,False,False,0.07693841522021419,0.00043742981807510525,0.024697546843154436,0.0868470272299811,0.4727629461458136,53,53,1,False,False
20,step,step_r_30_eta_0.1,42020,37,0.1076744186046499,0.0,0.013674418604651115,0.0315260371288787,0.14547253834735407,30,30,1,False,False,0.20469332086161288,0.0005461261562872114,0.003951088412523729,0.009109137550486987,0.019682397492145842,42,42,1,False,False,0.0738715141337407,0.000443710504002564,0.021630645756680944,0.07606250503188076,0.41405601454702246,53,53,1,False,False
20,step,step_r_30_eta_0.1,42020,38,0.10999999999999868,9.837702944053505e-19,0.015999999999999903,0.0368876080691641,0.17021276595744794,30,30,1,False,False,0.2029895836594935,0.0005421998087656604,0.0022473512104043414,0.005181213165197331,0.01119520881573477,42,42,1,False,False,0.07087052083902724,0.0004403735970845227,0.01862965246196749,0.0655097425231942,0.35661069658153366,53,53,1,False,False
20,step,step_r_30_eta_0.1,42020,39,0.11243902439024246,2.951310883216051e-18,0.018439024390243683,0.04251071905531691,0.19615983393876513,30,30,1,False,False,0.20186702624568484,0.0005259748570299366,0.0011247937965956911,0.0025931845454655717,0.005603174692604629,42,42,1,False,False,0.06826218136409035,0.00042608320519010585,0.016021312987030592,0.05633771702432702,0.30668159785157667,53,53,1,False,False
20,step,step_r_30_eta_0.1,42020,40,0.11499999999999864,2.951310883216051e-18,0.020999999999999866,0.048414985590777865,0.22340425531915042,30,30,1,False,False,0.2009304007617716,0.0005043158239688726,0.00018816831268245182,0.00043381743557913984,0.0009373628577642457,42,42,1,False,False,0.06572928507179475,0.0004069162737118695,0.013488416694734995,0.04743098168479327,0.2581966401741149,53,53,1,False,False
20,step,step_r_30_eta_0.1,42020,41,0.11769230769230628,1.967540588810701e-18,0.0236923076923075,0.05462203502549288,0.25204582651391294,30,30,1,False,False,0.20079895170286066,0.0005028026461460133,5.671925377151443e-05,0.0001307648501936933,0.0002825476885432998,42,42,1,False,False,0.06376823101511823,0.0004044352936834497,0.01152736263805848,0.04053508566154687,0.2206579445589849,53,53,1,False,False
20,step,step_r_30_eta_0.1,42020,42,0.12052631578947225,2.951310883216051e-18,0.026526315789473467,0.06115577127256141,0.28219484882418944,30,30,1,False,False,0.20074223244908915,0.00047787791090287676,0.0,0.0,0.0,42,42,1,False,False,0.06177685704651049,0.00038305690291781663,0.009535988669450733,0.0335325719959158,0.18253886211505277,53,53,1,False,False
20,step,step_r_30_eta_0.1,42020,43,0.12351351351351197,1.967540588810701e-18,0.029513513513513195,0.06804268245190373,0.3139735480161019,30,30,1,False,False,0.2010463759317619,0.00045968218558332084,0.00030414348267274183,0.0007011953491014224,0.0015150946512956232,42,42,1,False,False,0.059977811493114805,0.00036669788643189943,0.007736943116055051,0.02720636643566447,0.14810134969832411,53,53,1,False,False
20,step,step_r_30_eta_0.1,42020,44,0.12666666666666518,1.967540588810701e-18,0.0326666666666664,0.07531219980787654,0.3475177304964556,30,30,1,False,False,0.20161758110933,0.00044318399477167133,0.00087534866024086,0.002018094893927056,0.004360560553509085,42,42,1,False,False,0.0582818748035678,0.00035226824784629783,0.006041006426508046,0.021242735278579037,0.11563755760922234,53,53,1,False,False
20,step,step_r_30_eta_0.1,42020,45,0.12999999999999853,1.967540588810701e-18,0.035999999999999754,0.08299711815561917,0.38297872340425765,30,30,1,False,False,0.20269385919988483,0.0004130957035314321,0.0019516267507956875,0.004499427667540492,0.009722053635577987,42,42,1,False,False,0.05686894692540739,0.00032772984697682664,0.004628078548347639,0.01627428287770392,0.08859114888641373,53,53,1,False,False
20,step,step_r_30_eta_0.1,42020,46,0.13352941176470431,1.967540588810701e-18,0.039529411764705535,0.09113409052381695,0.42052565707134093,30,30,1,False,False,0.20427223381634668,0.000406768840136699,0.0035300013672575348,0.008138331682438124,0.017584746987173272,42,42,1,False,False,0.05573366083173542,0.00032077679212758883,0.0034927924546756667,0.01228213649502474,0.066859387356766,53,53,1,False,False
20,step,step_r_30_eta_0.1,42020,47,0.13727272727272566,1.967540588810701e-18,0.04327272727272688,0.0997642127325117,0.4603481624758239,30,30,1,False,False,0.20620480108310005,0.0003963592145492065,0.0054625686340109,0.012593818176394012,0.027211855559075238,42,42,1,False,False,0.05474668782344368,0.00031109541640562683,0.0025058194463839223,0.008811521689808659,0.04796664994727173,53,53,1,False,False
20,step,step_r_30_eta_0.1,42020,48,0.1412499999999983,0.0,0.047249999999999515,0.10893371757924977,0.5026595744680864,30,30,1,False,False,0.20848048746692904,0.0003842540560893296,0.007738255017839896,0.017840357389832622,0.0385482164038522,42,42,1,False,False,0.05386782971269775,0.00030010723927255937,0.0016269613356379928,0.005721084620898016,0.031143458870075635,53,53,1,False,False
20,step,step_r_30_eta_0.1,42020,49,0.1454838709677402,0.0,0.05148387096774143,0.1186948033838421,0.5477007549759798,30,30,1,False,False,0.21131021264341399,0.0003804970460244534,0.010567980194324839,0.024364219468184078,0.05264452858471125,42,42,1,False,False,0.05327660434363609,0.00029604309883091883,0.0010357359665763358,0.0036420860040703986,0.01982616290182415,53,53,1,False,False
20,step,step_r_30_eta_0.1,42020,50,0.14999999999999816,1.967540588810701e-18,0.055999999999999384,0.12910662824207372,0.5957446808510649,30,30,1,False,False,0.2144260557225885,0.0003692727966830782,0.013683823273499346,0.03154771936253453,0.06816614075949246,42,42,1,False,False,0.05269672529331171,0.00028518461119650916,0.0004558569162519538,0.0016029858459275274,0.008726059317423873,53,53,1,False,False
20,step,step_r_30_eta_0.1,42020,51,0.15482758620689485,3.935081177621402e-18,0.06082758620689607,0.1402365099870805,0.6471019809244347,30,30,1,False,False,0.21819744554502696,0.00036382160671003303,0.01745521309593781,0.0402425662154186,0.08695336742538551,42,42,1,False,False,0.052444176979561,0.0002796881686749418,0.0002033086025012426,0.0007149190909383311,0.003891753885747473,53,53,1,False,False
20,step,step_r_30_eta_0.1,42020,52,0.15999999999999812,1.967540588810701e-18,0.06599999999999934,0.15216138328530132,0.7021276595744701,30,30,1,False,False,0.22239866494462632,0.0003613621064803584,0.02165643249553717,0.04992837462948053,0.10788179563077005,42,42,1,False,False,0.05228510551629827,0.0002757892082651283,4.4237139238519074e-05,0.000155556503665019,0.0008467918052055268,53,53,1,False,False
20,step,step_r_30_eta_0.1,42020,53,0.16555555555555362,1.967540588810701e-18,0.07155555555555485,0.16496958053153882,0.7612293144208062,30,30,1,False,False,0.22705882055452037,0.00035865277249049935,0.02631658810543122,0.06067224923442359,0.13109642044110204,42,42,1,False,False,0.052240868377059754,0.0002719036782432241,0.0,0.0,0.0,53,53,1,False,False
20,step,step_r_30_eta_0.1,42020,54,0.17153846153845947,1.967540588810701e-18,0.0775384615384607,0.1787630237197944,0.824877250409167,30,30,1,False,False,0.2324604149194529,0.0003516352268207138,0.03171818247036376,0.07312549272706345,0.158004531898428,42,42,1,False,False,0.05248346379797546,0.0002644171195615381,0.0002425954209157033,0.000853068171504432,0.0046437861477477416,53,53,1,False,False
20,step,step_r_30_eta_0.1,42020,55,0.177999999999998,0.0,0.08399999999999921,0.1936599423631109,0.893617021276599,30,30,1,False,False,0.23848816793484842,0.00035146051367760045,0.037745935485759274,0.08702232965016551,0.1880318606864757,42,42,1,False,False,0.05290172429526427,0.00026371562787541033,0.0006608559182045143,0.0023238490967498527,0.012650171000884614,53,53,1,False,False
20,step,step_r_30_eta_0.1,42020,56,0.18499999999999786,1.967540588810701e-18,0.09099999999999908,0.20979827089336997,0.9680851063829816,30,30,1,False,False,0.24518059263209988,0.0003460978375130155,0.04443836018301073,0.10245155085420346,0.2213702599640106,42,42,1,False,False,0.053481493866181715,0.00025776322358443806,0.0012406254891219604,0.004362564278963914,0.023748178919375418,53,53,1,False,False
20,step,step_r_30_eta_0.1,42020,57,0.1926086956521717,0.0,0.09860869565217292,0.22733993233930394,1.0490286771507895,30,30,1,False,False,0.25280749443007344,0.00034436129026872654,0.052065261980984295,0.12003518612330678,0.2593637688780248,42,42,1,False,False,0.05438621643762005,0.0002544946457885206,0.002145348060560298,0.007543951738061384,0.04106647012595177,53,53,1,False,False
20,step,step_r_30_eta_0.1,42020,58,0.2009090909090885,5.902621766432102e-18,0.10690909090908973,0.24647629028032256,1.1373307543520332,30,30,1,False,False,0.2610861319263196,0.00034575189404893356,0.06034389947723043,0.13912138208007022,0.30060390751375365,42,42,1,False,False,0.05533165199668945,0.00025209437786146674,0.0030907836196296945,0.010868503292275794,0.059164093470294166,53,53,1,False,False
20,step,step_r_30_eta_0.1,42020,59,0.20999999999999758,1.967540588810701e-18,0.1159999999999988,0.26743515850143856,1.2340425531914927,30,30,1,False,False,0.2704695026038725,0.0003402021699148302,0.06972727015478333,0.16075451332514898,0.34734728863029396,42,42,1,False,False,0.05661706797973827,0.0002472277320348428,0.0043761996026785155,0.015388569904180461,0.08376965656643276,53,53,1,False,False
20,step,step_r_30_eta_0.1,42020,60,0.2199999999999975,0.0,0.12599999999999872,0.29048991354466613,1.3404255319148977,30,30,1,False,False,0.28066777866560616,0.00033644992527657856,0.07992554621651701,0.18426638897179723,0.3981501313471103,42,42,1,False,False,0.0579352863265577,0.00024202348723942994,0.005694417949497946,0.020023983509763713,0.10900312583621807,53,53,1,False,False
20,step,step_r_30_eta_0.1,42020,61,0.23105263157894476,1.967540588810701e-18,0.13705263157894598,0.31597148490823335,1.4580067189249761,30,30,1,False,False,0.2922943147769885,0.0003305838265058518,0.09155208232789933,0.21107108317671325,0.45606786977980884,42,42,1,False,False,0.05965843025060672,0.0002361028330286843,0.007417561873546967,0.026083286818041115,0.14198772156712858,53,53,1,False,False
20,step,step_r_30_eta_0.1,42020,62,0.24333333333333054,3.935081177621402e-18,0.14933333333333176,0.34428434197886343,1.5886524822695076,30,30,1,False,False,0.3053527108549964,0.00033420233739438166,0.10461047840590723,0.24117689546030496,0.5211184369608812,42,42,1,False,False,0.061669314987954624,0.00023705292987281362,0.00942844661089487,0.03315440860393672,0.18048028112478942,53,53,1,False,False
20,step,step_r_30_eta_0.1,42020,63,0.2570588235294089,0.0,0.16305882352941012,0.3759281234107444,1.7346683354192791,30,30,1,False,False,0.32025779982514313,0.00033301841243543403,0.11951556737605398,0.2755402129707298,0.595368328417712,42,42,1,False,False,0.06415927135411086,0.0002345898112019798,0.011918402977051101,0.04191014899007038,0.22814327838173454,53,53,1,False,False
20,step,step_r_30_eta_0.1,42020,64,0.27249999999999686,3.935081177621402e-18,0.17849999999999808,0.41152737752161006,1.89893617021277,30,30,1,False,False,0.3371972969343644,0.00034209282617569264,0.13645506448527525,0.31459380861158576,0.6797526500552495,42,42,1,False,False,0.06706929342573886,0.00023987254026688572,0.014828425048679109,0.05214301817742343,0.28384721596991347,53,53,1,False,False
20,step,step_r_30_eta_0.1,42020,65,0.28999999999999665,3.935081177621402e-18,0.19599999999999787,0.4518731988472581,2.085106382978728,30,30,1,False,False,0.35643806070554596,0.0003439009668760512,0.1556958282564568,0.3589529181705058,0.7756007610204461,42,42,1,False,False,0.0704029878962969,0.00023971463285884611,0.018162119519237144,0.06386569882662481,0.34766113358124384,53,53,1,False,False
20,step,step_r_30_eta_0.1,42020,66,0.3099999999999965,0.0,0.21599999999999772,0.4979827089337131,2.2978723404255375,30,30,1,False,False,0.37859494931292786,0.0003521527745341329,0.17785271686383872,0.410035082106833,0.8859755851770976,42,42,1,False,False,0.0743331067416735,0.0002446815402759779,0.022092238364613742,0.07768565999722539,0.4228918670562334,53,53,1,False,False
20,step,step_r_30_eta_0.1,42020,67,0.33307692307691944,3.935081177621402e-18,0.23907692307692066,0.5511859898026998,2.5433715220949336,30,30,1,False,False,0.40426475957685654,0.0003598552261842623,0.2035225271277674,0.4692162008709337,1.0138500735234346,42,42,1,False,False,0.07894848475269495,0.0002481413682634594,0.026707616375635193,0.09391528241055172,0.5112399009692412,53,53,1,False,False
20,step,step_r_30_eta_0.1,42020,68,0.35999999999999593,3.935081177621402e-18,0.2659999999999971,0.6132564841498502,2.8297872340425596,30,30,1,False,False,0.4346314844843963,0.0003866171641578166,0.23388925203530717,0.5392259412917747,1.1651223022769988,42,42,1,False,False,0.08462025033091373,0.0002658448687882813,0.03237938195385398,0.11385961059593044,0.6198094128173521,53,53,1,False,False
20,step,step_r_30_eta_0.1,42020,69,0.3918181818181775,0.0,0.29781818181817876,0.6866125229237562,3.1682785299806664,30,30,1,False,False,0.4704882812166239,0.0004060535730715404,0.2697460487675347,0.6218929078214059,1.3437433940859749,42,42,1,False,False,0.09129438786482305,0.0002755687333195157,0.0390535194877633,0.1373287028027429,0.747566430287607,53,53,1,False,False
20,step,step_r_30_eta_0.1,42020,70,0.42999999999999533,3.935081177621402e-18,0.3359999999999965,0.7746397694524428,3.5744680851063926,30,30,1,False,False,0.5136644161716803,0.0004254517561575752,0.3129221837225912,0.7214344293316226,1.5588258629232508,42,42,1,False,False,0.0994057646617362,0.000285200830086608,0.04716489628467645,0.1658517365286374,0.9028352274746587,53,53,1,False,False
20,step,step_r_30_eta_0.1,42020,71,0.4766666666666613,7.870162355242804e-18,0.3826666666666625,0.8822286263208371,4.070921985815612,30,30,1,False,False,0.5666379965459302,0.00045218270213807845,0.365895764096841,0.8435637212607289,1.8227144315017867,42,42,1,False,False,0.10946603944961718,0.0003015082596442932,0.057225171072557424,0.20122792040603985,1.0954100276343492,53,53,1,False,False
20,step,step_r_30_eta_0.1,42020,72,0.534999999999994,7.870162355242804e-18,0.4409999999999953,1.0167146974063308,4.691489361702138,30,30,1,False,False,0.6328552768142045,0.00048446412635213014,0.43211304436511533,0.9962260388821107,2.152576660592359,42,42,1,False,False,0.12202960743465795,0.000319832656522906,0.06978873905759819,0.24540674261181625,1.3359031200224867,53,53,1,False,False
20,step,step_r_30_eta_0.1,42020,73,0.6099999999999933,0.0,0.5159999999999946,1.1896253602305369,5.489361702127673,30,30,1,False,False,0.7182434734886395,0.0005252967345899963,0.5175012410395503,1.1930864346733154,2.5779390551053845,42,42,1,False,False,0.13835664383444046,0.000342734442315935,0.08611577545738071,0.30281951254405864,1.648436906443084,53,53,1,False,False
20,step,step_r_30_eta_0.1,42020,74,0.7099999999999921,1.5740324710485608e-17,0.6159999999999933,1.4201729106628111,6.553191489361716,30,30,1,False,False,0.8323864502523601,0.0005946031041421265,0.631644217803271,1.4562402715925562,3.1465437546305273,42,42,1,False,False,0.16033615685688793,0.00038661860704621807,0.10809528847982817,0.3801087825304544,2.0691709735685686,53,53,1,False,False
20,step,step_r_30_eta_0.1,42020,75,0.8499999999999908,0.0,0.755999999999992,1.742939481267996,8.04255319148938,30,30,1,False,False,0.9924839579513883,0.0006956904697814345,0.7917417255022992,1.8253411538957913,3.9440715381258658,42,42,1,False,False,0.19130923140052153,0.0004511703966035119,0.13906836302346176,0.4890232210927103,2.6620607073317735,53,53,1,False,False
20,step,step_r_30_eta_0.1,42020,76,1.0599999999999883,1.5740324710485608e-17,0.9659999999999895,2.227089337175772,10.276595744680874,30,30,1,False,False,1.2326750503266266,0.0008315653472965923,1.0319328178775375,2.3790958337234307,5.140586538705795,42,42,1,False,False,0.23776994970094115,0.0005363023783802481,0.1855290813238814,0.6523987698055341,3.551416488424066,53,53,1,False,False
21,misspecified,smooth_elbow,42021,0,0.2714265626914561,0.0,0.2594684230748632,0.95594337010344,21.6980593465249,60,60,1,False,False,0.2714265626914561,0.0,0.24054069633860053,0.8862091239464833,7.788050805845735,61,61,1,False,False,0.23847091361305098,1.967540588810701e-18,0.21353854745668455,0.8954490265558243,8.56471247524006,61,61,1,False,False
21,misspecified,smooth_elbow,42021,1,0.2622041141179303,7.870162355242804e-18,0.2502459745013374,0.921965676534777,20.92683164144535,60,60,1,False,False,0.26489113614146514,5.217322837540168e-05,0.23400526978860958,0.8621310584646605,7.576451543084996,61,61,1,False,False,0.23302330674212343,4.674571551165692e-05,0.208090940585757,0.8726051216602906,8.346217093102553,61,61,1,False,False
21,misspecified,smooth_elbow,42021,2,0.2527463943069543,3.935081177621402e-18,0.2407882546903614,0.8871211877817471,20.135929367829757,60,60,1,False,False,0.25833698711161124,7.498717699854022e-05,0.22745112075875568,0.8379840149149681,7.364246097559329,61,61,1,False,False,0.22753235467546581,6.742211644848473e-05,0.20259998851909938,0.8495794537351559,8.125983199848282,61,61,1,False,False
21,misspecified,smooth_elbow,42021,3,0.24304829224604546,1.967540588810701e-18,0.23109015262945257,0.8513910736590069,19.32492511701369,60,60,1,False,False,0.2516679886213988,9.113520893225771e-05,0.2207821222685432,0.8134138386430406,7.148322140173045,61,61,1,False,False,0.2219175289495484,8.243582055302228e-05,0.19698516279318196,0.8260343360482744,7.900780918977571,61,61,1,False,False
21,misspecified,smooth_elbow,42021,4,0.2331093382502498,0.0,0.2211511986336569,0.8147736037354986,18.493779611570307,60,60,1,False,False,0.24491130640342124,0.00010510176253638349,0.21402544005056567,0.7885206146675442,6.929559223155085,61,61,1,False,False,0.216199801470597,9.510420694279954e-05,0.19126743531423057,0.802057711845672,7.671451402352796,61,61,1,False,False
21,misspecified,smooth_elbow,42021,5,0.22293592709228957,5.902621766432102e-18,0.21097778747569668,0.7772923378745561,17.64302761467576,60,60,1,False,False,0.23821328968827177,0.00012263240449815135,0.2073274233354162,0.7638435283546492,6.712695734897123,61,61,1,False,False,0.21050923195805166,0.00011122573004498934,0.18557686580168523,0.7781949714119308,7.443211151232777,61,61,1,False,False
21,misspecified,smooth_elbow,42021,6,0.21254355742311978,5.902621766432102e-18,0.2005854178065269,0.7390043767917519,16.77396520176083,60,60,1,False,False,0.23142225651380122,0.0001379651115888855,0.20053639016094565,0.7388237472870525,6.492820627723946,61,61,1,False,False,0.20471031217919303,0.00012552558442866792,0.1797779460228266,0.7538778767566551,7.2106251326218676,61,61,1,False,False
21,misspecified,smooth_elbow,42021,7,0.20195892443061683,3.935081177621402e-18,0.19000078481402394,0.7000080719071227,15.888824759194339,60,60,1,False,False,0.22463763065918252,0.0001521646452079297,0.19375176430632696,0.7138275723093989,6.273152972068516,61,61,1,False,False,0.19889463974084307,0.00013869848523741593,0.17396227358447663,0.7294905317750923,6.977367189838731,61,61,1,False,False
21,misspecified,smooth_elbow,42021,8,0.19122161649835007,1.967540588810701e-18,0.17926347688175717,0.6604492762395359,14.9909168674544,60,60,1,False,False,0.21771338581565167,0.00016030122657089996,0.18682751946279608,0.6883170077763248,6.048964834866055,61,61,1,False,False,0.19292744454767985,0.000146398551844417,0.16799507839131342,0.7044677937700466,6.738031895477208,61,61,1,False,False
21,misspecified,smooth_elbow,42021,9,0.180385089548623,0.0,0.1684269499320301,0.6205249341181441,14.084711780612087,60,60,1,False,False,0.21098247391012634,0.0001695785553165952,0.18009660755727075,0.6635187277598744,5.831036290183901,61,61,1,False,False,0.18711502651359443,0.00015529517266021014,0.162182660357228,0.6800940957537058,6.504904481992579,61,61,1,False,False
21,misspecified,smooth_elbow,42021,10,0.16951655721444367,1.967540588810701e-18,0.15755841759785078,0.5804826765498083,13.175830241957167,60,60,1,False,False,0.20406830893951827,0.00017954047901079184,0.1731824425866627,0.6380452998755605,5.607174511737502,61,61,1,False,False,0.18110765325900968,0.00016478222434462757,0.15617528710264325,0.6549028757278855,6.263957705545098,61,61,1,False,False
21,misspecified,smooth_elbow,42021,11,0.1586954799609315,0.0,0.1467373403443386,0.5406152547830853,12.270917136703147,60,60,1,False,False,0.19727025373533905,0.00019854401777003584,0.16638438738248346,0.6129996479807349,5.387072050420249,61,61,1,False,False,0.1751861611076489,0.00018245103535247063,0.15025379495128247,0.6300717881053122,6.026455491987692,61,61,1,False,False
21,misspecified,smooth_elbow,42021,12,0.1480104920964593,0.0,0.1360523524798664,0.5012492186865433,11.377384513146396,60,60,1,False,False,0.19042215174734703,0.00020145102677400785,0.15953628539449144,0.5877696118336221,5.165349210926098,61,61,1,False,False,0.16919524472563968,0.0001855871991667881,0.14426287856927325,0.6049495780577999,5.78616877614065,61,61,1,False,False
21,misspecified,smooth_elbow,42021,13,0.13755487140854233,1.967540588810701e-18,0.12559673179194944,0.46272822581009293,10.503032730749663,60,60,1,False,False,0.1836708695367237,0.0002174836078993477,0.15278500318386812,0.5628962827692967,4.946761131398287,61,61,1,False,False,0.16326873294723615,0.00020067755311395773,0.13833636679086972,0.580097441213891,5.548465232833341,61,61,1,False,False
21,misspecified,smooth_elbow,42021,14,0.12742098125346854,1.967540588810701e-18,0.11546284163687565,0.42539256472155945,9.65558567962039,60,60,1,False,False,0.17689216306117359,0.00022228946790770013,0.146006296708318,0.5379219161917124,4.727285129070659,61,61,1,False,False,0.15729675884827876,0.00020560162653819567,0.13236439269191233,0.5550546634240274,5.308938263691968,61,61,1,False,False
21,misspecified,smooth_elbow,42021,15,0.11769440150831528,9.837702944053505e-19,0.10573626189172239,0.3895575320382994,8.842199981091094,60,60,1,False,False,0.17007976793059704,0.00023452264180982832,0.13919390157774147,0.5128234325981206,4.506718380100488,61,61,1,False,False,0.15127145869322942,0.00021733181383570618,0.12633909253686298,0.5297882690291699,5.067272466019139,61,61,1,False,False
21,misspecified,smooth_elbow,42021,16,0.10844860237165993,1.967540588810701e-18,0.09649046275506704,0.35549380944249176,8.069019584047892,60,60,1,False,False,0.16360284708290493,0.0002392581115547083,0.13271698073004934,0.48896091603575015,4.297013372195043,61,61,1,False,False,0.14554154622663856,0.00022156671858076152,0.12060918007027215,0.505760548500165,4.837454227723784,61,61,1,False,False
21,misspecified,smooth_elbow,42021,17,0.09974093523837001,9.837702944053505e-19,0.08778279562177711,0.323412693110527,7.340840501642186,60,60,1,False,False,0.15711412588057572,0.00024583629051519684,0.12622825952772015,0.46505492416086786,4.086926301034441,61,61,1,False,False,0.13977918575057702,0.00022816483921034704,0.1148468195942106,0.4815967610228726,4.6063345481906754,61,61,1,False,False
21,misspecified,smooth_elbow,42021,18,0.09161043346533802,1.967540588810701e-18,0.07965229384874513,0.29345799121101424,6.660926900219583,60,60,1,False,False,0.15073579201773593,0.00025472383765923814,0.11984992566488036,0.44155562549388233,3.88041327044723,61,61,1,False,False,0.13410199607993437,0.0002364334216984872,0.10916962992356795,0.4577901273977144,4.378630942562655,61,61,1,False,False
21,misspecified,smooth_elbow,42021,19,0.08407752981584402,9.837702944053505e-19,0.07211939019925112,0.2657049829026232,6.030987470591124,60,60,1,False,False,0.14446702396263877,0.0002618427663402848,0.1135811576097832,0.4184599933164849,3.677447681479136,61,61,1,False,False,0.12850712750354124,0.00024308619582814726,0.10357476134717482,0.4343286976928259,4.15422911317734,61,61,1,False,False
21,misspecified,smooth_elbow,42021,20,0.07714543656277481,9.837702944053505e-19,0.06518729694618192,0.24016550296252145,5.451290839231313,60,60,1,False,False,0.13835263065009837,0.00027415966253514545,0.10746676429724279,0.3959331143997338,3.4794803250615916,61,61,1,False,False,0.1230369159186389,0.0002552412914690889,0.09810454976227248,0.41139000256215497,3.9348270896952844,61,61,1,False,False
21,misspecified,smooth_elbow,42021,21,0.07080269941997978,9.837702944053505e-19,0.05884455980338689,0.21679735107679343,4.920879140910451,60,60,1,False,False,0.13227911062701073,0.0002854353903908962,0.10139324427415515,0.37355682240066473,3.2828363341273334,61,61,1,False,False,0.11759073747310853,0.0002662456664194524,0.09265837131674211,0.38855208760214655,3.71638899956882,61,61,1,False,False
21,misspecified,smooth_elbow,42021,22,0.0650263628239839,0.0,0.053068223207391005,0.19551595349094944,4.437832715529972,60,60,1,False,False,0.12657378819942244,0.00029291782462337996,0.09568792184656687,0.3525370578978301,3.09811357574951,61,61,1,False,False,0.11247266081381566,0.0002733365480763515,0.08754029465744924,0.36709002926660633,3.511110582462549,61,61,1,False,False
21,misspecified,smooth_elbow,42021,23,0.059785244809562016,9.837702944053505e-19,0.04782710519296912,0.17620642843028056,3.9995439697497,60,60,1,False,False,0.12072649849427679,0.00029745458611046713,0.08984063214142121,0.330994252185802,2.9087943046517433,61,61,1,False,False,0.1072072983128534,0.00027804020461852743,0.08227493215648699,0.34501034490935195,3.299924750041354,61,61,1,False,False
21,misspecified,smooth_elbow,42021,24,0.055042956093019006,4.918851472026753e-19,0.043084816476426105,0.15873470912057613,3.6029698479722043,60,60,1,False,False,0.11502225639305674,0.0002978222894262336,0.08413639004020117,0.30997846786220085,2.72410652429124,61,61,1,False,False,0.10206220878274806,0.00027863883809874546,0.07712984262638165,0.3234350112464219,3.0935628869980603,61,61,1,False,False
21,misspecified,smooth_elbow,42021,25,0.05076045159024222,1.4756554416080256e-18,0.03880231197364932,0.1429569441873595,3.2448452031625337,60,60,1,False,False,0.10979332465313699,0.00030018363224588036,0.07890745830028141,0.2907138399345955,2.5548079953077294,61,61,1,False,False,0.09734460166903353,0.0002809683711704721,0.07241223551266711,0.3036522753050087,2.904346705744846,61,61,1,False,False
21,misspecified,smooth_elbow,42021,26,0.04689803411882431,4.918851472026753e-19,0.03493989450223141,0.12872687977097252,2.9218503565345104,60,60,1,False,False,0.1045600219069205,0.000304995925836606,0.07367415555406492,0.27143310818040295,2.3853679450780025,61,61,1,False,False,0.09261221943460272,0.0002855985545655982,0.06767985327823631,0.283807581615825,2.7145379164485925,61,61,1,False,False
21,misspecified,smooth_elbow,42021,27,0.043416822584169894,4.918851472026753e-19,0.03145868296757699,0.1159012686733156,2.6307338746844446,60,60,1,False,False,0.09934227428231406,0.00030840799111042975,0.06845640792945848,0.2522096851931041,2.2164315272033575,61,61,1,False,False,0.08787783298151475,0.00028894092728237394,0.06294546682514833,0.2639544834691465,2.524648740932892,61,61,1,False,False
21,misspecified,smooth_elbow,42021,28,0.04027975028060649,4.918851472026753e-19,0.028321610664013595,0.104343548336528,2.368396052569502,60,60,1,False,False,0.09480866474920688,0.0003062289722987644,0.0639227983963513,0.2355067896174019,2.0696456322793506,61,61,1,False,False,0.08377832415374332,0.00028695518074447845,0.05884595799737691,0.24676367069596533,2.3602235595417294,61,61,1,False,False
21,misspecified,smooth_elbow,42021,29,0.03745218133639171,4.918851472026753e-19,0.02549404171979881,0.0939261119729801,2.1319404637510453,60,60,1,False,False,0.08990654711610474,0.0002919198537853637,0.059020680763249164,0.21744622257306803,1.9109284515113614,61,61,1,False,False,0.07931400162695068,0.00027342093788135604,0.054381635470584264,0.22804305416812928,2.181166245093751,61,61,1,False,False
21,misspecified,smooth_elbow,42021,30,0.03490223527239789,4.918851472026753e-19,0.022944095655804995,0.08453150431664522,1.9187011016302389,60,60,1,False,False,0.08540649840499671,0.00029010655509746576,0.05452063205214114,0.20086697304610315,1.7652291643456,61,61,1,False,False,0.07522242190814012,0.00027201266618226855,0.0502900557517737,0.2108854911898213,2.0170590884304116,61,61,1,False,False
21,misspecified,smooth_elbow,42021,31,0.032600900274108106,4.918851472026753e-19,0.02064276065751521,0.07605283894406771,1.726251851824149,60,60,1,False,False,0.08126309023851956,0.00029272059355782545,0.050377223885663985,0.18560167209179984,1.6310769239926572,61,61,1,False,False,0.07145762151942113,0.0002744645449869027,0.04652525536305471,0.19509823927016853,1.866058563044751,61,61,1,False,False
21,misspecified,smooth_elbow,42021,32,0.0305220016648095,0.0,0.0185638620482166,0.06839368212211071,1.5524038557350277,60,60,1,False,False,0.0772844411972053,0.0002798618317358177,0.04639857484434973,0.17094338293298605,1.502259134138224,61,61,1,False,False,0.06783539971553543,0.0002622468350848123,0.04290303355916901,0.1799088740389722,1.72077665192695,61,61,1,False,False
21,misspecified,smooth_elbow,42021,33,0.028642077268543505,4.918851472026753e-19,0.016683937651950607,0.06146759361542687,1.3951950877710342,60,60,1,False,False,0.07341451485112294,0.0002731286963328534,0.04252864849826736,0.1566856540367855,1.3769614882224386,61,61,1,False,False,0.064308336351871,0.00025620547080892187,0.03937597019550458,0.1651185446431301,1.5793114038416292,61,61,1,False,False
21,misspecified,smooth_elbow,42021,34,0.0269401979901465,0.0,0.0149820583735536,0.05519746566066359,1.2528753513435125,60,60,1,False,False,0.0697023892930924,0.0002602210606265619,0.038816522940236825,0.14300930076752094,1.2567730008534475,61,61,1,False,False,0.06091783306044121,0.00024402202472538153,0.035985466904074795,0.1509008640041768,1.443323376465253,61,61,1,False,False
21,misspecified,smooth_elbow,42021,35,0.025397760872761098,2.4594257360133763e-19,0.0134396212561682,0.049514760541125365,1.1238889732914328,60,60,1,False,False,0.06649590718198971,0.0002523620443068512,0.03561004082913413,0.13119585819466686,1.152955867331265,61,61,1,False,False,0.05799873850553246,0.00023671245135223354,0.03306637234916604,0.1386599809938263,1.3262428500282,61,61,1,False,False
21,misspecified,smooth_elbow,42021,36,0.0239982732433481,0.0,0.012040133626755201,0.0443587153275113,1.0068567530394552,60,60,1,False,False,0.06333590852391596,0.00025836824161302866,0.032450042171060386,0.11955367171616119,1.0506437410670268,61,61,1,False,False,0.05511955043068724,0.00024241452620679964,0.03018718427432082,0.12658644115945863,1.2107629129541158,61,61,1,False,False
21,misspecified,smooth_elbow,42021,37,0.022727140083276597,2.4594257360133763e-19,0.0107690004666837,0.03967555850060759,0.9005581814533115,60,60,1,False,False,0.06037051171319458,0.0002454957849563389,0.029484645360339005,0.10862844471804939,0.9546322911422227,61,61,1,False,False,0.05241377821863049,0.00023026197308542715,0.02748141206226407,0.11524010054683698,1.1022384273482504,61,61,1,False,False
21,misspecified,smooth_elbow,42021,38,0.0215714620857236,0.0,0.009613322469130704,0.035417765946727325,0.8039145533801455,60,60,1,False,False,0.057454939729614886,0.00022961658795363926,0.02656907337675931,0.09788678423106908,0.8602340330434943,61,61,1,False,False,0.049749733382435705,0.0002151000341304651,0.024817367226069285,0.10406873882463746,0.9953875645185095,61,61,1,False,False
21,misspecified,smooth_elbow,42021,39,0.020519848591462303,2.4594257360133763e-19,0.008561708974869405,0.031543371768672175,0.7159733243948192,60,60,1,False,False,0.05493801211675527,0.0002012328539545861,0.024052145763899697,0.08861382440023363,0.7787427909295457,61,61,1,False,False,0.04745362300679659,0.00018854311544983912,0.02252125685043017,0.09444026740709242,0.9032940038336241,61,61,1,False,False
21,misspecified,smooth_elbow,42021,40,0.0195622473797783,0.0,0.007604107763185403,0.028015341194993378,0.6358938770571034,60,60,1,False,False,0.052515575219109184,0.00018739288112262545,0.021629708866253608,0.07968899083337382,0.7003109001102641,61,61,1,False,False,0.04523935414047209,0.00017537313640278012,0.020306987984105667,0.08515498882625286,0.8144829839553887,61,61,1,False,False
21,misspecified,smooth_elbow,42021,41,0.018689791844896303,2.4594257360133763e-19,0.006731652228303405,0.024801007541607505,0.5629347410330188,60,60,1,False,False,0.050236754023334634,0.0001832837308475138,0.01935088767047906,0.07129327166286287,0.626528893488201,61,61,1,False,False,0.043153671406918406,0.0001713827382389665,0.018221305250551986,0.0764089212159364,0.7308293619737016,61,61,1,False,False
21,misspecified,smooth_elbow,42021,42,0.017894665187424896,2.4594257360133763e-19,0.005936525570831998,0.021871571860784818,0.49644223609787774,60,60,1,False,False,0.0482153671989436,0.00017819531981535188,0.017329500846088024,0.06384600193234337,0.5610819087315584,61,61,1,False,False,0.04130756440401355,0.00016645602055902746,0.01637519824764713,0.06866748652717432,0.6567847650298431,61,61,1,False,False
21,misspecified,smooth_elbow,42021,43,0.0171699807278955,0.0,0.005211841111302601,0.019201661987766308,0.43584046335023086,60,60,1,False,False,0.046361778182743535,0.00017426697148318281,0.015475911829887959,0.057016939228163116,0.5010677587309162,61,61,1,False,False,0.03961380319756751,0.0001625721477450725,0.014681437041201086,0.06156489619117056,0.5888505306365484,61,61,1,False,False
21,misspecified,smooth_elbow,42021,44,0.0165096771839672,0.0,0.004551537567374302,0.01676894671708405,0.3806225477630878,60,60,1,False,False,0.044608674060597965,0.00016437931735031669,0.013722807707742389,0.05055808676817596,0.4443070351650873,61,61,1,False,False,0.03801132031793918,0.00015344277159121098,0.013078954161572762,0.05484507088690493,0.5245773337174051,61,61,1,False,False
21,misspecified,smooth_elbow,42021,45,0.0159084276580472,0.0,0.0039502880414543015,0.01455380049131296,0.33034302726930487,60,60,1,False,False,0.042962171396098786,0.00016256457621508926,0.01207630504324321,0.044491979427123865,0.3909977756582077,61,61,1,False,False,0.03650238364414073,0.00015179830816560867,0.011570017487774312,0.04851752070086048,0.46405613551523817,61,61,1,False,False
21,misspecified,smooth_elbow,42021,46,0.015361561098231105,3.689138604020064e-19,0.003403421481638207,0.012539014044498819,0.2846112849289433,60,60,1,False,False,0.04147025167516095,0.00015511931329514848,0.010584385322305372,0.038995392408727375,0.34269348968178726,61,61,1,False,False,0.03513565187987826,0.00014478669660967467,0.010203285723511837,0.042786290239437544,0.40923856402239034,61,61,1,False,False
21,misspecified,smooth_elbow,42021,47,0.014864995082398101,1.2297128680066881e-19,0.0029068554658052033,0.010709546762781536,0.24308592799599893,60,60,1,False,False,0.03999842926046438,0.00014653154886643986,0.009112562907608805,0.033572848645500857,0.29503989959363075,61,61,1,False,False,0.033780160733555976,0.00013666083909332676,0.008847794577189556,0.03710219600007997,0.35487183694076685,61,61,1,False,False
21,misspecified,smooth_elbow,42021,48,0.014415178907045103,2.4594257360133763e-19,0.002457039290452205,0.009052317010127127,0.20547002871942244,60,60,1,False,False,0.03866957234732236,0.0001418404611269776,0.007783705994466782,0.028677023786043015,0.25201514199219255,61,61,1,False,False,0.03255415941547968,0.00013207969426756716,0.007621793259113257,0.03196110227296137,0.305698753632617,61,61,1,False,False
21,misspecified,smooth_elbow,42021,49,0.0140090461234354,0.0,0.002050906506842502,0.007556027260212804,0.17150715517627013,60,60,1,False,False,0.03741904098102261,0.0001351499858198538,0.006533174628167035,0.02406976886633463,0.2115263516823127,61,61,1,False,False,0.03139601808758531,0.00012571901689997797,0.006463651931218891,0.02710457151058254,0.259247433263305,61,61,1,False,False
21,misspecified,smooth_elbow,42021,50,0.013643975846010702,1.2297128680066881e-19,0.0016858362294178038,0.006211021547416406,0.14097813568580242,60,60,1,False,False,0.03634267991106557,0.00013370345506251248,0.005456813558209997,0.02010419873464273,0.17667671989085987,61,61,1,False,False,0.03039747595945281,0.00012434336670273026,0.005465109803086388,0.022917301402862973,0.2191973986268001,61,61,1,False,False
21,misspecified,smooth_elbow,42021,51,0.013317762359996403,2.4594257360133763e-19,0.001359622743403505,0.005009173494007125,0.11369851724401325,60,60,1,False,False,0.035391940454071576,0.00012868710869742264,0.004506074101216,0.01660144849691176,0.14589437284149187,61,61,1,False,False,0.029510405023870537,0.00011957589452458997,0.004578038867504117,0.01919747275733828,0.18361830717519467,61,61,1,False,False
21,misspecified,smooth_elbow,42021,52,0.013028592780145001,1.2297128680066881e-19,0.0010704531635521031,0.003943803999643689,0.0895166972349748,60,60,1,False,False,0.03445849778792386,0.00012346834825751254,0.0035726314350682867,0.013162423749695685,0.11567204864039615,61,61,1,False,False,0.028634759165692428,0.00011467640134579727,0.003702393009326007,0.01552555384315592,0.1484974585286447,61,61,1,False,False
21,misspecified,smooth_elbow,42021,53,0.012775032769181903,1.2297128680066881e-19,0.0008168931525890048,0.003009628624732677,0.06831272913518238,60,60,1,False,False,0.0337084018865784,0.00011628633258180588,0.002822535533722824,0.010398892082391135,0.09138599194456032,61,61,1,False,False,0.02792198447285867,0.00010770713315646405,0.0029896183164922485,0.012536616190196175,0.11990912927166586,61,61,1,False,False
21,misspecified,smooth_elbow,42021,54,0.012556020627193996,2.4594257360133763e-19,0.0005978810106010979,0.002202735814330518,0.04999782823838994,60,60,1,False,False,0.03304277500473297,0.00011146300317547183,0.0021569086518773914,0.007946564368975395,0.06983481140647929,61,61,1,False,False,0.027284627035503394,0.00010311203070815605,0.0023522608791369734,0.009863932013754148,0.09434567358687418,61,61,1,False,False
21,misspecified,smooth_elbow,42021,55,0.012370870433955903,2.4594257360133763e-19,0.00041273081736300544,0.0015205984752206321,0.03451463443279312,60,60,1,False,False,0.032461133396649494,0.00010877460189819769,0.0015752670437939181,0.005803658375118583,0.05100284466031413,61,61,1,False,False,0.026717989931624327,0.00010064438032254836,0.0017856237752579066,0.007487805318493917,0.07161870494196765,61,61,1,False,False
21,misspecified,smooth_elbow,42021,56,0.012219285397671502,1.2297128680066881e-19,0.00026114578107860366,0.0009621231558514076,0.02183832849018108,60,60,1,False,False,0.03195631831123473,0.0001023329094407938,0.0010704519583791539,0.003943799559499964,0.03465831089695781,61,61,1,False,False,0.0262165329642822,9.441499330363109e-05,0.0012841668079157792,0.00538500393385292,0.05150601430533985,61,61,1,False,False
21,misspecified,smooth_elbow,42021,57,0.012101383184209698,1.2297128680066881e-19,0.00014324356761680028,0.0005277433652638938,0.011978750224494572,60,60,1,False,False,0.031565551137551495,0.00010476761083179631,0.0006796847846959192,0.0025041203703727046,0.022006337038788626,61,61,1,False,False,0.02581473978607268,9.655792632258646e-05,0.0008823736297062582,0.0037001310404589645,0.03539068952270075,61,61,1,False,False
21,misspecified,smooth_elbow,42021,58,0.012017735842991,0.0,5.9596226398101956e-05,0.0002195666695519698,0.004983737296009538,60,60,1,False,False,0.031266792302403035,0.00010595391548378263,0.00038092594954745873,0.0014034217792474348,0.012333341898056904,61,61,1,False,False,0.025489756238115346,9.74585326758883e-05,0.000557390081748925,0.0023373503850174383,0.02235608438658354,61,61,1,False,False
21,misspecified,smooth_elbow,42021,59,0.011969428119171,0.0,1.1288502578102322e-05,4.1589527812480596e-05,0.0009440015704815785,60,60,1,False,False,0.031058455396185507,0.00010458442667208628,0.0001725890433299307,0.0006358590759082084,0.005587961864439439,61,61,1,False,False,0.025238730486560237,9.616110390953807e-05,0.0003063643301938167,0.0012847031344498947,0.012287816097052984,61,61,1,False,False
21,misspecified,smooth_elbow,42021,60,0.011958139616592898,1.2297128680066881e-19,0.0,0.0,0.0,60,60,1,False,False,0.030891327513932813,0.00010284856431479318,5.461161077236626e-06,2.0120216028541746e-05,0.00017681748068332226,61,61,1,False,False,0.025016605917208237,9.438579443226395e-05,8.423976084181647e-05,0.0003532496251450861,0.003378731096498999,61,61,1,False,False
21,misspecified,smooth_elbow,42021,61,0.011986258719960698,1.2297128680066881e-19,2.811910336780049e-05,0.00010359746330267925,0.002351461370193597,60,60,1,False,False,0.030885866352855576,9.689883579272551e-05,0.0,0.0,0.0,61,61,1,False,False,0.02493236615636642,8.86599811107533e-05,0.0,0.0,0.0,61,61,1,False,False
21,misspecified,smooth_elbow,42021,62,0.012057039828766101,1.2297128680066881e-19,9.890021217320334e-05,0.0003643718993178574,0.008270534994922807,60,60,1,False,False,0.030993869044433717,9.850952551050503e-05,0.00010800269157814138,0.0003979075979417436,0.0034968321867441254,61,61,1,False,False,0.02494165284967158,8.997618860972526e-05,9.28669330516052e-06,3.894266669447725e-05,0.000372475409951889,61,61,1,False,False
21,misspecified,smooth_elbow,42021,63,0.012174821009005497,2.4594257360133763e-19,0.00021668139241259876,0.0007983057747332974,0.018119991851569983,60,60,1,False,False,0.031209180703591195,9.88287055173234e-05,0.00032331435073561926,0.001191166949651669,0.010468035671783227,61,61,1,False,False,0.025037012310497087,9.024982612377592e-05,0.00010464615413066647,0.0004388214585384111,0.0041972010788853265,61,61,1,False,False
21,misspecified,smooth_elbow,42021,64,0.012345327828097198,1.2297128680066881e-19,0.0003871882115043003,0.001426493441411761,0.03237863279059261,60,60,1,False,False,0.03152237647947513,9.70153717207522e-05,0.000636510126619555,0.0023450546634343496,0.020608459524746436,61,61,1,False,False,0.02520281151517082,8.833337521945571e-05,0.0002704453588044005,0.0011340811116412799,0.010847159756449454,61,61,1,False,False
21,misspecified,smooth_elbow,42021,65,0.012576102977077,0.0,0.0006179633604841018,0.0022767239667201293,0.05167721571226913,60,60,1,False,False,0.031981646425054265,9.738551758507077e-05,0.001095780072198689,0.004037114353632058,0.03547836604872767,61,61,1,False,False,0.025483143298133584,8.853511631480031e-05,0.0005507771417671628,0.002309619791455439,0.022090849232395238,61,61,1,False,False
21,misspecified,smooth_elbow,42021,66,0.012877124004173597,1.2297128680066881e-19,0.0009189843875806996,0.0033857570109133137,0.07685011356662308,60,60,1,False,False,0.03262897785548151,9.765003519397542e-05,0.0017431115026259325,0.006422037273512589,0.05643718983666357,61,61,1,False,False,0.025912213288708345,8.860754490828227e-05,0.0009798471323419246,0.004108874820397802,0.03930020625385855,61,61,1,False,False
21,misspecified,smooth_elbow,42021,67,0.013261709919449196,3.689138604020064e-19,0.0013035703028562978,0.004802662974213508,0.10901112921005596,60,60,1,False,False,0.033484050666613585,0.00010141723153123659,0.002598184313758009,0.00957232883913242,0.08412211216855803,61,61,1,False,False,0.02650305953838673,9.192388367365539e-05,0.0015706933820203092,0.006586519748773037,0.06299816760950461,61,61,1,False,False
21,misspecified,smooth_elbow,42021,68,0.013747884679818103,2.4594257360133763e-19,0.0017897450632252052,0.006593846399844426,0.14966751690553837,60,60,1,False,False,0.03456784177177771,0.00010015892887884106,0.003681975418922137,0.013565272987329614,0.11921230820781936,61,61,1,False,False,0.027266939305902526,9.053751120475845e-05,0.0023345731495361052,0.009789760579876183,0.0936362451479551,61,61,1,False,False
21,misspecified,smooth_elbow,42021,69,0.014360487824043098,1.2297128680066881e-19,0.0024023482074501997,0.008850822055249865,0.20089648427559292,60,60,1,False,False,0.03606578218193195,0.00010277923523130785,0.005179915829076377,0.0190840416564706,0.16771152765793995,61,61,1,False,False,0.028365816998772254,9.284787710010775e-05,0.0034334508424058337,0.01439777619159475,0.13771058955546067,61,61,1,False,False
21,misspecified,smooth_elbow,42021,70,0.015134554810833003,2.4594257360133763e-19,0.003176415194240105,0.01170266890146228,0.2656278732381221,60,60,1,False,False,0.03793203806397329,0.00010649330413933169,0.007046171711117717,0.02595977210648851,0.2281357961799979,61,61,1,False,False,0.0297418069254558,9.594387917784963e-05,0.004809440769089381,0.02016782967877291,0.1928994921270759,61,61,1,False,False
21,misspecified,smooth_elbow,42021,71,0.016120954169733404,2.4594257360133763e-19,0.004162814553140506,0.015336798697453137,0.3481155670204972,60,60,1,False,False,0.040361115152975316,0.00010868105940152654,0.00947524880011974,0.03490906971728747,0.3067826782603331,61,61,1,False,False,0.0315536001665718,9.767177912369172e-05,0.006621234010205378,0.027765373604217252,0.26556781529195783,61,61,1,False,False
21,misspecified,smooth_elbow,42021,72,0.017396255747166404,2.4594257360133763e-19,0.005438116130573507,0.0200353129651326,0.4547627227087794,60,60,1,False,False,0.04347483937669546,0.00011726571383156193,0.012588973023839885,0.046380770175947696,0.4075965647204829,61,61,1,False,False,0.03388380062928639,0.00010523782289562859,0.008951434472919972,0.037536797831222296,0.35902867849685594,61,61,1,False,False
21,misspecified,smooth_elbow,42021,73,0.019081060714797305,2.4594257360133763e-19,0.007122921098204407,0.02624253509890033,0.5956546190781022,60,60,1,False,False,0.047507519520102785,0.00012988339839628308,0.01662165316724721,0.061238122763032074,0.538163734096144,61,61,1,False,False,0.036902531712030666,0.00011637276749203858,0.011970165555664245,0.050195495015745786,0.48010547737795406,61,61,1,False,False
21,misspecified,smooth_elbow,42021,74,0.0213766649596445,0.0,0.009418525343051602,0.03470008701306844,0.7876246343522053,60,60,1,False,False,0.05314935594058742,0.00013877878787046355,0.022263489587731847,0.08202398971923705,0.7208309889508233,61,61,1,False,False,0.04116329481720763,0.00012412277200104903,0.01623092866084121,0.06806250881890749,0.6509983271963411,61,61,1,False,False
21,misspecified,smooth_elbow,42021,75,0.0246457221315227,0.0,0.012687582514929803,0.04674407098966361,1.0609996974215572,60,60,1,False,False,0.0611130823274672,0.0001526054467643699,0.030227215974611622,0.11136425143832508,0.9786746995949798,61,61,1,False,False,0.04718197604946184,0.00013624616763834043,0.022249609893095417,0.093301147531972,0.8923986497532659,61,61,1,False,False
21,misspecified,smooth_elbow,42021,76,0.029613905245142798,2.4594257360133763e-19,0.0176557656285499,0.0650480389740634,1.4764642490083557,60,60,1,False,False,0.07326410187298801,0.00017974236258402507,0.04237823552013244,0.1561314968583449,1.372091526783879,61,61,1,False,False,0.056391710926126305,0.0001604482624215277,0.03145934476975988,0.13192109802039262,1.2617873719830164,61,61,1,False,False
22,misspecified,power_exponential_mixture,42022,0,0.03992881206222299,4.918851472026753e-19,0.03988085494959114,0.9987989346500689,831.5941632212871,63,63,1,False,False,0.03992881206222299,4.918851472026753e-19,0.039802669127076716,0.996840804205502,315.53625322670973,64,64,1,False,False,0.03793931528302451,4.918851472026753e-19,0.03784657830743949,0.9975556497292266,408.1066701678652,66,66,1,False,False
22,misspecified,power_exponential_mixture,42022,1,0.02777601221490939,4.918851472026753e-19,0.027728055102277542,0.6944372664798436,578.1844147944634,63,63,1,False,False,0.034495198811181016,0.00018456640109828598,0.03436905587603474,0.8607582870854206,272.46120312785956,64,64,1,False,False,0.032736484386157984,0.00018009555755407945,0.032643747410572965,0.8604200462515732,352.0035800676617,66,66,1,False,False
22,misspecified,power_exponential_mixture,42022,2,0.0222179232205019,0.0,0.02216996610787005,0.5552373076694974,462.2873415683256,63,63,1,False,False,0.030031339537748787,0.00019214573437930442,0.029905196602602508,0.7489628430718099,237.07389215197486,64,64,1,False,False,0.028471759049211665,0.00018735985024912846,0.02837902207362665,0.7480109185398109,306.0162561330283,66,66,1,False,False
22,misspecified,power_exponential_mixture,42022,3,0.018435745179846596,2.4594257360133763e-19,0.018387788067214746,0.4605142782249612,383.42150013016663,63,63,1,False,False,0.02628049130579824,0.00018048960699545755,0.02615434837065196,0.6550244552704042,207.33898684316028,64,64,1,False,False,0.0248931369449479,0.00017582757646405762,0.024800399969362886,0.6536860189582685,267.42731055130525,66,66,1,False,False
22,misspecified,power_exponential_mixture,42022,4,0.015544253552035099,1.2297128680066881e-19,0.015496296439403251,0.38809810858521476,323.1282199652711,63,63,1,False,False,0.023089718166250817,0.0001649104332977889,0.022963575231104538,0.57511290832593,182.04408518380606,64,64,1,False,False,0.02185210502309394,0.00016045228008997173,0.021759368047508925,0.573530858034354,234.63529956895317,66,66,1,False,False
22,misspecified,power_exponential_mixture,42022,5,0.013222097371307697,2.4594257360133763e-19,0.013174140258675849,0.3299407014199659,274.706702211401,63,63,1,False,False,0.020529908857549198,0.00014415359265688933,0.02040376592240292,0.5110035803370946,161.75115870533787,64,64,1,False,False,0.01942098284983608,0.00014014142181316202,0.019328245874251065,0.5094516263686829,208.42005847529526,66,66,1,False,False
22,misspecified,power_exponential_mixture,42022,6,0.011309421513031302,1.2297128680066881e-19,0.011261464400399454,0.28203855358506963,234.8236535183032,63,63,1,False,False,0.018296892130254448,0.00011384812105331663,0.01817074919510817,0.4550786326122554,144.04888529061768,64,64,1,False,False,0.017301304797066614,0.0001105285519945526,0.0172085678214816,0.45358140211827613,185.56317707067942,66,66,1,False,False
22,misspecified,power_exponential_mixture,42022,7,0.009710708719024502,1.2297128680066881e-19,0.009662751606392654,0.24199947625125243,201.48735142940123,63,63,1,False,False,0.016353669402547007,9.951568725035007e-05,0.01622752646740073,0.4064114515130726,128.6439581303766,64,64,1,False,False,0.01545814625979815,9.65041026680017e-05,0.015365409284213134,0.4049996466617362,165.68805686494488,66,66,1,False,False
22,misspecified,power_exponential_mixture,42022,8,0.008361915330728,0.0,0.008313958218096152,0.20821952341432323,173.36235986348365,63,63,1,False,False,0.01464067994381723,8.993682347148447e-05,0.01451453700867095,0.36351036404619924,115.06420864426116,64,64,1,False,False,0.013834757308202019,8.723099034770458e-05,0.013742020332617002,0.3622105520382363,148.1827528440271,66,66,1,False,False
22,misspecified,power_exponential_mixture,42022,9,0.007216761535926098,1.2297128680066881e-19,0.0071688044232942495,0.17953963699502895,149.4836538289298,63,63,1,False,False,0.01314154554116684,7.545428889179506e-05,0.01301540260602056,0.32596518488298704,103.17979830521244,64,64,1,False,False,0.012415177249783178,7.314509072833638e-05,0.012322440274198161,0.32479342819641477,132.87515790184088,66,66,1,False,False
22,misspecified,power_exponential_mixture,42022,10,0.0062400980844547,0.0,0.006192140971822851,0.15507951907443024,129.1183024165349,63,63,1,False,False,0.011779647459570967,6.955867647322654e-05,0.011653504524424688,0.2918570306139955,92.38333094842724,64,64,1,False,False,0.011125051530561652,6.740777210344813e-05,0.011032314554976635,0.29078844656727143,118.9634930984226,66,66,1,False,False
22,misspecified,power_exponential_mixture,42022,11,0.005404312883234801,6.148564340033441e-20,0.005356355770602952,0.13414763660526352,111.69053924747269,63,63,1,False,False,0.010595971434127693,6.645576509265156e-05,0.010469828498981414,0.2622123714240678,82.99972160026479,64,64,1,False,False,0.010004577732625254,6.435943070478369e-05,0.009911840757040238,0.26125513028104574,106.88121641355045,66,66,1,False,False
22,misspecified,power_exponential_mixture,42022,12,0.004687201400991299,6.148564340033441e-20,0.004639244288359451,0.11618788661004723,96.73735622854205,63,63,1,False,False,0.009520641701546609,6.293018128305936e-05,0.00939449876640033,0.23528119874341438,74.47502910492923,64,64,1,False,False,0.008986608927407129,6.096340491418916e-05,0.008893871951822112,0.23442362850975249,95.90427006829347,66,66,1,False,False
22,misspecified,power_exponential_mixture,42022,13,0.004070609304564001,6.148564340033441e-20,0.004022652191932152,0.10074560158873395,83.88019985299712,63,63,1,False,False,0.008508214653180047,5.3986565168857624e-05,0.008382071718033767,0.20992539685306894,66.44899857700057,64,64,1,False,False,0.008026817443466108,5.2307488860758744e-05,0.007934080467881091,0.2091255577148252,85.55466056370986,66,66,1,False,False
22,misspecified,power_exponential_mixture,42022,14,0.0035395145428758,0.0,0.0034915574302439513,0.08744456070475849,72.80583084823144,63,63,1,False,False,0.00765783552937202,5.014402662970441e-05,0.007531692594225741,0.18862801584201258,59.70760538821911,64,64,1,False,False,0.007222301860675033,4.857000081232182e-05,0.0071295648850900175,0.18792023081871634,76.87941988742168,66,66,1,False,False
22,misspecified,power_exponential_mixture,42022,15,0.0030813761325102005,3.0742821700167204e-20,0.003033419019878352,0.07597068039868626,63.25274507589603,63,63,1,False,False,0.0068538146096685446,4.204550332311838e-05,0.0067276716745222655,0.16849165620149706,53.33371755398479,64,64,1,False,False,0.006460455643429,4.0698545004712756e-05,0.006367718667843984,0.1678395780298424,68.6642908901684,66,66,1,False,False
22,misspecified,power_exponential_mixture,42022,16,0.0026856540165400007,6.148564340033441e-20,0.002637696903908152,0.06605998945818127,55.00116164534148,63,63,1,False,False,0.006139978750736717,3.886323135029141e-05,0.0060138358155904376,0.1506139427894521,47.67477313427517,64,64,1,False,False,0.0057844817555010196,3.760506269542596e-05,0.005691744779916004,0.15002233797463146,61.375139139599554,66,66,1,False,False
22,misspecified,power_exponential_mixture,42022,17,0.0023434440149786005,3.0742821700167204e-20,0.002295486902346752,0.05748948650837856,47.86541091346493,63,63,1,False,False,0.005496256007071459,3.6056307931792995e-05,0.0053701130719251795,0.13449218232580207,42.571651481692896,64,64,1,False,False,0.005174698402616198,3.487624254132869e-05,0.005081961427031182,0.13394974023964648,54.79973219929227,66,66,1,False,False
22,misspecified,power_exponential_mixture,42022,18,0.0020471934343345996,3.0742821700167204e-20,0.001999236321702751,0.05007001757495927,41.688004385298356,63,63,1,False,False,0.004899066272475848,3.10770035491911e-05,0.004772923337329569,0.11953582114818974,37.837420952626076,64,64,1,False,False,0.004608581743541704,3.004452842018066e-05,0.0045158447679566885,0.11902810407274927,48.695191313596574,66,66,1,False,False
22,misspecified,power_exponential_mixture,42022,19,0.0017904752028625004,3.0742821700167204e-20,0.0017425180902306517,0.043640619398223064,36.3349249903222,63,63,1,False,False,0.004394280386351015,2.836638267949375e-05,0.004268137451204736,0.10689367478685546,33.835723310665635,64,64,1,False,False,0.004130827292321179,2.742611353901647e-05,0.004038090316736163,0.10643550856446157,43.54347649643017,66,66,1,False,False
22,misspecified,power_exponential_mixture,42022,20,0.0015678057312262,0.0,0.0015198486185943514,0.03806395783139999,31.69182911952484,63,63,1,False,False,0.003934858238176049,2.6124307168669477e-05,0.0038087153030297695,0.09538764381706286,30.193647377976998,64,64,1,False,False,0.0036958404491520876,2.5268299905697145e-05,0.0036031034735670717,0.09497017662781165,38.85293272545805,66,66,1,False,False
22,misspecified,power_exponential_mixture,42022,21,0.0013744962470541,0.0,0.0013265391344222514,0.03322260457824394,27.660946658854716,63,63,1,False,False,0.0035233807055319575,2.3816781373800193e-05,0.0033972377703856784,0.08508236521265895,26.93165310008161,64,64,1,False,False,0.0033062451305074093,2.301855849791849e-05,0.0032135081549223934,0.08470126914389094,34.65185417844936,66,66,1,False,False
22,misspecified,power_exponential_mixture,42022,22,0.0012065302774606002,1.5371410850083602e-20,0.0011585731648287515,0.02901596879524718,24.158526259133808,63,63,1,False,False,0.0031521170648880813,2.1437218670176393e-05,0.0030259741297418022,0.07578422631322668,23.988455050873796,64,64,1,False,False,0.0029548008385976527,2.0727175435503727e-05,0.002862063863012637,0.07543794192546309,30.862165225442993,66,66,1,False,False
22,misspecified,power_exponential_mixture,42022,23,0.0010604618988057997,1.5371410850083602e-20,0.001012504786173951,0.025357748800443048,21.11271364368048,63,63,1,False,False,0.002827117379109494,1.9958248468190556e-05,0.002700974443963215,0.06764474835249684,21.412015193962997,64,64,1,False,False,0.002647349262255111,1.9294990105859068e-05,0.002554612286670095,0.06733416951816013,27.546857880093054,66,66,1,False,False
22,misspecified,power_exponential_mixture,42022,24,0.0009333307063520002,1.5371410850083602e-20,0.0008853735937201517,0.022173802524864283,18.461778558623443,63,63,1,False,False,0.0025354463522075255,1.892771854695698e-05,0.0024093034170612464,0.06033997238151521,19.09978877744797,64,64,1,False,False,0.0023714557894171213,1.8287114722789594e-05,0.0022787188138321053,0.060062201883007905,24.57184741530745,66,66,1,False,False
22,misspecified,power_exponential_mixture,42022,25,0.000822590396311,0.0,0.0007746332836791514,0.0194003588804997,16.152625568302316,63,63,1,False,False,0.0022646938756541615,1.7072656410177686e-05,0.0021385509405078824,0.05355909254638669,16.953394480855838,64,64,1,False,False,0.002115206801318103,1.6499581374488182e-05,0.002022469825733087,0.053308021260942924,21.80866707130212,66,66,1,False,False
22,misspecified,power_exponential_mixture,42022,26,0.0007260485321925,0.0,0.0006780914195606514,0.016982509234282975,14.139538065315616,63,63,1,False,False,0.0020314681082485857,1.531900541329729e-05,0.0019053251731023066,0.04771805307238158,15.10449373080495,64,64,1,False,False,0.001894622875100579,1.4793554501924053e-05,0.001801885899515563,0.04749389613580599,19.43006970141803,66,66,1,False,False
22,misspecified,power_exponential_mixture,42022,27,0.0006418155698270002,7.685705425041801e-21,0.0005938584571951516,0.014872930761619288,12.38311534211855,63,63,1,False,False,0.0018195534585967134,1.3006380228568952e-05,0.0016934105234504343,0.04241074141678723,13.42453718463667,64,64,1,False,False,0.0016941570921830428,1.2560226442141822e-05,0.001601420116598027,0.042210042660273395,17.268410000387988,66,66,1,False,False
22,misspecified,power_exponential_mixture,42022,28,0.0005682615946520999,7.685705425041801e-21,0.0005203044820202514,0.013030802950246449,10.849370478461921,63,63,1,False,False,0.0016351463969553376,1.1423851675793836e-05,0.0015090034618090585,0.03779234552376629,11.962647452742196,64,64,1,False,False,0.0015198637682337416,1.1024101453867683e-05,0.0014271267926487257,0.03761603977305506,15.388972776456534,66,66,1,False,False
22,misspecified,power_exponential_mixture,42022,29,0.0005039795162219001,7.685705425041801e-21,0.0004560224035900515,0.01142088582248352,9.508962874616527,63,63,1,False,False,0.0014628848941016215,1.0478042997441516e-05,0.0013367419589553424,0.03347812994967727,10.597041819307739,64,64,1,False,False,0.0013570603502738449,1.0108336374331449e-05,0.001264323374688829,0.03332488647349245,13.63343333889263,66,66,1,False,False
22,misspecified,power_exponential_mixture,42022,30,0.00044775369231819995,3.8428527125209005e-21,0.0003997965796863514,0.010012734139531352,8.33654400246032,63,63,1,False,False,0.0013134778509558231,9.769068793086839e-06,0.001187334915809544,0.029736294532360815,9.412615256119386,64,64,1,False,False,0.0012160597831629375,9.422261381898289e-06,0.0011233228075779216,0.029608410146519933,12.112998084007202,66,66,1,False,False
22,misspecified,power_exponential_mixture,42022,31,0.0003985331349748999,3.8428527125209005e-21,0.00035057602234305136,0.008780026357827321,7.310198698456084,63,63,1,False,False,0.0011733548083844125,8.549620535665323e-06,0.0010472118732381334,0.026226972933885755,8.301787745970524,64,64,1,False,False,0.0010836683452021296,8.246505130867295e-06,0.0009909313696171136,0.026118852230854413,10.685396664771366,66,66,1,False,False
22,misspecified,power_exponential_mixture,42022,32,0.0003554085947799,0.0,0.00030745148214805145,0.007699990715199214,6.41096732633297,63,63,1,False,False,0.0010485000599166495,7.678066625789824e-06,0.0009223571247703705,0.02310003922313083,7.311999865079867,64,64,1,False,False,0.000965765678797908,7.3977327201054095e-06,0.000873028703212892,0.023011187647962592,9.414030355265886,66,66,1,False,False
22,misspecified,power_exponential_mixture,42022,33,0.00031759293631849995,3.8428527125209005e-21,0.0002696358236866514,0.006752913742248702,5.622436566533088,63,63,1,False,False,0.0009377201759728823,6.792802057814439e-06,0.0008115772408266033,0.02032560446731757,6.433790682652776,64,64,1,False,False,0.0008612175198516501,6.536079398482342e-06,0.000768480544266634,0.020255519598438337,8.286668175437041,66,66,1,False,False
22,misspecified,power_exponential_mixture,42022,34,0.00028440431265409997,3.8428527125209005e-21,0.00023644720002225137,0.005921718874425423,4.930388571083937,63,63,1,False,False,0.0008431435132827558,6.167759236803119e-06,0.0007170005781364768,0.01795697244934661,5.684032778411428,64,64,1,False,False,0.0007720619158770491,5.932242948489282e-06,0.0006793249402920331,0.017905566698405567,7.325286769453319,66,66,1,False,False
22,misspecified,power_exponential_mixture,42022,35,0.000255251724848,0.0,0.0002072946122161514,0.00519160479638398,4.3224998512209405,63,63,1,False,False,0.0007634491463515325,5.363644400395732e-06,0.0006373062112052535,0.015961061155841765,5.052254495792528,64,64,1,False,False,0.0006970778836390855,5.149875965171502e-06,0.0006043409080540694,0.015929146415683326,6.51672004873659,66,66,1,False,False
22,misspecified,power_exponential_mixture,42022,36,0.00022962261711359996,3.8428527125209005e-21,0.00018166550448175137,0.004549734767932821,3.788082611985825,63,63,1,False,False,0.0006910901118041795,5.170971758156474e-06,0.0005649471766579005,0.014148860120794882,4.478627170065224,64,64,1,False,False,0.0006290102552940721,4.966879975612053e-06,0.000536273279709056,0.014135027891476077,5.782734193411679,66,66,1,False,False
22,misspecified,power_exponential_mixture,42022,37,0.00020707221191869997,1.9214263562604502e-21,0.00015911509928685137,0.003984969526238212,3.3178623681606334,63,63,1,False,False,0.0006271789467958394,4.726573932368217e-06,0.0005010360116495604,0.012548232360851903,3.971970456122212,64,64,1,False,False,0.0005689663398691385,4.5352077716099735e-06,0.00047622936428412256,0.012552397446592973,5.135269521999264,66,66,1,False,False
22,misspecified,power_exponential_mixture,42022,38,0.0001872143342252,0.0,0.00013925722159335141,0.003487637482836709,2.903786611641626,63,63,1,False,False,0.000570042590376679,4.38556746068024e-06,0.0004438996552304,0.011117276780953306,3.519021138327256,64,64,1,False,False,0.000515292242619057,4.2053167585788295e-06,0.000422555267034041,0.011137661918297938,4.556491780850307,66,66,1,False,False
22,misspecified,power_exponential_mixture,42022,39,0.00016971351170040006,3.8428527125209005e-21,0.00012175639906855147,0.0030493368768099737,2.5388600853274133,63,63,1,False,False,0.0005182475399817851,3.967617992247989e-06,0.0003921046048355061,0.009820091923207498,3.108415103713975,64,64,1,False,False,0.00046664810768251504,3.804426485770516e-06,0.00037391113209749906,0.009855505543738716,4.031953055819882,66,66,1,False,False
22,misspecified,power_exponential_mixture,42022,40,0.00015427816942029996,1.9214263562604502e-21,0.00010632105678845137,0.0026627653390430485,2.217002879315194,63,63,1,False,False,0.00046994832003986194,3.510024397493195e-06,0.0003438053848935829,0.008610458642190868,2.72552231716264,64,64,1,False,False,0.00042126990477506053,3.361703561450804e-06,0.00032853292919004455,0.008659432220618981,3.542631481321754,66,66,1,False,False
22,misspecified,power_exponential_mixture,42022,41,0.00014065476433970002,1.9214263562604502e-21,9.269765170785143e-05,0.0023215729925397284,1.932928123080755,63,63,1,False,False,0.00042784756700680606,2.9864500203999834e-06,0.0003017046318605271,0.00755606331063309,2.391767969491606,64,64,1,False,False,0.00038175369124680245,2.8572955422679113e-06,0.00028901671566178646,0.00761786852255353,3.116520825038469,66,66,1,False,False
22,misspecified,power_exponential_mixture,42022,42,0.00012862272745399998,1.9214263562604502e-21,8.066561482215139e-05,0.0020202357810306572,1.6820365196169234,63,63,1,False,False,0.00039058019347156995,2.5096307771020093e-06,0.0002644372583252909,0.006622717898874767,2.0963303098872865,64,64,1,False,False,0.00034679929049420753,2.3964884401656032e-06,0.00025406231490919155,0.006696544547889315,2.73960104161777,66,66,1,False,False
22,misspecified,power_exponential_mixture,42022,43,0.0001179901008028,0.0,7.003298817095141e-05,0.0017539461995968132,1.4603253683884656,63,63,1,False,False,0.000357989199827404,2.2418806484088096e-06,0.000231846264681125,0.005806490418994379,1.8379647216252684,64,64,1,False,False,0.00031625682925815054,2.1370742107251094e-06,0.00022351985367313455,0.005891509954929151,2.4102560199218943,66,66,1,False,False
22,misspecified,power_exponential_mixture,42022,44,0.00010858977281799998,9.607131781302251e-22,6.06326601861514e-05,0.001518519010574735,1.2643100649450885,63,63,1,False,False,0.0003280037095083836,1.9512861894529907e-06,0.00020186077436210457,0.00505551665417782,1.6002542998386788,64,64,1,False,False,0.00028815623586355603,1.8561033520128882e-06,0.00019541926027854005,0.005150837826690511,2.1072421118520386,66,66,1,False,False
22,misspecified,power_exponential_mixture,42022,45,0.000100276229467,0.0,5.231911683515141e-05,0.001310309877329183,1.0909563558754782,63,63,1,False,False,0.0003010831934885635,1.9162027515854377e-06,0.0001749402583422845,0.004381303858218138,1.3868415075280964,64,64,1,False,False,0.00026291288261953954,1.8228711243173204e-06,0.00017017590703452356,0.004485476497533595,1.8350383540221875,66,66,1,False,False
22,misspecified,power_exponential_mixture,42022,46,9.292275055592204e-05,0.0,4.496563792407345e-05,0.0011261451468679142,0.9376218762222044,63,63,1,False,False,0.00027894396383272,1.7799940445186716e-06,0.000152801028686441,0.0038268363318278487,1.2113324341886327,64,64,1,False,False,0.00024218756421731901,1.6905342685842234e-06,0.00014945058863230303,0.0039392009981575205,1.6115534034781542,66,66,1,False,False
22,misspecified,power_exponential_mixture,42022,47,8.641899077671199e-05,0.0,3.84618781448634e-05,0.0009632612682021795,0.8020057095622695,63,63,1,False,False,0.00025861489520375645,1.6752549306372649e-06,0.00013247196005747745,0.003317703513218475,1.0501734393912678,64,64,1,False,False,0.00022314430659309254,1.5893273242264752e-06,0.00013040733100807655,0.003437261058488996,1.4062064261361047,66,66,1,False,False
22,misspecified,power_exponential_mixture,42022,48,8.066889386364573e-05,9.607131781302251e-22,3.271178123179715e-05,0.0008192525532896096,0.6821048940730654,63,63,1,False,False,0.00024066778464584802,1.6130770879274224e-06,0.00011452484949956901,0.002868225814509568,0.9078974527329864,64,64,1,False,False,0.00020632265487869296,1.52792345642113e-06,0.00011358567929367696,0.002993877945512093,1.2248154371774618,66,66,1,False,False
22,misspecified,power_exponential_mixture,42022,49,7.558889580846439e-05,0.0,2.7631783176615804e-05,0.0006920261773266849,0.5761769560385372,63,63,1,False,False,0.00022468391380690947,1.477490656088417e-06,9.854097866063047e-05,0.0024679166138744453,0.7811850782317653,64,64,1,False,False,0.000191313068636485,1.3969765961739318e-06,9.857609305146901e-05,0.0025982570406476394,1.0629642861395672,66,66,1,False,False
22,misspecified,power_exponential_mixture,42022,50,7.110637967410362e-05,0.0,2.3149267042255033e-05,0.0005797634802202584,0.48270768968024735,63,63,1,False,False,0.00020927350869311552,1.3420727435933548e-06,8.313057354683651e-05,0.0020819696167591996,0.6590188618208059,64,64,1,False,False,0.0001767980979901255,1.2671656578288054e-06,8.406112240510949e-05,0.002215673155354009,0.9064466667672058,66,66,1,False,False
22,misspecified,power_exponential_mixture,42022,51,6.715835031685984e-05,9.607131781302251e-22,1.9201237685011255e-05,0.000480886775571711,0.4003835225113117,63,63,1,False,False,0.0001963012177574125,1.207449136333131e-06,7.015828261113348e-05,0.0017570841451982706,0.5561808319251167,64,64,1,False,False,0.0001645577557786095,1.1375978831342841e-06,7.18207801935935e-05,0.0018930436582161737,0.7744567874952131,66,66,1,False,False
22,misspecified,power_exponential_mixture,42022,52,6.369030244514268e-05,9.607131781302251e-22,1.5733189813294097e-05,0.000394031001693121,0.32806791213792974,63,63,1,False,False,0.000185611664477166,1.02403710539897e-06,5.946872933088699e-05,0.0014893688607167679,0.4714392388438189,64,64,1,False,False,0.00015445156040403698,9.62244074417461e-07,6.171458481902098e-05,0.001626665751836445,0.6654798092099148,66,66,1,False,False
22,misspecified,power_exponential_mixture,42022,53,6.0655260062790585e-05,1.4410697671953375e-21,1.2698147430942e-05,0.0003180196648764272,0.26478131676570316,63,63,1,False,False,0.0001763245066590585,9.397735790438675e-07,5.018157151277951e-05,0.0012567759700583916,0.3978151567076469,64,64,1,False,False,0.0001456312223899915,8.791400984020819e-07,5.28942468049755e-05,0.0013941803221905378,0.5703684692249325,66,66,1,False,False
22,misspecified,power_exponential_mixture,42022,54,5.8012969623945696e-05,4.803565890651126e-22,1.005585699209711e-05,0.0002518446323027738,0.20968437089390068,63,63,1,False,False,0.00016764609373582352,9.295457053585714e-07,4.150315858954452e-05,0.0010394288346186745,0.32901690880600043,64,64,1,False,False,0.00013735721910480549,8.694742865712401e-07,4.462024351978949e-05,0.0011760951189267847,0.48114835790481636,66,66,1,False,False
22,misspecified,power_exponential_mixture,42022,55,5.5729233334336066e-05,1.4410697671953375e-21,7.77212070248748e-06,0.00019464943485861315,0.1620639833376034,63,63,1,False,False,0.000159322906344419,8.587432662624724e-07,3.317997119813999e-05,0.0008309781705109093,0.2630347166067091,64,64,1,False,False,0.000129360538582262,8.02290879357734e-07,3.662356299724601e-05,0.0009653195563503695,0.3949186693464206,66,66,1,False,False
22,misspecified,power_exponential_mixture,42022,56,5.377537316870937e-05,4.803565890651126e-22,5.818260536860787e-06,0.00014571584368184835,0.12132216093837234,63,63,1,False,False,0.00015230407695784951,8.335484465266855e-07,2.6161141811570512e-05,0.0006551945940891591,0.2073928419473774,64,64,1,False,False,0.0001225533339705555,7.782581771373328e-07,2.9816358385539494e-05,0.0007858960596181467,0.321515320048426,66,66,1,False,False
22,misspecified,power_exponential_mixture,42022,57,5.212782058585521e-05,9.607131781302251e-22,4.170707954006625e-06,0.00010445359475025727,0.08696745331654587,63,63,1,False,False,0.000146508971970263,7.77898153381916e-07,2.0366036823984008e-05,0.000510058671223342,0.16145206071483087,64,64,1,False,False,0.00011683600955739346,7.23537686349629e-07,2.4099033972377457e-05,0.0006351994966857054,0.25986435098139293,66,66,1,False,False
22,misspecified,power_exponential_mixture,42022,58,5.07678319476558e-05,9.607131781302251e-22,2.8107193158072172e-06,7.039326167347873e-05,0.05860901879944702,63,63,1,False,False,0.0001417734181186205,7.253102285801445e-07,1.5630482972341493e-05,0.0003914587528420269,0.1239108869174157,64,64,1,False,False,0.00011206432813708034,6.729324982464476e-07,1.9327352552064338e-05,0.0005094280802877887,0.2084104256165451,66,66,1,False,False
22,misspecified,power_exponential_mixture,42022,59,4.968133576604925e-05,0.0,1.7242231342006636e-06,4.318243005861841e-05,0.03595343922051719,63,63,1,False,False,0.00013752503202553752,6.587210800860253e-07,1.1382096879258515e-05,0.00028505974236151194,0.09023174279288426,64,64,1,False,False,0.00010769072928601743,6.087703560357187e-07,1.4953753701001435e-05,0.00039414927732478905,0.1612490983954149,66,66,1,False,False
22,misspecified,power_exponential_mixture,42022,60,4.885892582447261e-05,4.803565890651126e-22,9.01813192624021e-07,2.258552523973621e-05,0.018804576487891467,63,63,1,False,False,0.000133580094769203,6.373423061822682e-07,7.437159622923986e-06,0.0001862604780561541,0.05895819384811074,64,64,1,False,False,0.00010354114658760363,5.874550106956255e-07,1.0804171002587633e-05,0.00028477506570662414,0.11650337887807205,66,66,1,False,False
22,misspecified,power_exponential_mixture,42022,61,4.829602504719455e-05,0.0,3.389124153459639e-07,8.487916315111514e-06,0.007066989581872685,63,63,1,False,False,0.00013054666908327898,6.093863207685407e-07,4.403733936999979e-06,0.00011028963070920889,0.034910666474450514,64,64,1,False,False,0.00010018336247934325,5.603464140616122e-07,7.446386894327254e-06,0.000196270987991685,0.0802957703478353,66,66,1,False,False
22,misspecified,power_exponential_mixture,42022,62,4.799326046771222e-05,4.803565890651126e-22,3.614783586363177e-08,9.053070701753125e-07,0.0007537533825510145,63,63,1,False,False,0.00012849286967864698,5.609432130988703e-07,2.349934532367982e-06,5.885310408699277e-05,0.018629141058458254,64,64,1,False,False,9.763565661289601e-05,5.148767070168633e-07,4.898681027880011e-06,0.00012911885708364026,0.05282338567736855,66,66,1,False,False
22,misspecified,power_exponential_mixture,42022,63,4.7957112631848586e-05,4.803565890651126e-22,0.0,0.0,0.0,63,63,1,False,False,0.0001271747777549145,5.632680370952776e-07,1.0318426086355047e-06,2.5842056283255675e-05,0.008179947671575594,64,64,1,False,False,9.568559856828079e-05,5.165990156324466e-07,2.9486229832647877e-06,7.771945701360915e-05,0.0317955482660921,66,66,1,False,False
22,misspecified,power_exponential_mixture,42022,64,4.820093806231635e-05,0.0,2.438254304677623e-07,6.1065034964675985e-06,0.005084239168849258,63,63,1,False,False,0.000126142935146279,5.441247151752306e-07,0.0,0.0,0.0,64,64,1,False,False,9.388979812671796e-05,4.97404856736531e-07,1.1528225417019647e-06,3.0385960661176755e-05,0.01243109918594576,66,66,1,False,False
22,misspecified,power_exponential_mixture,42022,65,4.8746519311967815e-05,4.803565890651126e-22,7.894066801192293e-07,1.9770352268158114e-05,0.016460679903297137,63,63,1,False,False,0.000126175981526496,5.117618443196268e-07,3.3046380217000145e-08,8.276324415938641e-07,0.00026197567211094785,64,64,1,False,False,9.29504191722778e-05,4.6674412801179123e-07,2.1344358726180452e-07,5.6259209126345855e-06,0.0023016017711956493,66,66,1,False,False
22,misspecified,power_exponential_mixture,42022,66,4.962638845316102e-05,4.803565890651126e-22,1.669275821312432e-06,4.1806298136571636e-05,0.034807679814398584,63,63,1,False,False,0.00012716775565096798,5.170268602031104e-07,1.0248205046889814e-06,2.5666190696882098e-05,0.008124279837793402,64,64,1,False,False,9.2736975585016e-05,4.700130494187237e-07,0.0,0.0,0.0,66,66,1,False,False
22,misspecified,power_exponential_mixture,42022,67,5.0887323918606885e-05,1.4410697671953375e-21,2.9302112867582995e-06,7.338588691774777e-05,0.06110066111053425,63,63,1,False,False,0.000128825973538481,5.368173329406803e-07,2.683038392202003e-06,6.719554761661566e-05,0.021269826876080478,64,64,1,False,False,9.295430995882184e-05,4.871672777507746e-07,2.173343738058397e-07,5.728473805722144e-06,0.00234355684380283,66,66,1,False,False
22,misspecified,power_exponential_mixture,42022,68,5.259568979009744e-05,0.0,4.638577158248852e-06,0.00011617117862210209,0.09672344525529986,63,63,1,False,False,0.000131545638259914,5.27500845677448e-07,5.402703113634996e-06,0.0001353083859648943,0.04283000952348126,64,64,1,False,False,9.390597301867653e-05,4.7655233522942874e-07,1.168997433660527e-06,3.081229655674837e-05,0.012605516044556175,66,66,1,False,False
22,misspecified,power_exponential_mixture,42022,69,5.4845775644143085e-05,0.0,6.8886630122945e-06,0.00017252361531716907,0.14364215513090972,63,63,1,False,False,0.000135692224687713,5.332725255678468e-07,9.549289541433987e-06,0.00023915786742046994,0.07570213528296565,64,64,1,False,False,9.586312040939095e-05,4.798568816793121e-07,3.1261448243749556e-06,8.23985567755808e-05,0.03370979918909556,66,66,1,False,False
22,misspecified,power_exponential_mixture,42022,70,5.7773223805144634e-05,4.803565890651126e-22,9.816111173296049e-06,0.00024584030093354966,0.20468519964183818,63,63,1,False,False,0.0001413333977483865,5.363241495830093e-07,1.5190462602107495e-05,0.0003804386310926422,0.12042261886876338,64,64,1,False,False,9.88029210792144e-05,4.816473103724338e-07,6.0659454941984e-06,0.00015988547629146421,0.06541021481380405,66,66,1,False,False
22,misspecified,power_exponential_mixture,42022,71,6.157748797730782e-05,9.607131781302251e-22,1.3620375345459237e-05,0.00034111646808409804,0.28401158030548057,63,63,1,False,False,0.000149173989167765,5.206851959909468e-07,2.3031054021486005e-05,0.0005768028857356338,0.1825790243011114,64,64,1,False,False,0.00010324314510335042,4.657736098666904e-07,1.0506169518334426e-05,0.0002769203777126491,0.11328997362764937,66,66,1,False,False
22,misspecified,power_exponential_mixture,42022,72,6.656121325949177e-05,9.607131781302251e-22,1.8604100627643188e-05,0.0004659317336727054,0.3879320419154697,63,63,1,False,False,0.000159639514735131,5.354239230525457e-07,3.3496579588852e-05,0.0008389074920799715,0.26554463434680975,64,64,1,False,False,0.00010939414904940166,4.777180944716796e-07,1.6657173464385664e-05,0.0004390478146514868,0.17961738949654782,66,66,1,False,False
22,misspecified,power_exponential_mixture,42022,73,7.320344671129172e-05,9.607131781302251e-22,2.5246334079443134e-05,0.0006322836261720122,0.5264356566512076,63,63,1,False,False,0.00017401903012166352,5.807741282833386e-07,4.787609497538452e-05,0.001199036297417937,0.37953845706750045,64,64,1,False,False,0.0001181304598765865,5.174246778975357e-07,2.5393484291570502e-05,0.0006693184656111206,0.2738226487480304,66,66,1,False,False
22,misspecified,power_exponential_mixture,42022,74,8.230613521027332e-05,9.607131781302251e-22,3.434902257842474e-05,0.0008602565617253276,0.7162445921653207,63,63,1,False,False,0.0001935904699091055,6.269067609378361e-07,6.744753476282649e-05,0.0016891946261190977,0.5346913379224321,64,64,1,False,False,0.0001301118472725655,5.565965087464089e-07,3.7374871687549506e-05,0.00098512246224624,0.40302017023712766,66,66,1,False,False
22,misspecified,power_exponential_mixture,42022,75,9.531650019359476e-05,0.0,4.7359387561746176e-05,0.0011860955815049985,0.9875362581836202,63,63,1,False,False,0.000221914104078028,7.03471088376144e-07,9.577116893174899e-05,0.0023985479152874413,0.7592273702898222,64,64,1,False,False,0.00014769297712536052,6.221416023186346e-07,5.495600154034452e-05,0.0014485238104688179,0.5926007527597659,66,66,1,False,False
22,misspecified,power_exponential_mixture,42022,76,0.0001151330602796,0.0,6.717594764775141e-05,0.0016823928431195974,1.400750461426643,63,63,1,False,False,0.0002651673045075325,8.416353075086271e-07,0.00013902436936125349,0.0034818057983945308,1.1021177618868374,64,64,1,False,False,0.000174724047797637,7.413163975878616e-07,8.198707221262101e-05,0.0021610055848663443,0.8840817990388301,66,66,1,False,False
23,misspecified,lognormal_shaped_decay,42023,0,0.036630773629630506,4.918851472026753e-19,0.03662670728192325,0.9998889909411041,9007.273828694286,67,67,1,False,False,0.036630773629630506,4.918851472026753e-19,0.036619451902964784,0.9996909230806809,3234.440557007916,67,67,1,False,False,0.03562104477655249,4.918851472026753e-19,0.0356108529447535,0.9997138817274192,3494.0581484371482,68,68,1,False,False
23,misspecified,lognormal_shaped_decay,42023,1,0.024436226460385298,2.4594257360133763e-19,0.024432160112678042,0.6669845512876351,6008.379477507806,67,67,1,False,False,0.029237667777613278,0.00016446187969668043,0.029226346050947555,0.7978631941124624,2581.438937175341,67,67,1,False,False,0.028436750009364055,0.0001615609469421979,0.028426558177565068,0.7980270751709342,2789.151031749638,68,68,1,False,False
23,misspecified,lognormal_shaped_decay,42023,2,0.0155905815714959,0.0,0.015586515223788646,0.4255033044451119,3833.0502814558386,67,67,1,False,False,0.02306853264469234,0.00019567130362618983,0.023057210918026618,0.6294491934883876,2036.5454491882524,67,67,1,False,False,0.022438384686435376,0.00019223490519272885,0.02242819285463639,0.6296332124822941,2200.6046898129007,68,68,1,False,False
23,misspecified,lognormal_shaped_decay,42023,3,0.010213632437562901,1.2297128680066881e-19,0.010209566089855647,0.2787155464714828,2510.7459629292844,67,67,1,False,False,0.017840195471935362,0.00018593229924491594,0.01782887374526964,0.4867184604271619,1574.748646710492,67,67,1,False,False,0.017347180777047375,0.00018275205837029617,0.017336988945248388,0.48670635726721967,1701.067019862958,68,68,1,False,False
23,misspecified,lognormal_shaped_decay,42023,4,0.0069207884139092,0.0,0.006916722066201946,0.18882271327753322,1700.9667062810474,67,67,1,False,False,0.01361248494966135,0.00017363609438601248,0.01360116322299563,0.3713042853125465,1201.3329436910517,67,67,1,False,False,0.013227584261278751,0.00017069977974118892,0.013217392429479764,0.371055720358323,1296.8613189625726,68,68,1,False,False
23,misspecified,lognormal_shaped_decay,42023,5,0.004837988976778099,6.148564340033441e-20,0.004833922629070845,0.13196343265763574,1188.762736754441,67,67,1,False,False,0.01020199395771735,0.0001453463695897342,0.010190672231051629,0.2781997545039133,900.0987686716069,67,67,1,False,False,0.009901907498476562,0.0001429030291909385,0.009891715666677575,0.27769302469165036,970.5532687127109,68,68,1,False,False
23,misspecified,lognormal_shaped_decay,42023,6,0.0034751759485404997,3.0742821700167204e-20,0.003471109600833245,0.0947593855354853,853.618492742464,67,67,1,False,False,0.007816548303468562,0.00012429707650237818,0.007805226576802842,0.21307839839039658,689.4024919745793,67,67,1,False,False,0.007578918726874472,0.00012223596460899343,0.007568726895075484,0.21247908203011465,742.6267470217974,68,68,1,False,False
23,misspecified,lognormal_shaped_decay,42023,7,0.0025555333159408,0.0,0.0025514669682335455,0.06965364679520918,627.4591234983984,67,67,1,False,False,0.00609409231197012,9.663818545730216e-05,0.006082770585304399,0.16605629591137183,537.2652745381602,67,67,1,False,False,0.005902934637030788,9.502317816022998e-05,0.0058927428052318,0.1654286908819331,578.1828940521905,68,68,1,False,False
23,misspecified,lognormal_shaped_decay,42023,8,0.0019178618471481005,3.0742821700167204e-20,0.0019137954994408461,0.0522455659493029,470.6423644064266,67,67,1,False,False,0.004674911008336162,6.431930271257226e-05,0.004663589281670441,0.12731342583215552,411.9150213889753,67,67,1,False,False,0.0045218012568594805,6.319223471459782e-05,0.004511609425060493,0.1266557298743313,442.669140743536,68,68,1,False,False
23,misspecified,lognormal_shaped_decay,42023,9,0.0014650719513678997,1.5371410850083602e-20,0.0014610056036606454,0.039884650497221355,359.2918532407377,67,67,1,False,False,0.0036547947706260463,4.88132584299016e-05,0.0036434730439603258,0.09946481285923847,321.81248951998265,67,67,1,False,False,0.0035304185655096426,4.792946113266961e-05,0.003520226733710655,0.09882435385578134,345.3968632076847,68,68,1,False,False
23,misspecified,lognormal_shaped_decay,42023,10,0.0011367869487044003,1.5371410850083602e-20,0.001132720600997146,0.030922650240749822,278.55970087761364,67,67,1,False,False,0.0028773619308274678,3.6086187430819034e-05,0.0028660402041617472,0.07824132335123321,253.14515080455047,67,67,1,False,False,0.0027751764567310543,3.538090577390514e-05,0.002764984624932067,0.07762222142209918,271.2941774811003,68,68,1,False,False
23,misspecified,lognormal_shaped_decay,42023,11,0.0008943541090298001,7.685705425041801e-21,0.0008902877613225458,0.024304366878082944,218.9403920708188,67,67,1,False,False,0.002307537331109638,3.078709591465674e-05,0.0022962156044439175,0.06268542476499914,202.81496561794663,67,67,1,False,False,0.002223033516970303,3.0182504839356236e-05,0.0022128416851713156,0.06212175131449024,217.11913312689524,68,68,1,False,False
23,misspecified,lognormal_shaped_decay,42023,12,0.0007123755735543,0.0,0.0007083092258470457,0.01933645281447446,174.18806182841223,67,67,1,False,False,0.0018580725801005094,2.452397657093529e-05,0.0018467508534347889,0.05041528393877432,163.11565434858025,67,67,1,False,False,0.0017875006506690905,2.4019891207212393e-05,0.0017773088188701028,0.04989490987754559,174.38561133305288,68,68,1,False,False
23,misspecified,lognormal_shaped_decay,42023,13,0.0005737700526956,0.0,0.0005697037049883457,0.015552598226522694,140.10206357218152,67,67,1,False,False,0.0015106411044649532,1.9347156943771082e-05,0.0014993193777992327,0.040930595486698605,132.42850866014982,67,67,1,False,False,0.001451389185475217,1.8942307146413578e-05,0.0014411973536762293,0.04045915448905911,141.40709757586347,68,68,1,False,False
23,misspecified,lognormal_shaped_decay,42023,14,0.00046680764987709996,3.8428527125209005e-21,0.0004627413021698456,0.01263258338053597,113.79777025568056,67,67,1,False,False,0.0012396990555954615,1.546481627218532e-05,0.001228377328929741,0.03353402637218972,108.49734896435564,67,67,1,False,False,0.0011894891714875836,1.5146022334857139e-05,0.001179297339688596,0.03310675885803515,115.7100473151195,68,68,1,False,False
23,misspecified,lognormal_shaped_decay,42023,15,0.00038328106948149995,3.8428527125209005e-21,0.0003792147217742456,0.01035235361416173,93.25683612784182,67,67,1,False,False,0.001027323781146658,1.1675689175292675e-05,0.0010160020544809373,0.027736298030547103,89.73914354929089,67,67,1,False,False,0.0009844944710130775,1.1427816877972953e-05,0.0009743026392140899,0.02735188272342375,95.59642058759944,68,68,1,False,False
23,misspecified,lognormal_shaped_decay,42023,16,0.0003173498844823001,7.685705425041801e-21,0.0003132835367750457,0.008552468477532556,77.04297795688939,67,67,1,False,False,0.0008595050275262837,1.0012826791012937e-05,0.000848183300860563,0.02315493823407733,74.91642625754706,67,67,1,False,False,0.0008227249373641255,9.789960562591733e-06,0.0008125331055651378,0.0228104793293426,79.723951649776,68,68,1,False,False
23,misspecified,lognormal_shaped_decay,42023,17,0.0002647938212851,0.0,0.00026072747357784565,0.00711771681957992,64.11834214587893,67,67,1,False,False,0.0007196825207023336,8.105372532919512e-06,0.0007083607940366129,0.019337860597724923,62.566498463644564,67,67,1,False,False,0.000687952061144394,7.928224871000368e-06,0.0006777602293454064,0.019026960988846157,66.5003350440625,68,68,1,False,False
23,misspecified,lognormal_shaped_decay,42023,18,0.0002225205105490999,5.76427906878135e-21,0.00021845416284184554,0.0059636786558375805,53.72245035812439,67,67,1,False,False,0.0006081497478965405,6.423441789831338e-06,0.0005968280212308198,0.01629307716144023,52.71528264658314,67,67,1,False,False,0.0005806135944262731,6.275878736519615e-06,0.0005704217626272854,0.016013616843792433,55.968522035847116,68,68,1,False,False
23,misspecified,lognormal_shaped_decay,42023,19,0.00018823498504470004,1.9214263562604502e-21,0.00018416863733744567,0.005027702641488093,45.290922123774315,67,67,1,False,False,0.000512110691803684,5.425927703327697e-06,0.0005007889651379633,0.013671263681225582,44.23256097978659,67,67,1,False,False,0.0004881968034535155,5.29344884011352e-06,0.0004780049716545279,0.013419173262688074,46.900790857047866,68,68,1,False,False
23,misspecified,lognormal_shaped_decay,42023,20,0.0001602140271802,0.0,0.00015614767947294564,0.004262745882785242,38.39998217426861,67,67,1,False,False,0.00044056502733651247,4.748667746835033e-06,0.00042924330067079186,0.011718106338971189,37.913236500438934,67,67,1,False,False,0.000419519071765274,4.631998391026249e-06,0.0004093272399662864,0.011491163230443075,40.162283683581414,68,68,1,False,False
23,misspecified,lognormal_shaped_decay,42023,21,0.00013714971754560002,1.9214263562604502e-21,0.00013308336983834564,0.003633102898233494,32.72798575511015,67,67,1,False,False,0.000379406244268327,4.159174463663432e-06,0.0003680845176026064,0.010048505153734021,32.511341111694115,67,67,1,False,False,0.000360869865983091,4.056118679489214e-06,0.0003506780341841034,0.009844686936721653,34.40775329700176,68,68,1,False,False
23,misspecified,lognormal_shaped_decay,42023,22,0.00011803941797879998,9.607131781302251e-22,0.00011397307027154562,0.0031114022167239514,28.028363159455758,67,67,1,False,False,0.00032339890325772255,3.3141865671252377e-06,0.00031207717659200194,0.008519535507149753,27.564450706701315,67,67,1,False,False,0.0003070965602436155,3.227075908549036e-06,0.00029690472844462793,0.008335093209845015,29.131635441051966,68,68,1,False,False
23,misspecified,lognormal_shaped_decay,42023,23,0.00010210739127249999,9.607131781302251e-22,9.804104356524561e-05,0.0026764666385844646,24.110344373733803,67,67,1,False,False,0.00027993990407426753,2.7332967671233483e-06,0.00026861817740854693,0.007333128700051877,23.72590200590658,67,67,1,False,False,0.0002654724289715185,2.661342375676774e-06,0.0002552805971725309,0.007166566808297803,25.047567719660442,68,68,1,False,False
23,misspecified,lognormal_shaped_decay,42023,24,8.874828135539369e-05,0.0,8.468193364813932e-05,0.002311770275570713,20.825059671377034,67,67,1,False,False,0.00024357010565082202,2.291201383845953e-06,0.0002322483789851014,0.00634025317983556,20.513512279738375,67,67,1,False,False,0.00023067658628435003,2.2292600745743635e-06,0.0002204847544853624,0.006189732947712309,21.633476575551796,68,68,1,False,False
23,misspecified,lognormal_shaped_decay,42023,25,7.74858973363468e-05,0.0,7.341954962909243e-05,0.0020043133779108504,18.055403746736154,67,67,1,False,False,0.00021323979486086948,2.0141197215366138e-06,0.00020191806819514884,0.005512252354720077,17.834564828923725,67,67,1,False,False,0.0002016961189859685,1.9597693169984544e-06,0.00019150428718698088,0.0053761558199168355,18.789977205668137,68,68,1,False,False
23,misspecified,lognormal_shaped_decay,42023,26,6.794284215862072e-05,9.607131781302251e-22,6.387649445136636e-05,0.0017437932132478057,15.70856676555492,67,67,1,False,False,0.00018865490459575598,1.8211090449966272e-06,0.00017733317793003535,0.004841098354160644,15.66308595551562,67,67,1,False,False,0.000178253207648363,1.773058002290264e-06,0.0001680613758493754,0.004718036118918151,16.489810582045664,68,68,1,False,False
23,misspecified,lognormal_shaped_decay,42023,27,5.981791334906195e-05,0.0,5.5751565641807585e-05,0.0015219871195051786,13.710476736248301,67,67,1,False,False,0.00016670120960236547,1.6523165489360812e-06,0.00015537948293664483,0.004241774539289526,13.7240093781009,67,67,1,False,False,0.0001573346429372445,1.6095192131909106e-06,0.00014714281113825689,0.004130783138486535,14.437327267594142,68,68,1,False,False
23,misspecified,lognormal_shaped_decay,42023,28,5.2869132999429305e-05,0.0,4.880278529217494e-05,0.0013322892326985563,12.001626227169597,67,67,1,False,False,0.00014712745098871798,1.3885033644143571e-06,0.00013580572432299735,0.0037074216803639815,11.995142466580067,67,67,1,False,False,0.00013867213485580402,1.3523985896082478e-06,0.0001284803030568164,0.003606865095135794,12.60620324106789,68,68,1,False,False
23,misspecified,lognormal_shaped_decay,42023,29,4.690089544007321e-05,4.803565890651126e-22,4.283454773281885e-05,0.0011693596254863188,10.533911710600156,67,67,1,False,False,0.0001295116938065745,9.629494641229955e-07,0.00011818996714085387,0.0032265211850521884,10.439217500163094,67,67,1,False,False,0.00012187295626456839,9.342874199078193e-07,0.00011168112446558078,0.0031352568451078876,10.95790498393767,68,68,1,False,False
23,misspecified,lognormal_shaped_decay,42023,30,4.1754155005112126e-05,4.803565890651126e-22,3.768780729785776e-05,0.0010288564385484947,9.268220528860017,67,67,1,False,False,0.00011480041103519127,8.398063548730498e-07,0.00010347868436947065,0.002824911245821112,9.139832414677386,67,67,1,False,False,0.00010787804110772418,8.140773932817754e-07,9.768620930873658e-05,0.0027423735019989756,9.584754854219637,68,68,1,False,False
23,misspecified,lognormal_shaped_decay,42023,31,3.729887795154921e-05,4.803565890651126e-22,3.3232530244294845e-05,0.0009072298221245638,8.17257466325568,67,67,1,False,False,0.00010253397604617322,7.407163961869065e-07,9.12122493804526e-05,0.0024900443081734788,8.056390343411191,67,67,1,False,False,9.622915418771232e-05,7.177903192960742e-07,8.603732238872471e-05,0.0024153508951921215,8.441791827576186,68,68,1,False,False
23,misspecified,lognormal_shaped_decay,42023,32,3.342819454604286e-05,0.0,2.9361846838788498e-05,0.000801562291194358,7.220692609834364,67,67,1,False,False,9.265831515201669e-05,6.691041475825665e-07,8.133658848629607e-05,0.002220444190141351,7.184115187355923,67,67,1,False,False,8.687451722374838e-05,6.485102405469366e-07,7.668268542476077e-05,0.002152735437879044,7.523935533588565,68,68,1,False,False
23,misspecified,lognormal_shaped_decay,42023,33,3.005383775018281e-05,4.803565890651126e-22,2.5987490042928444e-05,0.0007094442040914815,6.39086765663614,67,67,1,False,False,8.304314634403728e-05,5.875513796922093e-07,7.172141967831666e-05,0.0019579553629820545,6.334848190203294,67,67,1,False,False,7.774961676834923e-05,5.688885085421056e-07,6.755778496936162e-05,0.001896569440709708,6.62862047782935,68,68,1,False,False
23,misspecified,lognormal_shaped_decay,42023,34,2.710256269523391e-05,4.803565890651126e-22,2.3036214987979545e-05,0.0006288760161304819,5.665087357601745,67,67,1,False,False,7.520211392440545e-05,5.313671254861381e-07,6.388038725868483e-05,0.0017438994847494076,5.642283120303441,67,67,1,False,False,7.033235147573035e-05,5.141773022895864e-07,6.0140519676742736e-05,0.0016883423845088944,5.900854808329616,68,68,1,False,False
23,misspecified,lognormal_shaped_decay,42023,35,2.451331902891827e-05,0.0,2.0446971321663906e-05,0.0005581910862271395,5.028338153470375,67,67,1,False,False,6.821135544003933e-05,4.619938827707645e-07,5.688962877431871e-05,0.0015530556179217817,5.024819133513122,67,67,1,False,False,6.372306954986341e-05,4.466047123533885e-07,5.35312377508758e-05,0.0015027980814900934,5.252366680167665,68,68,1,False,False
23,misspecified,lognormal_shaped_decay,42023,36,2.2235004995637774e-05,2.401782945325563e-22,1.816865728838341e-05,0.0004959943645221526,4.468053053104761,67,67,1,False,False,6.188979657899935e-05,4.2488677182672626e-07,5.056806991327873e-05,0.001380480533241438,4.466462705409263,67,67,1,False,False,5.774451402668472e-05,4.1051389816055456e-07,4.755268222769711e-05,0.0013349603450991028,4.665764031979086,68,68,1,False,False
23,misspecified,lognormal_shaped_decay,42023,37,2.0224673832411555e-05,2.401782945325563e-22,1.615832612515719e-05,0.0004411134279753998,3.9736705487164157,67,67,1,False,False,5.6020868933655344e-05,3.657986522248652e-07,4.4699142267934724e-05,0.0012202620321340345,3.948085268943352,67,67,1,False,False,5.219551110029266e-05,3.528241555217298e-07,4.200367930130505e-05,0.0011791815642912843,4.121308134763116,68,68,1,False,False
23,misspecified,lognormal_shaped_decay,42023,38,1.8446093952579013e-05,2.401782945325563e-22,1.4379746245324648e-05,0.000392559174171875,3.5362805349063438,67,67,1,False,False,5.101271338160518e-05,3.458120170510169e-07,3.969098671588456e-05,0.0010835421363795236,3.5057361732693133,67,67,1,False,False,4.746995163485993e-05,3.332801613012911e-07,3.727811983587232e-05,0.0010465195524082605,3.657646689143288,68,68,1,False,False
23,misspecified,lognormal_shaped_decay,42023,39,1.6868587425353177e-05,2.401782945325563e-22,1.2802239718098813e-05,0.0003494941124514806,3.14833866647941,67,67,1,False,False,4.652068356504973e-05,3.171765847695134e-07,3.519895689932911e-05,0.0009609121897129904,3.1089742703206937,67,67,1,False,False,4.32326936383128e-05,3.0503261493272307e-07,3.304086183932519e-05,0.000927565770363768,3.2418963039212683,68,68,1,False,False
23,misspecified,lognormal_shaped_decay,42023,40,1.5466088556770075e-05,0.0,1.139974084951571e-05,0.0003112066636860353,2.803434843798176,67,67,1,False,False,4.267305299418967e-05,2.854487634111873e-07,3.135132632846905e-05,0.000855873988506458,2.769129414101921,67,67,1,False,False,3.961212847989196e-05,2.7444192101297797e-07,2.942029668090435e-05,0.0008259245865879325,2.8866544563487366,68,68,1,False,False
23,misspecified,lognormal_shaped_decay,42023,41,1.421637745135223e-05,3.6026744179883437e-22,1.0150029744097865e-05,0.00027709023693366775,2.496104729556258,67,67,1,False,False,3.945606781347432e-05,2.5528230918047054e-07,2.81343411477537e-05,0.000768052060057938,2.4849867850049323,67,67,1,False,False,3.6591427181901834e-05,2.455485645463764e-07,2.6399595382914224e-05,0.0007411235562717611,2.590269924346336,68,68,1,False,False
23,misspecified,lognormal_shaped_decay,42023,42,1.3100453377267371e-05,1.2008914726627814e-22,9.034105670013006e-06,0.0002466261226518391,2.221675646156909,67,67,1,False,False,3.614200745650927e-05,2.257748644860946e-07,2.4820280790788647e-05,0.0006775800326180283,2.192269918151115,67,67,1,False,False,3.3471586663880824e-05,2.1687935421071324e-07,2.3279754864893214e-05,0.0006535393616589562,2.2841580712905474,68,68,1,False,False
23,misspecified,lognormal_shaped_decay,42023,43,1.2102020365912014e-05,0.0,8.03567265865765e-06,0.00021936944984851813,1.9761400738854693,67,67,1,False,False,3.33728028071297e-05,2.0012753993199498e-07,2.2051076141409078e-05,0.0006019822667237374,1.947677840357537,67,67,1,False,False,3.086974616737256e-05,1.9223057919969734e-07,2.0677914368384948e-05,0.0005804971330317677,2.028871234947083,68,68,1,False,False
23,misspecified,lognormal_shaped_decay,42023,44,1.1207063331824258e-05,0.0,7.140715624569893e-06,0.00019493761438862413,1.7560514099251412,67,67,1,False,False,3.097433643937731e-05,1.879438524816655e-07,1.9652609773656692e-05,0.0005365054522834255,1.73583149937367,67,67,1,False,False,2.8619814050944243e-05,1.8042068376383916e-07,1.842798225195663e-05,0.0005173341312011945,1.8081128707193876,68,68,1,False,False
23,misspecified,lognormal_shaped_decay,42023,45,1.0403497529808515e-05,0.0,6.3371498225541505e-06,0.0001730007093660739,1.5584377625279497,67,67,1,False,False,2.8755283417936033e-05,1.8100376936868576e-07,1.743355675221541e-05,0.00047592652365150887,1.539831976777879,67,67,1,False,False,2.6538559863780576e-05,1.737784141160532e-07,1.6346728064792966e-05,0.0004589064741737496,1.6039048119315251,68,68,1,False,False
23,misspecified,lognormal_shaped_decay,42023,46,9.680877691626531e-06,0.0,5.6145299843721665e-06,0.0001532735846952081,1.38073042164,67,67,1,False,False,2.6779118479120543e-05,1.5824469957929766e-07,1.545739181339992e-05,0.0004219783062647765,1.3652857262665656,67,67,1,False,False,2.4685043102277174e-05,1.5197239836530953e-07,1.4493211303289563e-05,0.00040687215645144974,1.4220418457778337,68,68,1,False,False
23,misspecified,lognormal_shaped_decay,42023,47,9.030155942444106e-06,1.2008914726627814e-22,4.9638082351897414e-06,0.00013550923836275558,1.220704325489507,67,67,1,False,False,2.5036057428475812e-05,1.4484724072274259e-07,1.371433076275519e-05,0.00037439369698874487,1.2113285515255177,67,67,1,False,False,2.3053306634544085e-05,1.390915698749925e-07,1.2861474835556473e-05,0.00036106394172982044,1.2619394716496446,68,68,1,False,False
23,misspecified,lognormal_shaped_decay,42023,48,8.443479766212059e-06,1.2008914726627814e-22,4.3771320589576944e-06,0.00011949330099370459,1.076428376045878,67,67,1,False,False,2.338000530304328e-05,1.337360465585563e-07,1.2058278637322657e-05,0.0003291843835798422,1.0650565053678722,67,67,1,False,False,2.1501674268807393e-05,1.2834099541290117e-07,1.1309842469819782e-05,0.00031750451287336945,1.1096967348836375,68,68,1,False,False
23,misspecified,lognormal_shaped_decay,42023,49,7.914023004567048e-06,1.2008914726627814e-22,3.847675297312683e-06,0.00010503942221412195,0.946223878112644,67,67,1,False,False,2.1950383722648252e-05,1.2854305260081338e-07,1.062865705692763e-05,0.00029015649967955215,0.9387841069426774,67,67,1,False,False,2.016530712905598e-05,1.2333116947566666e-07,9.973475330068369e-06,0.00027998828761567927,0.9785753460981437,68,68,1,False,False
23,misspecified,lognormal_shaped_decay,42023,50,7.435844238715449e-06,0.0,3.369496531461084e-06,9.198540455436927e-05,0.828629712468981,67,67,1,False,False,2.063060481728692e-05,1.1859797375198697e-07,9.308878151566297e-06,0.00025412726047468396,0.8222136451811073,67,67,1,False,False,1.8930752111450685e-05,1.1369703510858646e-07,8.738920312463073e-06,0.00024533026381683945,0.8574435376112799,68,68,1,False,False
23,misspecified,lognormal_shaped_decay,42023,51,7.003767997259593e-06,0.0,2.9374202900052285e-06,8.01899604880078e-05,0.7223731223881495,67,67,1,False,False,1.9392743208194748e-05,1.0447668250822314e-07,8.071016542474126e-06,0.00022033431846346562,0.7128785900573948,67,67,1,False,False,1.7772285526722822e-05,1.000438124744932e-07,7.58045372773521e-06,0.00021280829283045158,0.7437773579120686,68,68,1,False,False
23,misspecified,lognormal_shaped_decay,42023,52,6.613285116451077e-06,6.004457363313907e-23,2.546937409196712e-06,6.952999232144263e-05,0.6263452101385663,67,67,1,False,False,1.8338805747427634e-05,9.879301456672494e-08,7.017079081707012e-06,0.00019156240467798697,0.619788773293122,67,67,1,False,False,1.6787588236563524e-05,9.447667548479927e-08,6.595756437575913e-06,0.00018516459803328287,0.6471610371583145,68,68,1,False,False
23,misspecified,lognormal_shaped_decay,42023,53,6.260469301243457e-06,6.004457363313907e-23,2.194121593989092e-06,5.989831435649163e-05,0.5395804176004868,67,67,1,False,False,1.7325898334300825e-05,9.459115434427476e-08,6.004171668580203e-06,0.00016391058865662203,0.5303229662626765,67,67,1,False,False,1.5840619695192165e-05,9.045290830195305e-08,5.6487878962045535e-06,0.00015858007342678678,0.5542465778100525,68,68,1,False,False
23,misspecified,lognormal_shaped_decay,42023,54,5.941907534626608e-06,0.0,1.8755598273722434e-06,5.120175310343731e-05,0.4612394124649608,67,67,1,False,False,1.646760717636979e-05,9.02036510835259e-08,5.1458805106491686e-06,0.00014047971147643695,0.45451375594763443,67,67,1,False,False,1.5040103462144305e-05,8.62424951668233e-08,4.8482716631566935e-06,0.00013610694727146414,0.4757016951200361,68,68,1,False,False
23,misspecified,lognormal_shaped_decay,42023,55,5.654642491372893e-06,0.0,1.5882947841185281e-06,4.3359575207927414e-05,0.3905949265688742,67,67,1,False,False,1.5722004020499634e-05,8.469440878466313e-08,4.400277354779013e-06,0.00012012515485667066,0.38865779794012867,67,67,1,False,False,1.434501400612506e-05,8.092560540930059e-08,4.153182207137449e-06,0.00011659349783786453,0.40750105467301756,68,68,1,False,False
23,misspecified,lognormal_shaped_decay,42023,56,5.396125558833119e-06,0.0,1.3297778515787545e-06,3.6302204944508784e-05,0.3270202027255147,67,67,1,False,False,1.4999494911685877e-05,7.738653934096086e-08,3.6777682459652555e-06,0.00010040105303673744,0.3248416389613631,67,67,1,False,False,1.3670171914381422e-05,7.392947688040851e-08,3.4783401153938103e-06,9.764845857871702e-05,0.3412870408378723,68,68,1,False,False
23,misspecified,lognormal_shaped_decay,42023,57,5.164179478605304e-06,0.0,1.0978317713509394e-06,2.9970204354704294e-05,0.2699798075291022,67,67,1,False,False,1.4374354612711265e-05,7.101493421995222e-08,3.0526279469906437e-06,8.33350662439022e-05,0.2696256531464625,67,67,1,False,False,1.3086140093609205e-05,6.7836717698219e-08,2.8943082946215936e-06,8.125276259518274e-05,0.28398312999132247,68,68,1,False,False
23,misspecified,lognormal_shaped_decay,42023,58,4.956970026868943e-06,0.0,8.906223196145781e-07,2.431350013569347e-05,0.21902266695632244,67,67,1,False,False,1.3797735303870357e-05,6.611868080072603e-08,2.476008638149735e-06,6.759367583072011e-05,0.21869532017995752,67,67,1,False,False,1.2546841664325573e-05,6.308544125031754e-08,2.355009865337961e-06,6.611288018391148e-05,0.23106836060342872,68,68,1,False,False
23,misspecified,lognormal_shaped_decay,42023,59,4.772986580939048e-06,6.004457363313907e-23,7.06638873684683e-07,1.929085311791191e-05,0.17377728727527142,67,67,1,False,False,1.3331744561462986e-05,6.333047029323047e-08,2.010017895742364e-06,5.48723845165112e-05,0.17753633832445348,67,67,1,False,False,1.2111506135450794e-05,6.03934231553057e-08,1.9196743364631827e-06,5.389157865820954e-05,0.18835420112151668,68,68,1,False,False
23,misspecified,lognormal_shaped_decay,42023,60,4.611031918298647e-06,6.004457363313907e-23,5.446842110442825e-07,1.4869579784241558e-05,0.1339492464140648,67,67,1,False,False,1.2843853563785034e-05,6.265513106549695e-08,1.522126898064412e-06,4.155322826251119e-05,0.1344429999951362,67,67,1,False,False,1.1653575711716706e-05,5.970721654297341e-08,1.4617439127290946e-06,4.1035964045930666e-05,0.14342308051770392,68,68,1,False,False
23,misspecified,lognormal_shaped_decay,42023,61,4.470222223572587e-06,0.0,4.038745163182226e-07,1.102555246039166e-05,0.09932119567584219,67,67,1,False,False,1.2440856755753237e-05,5.939062471646118e-08,1.1191300900326155e-06,3.055163675624244e-05,0.09884800464412047,67,67,1,False,False,1.12748633415852e-05,5.650949869447937e-08,1.0830315425975893e-06,3.040426100332951e-05,0.10626466016689662,68,68,1,False,False
23,misspecified,lognormal_shaped_decay,42023,62,4.349999132350674e-06,6.004457363313907e-23,2.8365142509630914e-07,7.743528104655276e-06,0.06975582156692473,67,67,1,False,False,1.2060890303991921e-05,5.412821758997912e-08,7.391636382712996e-07,2.0178761326334443e-05,0.06528718278540535,67,67,1,False,False,1.091601424856143e-05,5.149459819183449e-08,7.24182449573819e-07,2.0330185543870155e-05,0.07105518064434246,68,68,1,False,False
23,misspecified,lognormal_shaped_decay,42023,63,4.250156868331647e-06,0.0,1.8380916107728194e-07,5.0178891370342055e-06,0.04520251938843467,67,67,1,False,False,1.1795407453251726e-05,5.182243221277007e-08,4.7368078753110415e-07,1.293122532219591e-05,0.04183821085924033,67,67,1,False,False,1.0664648832029826e-05,4.9294811818692596e-08,4.7281703304221464e-07,1.3273530745887775e-05,0.04639176179194604,68,68,1,False,False
23,misspecified,lognormal_shaped_decay,42023,64,4.170889381070482e-06,6.004457363313907e-23,1.045416738161174e-07,2.853930273849144e-06,0.025708985394833572,67,67,1,False,False,1.1577532313353928e-05,5.064336810756457e-08,2.558056476333062e-07,6.983353674692415e-06,0.022594225703030046,67,67,1,False,False,1.0456246223753139e-05,4.8139105556028706e-08,2.644144247655274e-07,7.4229834196097985e-06,0.02594375868642107,68,68,1,False,False
23,misspecified,lognormal_shaped_decay,42023,65,4.1128652942987576e-06,6.004457363313907e-23,4.651758704439284e-08,1.2699045757189504e-06,0.011439648154388138,67,67,1,False,False,1.1443301555041844e-05,5.1486852693292115e-08,1.2157488932122252e-07,3.3189277013489286e-06,0.010738193290721343,67,67,1,False,False,1.032512790347379e-05,4.895482877393662e-08,1.3329610448617776e-07,3.7420604960447356e-06,0.01307871902864588,68,68,1,False,False
23,misspecified,lognormal_shaped_decay,42023,66,4.077343192038876e-06,1.2008914726627814e-22,1.0995484784511443e-08,3.0017069515608684e-07,0.002704019817315606,67,67,1,False,False,1.134662296294775e-05,4.988019233606438e-08,2.4896297227128476e-08,6.79655239576757e-07,0.0021989841269096644,67,67,1,False,False,1.0226402057464277e-05,4.740443138821807e-08,3.4570258476665204e-08,9.705009691187113e-07,0.003391957320184602,68,68,1,False,False
23,misspecified,lognormal_shaped_decay,42023,67,4.066347707254365e-06,6.004457363313907e-23,0.0,0.0,0.0,67,67,1,False,False,1.1321726665720622e-05,4.62478485920538e-08,0.0,0.0,0.0,67,67,1,False,False,1.019327228392049e-05,4.3875068124352334e-08,1.4404849328784663e-09,4.043915449180378e-08,0.00014133719642250853,68,68,1,False,False
23,misspecified,lognormal_shaped_decay,42023,68,4.082940727821161e-06,0.0,1.6593020566795976e-08,4.5298034746866334e-07,0.004080571009014822,67,67,1,False,False,1.1334528618407817e-05,4.642791694468463e-08,1.2801952687195708e-08,3.4948627666548253e-07,0.0011307420736412777,67,67,1,False,False,1.0191831798987612e-05,4.396730471958986e-08,0.0,0.0,0.0,68,68,1,False,False
23,misspecified,lognormal_shaped_decay,42023,69,4.1316471799044776e-06,6.004457363313907e-23,6.529947265011285e-08,1.7826397364780832e-06,0.016058506884105928,67,67,1,False,False,1.1472626456039212e-05,4.6937516616402225e-08,1.5089979031859025e-07,4.119481391365645e-06,0.013328337167463733,67,67,1,False,False,1.0305194095887222e-05,4.443587524819316e-08,1.133622968996109e-07,3.1824528901586705e-06,0.011122857905766503,68,68,1,False,False
23,misspecified,lognormal_shaped_decay,42023,70,4.219142591566626e-06,6.004457363313907e-23,1.5279488431226136e-07,4.171216416479561e-06,0.03757545967839282,67,67,1,False,False,1.1745262137854872e-05,4.730508799030284e-08,4.2353547213424983e-07,1.1562285755047593e-05,0.03740908826359579,67,67,1,False,False,1.054038917877863e-05,4.4767255177085074e-08,3.485573797910178e-07,9.785153186198942e-06,0.03419967937713042,68,68,1,False,False
23,misspecified,lognormal_shaped_decay,42023,71,4.355405094176647e-06,6.004457363313907e-23,2.890573869222822e-07,7.891107893185872e-06,0.07108526071358923,67,67,1,False,False,1.2112856909232632e-05,4.915719704520608e-08,7.911302435120099e-07,2.1597421105844934e-05,0.06987717217262945,67,67,1,False,False,1.0857638113037465e-05,4.651921020110305e-08,6.658063140498533e-07,1.8691375231310438e-05,0.0653274433076878,68,68,1,False,False
23,misspecified,lognormal_shaped_decay,42023,72,4.5557373317607926e-06,0.0,4.893896245064278e-07,1.336006794327058e-05,0.12035115040294175,67,67,1,False,False,1.2669047624511709e-05,5.181956162853672e-08,1.347320958791087e-06,3.6781122135548995e-05,0.11900313428961673,67,67,1,False,False,1.1343620827272728e-05,4.897798709385284e-08,1.1517890282851165e-06,3.233450999290397e-05,0.11301099262642134,68,68,1,False,False
23,misspecified,lognormal_shaped_decay,42023,73,4.8445272926029835e-06,6.004457363313907e-23,7.781795853486188e-07,2.1243875251358386e-05,0.191370645446858,67,67,1,False,False,1.3476115375843683e-05,5.478136400327334e-08,2.154388710123061e-06,5.8813628450925855e-05,0.1902879987949202,67,67,1,False,False,1.2053219386876231e-05,5.172987066314229e-08,1.8613875878886194e-06,5.225527773160307e-05,0.18263523423468553,68,68,1,False,False
23,misspecified,lognormal_shaped_decay,42023,74,5.262775911099632e-06,0.0,1.196428203845267e-06,3.266183280599567e-05,0.2942267336634392,67,67,1,False,False,1.4658546911272183e-05,5.883555122699194e-08,3.336820245551561e-06,9.109335989705712e-05,0.2947271510850571,67,67,1,False,False,1.3097436692416908e-05,5.5534351692312767e-08,2.9056048934292962e-06,8.156989531485912e-05,0.28509152728736353,68,68,1,False,False
23,misspecified,lognormal_shaped_decay,42023,75,5.88466399535347e-06,0.0,1.8183162880991052e-06,4.963903592328925e-05,0.447162028189382,67,67,1,False,False,1.636901995732476e-05,6.751503641242879e-08,5.047293291604137e-06,0.0001377883345472507,0.4458059658767499,67,67,1,False,False,1.4608732566400078e-05,6.373787952527211e-08,4.416900767412467e-06,0.000123996946050271,0.4333765366743212,68,68,1,False,False
23,misspecified,lognormal_shaped_decay,42023,76,6.858976307113019e-06,1.2008914726627814e-22,2.7926285998586545e-06,7.623722687635805e-05,0.6867658156425247,67,67,1,False,False,1.9150813874804774e-05,7.930584730712113e-08,7.829087209084153e-06,0.00021372978054580948,0.6915100002183134,67,67,1,False,False,1.7077612255731336e-05,7.482708762735343e-08,6.885780456743724e-06,0.00019330652708076323,0.6756175526197079,68,68,1,False,False
