setup_index,spectrum_family,setup_name,matrix_seed,q,observations,r_actual,ell,mean_oracle_risk,se_oracle_risk,ci_low_oracle_risk,ci_high_oracle_risk,mean_gaussian_risk,se_gaussian_risk,ci_low_gaussian_risk,ci_high_gaussian_risk,mean_rademacher_risk,se_rademacher_risk,ci_low_rademacher_risk,ci_high_rademacher_risk
0,power,power_c_0.3,42000,0,200,0,160,0.35109322804254217,3.935081177621402e-18,0.35109322804254217,0.35109322804254217,0.35109322804254234,7.870162355242804e-18,0.35109322804254234,0.35109322804254234,0.0490492730739656,0.0,0.0490492730739656,0.0490492730739656
0,power,power_c_0.3,42000,1,200,1,158,0.3428792182709287,0.0,0.3428792182709287,0.3428792182709287,0.3532307062235111,5.461965526907752e-05,0.3531236516991837,0.3533377607478385,0.04916469999429866,4.078334590658175e-05,0.04908476463632176,0.049244635352275565
0,power,power_c_0.3,42000,2,200,2,156,0.33881672164124266,3.935081177621402e-18,0.33881672164124266,0.33881672164124266,0.35547222843434234,7.617571158777092e-05,0.3553229240396303,0.3556215328290544,0.049316140460712664,5.6041882272563114e-05,0.04920629837145844,0.049425982549966885
0,power,power_c_0.3,42000,3,200,3,154,0.33649899259798877,3.935081177621402e-18,0.33649899259798877,0.33649899259798877,0.3578950409455504,8.759440815626271e-05,0.35772335590556414,0.3580667259855367,0.04956394761778953,6.405461073256339e-05,0.04943840058075371,0.049689494654825354
0,power,power_c_0.3,42000,4,200,4,152,0.335199304584172,3.935081177621402e-18,0.335199304584172,0.335199304584172,0.36031714157911987,0.00010226593087658866,0.36011670035460175,0.360517582803638,0.04976579690488588,7.407581784708557e-05,0.049620608301905594,0.04991098550786617
0,power,power_c_0.3,42000,5,200,5,150,0.3345922181420521,3.935081177621402e-18,0.3345922181420521,0.3345922181420521,0.3628959388089433,0.0001075202365719377,0.36268519914526226,0.3631066784726243,0.05003444543623818,7.765594873975146e-05,0.04988223977670827,0.050186651095768094
0,power,power_c_0.3,42000,6,200,6,148,0.33450185957847794,3.935081177621402e-18,0.33450185957847794,0.33450185957847794,0.36574476753987495,0.00011223789056139176,0.3655247812743746,0.3659647538053753,0.05044818092473387,8.02241037664317e-05,0.05029094168135166,0.050605420168116075
0,power,power_c_0.3,42000,7,200,7,146,0.3348220290355553,0.0,0.3348220290355553,0.3348220290355553,0.3686569163026644,0.00011445332664521871,0.36843258778243976,0.36888124482288903,0.05086468221617904,8.095767514000266e-05,0.050706005172904633,0.05102335925945345
0,power,power_c_0.3,42000,8,200,8,144,0.33548379903953157,3.935081177621402e-18,0.33548379903953157,0.33548379903953157,0.371648620361268,0.00011755899865447612,0.37141820472390524,0.37187903599863076,0.05128763278965497,8.230200662811226e-05,0.051126320856663875,0.05144894472264607
0,power,power_c_0.3,42000,9,200,9,142,0.336440183243092,3.935081177621402e-18,0.336440183243092,0.336440183243092,0.37476074588453023,0.00011729148104385876,0.3745308545816843,0.3749906371873762,0.05175117122769972,8.180741973335121e-05,0.05159082868502235,0.05191151377037709
0,power,power_c_0.3,42000,10,200,10,140,0.3376580623872654,3.935081177621402e-18,0.3376580623872654,0.3376580623872654,0.37802908132953805,0.00011963833630618266,0.3777945901903779,0.3782635724686982,0.0522671897803993,8.300157643570757e-05,0.05210450669058531,0.052429872870213286
0,power,power_c_0.3,42000,11,200,11,138,0.33911358287604154,3.935081177621402e-18,0.33911358287604154,0.33911358287604154,0.3814199367127225,0.0001205677242423723,0.38118362397320743,0.3816562494522376,0.05281858803562086,8.330110461034896e-05,0.05265531787058458,0.05298185820065714
0,power,power_c_0.3,42000,12,200,12,136,0.34078937076509946,3.935081177621402e-18,0.34078937076509946,0.34078937076509946,0.38498754968626225,0.00012434027314618324,0.38474384275089574,0.38523125662162877,0.05343036177641177,8.497307228933951e-05,0.05326381455472467,0.05359690899809887
0,power,power_c_0.3,42000,13,200,13,134,0.342672762710056,3.935081177621402e-18,0.342672762710056,0.342672762710056,0.3886594447452981,0.0001232844113839155,0.3884178072989857,0.38890108219161057,0.054056181764330934,8.347608337899121e-05,0.05389256864090811,0.054219794887753754
0,power,power_c_0.3,42000,14,200,14,132,0.3447546392489226,3.935081177621402e-18,0.3447546392489226,0.3447546392489226,0.39250865541728386,0.00012438780898096322,0.39226485531168115,0.39275245552288657,0.05474231483422369,8.383736963464764e-05,0.05457799358973978,0.0549066360787076
0,power,power_c_0.3,42000,15,200,15,130,0.34702863171012355,3.935081177621402e-18,0.34702863171012355,0.34702863171012355,0.39648720689816536,0.00012363684102101235,0.39624487868976416,0.39672953510656656,0.05545134074216959,8.281057020547954e-05,0.05528903202456685,0.05561364945977233
0,power,power_c_0.3,42000,16,200,16,128,0.34949057016162854,7.870162355242804e-18,0.34949057016162854,0.34949057016162854,0.4006360793405006,0.00012502364645495544,0.4003910329934489,0.4008811256875523,0.056214189725694946,8.323942563550795e-05,0.056051040451449353,0.05637733899994054
0,power,power_c_0.3,42000,17,200,17,126,0.35213809228221693,3.935081177621402e-18,0.35213809228221693,0.35213809228221693,0.4049664441120666,0.00012523163146107346,0.40472099011440293,0.4052118981097303,0.057032387962733876,8.305816153828609e-05,0.056869593966118834,0.05719518195934892
0,power,power_c_0.3,42000,18,200,18,124,0.35497036301513224,3.935081177621402e-18,0.35497036301513224,0.35497036301513224,0.40950082848436264,0.0001256329019470442,0.40925458799654646,0.40974706897217883,0.05791548305796794,8.301329705550751e-05,0.05775277699573914,0.05807818912019674
0,power,power_c_0.3,42000,19,200,19,122,0.35798787268394305,0.0,0.35798787268394305,0.35798787268394305,0.4141976795089141,0.0001227072301764007,0.4139571733377684,0.41443818568005986,0.058829237539485456,8.037965524591684e-05,0.05867169341520346,0.05898678166376745
0,power,power_c_0.3,42000,20,200,20,120,0.3611922922142254,3.935081177621402e-18,0.3611922922142254,0.3611922922142254,0.41903418392719816,0.00012388813042977237,0.4187913631915558,0.4192770046628405,0.059759903908759175,8.0966814588586e-05,0.059601208952165544,0.05991859886535281
0,power,power_c_0.3,42000,21,200,21,118,0.36458637106108854,3.935081177621402e-18,0.36458637106108854,0.36458637106108854,0.4241042245820589,0.0001239473472895969,0.4238612877813713,0.4243471613827465,0.06076472479024782,8.034282829917919e-05,0.06060725284678142,0.06092219673371421
0,power,power_c_0.3,42000,22,200,22,116,0.3681738679818896,7.870162355242804e-18,0.3681738679818896,0.3681738679818896,0.4293119461513005,0.00012244247166154126,0.4290719589068439,0.42955193339575715,0.06177690619285615,7.877757587327158e-05,0.06162250214414453,0.06193131024156776
0,power,power_c_0.3,42000,23,200,23,114,0.3719595078347243,3.935081177621402e-18,0.3719595078347243,0.3719595078347243,0.43479626434342733,0.00012111257331181506,0.43455888369973616,0.4350336449871185,0.06288144116993313,7.772338058964868e-05,0.06272910334397742,0.06303377899588884
0,power,power_c_0.3,42000,24,200,24,112,0.37594895967408554,0.0,0.37594895967408554,0.37594895967408554,0.44050288830165,0.00012117363196991031,0.440265387982989,0.44074038862031106,0.0640395321797168,7.730634446776556e-05,0.06388801174455998,0.06419105261487361
0,power,power_c_0.3,42000,25,200,25,110,0.38014883289115003,0.0,0.38014883289115003,0.38014883289115003,0.44650673700495874,0.00012163997841818391,0.4462683226472591,0.4467451513626584,0.06528940432603156,7.73462292311606e-05,0.06513780571673848,0.06544100293532464
0,power,power_c_0.3,42000,26,200,26,108,0.3845666892186594,7.870162355242804e-18,0.3845666892186594,0.3845666892186594,0.45271900115444724,0.00012228528804215116,0.4524793219898846,0.4529586803190099,0.06657239835708295,7.725401416533061e-05,0.06642098048931891,0.066723816224847
0,power,power_c_0.3,42000,27,200,27,106,0.3892110692256875,3.935081177621402e-18,0.3892110692256875,0.3892110692256875,0.4591920400044295,0.00012474710288226245,0.45894753568278024,0.4594365443260787,0.06791529203737237,7.833468468256077e-05,0.06776175605539456,0.06806882801935019
0,power,power_c_0.3,42000,28,200,28,104,0.3940915325560718,3.935081177621402e-18,0.3940915325560718,0.3940915325560718,0.46591484179081016,0.0001234782459530037,0.46567282442874225,0.4661568591528781,0.06930814528048894,7.739324318356279e-05,0.06915645452384915,0.06945983603712873
0,power,power_c_0.3,42000,29,200,29,102,0.3992187116775777,7.870162355242804e-18,0.3992187116775777,0.3992187116775777,0.4729428459352903,0.0001230421000109528,0.4727016834192688,0.47318400845131176,0.07077551041018638,7.664649764971282e-05,0.07062528327479295,0.07092573754557982
0,power,power_c_0.3,42000,30,200,30,100,0.40460437935051874,1.1805243532864205e-17,0.40460437935051874,0.40460437935051874,0.4802531148285326,0.0001251666451123957,0.48000778820411233,0.4804984414529529,0.07229627223761509,7.717797739983163e-05,0.07214500340191142,0.07244754107331876
0,power,power_c_0.3,42000,31,200,31,98,0.4102615304266975,3.935081177621402e-18,0.4102615304266975,0.4102615304266975,0.48796472802837704,0.00012554660880502195,0.4877186566751192,0.48821079938163486,0.0739403117414183,7.71541613691372e-05,0.07378908958513479,0.0740915338977018
0,power,power_c_0.3,42000,32,200,32,96,0.4162044789772538,1.1805243532864205e-17,0.4162044789772538,0.4162044789772538,0.4959810696892583,0.0001255147926547754,0.4957350606956549,0.4962270786828617,0.07563230559133366,7.670099911222276e-05,0.0754819716330737,0.07578263954959362
0,power,power_c_0.3,42000,33,200,33,94,0.42244897214227856,0.0,0.42244897214227856,0.42244897214227856,0.5043296462993204,0.00013023250785501467,0.5040743905839246,0.5045849020147163,0.07739045703186458,7.899724038892905e-05,0.07723562244070227,0.07754529162302688
0,power,power_c_0.3,42000,34,200,34,92,0.42901232251494903,3.935081177621402e-18,0.42901232251494903,0.42901232251494903,0.5130742538331287,0.00013134056674290152,0.5128168263223126,0.5133316813439447,0.07924155845814092,7.933371119904701e-05,0.07908606438419079,0.07939705253209105
0,power,power_c_0.3,42000,35,200,35,90,0.4359135613371092,7.870162355242804e-18,0.4359135613371092,0.4359135613371092,0.522267339536091,0.00013379571047362674,0.5220050999435626,0.5225295791286193,0.08120930828790218,8.024435869637524e-05,0.0810520293448573,0.08136658723094707
0,power,power_c_0.3,42000,36,200,36,88,0.44317361531154487,7.870162355242804e-18,0.44317361531154487,0.44317361531154487,0.5319157850788553,0.00013235209012760581,0.5316563749822052,0.5321751951755054,0.08327763569419144,7.929325644551564e-05,0.08312222091155823,0.08343305047682466
0,power,power_c_0.3,42000,37,200,37,86,0.45081551045092466,1.1805243532864205e-17,0.45081551045092466,0.45081551045092466,0.5419775576632192,0.00013059629291510157,0.5417215889291056,0.5422335263973328,0.08541613336351647,7.799548740887989e-05,0.08526326220819506,0.08556900451883788
0,power,power_c_0.3,42000,38,200,38,84,0.45886460711071125,3.935081177621402e-18,0.45886460711071125,0.45886460711071125,0.5525789938334065,0.00013302232010500078,0.5523182700860007,0.5528397175808123,0.08768654159405348,7.905978670660381e-05,0.08753158441210854,0.08784149877599842
0,power,power_c_0.3,42000,39,200,39,82,0.46734887122512375,3.935081177621402e-18,0.46734887122512375,0.46734887122512375,0.563696180303704,0.0001351507902980552,0.5634312847547198,0.5639610758526883,0.0900675449135284,8.025995493644043e-05,0.08991023540185299,0.09022485442520382
0,power,power_c_0.3,42000,40,200,40,80,0.47629918782089375,3.935081177621402e-18,0.47629918782089375,0.47629918782089375,0.5753822297832869,0.00013670348248872322,0.575114290957609,0.5756501686089648,0.0925642496409478,8.084916420061785e-05,0.09240578527911458,0.09272271400278101
0,power,power_c_0.3,42000,41,200,41,78,0.4857497241729344,0.0,0.4857497241729344,0.4857497241729344,0.5876994346669665,0.00013773850066098905,0.587429467205671,0.587969402128262,0.095202197171424,8.138116388126498e-05,0.09504269009021672,0.09536170425263128
0,power,power_c_0.3,42000,42,200,42,76,0.4957383515527258,3.935081177621402e-18,0.4957383515527258,0.4957383515527258,0.6006608940817412,0.0001395261515778484,0.6003874228246486,0.6009343653388337,0.09797301775763756,8.197524578369148e-05,0.09781234627590152,0.0981336892393736
0,power,power_c_0.3,42000,43,200,43,74,0.506307136486213,0.0,0.506307136486213,0.506307136486213,0.6143742369697244,0.00014060851563011206,0.6140986442790893,0.6146498296603594,0.10091381754565734,8.250861725763715e-05,0.10075210065583237,0.10107553443548231
0,power,power_c_0.3,42000,44,200,44,72,0.5175029148900441,0.0,0.5175029148900441,0.5175029148900441,0.6288951065950475,0.00014556096203856877,0.6286098071094519,0.6291804060806432,0.1040399802771702,8.480008154451093e-05,0.10387377211734296,0.10420618843699743
0,power,power_c_0.3,42000,45,200,45,70,0.5293779655329676,0.0,0.5293779655329676,0.5293779655329676,0.6442972324524672,0.00014812028846251235,0.6440069166870807,0.6445875482178537,0.10736576437493381,8.553604519420995e-05,0.10719811372635316,0.10753341502351446
0,power,power_c_0.3,42000,46,200,46,68,0.5419908031581686,0.0,0.5419908031581686,0.5419908031581686,0.6605681256563174,0.00014979296058577267,0.6602745314535693,0.6608617198590655,0.11085714375501751,8.619226106851337e-05,0.11068820692332322,0.1110260805867118
0,power,power_c_0.3,42000,47,200,47,66,0.5554071165487009,7.870162355242804e-18,0.5554071165487009,0.5554071165487009,0.6778494363984016,0.00015373897263847952,0.6775481080120301,0.678150764784773,0.11457014819959324,8.829668889913725e-05,0.11439708668935093,0.11474320970983555
0,power,power_c_0.3,42000,48,200,48,64,0.5697008831530229,7.870162355242804e-18,0.5697008831530229,0.5697008831530229,0.6962265855902021,0.00015900730298758223,0.6959149312763464,0.6965382399040578,0.11852037327325889,9.086882098767986e-05,0.11834227038412304,0.11869847616239473
0,power,power_c_0.3,42000,49,200,49,62,0.5849557000593394,7.870162355242804e-18,0.5849557000593394,0.5849557000593394,0.7158008538949909,0.0001632577589647781,0.71548086868742,0.7161208391025619,0.1227224055502158,9.302549924967534e-05,0.12254007557168643,0.12290473552874516
0,power,power_c_0.3,42000,50,200,50,60,0.601266381728684,0.0,0.601266381728684,0.601266381728684,0.7367444287294279,0.0001685441076736877,0.7364140822783874,0.7370747751804684,0.1272329547803681,9.596420266221578e-05,0.12704486494315018,0.12742104461758605
0,power,power_c_0.3,42000,51,200,51,58,0.6187408888124802,0.0,0.6187408888124802,0.6187408888124802,0.7591290191141531,0.00016618317474709673,0.7588033000916488,0.7594547381366574,0.1320416931818626,9.403924642411734e-05,0.13185737625887134,0.13222601010485385
0,power,power_c_0.3,42000,52,200,52,56,0.6375026707675796,0.0,0.6375026707675796,0.6375026707675796,0.7831641168389594,0.00016651080680536715,0.7828377556576208,0.7834904780202979,0.13721705780781132,9.35804273603402e-05,0.13703364017018504,0.1374004754454376
0,power,power_c_0.3,42000,53,200,53,54,0.6576935294968669,0.0,0.6576935294968669,0.6576935294968669,0.809009121968293,0.0001700713018248907,0.8086757822167162,0.8093424617198698,0.14278629042197874,9.509584591396595e-05,0.14259990256398736,0.14297267827997012
0,power,power_c_0.3,42000,54,200,54,52,0.6794771442435044,7.870162355242804e-18,0.6794771442435044,0.6794771442435044,0.8368135460648694,0.000173868529306011,0.8364727637474295,0.8371543283823092,0.14876385142353002,9.743073602074818e-05,0.14857288718092934,0.1489548156661307
0,power,power_c_0.3,42000,55,200,55,50,0.7030434428458829,0.0,0.7030434428458829,0.7030434428458829,0.8668423635182925,0.00017673042717369615,0.866495971881032,0.8671887551555529,0.15520293313669634,9.86672649032589e-05,0.15500954529748595,0.15539632097590672
0,power,power_c_0.3,42000,56,200,56,48,0.7286140661681209,7.870162355242804e-18,0.7286140661681209,0.7286140661681209,0.8994152361914076,0.0001771850516535192,0.8990679534901668,0.8997625188926485,0.16219315067258994,9.856159917792481e-05,0.1619999699382012,0.16238633140697867
0,power,power_c_0.3,42000,57,200,57,46,0.75644925837449,7.870162355242804e-18,0.75644925837449,0.75644925837449,0.9349036635648633,0.00018553030086234154,0.9345400241751731,0.9352673029545535,0.16983196523441738,0.0001030596033630724,0.16962996841182576,0.170033962057009
0,power,power_c_0.3,42000,58,200,58,44,0.7868566366909044,7.870162355242804e-18,0.7868566366909044,0.7868566366909044,0.9736804324938407,0.00019313131974510396,0.9733018951071404,0.9740589698805411,0.17818456020870524,0.0001067028942147604,0.17797542253604431,0.17839369788136616
0,power,power_c_0.3,42000,59,200,59,42,0.8202024671171059,1.5740324710485608e-17,0.8202024671171059,0.8202024671171059,1.0161064018566415,0.00020300991026539023,1.0157085024325212,1.0165043012807617,0.18730045219521607,0.00011187279146806517,0.18708118152393866,0.1875197228664935
0,power,power_c_0.3,42000,60,200,60,40,0.856926323142332,1.5740324710485608e-17,0.856926323142332,0.856926323142332,1.0628230824474896,0.00021173251200255517,1.0624080867239645,1.0632380781710147,0.1973413333288121,0.00011637442013931712,0.19711323946533904,0.19756942719228515
0,power,power_c_0.3,42000,61,200,61,38,0.8975603738060797,1.5740324710485608e-17,0.8975603738060797,0.8975603738060797,1.1144826936819934,0.0002223275637789422,1.1140469316569865,1.1149184557070002,0.20844048529732645,0.00012217076076507477,0.2082010306062269,0.208679939988426
0,power,power_c_0.3,42000,62,200,62,36,0.9427551013783326,7.870162355242804e-18,0.9427551013783326,0.9427551013783326,1.171861467163292,0.00023404029142990332,1.1714027481920894,1.1723201861344947,0.22075222027112495,0.00012849214037063148,0.2205003756759985,0.2210040648662514
0,power,power_c_0.3,42000,63,200,63,34,0.9933140961245178,2.361048706572841e-17,0.9933140961245178,0.9933140961245178,1.2360254351217188,0.0002464473428468768,1.235542398329739,1.2365084719136987,0.23452121079400126,0.00013450030894017793,0.23425759018847853,0.234784831399524
0,power,power_c_0.3,42000,64,200,64,32,1.0502418993558431,1.5740324710485608e-17,1.0502418993558431,1.0502418993558431,1.30823903746754,0.00025509355933355876,1.3077390540912461,1.3087390208438336,0.2500127724057768,0.00013916787965446208,0.24974000336165406,0.25028554144989956
0,power,power_c_0.3,42000,65,200,65,30,1.114810983941958,1.5740324710485608e-17,1.114810983941958,1.114810983941958,1.3901292712417694,0.00026714067556347183,1.3896056755176651,1.3906528669658738,0.2675804453258246,0.00014528572652761264,0.26729568530183045,0.2678652053498187
0,power,power_c_0.3,42000,66,200,66,28,1.1886574409949995,0.0,1.1886574409949995,1.1886574409949995,1.483826924996817,0.00028530590840211977,1.4832677254163489,1.4843861245772851,0.2876957150614522,0.0001554723894046208,0.28739098917821915,0.28800044094468524
0,power,power_c_0.3,42000,67,200,67,26,1.2739208298728124,1.5740324710485608e-17,1.2739208298728124,1.2739208298728124,1.591898835230955,0.0003059325484560285,1.5912992074359813,1.592498463025929,0.3108711395074467,0.0001668299128762727,0.31054415287820925,0.3111981261366842
0,power,power_c_0.3,42000,68,200,68,24,1.3734539534165628,3.1480649420971217e-17,1.3734539534165628,1.3734539534165628,1.7180141243500344,0.000326589767262905,1.717374008406199,1.7186542402938698,0.3379016820264156,0.0001775410391210654,0.3375537015897383,0.33824966246309285
0,power,power_c_0.3,42000,69,200,69,22,1.4911470562785036,1.5740324710485608e-17,1.4911470562785036,1.4911470562785036,1.867048141052883,0.00035156747790495715,1.8663590687961893,1.8677372133095766,0.3698263816786055,0.0001909889949433548,0.3694520432485165,0.3702007201086945
0,power,power_c_0.3,42000,70,200,70,20,1.6324465424824166,1.5740324710485608e-17,1.6324465424824166,1.6324465424824166,2.0459990579948,0.0003850803780976594,2.045244300453729,2.0467538155358715,0.40817056927424156,0.00020829745318079769,0.4077623062660072,0.40857883228247593
0,power,power_c_0.3,42000,71,200,71,18,1.805219504932509,1.5740324710485608e-17,1.805219504932509,1.805219504932509,2.2647830566177465,0.00041866302446413064,2.263962477089797,2.265603636145696,0.45505317535084144,0.00022681556650579228,0.4546086168404901,0.4554977338611928
0,power,power_c_0.3,42000,72,200,72,16,2.0212666523044716,3.1480649420971217e-17,2.0212666523044716,2.0212666523044716,2.5384317722193055,0.0004651269437206715,2.537520123409613,2.539343421028998,0.5137204220030339,0.0002518665035091499,0.5132267636561559,0.5142140803499119
0,power,power_c_0.3,42000,73,200,73,14,2.2991320306788454,3.1480649420971217e-17,2.2991320306788454,2.2991320306788454,2.8901924004712796,0.0005252023517051711,2.8891630038619374,2.8912217970806218,0.5890778866217461,0.0002839943455877297,0.5885212577043941,0.5896345155390981
0,power,power_c_0.3,42000,74,200,74,12,2.6697224670926585,6.296129884194243e-17,2.6697224670926585,2.6697224670926585,3.359440315956439,0.0006060844492266481,3.358252390435955,3.360628241476923,0.689630714721865,0.00032803877016136866,0.6889877587323487,0.6902736707113812
0,power,power_c_0.3,42000,75,200,75,10,3.188670345669297,0.0,3.188670345669297,3.188670345669297,4.0162962968291245,0.0007270740027024508,4.014871231783828,4.017721361874421,0.8303165106589819,0.00039236331395354996,0.829547478563633,0.8310855427543309
0,power,power_c_0.3,42000,76,200,76,8,3.967240548309342,3.1480649420971217e-17,3.967240548309342,3.967240548309342,5.001763225835097,0.0009003534601076837,4.999998533053286,5.003527918616908,1.0413954209470708,0.0004852399281793073,1.0404443506878394,1.0423464912063023
1,power,power_c_0.7,42001,0,200,0,160,0.03621865240744238,4.918851472026753e-19,0.03621865240744238,0.03621865240744238,0.03621865240744238,4.918851472026753e-19,0.03621865240744238,0.03621865240744238,0.027327509381395165,0.0,0.027327509381395165,0.027327509381395165
1,power,power_c_0.7,42001,1,200,1,158,0.02401888851386571,0.0,0.02401888851386571,0.02401888851386571,0.03063614909603334,0.00020307627679408223,0.030238119593516938,0.03103417859854974,0.02211049710434205,0.00019197249902262964,0.021734231006257695,0.022486763202426402
1,power,power_c_0.7,42001,2,200,2,156,0.019468757063689637,2.4594257360133763e-19,0.019468757063689637,0.019468757063689637,0.027320393687914245,0.00019866702805804203,0.02693100631292048,0.027709781062908008,0.0190375528587892,0.00018711321016903494,0.018670810966857892,0.019404294750720506
1,power,power_c_0.7,42001,3,200,3,154,0.01693201358409576,2.4594257360133763e-19,0.01693201358409576,0.01693201358409576,0.02451722674151819,0.00017475083419310334,0.024174715106499708,0.024859738376536673,0.01645006978959308,0.00016340722847205306,0.016129791621787855,0.016770347957398304
1,power,power_c_0.7,42001,4,200,4,152,0.015265496731588732,2.4594257360133763e-19,0.015265496731588732,0.015265496731588732,0.022367023189768794,0.0001477197234862016,0.02207749253173584,0.02265655384780175,0.014479642179763285,0.00013722259496710208,0.014210685893627764,0.014748598465898806
1,power,power_c_0.7,42001,5,200,5,150,0.014068221858994581,3.689138604020064e-19,0.014068221858994581,0.014068221858994581,0.020873483511459158,0.0001240072276420385,0.02063042934528076,0.021116537677637555,0.013120248907606461,0.000114649601245808,0.012895535689164678,0.013344962126048245
1,power,power_c_0.7,42001,6,200,6,148,0.013158424537425608,2.4594257360133763e-19,0.013158424537425608,0.013158424537425608,0.019569615629643565,9.907072971324546e-05,0.019375436999405603,0.019763794259881527,0.011934466427305335,9.060305458743842e-05,0.011756884440313956,0.012112048414296714
1,power,power_c_0.7,42001,7,200,7,146,0.012440131820796538,2.4594257360133763e-19,0.012440131820796538,0.012440131820796538,0.01857705488789928,8.852652157210919e-05,0.018403542905617947,0.018750566870180615,0.01103594273100612,8.04002224138179e-05,0.010878358295075037,0.011193527166937204
1,power,power_c_0.7,42001,8,200,8,144,0.011857225176557495,1.2297128680066881e-19,0.011857225176557495,0.011857225176557495,0.017722420830689152,7.318341316549221e-05,0.017578981340884786,0.017865860320493518,0.010262855097494538,6.583745278724407e-05,0.010133813690031539,0.010391896504957537
1,power,power_c_0.7,42001,9,200,9,142,0.011374394785400237,1.2297128680066881e-19,0.011374394785400237,0.011374394785400237,0.017040997057480346,6.815925907930794e-05,0.0169074049096849,0.01717458920527579,0.009646833878985427,6.099613346646133e-05,0.009527281457391162,0.009766386300579692
1,power,power_c_0.7,42001,10,200,10,140,0.010968161610115242,2.4594257360133763e-19,0.010968161610115242,0.010968161610115242,0.01645747565940633,6.119709221267711e-05,0.016337529358669483,0.01657742196014318,0.009118360536306394,5.436689718679426e-05,0.009011801417820278,0.00922491965479251
1,power,power_c_0.7,42001,11,200,11,138,0.010622225380834138,1.2297128680066881e-19,0.010622225380834138,0.010622225380834138,0.015970964846095222,5.486584398793688e-05,0.015863427791878867,0.016078501900311577,0.008674248847734942,4.840150179654832e-05,0.008579381904213708,0.008769115791256176
1,power,power_c_0.7,42001,12,200,12,136,0.010324871866229797,0.0,0.010324871866229797,0.010324871866229797,0.015549849686256091,5.049316968136672e-05,0.015450883073680612,0.01564881629883157,0.008289028465100571,4.412198350930961e-05,0.008202549377422324,0.008375507552778818
1,power,power_c_0.7,42001,13,200,13,134,0.010067441584975427,0.0,0.010067441584975427,0.010067441584975427,0.01522063714897568,4.713832186854775e-05,0.015128246038113326,0.015313028259838032,0.007984562888446588,4.109487276560111e-05,0.00790401693782601,0.008065108839067166
1,power,power_c_0.7,42001,14,200,14,132,0.009843381614728695,1.2297128680066881e-19,0.009843381614728695,0.009843381614728695,0.01491019609244347,4.314263145229592e-05,0.01482563653479697,0.01499475565008997,0.007694086054349467,3.738242669614642e-05,0.0076208164980250195,0.007767355610673914
1,power,power_c_0.7,42001,15,200,15,130,0.009647634911913412,1.2297128680066881e-19,0.009647634911913412,0.009647634911913412,0.01461604523348263,3.9023324129453206e-05,0.014539559518188902,0.014692530948776358,0.007416990676045725,3.3553094190566454e-05,0.0073512266114322145,0.007482754740659235
1,power,power_c_0.7,42001,16,200,16,128,0.009476233721383523,0.0,0.009476233721383523,0.009476233721383523,0.014376673186873284,3.683802281579802e-05,0.014304470662154319,0.014448875711592249,0.007186665735691656,3.1540302291807335e-05,0.007124846743199713,0.007248484728183599
1,power,power_c_0.7,42001,17,200,17,126,0.009326021068478671,0.0,0.009326021068478671,0.009326021068478671,0.01418593972313003,3.370427599352688e-05,0.014119879342182716,0.014252000104077343,0.006996933914949539,2.871783467531928e-05,0.006940646958985913,0.007053220870913165
1,power,power_c_0.7,42001,18,200,18,124,0.009194455246018378,1.2297128680066881e-19,0.009194455246018378,0.009194455246018378,0.01400432664200434,2.975760631215694e-05,0.013946001733632512,0.014062651550376167,0.00681342468172854,2.5090403657935008e-05,0.006764247490558988,0.006862601872898093
1,power,power_c_0.7,42001,19,200,19,122,0.009079469600561926,0.0,0.009079469600561926,0.009079469600561926,0.013844515254307166,2.8022659935375746e-05,0.013789590840833829,0.013899439667780502,0.0066477323043206415,2.3511489156198225e-05,0.006601649785574493,0.00669381482306679
1,power,power_c_0.7,42001,20,200,20,120,0.008979370079881907,2.4594257360133763e-19,0.008979370079881907,0.008979370079881907,0.013693944060805903,2.6645084316057747e-05,0.01364171969554643,0.013746168426065377,0.0064894638214668034,2.21863035436013e-05,0.006445978666521345,0.006532948976412262
1,power,power_c_0.7,42001,21,200,21,118,0.008892759134721344,1.2297128680066881e-19,0.008892759134721344,0.008892759134721344,0.013564449464025343,2.5264867566978013e-05,0.013514930323594066,0.01361396860445662,0.006346305348594117,2.089295049907825e-05,0.006305355165615924,0.00638725553157231
1,power,power_c_0.7,42001,22,200,22,116,0.00881847837781842,0.0,0.00881847837781842,0.00881847837781842,0.013468144509388187,2.4545654468460044e-05,0.013420035026630006,0.01351625399214637,0.006229356526183001,2.0140191164446425e-05,0.006189881751500686,0.006268831300865316
1,power,power_c_0.7,42001,23,200,23,114,0.008755564832776468,1.2297128680066881e-19,0.008755564832776468,0.008755564832776468,0.013379258785018534,2.3356416747752943e-05,0.013333480208192939,0.01342503736184413,0.006117137748489614,1.9072233052974488e-05,0.006079756171705784,0.006154519325273444
1,power,power_c_0.7,42001,24,200,24,112,0.008703217191128465,1.2297128680066881e-19,0.008703217191128465,0.008703217191128465,0.013315920010496593,2.24124062649667e-05,0.013271991694217259,0.013359848326775928,0.006024447301936052,1.8168125903378502e-05,0.0059888377751654304,0.006060056828706674
1,power,power_c_0.7,42001,25,200,25,110,0.008660769552936445,1.2297128680066881e-19,0.008660769552936445,0.008660769552936445,0.013266804053535404,2.1741927874261028e-05,0.013224189874901851,0.013309418232168956,0.005942173574283046,1.7574788958591368e-05,0.005907726987924207,0.0059766201606418845
1,power,power_c_0.7,42001,26,200,26,108,0.008627670844426038,1.2297128680066881e-19,0.008627670844426038,0.008627670844426038,0.01324587323245796,2.0963197841117314e-05,0.013204785364689369,0.01328696110022655,0.0058809835234225685,1.6917633774160215e-05,0.005847824961225215,0.0059141420856199224
1,power,power_c_0.7,42001,27,200,27,106,0.008603468602785758,1.2297128680066881e-19,0.008603468602785758,0.008603468602785758,0.013219485062181903,2.0605584741586393e-05,0.013179098116088394,0.013259872008275412,0.005812773346733326,1.6535209226024445e-05,0.005780364336650318,0.005845182356816334
1,power,power_c_0.7,42001,28,200,28,104,0.008587796167391354,1.2297128680066881e-19,0.008587796167391354,0.008587796167391354,0.013213603988340315,1.990557316000459e-05,0.013174589064946706,0.013252618911733923,0.005759577759517136,1.5941673970851112e-05,0.005728332078534268,0.005790823440500004
1,power,power_c_0.7,42001,29,200,29,102,0.008580362566015739,1.2297128680066881e-19,0.008580362566015739,0.008580362566015739,0.013217476392014203,1.9550717854268058e-05,0.013179156985019837,0.013255795799008568,0.005711940785460841,1.5605103208164756e-05,0.005681354783172838,0.005742526787748844
1,power,power_c_0.7,42001,30,200,30,100,0.008580944565319914,1.2297128680066881e-19,0.008580944565319914,0.008580944565319914,0.013231623961018107,1.832177224425357e-05,0.013195713287419369,0.013267534634616844,0.005670033063783153,1.4563326359240738e-05,0.005641488944119041,0.005698577183447265
1,power,power_c_0.7,42001,31,200,31,98,0.008589380487957269,1.2297128680066881e-19,0.008589380487957269,0.008589380487957269,0.013258429118849587,1.825414250979466e-05,0.01322265099953039,0.013294207238168784,0.005635254596245115,1.447138689677487e-05,0.005606890677927436,0.005663618514562794
1,power,power_c_0.7,42001,32,200,32,96,0.008605565498123049,1.2297128680066881e-19,0.008605565498123049,0.008605565498123049,0.013292976477918052,1.7380273099058646e-05,0.013258911142643897,0.013327041813192208,0.0056048562685338576,1.3722665656930474e-05,0.005577959843846274,0.0056317526932214415
1,power,power_c_0.7,42001,33,200,33,94,0.008629448133111287,1.2297128680066881e-19,0.008629448133111287,0.008629448133111287,0.013341141629772886,1.705317785747646e-05,0.013307717401172231,0.01337456585837354,0.005582151935114505,1.340521115543194e-05,0.005555877721249859,0.005608426148979152
1,power,power_c_0.7,42001,34,200,34,92,0.008661027917257244,1.2297128680066881e-19,0.008661027917257244,0.008661027917257244,0.013395858722986952,1.6064348314280797e-05,0.013364372600290962,0.013427344845682941,0.005561988084159594,1.2551007501590876e-05,0.005537388109456476,0.0055865880588627116
1,power,power_c_0.7,42001,35,200,35,90,0.008700353941444859,0.0,0.008700353941444859,0.008700353941444859,0.013466480019731315,1.555551040881879e-05,0.01343599121933003,0.0134969688201326,0.005551390516492343,1.2109122857014286e-05,0.005527656635692595,0.005575124397292091
1,power,power_c_0.7,42001,36,200,36,88,0.008747524329728404,1.2297128680066881e-19,0.008747524329728404,0.008747524329728404,0.013552144232382483,1.4931494135616236e-05,0.013522878503876675,0.013581409960888292,0.005549286694887317,1.1563100503132086e-05,0.0055266230179011775,0.005571950371873456
1,power,power_c_0.7,42001,37,200,37,86,0.008802686547247933,1.2297128680066881e-19,0.008802686547247933,0.008802686547247933,0.013649367824253234,1.4879641468609329e-05,0.013620203726974759,0.01367853192153171,0.005552766187245324,1.1467226150123495e-05,0.005530290423991082,0.005575241950499566
1,power,power_c_0.7,42001,38,200,38,84,0.008866038532611503,0.0,0.008866038532611503,0.008866038532611503,0.013759356548148647,1.4914682587304159e-05,0.013730123770277531,0.013788589326019762,0.005562094336495033,1.1456353124645036e-05,0.005539639884370729,0.005584548788619337
1,power,power_c_0.7,42001,39,200,39,82,0.008937830664996673,1.2297128680066881e-19,0.008937830664996673,0.008937830664996673,0.013889591086668467,1.4714611692347336e-05,0.013860750447751466,0.013918431725585469,0.005583541172703439,1.1295432121586966e-05,0.005561402125745129,0.00560568021966175
1,power,power_c_0.7,42001,40,200,40,80,0.009018368602894303,2.4594257360133763e-19,0.009018368602894303,0.009018368602894303,0.01402124410013219,1.5024265409580448e-05,0.013991796539929411,0.014050691660334968,0.005601505033640971,1.1444376337100601e-05,0.005579074056020253,0.005623936011261688
1,power,power_c_0.7,42001,41,200,41,78,0.009108017059095865,1.2297128680066881e-19,0.009108017059095865,0.009108017059095865,0.014172854633009609,1.4469564335879154e-05,0.014144494286911285,0.014201214979107932,0.005630796024279226,1.1013555842771305e-05,0.005609209454827394,0.0056523825937310574
1,power,power_c_0.7,42001,42,200,42,76,0.00920720460665271,1.2297128680066881e-19,0.00920720460665271,0.00920720460665271,0.014343300656767677,1.3819484820804043e-05,0.0143162144665189,0.014370386847016452,0.0056695562374653,1.0476746074212966e-05,0.005649021815159843,0.005690090659770757
1,power,power_c_0.7,42001,43,200,43,74,0.009316429644691121,0.0,0.009316429644691121,0.009316429644691121,0.014527753683509542,1.379652073336798e-05,0.01450071250287214,0.014554794864146943,0.005713577306763004,1.0440737744923496e-05,0.005693113460782954,0.005734041152743054
1,power,power_c_0.7,42001,44,200,44,72,0.00943626769299154,1.2297128680066881e-19,0.00943626769299154,0.00943626769299154,0.014729607587106307,1.3356731182382328e-05,0.014703428393988837,0.014755786780223776,0.005765179896828979,1.0051868550634146e-05,0.005745478234469736,0.005784881559188221
1,power,power_c_0.7,42001,45,200,45,70,0.009567380232380457,1.2297128680066881e-19,0.009567380232380457,0.009567380232380457,0.014939397263478054,1.3126858232777827e-05,0.01491366862134181,0.014965125905614298,0.005816511495795545,9.80059551105842e-06,0.005797302328593871,0.00583572066299722
1,power,power_c_0.7,42001,46,200,46,68,0.009710525367083427,1.2297128680066881e-19,0.009710525367083427,0.009710525367083427,0.015177814275332976,1.307916954871424e-05,0.015152179103017497,0.015203449447648456,0.0058829976692302164,9.732135430262676e-06,0.005863922683786902,0.005902072654673531
1,power,power_c_0.7,42001,47,200,47,66,0.009866570658933314,1.2297128680066881e-19,0.009866570658933314,0.009866570658933314,0.015437269524316802,1.327797598255295e-05,0.015411244691390998,0.015463294357242606,0.005958280223793626,9.842944467531044e-06,0.005938988052637265,0.005977572394949986
1,power,power_c_0.7,42001,48,200,48,64,0.010036508576592494,1.2297128680066881e-19,0.010036508576592494,0.010036508576592494,0.015716744863720957,1.334086349775586e-05,0.015690596771265355,0.01574289295617656,0.00604039836032103,9.88192982925717e-06,0.006021029777855686,0.0060597669427863736
1,power,power_c_0.7,42001,49,200,49,62,0.010221475122268843,1.2297128680066881e-19,0.010221475122268843,0.010221475122268843,0.016020938930929506,1.3311213710503763e-05,0.01599484895205692,0.016047028909802093,0.006132845353840694,9.82116153338508e-06,0.00611359587723526,0.006152094830446129
1,power,power_c_0.7,42001,50,200,50,60,0.010422772352665638,1.2297128680066881e-19,0.010422772352665638,0.010422772352665638,0.016353483758800417,1.3421874012177257e-05,0.01632717688573655,0.016379790631864285,0.006237295688130389,9.86568825976706e-06,0.006217958939141246,0.006256632437119532
1,power,power_c_0.7,42001,51,200,51,58,0.010641895712315632,1.2297128680066881e-19,0.010641895712315632,0.010641895712315632,0.01671266965874498,1.3428142856679718e-05,0.01668635049874589,0.016738988818744072,0.0063511454789806025,9.839804414716395e-06,0.006331859462327758,0.006370431495633447
1,power,power_c_0.7,42001,52,200,52,56,0.010880567362984426,0.0,0.010880567362984426,0.010880567362984426,0.017106373734756663,1.360298997176955e-05,0.017079711874411995,0.01713303559510133,0.006479033814851036,9.942873661074308e-06,0.006459545782475331,0.006498521847226741
1,power,power_c_0.7,42001,53,200,53,54,0.01114077704634905,1.2297128680066881e-19,0.01114077704634905,0.01114077704634905,0.01753282023101844,1.3803413867032008e-05,0.01750576553983906,0.017559874922197825,0.0066191191890658365,1.0090977557290317e-05,0.006599340873053547,0.0066388975050781255
1,power,power_c_0.7,42001,54,200,54,52,0.011424832492601506,1.2297128680066881e-19,0.011424832492601506,0.011424832492601506,0.017994165937611734,1.3952580600834344e-05,0.0179668188796341,0.018021512995589368,0.006770636907502862,1.0186845876590758e-05,0.006750670689584744,0.00679060312542098
1,power,power_c_0.7,42001,55,200,55,50,0.011735422033840886,1.2297128680066881e-19,0.011735422033840886,0.011735422033840886,0.018496617397162695,1.4284744941952277e-05,0.01846861929707647,0.01852461549724892,0.006937554740233501,1.0356503001509887e-05,0.006917255994350541,0.00695785348611646
1,power,power_c_0.7,42001,56,200,56,48,0.01207569296932522,1.2297128680066881e-19,0.01207569296932522,0.01207569296932522,0.019047454741856016,1.4657436406328791e-05,0.019018726166499612,0.01907618331721242,0.007122337552763877,1.0602457147495173e-05,0.007101556736754786,0.007143118368772967
1,power,power_c_0.7,42001,57,200,57,46,0.012449350465126656,2.4594257360133763e-19,0.012449350465126656,0.012449350465126656,0.019653914127538218,1.50629287347626e-05,0.019624390787218084,0.01968343746785835,0.007328666749065013,1.0862410970130884e-05,0.007307376423563557,0.00734995707456647
1,power,power_c_0.7,42001,58,200,58,44,0.012860783511369043,0.0,0.012860783511369043,0.012860783511369043,0.020315159187505066,1.5100195087671879e-05,0.02028556280513323,0.0203447555698769,0.00755311240537879,1.0841608453912701e-05,0.007531862852809121,0.007574361957948459
1,power,power_c_0.7,42001,59,200,59,42,0.013315226946621841,1.2297128680066881e-19,0.013315226946621841,0.013315226946621841,0.021044016824153994,1.5331032697122532e-05,0.021013968000067634,0.021074065648240353,0.007802329170247841,1.1014439500630547e-05,0.007780740868826606,0.007823917471669077
1,power,power_c_0.7,42001,60,200,60,40,0.013818972164095137,1.2297128680066881e-19,0.013818972164095137,0.013818972164095137,0.021853775786418228,1.5564584881988743e-05,0.021823269200049532,0.021884282372786924,0.008081684248846819,1.1170534026102876e-05,0.008059790002155657,0.00810357849553798
1,power,power_c_0.7,42001,61,200,61,38,0.014379644426837949,0.0,0.014379644426837949,0.014379644426837949,0.022760491984179527,1.611615082194859e-05,0.022728904328568507,0.022792079639790547,0.008398523271167607,1.153261723365743e-05,0.008375919341389638,0.008421127200945577
1,power,power_c_0.7,42001,62,200,62,36,0.015006572687816497,2.4594257360133763e-19,0.015006572687816497,0.015006572687816497,0.023774029008095193,1.6754626697594907e-05,0.02374118993976791,0.023806868076422478,0.00875384446927366,1.1948511620509626e-05,0.00873042538649746,0.00877726355204986
1,power,power_c_0.7,42001,63,200,63,34,0.01571128999798946,0.0,0.01571128999798946,0.01571128999798946,0.024911716008654796,1.7528960143986902e-05,0.024877359246772583,0.02494607277053701,0.009154545626354932,1.2457714772102186e-05,0.00913012850540161,0.009178962747308252
1,power,power_c_0.7,42001,64,200,64,32,0.016508221627928452,0.0,0.016508221627928452,0.016508221627928452,0.026199216885268627,1.8085043173712036e-05,0.02616377020064815,0.026234663569889103,0.009610389364542046,1.2867215302569382e-05,0.00958516962254901,0.009635609106535083
1,power,power_c_0.7,42001,65,200,65,30,0.017415648496302255,2.4594257360133763e-19,0.017415648496302255,0.017415648496302255,0.027660860626263085,1.9336038802300507e-05,0.027622961990210578,0.027698759262315593,0.010128160141574895,1.371751621691455e-05,0.010101273809789743,0.010155046473360047
1,power,power_c_0.7,42001,66,200,66,28,0.018457083552626954,2.4594257360133763e-19,0.018457083552626954,0.018457083552626954,0.029334810629225785,1.9665050521798464e-05,0.02929626713020306,0.02937335412824851,0.01072170166461371,1.3925403842008502e-05,0.010694407873083372,0.010748995456144047
1,power,power_c_0.7,42001,67,200,67,26,0.019663283468492637,2.4594257360133763e-19,0.019663283468492637,0.019663283468492637,0.03127208523719709,2.1031772085618755e-05,0.03123086296390928,0.0313133075104849,0.011410324783062788,1.4829822497371133e-05,0.01138125833096794,0.011439391235157635
1,power,power_c_0.7,42001,68,200,68,24,0.02107526622829736,0.0,0.02107526622829736,0.02107526622829736,0.03355119786108449,2.2333617125920984e-05,0.03350742397151769,0.0335949717506513,0.012226217776532253,1.5682029416514543e-05,0.012195480998875885,0.01225695455418862
1,power,power_c_0.7,42001,69,200,69,22,0.022748974731919048,2.4594257360133763e-19,0.022748974731919048,0.022748974731919048,0.03624724185387044,2.3835066269910744e-05,0.03620052512398141,0.036293958583759466,0.01319166060528518,1.6658463389636672e-05,0.013159010017041492,0.013224311193528869
1,power,power_c_0.7,42001,70,200,70,20,0.024762738612331726,0.0,0.024762738612331726,0.024762738612331726,0.03948344417045821,2.5124445243991004e-05,0.03943420025777999,0.03953268808313643,0.014349904742018211,1.753756610028254e-05,0.014315531112461657,0.014384278371574764
1,power,power_c_0.7,42001,71,200,71,18,0.02722971065223984,7.378277208040128e-19,0.02722971065223984,0.02722971065223984,0.04345215231105819,2.7400250589965023e-05,0.043398447819901854,0.04350585680221452,0.015774954988358233,1.9150405188796355e-05,0.015737420194188192,0.015812489782528274
1,power,power_c_0.7,42001,72,200,72,16,0.030319630568492725,2.4594257360133763e-19,0.030319630568492725,0.030319630568492725,0.04842220105912101,2.9791108702173578e-05,0.04836381048606475,0.04848059163217727,0.017561154454147118,2.0775452486681963e-05,0.017520434567273223,0.017601874341021014
1,power,power_c_0.7,42001,73,200,73,14,0.034299243526533296,4.918851472026753e-19,0.034299243526533296,0.034299243526533296,0.05481988348214842,3.258847224843633e-05,0.05475601007654148,0.054883756887755354,0.019863117643995204,2.2706096559019006e-05,0.019818613694739525,0.019907621593250883
1,power,power_c_0.7,42001,74,200,74,12,0.03961313723078423,4.918851472026753e-19,0.03961313723078423,0.03961313723078423,0.06335685655175972,3.702548376538589e-05,0.06328428660357957,0.06342942649993988,0.02293436358769441,2.5677617741274246e-05,0.02288403545692151,0.022984691718467308
1,power,power_c_0.7,42001,75,200,75,10,0.04706158359100389,4.918851472026753e-19,0.04706158359100389,0.04706158359100389,0.07532221869306632,4.319571320733057e-05,0.07523755509517996,0.07540688229095269,0.027243417185786094,2.9910672330302288e-05,0.0271847922680187,0.027302042103553487
1,power,power_c_0.7,42001,76,200,76,8,0.05824514296547281,9.837702944053505e-19,0.05824514296547281,0.05824514296547281,0.09330858923959173,5.305136265829065e-05,0.09320460856878149,0.09341256991040198,0.03373243477467584,3.6670159120250694e-05,0.03366056126280015,0.03380430828655154
2,power,power_c_1.2,42002,0,200,0,160,0.017290301113071033,2.4594257360133763e-19,0.017290301113071033,0.017290301113071033,0.01729030111307103,0.0,0.01729030111307103,0.01729030111307103,0.016795504240448324,2.4594257360133763e-19,0.016795504240448324,0.016795504240448324
2,power,power_c_1.2,42002,1,200,1,158,0.0048509378360213,1.2297128680066881e-19,0.0048509378360213,0.0048509378360213,0.009574472324361944,0.0002732922674687757,0.009038819480123144,0.010110125168600744,0.009225323638022032,0.00026933257891209096,0.008697431783354333,0.00975321549268973
2,power,power_c_1.2,42002,2,200,2,156,0.002484096387588245,3.0742821700167204e-20,0.002484096387588245,0.002484096387588245,0.005352939914833838,0.00018779303663255496,0.004984865563034031,0.005721014266633646,0.005091310823408122,0.00018486020404072948,0.004728984823488293,0.005453636823327951
2,power,power_c_1.2,42002,3,200,3,154,0.0015864958861611742,0.0,0.0015864958861611742,0.0015864958861611742,0.0032821392330667134,9.662918534456649e-05,0.003092746029791363,0.003471532436342064,0.0030713624435694154,9.492796434885588e-05,0.002885303633445658,0.0032574212536931727
2,power,power_c_1.2,42002,4,200,4,152,0.0011350442057993825,1.5371410850083602e-20,0.0011350442057993825,0.0011350442057993825,0.0023264864681216946,4.909330700148467e-05,0.0022302635863987847,0.0024227093498446046,0.002145888807190081,4.796846810949494e-05,0.002051870609695471,0.002239907004684691
2,power,power_c_1.2,42002,5,200,5,150,0.0008700151627403056,0.0,0.0008700151627403056,0.0008700151627403056,0.001762187533303461,3.1938460458445744e-05,0.0016995881508049073,0.0018247869158020146,0.0016026712979384911,3.111754639612663e-05,0.001541680907002083,0.0016636616888748993
2,power,power_c_1.2,42002,6,200,6,148,0.0006984540531036928,1.5371410850083602e-20,0.0006984540531036928,0.0006984540531036928,0.0014185535048916464,2.2996423862486892e-05,0.0013734805141211721,0.0014636264956621207,0.0012739511662758747,2.235214320222925e-05,0.0012301409655995053,0.0013177613669522442
2,power,power_c_1.2,42002,7,200,7,146,0.0005796583300515955,7.685705425041801e-21,0.0005796583300515955,0.0005796583300515955,0.0011655695377775896,1.458135037681199e-05,0.0011369900910390381,0.001194148984516141,0.001032950134561419,1.409143888117629e-05,0.0010053309143543134,0.0010605693547685246
2,power,power_c_1.2,42002,8,200,8,144,0.0004932483585835484,7.685705425041801e-21,0.0004932483585835484,0.0004932483585835484,0.0009974603541940792,1.230327646106122e-05,0.0009733459323303992,0.0010215747760577592,0.0008740539000180181,1.185012348091552e-05,0.0008508276579954236,0.0008972801420406125
2,power,power_c_1.2,42002,9,200,9,142,0.00042799178937936853,7.685705425041801e-21,0.00042799178937936853,0.00042799178937936853,0.0008441738935287247,8.60625845787885e-06,0.0008273056269512821,0.0008610421601061673,0.0007292647380242928,8.254814156060824e-06,0.0007130853022784136,0.000745444173770172
2,power,power_c_1.2,42002,10,200,10,140,0.00037723350486286,0.0,0.00037723350486286,0.00037723350486286,0.0007424262273753228,6.339487469182251e-06,0.0007300008319357256,0.00075485162281492,0.0006340170079923643,6.06279266374176e-06,0.0006221339343714305,0.0006459000816132982
2,power,power_c_1.2,42002,11,200,11,138,0.00033680110318035653,0.0,0.00033680110318035653,0.00033680110318035653,0.000663192491559951,5.476072298629848e-06,0.0006524593898546365,0.0006739255932652655,0.0005602097909610828,5.223330955810811e-06,0.0005499720622876936,0.0005704475196344719
2,power,power_c_1.2,42002,12,200,12,136,0.000303957167964958,0.0,0.000303957167964958,0.000303957167964958,0.000596303057614925,4.442586010200383e-06,0.0005875955890349323,0.0006050105261949178,0.000498098803504707,4.222242411343304e-06,0.0004898232083784741,0.0005063743986309399
2,power,power_c_1.2,42002,13,200,13,134,0.00027683746931199806,3.8428527125209005e-21,0.00027683746931199806,0.00027683746931199806,0.0005415440381724083,3.6233504524411527e-06,0.0005344422712856236,0.000548645805059193,0.00044746746978205186,3.4296188811499472e-06,0.00044074541677499796,0.00045418952278910576
2,power,power_c_1.2,42002,14,200,14,132,0.00025413219328289437,3.8428527125209005e-21,0.00025413219328289437,0.00025413219328289437,0.0004954014563436527,3.1982590550539693e-06,0.0004891328685957468,0.0005016700440915585,0.00040495057533241507,3.0105451373029794e-06,0.0003990499068633012,0.00041085124380152893
2,power,power_c_1.2,42002,15,200,15,130,0.00023489636313060887,1.9214263562604502e-21,0.00023489636313060887,0.00023489636313060887,0.00045767248627140715,2.8633548522848454e-06,0.0004520603107609289,0.0004632846617818854,0.0003704053568989981,2.6896086105146527e-06,0.0003651337240223894,0.0003756769897756068
2,power,power_c_1.2,42002,16,200,16,128,0.0002184325259277409,1.9214263562604502e-21,0.0002184325259277409,0.0002184325259277409,0.0004226060942849276,2.4657783748366986e-06,0.00041777316867024766,0.0004274390198996075,0.00033827092449231045,2.307522749692374e-06,0.0003337481799029134,0.0003427936690817075
2,power,power_c_1.2,42002,17,200,17,126,0.000204215646456576,0.0,0.000204215646456576,0.000204215646456576,0.00039442462417158355,2.1279462516260566e-06,0.00039025384951839646,0.00039859539882477064,0.00031260528249410805,1.9818661105365553e-06,0.0003087208249174564,0.0003164897400707597
2,power,power_c_1.2,42002,18,200,18,124,0.00019184358514403273,1.9214263562604502e-21,0.00019184358514403273,0.00019184358514403273,0.0003695398133240043,1.921359010026349e-06,0.00036577394966435265,0.0003733056769836559,0.00029000380771081386,1.7828831145727769e-06,0.0002865093568062512,0.0002934982586153765
2,power,power_c_1.2,42002,19,200,19,122,0.00018100359247697018,0.0,0.00018100359247697018,0.00018100359247697018,0.00034929830273541947,1.7345129061638239e-06,0.0003458986574393384,0.00035269794803150054,0.00027171307612683837,1.6049943463826225e-06,0.00026856728720792844,0.0002748588650457483
2,power,power_c_1.2,42002,20,200,20,120,0.0001714491183171172,1.9214263562604502e-21,0.0001714491183171172,0.0001714491183171172,0.00033110697966846317,1.5072030941988462e-06,0.00032815286160383343,0.0003340610977330929,0.0002552937615526895,1.3892677786491578e-06,0.00025257079670653714,0.0002580167263988418
2,power,power_c_1.2,42002,21,200,21,118,0.00016298343279678155,1.9214263562604502e-21,0.00016298343279678155,0.00016298343279678155,0.0003146034041382849,1.3717320412324326e-06,0.0003119148093374693,0.0003172919989391005,0.00024041971681604087,1.2598616830781195e-06,0.00023795038791720775,0.00024288904571487398
2,power,power_c_1.2,42002,22,200,22,116,0.00015544784697110625,1.9214263562604502e-21,0.00015544784697110625,0.00015544784697110625,0.00030079427635781576,1.30808531977846e-06,0.00029823042913105,0.0003033581235845815,0.00022801705596581343,1.1995008989777216e-06,0.0002256660342038171,0.00023036807772780976
2,power,power_c_1.2,42002,23,200,23,114,0.0001487131025280291,1.9214263562604502e-21,0.0001487131025280291,0.0001487131025280291,0.00028733860385316587,1.1556375654419619e-06,0.00028507355422489964,0.0002896036534814321,0.00021589968967661085,1.0563804819314817e-06,0.00021382918393202514,0.00021797019542119656
2,power,power_c_1.2,42002,24,200,24,112,0.00014267298474202327,1.9214263562604502e-21,0.00014267298474202327,0.00014267298474202327,0.0002757572885382653,1.1032605248134117e-06,0.000273594897909631,0.0002779196791668996,0.00020551195131179634,1.0069153562357547e-06,0.00020353839721357425,0.00020748550541001843
2,power,power_c_1.2,42002,25,200,25,110,0.00013723952097974022,0.0,0.00013723952097974022,0.00013723952097974022,0.0002651642898524442,1.0140471908092585e-06,0.00026317675735845807,0.00026715182234643035,0.0001959863668391209,9.228760232465957e-07,0.00019417752983355756,0.00019779520384468423
2,power,power_c_1.2,42002,26,200,26,108,0.0001323393270573577,1.9214263562604502e-21,0.0001323393270573577,0.0001323393270573577,0.00025608284679476303,9.245572666376307e-07,0.00025427071455215325,0.0002578949790373728,0.00018782684864106176,8.385795177017841e-07,0.00018618323278636628,0.00018947046449575725
2,power,power_c_1.2,42002,27,200,27,106,0.00012791079608544142,1.9214263562604502e-21,0.00012791079608544142,0.00012791079608544142,0.0002474167284877044,8.485960755794918e-07,0.00024575348017956856,0.0002490799767958402,0.00018004263591913053,7.679143079497924e-07,0.00017853752387554894,0.0001815477479627121
2,power,power_c_1.2,42002,28,200,28,104,0.0001239019135628435,0.0,0.0001239019135628435,0.0001239019135628435,0.00023900008530856377,7.865724154475428e-07,0.0002374584033742866,0.00024054176724284094,0.00017246039800602447,7.105519273640483e-07,0.00017106771622839095,0.000173853079783658
2,power,power_c_1.2,42002,29,200,29,102,0.00012026854348561211,2.882139534390675e-21,0.00012026854348561211,0.00012026854348561211,0.00023194693355381207,7.323226660780708e-07,0.00023051158112829905,0.0002333822859793251,0.0001660761470733931,6.595108010852447e-07,0.00016478350590326603,0.00016736878824352017
2,power,power_c_1.2,42002,30,200,30,100,0.00011697307262145313,9.607131781302251e-22,0.00011697307262145313,0.00011697307262145313,0.0002255617906579021,7.359287838194146e-07,0.00022411937024161604,0.00022700421107418815,0.0001602991579208694,6.618736042475597e-07,0.00015900188565654417,0.0001615964301851946
2,power,power_c_1.2,42002,31,200,31,98,0.00011398332995863253,1.9214263562604502e-21,0.00011398332995863253,0.00011398332995863253,0.00022007350997195065,6.94616337937727e-07,0.0002187120619495927,0.0002214349579943086,0.00015531292293815822,6.239735825147477e-07,0.0001540899347164293,0.00015653591115988714
2,power,power_c_1.2,42002,32,200,32,96,0.00011127171964527071,1.9214263562604502e-21,0.00011127171964527071,0.00011127171964527071,0.0002147255351164662,6.426853371858735e-07,0.00021346587185558187,0.00021598519837735052,0.00015041962045304858,5.75718966898822e-07,0.0001492912112779269,0.00015154802962817027
2,power,power_c_1.2,42002,33,200,33,94,0.0001088145211247151,9.607131781302251e-22,0.0001088145211247151,0.0001088145211247151,0.00020973270847116017,6.075471418098487e-07,0.00020854191607321286,0.0002109235008691075,0.00014582685558655337,5.43111201417867e-07,0.00014476235763177434,0.0001468913535413324
2,power,power_c_1.2,42002,34,200,34,92,0.00010659132141617483,9.607131781302251e-22,0.00010659132141617483,0.00010659132141617483,0.00020532336205564015,5.64230262080884e-07,0.0002042174707419616,0.0002064292533693187,0.00014173549523327668,5.023431641734957e-07,0.00014075090263149662,0.00014272008783505674
2,power,power_c_1.2,42002,35,200,35,90,0.00010458455279442974,9.607131781302251e-22,0.00010458455279442974,0.00010458455279442974,0.00020167763601852546,5.40322243432762e-07,0.00020061860442139725,0.00020273666761565367,0.00013831029781399083,4.795834150776206e-07,0.0001373703143204387,0.00013925028130754296
2,power,power_c_1.2,42002,36,200,36,88,0.00010277911532197435,1.9214263562604502e-21,0.00010277911532197435,0.00010277911532197435,0.00019801842326026828,5.218480199313036e-07,0.00019699560114120292,0.00019904124537933364,0.00013485910069878802,4.61566731898514e-07,0.00013395442990426693,0.0001357637714933091
2,power,power_c_1.2,42002,37,200,37,86,0.00010116206836441583,0.0,0.00010116206836441583,0.00010116206836441583,0.00019507531451650828,5.086638244751678e-07,0.00019407833342053696,0.0001960722956124796,0.00013201040828512146,4.481731667686694e-07,0.00013113198887825485,0.00013288882769198806
2,power,power_c_1.2,42002,38,200,38,84,9.972237878789317e-05,1.9214263562604502e-21,9.972237878789317e-05,9.972237878789317e-05,0.00019244081985857295,4.917778178077819e-07,0.0001914769353356697,0.0001934047043814762,0.0001294087958498695,4.3240558395284754e-07,0.00012856128090532192,0.0001302563107944171
2,power,power_c_1.2,42002,39,200,39,82,9.845071629127542e-05,0.0,9.845071629127542e-05,9.845071629127542e-05,0.0001900926538467124,4.764012718816452e-07,0.00018915890735382438,0.0001910264003396004,0.00012703151432931533,4.1785360264302876e-07,0.000126212521268135,0.00012785050739049566
2,power,power_c_1.2,42002,40,200,40,80,9.73392884803751e-05,1.9214263562604502e-21,9.73392884803751e-05,9.73392884803751e-05,0.0001879252793775646,4.72551279225624e-07,0.00018699907887028238,0.0001888514798848468,0.00012478012158234338,4.126825486054115e-07,0.00012397126378707677,0.00012558897937760998
2,power,power_c_1.2,42002,41,200,41,78,9.638171000424138e-05,9.607131781302251e-22,9.638171000424138e-05,9.638171000424138e-05,0.00018599962276463238,4.3465948962080564e-07,0.0001851476901649756,0.00018685155536428915,0.00012271879904316533,3.7970957384597547e-07,0.00012197456827842723,0.00012346302980790344
2,power,power_c_1.2,42002,42,200,42,76,9.55729014630398e-05,9.607131781302251e-22,9.55729014630398e-05,9.55729014630398e-05,0.00018443317650246825,4.126946356065222e-07,0.00018362429501667948,0.00018524205798825703,0.00012093762939783954,3.5902433261444404e-07,0.00012023394170591523,0.00012164131708976384
2,power,power_c_1.2,42002,43,200,43,74,9.490901495372444e-05,0.0,9.490901495372444e-05,9.490901495372444e-05,0.0001832286335863925,4.0556999473229125e-07,0.00018243371639671722,0.0001840235507760678,0.00011944452813730058,3.5246677993360643e-07,0.00011875369324863071,0.00012013536302597045
2,power,power_c_1.2,42002,44,200,44,72,9.438738411539607e-05,9.607131781302251e-22,9.438738411539607e-05,9.438738411539607e-05,0.00018217088482570131,4.0421578107072757e-07,0.0001813786218948027,0.00018296314775659994,0.00011803270366063334,3.501455674597562e-07,0.00011734641834841221,0.00011871898897285447
2,power,power_c_1.2,42002,45,200,45,70,9.400649743019817e-05,0.0,9.400649743019817e-05,9.400649743019817e-05,0.00018165233746524526,4.0476144518988814e-07,0.00018085900503267307,0.00018244566989781744,0.0001170624117772958,3.504432638906265e-07,0.00011637554298007018,0.00011774928057452142
2,power,power_c_1.2,42002,46,200,46,68,9.376599437988461e-05,9.607131781302251e-22,9.376599437988461e-05,9.376599437988461e-05,0.00018093745418521693,4.017442005867791e-07,0.00018015003555206684,0.00018172487281836703,0.00011587346528788742,3.472785842853942e-07,0.00011519279926268805,0.0001165541313130868
2,power,power_c_1.2,42002,47,200,47,66,9.366668490201062e-05,9.607131781302251e-22,9.366668490201062e-05,9.366668490201062e-05,0.00018057372290266005,3.988015444849979e-07,0.00017979207187546946,0.00018135537392985064,0.00011494638822552205,3.4309284358355157e-07,0.00011427392625209829,0.00011561885019894581
2,power,power_c_1.2,42002,48,200,48,64,9.371059348368831e-05,1.9214263562604502e-21,9.371059348368831e-05,9.371059348368831e-05,0.00018057587888168977,3.8524626719174253e-07,0.00017982079619799395,0.00018133096156538558,0.00011429580359808378,3.3031479499776386e-07,0.00011364838659988816,0.00011494322059627939
2,power,power_c_1.2,42002,49,200,49,62,9.390103023159828e-05,9.607131781302251e-22,9.390103023159828e-05,9.390103023159828e-05,0.00018096520188737517,3.805520609582091e-07,0.00018021931984789707,0.00018171108392685327,0.00011391228901991322,3.2581344234925495e-07,0.00011327369467290867,0.00011455088336691776
2,power,power_c_1.2,42002,50,200,50,60,9.424269243240815e-05,9.607131781302251e-22,9.424269243240815e-05,9.424269243240815e-05,0.0001817172605632409,3.7430441075424427e-07,0.0001809836239181626,0.0001824508972083192,0.00011379366387276206,3.196569881704787e-07,0.00011316713617594793,0.0001144201915695762
2,power,power_c_1.2,42002,51,200,51,58,9.474180155427237e-05,0.0,9.474180155427237e-05,9.474180155427237e-05,0.0001827357164341062,3.674346743644283e-07,0.00018201554447235191,0.00018345588839586047,0.00011383021014412423,3.131223652576754e-07,0.00011321649030821919,0.00011444392998002927
2,power,power_c_1.2,42002,52,200,52,56,9.540628245209702e-05,9.607131781302251e-22,9.540628245209702e-05,9.540628245209702e-05,0.00018418527956056931,3.7095398345308964e-07,0.00018345820975300127,0.00018491234936813736,0.00011417221322283861,3.167862345568526e-07,0.00011355131220310718,0.00011479311424257004
2,power,power_c_1.2,42002,53,200,53,54,9.624599388313935e-05,0.0,9.624599388313935e-05,9.624599388313935e-05,0.00018577426416087998,3.674716480659463e-07,0.00018505401973067072,0.00018649450859108924,0.00011455761764001798,3.131890177147586e-07,0.00011394376716529706,0.0001151714681147389
2,power,power_c_1.2,42002,54,200,54,52,9.727302253406834e-05,9.607131781302251e-22,9.727302253406834e-05,9.727302253406834e-05,0.00018765558739763767,3.673180557195721e-07,0.00018693564400842731,0.00018837553078684803,0.00011510791952176771,3.117887879797307e-07,0.00011449681349732744,0.00011571902554620798
2,power,power_c_1.2,42002,55,200,55,50,9.850205691789147e-05,0.0,9.850205691789147e-05,9.850205691789147e-05,0.00018986259054123495,3.5842931273983786e-07,0.00018916006908826488,0.00019056511199420502,0.00011583240748672502,3.0358369654731683e-07,0.00011523738344149228,0.00011642743153195777
2,power,power_c_1.2,42002,56,200,56,48,9.995086317174941e-05,1.9214263562604502e-21,9.995086317174941e-05,9.995086317174941e-05,0.00019265890316593455,3.505418408716393e-07,0.00019197184115782613,0.00019334596517404297,0.00011695578773697715,2.9590741905107764e-07,0.00011637580919563703,0.00011753576627831727
2,power,power_c_1.2,42002,57,200,57,46,0.00010164089264154146,1.9214263562604502e-21,0.00010164089264154146,0.00010164089264154146,0.00019612624021120544,3.449852413259408e-07,0.0001954500691382066,0.0001968024112842043,0.00011853811420587555,2.908743759013658e-07,0.00011796800042910888,0.00011910822798264222
2,power,power_c_1.2,42002,58,200,58,44,0.000103598062175566,9.607131781302251e-22,0.000103598062175566,0.000103598062175566,0.00019987350485399492,3.5130628673385946e-07,0.00019918494453199654,0.0002005620651759933,0.00012021727327290385,2.954641959669912e-07,0.00011963816344880855,0.00012079638309699915
2,power,power_c_1.2,42002,59,200,59,42,0.00010585376378759033,9.607131781302251e-22,0.00010585376378759033,0.00010585376378759033,0.0002042634487528409,3.45754105786754e-07,0.00020358577070549885,0.00020494112680018294,0.00012228613741737044,2.897558244506949e-07,0.00012171821600144708,0.0001228540588332938
2,power,power_c_1.2,42002,60,200,60,40,0.00010844618314600656,9.607131781302251e-22,0.00010844618314600656,0.00010844618314600656,0.00020917103197726902,3.4689444066522084e-07,0.0002084911188735652,0.00020985094508097285,0.00012461654666750133,2.8963146937592525e-07,0.00012404886898752452,0.00012518422434747815
2,power,power_c_1.2,42002,61,200,61,38,0.00011142203991902186,0.0,0.00011142203991902186,0.00011142203991902186,0.00021499456655195317,3.455458766283217e-07,0.00021431729663376166,0.00021567183647014468,0.00012751823929467055,2.8833643642955443e-07,0.00012695309987926864,0.00012808337871007247
2,power,power_c_1.2,42002,62,200,62,36,0.00011483891334711807,2.882139534390675e-21,0.00011483891334711807,0.00011483891334711807,0.0002215327389067999,3.4996594479944304e-07,0.000220846805654993,0.00022221867215860682,0.0001307967229390702,2.915319478275614e-07,0.0001302253203213282,0.00013136812555681221
2,power,power_c_1.2,42002,63,200,63,34,0.0001187683933900614,9.607131781302251e-22,0.0001187683933900614,0.0001187683933900614,0.0002291459027872586,3.563151164357379e-07,0.00022844752515904454,0.00022984428041547265,0.0001347032171006989,2.96063692945994e-07,0.00013412293226252475,0.00013528350193887305
2,power,power_c_1.2,42002,64,200,64,32,0.0001233004180560754,1.9214263562604502e-21,0.0001233004180560754,0.0001233004180560754,0.0002380098746030715,3.669721276703897e-07,0.00023729060923283752,0.00023872913997330546,0.00013933796907123665,3.0378133111702464e-07,0.0001387425576622473,0.000139933380480226
2,power,power_c_1.2,42002,65,200,65,30,0.00012854934992409954,1.9214263562604502e-21,0.00012854934992409954,0.00012854934992409954,0.00024812977155519873,3.802771771325479e-07,0.00024738442828801894,0.0002488751148223785,0.00014464126439314926,3.143638999401647e-07,0.00014402511114926654,0.00014525741763703198
2,power,power_c_1.2,42002,66,200,66,28,0.00013466266094924455,1.9214263562604502e-21,0.00013466266094924455,0.00013466266094924455,0.0002599510074467507,3.9266728159384116e-07,0.0002591813795748268,0.0002607206353186746,0.00015091098622464598,3.2400462826872734e-07,0.00015027593715323927,0.0001515460352960527
2,power,power_c_1.2,42002,67,200,67,26,0.00014183362953389014,3.8428527125209005e-21,0.00014183362953389014,0.00014183362953389014,0.00027389704353794066,3.971062167171891e-07,0.00027311871535317495,0.0002746753717227064,0.00015837850455441304,3.270072898836868e-07,0.00015773757026624102,0.00015901943884258506
2,power,power_c_1.2,42002,68,200,68,24,0.00015032038989843497,0.0,0.00015032038989843497,0.00015032038989843497,0.0002903596356769738,4.000616904057766e-07,0.00028957551476377846,0.00029114375659016915,0.00016724179924152246,3.2846479199174083e-07,0.00016659800824921864,0.00016788559023382627
2,power,power_c_1.2,42002,69,200,69,22,0.00016047537568833373,3.8428527125209005e-21,0.00016047537568833373,0.00016047537568833373,0.00030989371352565875,4.190846343700948e-07,0.00030907230764229334,0.00031071511940902415,0.00017775720753653585,3.431275064914465e-07,0.00017708467762381263,0.00017842973744925907
2,power,power_c_1.2,42002,70,200,70,20,0.00017279243336032116,1.9214263562604502e-21,0.00017279243336032116,0.00017279243336032116,0.0003336154000420333,4.340182625564255e-07,0.0003327647242474227,0.0003344660758366439,0.00019060218256876545,3.5472122804375137e-07,0.0001899069289617997,0.0001912974361757312
2,power,power_c_1.2,42002,71,200,71,18,0.00018798534809494428,3.8428527125209005e-21,0.00018798534809494428,0.00018798534809494428,0.0003630862948985593,4.591648889808246e-07,0.00036218633171615684,0.0003639862580809617,0.0002066713456118337,3.745465996672211e-07,0.00020593723427648596,0.00020740545694718145
2,power,power_c_1.2,42002,72,200,72,16,0.00020712526778351913,0.0,0.00020712526778351913,0.00020712526778351913,0.00040020138946857256,4.96047475583563e-07,0.0003992291364164288,0.0004011736425207163,0.00022698119469267346,4.0511190832926986e-07,0.00022618717535234807,0.00022777521403299884
2,power,power_c_1.2,42002,73,200,73,14,0.00023189592274631396,1.9214263562604502e-21,0.00023189592274631396,0.00023189592274631396,0.00044822880141561953,5.46988030948285e-07,0.0004471567048749609,0.00044930089795627815,0.000253319190177241,4.4669405396705045e-07,0.00025244366983146556,0.0002541947105230164
2,power,power_c_1.2,42002,74,200,74,12,0.0002651040691026193,3.8428527125209005e-21,0.0002651040691026193,0.0002651040691026193,0.0005125618135524731,6.203199768951606e-07,0.0005113459863977586,0.0005137776407071877,0.0002886545271476337,5.037743805976684e-07,0.0002876671293616623,0.0002896419249336051
2,power,power_c_1.2,42002,75,200,75,10,0.00031180246844398073,3.8428527125209005e-21,0.00031180246844398073,0.00031180246844398073,0.0006031033079830984,7.040226340763618e-07,0.0006017234236203087,0.000604483192345888,0.00033849159984620223,5.691025193402341e-07,0.0003373761589082954,0.00033960704078410907
2,power,power_c_1.2,42002,76,200,76,8,0.0003820973418275807,0.0,0.0003820973418275807,0.0003820973418275807,0.0007397500867408777,8.633397321466335e-07,0.0007380579408658703,0.000741442232615885,0.000413913183845154,6.969356215335667e-07,0.0004125471900269482,0.00041527917766335983
3,power,power_c_1.7,42003,0,200,0,160,0.014233295466272722,0.0,0.014233295466272722,0.014233295466272722,0.014233295466272722,0.0,0.014233295466272722,0.014233295466272722,0.014076047893550768,2.4594257360133763e-19,0.014076047893550768,0.014076047893550768
3,power,power_c_1.7,42003,1,200,1,158,0.0017552359152128816,1.5371410850083602e-20,0.0017552359152128816,0.0017552359152128816,0.004191219384292405,0.0002244565584448327,0.003751284529740533,0.004631154238844277,0.004134104191313635,0.0002225442119110278,0.00369791753596802,0.004570290846659249
3,power,power_c_1.7,42003,2,200,2,156,0.0005632224601912534,7.685705425041801e-21,0.0005632224601912534,0.0005632224601912534,0.0015153550475088728,9.231314187664878e-05,0.0013344212894306413,0.0016962888055871044,0.0014882301413952975,9.146447212397044e-05,0.0013089597760323154,0.0016675005067582796
3,power,power_c_1.7,42003,3,200,3,154,0.000260583206438444,0.0,0.000260583206438444,0.000260583206438444,0.0006712371593648007,2.841708610455428e-05,0.0006155396705998744,0.0007269346481297271,0.0006555010981386122,2.8105403110712748e-05,0.0006004145080416152,0.0007105876882356092
3,power,power_c_1.7,42003,4,200,4,152,0.0001459302762808665,0.0,0.0001459302762808665,0.0001459302762808665,0.00036680254886230587,1.1281908966746007e-05,0.0003446900072874837,0.00038891509043712804,0.0003562197786630699,1.1133489034710139e-05,0.00033439814015503804,0.0003780414171711018
3,power,power_c_1.7,42003,5,200,5,150,9.184342013733103e-05,1.9214263562604502e-21,9.184342013733103e-05,9.184342013733103e-05,0.0002241233838167049,5.937282916983068e-06,0.0002124863092994181,0.00023576045833399172,0.0002163967014110285,5.849578789633573e-06,0.0002049315269833467,0.0002278618758387103
3,power,power_c_1.7,42003,6,200,6,148,6.253153555393991e-05,9.607131781302251e-22,6.253153555393991e-05,6.253153555393991e-05,0.00015067069570082374,3.64857918024495e-06,0.00014351948050754363,0.00015782191089410384,0.00014465910540960848,3.5891471942184934e-06,0.00013762437690894024,0.00015169383391027671
3,power,power_c_1.7,42003,7,200,7,146,4.5050476675213404e-05,4.803565890651126e-22,4.5050476675213404e-05,4.5050476675213404e-05,0.00010887137080492635,2.5344296877224713e-06,0.0001039038886169903,0.0001138388529928624,0.00010398859447968756,2.4919813981442587e-06,9.910431093932482e-05,0.0001088728780200503
3,power,power_c_1.7,42003,8,200,8,144,3.386858003919036e-05,4.803565890651126e-22,3.386858003919036e-05,3.386858003919036e-05,7.977007163429171e-05,1.4249533045852988e-06,7.697716315730453e-05,8.25629801112789e-05,7.572118357602807e-05,1.3951395956636511e-06,7.298670996852731e-05,7.845565718352882e-05
3,power,power_c_1.7,42003,9,200,9,142,2.6322965717237945e-05,7.205348835976687e-22,2.6322965717237945e-05,2.6322965717237945e-05,6.23419626761083e-05,1.0111713559544354e-06,6.03600668184376e-05,6.432385853377898e-05,5.8872633946007324e-05,9.882951838030217e-07,5.69355753857534e-05,6.0809692506261245e-05
3,power,power_c_1.7,42003,10,200,10,140,2.101176279100566e-05,0.0,2.101176279100566e-05,2.101176279100566e-05,4.9092581874408916e-05,7.017592907563467e-07,4.771713366452648e-05,5.046803008429135e-05,4.609217731748689e-05,6.839345580109779e-07,4.475166558378537e-05,4.743268905118841e-05
3,power,power_c_1.7,42003,11,200,11,138,1.7143594371697973e-05,0.0,1.7143594371697973e-05,1.7143594371697973e-05,3.958217688778536e-05,5.079177617849594e-07,3.858665807468684e-05,4.057769570088388e-05,3.694975758708831e-05,4.940352971402281e-07,3.598144840469347e-05,3.7918066769483157e-05
3,power,power_c_1.7,42003,12,200,12,136,1.4245965002375578e-05,3.6026744179883437e-22,1.4245965002375578e-05,1.4245965002375578e-05,3.297576365846488e-05,4.045477867202557e-07,3.218284999649318e-05,3.376867732043659e-05,3.062676065458643e-05,3.923429192033942e-07,2.985776853294778e-05,3.139575277622508e-05
3,power,power_c_1.7,42003,13,200,13,134,1.202348574556456e-05,0.0,1.202348574556456e-05,1.202348574556456e-05,2.7614988976211838e-05,3.2592823121847176e-07,2.697616964302363e-05,2.8253808309400043e-05,2.5504994186205527e-05,3.156809727772153e-07,2.4886259479562184e-05,2.612372889284887e-05
3,power,power_c_1.7,42003,14,200,14,132,1.0284246690591682e-05,0.0,1.0284246690591682e-05,1.0284246690591682e-05,2.387334068486937e-05,2.5997771472996526e-07,2.3363784363998637e-05,2.4382897005740103e-05,2.1947074203609774e-05,2.513372186083354e-07,2.1454453255137438e-05,2.243969515208211e-05
3,power,power_c_1.7,42003,15,200,15,130,8.899428790260833e-06,1.2008914726627814e-22,8.899428790260833e-06,8.899428790260833e-06,2.0764071938567004e-05,2.2350393390084896e-07,2.032600422812134e-05,2.1202139649012668e-05,1.8999366342898026e-05,2.1609170446938695e-07,1.8575826602138026e-05,1.9422906083658025e-05
3,power,power_c_1.7,42003,16,200,16,128,7.780101560309677e-06,0.0,7.780101560309677e-06,7.780101560309677e-06,1.8022773404282635e-05,1.8022602070945678e-07,1.76695304036921e-05,1.837601640487317e-05,1.6401446113441785e-05,1.7386619124775254e-07,1.606066837859619e-05,1.674222384828738e-05
3,power,power_c_1.7,42003,17,200,17,126,6.863356269846681e-06,6.004457363313907e-23,6.863356269846681e-06,6.863356269846681e-06,1.5845346637941094e-05,1.5216186763715468e-07,1.554710937737227e-05,1.6143583898509917e-05,1.4344213616379279e-05,1.4663906587195892e-07,1.4056801047270239e-05,1.4631626185488318e-05
3,power,power_c_1.7,42003,18,200,18,124,6.103729894419243e-06,0.0,6.103729894419243e-06,6.103729894419243e-06,1.402216056188003e-05,1.3469493274154785e-07,1.3758158493706597e-05,1.4286162630053464e-05,1.2626430696832097e-05,1.2968442128408043e-07,1.2372249231115298e-05,1.2880612162548895e-05
3,power,power_c_1.7,42003,19,200,19,122,5.46774001535032e-06,0.0,5.46774001535032e-06,5.46774001535032e-06,1.247510430106426e-05,1.0496580935657858e-07,1.2269371314725367e-05,1.2680837287403155e-05,1.117139930173559e-05,1.0078358496279493e-07,1.0973863475208513e-05,1.1368935128262668e-05
3,power,power_c_1.7,42003,20,200,20,120,4.930308980549373e-06,1.2008914726627814e-22,4.930308980549373e-06,4.930308980549373e-06,1.1249630275050512e-05,9.549986152074875e-08,1.1062450546469844e-05,1.143681000363118e-05,1.0024545800064444e-05,9.165147492783943e-08,9.844908909205879e-06,1.0204182690923009e-05
3,power,power_c_1.7,42003,21,200,21,118,4.4723686452585e-06,6.004457363313907e-23,4.4723686452585e-06,4.4723686452585e-06,1.0150904351417004e-05,7.785429503130638e-08,9.998309933155644e-06,1.0303498769678365e-05,8.997158067951808e-06,7.449664755066692e-08,8.8511446387525e-06,9.143171497151116e-06
3,power,power_c_1.7,42003,22,200,22,116,4.079221858040429e-06,0.0,4.079221858040429e-06,4.079221858040429e-06,9.25593940360378e-06,6.449359644931536e-08,9.129531954563122e-06,9.382346852644438e-06,8.163271190497748e-06,6.152966416816362e-08,8.042673048728148e-06,8.283869332267348e-06
3,power,power_c_1.7,42003,23,200,23,114,3.7394002123565455e-06,6.004457363313907e-23,3.7394002123565455e-06,3.7394002123565455e-06,8.454308005793016e-06,5.949090082503779e-08,8.337705840175941e-06,8.57091017141009e-06,7.418194619809458e-06,5.667350025590892e-08,7.307114559307877e-06,7.5292746803110395e-06
3,power,power_c_1.7,42003,24,200,24,112,3.44385401187455e-06,3.0022286816569535e-23,3.44385401187455e-06,3.44385401187455e-06,7.735020554925186e-06,5.0525950603498245e-08,7.63598969174233e-06,7.834051418108042e-06,6.749782338002153e-06,4.7962078060744936e-08,6.655776665003094e-06,6.843788011001213e-06
3,power,power_c_1.7,42003,25,200,25,110,3.1853688181503867e-06,6.004457363313907e-23,3.1853688181503867e-06,3.1853688181503867e-06,7.133378748501972e-06,4.3518492089050325e-08,7.048082504007433e-06,7.2186749929965105e-06,6.193280577684197e-06,4.1211159768214816e-08,6.112506704538495e-06,6.274054450829898e-06
3,power,power_c_1.7,42003,26,200,26,108,2.958139186016136e-06,3.0022286816569535e-23,2.958139186016136e-06,2.958139186016136e-06,6.6214614067430275e-06,3.806911696714281e-08,6.5468459374874275e-06,6.6960768759986275e-06,5.721260861987887e-06,3.59704299202448e-08,5.650758819344207e-06,5.791762904631567e-06
3,power,power_c_1.7,42003,27,200,27,106,2.757453154886517e-06,0.0,2.757453154886517e-06,2.757453154886517e-06,6.168909387546127e-06,3.560706365456365e-08,6.0991195427831825e-06,6.238699232309071e-06,5.304355195536927e-06,3.3589019386817044e-08,5.238520717538766e-06,5.3701896735350885e-06
3,power,power_c_1.7,42003,28,200,28,104,2.5794559028784743e-06,0.0,2.5794559028784743e-06,2.5794559028784743e-06,5.777999941992598e-06,3.128374602475204e-08,5.716683799784084e-06,5.839316084201112e-06,4.945410444187433e-06,2.945370735307595e-08,4.887681177775404e-06,5.003139710599461e-06
3,power,power_c_1.7,42003,29,200,29,102,2.4209707329540864e-06,0.0,2.4209707329540864e-06,2.4209707329540864e-06,5.4047738622281625e-06,2.995243004914713e-08,5.346067099331834e-06,5.463480625124491e-06,4.602499407083163e-06,2.8167995001655873e-08,4.547290136879918e-06,4.6577086772864084e-06
3,power,power_c_1.7,42003,30,200,30,100,2.2793620898174623e-06,0.0,2.2793620898174623e-06,2.2793620898174623e-06,5.099637975592942e-06,2.735247909624525e-08,5.046027116564301e-06,5.153248834621583e-06,4.323653022229048e-06,2.5703034688852786e-08,4.2732750742388966e-06,4.374030970219199e-06
3,power,power_c_1.7,42003,31,200,31,98,2.1524297406961186e-06,0.0,2.1524297406961186e-06,2.1524297406961186e-06,4.805229762884992e-06,2.4193711496118896e-08,4.757810088352599e-06,4.852649437417385e-06,4.054295923733701e-06,2.268191980032716e-08,4.00983936092506e-06,4.098752486542342e-06
3,power,power_c_1.7,42003,32,200,32,96,2.038326307559579e-06,3.0022286816569535e-23,2.038326307559579e-06,2.038326307559579e-06,4.551903400928624e-06,2.2672377072327542e-08,4.507465541866863e-06,4.596341259990386e-06,3.822945067043499e-06,2.1204781532031846e-08,3.7813836952407163e-06,3.8645064388462815e-06
3,power,power_c_1.7,42003,33,200,33,94,1.9354924700599546e-06,3.0022286816569535e-23,1.9354924700599546e-06,1.9354924700599546e-06,4.322910163054129e-06,2.026046541997641e-08,4.283199650830975e-06,4.362620675277283e-06,3.6140091176353823e-06,1.8911275543949936e-08,3.5769430175692405e-06,3.651075217701524e-06
3,power,power_c_1.7,42003,34,200,34,92,1.8426056646024547e-06,1.5011143408284767e-23,1.8426056646024547e-06,1.8426056646024547e-06,4.11241885417485e-06,1.877850340413368e-08,4.075612987502748e-06,4.149224720846952e-06,3.4221315494339407e-06,1.750569628410725e-08,3.3878203847170907e-06,3.4564427141507907e-06
3,power,power_c_1.7,42003,35,200,35,90,1.758539181343015e-06,3.0022286816569535e-23,1.758539181343015e-06,1.758539181343015e-06,3.915006135279558e-06,1.7475663479389128e-08,3.8807538348599555e-06,3.94925843569916e-06,3.2421354181914843e-06,1.6264140177966437e-08,3.21025770344267e-06,3.2740131329402986e-06
3,power,power_c_1.7,42003,36,200,36,88,1.6823293385058192e-06,1.5011143408284767e-23,1.6823293385058192e-06,1.6823293385058192e-06,3.746069691357939e-06,1.6253830635214085e-08,3.7142121833129196e-06,3.7779271994029585e-06,3.088515939833003e-06,1.510443973695052e-08,3.05891123794858e-06,3.1181206417174264e-06
3,power,power_c_1.7,42003,37,200,37,86,1.6131489808865378e-06,0.0,1.6131489808865378e-06,1.6131489808865378e-06,3.587889374016564e-06,1.4939731755231454e-08,3.5586074997763102e-06,3.6171712482568176e-06,2.944565893718736e-06,1.3872448557776694e-08,2.9173758945454937e-06,2.971755892891978e-06
3,power,power_c_1.7,42003,38,200,38,84,1.5502859675377406e-06,0.0,1.5502859675377406e-06,1.5502859675377406e-06,3.4454207248147376e-06,1.3845835454553126e-08,3.4182828873238133e-06,3.472558562305662e-06,2.8149987624811263e-06,1.2843391768526226e-08,2.789825714614815e-06,2.8401718103474376e-06
3,power,power_c_1.7,42003,39,200,39,82,1.4931256245638518e-06,0.0,1.4931256245638518e-06,1.4931256245638518e-06,3.3077682622262567e-06,1.2573596138723024e-08,3.2831240137943595e-06,3.332412510658154e-06,2.6894988090507594e-06,1.1631955831119008e-08,2.666700175621766e-06,2.7122974424797528e-06
3,power,power_c_1.7,42003,40,200,40,80,1.4411363722233919e-06,1.5011143408284767e-23,1.4411363722233919e-06,1.4411363722233919e-06,3.1946296959733113e-06,1.2055996477316909e-08,3.1709999428777703e-06,3.2182594490688523e-06,2.5863763537070697e-06,1.1136825210523464e-08,2.5645481762944435e-06,2.608204531119696e-06
3,power,power_c_1.7,42003,41,200,41,78,1.3938579120680266e-06,0.0,1.3938579120680266e-06,1.3938579120680266e-06,3.0906139246806734e-06,1.1444415383480344e-08,3.0681828705290517e-06,3.113044978832295e-06,2.491500363186952e-06,1.0552367779107179e-08,2.470817722339902e-06,2.512183004034002e-06
3,power,power_c_1.7,42003,42,200,42,76,1.3508914946099782e-06,0.0,1.3508914946099782e-06,1.3508914946099782e-06,2.9936651724455687e-06,1.0913119912012997e-08,2.972275457418023e-06,3.015054887473114e-06,2.4027211957148562e-06,1.0049891337965513e-08,2.3830234086924436e-06,2.422418982737269e-06
3,power,power_c_1.7,42003,43,200,43,74,1.3118918918196081e-06,0.0,1.3118918918196081e-06,1.3118918918196081e-06,2.9037993556339524e-06,1.0610169405750546e-08,2.883003423598681e-06,2.9245952876692237e-06,2.320172183670946e-06,9.748312137476907e-09,2.3010654918814913e-06,2.339278875460401e-06
3,power,power_c_1.7,42003,44,200,44,72,1.2765607795131166e-06,3.0022286816569535e-23,1.2765607795131166e-06,1.2765607795131166e-06,2.825549457851227e-06,1.0069758781739197e-08,2.8058127306390183e-06,2.845286185063436e-06,2.247950386340948e-06,9.234138856833108e-09,2.229851474181555e-06,2.2660492985003405e-06
3,power,power_c_1.7,42003,45,200,45,70,1.2446412982310647e-06,1.5011143408284767e-23,1.2446412982310647e-06,1.2446412982310647e-06,2.75488763151913e-06,9.55393339766352e-09,2.7361619220597098e-06,2.7736133409785506e-06,2.1825472655611467e-06,8.75241520136668e-09,2.165392531766468e-06,2.1997019993558254e-06
3,power,power_c_1.7,42003,46,200,46,68,1.215913611899715e-06,1.5011143408284767e-23,1.215913611899715e-06,1.215913611899715e-06,2.6900440224984534e-06,8.851066453191484e-09,2.672695932250198e-06,2.7073921127467085e-06,2.1220466531806525e-06,8.094005803759767e-09,2.1061824018052834e-06,2.1379109045560217e-06
3,power,power_c_1.7,42003,47,200,47,66,1.190191324736311e-06,0.0,1.190191324736311e-06,1.190191324736311e-06,2.6330565237637164e-06,8.510487536959422e-09,2.616375968191276e-06,2.649737079336157e-06,2.068495680456562e-06,7.768917625533458e-09,2.053268601910516e-06,2.0837227590026077e-06
3,power,power_c_1.7,42003,48,200,48,64,1.16731865110286e-06,0.0,1.16731865110286e-06,1.16731865110286e-06,2.582326730728411e-06,8.23854701447215e-09,2.5661791785800458e-06,2.5984742828767764e-06,2.0202839230962913e-06,7.511155474882954e-09,2.0055620583655207e-06,2.035005787827062e-06
3,power,power_c_1.7,42003,49,200,49,62,1.1471682624297592e-06,1.5011143408284767e-23,1.1471682624297592e-06,1.1471682624297592e-06,2.5348457451682213e-06,7.895583680341581e-09,2.5193704011547517e-06,2.550321089181691e-06,1.9746318715745575e-06,7.192078048889033e-09,1.960535398598735e-06,1.98872834455038e-06
3,power,power_c_1.7,42003,50,200,50,60,1.1296397617058837e-06,1.5011143408284767e-23,1.1296397617058837e-06,1.1296397617058837e-06,2.4919569674979324e-06,7.661976426617388e-09,2.4769394937017625e-06,2.5069744412941024e-06,1.93280600928506e-06,6.9646992023481316e-09,1.9191551988484577e-06,1.9464568197216624e-06
3,power,power_c_1.7,42003,51,200,51,58,1.114658760995034e-06,1.5011143408284767e-23,1.114658760995034e-06,1.114658760995034e-06,2.4582416813323134e-06,7.384647771279825e-09,2.443767771700605e-06,2.472715590964022e-06,1.898947859624779e-06,6.711867100223848e-09,1.8857926001083402e-06,1.9121031191412176e-06
3,power,power_c_1.7,42003,52,200,52,56,1.1021765626135501e-06,1.5011143408284767e-23,1.1021765626135501e-06,1.1021765626135501e-06,2.43144916815069e-06,7.171414058174037e-09,2.417393196596669e-06,2.445505139704711e-06,1.8708163062945172e-06,6.505955742035874e-09,1.8580646330401269e-06,1.8835679795489075e-06
3,power,power_c_1.7,42003,53,200,53,54,1.0921704717711774e-06,3.0022286816569535e-23,1.0921704717711774e-06,1.0921704717711774e-06,2.4062238816678783e-06,6.779883254426696e-09,2.392935310489202e-06,2.4195124528465545e-06,1.8435983449472568e-06,6.136872799793374e-09,1.8315700742596618e-06,1.8556266156348518e-06
3,power,power_c_1.7,42003,54,200,54,52,1.0846447997744943e-06,1.5011143408284767e-23,1.0846447997744943e-06,1.0846447997744943e-06,2.3873612245442273e-06,6.146959592081599e-09,2.3753131837437475e-06,2.399409265344707e-06,1.8215090279087284e-06,5.537151522046835e-09,1.8106562109255165e-06,1.8323618448919402e-06
3,power,power_c_1.7,42003,55,200,55,50,1.0796326550829364e-06,1.5011143408284767e-23,1.0796326550829364e-06,1.0796326550829364e-06,2.378669361111241e-06,5.9492032891049026e-09,2.3670089226645955e-06,2.390329799557887e-06,1.8080952175265534e-06,5.35430421585298e-09,1.7976007812634816e-06,1.8185896537896252e-06
3,power,power_c_1.7,42003,56,200,56,48,1.0771986683711375e-06,1.5011143408284767e-23,1.0771986683711375e-06,1.0771986683711375e-06,2.373850250222224e-06,6.0597587516249245e-09,2.361973123069039e-06,2.3857273773754092e-06,1.7975529901662557e-06,5.443501637247584e-09,1.7868837269572504e-06,1.808222253375261e-06
3,power,power_c_1.7,42003,57,200,57,46,1.077442862673672e-06,0.0,1.077442862673672e-06,1.077442862673672e-06,2.375271838983127e-06,5.942235602867865e-09,2.363625057201506e-06,2.386918620764748e-06,1.7919240211726414e-06,5.327783639518539e-09,1.7814815652391851e-06,1.8023664771060976e-06
3,power,power_c_1.7,42003,58,200,58,44,1.080505968584387e-06,0.0,1.080505968584387e-06,1.080505968584387e-06,2.3827521876089817e-06,5.713381459190291e-09,2.3715539599489685e-06,2.393950415268995e-06,1.7907775954256199e-06,5.108703727307096e-09,1.780764536120098e-06,1.8007906547311419e-06
3,power,power_c_1.7,42003,59,200,59,42,1.086576609281258e-06,0.0,1.086576609281258e-06,1.086576609281258e-06,2.3959957773715216e-06,5.705374697507957e-09,2.384813242964406e-06,2.4071783117786374e-06,1.7938385456639538e-06,5.090285255371357e-09,1.783861586563426e-06,1.8038155047644817e-06
3,power,power_c_1.7,42003,60,200,60,40,1.0959009592292668e-06,1.5011143408284767e-23,1.0959009592292668e-06,1.0959009592292668e-06,2.414261529576467e-06,5.906872539810931e-09,2.4026840593984373e-06,2.4258389997544965e-06,1.8003409784242717e-06,5.263490614765682e-09,1.790024536819331e-06,1.8106574200292125e-06
3,power,power_c_1.7,42003,61,200,61,38,1.1087957427100858e-06,3.0022286816569535e-23,1.1087957427100858e-06,1.1087957427100858e-06,2.4397232262433245e-06,5.9114369002659264e-09,2.4281368099188034e-06,2.4513096425678456e-06,1.812068479329238e-06,5.2629726649626824e-09,1.801753052905911e-06,1.822383905752565e-06
3,power,power_c_1.7,42003,62,200,62,36,1.1256658303756185e-06,1.5011143408284767e-23,1.1256658303756185e-06,1.1256658303756185e-06,2.478371536801157e-06,5.784347255899691e-09,2.4670342161795937e-06,2.4897088574227206e-06,1.8341332154751864e-06,5.130800102831341e-09,1.824076847273637e-06,1.8441895836767358e-06
3,power,power_c_1.7,42003,63,200,63,34,1.1470282904097756e-06,1.5011143408284767e-23,1.1470282904097756e-06,1.1470282904097756e-06,2.52859734652369e-06,5.725876368070708e-09,2.5173746288422715e-06,2.5398200642051088e-06,1.8649621388548462e-06,5.07795308360239e-09,1.8550093508109856e-06,1.8749149268987068e-06
3,power,power_c_1.7,42003,64,200,64,32,1.1735456847968731e-06,1.5011143408284767e-23,1.1735456847968731e-06,1.1735456847968731e-06,2.58925508109735e-06,5.674132551753723e-09,2.5781337812959126e-06,2.600376380898787e-06,1.9030369433495088e-06,5.0144596254838675e-09,1.8932086024835603e-06,1.912865284215457e-06
3,power,power_c_1.7,42003,65,200,65,30,1.206072894515933e-06,0.0,1.206072894515933e-06,1.206072894515933e-06,2.6640118126163667e-06,5.8092067139401165e-09,2.652625767457044e-06,2.6753978577756895e-06,1.951460823664809e-06,5.130479758017576e-09,1.9414050833390945e-06,1.961516563990523e-06
3,power,power_c_1.7,42003,66,200,66,28,1.245724209955308e-06,0.0,1.245724209955308e-06,1.245724209955308e-06,2.748031750683785e-06,5.871058469672473e-09,2.736524476083227e-06,2.759539025284343e-06,2.005191399175054e-06,5.170747259642238e-09,1.995056734546155e-06,2.0153260638039526e-06
3,power,power_c_1.7,42003,67,200,67,26,1.2939715724330977e-06,0.0,1.2939715724330977e-06,1.2939715724330977e-06,2.852913511637215e-06,6.314426717828986e-09,2.8405372352702702e-06,2.86528978800416e-06,2.0740864100408446e-06,5.549413235331151e-09,2.0632095600995954e-06,2.084963259982094e-06
3,power,power_c_1.7,42003,68,200,68,24,1.3527921138131195e-06,1.5011143408284767e-23,1.3527921138131195e-06,1.3527921138131195e-06,2.9790887506913238e-06,6.4449901594669e-09,2.966456569978769e-06,2.9917209314038787e-06,2.157490533101675e-06,5.646398754681863e-09,2.1464235915424984e-06,2.1685574746608513e-06
3,power,power_c_1.7,42003,69,200,69,22,1.4248963425925095e-06,0.0,1.4248963425925095e-06,1.4248963425925095e-06,3.1378564419426434e-06,6.623579880125918e-09,3.1248742253775966e-06,3.15083865850769e-06,2.2645497669823376e-06,5.808074607714957e-09,2.253165940751216e-06,2.275933593213459e-06
3,power,power_c_1.7,42003,70,200,70,20,1.5140934068968167e-06,1.5011143408284767e-23,1.5140934068968167e-06,1.5140934068968167e-06,3.331605714177011e-06,6.791221521569249e-09,3.318294919994735e-06,3.344916508359287e-06,2.3956369722305254e-06,5.938529328637324e-09,2.3839974547463964e-06,2.4072764897146544e-06
3,power,power_c_1.7,42003,71,200,71,18,1.6259000284006697e-06,4.5033430224854296e-23,1.6259000284006697e-06,1.6259000284006697e-06,3.576027036921787e-06,7.281983057432568e-09,3.5617543501292193e-06,3.5902997237143547e-06,2.5622410974436527e-06,6.366735811280203e-09,2.5497622952535435e-06,2.574719899633762e-06
3,power,power_c_1.7,42003,72,200,72,16,1.7686062982939023e-06,0.0,1.7686062982939023e-06,1.7686062982939023e-06,3.887506044551459e-06,8.016198811464828e-09,3.871794294880988e-06,3.90321779422193e-06,2.7756065434386918e-06,7.013380961465773e-09,2.7618603167542187e-06,2.789352770123165e-06
3,power,power_c_1.7,42003,73,200,73,14,1.9552551764377375e-06,0.0,1.9552551764377375e-06,1.9552551764377375e-06,4.29595565158869e-06,8.555151656464576e-09,4.279187554342019e-06,4.31272374883536e-06,3.0564532623212846e-06,7.462974877864322e-09,3.0418258315606706e-06,3.0710806930818986e-06
3,power,power_c_1.7,42003,74,200,74,12,2.2076016594285267e-06,3.0022286816569535e-23,2.2076016594285267e-06,2.2076016594285267e-06,4.8483507728861826e-06,9.510879374959744e-09,4.829709449311261e-06,4.866992096461104e-06,3.4375497396882814e-06,8.286893506676864e-09,3.421307428415195e-06,3.453792050961368e-06
3,power,power_c_1.7,42003,75,200,75,10,2.5648231315920673e-06,0.0,2.5648231315920673e-06,2.5648231315920673e-06,5.632010655037378e-06,1.0961518086799543e-08,5.610526079587251e-06,5.653495230487505e-06,3.979980343537393e-06,9.531002129650923e-09,3.961299579363277e-06,3.9986611077115085e-06
3,power,power_c_1.7,42003,76,200,76,8,3.105295444392778e-06,3.0022286816569535e-23,3.105295444392778e-06,3.105295444392778e-06,6.818050814475229e-06,1.3372451048477334e-08,6.791840810420213e-06,6.844260818530245e-06,4.802245970528803e-06,1.1620828645775173e-08,4.779469146383084e-06,4.825022794674522e-06
4,power,power_c_2.5,42004,0,200,0,160,0.012961596939242323,0.0,0.012961596939242323,0.012961596939242323,0.012961596939242323,0.0,0.012961596939242323,0.012961596939242323,0.01286620023956886,2.4594257360133763e-19,0.01286620023956886,0.01286620023956886
4,power,power_c_2.5,42004,1,200,1,158,0.00046743993847323933,0.0,0.00046743993847323933,0.00046743993847323933,0.0017486120293309995,0.00019155871488026868,0.0013731569481656729,0.002124067110496326,0.0017351730870835442,0.0001902860228569839,0.0013622124822838557,0.0021081336918832324
4,power,power_c_2.5,42004,2,200,2,156,7.279173255622946e-05,9.607131781302251e-22,7.279173255622946e-05,7.279173255622946e-05,0.0002659161671032167,2.4423190288613137e-05,0.00021804671413753492,0.0003137856200688984,0.0002634148272361833,2.425597644363074e-05,0.00021587311340666708,0.00031095654106569955
4,power,power_c_2.5,42004,3,200,3,154,2.0292581843342077e-05,0.0,2.0292581843342077e-05,2.0292581843342077e-05,7.510338292977391e-05,5.988694929105768e-06,6.336554086872661e-05,8.684122499082121e-05,7.42716396658373e-05,5.943637149928273e-06,6.262211085197789e-05,8.592116847969671e-05
4,power,power_c_2.5,42004,4,200,4,152,7.710082920228158e-06,0.0,7.710082920228158e-06,7.710082920228158e-06,2.411171975444012e-05,1.2129263271602334e-06,2.1734384153206064e-05,2.6489055355674177e-05,2.3778724473236016e-05,1.2023600941245841e-06,2.142209868875183e-05,2.61353502577202e-05
4,power,power_c_2.5,42004,5,200,5,150,3.546217359164533e-06,3.0022286816569535e-23,3.546217359164533e-06,3.546217359164533e-06,1.136586012862632e-05,8.226125574340195e-07,9.753539516055642e-06,1.2978180741196998e-05,1.119012317545771e-05,8.158168857076695e-07,9.591122079470676e-06,1.2789124271444742e-05
4,power,power_c_2.5,42004,6,200,6,148,1.8562902552982774e-06,1.5011143408284767e-23,1.8562902552982774e-06,1.8562902552982774e-06,5.836090278331847e-06,2.9363107885274386e-07,5.260573363780469e-06,6.4116071928832245e-06,5.732974424831215e-06,2.9088796091598867e-07,5.162834021435877e-06,6.303114828226553e-06
4,power,power_c_2.5,42004,7,200,7,146,1.0666638441900537e-06,1.5011143408284767e-23,1.0666638441900537e-06,1.0666638441900537e-06,3.230156327779628e-06,1.5299702651538502e-07,2.9302821558094733e-06,3.5300304997497824e-06,3.1653353621005527e-06,1.5150293745328792e-07,2.8683896046921084e-06,3.462281119508997e-06
4,power,power_c_2.5,42004,8,200,8,144,6.57623368067693e-07,7.505571704142384e-24,6.57623368067693e-07,6.57623368067693e-07,2.0282755542825234e-06,9.59412476072227e-08,1.840230708972367e-06,2.21632039959268e-06,1.98375313771e-06,9.496813495052808e-08,1.797615593206965e-06,2.169890682213035e-06
4,power,power_c_2.5,42004,9,200,9,142,4.283633055273748e-07,3.752785852071192e-24,4.283633055273748e-07,4.283633055273748e-07,1.3143820161616364e-06,8.405437278978564e-08,1.1496354454936566e-06,1.4791285868296161e-06,1.2829406688958089e-06,8.329324741778587e-08,1.1196859039569487e-06,1.446195433834669e-06
4,power,power_c_2.5,42004,10,200,10,140,2.9162563846348015e-07,3.752785852071192e-24,2.9162563846348015e-07,2.9162563846348015e-07,8.136844550679566e-07,1.8118320635324563e-08,7.781725466227205e-07,8.491963635131927e-07,7.912703411614997e-07,1.785293688297011e-08,7.562785848708783e-07,8.262620974521211e-07
4,power,power_c_2.5,42004,11,200,11,138,2.0586349944713123e-07,1.876392926035596e-24,2.0586349944713123e-07,2.0586349944713123e-07,5.857719575260341e-07,1.5021576955548182e-08,5.563296666931597e-07,6.152142483589086e-07,5.685823199489566e-07,1.4806754255792355e-08,5.395610816076036e-07,5.976035582903096e-07
4,power,power_c_2.5,42004,12,200,12,136,1.4979126090716838e-07,0.0,1.4979126090716838e-07,1.4979126090716838e-07,4.2724338977212836e-07,1.1622386406347244e-08,4.0446351241568776e-07,4.5002326712856896e-07,4.1384996453731195e-07,1.146766356625771e-08,3.9137334394744684e-07,4.3632658512717706e-07
4,power,power_c_2.5,42004,13,200,13,134,1.1182858206355826e-07,1.876392926035596e-24,1.1182858206355826e-07,1.1182858206355826e-07,3.0293304692983594e-07,5.432269850313516e-09,2.9228579802322144e-07,3.135802958364504e-07,2.9247138091469966e-07,5.33709214911533e-09,2.820106803024336e-07,3.029320815269657e-07
4,power,power_c_2.5,42004,14,200,14,132,8.535107087029845e-08,9.38196463017798e-25,8.535107087029845e-08,8.535107087029845e-08,2.2587683024633322e-07,3.46306284799556e-09,2.1908922706426191e-07,2.3266443342840452e-07,2.1747347192997835e-07,3.395994706147559e-09,2.1081732230592914e-07,2.2412962155402756e-07
4,power,power_c_2.5,42004,15,200,15,130,6.640458845317167e-08,9.38196463017798e-25,6.640458845317167e-08,6.640458845317167e-08,1.7844006335452013e-07,2.8155017727598053e-09,1.7292167987991092e-07,1.8395844682912933e-07,1.7146037690075462e-07,2.7612058771416063e-09,1.6604841338155708e-07,1.7687234041995217e-07
4,power,power_c_2.5,42004,16,200,16,128,5.2540998953904854e-08,9.38196463017798e-25,5.2540998953904854e-08,5.2540998953904854e-08,1.410470542785938e-07,2.0700908367971354e-09,1.3698967623847143e-07,1.451044323187162e-07,1.352160678164834e-07,2.028482159398071e-09,1.3124024278406317e-07,1.3919189284890362e-07
4,power,power_c_2.5,42004,17,200,17,126,4.219567706866932e-08,0.0,4.219567706866932e-08,4.219567706866932e-08,1.1442154138192465e-07,1.6613571537360843e-09,1.1116528136060193e-07,1.1767780140324737e-07,1.0946731183899557e-07,1.6278101027626772e-09,1.0627680403758072e-07,1.1265781964041042e-07
4,power,power_c_2.5,42004,18,200,18,124,3.434042195665678e-08,4.69098231508899e-25,3.434042195665678e-08,3.434042195665678e-08,9.2663136682855e-08,1.2300333432446705e-09,9.025227133009545e-08,9.507400203561456e-08,8.844118848415696e-08,1.2030301814407295e-09,8.608324932853313e-08,9.07991276397808e-08
4,power,power_c_2.5,42004,19,200,19,122,2.82827063591234e-08,7.036473472633484e-25,2.82827063591234e-08,2.82827063591234e-08,7.621099863572335e-08,9.710629065693481e-10,7.430771533884742e-08,7.811428193259927e-08,7.257550792343237e-08,9.48842707514595e-10,7.071577621670376e-08,7.443523963016097e-08
4,power,power_c_2.5,42004,20,200,20,120,2.35457514651088e-08,0.0,2.35457514651088e-08,2.35457514651088e-08,6.306902160411558e-08,7.921382666846704e-10,6.151643060141362e-08,6.462161260681753e-08,5.991596975039788e-08,7.733016957897061e-10,5.840029842665006e-08,6.14316410741457e-08
4,power,power_c_2.5,42004,21,200,21,118,1.9794799337036175e-08,2.345491157544495e-25,1.9794799337036175e-08,1.9794799337036175e-08,5.293560052186735e-08,6.787599662175137e-10,5.1605230988081024e-08,5.426597005565368e-08,5.0171168216233384e-08,6.621044391782679e-10,4.8873443515443976e-08,5.146889291702279e-08
4,power,power_c_2.5,42004,22,200,22,116,1.6790607714295667e-08,2.345491157544495e-25,1.6790607714295667e-08,1.6790607714295667e-08,4.49974386306382e-08,5.329803031492444e-10,4.395279723646568e-08,4.604208002481072e-08,4.255268892287115e-08,5.195482394851211e-10,4.153437437348032e-08,4.357100347226199e-08
4,power,power_c_2.5,42004,23,200,23,114,1.4359430134183037e-08,1.1727455787722475e-25,1.4359430134183037e-08,1.4359430134183037e-08,3.80837232990558e-08,4.4290674147023333e-10,3.7215626085774143e-08,3.895182051233746e-08,3.591845255567911e-08,4.313409127448886e-10,3.507302436669913e-08,3.6763880744659095e-08
4,power,power_c_2.5,42004,24,200,24,112,1.2373228149880158e-08,0.0,1.2373228149880158e-08,1.2373228149880158e-08,3.245040187754844e-08,3.801739157204443e-10,3.170526100273637e-08,3.319554275236051e-08,3.0522719452436655e-08,3.700624764473908e-10,2.9797396998599768e-08,3.124804190627354e-08
4,power,power_c_2.5,42004,25,200,25,110,1.0736377752605255e-08,1.1727455787722475e-25,1.0736377752605255e-08,1.0736377752605255e-08,2.802954133012731e-08,2.875307807682791e-10,2.746598099982148e-08,2.8593101660433137e-08,2.6298263147127002e-08,2.7940697700045575e-10,2.5750625472206108e-08,2.6845900822047896e-08
4,power,power_c_2.5,42004,26,200,26,108,9.376582234465396e-09,1.1727455787722475e-25,9.376582234465396e-09,9.376582234465396e-09,2.439879523135562e-08,2.4065320576526883e-10,2.3927114948055695e-08,2.4870475514655547e-08,2.2835465401157462e-08,2.3370698648541044e-10,2.2377399707646056e-08,2.329353109466887e-08
4,power,power_c_2.5,42004,27,200,27,106,8.238560778959904e-09,0.0,8.238560778959904e-09,8.238560778959904e-09,2.130920220481135e-08,1.8135706832988565e-10,2.0953742350884772e-08,2.1664662058737927e-08,1.989084738469824e-08,1.7576281185429952e-10,1.9546352273463814e-08,2.0235342495932667e-08
4,power,power_c_2.5,42004,28,200,28,104,7.279600216524814e-09,5.863727893861237e-26,7.279600216524814e-09,7.279600216524814e-09,1.8964094765649976e-08,1.6094519188286126e-10,1.8648642189559567e-08,1.9279547341740385e-08,1.766618037615656e-08,1.5577309724234323e-10,1.736086510556157e-08,1.7971495646751552e-08
4,power,power_c_2.5,42004,29,200,29,102,6.4663772251152185e-09,5.863727893861237e-26,6.4663772251152185e-09,6.4663772251152185e-09,1.6811607694583126e-08,1.3710904086074005e-10,1.6542873974496077e-08,1.7080341414670175e-08,1.5621222432104358e-08,1.3264349927247066e-10,1.5361241173530315e-08,1.58812036906784e-08
4,power,power_c_2.5,42004,30,200,30,100,5.77265950212781e-09,0.0,5.77265950212781e-09,5.77265950212781e-09,1.4925495187378956e-08,1.223481835610672e-10,1.4685692747599264e-08,1.516529762715865e-08,1.3832641828113676e-08,1.1826744314843076e-10,1.3600837639542752e-08,1.40644460166846e-08
4,power,power_c_2.5,42004,31,200,31,98,5.1776233166349636e-09,5.863727893861237e-26,5.1776233166349636e-09,5.1776233166349636e-09,1.3328338728201475e-08,1.059280579514073e-10,1.3120719734616717e-08,1.3535957721786233e-08,1.2320253839813697e-08,1.0227002497239624e-10,1.2119804590867801e-08,1.2520703088759593e-08
4,power,power_c_2.5,42004,32,200,32,96,4.664608752654539e-09,5.863727893861237e-26,4.664608752654539e-09,4.664608752654539e-09,1.2018966326308536e-08,9.209507153686235e-11,1.1838459986096286e-08,1.2199472666520787e-08,1.1084479071771284e-08,8.884292569862042e-11,1.0910346937401988e-08,1.125861120614058e-08
4,power,power_c_2.5,42004,33,200,33,94,4.220189410767095e-09,5.863727893861237e-26,4.220189410767095e-09,4.220189410767095e-09,1.0905784657212315e-08,8.579121169167341e-11,1.0737633882296635e-08,1.1073935432127996e-08,1.0035873246218309e-08,8.277782499988747e-11,9.87362870921853e-09,1.0198117783218088e-08
4,power,power_c_2.5,42004,34,200,34,92,3.833470513634489e-09,0.0,3.833470513634489e-09,3.833470513634489e-09,9.87958705043491e-09,7.54347763469465e-11,9.731734888794895e-09,1.0027439212074925e-08,9.068508648719936e-09,7.267646656062112e-11,8.926062774261119e-09,9.210954523178753e-09
4,power,power_c_2.5,42004,35,200,35,90,3.4955546173778415e-09,5.863727893861237e-26,3.4955546173778415e-09,3.4955546173778415e-09,8.966036509239216e-09,6.539666579080084e-11,8.837859044289246e-09,9.094213974189186e-09,8.208493230017001e-09,6.289483971187246e-11,8.085219344181731e-09,8.331767115852271e-09
4,power,power_c_2.5,42004,36,200,36,88,3.1991315021382432e-09,0.0,3.1991315021382432e-09,3.1991315021382432e-09,8.198640199721184e-09,6.045944477607467e-11,8.080139687960079e-09,8.31714071148229e-09,7.487993569095308e-09,5.810498711493003e-11,7.374107794350045e-09,7.601879343840571e-09
4,power,power_c_2.5,42004,37,200,37,86,2.938160902843249e-09,2.9318639469306186e-26,2.938160902843249e-09,2.938160902843249e-09,7.460378220230805e-09,5.233753420423949e-11,7.357796653190495e-09,7.562959787271115e-09,6.793943180939859e-09,5.022910521276865e-11,6.695494134722833e-09,6.892392227156885e-09
4,power,power_c_2.5,42004,38,200,38,84,2.707625244721815e-09,2.9318639469306186e-26,2.707625244721815e-09,2.707625244721815e-09,6.863077666650698e-09,4.544920786409652e-11,6.7739972192370686e-09,6.952158114064328e-09,6.234171446005187e-09,4.35571842005369e-11,6.148799364972135e-09,6.319543527038239e-09
4,power,power_c_2.5,42004,39,200,39,82,2.5033355921109903e-09,0.0,2.5033355921109903e-09,2.5033355921109903e-09,6.352520613387884e-09,4.028198228941317e-11,6.273567928100635e-09,6.431473298675134e-09,5.757309147781187e-09,3.854456009503152e-11,5.681761809994925e-09,5.832856485567449e-09
4,power,power_c_2.5,42004,40,200,40,80,2.321778356913765e-09,0.0,2.321778356913765e-09,2.321778356913765e-09,5.821078375295441e-09,3.587241338806075e-11,5.750768445054842e-09,5.89138830553604e-09,5.2593497050639666e-09,3.424397590774483e-11,5.1922315122847865e-09,5.326467897843147e-09
4,power,power_c_2.5,42004,41,200,41,78,2.1599934551054844e-09,2.9318639469306186e-26,2.1599934551054844e-09,2.1599934551054844e-09,5.434564513136408e-09,3.207667164912694e-11,5.371694236704119e-09,5.497434789568697e-09,4.8995273240490164e-09,3.060497428818261e-11,4.839541574444178e-09,4.959513073653855e-09
4,power,power_c_2.5,42004,42,200,42,76,2.0154768955182995e-09,0.0,2.0154768955182995e-09,2.0154768955182995e-09,5.0625652415525156e-09,2.963233164155155e-11,5.004485871535075e-09,5.120644611569956e-09,4.552732666320729e-09,2.822783831822952e-11,4.497406103216999e-09,4.6080592294244585e-09
4,power,power_c_2.5,42004,43,200,43,74,1.8861024766392237e-09,0.0,1.8861024766392237e-09,1.8861024766392237e-09,4.749780643422866e-09,2.7800277651649383e-11,4.695292099225633e-09,4.804269187620099e-09,4.262065091639332e-09,2.647940559635065e-11,4.2101654566704845e-09,4.3139647266081794e-09
4,power,power_c_2.5,42004,44,200,44,72,1.770058523337547e-09,4.3977959203959274e-26,1.770058523337547e-09,1.770058523337547e-09,4.474558282600387e-09,2.4493194200320477e-11,4.426551621967759e-09,4.5225649432330146e-09,4.0065498788459224e-09,2.332943337613708e-11,3.960824189428694e-09,4.052275568263151e-09
4,power,power_c_2.5,42004,45,200,45,70,1.665796535470114e-09,4.3977959203959274e-26,1.665796535470114e-09,1.665796535470114e-09,4.205978562860884e-09,2.308586665768099e-11,4.160730264211829e-09,4.2512268615099385e-09,3.756742776626352e-09,2.1980309108064664e-11,3.713661370774545e-09,3.7998241824781585e-09
4,power,power_c_2.5,42004,46,200,46,68,1.5719893289943136e-09,1.4659319734653093e-26,1.5719893289943136e-09,1.5719893289943136e-09,3.9811967656553634e-09,2.1330197658210083e-11,3.939389578245271e-09,4.0230039530654555e-09,3.5483998050938438e-09,2.0282616498712317e-11,3.5086458767563677e-09,3.58815373343132e-09
4,power,power_c_2.5,42004,47,200,47,66,1.487496788403408e-09,0.0,1.487496788403408e-09,1.487496788403408e-09,3.773092333082102e-09,1.894221249030022e-11,3.735965596601114e-09,3.8102190695630905e-09,3.3551350170896024e-09,1.7975376206150752e-11,3.319903279725547e-09,3.390366754453658e-09
4,power,power_c_2.5,42004,48,200,48,64,1.411337761034038e-09,0.0,1.411337761034038e-09,1.411337761034038e-09,3.577600090100275e-09,1.7399062331346446e-11,3.543497927930836e-09,3.611702252269714e-09,3.1737627556656e-09,1.6493311699458993e-11,3.1414358647346603e-09,3.2060896465965397e-09
4,power,power_c_2.5,42004,49,200,49,62,1.342666941240251e-09,0.0,1.342666941240251e-09,1.342666941240251e-09,3.399378662539304e-09,1.6039290347848978e-11,3.36794165345752e-09,3.430815671621088e-09,3.0083822273201856e-09,1.5190033298906846e-11,2.978609762054328e-09,3.038154692586043e-09
4,power,power_c_2.5,42004,50,200,50,60,1.2807558392815925e-09,0.0,1.2807558392815925e-09,1.2807558392815925e-09,3.236958703782082e-09,1.475916550451232e-11,3.208030739393238e-09,3.265886668170926e-09,2.8574361235047925e-09,1.3957709583445475e-11,2.8300790127212395e-09,2.8847932342883455e-09
4,power,power_c_2.5,42004,51,200,51,58,1.2249771236893809e-09,0.0,1.2249771236893809e-09,1.2249771236893809e-09,3.1018098502343725e-09,1.3770610500097478e-11,3.0748194536541814e-09,3.1288002468145637e-09,2.7320486403758225e-09,1.3016860397721038e-11,2.706535593996289e-09,2.757561686755356e-09
4,power,power_c_2.5,42004,52,200,52,56,1.1747917801915044e-09,0.0,1.1747917801915044e-09,1.1747917801915044e-09,2.977000372724906e-09,1.2760425673239211e-11,2.951989938405357e-09,3.002010807044455e-09,2.61613284260845e-09,1.2041575395467767e-11,2.592531354833333e-09,2.639734330383567e-09
4,power,power_c_2.5,42004,53,200,53,54,1.1297386552663242e-09,2.9318639469306186e-26,1.1297386552663242e-09,1.1297386552663242e-09,2.859315772752714e-09,1.2170413984122005e-11,2.8354617613438348e-09,2.883169784161593e-09,2.506697814244282e-09,1.1482603343257336e-11,2.4841919116914974e-09,2.5292037167970664e-09
4,power,power_c_2.5,42004,54,200,54,52,1.0894260562185666e-09,0.0,1.0894260562185666e-09,1.0894260562185666e-09,2.756345057325787e-09,1.2063817238572138e-11,2.7326999755381855e-09,2.7799901391133884e-09,2.4106580665475685e-09,1.1375851053632487e-11,2.388361398482449e-09,2.432954734612688e-09
4,power,power_c_2.5,42004,55,200,55,50,1.0535251691157375e-09,0.0,1.0535251691157375e-09,1.0535251691157375e-09,2.666708374876592e-09,1.1175658538535391e-11,2.6448040841410628e-09,2.6886126656121216e-09,2.3268820246259795e-09,1.0527858332853532e-11,2.3062474222935866e-09,2.3475166269583724e-09
4,power,power_c_2.5,42004,56,200,56,48,1.0217651370664134e-09,0.0,1.0217651370664134e-09,1.0217651370664134e-09,2.5787759716511262e-09,1.1243297280904676e-11,2.5567391089805532e-09,2.6008128343216992e-09,2.244309066339106e-09,1.0574983371914102e-11,2.2235820989301545e-09,2.2650360337480577e-09
4,power,power_c_2.5,42004,57,200,57,46,9.939297201583698e-10,1.4659319734653093e-26,9.939297201583698e-10,9.939297201583698e-10,2.502865253891119e-09,9.566258191361052e-12,2.4841153878360515e-09,2.5216151199461865e-09,2.1727012037706876e-09,8.973649432187447e-12,2.1551128508836002e-09,2.190289556657775e-09
4,power,power_c_2.5,42004,58,200,58,44,9.698555415598666e-10,0.0,9.698555415598666e-10,9.698555415598666e-10,2.443207424707161e-09,9.133084886188538e-12,2.4253065783302315e-09,2.4611082710840904e-09,2.1160949386673785e-09,8.553839662661568e-12,2.099329412928562e-09,2.132860464406195e-09
4,power,power_c_2.5,42004,59,200,59,42,9.494320201133142e-10,1.4659319734653093e-26,9.494320201133142e-10,9.494320201133142e-10,2.3903572487520077e-09,8.602358087418895e-12,2.3734966269006665e-09,2.407217870603349e-09,2.065420348597784e-09,8.040691226635987e-12,2.0496605937935773e-09,2.0811801034019904e-09
4,power,power_c_2.5,42004,60,200,60,40,9.326032095963459e-10,1.4659319734653093e-26,9.326032095963459e-10,9.326032095963459e-10,2.346050533563737e-09,8.513098904502764e-12,2.3293648597109116e-09,2.3627362074165627e-09,2.022276920431805e-09,7.94612784141701e-12,2.0067025098626276e-09,2.0378513310009823e-09
4,power,power_c_2.5,42004,61,200,61,38,9.193719254766707e-10,7.329659867326547e-27,9.193719254766707e-10,9.193719254766707e-10,2.3137496669478034e-09,8.446960908715271e-12,2.2971936235667213e-09,2.3303057103288855e-09,1.9899446204052595e-09,7.883673984042847e-12,1.9744926193965357e-09,2.0053966214139833e-09
4,power,power_c_2.5,42004,62,200,62,36,9.098067675321847e-10,7.329659867326547e-27,9.098067675321847e-10,9.098067675321847e-10,2.2909430228177128e-09,8.161180456018675e-12,2.274947109123916e-09,2.3069389365115094e-09,1.966052251031631e-09,7.614062373528897e-12,1.9511286887795143e-09,1.9809758132837475e-09
4,power,power_c_2.5,42004,63,200,63,34,9.04052983336815e-10,7.329659867326547e-27,9.04052983336815e-10,9.04052983336815e-10,2.2807206744759072e-09,8.251805036333521e-12,2.2645471366046933e-09,2.296894212347121e-09,1.953186942954903e-09,7.694993487857026e-12,1.9381047557187033e-09,1.9682691301911026e-09
4,power,power_c_2.5,42004,64,200,64,32,9.023486338818987e-10,7.329659867326547e-27,9.023486338818987e-10,9.023486338818987e-10,2.276494533159923e-09,7.868090272241566e-12,2.2610730762263297e-09,2.2919159900935163e-09,1.9451432300959892e-09,7.333820494537709e-12,1.9307689419266953e-09,1.959517518265283e-09
4,power,power_c_2.5,42004,65,200,65,30,9.050483402808725e-10,1.4659319734653093e-26,9.050483402808725e-10,9.050483402808725e-10,2.2788365951302112e-09,7.739977908749853e-12,2.2636662384290617e-09,2.294006951831361e-09,1.942261785137317e-09,7.214329909659323e-12,1.9281216985143843e-09,1.9564018717602493e-09
4,power,power_c_2.5,42004,66,200,66,28,9.126582265925318e-10,7.329659867326547e-27,9.126582265925318e-10,9.126582265925318e-10,2.2962019641248334e-09,8.175121411714974e-12,2.280178726157872e-09,2.3122252020917947e-09,1.952478869926221e-09,7.624389147715323e-12,1.9375350671966986e-09,1.967422672655743e-09
4,power,power_c_2.5,42004,67,200,67,26,9.258879285392267e-10,0.0,9.258879285392267e-10,9.258879285392267e-10,2.3282773083004135e-09,8.26170888332081e-12,2.312084358889105e-09,2.344470257711722e-09,1.9751003751698384e-09,7.695678706501746e-12,1.960016844905095e-09,1.990183905434582e-09
4,power,power_c_2.5,42004,68,200,68,24,9.457294781079461e-10,0.0,9.457294781079461e-10,9.457294781079461e-10,2.373723487029504e-09,8.356468156169973e-12,2.3573448094434106e-09,2.390102164615597e-09,2.008710095403717e-09,7.768951659992067e-12,1.9934829501501326e-09,2.0239372406573013e-09
4,power,power_c_2.5,42004,69,200,69,22,9.735800330647422e-10,1.4659319734653093e-26,9.735800330647422e-10,9.735800330647422e-10,2.437601028905011e-09,8.241489911186236e-12,2.421447708679086e-09,2.453754349130936e-09,2.0575760081881465e-09,7.647094719525518e-12,2.0425877025378763e-09,2.0725643138384168e-09
4,power,power_c_2.5,42004,70,200,70,20,1.0114390181050177e-09,0.0,1.0114390181050177e-09,1.0114390181050177e-09,2.53364146074464e-09,8.261565221830908e-12,2.5174487929098514e-09,2.5498341285794282e-09,2.133990768583352e-09,7.652121269766887e-12,2.1189926108946093e-09,2.148988926272095e-09
4,power,power_c_2.5,42004,71,200,71,18,1.0622374356463419e-09,0.0,1.0622374356463419e-09,1.0622374356463419e-09,2.653862576609514e-09,8.435189843435277e-12,2.637329604516381e-09,2.6703955487026475e-09,2.2296308830893302e-09,7.79421975214122e-12,2.2143542123751336e-09,2.244907553803527e-09
4,power,power_c_2.5,42004,72,200,72,16,1.1304148819461964e-09,0.0,1.1304148819461964e-09,1.1304148819461964e-09,2.82617366079152e-09,9.026985010416343e-12,2.808480770171104e-09,2.8438665514119363e-09,2.3692302635257126e-09,8.327681930323355e-12,2.352908006942279e-09,2.3855525201091464e-09
4,power,power_c_2.5,42004,73,200,73,14,1.2229918638923082e-09,0.0,1.2229918638923082e-09,1.2229918638923082e-09,3.052294117138794e-09,9.65597705314405e-12,3.0333684021146316e-09,3.0712198321629565e-09,2.5524562131757457e-09,8.903075245930237e-12,2.5350061856937222e-09,2.569906240657769e-09
4,power,power_c_2.5,42004,74,200,74,12,1.3517151575002816e-09,1.4659319734653093e-26,1.3517151575002816e-09,1.3517151575002816e-09,3.377395934589522e-09,1.029970699523003e-11,3.3572085088788713e-09,3.397583360300173e-09,2.8183280384201298e-09,9.488218594069736e-12,2.799731129975753e-09,2.8369249468645066e-09
4,power,power_c_2.5,42004,75,200,75,10,1.5377783536093914e-09,0.0,1.5377783536093914e-09,1.5377783536093914e-09,3.843110806256433e-09,1.1764767754946321e-11,3.820051861456738e-09,3.8661697510561285e-09,3.199847791135651e-09,1.0832501732343196e-11,3.178616087740258e-09,3.2210794945310437e-09
4,power,power_c_2.5,42004,76,200,76,8,1.823624047137181e-09,4.3977959203959274e-26,1.823624047137181e-09,1.823624047137181e-09,4.550860248919708e-09,1.3580272407464947e-11,4.524242915001076e-09,4.577477582838339e-09,3.780114686453448e-09,1.2488591952654024e-11,3.7556370462262465e-09,3.80459232668065e-09
5,exponential,exponential_alpha_0.02,42005,0,200,0,160,0.3062916649242836,3.935081177621402e-18,0.3062916649242836,0.3062916649242836,0.30629166492428367,3.935081177621402e-18,0.30629166492428367,0.30629166492428367,0.24414652214480392,3.935081177621402e-18,0.24414652214480392,0.24414652214480392
5,exponential,exponential_alpha_0.02,42005,1,200,1,158,0.2980068829720301,3.935081177621402e-18,0.2980068829720301,0.2980068829720301,0.3034311216270622,5.061435939264522e-05,0.30333191748265265,0.30353032577147177,0.24213948863972962,4.3530515922975096e-05,0.24205416882852057,0.24222480845093866
5,exponential,exponential_alpha_0.02,42005,2,200,2,156,0.28999265908209926,3.935081177621402e-18,0.28999265908209926,0.28999265908209926,0.3006041236606428,7.489642047793505e-05,0.30045732667650604,0.3007509206447796,0.24014917406968866,6.476547484484043e-05,0.24002223373899279,0.24027611440038454
5,exponential,exponential_alpha_0.02,42005,3,200,3,154,0.28224035028164396,3.935081177621402e-18,0.28224035028164396,0.28224035028164396,0.29775455027849257,9.001136499162868e-05,0.29757812800310895,0.2979309725538762,0.23813187227756397,7.776552348324595e-05,0.2379794518515368,0.23828429270359114
5,exponential,exponential_alpha_0.02,42005,4,200,4,152,0.2747416208252681,3.935081177621402e-18,0.2747416208252681,0.2747416208252681,0.29489185564676706,9.589768543268654e-05,0.294703896183319,0.29507981511021514,0.23609442922288487,8.289531624517158e-05,0.23593195440304435,0.2362569040427254
5,exponential,exponential_alpha_0.02,42005,5,200,5,150,0.26748843239523185,0.0,0.26748843239523185,0.26748843239523185,0.2920624528639042,0.00010159731616125925,0.2918633221242281,0.2922615836035803,0.23407674525139563,8.790361417250908e-05,0.23390445416761751,0.23424903633517374
5,exponential,exponential_alpha_0.02,42005,6,200,6,148,0.26047303471048433,3.935081177621402e-18,0.26047303471048433,0.26047303471048433,0.2893101048625357,0.00011368268635391234,0.2890872867972821,0.28953292292778937,0.23211568514988085,9.855098335030445e-05,0.23192252522251425,0.23230884507724744
5,exponential,exponential_alpha_0.02,42005,7,200,7,146,0.25368795653589193,3.935081177621402e-18,0.25368795653589193,0.25368795653589193,0.2865688973956958,0.00012457562725371715,0.2863247291662785,0.2868130656251131,0.230155514286778,0.00010828753379283826,0.22994327072054405,0.23036775785301195
5,exponential,exponential_alpha_0.02,42005,8,200,8,144,0.24712599708397803,0.0,0.24712599708397803,0.24712599708397803,0.2838090436869225,0.00013707711618444695,0.283540372539201,0.284077714834644,0.2281663869126299,0.00011930054750566793,0.22793255783951877,0.228400215985741
5,exponential,exponential_alpha_0.02,42005,9,200,9,142,0.24078021780247025,1.967540588810701e-18,0.24078021780247025,0.24078021780247025,0.28100477976297916,0.00014618384469575164,0.2807182594273755,0.28129130009858283,0.22613071436842092,0.00012732095288839153,0.22588116530075966,0.22638026343608217
5,exponential,exponential_alpha_0.02,42005,10,200,10,140,0.23464393454199636,1.967540588810701e-18,0.23464393454199636,0.23464393454199636,0.2784334127528843,0.00015220607954679057,0.2781350888369726,0.278731736668796,0.2242875944014475,0.00013239732457694776,0.22402809564527668,0.2245470931576183
5,exponential,exponential_alpha_0.02,42005,11,200,11,138,0.2287107100993712,3.935081177621402e-18,0.2287107100993712,0.2287107100993712,0.2758651888446266,0.00016476871710496875,0.27554224215910084,0.2761881355301523,0.2224376940849726,0.00014341472471083596,0.22215660122453937,0.22271878694540584
5,exponential,exponential_alpha_0.02,42005,12,200,12,136,0.22297434713309505,3.935081177621402e-18,0.22297434713309505,0.22297434713309505,0.27327207576820056,0.00017437976918210313,0.27293029142060365,0.27361386011579747,0.22055612146750597,0.00015183509171250666,0.22025852468774945,0.2208537182472625
5,exponential,exponential_alpha_0.02,42005,13,200,13,134,0.21742888144895925,1.967540588810701e-18,0.21742888144895925,0.21742888144895925,0.2707701117547619,0.0001772209240044723,0.27042275874371313,0.27111746476581067,0.21874661075235619,0.00015456759133390398,0.21844365827334172,0.21904956323137065
5,exponential,exponential_alpha_0.02,42005,14,200,14,132,0.21206857565502213,3.935081177621402e-18,0.21206857565502213,0.21206857565502213,0.2683189047324636,0.00017975483397867314,0.26796658525786543,0.2686712242070618,0.2169752672484025,0.0001569582995793456,0.21666762898122696,0.21728290551557802
5,exponential,exponential_alpha_0.02,42005,15,200,15,130,0.2068879131867297,0.0,0.2068879131867297,0.2068879131867297,0.2657595713876057,0.00019119239151792723,0.2653848343002306,0.2661343084749808,0.21509687375829045,0.00016691606099831626,0.21476971827873376,0.21542402923784715
5,exponential,exponential_alpha_0.02,42005,16,200,16,128,0.20188159270459977,3.935081177621402e-18,0.20188159270459977,0.20188159270459977,0.2633108385412768,0.00019114876899327702,0.26293618695404997,0.2636854901285036,0.21331156318817718,0.00016689455624405215,0.21298444985793882,0.21363867651841553
5,exponential,exponential_alpha_0.02,42005,17,200,17,126,0.19704452286871096,0.0,0.19704452286871096,0.19704452286871096,0.26101596103357183,0.00019967389623371749,0.26062460019695377,0.2614073218701899,0.21164744671457483,0.00017433873926196155,0.2113057427856214,0.21198915064352827
5,exponential,exponential_alpha_0.02,42005,18,200,18,124,0.19237181749627122,3.935081177621402e-18,0.19237181749627122,0.19237181749627122,0.2586165979639117,0.00020189779006314445,0.2582208782953879,0.25901231763243543,0.2098845249097203,0.00017673914900178306,0.2095381161776768,0.2102309336417638
5,exponential,exponential_alpha_0.02,42005,19,200,19,122,0.18785879111080178,1.967540588810701e-18,0.18785879111080178,0.18785879111080178,0.25626533149571307,0.0002103407464584614,0.2558530636326545,0.25667759935877166,0.20815737917325755,0.00018421538475978585,0.20779631701912837,0.20851844132738673
5,exponential,exponential_alpha_0.02,42005,20,200,20,120,0.18350095489402815,0.0,0.18350095489402815,0.18350095489402815,0.25397122739121963,0.00021190744693974062,0.25355588879521773,0.25438656598722154,0.2064711294960648,0.00018557733134463286,0.20610739792662933,0.20683486106550028
5,exponential,exponential_alpha_0.02,42005,21,200,21,118,0.17929401305445097,0.0,0.17929401305445097,0.17929401305445097,0.2517794620347184,0.00021867375004258697,0.2513508614846349,0.2522080625848019,0.20486360143972926,0.00019175179080402845,0.20448776792975337,0.20523943494970515
5,exponential,exponential_alpha_0.02,42005,22,200,22,116,0.17523385962984533,1.967540588810701e-18,0.17523385962984533,0.17523385962984533,0.24956925487611906,0.00022523669029447395,0.2491277909631419,0.2500107187890962,0.20323365398443338,0.000198000956796533,0.20284557210911217,0.2036217358597546
5,exponential,exponential_alpha_0.02,42005,23,200,23,114,0.17131657574467568,0.0,0.17131657574467568,0.17131657574467568,0.24745254552866153,0.00022480566028114932,0.24701192643451048,0.24789316462281258,0.2016776954259203,0.0001977084638573041,0.20129018683675998,0.2020652040150806
5,exponential,exponential_alpha_0.02,42005,24,200,24,112,0.16753842734770358,1.967540588810701e-18,0.16753842734770358,0.16753842734770358,0.24536577053290431,0.00022916641817651855,0.24491660435327833,0.2458149367125303,0.20013576064469887,0.00020173589305615705,0.1997403582943088,0.20053116299508894
5,exponential,exponential_alpha_0.02,42005,25,200,25,110,0.16389586345999924,1.967540588810701e-18,0.16389586345999924,0.16389586345999924,0.24332533398098227,0.00022836355346786454,0.24287774141618526,0.24377292654577928,0.19862395747604356,0.00020119499762891632,0.19822961528069089,0.19901829967139623
5,exponential,exponential_alpha_0.02,42005,26,200,26,108,0.16038551496928105,1.967540588810701e-18,0.16038551496928105,0.16038551496928105,0.24144639731371448,0.00022868360927699103,0.24099817743953159,0.24189461718789737,0.1972499777807971,0.00020123283593226747,0.19685556142236985,0.19764439413922433
5,exponential,exponential_alpha_0.02,42005,27,200,27,106,0.1570041940131366,1.967540588810701e-18,0.1570041940131366,0.1570041940131366,0.2394202048957795,0.00023169090985911933,0.23896609071245564,0.23987431907910337,0.19573600170853134,0.00020379422892726056,0.1953365650198339,0.19613543839722877
5,exponential,exponential_alpha_0.02,42005,28,200,28,104,0.15374889400140773,1.967540588810701e-18,0.15374889400140773,0.15374889400140773,0.23749752122259005,0.00023320689157765487,0.23704043571509784,0.23795460673008226,0.19430319288348877,0.00020541922940755318,0.19390057119384996,0.19470581457312758
5,exponential,exponential_alpha_0.02,42005,29,200,29,102,0.1506167903370705,0.0,0.1506167903370705,0.1506167903370705,0.23559914269960586,0.00023335489639866655,0.23514176710266446,0.23605651829654725,0.19288944667378577,0.00020564109416024726,0.1924863901292317,0.19329250321833985
5,exponential,exponential_alpha_0.02,42005,30,200,30,100,0.14760524190556784,1.967540588810701e-18,0.14760524190556784,0.14760524190556784,0.2339038559494952,0.0002318834100213861,0.2334493644658533,0.2343583474331371,0.1916481253120053,0.0002048390512528706,0.19124664077154968,0.19204960985246095
5,exponential,exponential_alpha_0.02,42005,31,200,31,98,0.14471179341508858,1.967540588810701e-18,0.14471179341508858,0.14471179341508858,0.23231591647561786,0.00023369104078781126,0.23185788203567376,0.23277395091556197,0.19049043288152176,0.00020639509666286104,0.19008589849206256,0.19089496727098096
5,exponential,exponential_alpha_0.02,42005,32,200,32,96,0.14193417868512806,1.967540588810701e-18,0.14193417868512806,0.14193417868512806,0.23068124001507853,0.00023728461255094477,0.23021616217447868,0.23114631785567838,0.18928258619511049,0.00020952617082621185,0.18887191490029112,0.18969325748992985
5,exponential,exponential_alpha_0.02,42005,33,200,33,94,0.13927032499830425,1.967540588810701e-18,0.13927032499830425,0.13927032499830425,0.22921693579251812,0.0002450050368011735,0.22873672592038782,0.2296971456646484,0.18821753438769862,0.0002164274591501932,0.18779333656776423,0.188641732207633
5,exponential,exponential_alpha_0.02,42005,34,200,34,92,0.1367183586514509,0.0,0.1367183586514509,0.1367183586514509,0.22773526435560001,0.00024402623740191776,0.22725697293029226,0.22821355578090777,0.1871298013121364,0.00021543201220685612,0.18670755456821098,0.18755204805606185
5,exponential,exponential_alpha_0.02,42005,35,200,35,90,0.1342766118672252,1.967540588810701e-18,0.1342766118672252,0.1342766118672252,0.22649023688279832,0.00025208232832760836,0.2259961555192762,0.22698431824632043,0.18623922124545372,0.000222885273926693,0.1858023661085574,0.18667607638235004
5,exponential,exponential_alpha_0.02,42005,36,200,36,88,0.13194363125779573,1.967540588810701e-18,0.13194363125779573,0.13194363125779573,0.22520111023691405,0.0002510642105983051,0.22470902438414136,0.22569319608968674,0.18530741250219035,0.0002223013492542824,0.18487170185765195,0.18574312314672875
5,exponential,exponential_alpha_0.02,42005,37,200,37,86,0.12971818806881866,1.967540588810701e-18,0.12971818806881866,0.12971818806881866,0.2240871945520449,0.0002562580208128644,0.2235849288312517,0.2245894602728381,0.18451881508966356,0.00022683232192294303,0.1840742237386946,0.18496340644063253
5,exponential,exponential_alpha_0.02,42005,38,200,38,84,0.1275992904763568,1.967540588810701e-18,0.1275992904763568,0.1275992904763568,0.22295232790300978,0.00026095049571483986,0.2224408649314087,0.22346379087461088,0.18370020233376816,0.00023125457957439146,0.18324694335780234,0.18415346130973398
5,exponential,exponential_alpha_0.02,42005,39,200,39,82,0.1255861982635664,1.967540588810701e-18,0.1255861982635664,0.1255861982635664,0.22191997083199727,0.00025653003692977585,0.2214171719596149,0.22242276970437963,0.18296590401806298,0.00022753748011281679,0.18251993055704185,0.1834118774790841
5,exponential,exponential_alpha_0.02,42005,40,200,40,80,0.12367844027028913,9.837702944053505e-19,0.12367844027028913,0.12367844027028913,0.22100010792708194,0.00026168863930927034,0.22048719819403578,0.2215130176601281,0.18232322708474494,0.00023244443124101192,0.18186763599951256,0.18277881816997732
5,exponential,exponential_alpha_0.02,42005,41,200,41,78,0.1218758350902737,0.0,0.1218758350902737,0.1218758350902737,0.2202050524260843,0.0002611072939478078,0.2196932821299466,0.22071682272222198,0.1817825083624486,0.00023202317892902298,0.18132774293174772,0.1822372737931495
5,exponential,exponential_alpha_0.02,42005,42,200,42,76,0.1201785155916122,9.837702944053505e-19,0.1201785155916122,0.1201785155916122,0.21961719268021013,0.00026777799188062843,0.2190923478161241,0.22014203754429615,0.18141470327196643,0.00023783161697229572,0.18094855330270074,0.18188085324123213
5,exponential,exponential_alpha_0.02,42005,43,200,43,74,0.11858695796134516,9.837702944053505e-19,0.11858695796134516,0.11858695796134516,0.21914249618183185,0.0002759174610709694,0.21860169795813275,0.21968329440553094,0.18113368143892358,0.00024515001785496585,0.18065318740392786,0.1816141754739193
5,exponential,exponential_alpha_0.02,42005,44,200,44,72,0.1171020161318533,1.967540588810701e-18,0.1171020161318533,0.1171020161318533,0.21873016022273162,0.0002723360433174377,0.21819638157782945,0.2192639388676338,0.18089967195870518,0.00024186435460844753,0.1804256178236726,0.18137372609373775
5,exponential,exponential_alpha_0.02,42005,45,200,45,70,0.11572496264357522,0.0,0.11572496264357522,0.11572496264357522,0.21852925385112829,0.00027789712340570984,0.2179845754892531,0.21907393221300347,0.1808447497156009,0.0002468347894920486,0.1803609535281965,0.18132854590300532
5,exponential,exponential_alpha_0.02,42005,46,200,46,68,0.11445753724759446,1.967540588810701e-18,0.11445753724759446,0.11445753724759446,0.2183538199525273,0.0002778872794587294,0.2178091608847882,0.21889847902026643,0.18079861464886463,0.0002467299845465025,0.1803150238791535,0.18128220541857576
5,exponential,exponential_alpha_0.02,42005,47,200,47,66,0.11330200486852514,1.967540588810701e-18,0.11330200486852514,0.11330200486852514,0.21834183679265087,0.0002849917798372716,0.21778325290416983,0.2189004206811319,0.18089031086512822,0.000252870492684906,0.1803946846994658,0.18138593703079064
5,exponential,exponential_alpha_0.02,42005,48,200,48,64,0.11226122495409306,9.837702944053505e-19,0.11226122495409306,0.11226122495409306,0.21857340904408573,0.0002922740367573939,0.21800055193204124,0.21914626615613023,0.1811882235069345,0.0002594089999168152,0.18067978186709754,0.18169666514677146
5,exponential,exponential_alpha_0.02,42005,49,200,49,62,0.11133873476161078,1.967540588810701e-18,0.11133873476161078,0.11133873476161078,0.2188603422718901,0.00029365712772700867,0.21828477430154516,0.21943591024223505,0.18151847070923693,0.0002607996621015638,0.18100730337151788,0.182029638046956
5,exponential,exponential_alpha_0.02,42005,50,200,50,60,0.11053884981244401,9.837702944053505e-19,0.11053884981244401,0.11053884981244401,0.21937516726909678,0.00029562555952288846,0.21879574117243192,0.21995459336576165,0.1820393556651041,0.0002627638643847508,0.18152433849091,0.1825543728392982
5,exponential,exponential_alpha_0.02,42005,51,200,51,58,0.10986678563775498,0.0,0.10986678563775498,0.10986678563775498,0.22000719500545002,0.0002964124386256938,0.21942622662574365,0.22058816338515638,0.182654185695677,0.00026409273458484494,0.18213656393589073,0.1831718074554633
5,exponential,exponential_alpha_0.02,42005,52,200,52,56,0.10932880611772544,0.0,0.10932880611772544,0.10932880611772544,0.2210363373894241,0.0003012140708745302,0.22044595781051002,0.2216267169683382,0.18361051791010816,0.0002685514599722622,0.1830841570485625,0.1841368787716538
5,exponential,exponential_alpha_0.02,42005,53,200,53,54,0.10893240528832802,2.951310883216051e-18,0.10893240528832802,0.10893240528832802,0.22229669206346692,0.0003148090511975187,0.22167966632311978,0.22291371780381405,0.18475103586316682,0.00028077846931256253,0.1842007100633142,0.18530136166301944
5,exponential,exponential_alpha_0.02,42005,54,200,54,52,0.10868653160564586,1.967540588810701e-18,0.10868653160564586,0.10868653160564586,0.22393321659397017,0.000327235806662363,0.22329183441291195,0.2245745987750284,0.18620730184992115,0.0002921848392874645,0.18563461956491772,0.18677998413492458
5,exponential,exponential_alpha_0.02,42005,55,200,55,50,0.10860186653537836,9.837702944053505e-19,0.10860186653537836,0.10860186653537836,0.2258632136440967,0.0003154132290938664,0.22524500371507272,0.22648142357312068,0.18791127861832024,0.000282103648006049,0.18735835546822838,0.1884642017684121
5,exponential,exponential_alpha_0.02,42005,56,200,56,48,0.10869117329188359,9.837702944053505e-19,0.10869117329188359,0.10869117329188359,0.22807169927123497,0.00032306118692987493,0.2274384993448524,0.22870489919761752,0.1898423620087256,0.00028897287103739886,0.18927597518149228,0.1904087488359589
5,exponential,exponential_alpha_0.02,42005,57,200,57,46,0.10896973705607255,9.837702944053505e-19,0.10896973705607255,0.10896973705607255,0.23077685804526799,0.00033884691673246366,0.23011271808847236,0.2314409980020636,0.19219563629617753,0.0003032079897569823,0.19160134863625383,0.19278992395610123
5,exponential,exponential_alpha_0.02,42005,58,200,58,44,0.10945592575842308,1.967540588810701e-18,0.10945592575842308,0.10945592575842308,0.23392932828882876,0.0003379490619174519,0.23326694812747056,0.23459170845018695,0.19491761808274802,0.0003020788427729069,0.1943255435509131,0.19550969261458293
5,exponential,exponential_alpha_0.02,42005,59,200,59,42,0.11017191159471451,0.0,0.11017191159471451,0.11017191159471451,0.2374936644523085,0.0003445096872449753,0.23681842546530835,0.23816890343930863,0.197983205298681,0.0003086191003143384,0.1973783118620649,0.1985880987352971
5,exponential,exponential_alpha_0.02,42005,60,200,60,40,0.11114460950997966,2.951310883216051e-18,0.11114460950997966,0.11114460950997966,0.24166825048390803,0.00034441814574191033,0.24099319091825389,0.24234331004956217,0.20155654201287226,0.0003079187396607636,0.20095302128313716,0.20216006274260737
5,exponential,exponential_alpha_0.02,42005,61,200,61,38,0.11240691256513745,1.967540588810701e-18,0.11240691256513745,0.11240691256513745,0.24645557718980654,0.0003449572278482225,0.245779461023224,0.24713169335638907,0.2056416378269388,0.00030836316584705167,0.2050372460218786,0.20624602963199903
5,exponential,exponential_alpha_0.02,42005,62,200,62,36,0.11399933961918968,2.951310883216051e-18,0.11399933961918968,0.11399933961918968,0.2521267064135682,0.0003608405300315959,0.2514194589747063,0.2528339538524301,0.21047707251995604,0.0003224655619854321,0.2098450400184646,0.21110910502144747
5,exponential,exponential_alpha_0.02,42005,63,200,63,34,0.11597226508211074,9.837702944053505e-19,0.11597226508211074,0.11597226508211074,0.25864664947711996,0.0003796457726249177,0.2579025437627751,0.2593907551914648,0.21602184678311068,0.00033899446275827805,0.21535741763610444,0.2166862759301169
5,exponential,exponential_alpha_0.02,42005,64,200,64,32,0.11838898537203642,9.837702944053505e-19,0.11838898537203642,0.11838898537203642,0.2661836630569254,0.0003840370854545897,0.2654309503694344,0.2669363757444164,0.22241334091332277,0.0003428686581603684,0.22174131834332844,0.2230853634833171
5,exponential,exponential_alpha_0.02,42005,65,200,65,30,0.12133001251588331,1.967540588810701e-18,0.12133001251588331,0.12133001251588331,0.2748204221054097,0.000395812418552726,0.27404462976504634,0.27559621444577304,0.2297192416759404,0.00035350839915935384,0.22902636521358807,0.23041211813829274
5,exponential,exponential_alpha_0.02,42005,66,200,66,28,0.12489920844156163,9.837702944053505e-19,0.12489920844156163,0.12489920844156163,0.28497480445607815,0.0004121454726648105,0.2841669993296551,0.2857826095825012,0.23829768059674947,0.0003683427560273071,0.23757572879493594,0.239019632398563
5,exponential,exponential_alpha_0.02,42005,67,200,67,26,0.12923275107904497,1.967540588810701e-18,0.12923275107904497,0.12923275107904497,0.29703110128310733,0.00044602129564836636,0.29615689954363655,0.2979053030225781,0.248473321077768,0.0003985315523661859,0.24769219923513028,0.24925444292040574
5,exponential,exponential_alpha_0.02,42005,68,200,68,24,0.13451258413343184,0.0,0.13451258413343184,0.13451258413343184,0.31164552572484877,0.0004739244497357488,0.3107166338033667,0.3125744176463308,0.260819796754098,0.00042441422353382054,0.2599879448759717,0.2616516486322243
5,exponential,exponential_alpha_0.02,42005,69,200,69,22,0.14098720374923104,0.0,0.14098720374923104,0.14098720374923104,0.3289827959561101,0.000506529550038733,0.32798999803803414,0.329975593874186,0.2754326534114347,0.0004538517170519332,0.2745431040460129,0.2763222027768565
5,exponential,exponential_alpha_0.02,42005,70,200,70,20,0.14900491786163236,1.967540588810701e-18,0.14900491786163236,0.14900491786163236,0.34997666188370447,0.0005473377594042756,0.3489038798752721,0.3510494438921368,0.2930996790845156,0.0004912272823847557,0.2921368736110415,0.2940624845579897
5,exponential,exponential_alpha_0.02,42005,71,200,71,18,0.1590692791835359,1.967540588810701e-18,0.1590692791835359,0.1590692791835359,0.3762343108809055,0.0005900634152504854,0.3750777865870145,0.37739083517479644,0.31520840750745566,0.0005305953009271593,0.31416844071763844,0.31624837429727287
5,exponential,exponential_alpha_0.02,42005,72,200,72,16,0.17193609372721114,1.967540588810701e-18,0.17193609372721114,0.17193609372721114,0.4092901783788266,0.0006273258354760873,0.40806061974129343,0.41051973701635974,0.3430143810021315,0.0005640187955711214,0.3419089041628121,0.3441198578414509
5,exponential,exponential_alpha_0.02,42005,73,200,73,14,0.188793580359619,0.0,0.188793580359619,0.188793580359619,0.4528762769458361,0.0007040405783464922,0.45149635741227695,0.45425619647939525,0.3797120804346688,0.0006341220135677494,0.37846920128807604,0.3809549595812616
5,exponential,exponential_alpha_0.02,42005,74,200,74,12,0.21162269089076788,3.935081177621402e-18,0.21162269089076788,0.21162269089076788,0.510456753646049,0.0007879373547506303,0.5089123964307378,0.5120011108613602,0.42809916800081915,0.0007099748329894035,0.4267076173281599,0.4294907186734784
5,exponential,exponential_alpha_0.02,42005,75,200,75,10,0.2439898153953486,1.967540588810701e-18,0.2439898153953486,0.2439898153953486,0.5925068014525747,0.000913167472792832,0.5907169932059008,0.5942966096992487,0.4970909738910382,0.0008223934485751412,0.4954790827318309,0.49870286505024547
5,exponential,exponential_alpha_0.02,42005,76,200,76,8,0.29302854687063623,3.935081177621402e-18,0.29302854687063623,0.29302854687063623,0.7159556773061232,0.0010955935135472342,0.7138083140195706,0.7181030405926758,0.600862534702128,0.000986915049727532,0.5989281812046621,0.602796888199594
6,exponential,exponential_alpha_0.08,42006,0,200,0,160,0.07204159559887177,9.837702944053505e-19,0.07204159559887177,0.07204159559887177,0.07204159559887176,9.837702944053505e-19,0.07204159559887176,0.07204159559887176,0.06814878737856668,9.837702944053505e-19,0.06814878737856668,0.06814878737856668
6,exponential,exponential_alpha_0.08,42006,1,200,1,158,0.06216688429042441,4.918851472026753e-19,0.06216688429042441,0.06216688429042441,0.06677863211173234,9.263887342676394e-05,0.06659705991981588,0.0669602043036488,0.0632314746809068,8.919310566240736e-05,0.06305665619380849,0.06340629316800511
6,exponential,exponential_alpha_0.08,42006,2,200,2,156,0.053654292588074845,0.0,0.053654292588074845,0.053654292588074845,0.06177221962296344,0.00011723434519171046,0.06154244030638769,0.06200199893953919,0.05854507792977753,0.00011288814818684114,0.05832381715933132,0.058766338700223734
6,exponential,exponential_alpha_0.08,42006,3,200,3,154,0.04631495363719086,4.918851472026753e-19,0.04631495363719086,0.04631495363719086,0.056918151603418864,0.00014048885185702942,0.05664279345377909,0.05719350975305864,0.05399064512628069,0.00013532033147500177,0.053725417276589686,0.054255872975971696
6,exponential,exponential_alpha_0.08,42006,4,200,4,152,0.039986302710798005,0.0,0.039986302710798005,0.039986302710798005,0.05225360002904953,0.00015369748099956912,0.051952352966290374,0.05255484709180869,0.04960614038734258,0.000148247121842865,0.04931557602853057,0.049896704746154596
6,exponential,exponential_alpha_0.08,42006,5,200,5,150,0.03452840055871237,9.837702944053505e-19,0.03452840055871237,0.03452840055871237,0.04801101821587643,0.0001643730161998026,0.04768884710412482,0.04833318932762804,0.04561583723304397,0.00015869233623509878,0.04530480025402318,0.04592687421206477
6,exponential,exponential_alpha_0.08,42006,6,200,6,148,0.029820772377409658,0.0,0.029820772377409658,0.029820772377409658,0.0440212582120654,0.0001716246047690856,0.04368487398671799,0.04435764243741281,0.04185783025908979,0.00016581912358752245,0.04153282477685825,0.04218283574132133
6,exponential,exponential_alpha_0.08,42006,7,200,7,146,0.025759689880894183,0.0,0.025759689880894183,0.025759689880894183,0.040263393156848085,0.00015660169657518425,0.039956453831560726,0.04057033248213544,0.03831282468824898,0.00015149979720862603,0.038015885085720076,0.038609764290777886
6,exponential,exponential_alpha_0.08,42006,8,200,8,144,0.02225583417850113,2.4594257360133763e-19,0.02225583417850113,0.02225583417850113,0.03670041866290546,0.0001516669967572048,0.03640315134926134,0.03699768597654958,0.034947962649691314,0.00014680673830834632,0.034660221442606956,0.03523570385677567
6,exponential,exponential_alpha_0.08,42006,9,200,9,142,0.01923228594605577,2.4594257360133763e-19,0.01923228594605577,0.01923228594605577,0.03326985360018227,0.0001371912161685293,0.03300095881649195,0.03353874838387259,0.03170012031039193,0.00013296918415089265,0.03143950070945618,0.03196073991132768
6,exponential,exponential_alpha_0.08,42006,10,200,10,140,0.016622796916790056,0.0,0.016622796916790056,0.016622796916790056,0.030193946844924616,0.0001340366248792063,0.029931235060161373,0.03045665862968786,0.02878807369600275,0.00012996731104567458,0.028533337766353226,0.029042809625652272
6,exponential,exponential_alpha_0.08,42006,11,200,11,138,0.014370303193510924,2.4594257360133763e-19,0.014370303193510924,0.014370303193510924,0.02731908509618131,0.0001306584338165408,0.02706299456590089,0.02757517562646173,0.02606253939135624,0.00012670579063942807,0.02581419604170296,0.026310882741009522
6,exponential,exponential_alpha_0.08,42006,12,200,12,136,0.012425646444439753,1.2297128680066881e-19,0.012425646444439753,0.012425646444439753,0.024634023994158642,0.00012510922785928386,0.024388809907554446,0.02487923808076284,0.023513987421445625,0.00012140472222447186,0.02327603416588566,0.02375194067700559
6,exponential,exponential_alpha_0.08,42006,13,200,13,134,0.010746473821243593,0.0,0.010746473821243593,0.010746473821243593,0.02224910540358478,0.00011766484871616265,0.0220184823001011,0.022479728507068458,0.021249074720747316,0.00011420279789905794,0.02102523723686516,0.02147291220462947
6,exponential,exponential_alpha_0.08,42006,14,200,14,132,0.009296291540061634,1.2297128680066881e-19,0.009296291540061634,0.009296291540061634,0.02010834408600945,0.00011158305796073344,0.01988964129240641,0.02032704687961249,0.019215428750601712,0.00010835254594735642,0.019003057760544895,0.01942779974065853
6,exponential,exponential_alpha_0.08,42006,15,200,15,130,0.00804365059007162,1.2297128680066881e-19,0.00804365059007162,0.00804365059007162,0.018077317689791924,0.00010390136379717238,0.017873671016749467,0.01828096436283438,0.01728244846364996,0.00010087402590099307,0.017084735372884016,0.017480161554415907
6,exponential,exponential_alpha_0.08,42006,16,200,16,128,0.0069614460611149296,1.2297128680066881e-19,0.0069614460611149296,0.0069614460611149296,0.016201340387560107,0.00010001508924806404,0.016005310812633903,0.01639736996248631,0.015495626459609753,9.712993017056375e-05,0.015305251796475449,0.01568600112274406
6,exponential,exponential_alpha_0.08,42006,17,200,17,126,0.006026314182300834,1.2297128680066881e-19,0.006026314182300834,0.006026314182300834,0.014531839909170561,9.502764833737604e-05,0.014345585718429305,0.014718094099911818,0.013905277423991223,9.23153362888254e-05,0.013724339364865125,0.014086215483117321
6,exponential,exponential_alpha_0.08,42006,18,200,18,124,0.005218113397593855,1.2297128680066881e-19,0.005218113397593855,0.005218113397593855,0.012980008981259318,9.234013757105896e-05,0.012799022311620042,0.013160995650898594,0.012424921200395102,8.974552344259315e-05,0.01224901997444762,0.012600822426342584
6,exponential,exponential_alpha_0.08,42006,19,200,19,122,0.004519477723879026,0.0,0.004519477723879026,0.004519477723879026,0.011584252726861541,8.476294530671341e-05,0.011418117354060384,0.011750388099662699,0.011092604100427686,8.240899475414752e-05,0.010931082470709556,0.011254125730145816
6,exponential,exponential_alpha_0.08,42006,20,200,20,120,0.00391543228630424,0.0,0.00391543228630424,0.00391543228630424,0.010259643158508594,7.975706074372574e-05,0.010103319319450892,0.010415966997566296,0.009826604525275257,7.757607734918945e-05,0.009674555413670845,0.009978653636879668
6,exponential,exponential_alpha_0.08,42006,21,200,21,118,0.003393062342940947,6.148564340033441e-20,0.003393062342940947,0.003393062342940947,0.00915705135986527,7.139772372965611e-05,0.009017111821355145,0.009296990898375396,0.00877396029217074,6.949299324601106e-05,0.008637754025408558,0.008910166558932921
6,exponential,exponential_alpha_0.08,42006,22,200,22,116,0.0029412283287176518,0.0,0.0029412283287176518,0.0029412283287176518,0.008137354194533219,6.050463098850378e-05,0.008018765117795751,0.008255943271270686,0.007799348436630291,5.888405395348911e-05,0.007683935690881452,0.00791476118237913
6,exponential,exponential_alpha_0.08,42006,23,200,23,114,0.0025503204952701157,3.0742821700167204e-20,0.0025503204952701157,0.0025503204952701157,0.007177681962766362,5.59149354776258e-05,0.007068088689230216,0.007287275236302509,0.006880608849498011,5.440906006577469e-05,0.006773967091769093,0.006987250607226929
6,exponential,exponential_alpha_0.08,42006,24,200,24,112,0.0022120476229519057,3.0742821700167204e-20,0.0022120476229519057,0.0022120476229519057,0.006354805767768559,4.908555237056195e-05,0.006258598085122257,0.00645101345041486,0.0060931322112339915,4.7803485614308724e-05,0.0059994373794299465,0.0061868270430380365
6,exponential,exponential_alpha_0.08,42006,25,200,25,110,0.001919255054483136,4.61142325502508e-20,0.001919255054483136,0.001919255054483136,0.005628340356441267,4.333741251013877e-05,0.005543399027921395,0.005713281684961139,0.005397902936156498,4.219505769758744e-05,0.005315200623069227,0.005480605249243769
6,exponential,exponential_alpha_0.08,42006,26,200,26,108,0.0016657679643812904,0.0,0.0016657679643812904,0.0016657679643812904,0.00497668896217193,3.922894992070099e-05,0.0048998002203273555,0.005053577704016504,0.0047739008648667244,3.819371977304347e-05,0.0046990411741115595,0.004848760555621889
6,exponential,exponential_alpha_0.08,42006,27,200,27,106,0.001446256349700866,1.5371410850083602e-20,0.001446256349700866,0.001446256349700866,0.004374443092475112,3.519035824807508e-05,0.004305469990308885,0.004443416194641339,0.004196924286947229,3.426212221567955e-05,0.004129770527404497,0.004264078046489961
6,exponential,exponential_alpha_0.08,42006,28,200,28,104,0.0012561187188361253,1.5371410850083602e-20,0.0012561187188361253,0.0012561187188361253,0.003835881280809599,3.119853589157906e-05,0.003774732150462104,0.0038970304111570937,0.0036804548790649845,3.0387610558693348e-05,0.0036208951623699455,0.0037400145957600236
6,exponential,exponential_alpha_0.08,42006,29,200,29,102,0.0010913818774890346,1.5371410850083602e-20,0.0010913818774890346,0.0010913818774890346,0.003386193275027727,2.8543298134936038e-05,0.0033302484106832527,0.0034421381393722017,0.003249483090337318,2.7806335122528714e-05,0.0031949826734971615,0.0033039835071774744
6,exponential,exponential_alpha_0.08,42006,30,200,30,100,0.0009486145740584143,7.685705425041801e-21,0.0009486145740584143,0.0009486145740584143,0.002983719165877805,2.4268581262339732e-05,0.0029361527466036192,0.003031285585151991,0.002863609155751541,2.365262398906554e-05,0.0028172500127329725,0.0029099682987701095
6,exponential,exponential_alpha_0.08,42006,31,200,31,98,0.0008248530789864342,2.30571162751254e-20,0.0008248530789864342,0.0008248530789864342,0.0026169779363179905,1.9838855233305448e-05,0.002578093780060712,0.0026558620925752692,0.002511956028589748,1.9329590003902092e-05,0.0024740700321821,0.0025498420249973957
6,exponential,exponential_alpha_0.08,42006,32,200,32,96,0.0007175370411526949,7.685705425041801e-21,0.0007175370411526949,0.0007175370411526949,0.0023100708181633305,1.907952751094237e-05,0.0022726749442418836,0.0023474666920847774,0.002217740237542926,1.8593988918671117e-05,0.0021812960192623305,0.0022541844558235215
6,exponential,exponential_alpha_0.08,42006,33,200,33,94,0.0006244541953751098,7.685705425041801e-21,0.0006244541953751098,0.0006244541953751098,0.0020213991558644213,1.622162517675959e-05,0.0019896047705179726,0.00205319354121087,0.0019406920636554509,1.581071636989521e-05,0.0019097030595704562,0.0019716810677404455
6,exponential,exponential_alpha_0.08,42006,34,200,34,92,0.0005436926937367667,7.685705425041801e-21,0.0005436926937367667,0.0005436926937367667,0.00177419679493105,1.4114785403193878e-05,0.00174653181554079,0.00180186177432131,0.0017034646830605515,1.3746651040909986e-05,0.001676521247020368,0.001730408119100735
6,exponential,exponential_alpha_0.08,42006,35,200,35,90,0.00047360000434240753,3.8428527125209005e-21,0.00047360000434240753,0.00047360000434240753,0.001560930621034799,1.3167311318168669e-05,0.0015351226908511884,0.0015867385512184095,0.0014988322650260966,1.2829230980616903e-05,0.0014736869723040876,0.0015239775577481057
6,exponential,exponential_alpha_0.08,42006,36,200,36,88,0.0004127474681128157,7.685705425041801e-21,0.0004127474681128157,0.0004127474681128157,0.0013760156372267967,1.2583173353025344e-05,0.001351352617454867,0.0014006786569987263,0.001321440264460545,1.2263512403510533e-05,0.0012974037801496642,0.0013454767487714257
6,exponential,exponential_alpha_0.08,42006,37,200,37,86,0.0003598997306979087,0.0,0.0003598997306979087,0.0003598997306979087,0.0012145744535673089,1.0882489543704167e-05,0.0011932447740616488,0.001235904133072969,0.0011666314339070136,1.0608760221151618e-05,0.0011458382638735564,0.0011874246039404708
6,exponential,exponential_alpha_0.08,42006,38,200,38,84,0.00031398837540685487,3.8428527125209005e-21,0.00031398837540685487,0.00031398837540685487,0.0010659145090416216,9.585877865254343e-06,0.0010471261884257232,0.00108470282965752,0.0010239159821253578,9.342432399498802e-06,0.0010056048146223403,0.0010422271496283754
6,exponential,exponential_alpha_0.08,42006,39,200,39,82,0.00027408917668884843,0.0,0.00027408917668884843,0.00027408917668884843,0.0009373050396662437,8.523680511148467e-06,0.0009205986258643928,0.0009540114534680947,0.0009004890496514077,8.308840773722148e-06,0.0008842037217349124,0.0009167743775679031
6,exponential,exponential_alpha_0.08,42006,40,200,40,80,0.00023940247427672133,1.9214263562604502e-21,0.00023940247427672133,0.00023940247427672133,0.0008206644706157677,7.156673145799714e-06,0.0008066373912500003,0.0008346915499815352,0.0007884482769521115,6.977675879889661e-06,0.0007747720322275278,0.0008021245216766952
6,exponential,exponential_alpha_0.08,42006,41,200,41,78,0.00020923623745441156,1.9214263562604502e-21,0.00020923623745441156,0.00020923623745441156,0.0007202212382005441,6.4226427526058244e-06,0.0007076328584054367,0.0007328096179956515,0.0006919827435596331,6.260654871045347e-06,0.0006797118600123842,0.000704253627106882
6,exponential,exponential_alpha_0.08,42006,42,200,42,76,0.0001829914485990529,1.9214263562604502e-21,0.0001829914485990529,0.0001829914485990529,0.0006339699672234869,5.744402397489441e-06,0.0006227109385244077,0.0006452289959225662,0.0006091814680024483,5.602297932640026e-06,0.0005982009640544738,0.0006201619719504227
6,exponential,exponential_alpha_0.08,42006,43,200,43,74,0.00016014948652943997,0.0,0.00016014948652943997,0.00016014948652943997,0.0005578791296448024,5.248441117298385e-06,0.0005475921850548976,0.0005681660742347073,0.0005360998546174285,5.121706996780333e-06,0.000526061308903739,0.000546138400331118
6,exponential,exponential_alpha_0.08,42006,44,200,44,72,0.0001402612344258622,1.9214263562604502e-21,0.0001402612344258622,0.0001402612344258622,0.0004898055745278164,4.296619755330303e-06,0.00048138419980736907,0.0004982269492482638,0.0004706976190268606,4.190263917619346e-06,0.0004624847017483267,0.0004789105363053945
6,exponential,exponential_alpha_0.08,42006,45,200,45,70,0.0001229376751701245,3.8428527125209005e-21,0.0001229376751701245,0.0001229376751701245,0.00042926014487621925,3.7607583339047125e-06,0.000421889058541766,0.0004366312312106725,0.0004124952190053026,3.6670781039246676e-06,0.0004053077459216102,0.00041968269208899494
6,exponential,exponential_alpha_0.08,42006,46,200,46,68,0.00010784176974752508,1.9214263562604502e-21,0.00010784176974752508,0.00010784176974752508,0.00037637120404207557,3.3573601164533e-06,0.0003697907782138271,0.00038295162987032406,0.0003616608011535596,3.2743619732920196e-06,0.0003552430516859072,0.00036807855062121196
6,exponential,exponential_alpha_0.08,42006,47,200,47,66,9.468144259303771e-05,9.607131781302251e-22,9.468144259303771e-05,9.468144259303771e-05,0.00033126477734564896,2.9098545060698e-06,0.00032556146251375216,0.00033696809217754575,0.00031832959341878704,2.838363825343822e-06,0.00031276640032111314,0.00032389278651646095
6,exponential,exponential_alpha_0.08,42006,48,200,48,64,8.320352208714353e-05,9.607131781302251e-22,8.320352208714353e-05,8.320352208714353e-05,0.0002947123895824269,2.6763778265453496e-06,0.000289466689042398,0.0002999580901224558,0.00028325057981982104,2.6121803698099405e-06,0.00027813070629499354,0.00028837045334464853
6,exponential,exponential_alpha_0.08,42006,49,200,49,62,7.318850535914565e-05,0.0,7.318850535914565e-05,7.318850535914565e-05,0.00026062454105344265,2.3767787149752194e-06,0.0002559660547720912,0.0002652830273347941,0.0002505060256119593,2.318825588273108e-06,0.000245961127458944,0.00025505092376497455
6,exponential,exponential_alpha_0.08,42006,50,200,50,60,6.444603460770009e-05,9.607131781302251e-22,6.444603460770009e-05,6.444603460770009e-05,0.00023048450569244838,2.240942037619173e-06,0.0002260922592987148,0.00023487675208618195,0.0002215475411497282,2.187108119132199e-06,0.00021726080923622907,0.0002258342730632273
6,exponential,exponential_alpha_0.08,42006,51,200,51,58,5.68109877046067e-05,0.0,5.68109877046067e-05,5.68109877046067e-05,0.00020403510764190218,1.9555056880819966e-06,0.00020020231649326147,0.0002078678987905429,0.00019613646925935148,1.9088161445732435e-06,0.0001923951896159879,0.00019987774890271504
6,exponential,exponential_alpha_0.08,42006,52,200,52,56,5.0140099257427694e-05,0.0,5.0140099257427694e-05,5.0140099257427694e-05,0.00018020005088594483,1.6907186108708908e-06,0.00017688624240863788,0.00018351385936325179,0.0001732225359028793,1.650737565356362e-06,0.00016998709027478084,0.0001764579815309778
6,exponential,exponential_alpha_0.08,42006,53,200,53,54,4.4309039870009555e-05,0.0,4.4309039870009555e-05,4.4309039870009555e-05,0.0001595082397186325,1.3885624699572479e-06,0.00015678665727751628,0.0001622298221597487,0.0001533286242240862,1.3551908099113443e-06,0.00015067245023665996,0.00015598479821151245
6,exponential,exponential_alpha_0.08,42006,54,200,54,52,3.9209891317218895e-05,4.803565890651126e-22,3.9209891317218895e-05,3.9209891317218895e-05,0.00014075838485780372,1.313007013744359e-06,0.00013818489111086478,0.00014333187860474266,0.00013529090885666266,1.2814208586553094e-06,0.00013277932397369826,0.00013780249373962706
6,exponential,exponential_alpha_0.08,42006,55,200,55,50,3.4748963966088606e-05,4.803565890651126e-22,3.4748963966088606e-05,3.4748963966088606e-05,0.00012504879356468255,1.181248992122434e-06,0.00012273354554012258,0.00012736404158924253,0.00012019354134110492,1.1526179118796059e-06,0.0001179344102338209,0.00012245267244838896
6,exponential,exponential_alpha_0.08,42006,56,200,56,48,3.08449102257428e-05,4.803565890651126e-22,3.08449102257428e-05,3.08449102257428e-05,0.00011199786296519445,1.0704470027006138e-06,0.00010989978683990124,0.00011409593909048766,0.00010766454592604472,1.0447871104897781e-06,0.00010561676318948475,0.00010971232866260468
6,exponential,exponential_alpha_0.08,42006,57,200,57,46,2.7427094264438727e-05,2.401782945325563e-22,2.7427094264438727e-05,2.7427094264438727e-05,0.00010037290404267084,9.401612028022039e-07,9.853018808517852e-05,0.00010221562000016316,9.650226520051077e-05,9.17995306792374e-07,9.470299439919771e-05,9.830153600182382e-05
6,exponential,exponential_alpha_0.08,42006,58,200,58,44,2.443418384623373e-05,2.401782945325563e-22,2.443418384623373e-05,2.443418384623373e-05,9.029720558565456e-05,8.544381090842928e-07,8.862250689184934e-05,9.197190427945977e-05,8.682521053975396e-05,8.343615120550284e-07,8.518986197612611e-05,8.846055910338181e-05
6,exponential,exponential_alpha_0.08,42006,59,200,59,42,2.1812935050789774e-05,2.401782945325563e-22,2.1812935050789774e-05,2.1812935050789774e-05,8.063012694620376e-05,7.296115794685622e-07,7.920008825044538e-05,8.206016564196214e-05,7.753096674624371e-05,7.127750328206071e-07,7.613392768191532e-05,7.89280058105721e-05
6,exponential,exponential_alpha_0.08,42006,60,200,60,40,1.951714497878656e-05,2.401782945325563e-22,1.951714497878656e-05,1.951714497878656e-05,7.160747764866905e-05,5.949354190793767e-07,7.044140422727348e-05,7.277355107006462e-05,6.884125025116591e-05,5.807776233789977e-07,6.770292610934307e-05,6.997957439298875e-05
6,exponential,exponential_alpha_0.08,42006,61,200,61,38,1.7506751444237948e-05,0.0,1.7506751444237948e-05,1.7506751444237948e-05,6.402135116807632e-05,5.39875020297864e-07,6.296319612829251e-05,6.507950620786014e-05,6.15431982232735e-05,5.268552312055831e-07,6.0510561970110564e-05,6.257583447643645e-05
6,exponential,exponential_alpha_0.08,42006,62,200,62,36,1.5747062258637204e-05,2.401782945325563e-22,1.5747062258637204e-05,1.5747062258637204e-05,5.737973651775209e-05,5.086709599887978e-07,5.638274143617404e-05,5.837673159933013e-05,5.51544436870456e-05,4.964067406777485e-07,5.418148647531721e-05,5.612740089877399e-05
6,exponential,exponential_alpha_0.08,42006,63,200,63,34,1.420810019805381e-05,2.401782945325563e-22,1.420810019805381e-05,1.420810019805381e-05,5.161273533749308e-05,4.5443902991026487e-07,5.072203483886896e-05,5.25034358361172e-05,4.960841616258921e-05,4.431810719434773e-07,4.8739781261579995e-05,5.047705106359842e-05
6,exponential,exponential_alpha_0.08,42006,64,200,64,32,1.2864053357829974e-05,1.2008914726627814e-22,1.2864053357829974e-05,1.2864053357829974e-05,4.68621414507428e-05,4.1634933979553343e-07,4.6046096744743556e-05,4.7678186156742046e-05,4.5044378689929e-05,4.061037002957683e-07,4.42484154373493e-05,4.5840341942508706e-05
6,exponential,exponential_alpha_0.08,42006,65,200,65,30,1.1692824714458398e-05,1.2008914726627814e-22,1.1692824714458398e-05,1.1692824714458398e-05,4.258570017349505e-05,3.762175017815672e-07,4.184831387000318e-05,4.332308647698692e-05,4.09349672748852e-05,3.668503418723747e-07,4.021594060481534e-05,4.165399394495506e-05
6,exponential,exponential_alpha_0.08,42006,66,200,66,28,1.0675679952746077e-05,0.0,1.0675679952746077e-05,1.0675679952746077e-05,3.892337303029673e-05,3.5378778760003953e-07,3.822994896660065e-05,3.961679709399281e-05,3.741643087145225e-05,3.452166785014223e-07,3.673980618158946e-05,3.809305556131504e-05
6,exponential,exponential_alpha_0.08,42006,67,200,67,26,9.797000085087024e-06,1.2008914726627814e-22,9.797000085087024e-06,9.797000085087024e-06,3.5772205955796596e-05,3.2793117905811566e-07,3.512946084484269e-05,3.64149510667505e-05,3.438662707698039e-05,3.1993691983350036e-07,3.375955071410673e-05,3.5013703439854047e-05
6,exponential,exponential_alpha_0.08,42006,68,200,68,24,9.04415717075905e-06,0.0,9.04415717075905e-06,9.04415717075905e-06,3.31331253511961e-05,3.0339504478897916e-07,3.25384710634097e-05,3.37277796389825e-05,3.185255669681621e-05,2.962350142905087e-07,3.127193606880681e-05,3.2433177324825606e-05
6,exponential,exponential_alpha_0.08,42006,69,200,69,22,8.407551664905326e-06,1.2008914726627814e-22,8.407551664905326e-06,8.407551664905326e-06,3.085205111756311e-05,2.724863905868428e-07,3.03179777920129e-05,3.1386124443113326e-05,2.966098698088706e-05,2.660253875365706e-07,2.9139577221315382e-05,3.018239674045874e-05
6,exponential,exponential_alpha_0.08,42006,70,200,70,20,7.880887224827761e-06,1.2008914726627814e-22,7.880887224827761e-06,7.880887224827761e-06,2.869677281559557e-05,2.514162971895249e-07,2.82039968731041e-05,2.9189548758087038e-05,2.7585230884354513e-05,2.4534459751772565e-07,2.7104355473219772e-05,2.8066106295489255e-05
6,exponential,exponential_alpha_0.08,42006,71,200,71,18,7.461832333533491e-06,1.8013372089941719e-22,7.461832333533491e-06,7.461832333533491e-06,2.6907952190398593e-05,2.3037122603178874e-07,2.6456424587376287e-05,2.73594797934209e-05,2.5862299839579856e-05,2.2474010429015896e-07,2.5421809235171145e-05,2.6302790443988566e-05
6,exponential,exponential_alpha_0.08,42006,72,200,72,16,7.153373336993788e-06,6.004457363313907e-23,7.153373336993788e-06,7.153373336993788e-06,2.5784027280086887e-05,2.2350146650903867e-07,2.534596440572917e-05,2.6222090154444603e-05,2.478093122236461e-05,2.1783646729032421e-07,2.4353971746475576e-05,2.5207890698253645e-05
6,exponential,exponential_alpha_0.08,42006,73,200,73,14,6.9665173248865825e-06,1.2008914726627814e-22,6.9665173248865825e-06,6.9665173248865825e-06,2.513192946632754e-05,2.2871241206728287e-07,2.4683653138675665e-05,2.5580205793979415e-05,2.4154572488370728e-05,2.2302676241621488e-07,2.3717440034034946e-05,2.459170494270651e-05
6,exponential,exponential_alpha_0.08,42006,74,200,74,12,6.92588688064887e-06,1.2008914726627814e-22,6.92588688064887e-06,6.92588688064887e-06,2.5146692868368944e-05,2.3257106421289648e-07,2.4690853582511665e-05,2.5602532154226223e-05,2.417152780367122e-05,2.2689393227114135e-07,2.3726815696419785e-05,2.4616239910922657e-05
6,exponential,exponential_alpha_0.08,42006,75,200,75,10,7.082221786113006e-06,6.004457363313907e-23,7.082221786113006e-06,7.082221786113006e-06,2.5989796424654268e-05,2.5243392941311936e-07,2.5495025923004553e-05,2.6484566926303983e-05,2.4987270305312435e-05,2.463855267114713e-07,2.4504354672957952e-05,2.5470185937666917e-05
6,exponential,exponential_alpha_0.08,42006,76,200,76,8,7.543839133896731e-06,0.0,7.543839133896731e-06,7.543839133896731e-06,2.7702714225971148e-05,2.7406606927230775e-07,2.7165544730197424e-05,2.8239883721744872e-05,2.663555918710277e-05,2.6769537288977374e-07,2.6110876256238812e-05,2.7160242117966725e-05
7,exponential,exponential_alpha_0.10,42007,0,200,0,160,0.05645819457658741,9.837702944053505e-19,0.05645819457658741,0.05645819457658741,0.05645819457658741,4.918851472026753e-19,0.05645819457658741,0.05645819457658741,0.05397969176220419,4.918851472026753e-19,0.05397969176220419,0.05397969176220419
7,exponential,exponential_alpha_0.10,42007,1,200,1,158,0.046809174848721685,4.918851472026753e-19,0.046809174848721685,0.046809174848721685,0.051419718946819654,9.126951403741728e-05,0.051240830699306315,0.05159860719433299,0.04921199938798331,8.834127352868638e-05,0.049038850491867084,0.04938514828409954
7,exponential,exponential_alpha_0.10,42007,2,200,2,156,0.0388154457309407,9.837702944053505e-19,0.0388154457309407,0.0388154457309407,0.046444527360952115,0.00011832395254792117,0.04621261241395819,0.04667644230794604,0.04449187651193626,0.00011480126989424152,0.044266866022943545,0.04471688700092897
7,exponential,exponential_alpha_0.10,42007,3,200,3,154,0.03219211858336814,4.918851472026753e-19,0.03219211858336814,0.03219211858336814,0.04167143945835301,0.00014149092237199145,0.04139411725050391,0.041948761666202115,0.03995222969710793,0.00013745113570296947,0.03968282547113011,0.04022163392308575
7,exponential,exponential_alpha_0.10,42007,4,200,4,152,0.026703475878975327,4.918851472026753e-19,0.026703475878975327,0.026703475878975327,0.03737162135902735,0.00015548968719848467,0.03706686157211832,0.03767638114593638,0.035858535870575095,0.00015113734261873845,0.035562306679042366,0.036154765062107824
7,exponential,exponential_alpha_0.10,42007,5,200,5,150,0.022154463008409113,4.918851472026753e-19,0.022154463008409113,0.022154463008409113,0.03337450586394032,0.00015072895353274136,0.03307907711501615,0.033669934612864494,0.03204732090292011,0.0001465499004004227,0.03176008309813528,0.03233455870770494
7,exponential,exponential_alpha_0.10,42007,6,200,6,148,0.01838365559079028,2.4594257360133763e-19,0.01838365559079028,0.01838365559079028,0.029685879076608534,0.00014714832207442095,0.02939746836534267,0.0299742897878744,0.028525145457540414,0.00014321779488380538,0.028244438579568154,0.028805852335512673
7,exponential,exponential_alpha_0.10,42007,7,200,7,146,0.015257445887354448,0.0,0.015257445887354448,0.015257445887354448,0.026271256496936842,0.000140054937682054,0.025996748819080016,0.02654576417479367,0.025259223685079234,0.0001364787751702693,0.024991725285745506,0.02552672208441296
7,exponential,exponential_alpha_0.10,42007,8,200,8,144,0.012665236552530823,0.0,0.012665236552530823,0.012665236552530823,0.023138455857980765,0.00012322769119490652,0.02289692958323875,0.02337998213272278,0.022260349521475296,0.00012013262956325973,0.022024889567531306,0.022495809475419286
7,exponential,exponential_alpha_0.10,42007,9,200,9,142,0.010515466810713137,0.0,0.010515466810713137,0.010515466810713137,0.02024572922928105,0.00012249291274984855,0.020005643120291346,0.020485815338270753,0.019486764249993186,0.0001194430869988269,0.019252655799475486,0.019720872700510886
7,exponential,exponential_alpha_0.10,42007,10,200,10,140,0.008732326576057426,1.2297128680066881e-19,0.008732326576057426,0.008732326576057426,0.017744963876490508,0.00011389993327404325,0.017521720007273384,0.01796820774570763,0.017088511089987313,0.00011102327314280508,0.016870905474627416,0.01730611670534721
7,exponential,exponential_alpha_0.10,42007,11,200,11,138,0.007253039158865017,6.148564340033441e-20,0.007253039158865017,0.007253039158865017,0.01558967682395164,0.00011036965023519068,0.015373352309490666,0.015806001338412614,0.015020799804226024,0.00010766737688887517,0.014809771745523828,0.01523182786292822
7,exponential,exponential_alpha_0.10,42007,12,200,12,136,0.006025613951062847,0.0,0.006025613951062847,0.006025613951062847,0.013636546076988089,9.935119719712281e-05,0.013441817730481729,0.013831274423494449,0.01314560491766144,9.690980813436133e-05,0.012955661693718092,0.013335548141604788
7,exponential,exponential_alpha_0.10,42007,13,200,13,134,0.005006987618775221,6.148564340033441e-20,0.005006987618775221,0.005006987618775221,0.011866891462770953,9.36093191708795e-05,0.011683417197196028,0.012050365728345877,0.011444952807408195,9.137474037962696e-05,0.011265858316264126,0.011624047298552265
7,exponential,exponential_alpha_0.10,42007,14,200,14,132,0.004161486482313966,6.148564340033441e-20,0.004161486482313966,0.004161486482313966,0.010285549423376679,8.291241199180697e-05,0.010123041095872738,0.01044805775088062,0.009924136798134203,8.093435826649284e-05,0.009765505455931876,0.01008276814033653
7,exponential,exponential_alpha_0.10,42007,15,200,15,130,0.0034595544533055056,0.0,0.0034595544533055056,0.0034595544533055056,0.008902740109047257,7.295607293589094e-05,0.00875974620609291,0.009045734012001603,0.008593112414698496,7.125984143640787e-05,0.008453443125483136,0.008732781703913856
7,exponential,exponential_alpha_0.10,42007,16,200,16,128,0.0028767005544764325,3.0742821700167204e-20,0.0028767005544764325,0.0028767005544764325,0.007710541182496002,6.854067721993783e-05,0.007576201455144924,0.00784488090984708,0.007445553380288263,6.696581768562058e-05,0.007314300377624447,0.00757680638295208
7,exponential,exponential_alpha_0.10,42007,17,200,17,126,0.002392628024224851,3.0742821700167204e-20,0.002392628024224851,0.002392628024224851,0.006620778441387999,6.032512973593372e-05,0.006502541187105569,0.006739015695670429,0.006395213601013758,5.898920289101802e-05,0.006279594763347363,0.006510832438680153
7,exponential,exponential_alpha_0.10,42007,18,200,18,124,0.0019905135980463396,3.0742821700167204e-20,0.0019905135980463396,0.0019905135980463396,0.005672921607089954,5.33099540917771e-05,0.0055684340970700704,0.005777409117109837,0.005481033359150042,5.213108238979207e-05,0.00537885643766605,0.005583210280634034
7,exponential,exponential_alpha_0.10,42007,19,200,19,122,0.001656411003650941,3.0742821700167204e-20,0.001656411003650941,0.001656411003650941,0.004827266931717533,4.560553721472324e-05,0.004737880078776676,0.00491665378465839,0.004664927234425204,4.460576821117269e-05,0.004577499928731306,0.0047523545401191025
7,exponential,exponential_alpha_0.10,42007,20,200,20,120,0.0013787572055662211,1.5371410850083602e-20,0.0013787572055662211,0.0013787572055662211,0.004125763989406321,4.1160455556959335e-05,0.004045089496514681,0.004206438482297961,0.003988130333042433,4.026354862039679e-05,0.003909213777746456,0.004067046888338411
7,exponential,exponential_alpha_0.10,42007,21,200,21,118,0.0011479636527711111,1.5371410850083602e-20,0.0011479636527711111,0.0011479636527711111,0.0034912903806379285,3.771163553632575e-05,0.00341737557498673,0.003565205186289127,0.0033752322574449236,3.690808782738003e-05,0.003302892405303259,0.0034475721095865884
7,exponential,exponential_alpha_0.10,42007,22,200,22,116,0.0009560778553521915,0.0,0.0009560778553521915,0.0009560778553521915,0.002946713349695565,3.237765689308995e-05,0.002883253142185109,0.0030101735572060214,0.002848995492628067,3.169335429534878e-05,0.0027868765182091832,0.0029111144670469504
7,exponential,exponential_alpha_0.10,42007,23,200,23,114,0.0007965031555402374,0.0,0.0007965031555402374,0.0007965031555402374,0.0025303020446699577,2.964609075183312e-05,0.002472195706796365,0.0025884083825435506,0.0024473615076850363,2.9042658332193373e-05,0.0023904378973539373,0.0025042851180161353
7,exponential,exponential_alpha_0.10,42007,24,200,24,112,0.0006637666574423843,7.685705425041801e-21,0.0006637666574423843,0.0006637666574423843,0.0021189869846955233,2.523650792974787e-05,0.0020695234291532175,0.002168450540237829,0.0020495651659665037,2.4724931709550605e-05,0.0020011042998157847,0.0020980260321172227
7,exponential,exponential_alpha_0.10,42007,25,200,25,110,0.0005533270148670557,1.5371410850083602e-20,0.0005533270148670557,0.0005533270148670557,0.0018039514472111683,2.103576500943325e-05,0.001762721347792679,0.0018451815466296575,0.0017452048772194383,2.0613404431923973e-05,0.0017048026045328674,0.0017856071499060093
7,exponential,exponential_alpha_0.10,42007,26,200,26,108,0.0004614152110542088,3.8428527125209005e-21,0.0004614152110542088,0.0004614152110542088,0.0015100884564657952,1.6286920600454066e-05,0.0014781660920889052,0.0015420108208426852,0.001460933742156194,1.5963668173976068e-05,0.0014296449525352008,0.001492222531777187
7,exponential,exponential_alpha_0.10,42007,27,200,27,106,0.00038490265008140777,3.8428527125209005e-21,0.00038490265008140777,0.00038490265008140777,0.001271609600619669,1.3706866037640097e-05,0.0012447441431858944,0.0012984750580534435,0.0012302577940825165,1.3416701048349517e-05,0.0012039610600277516,0.0012565545281372815
7,exponential,exponential_alpha_0.10,42007,28,200,28,104,0.0003211918603429169,0.0,0.0003211918603429169,0.0003211918603429169,0.0010747850933164908,1.1829265159923805e-05,0.0010515997336030401,0.0010979704530299414,0.00103999281703534,1.1581919061971489e-05,0.0010172922556738759,0.001062693378396804
7,exponential,exponential_alpha_0.10,42007,29,200,29,102,0.0002681259214207033,3.8428527125209005e-21,0.0002681259214207033,0.0002681259214207033,0.000912514843339984,1.0035177496423263e-05,0.0008928458954469944,0.0009321837912329736,0.0008831322167632087,9.833212060228209e-06,0.0008638591211251615,0.000902405312401256
7,exponential,exponential_alpha_0.10,42007,30,200,30,100,0.00022391339631579014,0.0,0.00022391339631579014,0.00022391339631579014,0.0007672211634119888,8.464392657136771e-06,0.0007506309538040007,0.0007838113730199769,0.0007425547657944598,8.293601047951488e-06,0.0007262993077404749,0.0007588102238484447
7,exponential,exponential_alpha_0.10,42007,31,200,31,98,0.0001870661057039546,1.9214263562604502e-21,0.0001870661057039546,0.0001870661057039546,0.00064922331788747,7.321848936415585e-06,0.0006348724939720955,0.0006635741418028445,0.0006284428702683201,7.170715219743703e-06,0.0006143882684376224,0.0006424974720990178
7,exponential,exponential_alpha_0.10,42007,32,200,32,96,0.00015634753971499667,0.0,0.00015634753971499667,0.00015634753971499667,0.0005405176647103511,6.241059383838652e-06,0.0005282851883180274,0.0005527501411026749,0.0005231630808356236,6.111568799604346e-06,0.0005111844059883991,0.000535141755682848
7,exponential,exponential_alpha_0.10,42007,33,200,33,94,0.00013073008231429675,0.0,0.00013073008231429675,0.00013073008231429675,0.0004593409834867085,5.406770643968378e-06,0.00044874371302453046,0.00046993825394888654,0.000444663694188533,5.294779131402841e-06,0.0004342859270909835,0.00045504146128608257
7,exponential,exponential_alpha_0.10,42007,34,200,34,92,0.00010935953741145966,0.0,0.00010935953741145966,0.00010935953741145966,0.00039016844021630783,4.573286810762653e-06,0.000381204798067213,0.00039913208236540265,0.0003777702509161861,4.480191406600927e-06,0.0003689890757592483,0.0003865514260731239
7,exponential,exponential_alpha_0.10,42007,35,200,35,90,9.152570567494731e-05,9.607131781302251e-22,9.152570567494731e-05,9.152570567494731e-05,0.0003259844144184134,3.8538802859025145e-06,0.0003184308090580445,0.0003335380197787823,0.0003156035888278899,3.7764909730871215e-06,0.00030820166652063916,0.00032300551113514063
7,exponential,exponential_alpha_0.10,42007,36,200,36,88,7.663797606808973e-05,9.607131781302251e-22,7.663797606808973e-05,7.663797606808973e-05,0.0002744950260321119,3.3474401621224167e-06,0.00026793404331435194,0.0002810560087498718,0.000265772525089409,3.2810285342727365e-06,0.0002593417091622345,0.00027220334101658357
7,exponential,exponential_alpha_0.10,42007,37,200,37,86,6.420507408991575e-05,0.0,6.420507408991575e-05,6.420507408991575e-05,0.00022996781792764743,2.6242346014208338e-06,0.0002248243181088626,0.00023511131774643228,0.00022265362197945837,2.57336949785954e-06,0.00021760981776365368,0.00022769742619526307
7,exponential,exponential_alpha_0.10,42007,38,200,38,84,5.381825601013731e-05,9.607131781302251e-22,5.381825601013731e-05,5.381825601013731e-05,0.0001916276615002544,2.192850930765376e-06,0.00018732967367595426,0.00019592564932455455,0.00018550348592327476,2.1499878813150104e-06,0.00018128950967589736,0.00018971746217065217
7,exponential,exponential_alpha_0.10,42007,39,200,39,82,4.513736032795073e-05,0.0,4.513736032795073e-05,4.513736032795073e-05,0.00016297915833167636,1.820575898517768e-06,0.00015941082957058152,0.0001665474870927712,0.00015779966760486836,1.784634267647776e-06,0.0001543017844402787,0.000161297550769458
7,exponential,exponential_alpha_0.10,42007,40,200,40,80,3.7879228638586695e-05,4.803565890651126e-22,3.7879228638586695e-05,3.7879228638586695e-05,0.00013769365438777225,1.5840299102200893e-06,0.00013458895576374088,0.00014079835301180363,0.0001333238228135438,1.5529155250282687e-06,0.0001302801083844884,0.0001363675372425992
7,exponential,exponential_alpha_0.10,42007,41,200,41,78,3.1808091681316054e-05,0.0,3.1808091681316054e-05,3.1808091681316054e-05,0.00011517563572579236,1.2883599388267975e-06,0.00011265045024569183,0.00011770082120589288,0.00011151153724111268,1.2626461435067345e-06,0.00010903675079983947,0.00011398632368238588
7,exponential,exponential_alpha_0.10,42007,42,200,42,76,2.6727585562959944e-05,0.0,2.6727585562959944e-05,2.6727585562959944e-05,9.64669618843498e-05,9.95371844976139e-07,9.451603306819657e-05,9.841789070050302e-05,9.33907209604985e-05,9.748996487781094e-07,9.14799176488934e-05,9.530152427210358e-05
7,exponential,exponential_alpha_0.10,42007,43,200,43,74,2.2474120479051315e-05,0.0,2.2474120479051315e-05,2.2474120479051315e-05,8.073245250169708e-05,8.88819825833306e-07,7.89903656430638e-05,8.247453936033036e-05,7.815785598206528e-05,8.711774757167829e-07,7.645034812966038e-05,7.986536383447017e-05
7,exponential,exponential_alpha_0.10,42007,44,200,44,72,1.891137173970617e-05,2.401782945325563e-22,1.891137173970617e-05,1.891137173970617e-05,6.765160493052794e-05,7.434446452653583e-07,6.619445342580784e-05,6.910875643524805e-05,6.549287062217725e-05,7.286617504938378e-07,6.406469359120933e-05,6.692104765314516e-05
7,exponential,exponential_alpha_0.10,42007,45,200,45,70,1.5925702244078362e-05,0.0,1.5925702244078362e-05,1.5925702244078362e-05,5.694681709066998e-05,6.23137268426748e-07,5.572546804455355e-05,5.8168166136786406e-05,5.5128346472407674e-05,6.102025437207291e-07,5.3932349486715044e-05,5.6324343458100303e-05
7,exponential,exponential_alpha_0.10,42007,46,200,46,68,1.3422358138401452e-05,2.401782945325563e-22,1.3422358138401452e-05,1.3422358138401452e-05,4.8741865781691687e-05,5.429668117279322e-07,4.767765083070494e-05,4.9806080732678433e-05,4.719533994827756e-05,5.320167182320825e-07,4.615258718054268e-05,4.823809271601244e-05
7,exponential,exponential_alpha_0.10,42007,47,200,47,66,1.1322306398455067e-05,0.0,1.1322306398455067e-05,1.1322306398455067e-05,4.126467502307532e-05,4.4187439674350496e-07,4.039860120545805e-05,4.213074884069259e-05,3.9957698662501114e-05,4.330896977702549e-07,3.910884285487141e-05,4.0806554470130815e-05
7,exponential,exponential_alpha_0.10,42007,48,200,48,64,9.559605458067606e-06,1.2008914726627814e-22,9.559605458067606e-06,9.559605458067606e-06,3.508374051558766e-05,3.877839216874855e-07,3.432368402908019e-05,3.5843797002095135e-05,3.397488489834976e-05,3.800463203240863e-07,3.322999411051455e-05,3.471977568618497e-05
7,exponential,exponential_alpha_0.10,42007,49,200,49,62,8.079218555676986e-06,1.2008914726627814e-22,8.079218555676986e-06,8.079218555676986e-06,2.9822282689582633e-05,3.1979586982182767e-07,2.919548278473185e-05,3.0449082594433415e-05,2.8881627883623983e-05,3.133496018886232e-07,2.8267462663922282e-05,2.9495793103325684e-05
7,exponential,exponential_alpha_0.10,42007,50,200,50,60,6.835194848783388e-06,6.004457363313907e-23,6.835194848783388e-06,6.835194848783388e-06,2.5264834255526095e-05,2.9874672942540715e-07,2.4679290665852297e-05,2.5850377845199893e-05,2.4468024862824117e-05,2.927447829016162e-07,2.389424508833695e-05,2.5041804637311285e-05
7,exponential,exponential_alpha_0.10,42007,51,200,51,58,5.789156095840518e-06,0.0,5.789156095840518e-06,5.789156095840518e-06,2.1515882598778964e-05,2.230704194874883e-07,2.1078664576583486e-05,2.195310062097444e-05,2.0838828772702514e-05,2.1863032371519934e-07,2.0410313338220722e-05,2.1267344207184306e-05
7,exponential,exponential_alpha_0.10,42007,52,200,52,56,4.9090372775346925e-06,6.004457363313907e-23,4.9090372775346925e-06,4.9090372775346925e-06,1.8362810840228634e-05,1.9365485779004376e-07,1.798324731896015e-05,1.874237436149712e-05,1.7786513462529702e-05,1.89752973327844e-07,1.7414597634807127e-05,1.8158429290252277e-05
7,exponential,exponential_alpha_0.10,42007,53,200,53,54,4.168038297758082e-06,6.004457363313907e-23,4.168038297758082e-06,4.168038297758082e-06,1.566352623775288e-05,1.7022270319044219e-07,1.5329889739499614e-05,1.5997162736006145e-05,1.5171843378496497e-05,1.668008199504911e-07,1.4844913771393533e-05,1.5498772985599458e-05
7,exponential,exponential_alpha_0.10,42007,54,200,54,52,3.543751178011396e-06,6.004457363313907e-23,3.543751178011396e-06,3.543751178011396e-06,1.324982097016412e-05,1.561360394586936e-07,1.2943794332825081e-05,1.355584760750316e-05,1.2832871915340076e-05,1.5310689913477803e-07,1.253278239303591e-05,1.313296143764424e-05
7,exponential,exponential_alpha_0.10,42007,55,200,55,50,3.017433193522024e-06,3.0022286816569535e-23,3.017433193522024e-06,3.017433193522024e-06,1.1272060013811113e-05,1.3195620740496267e-07,1.1013425847297386e-05,1.153069418032484e-05,1.0917226318135315e-05,1.2940693146501408e-07,1.0663588732463887e-05,1.1170863903806742e-05
7,exponential,exponential_alpha_0.10,42007,56,200,56,48,2.5734014071820705e-06,6.004457363313907e-23,2.5734014071820705e-06,2.5734014071820705e-06,9.66506056825985e-06,1.0801618307622294e-07,9.453348849430453e-06,9.876772287089246e-06,9.361761314476903e-06,1.0597110771523239e-07,9.154057943355047e-06,9.56946468559876e-06
7,exponential,exponential_alpha_0.10,42007,57,200,57,46,2.198528214338207e-06,6.004457363313907e-23,2.198528214338207e-06,2.198528214338207e-06,8.210225608566508e-06,8.873848206009388e-08,8.036298183728723e-06,8.384153033404293e-06,7.951899027143923e-06,8.701889149860459e-08,7.781341999806657e-06,8.122456054481188e-06
7,exponential,exponential_alpha_0.10,42007,58,200,58,44,1.8818209633423248e-06,1.5011143408284767e-23,1.8818209633423248e-06,1.8818209633423248e-06,7.123947686682049e-06,7.808552710681095e-08,6.9709000535527e-06,7.276995319811398e-06,6.9011564850132126e-06,7.654995179935409e-08,6.751118579486478e-06,7.051194390539947e-06
7,exponential,exponential_alpha_0.10,42007,59,200,59,42,1.6140715846882994e-06,1.5011143408284767e-23,1.6140715846882994e-06,1.6140715846882994e-06,6.069178963484007e-06,7.328672419711299e-08,5.925536984057665e-06,6.212820942910349e-06,5.8790607370825446e-06,7.183689144927636e-08,5.738260429841963e-06,6.0198610443231264e-06
7,exponential,exponential_alpha_0.10,42007,60,200,60,40,1.3875645462563041e-06,1.5011143408284767e-23,1.3875645462563041e-06,1.3875645462563041e-06,5.172842093533525e-06,5.883942599019588e-08,5.057516818592741e-06,5.288167368474309e-06,5.010188345043753e-06,5.7688787192690926e-08,4.897118322146079e-06,5.123258367941427e-06
7,exponential,exponential_alpha_0.10,42007,61,200,61,38,1.1958334377902442e-06,0.0,1.1958334377902442e-06,1.1958334377902442e-06,4.431894723272609e-06,4.762661622089378e-08,4.3385465554796574e-06,4.525242891065561e-06,4.292010974900595e-06,4.666683184937285e-08,4.200543984475824e-06,4.383477965325366e-06
7,exponential,exponential_alpha_0.10,42007,62,200,62,36,1.0334581450266072e-06,0.0,1.0334581450266072e-06,1.0334581450266072e-06,3.803208730182028e-06,4.143370734087028e-08,3.7219986637939223e-06,3.884418796570134e-06,3.6829004416184405e-06,4.058997517471794e-08,3.6033440902759933e-06,3.7624567929608877e-06
7,exponential,exponential_alpha_0.10,42007,63,200,63,34,8.958959633141032e-07,7.505571704142384e-24,8.958959633141032e-07,8.958959633141032e-07,3.282922003024916e-06,3.821560390172204e-08,3.208019419377541e-06,3.357824586672291e-06,3.178789441476857e-06,3.744709515731049e-08,3.1053931349685286e-06,3.2521857479851858e-06
7,exponential,exponential_alpha_0.10,42007,64,200,64,32,7.793411752689096e-07,0.0,7.793411752689096e-07,7.793411752689096e-07,2.8194630473390992e-06,3.0478997238096065e-08,2.759724212752431e-06,2.8792018819257675e-06,2.7294787993754585e-06,2.986419860577636e-08,2.670944970108137e-06,2.78801262864278e-06
7,exponential,exponential_alpha_0.10,42007,65,200,65,30,6.806086264880999e-07,7.505571704142384e-24,6.806086264880999e-07,6.806086264880999e-07,2.5028327190576387e-06,2.9418135459440523e-08,2.4451731735571354e-06,2.560492264558142e-06,2.423476361616478e-06,2.8840851875846565e-08,2.3669482919398187e-06,2.4800044312931374e-06
7,exponential,exponential_alpha_0.10,42007,66,200,66,28,5.97037728552828e-07,7.505571704142384e-24,5.97037728552828e-07,5.97037728552828e-07,2.2111198020852945e-06,2.6030473198452908e-08,2.160100074616327e-06,2.262139529554262e-06,2.1410683037223485e-06,2.5509428862731877e-08,2.091069823151394e-06,2.191066784293303e-06
7,exponential,exponential_alpha_0.10,42007,67,200,67,26,5.264141605843343e-07,0.0,5.264141605843343e-07,5.264141605843343e-07,1.9680500600602545e-06,2.1641066054497765e-08,1.9256335705934387e-06,2.0104665495270702e-06,1.905885747009273e-06,2.1212779635037887e-08,1.8643086989245988e-06,1.947462795093947e-06
7,exponential,exponential_alpha_0.10,42007,68,200,68,24,4.669074173033029e-07,3.752785852071192e-24,4.669074173033029e-07,4.669074173033029e-07,1.7351679440132566e-06,1.9989896951166475e-08,1.6959877459889703e-06,1.7743481420375429e-06,1.6801662552505146e-06,1.9589558082270795e-08,1.6417707214092638e-06,1.7185617890917654e-06
7,exponential,exponential_alpha_0.10,42007,69,200,69,22,4.1702341242155845e-07,7.505571704142384e-24,4.1702341242155845e-07,4.1702341242155845e-07,1.5594892956735408e-06,1.8010491156086336e-08,1.5241887330076115e-06,1.59478985833947e-06,1.510141303708063e-06,1.7648924591369817e-08,1.4755494115089782e-06,1.5447331959071478e-06
7,exponential,exponential_alpha_0.10,42007,70,200,70,20,3.755728817533576e-07,3.752785852071192e-24,3.755728817533576e-07,3.755728817533576e-07,1.42583298771326e-06,1.6731761122738387e-08,1.3930387359126929e-06,1.4586272395138273e-06,1.3810311120627844e-06,1.640141923773576e-08,1.3488843303568224e-06,1.4131778937687464e-06
7,exponential,exponential_alpha_0.10,42007,71,200,71,18,3.4165896479288256e-07,3.752785852071192e-24,3.4165896479288256e-07,3.4165896479288256e-07,1.2797045884872639e-06,1.4551683452666752e-08,1.251183288920037e-06,1.3082258880544908e-06,1.2392876394506949e-06,1.4264557520062565e-08,1.2113291067113722e-06,1.2672461721900176e-06
7,exponential,exponential_alpha_0.10,42007,72,200,72,16,3.1469253923331043e-07,7.505571704142384e-24,3.1469253923331043e-07,3.1469253923331043e-07,1.180564272592055e-06,1.3527568086247962e-08,1.154050239143009e-06,1.2070783060411011e-06,1.14332957938023e-06,1.3255349543399777e-08,1.1173490942751666e-06,1.1693100644852936e-06
7,exponential,exponential_alpha_0.10,42007,73,200,73,14,2.944553824394408e-07,3.752785852071192e-24,2.944553824394408e-07,2.944553824394408e-07,1.094748829379988e-06,1.2286494012970267e-08,1.0706673011145661e-06,1.1188303576454098e-06,1.0600999629274222e-06,1.2041633568604347e-08,1.0364983611329577e-06,1.0837015647218866e-06
7,exponential,exponential_alpha_0.10,42007,74,200,74,12,2.8125962318125994e-07,3.752785852071192e-24,2.8125962318125994e-07,2.8125962318125994e-07,1.0393649883836767e-06,1.1361213497482597e-08,1.0170970099286107e-06,1.0616329668387427e-06,1.0063914098720366e-06,1.1136160445086984e-08,9.845645353996662e-07,1.028218284344407e-06
7,exponential,exponential_alpha_0.10,42007,75,200,75,10,2.7633108371714685e-07,0.0,2.7633108371714685e-07,2.7633108371714685e-07,1.0326363880501788e-06,1.1597802727873744e-08,1.0099046947035464e-06,1.0553680813968113e-06,1.0000587844337899e-06,1.13742970485249e-08,9.77765162218681e-07,1.0223524066488987e-06
7,exponential,exponential_alpha_0.10,42007,76,200,76,8,2.8280094533824313e-07,0.0,2.8280094533824313e-07,2.8280094533824313e-07,1.0659261664847098e-06,1.2538952055602209e-08,1.0413498204557295e-06,1.09050251251369e-06,1.032367478482269e-06,1.2290347190943584e-08,1.0082783979880197e-06,1.0564565589765184e-06
8,exponential,exponential_alpha_0.15,42008,0,200,0,160,0.035728698918876034,0.0,0.035728698918876034,0.035728698918876034,0.03572869891887603,0.0,0.03572869891887603,0.03572869891887603,0.034634775226314904,4.918851472026753e-19,0.034634775226314904,0.034634775226314904
8,exponential,exponential_alpha_0.15,42008,1,200,1,158,0.026803515099093227,0.0,0.026803515099093227,0.026803515099093227,0.03074171140660356,9.400627659665459e-05,0.03055745910447412,0.030925963708733004,0.029823820452103127,9.223093973505357e-05,0.029643047810222423,0.03000459309398383
8,exponential,exponential_alpha_0.15,42008,2,200,2,156,0.020111103291465874,2.4594257360133763e-19,0.020111103291465874,0.020111103291465874,0.026195546483913777,0.00012959036068831985,0.02594154937696467,0.026449543590862885,0.025432133610668255,0.00012718544778418287,0.025182850133011258,0.02568141708832525
8,exponential,exponential_alpha_0.15,42008,3,200,3,154,0.015092160999918693,1.2297128680066881e-19,0.015092160999918693,0.015092160999918693,0.022079567741484722,0.00011659597553187229,0.02185103962944225,0.022308095853527193,0.021451223247163354,0.00011451545020957325,0.02122677296475259,0.021675673529574117
8,exponential,exponential_alpha_0.15,42008,4,200,4,152,0.011327660330020226,0.0,0.011327660330020226,0.011327660330020226,0.018377950451401222,0.00011934351022672991,0.018144037171356833,0.018611863731445612,0.01786555534838501,0.00011718557510764602,0.017635871621174023,0.018095239075595997
8,exponential,exponential_alpha_0.15,42008,5,200,5,150,0.0085036269991081,1.2297128680066881e-19,0.0085036269991081,0.0085036269991081,0.015232868519856564,0.0001135356221735695,0.015010338700396367,0.01545539833931676,0.014816882519945515,0.00011142149611026022,0.014598496387569406,0.015035268652321625
8,exponential,exponential_alpha_0.15,42008,6,200,6,148,0.006384772117723254,0.0,0.006384772117723254,0.006384772117723254,0.012590263467325257,0.00010908726111407075,0.012376452435541679,0.012804074499108836,0.012253987405880384,0.00010710386619729592,0.012044063828133684,0.012463910983627084
8,exponential,exponential_alpha_0.15,42008,7,200,7,146,0.00479474943093889,6.148564340033441e-20,0.00479474943093889,0.00479474943093889,0.010317241538000422,9.333758801743439e-05,0.01013429986548625,0.010500183210514593,0.01004757305106431,9.168324641168524e-05,0.009867873888097407,0.010227272214031212
8,exponential,exponential_alpha_0.15,42008,8,200,8,144,0.003601371599571199,3.0742821700167204e-20,0.003601371599571199,0.003601371599571199,0.008318168184346305,8.667761831731237e-05,0.008148280052444373,0.008488056316248237,0.008103913395939338,8.520200743218462e-05,0.007936917461372256,0.008270909330506419
8,exponential,exponential_alpha_0.15,42008,9,200,9,142,0.0027055386257658675,0.0,0.0027055386257658675,0.0027055386257658675,0.006606788682387399,7.524409814410246e-05,0.006459310250024958,0.006754267114749839,0.006438865200295607,7.396443364461342e-05,0.006293894910352165,0.006583835490239049
8,exponential,exponential_alpha_0.15,42008,10,200,10,140,0.0020329453437358948,0.0,0.0020329453437358948,0.0020329453437358948,0.005267895983593756,6.703518163799178e-05,0.005136507027583292,0.00539928493960422,0.005135859864083118,6.589361231898649e-05,0.005006708383937904,0.005265011344228332
8,exponential,exponential_alpha_0.15,42008,11,200,11,138,0.0015278696617430814,0.0,0.0015278696617430814,0.0015278696617430814,0.004219821448956091,5.7106946826655394e-05,0.004107891833175847,0.004331751064736336,0.00411607223386238,5.615063909056053e-05,0.004006016981244882,0.004226127486479879
8,exponential,exponential_alpha_0.15,42008,12,200,12,136,0.0011485188854850007,0.0,0.0011485188854850007,0.0011485188854850007,0.0032815071148335007,4.840025590483299e-05,0.003186642613260028,0.003376371616406973,0.0032015316995319854,4.7593076540663506e-05,0.003108249269512285,0.003294814129551686
8,exponential,exponential_alpha_0.15,42008,13,200,13,134,0.0008635428771220247,0.0,0.0008635428771220247,0.0008635428771220247,0.0025629081924723896,3.789738570913232e-05,0.0024886293164824904,0.002637187068462289,0.002501266317697162,3.728214702083348e-05,0.0024281933095363284,0.0025743393258579952
8,exponential,exponential_alpha_0.15,42008,14,200,14,132,0.0006494211507075447,0.0,0.0006494211507075447,0.0006494211507075447,0.001965948429472608,2.8391251256360257e-05,0.0019103015770101418,0.002021595281935074,0.001918913216717409,2.7930185669105353e-05,0.0018641700528059624,0.0019736563806288555
8,exponential,exponential_alpha_0.15,42008,15,200,15,130,0.0004885046062839328,7.685705425041801e-21,0.0004885046062839328,0.0004885046062839328,0.0015376539355467771,2.1665714973235056e-05,0.0014951891341992364,0.0015801187368943178,0.0015012013448926955,2.1311616170011593e-05,0.0014594305771994727,0.0015429721125859183
8,exponential,exponential_alpha_0.15,42008,16,200,16,128,0.0003675476931161815,0.0,0.0003675476931161815,0.0003675476931161815,0.0011672761614693013,1.7252477702479102e-05,0.0011334613051724423,0.0012010910177661603,0.0011397133028274238,1.6976592792052944e-05,0.001106439180955,0.0011729874246998477
8,exponential,exponential_alpha_0.15,42008,17,200,17,126,0.00027660802847492025,3.8428527125209005e-21,0.00027660802847492025,0.00027660802847492025,0.0009096059444326807,1.3366481079962681e-05,0.0008834076415159539,0.0009358042473494075,0.0008883613019494369,1.3161251366232006e-05,0.0008625652492716221,0.0009141573546272516
8,exponential,exponential_alpha_0.15,42008,18,200,18,124,0.00020822136856947276,5.76427906878135e-21,0.00020822136856947276,0.00020822136856947276,0.0007097013406759909,1.0454498882570436e-05,0.0006892105228661528,0.0007301921584858289,0.0006933435402119037,1.0298641698593014e-05,0.0006731582024826614,0.000713528877941146
8,exponential,exponential_alpha_0.15,42008,19,200,19,122,0.00015678294088255793,1.9214263562604502e-21,0.00015678294088255793,0.00015678294088255793,0.0005533060619932306,8.698232239025335e-06,0.0005362575268047409,0.0005703545971817202,0.0005406808400856883,8.568656198041749e-06,0.0005238862739375264,0.0005574754062338501
8,exponential,exponential_alpha_0.15,42008,20,200,20,120,0.00011808345361949457,2.882139534390675e-21,0.00011808345361949457,0.00011808345361949457,0.0004221119704823989,6.797969843413419e-06,0.0004087879495893086,0.0004354359913754892,0.0004125303831034441,6.6964183184468934e-06,0.00039940540319928817,0.0004256553630076
8,exponential,exponential_alpha_0.15,42008,21,200,21,118,8.896105830747066e-05,1.9214263562604502e-21,8.896105830747066e-05,8.896105830747066e-05,0.00032127056911191235,5.542793795747173e-06,0.0003104066932722479,0.0003321344449515768,0.0003139984696290906,5.459179694463291e-06,0.0003032984774279426,0.00032469846183023866
8,exponential,exponential_alpha_0.15,42008,22,200,22,116,6.704024832056681e-05,9.607131781302251e-22,6.704024832056681e-05,6.704024832056681e-05,0.0002439611756576842,3.919505721627634e-06,0.00023627894444329405,0.00025164340687207435,0.00023845270430415916,3.860681454979662e-06,0.000230885768652399,0.0002460196399559193
8,exponential,exponential_alpha_0.15,42008,23,200,23,114,5.053594690428711e-05,4.803565890651126e-22,5.053594690428711e-05,5.053594690428711e-05,0.00018596046474717235,3.1724656463243177e-06,0.00017974243208037667,0.00019217849741396802,0.0001817850238237448,3.1260300421924422e-06,0.0001756580049410476,0.000187912042706442
8,exponential,exponential_alpha_0.15,42008,24,200,24,112,3.810648509228008e-05,0.0,3.810648509228008e-05,3.810648509228008e-05,0.00014016158445069533,2.3625946511665612e-06,0.00013553089893440887,0.0001447922699669818,0.0001370020568259171,2.327004295738135e-06,0.00013244112840627036,0.00014156298524556384
8,exponential,exponential_alpha_0.15,42008,25,200,25,110,2.8743250818542746e-05,0.0,2.8743250818542746e-05,2.8743250818542746e-05,0.0001062034203042108,1.8313455073709775e-06,0.00010261398310976368,0.00010979285749865792,0.00010381810501139312,1.8041938194185469e-06,0.00010028188512533277,0.00010735432489745348
8,exponential,exponential_alpha_0.15,42008,26,200,26,108,2.1687848445186372e-05,2.401782945325563e-22,2.1687848445186372e-05,2.1687848445186372e-05,8.142573282981114e-05,1.557054830432257e-06,7.837390536216392e-05,8.447756029745837e-05,7.960283232953564e-05,1.5341599983658153e-06,7.659587873273864e-05,8.260978592633265e-05
8,exponential,exponential_alpha_0.15,42008,27,200,27,106,1.636989958417353e-05,4.803565890651126e-22,1.636989958417353e-05,1.636989958417353e-05,6.140593749992188e-05,1.2058211258163158e-06,5.9042528093321895e-05,6.376934690652185e-05,6.0030582257177246e-05,1.1885355132280868e-06,5.7701052651250197e-05,6.23601118631043e-05
8,exponential,exponential_alpha_0.15,42008,28,200,28,104,1.2360333726583639e-05,0.0,1.2360333726583639e-05,1.2360333726583639e-05,4.6050544811438484e-05,8.633353271543759e-07,4.435840757021591e-05,4.774268205266106e-05,4.501717978826977e-05,8.511083114588022e-07,4.334900749781051e-05,4.668535207872902e-05
8,exponential,exponential_alpha_0.15,42008,29,200,29,102,9.3363047606807e-06,0.0,9.3363047606807e-06,9.3363047606807e-06,3.559385501515732e-05,6.694138296052149e-07,3.42818039091311e-05,3.690590612118354e-05,3.480144617328167e-05,6.600218583571499e-07,3.350780333090166e-05,3.609508901566168e-05
8,exponential,exponential_alpha_0.15,42008,30,200,30,100,7.054834774160725e-06,6.004457363313907e-23,7.054834774160725e-06,7.054834774160725e-06,2.6672396824663737e-05,4.876802615812562e-07,2.5716543511964475e-05,2.7628250137363e-05,2.607716300597917e-05,4.806839394180801e-07,2.5135022484719733e-05,2.7019303527238605e-05
8,exponential,exponential_alpha_0.15,42008,31,200,31,98,5.333010351629851e-06,1.2008914726627814e-22,5.333010351629851e-06,5.333010351629851e-06,2.0220085006185674e-05,3.626473165725011e-07,1.9509296265703572e-05,2.0930873746667775e-05,1.976882799864481e-05,3.575005651388683e-07,1.9068126890972628e-05,2.0469529106316994e-05
8,exponential,exponential_alpha_0.15,42008,32,200,32,96,4.0330993903960185e-06,0.0,4.0330993903960185e-06,4.0330993903960185e-06,1.5423902448149783e-05,2.8106266005033913e-07,1.4873019634451118e-05,1.597478526184845e-05,1.5080932389144194e-05,2.771245806722741e-07,1.4537768211026537e-05,1.5624096567261852e-05
8,exponential,exponential_alpha_0.15,42008,33,200,33,94,3.051363588996459e-06,0.0,3.051363588996459e-06,3.051363588996459e-06,1.1740714619453388e-05,2.0794058094820236e-07,1.1333151080794911e-05,1.2148278158111864e-05,1.1479679073626171e-05,2.04838530634388e-07,1.107819555358277e-05,1.1881162593669572e-05
8,exponential,exponential_alpha_0.15,42008,34,200,34,92,2.309647173884932e-06,0.0,2.309647173884932e-06,2.309647173884932e-06,8.792240608541524e-06,1.5464025529631032e-07,8.489145708160755e-06,9.095335508922292e-06,8.596441721993766e-06,1.5233292842537912e-07,8.297869182280022e-06,8.89501426170751e-06
8,exponential,exponential_alpha_0.15,42008,35,200,35,90,1.7490515699768823e-06,1.5011143408284767e-23,1.7490515699768823e-06,1.7490515699768823e-06,6.726250085779995e-06,1.2076685601882241e-07,6.489547047983103e-06,6.962953123576887e-06,6.576750063100853e-06,1.1892298126804732e-07,6.34366101981548e-06,6.809839106386226e-06
8,exponential,exponential_alpha_0.15,42008,36,200,36,88,1.3251776644951758e-06,1.5011143408284767e-23,1.3251776644951758e-06,1.3251776644951758e-06,5.086312346432511e-06,8.951871544993867e-08,4.910855664150631e-06,5.26176902871439e-06,4.973108709929213e-06,8.816866311599577e-08,4.800298130221861e-06,5.145919289636565e-06
8,exponential,exponential_alpha_0.15,42008,37,200,37,86,1.0045463585565747e-06,0.0,1.0045463585565747e-06,1.0045463585565747e-06,3.839153758006795e-06,6.709811728965312e-08,3.7076414481190745e-06,3.970666067894515e-06,3.7538312327070253e-06,6.6101310185043e-08,3.624272664744341e-06,3.883389800669709e-06
8,exponential,exponential_alpha_0.15,42008,38,200,38,84,7.619049660795661e-07,0.0,7.619049660795661e-07,7.619049660795661e-07,2.9190382915262565e-06,5.4209936152820314e-08,2.812786816666729e-06,3.025289766385784e-06,2.8542964011925313e-06,5.343866742809836e-08,2.7495566130334586e-06,2.959036189351604e-06
8,exponential,exponential_alpha_0.15,42008,39,200,39,82,5.78199741819132e-07,7.505571704142384e-24,5.78199741819132e-07,5.78199741819132e-07,2.1989397805255167e-06,3.897933427445206e-08,2.122540285347591e-06,2.2753392757034426e-06,2.1499467279272073e-06,3.84005842947346e-08,2.0746815827095274e-06,2.225211873144887e-06
8,exponential,exponential_alpha_0.15,42008,40,200,40,80,4.3904942653140485e-07,7.505571704142384e-24,4.3904942653140485e-07,4.3904942653140485e-07,1.684589334239761e-06,2.996727050056016e-08,1.625853484058663e-06,1.7433251844208589e-06,1.6471935036765982e-06,2.9533843914899667e-08,1.5893071696033948e-06,1.7050798377498016e-06
8,exponential,exponential_alpha_0.15,42008,41,200,41,78,3.335957076454605e-07,0.0,3.335957076454605e-07,3.335957076454605e-07,1.3027621072404544e-06,2.5233724057974876e-08,1.2533040080868237e-06,1.352220206394085e-06,1.274010737198247e-06,2.487526394609258e-08,1.2252552198639057e-06,1.3227662545325885e-06
8,exponential,exponential_alpha_0.15,42008,42,200,42,76,2.536372990535205e-07,3.752785852071192e-24,2.536372990535205e-07,2.536372990535205e-07,9.736653551304258e-07,1.8275026840291367e-08,9.378463025234547e-07,1.009484407737397e-06,9.520087238686869e-07,1.8008952340567547e-08,9.167111772811744e-07,9.873062704561992e-07
8,exponential,exponential_alpha_0.15,42008,43,200,43,74,1.9297748751803083e-07,0.0,1.9297748751803083e-07,1.9297748751803083e-07,7.365466688793935e-07,1.4215976481446766e-08,7.086833549757578e-07,7.644099827830292e-07,7.200820466043203e-07,1.4008142692232769e-08,6.926260869275441e-07,7.475380062810965e-07
8,exponential,exponential_alpha_0.15,42008,44,200,44,72,1.4693238446070093e-07,1.876392926035596e-24,1.4693238446070093e-07,1.4693238446070093e-07,5.757011478469471e-07,1.2059874298473415e-08,5.520637942219392e-07,5.993385014719549e-07,5.629803141533406e-07,1.1891123137896542e-08,5.396737128030634e-07,5.862869155036178e-07
8,exponential,exponential_alpha_0.15,42008,45,200,45,70,1.119601929771757e-07,2.8145893890533935e-24,1.119601929771757e-07,1.119601929771757e-07,4.382466462147556e-07,8.239429862862009e-09,4.22097363683546e-07,4.543959287459651e-07,4.285472236258088e-07,8.123874769712157e-09,4.12624429077173e-07,4.444700181744446e-07
8,exponential,exponential_alpha_0.15,42008,46,200,46,68,8.538162597643104e-08,9.38196463017798e-25,8.538162597643104e-08,8.538162597643104e-08,3.3512719608987025e-07,6.090190688288176e-09,3.2319042234082543e-07,3.4706396983891507e-07,3.2770656741771626e-07,6.003554115517953e-09,3.159396013513011e-07,3.3947353348413143e-07
8,exponential,exponential_alpha_0.15,42008,47,200,47,66,6.516899951461318e-08,9.38196463017798e-25,6.516899951461318e-08,6.516899951461318e-08,2.533961871791829e-07,4.617150238609823e-09,2.4434657271150767e-07,2.6244580164685814e-07,2.4775533375397367e-07,4.551924014980003e-09,2.388335626846129e-07,2.5667710482333447e-07
8,exponential,exponential_alpha_0.15,42008,48,200,48,64,4.978708170977419e-08,0.0,4.978708170977419e-08,4.978708170977419e-08,1.9164676654734313e-07,3.593830205898501e-09,1.8460285934378208e-07,1.9869067375090418e-07,1.8736404195278639e-07,3.54258259176191e-09,1.8042058007293304e-07,1.9430750383263973e-07
8,exponential,exponential_alpha_0.15,42008,49,200,49,62,3.807295719759506e-08,0.0,3.807295719759506e-08,3.807295719759506e-08,1.4647072733145922e-07,2.5845561432400336e-09,1.4140499729070875e-07,1.5153645737220968e-07,1.431971247107898e-07,2.5449763424887407e-09,1.3820897107951187e-07,1.4818527834206772e-07
8,exponential,exponential_alpha_0.15,42008,50,200,50,60,2.9145311754120696e-08,2.345491157544495e-25,2.9145311754120696e-08,2.9145311754120696e-08,1.1416413433740225e-07,2.1473115814984746e-09,1.0995540363766524e-07,1.1837286503713926e-07,1.1163512290143733e-07,2.1165750515728804e-09,1.0748663580035448e-07,1.1578361000252018e-07
8,exponential,exponential_alpha_0.15,42008,51,200,51,58,2.2335908270587917e-08,0.0,2.2335908270587917e-08,2.2335908270587917e-08,8.903571513718296e-08,1.703419731922305e-09,8.569701246261524e-08,9.237441781175067e-08,8.70807615961975e-08,1.6799154272439629e-09,8.378812735879932e-08,9.037339583359567e-08
8,exponential,exponential_alpha_0.15,42008,52,200,52,56,1.7137806673124393e-08,4.69098231508899e-25,1.7137806673124393e-08,1.7137806673124393e-08,6.783740805879226e-08,1.2163264224183623e-09,6.545340827085228e-08,7.022140784673225e-08,6.634553086211261e-08,1.1986055026230258e-09,6.399626407697149e-08,6.869479764725374e-08
8,exponential,exponential_alpha_0.15,42008,53,200,53,54,1.3166221647673929e-08,2.345491157544495e-25,1.3166221647673929e-08,1.3166221647673929e-08,5.1940610305124663e-08,9.07293291110376e-10,5.016231545454833e-08,5.3718905155701e-08,5.079972168595881e-08,8.939286774424669e-10,4.904762147817158e-08,5.2551821893746046e-08
8,exponential,exponential_alpha_0.15,42008,54,200,54,52,1.0128922159289794e-08,0.0,1.0128922159289794e-08,1.0128922159289794e-08,3.9753516714548555e-08,6.662669064116753e-10,3.844763357798167e-08,4.1059399851115436e-08,3.887880303658125e-08,6.565181636630797e-10,3.759202743580161e-08,4.016557863736089e-08
8,exponential,exponential_alpha_0.15,42008,55,200,55,50,7.803837695127437e-09,1.1727455787722475e-25,7.803837695127437e-09,7.803837695127437e-09,3.0275678440361275e-08,5.2197755569988e-10,2.925260243118951e-08,3.129875444953304e-08,2.9608752147201982e-08,5.144440454614155e-10,2.8600441818097607e-08,3.0617062476306355e-08
8,exponential,exponential_alpha_0.15,42008,56,200,56,48,6.0221095372846155e-09,1.1727455787722475e-25,6.0221095372846155e-09,6.0221095372846155e-09,2.345155000425351e-08,4.0398576624232113e-10,2.265973790241856e-08,2.424336210608846e-08,2.2936900499627215e-08,3.9840736272933227e-10,2.2156022068677723e-08,2.3717778930576707e-08
8,exponential,exponential_alpha_0.15,42008,57,200,57,46,4.655257536168616e-09,0.0,4.655257536168616e-09,4.655257536168616e-09,1.760972016187755e-08,2.988593926436621e-10,1.702395575229597e-08,1.8195484571459126e-08,1.7218552414073323e-08,2.94611389672524e-10,1.6641114090315176e-08,1.779599073783147e-08
8,exponential,exponential_alpha_0.15,42008,58,200,58,44,3.605458677703209e-09,2.9318639469306186e-26,3.605458677703209e-09,3.605458677703209e-09,1.3651371375141123e-08,2.2871015338803012e-10,1.3203099474500584e-08,1.4099643275781663e-08,1.3347919309947564e-08,2.2560028423673248e-10,1.2905742752843569e-08,1.3790095867051559e-08
8,exponential,exponential_alpha_0.15,42008,59,200,59,42,2.798179457707909e-09,2.9318639469306186e-26,2.798179457707909e-09,2.798179457707909e-09,1.0550369055220952e-08,1.6114665767948512e-10,1.0234521606169161e-08,1.0866216504272743e-08,1.0315025736547235e-08,1.588745611996994e-10,1.0003631596595824e-08,1.0626419876498646e-08
8,exponential,exponential_alpha_0.15,42008,60,200,60,40,2.1765894433576727e-09,5.863727893861237e-26,2.1765894433576727e-09,2.1765894433576727e-09,8.254132977114637e-09,1.1914030070430415e-10,8.0206179877342e-09,8.487647966495074e-09,8.069947749225783e-09,1.1740052262753303e-10,7.839842724875818e-09,8.300052773575749e-09
8,exponential,exponential_alpha_0.15,42008,61,200,61,38,1.697323282718782e-09,1.4659319734653093e-26,1.697323282718782e-09,1.697323282718782e-09,6.558631118787423e-09,1.059128620254473e-10,6.351041909217547e-09,6.7662203283573e-09,6.413433393660104e-09,1.0442158352694441e-10,6.208767089947293e-09,6.618099697372915e-09
8,exponential,exponential_alpha_0.15,42008,62,200,62,36,1.3272640150156792e-09,1.4659319734653093e-26,1.3272640150156792e-09,1.3272640150156792e-09,5.118991537816303e-09,8.517881015984898e-11,4.952041069902999e-09,5.285942005729607e-09,5.005282685521447e-09,8.39741943621624e-11,4.8406932645716095e-09,5.169872106471285e-09
8,exponential,exponential_alpha_0.15,42008,63,200,63,34,1.0411002698598934e-09,1.4659319734653093e-26,1.0411002698598934e-09,1.0411002698598934e-09,4.0454306734559544e-09,6.921112603634858e-11,3.909776866424712e-09,4.181084480487197e-09,3.9560080240763665e-09,6.82358184477533e-11,3.82226581991877e-09,4.089750228233963e-09
8,exponential,exponential_alpha_0.15,42008,64,200,64,32,8.194701775606663e-10,7.329659867326547e-27,8.194701775606663e-10,8.194701775606663e-10,3.1862660784809373e-09,6.143481092743821e-11,3.0658538490631585e-09,3.306678307898716e-09,3.1158100791865135e-09,6.05920627222393e-11,2.9970496362509244e-09,3.2345705221221027e-09
8,exponential,exponential_alpha_0.15,42008,65,200,65,30,6.475503347650391e-10,7.329659867326547e-27,6.475503347650391e-10,6.475503347650391e-10,2.56110786341542e-09,4.679752080801511e-11,2.4693847226317106e-09,2.6528310041991296e-09,2.5047461004001053e-09,4.61436171399521e-11,2.414304610805799e-09,2.5951875899944114e-09
8,exponential,exponential_alpha_0.15,42008,66,200,66,28,5.139825930026649e-10,7.329659867326547e-27,5.139825930026649e-10,5.139825930026649e-10,1.99470279595358e-09,3.757040672038178e-11,1.9210647987816315e-09,2.0683407931255283e-09,1.9504418841300365e-09,3.704309264791618e-11,1.877837422540121e-09,2.023046345719952e-09
8,exponential,exponential_alpha_0.15,42008,67,200,67,26,4.1005749077957974e-10,0.0,4.1005749077957974e-10,4.1005749077957974e-10,1.6089149677502346e-09,2.8023586403037022e-11,1.553988738400282e-09,1.6638411971001871e-09,1.5732941684811328e-09,2.762575156077527e-11,1.5191476954220133e-09,1.6274406415402524e-09
8,exponential,exponential_alpha_0.15,42008,68,200,68,24,3.2909289908791627e-10,3.664829933663273e-27,3.2909289908791627e-10,3.2909289908791627e-10,1.2724402083848694e-09,2.1150914874690336e-11,1.2309844152304762e-09,1.3138960015392625e-09,1.2441331357313186e-09,2.0851835023794733e-11,1.203263539084681e-09,1.2850027323779563e-09
8,exponential,exponential_alpha_0.15,42008,69,200,69,22,2.659614719359618e-10,3.664829933663273e-27,2.659614719359618e-10,2.659614719359618e-10,1.0178036938509907e-09,1.62374908417372e-11,9.859782118011858e-10,1.0496291759007955e-09,9.950474124857752e-10,1.5993325881548604e-11,9.637004937579398e-10,1.0263943312136105e-09
8,exponential,exponential_alpha_0.15,42008,70,200,70,20,2.167320148504389e-10,5.497244900494909e-27,2.167320148504389e-10,2.167320148504389e-10,8.260030952556007e-10,1.3480196974886666e-11,7.995819091848229e-10,8.524242813263786e-10,8.07521760295883e-10,1.3281364324973892e-11,7.814902862189342e-10,8.335532343728319e-10
8,exponential,exponential_alpha_0.15,42008,71,200,71,18,1.7839891734029535e-10,1.8324149668316366e-27,1.7839891734029535e-10,1.7839891734029535e-10,6.804985708264155e-10,1.1758770578834601e-11,6.574513804918997e-10,7.035457611609313e-10,6.653060235443918e-10,1.1584374650832794e-11,6.426006492287595e-10,6.880113978600241e-10
8,exponential,exponential_alpha_0.15,42008,72,200,72,16,1.486813145800302e-10,1.8324149668316366e-27,1.486813145800302e-10,1.486813145800302e-10,5.717592221898826e-10,1.0364798319730727e-11,5.514442174832104e-10,5.920742268965549e-10,5.590830390322761e-10,1.0218910415912104e-11,5.390539746170884e-10,5.791121034474638e-10
8,exponential,exponential_alpha_0.15,42008,73,200,73,14,1.2588094504662482e-10,0.0,1.2588094504662482e-10,1.2588094504662482e-10,4.768515931325672e-10,8.145230648647793e-12,4.6088694106121753e-10,4.928162452039169e-10,4.662202340048533e-10,8.022630813832323e-12,4.50495877609742e-10,4.819445903999646e-10
8,exponential,exponential_alpha_0.15,42008,74,200,74,12,1.0879738068170268e-10,2.7486224502474546e-27,1.0879738068170268e-10,1.0879738068170268e-10,4.1844833894207527e-10,7.423017711514043e-12,4.0389922422750774e-10,4.329974536566428e-10,4.0917304066261607e-10,7.315516759109923e-12,3.9483462781476064e-10,4.235114535104715e-10
8,exponential,exponential_alpha_0.15,42008,75,200,75,10,9.671889836574056e-11,0.0,9.671889836574056e-11,9.671889836574056e-11,3.7115480999716513e-10,6.33834545182477e-12,3.5873165291158856e-10,3.835779670827417e-10,3.6289156848170465e-10,6.2441116327236304e-12,3.5065310968156635e-10,3.7513002728184295e-10
8,exponential,exponential_alpha_0.15,42008,76,200,76,8,8.956390274200483e-11,0.0,8.956390274200483e-11,8.956390274200483e-11,3.395622505397711e-10,5.7400698211126115e-12,3.2831171369039035e-10,3.508127873891518e-10,3.3196749700507743e-10,5.655587525643285e-12,3.2088254545481657e-10,3.430524485553383e-10
9,step,step_r_5_eta_0.001,42009,0,200,0,160,0.06250618750000003,1.967540588810701e-18,0.06250618750000003,0.06250618750000003,0.06250618749999992,0.0,0.06250618749999992,0.06250618749999992,0.061518335060959314,0.0,0.061518335060959314,0.061518335060959314
9,step,step_r_5_eta_0.001,42009,1,200,1,158,0.05063917721518985,1.4756554416080256e-18,0.05063917721518985,0.05063917721518985,0.05063918105129558,2.309420719145286e-10,0.050639180598649115,0.05063918150394204,0.04993752595513424,4.6838817142527323e-07,0.04993660791431825,0.04993844399595023
9,step,step_r_5_eta_0.001,42009,2,200,2,156,0.03846788461538462,4.918851472026753e-19,0.03846788461538462,0.03846788461538462,0.03846790480173442,3.3414468328880672e-09,0.03846789825249863,0.03846791135097021,0.03800857916473967,5.450518702264517e-07,0.03800751086307402,0.03800964746640531
9,step,step_r_5_eta_0.001,42009,3,200,3,154,0.025980454545454553,7.378277208040128e-19,0.025980454545454553,0.025980454545454553,0.025980518078649074,1.1734934391352415e-08,0.02598049507817767,0.02598054107912048,0.025718845432778036,4.366508687633548e-07,0.02571798959707526,0.02571970126848081
9,step,step_r_5_eta_0.001,42009,4,200,4,152,0.013164407894736838,2.4594257360133763e-19,0.013164407894736838,0.013164407894736838,0.013166272481971344,7.463226506883027e-07,0.013164809689575995,0.013167735274366694,0.013055610483797251,7.796116328620489e-07,0.013054082444996841,0.01305713852259766
9,step,step_r_5_eta_0.001,42009,5,200,5,150,6.600000000000075e-06,6.004457363313907e-23,6.600000000000075e-06,6.600000000000075e-06,0.0007139479579213892,0.00018194283582527215,0.00035733999970385575,0.0010705559161389225,0.000701091506052872,0.000180489772556438,0.00034733155184225346,0.0010548514602634904
9,step,step_r_5_eta_0.001,42009,6,200,6,148,6.675675675675752e-06,1.2008914726627814e-22,6.675675675675752e-06,6.675675675675752e-06,5.425816240766211e-05,4.45370660002801e-05,0.0,0.0001415508117682111,4.7107165831691106e-05,4.417352035869625e-05,0.0,0.00013368726573473577
9,step,step_r_5_eta_0.001,42009,7,200,7,146,6.753424657534323e-06,1.2008914726627814e-22,6.753424657534323e-06,6.753424657534323e-06,7.397989352189312e-06,3.205340896652212e-07,6.769742536445479e-06,8.026236167933146e-06,6.594641234103658e-07,3.0847486907914283e-07,5.485338001524593e-08,1.2640748668054858e-06
9,step,step_r_5_eta_0.001,42009,8,200,8,144,6.833333333333409e-06,0.0,6.833333333333409e-06,6.833333333333409e-06,6.9135572674375e-06,1.9733382454157147e-08,6.874879837827353e-06,6.952234697047648e-06,1.523576447413986e-07,1.70676139881865e-08,1.1890512132455304e-07,1.8581016815824415e-07
9,step,step_r_5_eta_0.001,42009,9,200,9,142,6.915492957746556e-06,6.004457363313907e-23,6.915492957746556e-06,6.915492957746556e-06,6.954677841562334e-06,4.881464625573391e-09,6.94511017089621e-06,6.9642455122284584e-06,1.378138408191714e-07,3.5322012166646485e-09,1.308907264345087e-07,1.4473695520383411e-07
9,step,step_r_5_eta_0.001,42009,10,200,10,140,7.000000000000077e-06,0.0,7.000000000000077e-06,7.000000000000077e-06,7.024364527166085e-06,2.171045744579964e-09,7.020109277506708e-06,7.028619776825462e-06,1.4524991474565434e-07,1.354256116813768e-09,1.4259557275669934e-07,1.4790425673460934e-07
9,step,step_r_5_eta_0.001,42009,11,200,11,138,7.086956521739208e-06,0.0,7.086956521739208e-06,7.086956521739208e-06,7.1037392274976e-06,6.838656557212503e-10,7.1023988508123866e-06,7.1050796041828135e-06,1.578511114740351e-07,2.481492998193442e-10,1.5736473884638918e-07,1.58337484101681e-07
9,step,step_r_5_eta_0.001,42009,12,200,12,136,7.176470588235373e-06,0.0,7.176470588235373e-06,7.176470588235373e-06,7.1897028714944655e-06,4.0086839643359315e-10,7.188917169437456e-06,7.190488573551475e-06,1.7321471508891551e-07,1.0381362908332447e-10,1.730112403759122e-07,1.7341818980191883e-07
9,step,step_r_5_eta_0.001,42009,13,200,13,134,7.268656716417992e-06,1.2008914726627814e-22,7.268656716417992e-06,7.268656716417992e-06,7.280085457598434e-06,3.063285226053511e-10,7.279485053694128e-06,7.28068586150274e-06,1.8959556718233958e-07,6.750306402739954e-11,1.8946326117684587e-07,1.897278731878333e-07
9,step,step_r_5_eta_0.001,42009,14,200,14,132,7.363636363636444e-06,6.004457363313907e-23,7.363636363636444e-06,7.363636363636444e-06,7.373694714464285e-06,2.4066473024800385e-10,7.373223011592999e-06,7.374166417335572e-06,2.0654664949573183e-07,4.411642310078496e-11,2.064601813064543e-07,2.0663311768500936e-07
9,step,step_r_5_eta_0.001,42009,15,200,15,130,7.461538461538543e-06,0.0,7.461538461538543e-06,7.461538461538543e-06,7.470454913877699e-06,1.8266600162874015e-10,7.470096888514507e-06,7.470812939240891e-06,2.240326524357989e-07,2.8499924936158165e-11,2.23976792582924e-07,2.2408851228867377e-07
9,step,step_r_5_eta_0.001,42009,16,200,16,128,7.562500000000082e-06,0.0,7.562500000000082e-06,7.562500000000082e-06,7.570609169375575e-06,1.5749346401712602e-10,7.570300482186102e-06,7.570917856565048e-06,2.4207929802356165e-07,2.2213042219877307e-11,2.420357604608107e-07,2.421228355863126e-07
9,step,step_r_5_eta_0.001,42009,17,200,17,126,7.666666666666752e-06,1.2008914726627814e-22,7.666666666666752e-06,7.666666666666752e-06,7.6740401081805e-06,1.414633414084731e-10,7.67376284003134e-06,7.67431737632966e-06,2.606578568437741e-07,1.9630019329323112e-11,2.606193820058886e-07,2.606963316816596e-07
9,step,step_r_5_eta_0.001,42009,18,200,18,124,7.77419354838718e-06,0.0,7.77419354838718e-06,7.77419354838718e-06,7.781027077571263e-06,1.236211392281633e-10,7.780784780138376e-06,7.78126937500415e-06,2.797980523461284e-07,1.669377576575098e-11,2.7976533254562753e-07,2.7983077214662927e-07
9,step,step_r_5_eta_0.001,42009,19,200,19,122,7.885245901639432e-06,1.2008914726627814e-22,7.885245901639432e-06,7.885245901639432e-06,7.891579306208048e-06,1.0824570516835312e-10,7.891367144625919e-06,7.891791467790178e-06,2.9950796925860186e-07,1.3657688064594997e-11,2.9948120018999525e-07,2.995347383272085e-07
9,step,step_r_5_eta_0.001,42009,20,200,20,120,8.000000000000086e-06,0.0,8.000000000000086e-06,8.000000000000086e-06,8.005914592527825e-06,9.259862973111603e-11,8.005733099213552e-06,8.006096085842097e-06,3.198192649192068e-07,1.1303481657737797e-11,3.1979711009515763e-07,3.19841419743256e-07
9,step,step_r_5_eta_0.001,42009,21,200,21,118,8.1186440677967e-06,1.2008914726627814e-22,8.1186440677967e-06,8.1186440677967e-06,8.124251767625818e-06,8.308285911621712e-11,8.12408892522195e-06,8.124414610029686e-06,3.4076445061249443e-07,9.345914310713424e-12,3.407461326204454e-07,3.4078276860454345e-07
9,step,step_r_5_eta_0.001,42009,22,200,22,116,8.241379310344914e-06,1.2008914726627814e-22,8.241379310344914e-06,8.241379310344914e-06,8.246707244591197e-06,7.336186972001174e-11,8.246563455326546e-06,8.246851033855848e-06,3.6236880473137847e-07,7.652935023680268e-12,3.6235380497873206e-07,3.623838044840249e-07
9,step,step_r_5_eta_0.001,42009,23,200,23,114,8.368421052631668e-06,0.0,8.368421052631668e-06,8.368421052631668e-06,8.373498520831203e-06,6.777657768322838e-11,8.373365678738943e-06,8.373631362923462e-06,3.8466123646926466e-07,6.8268062389247596e-12,3.8464785592903637e-07,3.8467461700949295e-07
9,step,step_r_5_eta_0.001,42009,24,200,24,112,8.500000000000088e-06,1.2008914726627814e-22,8.500000000000088e-06,8.500000000000088e-06,8.504861602298448e-06,6.247614020318147e-11,8.50473914906365e-06,8.504984055533246e-06,4.076861001305156e-07,6.468796018684885e-12,4.0767342129031897e-07,4.0769877897071224e-07
9,step,step_r_5_eta_0.001,42009,25,200,25,110,8.636363636363728e-06,0.0,8.636363636363728e-06,8.636363636363728e-06,8.641040900774625e-06,5.758133676735887e-11,8.640928041354561e-06,8.641153760194688e-06,4.31476372738753e-07,5.954386050907691e-12,4.314647021420932e-07,4.3148804333541277e-07
9,step,step_r_5_eta_0.001,42009,26,200,26,108,8.77777777777787e-06,1.2008914726627814e-22,8.77777777777787e-06,8.77777777777787e-06,8.782302038190774e-06,5.3946193796398435e-11,8.782196303650933e-06,8.782407772730614e-06,4.5607845029188997e-07,5.633877326313171e-12,4.560674078923304e-07,4.560894926914495e-07
9,step,step_r_5_eta_0.001,42009,27,200,27,106,8.924528301886885e-06,1.2008914726627814e-22,8.924528301886885e-06,8.924528301886885e-06,8.928911639228925e-06,5.1854018434531424e-11,8.928810005352793e-06,8.929013273105056e-06,4.81534679494529e-07,5.429099143932948e-12,4.815240384602069e-07,4.815453205288512e-07
9,step,step_r_5_eta_0.001,42009,28,200,28,104,9.076923076923172e-06,0.0,9.076923076923172e-06,9.076923076923172e-06,9.081187735074167e-06,5.003803280721157e-11,9.081089660529865e-06,9.081285809618468e-06,5.078937329313544e-07,5.269684062790694e-12,5.078834043505914e-07,5.079040615121174e-07
9,step,step_r_5_eta_0.001,42009,29,200,29,102,9.235294117647154e-06,1.2008914726627814e-22,9.235294117647154e-06,9.235294117647154e-06,9.239432977287588e-06,4.8433646743909755e-11,9.239338047339969e-06,9.239527907235207e-06,5.352089427912088e-07,5.110899222607036e-12,5.351989254287325e-07,5.352189601536852e-07
9,step,step_r_5_eta_0.001,42009,30,200,30,100,9.400000000000096e-06,1.2008914726627814e-22,9.400000000000096e-06,9.400000000000096e-06,9.404035404071642e-06,4.5967767355835814e-11,9.403945307247625e-06,9.40412550089566e-06,5.635377801177294e-07,4.94141230482805e-12,5.63528094949612e-07,5.635474652858469e-07
9,step,step_r_5_eta_0.001,42009,31,200,31,98,9.57142857142867e-06,1.2008914726627814e-22,9.57142857142867e-06,9.57142857142867e-06,9.575370966625615e-06,4.4178882568944186e-11,9.57528437601578e-06,9.57545755723545e-06,5.929419830958484e-07,5.004927362102686e-12,5.929321734382186e-07,5.929517927534781e-07
9,step,step_r_5_eta_0.001,42009,32,200,32,96,9.750000000000101e-06,0.0,9.750000000000101e-06,9.750000000000101e-06,9.753847820323235e-06,4.2771159313414684e-11,9.753763988850981e-06,9.75393165179549e-06,6.23486365802396e-07,4.8210014450709234e-12,6.234769166395637e-07,6.234958149652283e-07
9,step,step_r_5_eta_0.001,42009,33,200,33,94,9.936170212766061e-06,1.2008914726627814e-22,9.936170212766061e-06,9.936170212766061e-06,9.939939149545638e-06,4.085408876387002e-11,9.939859075531662e-06,9.940019223559615e-06,6.552463332356521e-07,4.852696936160332e-12,6.552368219496573e-07,6.55255844521647e-07
9,step,step_r_5_eta_0.001,42009,34,200,34,92,1.01304347826088e-05,0.0,1.01304347826088e-05,1.01304347826088e-05,1.0134128324967465e-05,3.546626379787474e-11,1.013405881109042e-05,1.0134197838844509e-05,6.883019933618165e-07,4.566840678479694e-12,6.882930423540868e-07,6.883109443695463e-07
9,step,step_r_5_eta_0.001,42009,35,200,35,90,1.033333333333344e-05,0.0,1.033333333333344e-05,1.033333333333344e-05,1.0336970109401772e-05,3.42131360791867e-11,1.0336903051655057e-05,1.0337037167148487e-05,7.227383504366191e-07,4.65077711217271e-12,7.227292349134792e-07,7.22747465959759e-07
9,step,step_r_5_eta_0.001,42009,36,200,36,88,1.054545454545465e-05,2.401782945325563e-22,1.054545454545465e-05,1.054545454545465e-05,1.0549032786797317e-05,3.3075297944656224e-11,1.0548967959213345e-05,1.0549097614381288e-05,7.586500177832661e-07,4.678357415285125e-12,7.586408482027321e-07,7.586591873638e-07
9,step,step_r_5_eta_0.001,42009,37,200,37,86,1.0767441860465225e-05,1.2008914726627814e-22,1.0767441860465225e-05,1.0767441860465225e-05,1.0770978127208423e-05,3.1895819900757525e-11,1.0770915611401417e-05,1.077104064301543e-05,7.961379948607437e-07,4.8298150523153255e-12,7.961285284232412e-07,7.961474612982462e-07
9,step,step_r_5_eta_0.001,42009,38,200,38,84,1.1000000000000115e-05,1.2008914726627814e-22,1.1000000000000115e-05,1.1000000000000115e-05,1.1003504085703137e-05,3.166795421211544e-11,1.1003442016512882e-05,1.1003566154893393e-05,8.353189220405745e-07,5.059483822187377e-12,8.35309005452283e-07,8.353288386288659e-07
9,step,step_r_5_eta_0.001,42009,39,200,39,82,1.1243902439024506e-05,1.2008914726627814e-22,1.1243902439024506e-05,1.1243902439024506e-05,1.1247373423766841e-05,3.0778847133984133e-11,1.1247313097226459e-05,1.1247433750307223e-05,8.763101900251144e-07,5.250743088885684e-12,8.762998985686602e-07,8.763204814815687e-07
9,step,step_r_5_eta_0.001,42009,40,200,40,80,1.1500000000000117e-05,0.0,1.1500000000000117e-05,1.1500000000000117e-05,1.1503431824439359e-05,3.017200773088748e-11,1.1503372687304206e-05,1.1503490961574511e-05,9.192511920925204e-07,5.315978075740503e-12,9.192407727754919e-07,9.192616114095488e-07
9,step,step_r_5_eta_0.001,42009,41,200,41,78,1.1769230769230889e-05,0.0,1.1769230769230889e-05,1.1769230769230889e-05,1.1772640145300905e-05,2.871286644317398e-11,1.1772583868082676e-05,1.1772696422519134e-05,9.64293266417373e-07,5.560181317926073e-12,9.6428236846199e-07,9.643041643727562e-07
9,step,step_r_5_eta_0.001,42009,42,200,42,76,1.2052631578947489e-05,1.2008914726627814e-22,1.2052631578947489e-05,1.2052631578947489e-05,1.2056024742127466e-05,2.8281342735176794e-11,1.2055969310695705e-05,1.2056080173559228e-05,1.0115991149899928e-06,5.708573968491767e-12,1.0115879261850145e-06,1.011610303794971e-06
9,step,step_r_5_eta_0.001,42009,43,200,43,74,1.235135135135148e-05,2.401782945325563e-22,1.235135135135148e-05,1.235135135135148e-05,1.2354734309426003e-05,2.8336201412110025e-11,1.2354678770471235e-05,1.235478984838077e-05,1.0613568928115152e-06,5.921464626753948e-12,1.0613452867408468e-06,1.0613684988821835e-06
9,step,step_r_5_eta_0.001,42009,44,200,44,72,1.2666666666666794e-05,0.0,1.2666666666666794e-05,1.2666666666666794e-05,1.2670038906460951e-05,2.7755607041462273e-11,1.266998450547115e-05,1.2670093307450752e-05,1.1137660256138475e-06,6.005817809270194e-12,1.1137542542109414e-06,1.1137777970167535e-06
9,step,step_r_5_eta_0.001,42009,45,200,45,70,1.300000000000013e-05,0.0,1.300000000000013e-05,1.300000000000013e-05,1.3003372629738434e-05,2.7976064494065903e-11,1.3003317796652025e-05,1.3003427462824842e-05,1.1690559642166226e-06,6.368681293363729e-12,1.1690434816012875e-06,1.1690684468319577e-06
9,step,step_r_5_eta_0.001,42009,46,200,46,68,1.3352941176470722e-05,0.0,1.3352941176470722e-05,1.3352941176470722e-05,1.3356312914080454e-05,2.8016155744703323e-11,1.3356258002415194e-05,1.3356367825745714e-05,1.2274797123838012e-06,6.6195321162752836e-12,1.2274667381008534e-06,1.227492686666749e-06
9,step,step_r_5_eta_0.001,42009,47,200,47,66,1.3727272727272863e-05,1.2008914726627814e-22,1.3727272727272863e-05,1.3727272727272863e-05,1.3730653105051803e-05,2.811158539390397e-11,1.373059800634443e-05,1.3730708203759175e-05,1.2893223279532154e-06,6.9400024596923246e-12,1.2893087255483944e-06,1.2893359303580364e-06
9,step,step_r_5_eta_0.001,42009,48,200,48,64,1.412500000000014e-05,0.0,1.412500000000014e-05,1.412500000000014e-05,1.4128403765994585e-05,2.8270154323943717e-11,1.412834835649211e-05,1.412845917549706e-05,1.3549045559010146e-06,7.441131432241585e-12,1.3548899712834074e-06,1.3549191405186219e-06
9,step,step_r_5_eta_0.001,42009,49,200,49,62,1.454838709677434e-05,1.2008914726627814e-22,1.454838709677434e-05,1.454838709677434e-05,1.4551812819458259e-05,2.808691947074602e-11,1.4551757769096096e-05,1.455186786982042e-05,1.4245898151695287e-06,7.644658456572022e-12,1.4245748316389538e-06,1.4246047987001036e-06
9,step,step_r_5_eta_0.001,42009,50,200,50,60,1.5000000000000148e-05,0.0,1.5000000000000148e-05,1.5000000000000148e-05,1.5003448339203492e-05,2.7829209070699406e-11,1.5003393793953714e-05,1.500350288445327e-05,1.4987869414447773e-06,8.111255782741732e-12,1.4987710433834432e-06,1.4988028395061115e-06
9,step,step_r_5_eta_0.001,42009,51,200,51,58,1.5482758620689805e-05,2.401782945325563e-22,1.5482758620689805e-05,1.5482758620689805e-05,1.5486241431308004e-05,2.7544879871054067e-11,1.5486187443343457e-05,1.548629541927255e-05,1.5779639704868003e-06,8.290338246080625e-12,1.577947721423838e-06,1.5779802195497626e-06
9,step,step_r_5_eta_0.001,42009,52,200,52,56,1.6000000000000152e-05,2.401782945325563e-22,1.6000000000000152e-05,1.6000000000000152e-05,1.600352122445327e-05,2.7595270630760405e-11,1.6003467137722834e-05,1.6003575311183705e-05,1.6626494239993598e-06,8.373150205042598e-12,1.662633012624958e-06,1.6626658353737616e-06
9,step,step_r_5_eta_0.001,42009,53,200,53,54,1.6555555555555715e-05,2.401782945325563e-22,1.6555555555555715e-05,1.6555555555555715e-05,1.6559118074728948e-05,2.7406398369606474e-11,1.6559064358188143e-05,1.6559171791269753e-05,1.753463387457302e-06,8.826819254554285e-12,1.753446086891563e-06,1.7534806880230408e-06
9,step,step_r_5_eta_0.001,42009,54,200,54,52,1.715384615384632e-05,0.0,1.715384615384632e-05,1.715384615384632e-05,1.715746156764406e-05,2.7732445946634434e-11,1.7157407212050004e-05,1.7157515923238114e-05,1.8511089303921756e-06,9.342439716413947e-12,1.8510906192103313e-06,1.8511272415740198e-06
9,step,step_r_5_eta_0.001,42009,55,200,55,50,1.780000000000017e-05,2.401782945325563e-22,1.780000000000017e-05,1.780000000000017e-05,1.7803674728804708e-05,2.8067238064404853e-11,1.78036197170181e-05,1.7803729740591314e-05,1.9564044320561884e-06,9.792867723514732e-12,1.95638523803545e-06,1.9564236260769266e-06
9,step,step_r_5_eta_0.001,42009,56,200,56,48,1.850000000000018e-05,0.0,1.850000000000018e-05,1.850000000000018e-05,1.8503731113351428e-05,2.8047406375515992e-11,1.8503676140434933e-05,1.8503786086267923e-05,2.0703090901604226e-06,1.0185849495947278e-11,2.0702891258954105e-06,2.0703290544254346e-06
9,step,step_r_5_eta_0.001,42009,57,200,57,46,1.9260869565217577e-05,0.0,1.9260869565217577e-05,1.9260869565217577e-05,1.926468158967185e-05,2.8347916549955447e-11,1.9264626027755413e-05,1.9264737151588286e-05,2.193942244612632e-06,1.0839199077037668e-11,2.193920999782441e-06,2.193963489442823e-06
9,step,step_r_5_eta_0.001,42009,58,200,58,44,2.0090909090909284e-05,0.0,2.0090909090909284e-05,2.0090909090909284e-05,2.009480692521634e-05,2.910788637843936e-11,2.009474987375904e-05,2.0094863976673642e-05,2.328634519826873e-06,1.1369273002398188e-11,2.3286122360517884e-06,2.328656803601958e-06
9,step,step_r_5_eta_0.001,42009,59,200,59,42,2.1000000000000206e-05,2.401782945325563e-22,2.1000000000000206e-05,2.1000000000000206e-05,2.100399536374409e-05,2.950495797326504e-11,2.1003937534026462e-05,2.1004053193461718e-05,2.475959237333416e-06,1.1995724438521914e-11,2.475935725713516e-06,2.4759827489533154e-06
9,step,step_r_5_eta_0.001,42009,60,200,60,40,2.200000000000021e-05,0.0,2.200000000000021e-05,2.200000000000021e-05,2.2004107827069625e-05,3.052295072884306e-11,2.2004048002086197e-05,2.2004167652053052e-05,2.6378172779562645e-06,1.2905377685992043e-11,2.637791983416e-06,2.637842572496529e-06
9,step,step_r_5_eta_0.001,42009,61,200,61,38,2.3105263157894954e-05,2.401782945325563e-22,2.3105263157894954e-05,2.3105263157894954e-05,2.310950150264326e-05,3.144692159364001e-11,2.310943986667694e-05,2.3109563138609585e-05,2.816505841584518e-06,1.3689564818859148e-11,2.816479010037473e-06,2.8165326731315627e-06
9,step,step_r_5_eta_0.001,42009,62,200,62,36,2.4333333333333563e-05,0.0,2.4333333333333563e-05,2.4333333333333563e-05,2.4337715721191407e-05,3.2237874652428766e-11,2.433765253495709e-05,2.4337778907425725e-05,3.01482555155556e-06,1.4963022930333766e-11,3.0147962240306166e-06,3.0148548790805033e-06
9,step,step_r_5_eta_0.001,42009,63,200,63,34,2.5705882352941422e-05,2.401782945325563e-22,2.5705882352941422e-05,2.5705882352941422e-05,2.5710426177505276e-05,3.314635155957248e-11,2.571036121065622e-05,2.5710491144354332e-05,3.2362417019642386e-06,1.563940201009718e-11,3.236211048736299e-06,3.2362723551921782e-06
9,step,step_r_5_eta_0.001,42009,64,200,64,32,2.7250000000000256e-05,0.0,2.7250000000000256e-05,2.7250000000000256e-05,2.725473711312848e-05,3.448267407036611e-11,2.7254669527087302e-05,2.7254804699169658e-05,3.485090171488213e-06,1.6973536771301615e-11,3.4850569033561413e-06,3.485123439620285e-06
9,step,step_r_5_eta_0.001,42009,65,200,65,30,2.900000000000027e-05,0.0,2.900000000000027e-05,2.900000000000027e-05,2.9004957766180613e-05,3.561525861275295e-11,2.9004887960273733e-05,2.9005027572087494e-05,3.766845460347522e-06,1.8050720445398746e-11,3.766810080935449e-06,3.7668808397595954e-06
9,step,step_r_5_eta_0.001,42009,66,200,66,28,3.100000000000028e-05,4.803565890651126e-22,3.100000000000028e-05,3.100000000000028e-05,3.100521755489361e-05,3.739596492706583e-11,3.100514425880235e-05,3.100529085098486e-05,4.088569746733319e-06,1.975832585354094e-11,4.088531020414646e-06,4.088608473051992e-06
9,step,step_r_5_eta_0.001,42009,67,200,67,26,3.330769230769262e-05,0.0,3.330769230769262e-05,3.330769230769262e-05,3.331320258704264e-05,3.8885168467136696e-11,3.3313126372112445e-05,3.331327880197283e-05,4.459469518886705e-06,2.189334832375693e-11,4.45942660792399e-06,4.459512429849419e-06
9,step,step_r_5_eta_0.001,42009,68,200,68,24,3.600000000000033e-05,0.0,3.600000000000033e-05,3.600000000000033e-05,3.600585738350315e-05,4.130735373902995e-11,3.600577642108982e-05,3.6005938345916476e-05,4.891862592624667e-06,2.4280332210289222e-11,4.891815003173535e-06,4.891910182075799e-06
9,step,step_r_5_eta_0.001,42009,69,200,69,22,3.918181818181854e-05,4.803565890651126e-22,3.918181818181854e-05,3.918181818181854e-05,3.918810103025316e-05,4.400577157553541e-11,3.918801477894087e-05,3.9188187281565444e-05,5.40249774013579e-06,2.7327912001941436e-11,5.4024441774282656e-06,5.402551302843314e-06
9,step,step_r_5_eta_0.001,42009,70,200,70,20,4.30000000000004e-05,4.803565890651126e-22,4.30000000000004e-05,4.30000000000004e-05,4.300678458375007e-05,4.736397769536862e-11,4.3006691750353784e-05,4.300687741714635e-05,6.014862516517695e-06,3.0840190724521624e-11,6.0148020697438755e-06,6.014922963291515e-06
9,step,step_r_5_eta_0.001,42009,71,200,71,18,4.766666666666711e-05,4.803565890651126e-22,4.766666666666711e-05,4.766666666666711e-05,4.7674073640021264e-05,5.1065953027052723e-11,4.767397355075333e-05,4.76741737292892e-05,6.762869650546239e-06,3.456971711460689e-11,6.762801893900694e-06,6.7629374071917834e-06
9,step,step_r_5_eta_0.001,42009,72,200,72,16,5.3500000000000494e-05,4.803565890651126e-22,5.3500000000000494e-05,5.3500000000000494e-05,5.350819255576567e-05,5.633159461437703e-11,5.350808214584022e-05,5.350830296569111e-05,7.697377051630952e-06,3.9037786063140935e-11,7.697300537570268e-06,7.697453565691635e-06
9,step,step_r_5_eta_0.001,42009,73,200,73,14,6.100000000000054e-05,9.607131781302251e-22,6.100000000000054e-05,6.100000000000054e-05,6.100919933956688e-05,6.341856088813953e-11,6.1009075039187535e-05,6.100932363994622e-05,8.89831697974379e-06,4.512326468768349e-11,8.898228538145002e-06,8.898405421342579e-06
9,step,step_r_5_eta_0.001,42009,74,200,74,12,7.100000000000064e-05,0.0,7.100000000000064e-05,7.100000000000064e-05,7.101055567713197e-05,7.250732340205392e-11,7.10104135627781e-05,7.101069779148583e-05,1.0498899395174396e-05,5.2527731352809114e-11,1.0498796440820944e-05,1.0499002349527849e-05
9,step,step_r_5_eta_0.001,42009,75,200,75,10,8.500000000000077e-05,0.0,8.500000000000077e-05,8.500000000000077e-05,8.50124177495415e-05,8.175661911397648e-11,8.501225750656804e-05,8.501257799251495e-05,1.2738903691461698e-05,6.425569601100351e-11,1.2738777750297517e-05,1.273902963262588e-05
9,step,step_r_5_eta_0.001,42009,76,200,76,8,0.00010600000000000095,0.0,0.00010600000000000095,0.00010600000000000095,0.00010601526844186248,1.0031380107465799e-10,0.00010601507182681238,0.00010601546505691258,1.609791225427606e-05,8.072326814872725e-11,1.6097754036670487e-05,1.609807047188163e-05
10,step,step_r_5_eta_0.05,42010,0,200,0,160,0.07796874999999981,0.0,0.07796874999999981,0.07796874999999981,0.07796874999999993,9.837702944053505e-19,0.07796874999999993,0.07796874999999993,0.0556264076786951,4.918851472026753e-19,0.0556264076786951,0.0556264076786951
10,step,step_r_5_eta_0.05,42010,1,200,1,158,0.06629746835443019,0.0,0.06629746835443019,0.06629746835443019,0.06747504813265932,8.444888531523155e-05,0.06730952831744147,0.06764056794787718,0.0460297970208428,7.166338161019606e-05,0.045889336792886815,0.04617025724879878
10,step,step_r_5_eta_0.05,42010,2,200,2,156,0.05432692307692289,4.918851472026753e-19,0.05432692307692289,0.05432692307692289,0.057771187883223524,0.0001759588842019822,0.05742630847018764,0.058116067296259406,0.037087634439993106,0.0001554148077251878,0.03678302141685174,0.03739224746313447
10,step,step_r_5_eta_0.05,42010,3,200,3,154,0.04204545454545434,4.918851472026753e-19,0.04204545454545434,0.04204545454545434,0.0488801830286944,0.0002432213864964214,0.04840346911116142,0.049356896946227385,0.028860271320276788,0.00021690471015311464,0.028435138088376683,0.029285404552176892
10,step,step_r_5_eta_0.05,42010,4,200,4,152,0.029440789473684007,2.4594257360133763e-19,0.029440789473684007,0.029440789473684007,0.04128714488447107,0.000285741884849046,0.04072709079016694,0.0418471989787752,0.021812065753127313,0.00025781536471879965,0.021306747638278466,0.02231738386797616
10,step,step_r_5_eta_0.05,42010,5,200,5,150,0.016499999999999796,0.0,0.016499999999999796,0.016499999999999796,0.03553260193089223,0.0003188949295579365,0.03490756786895867,0.03615763599282579,0.016436801441922607,0.00028913410100896576,0.015870098603945035,0.01700350427990018
10,step,step_r_5_eta_0.05,42010,6,200,6,148,0.016689189189188987,2.4594257360133763e-19,0.016689189189188987,0.016689189189188987,0.03110282849698498,0.000313173014392526,0.03048900938877563,0.03171664760519433,0.012287460501423987,0.00028393013416167954,0.011730957438467096,0.012843963564380879
10,step,step_r_5_eta_0.05,42010,7,200,7,146,0.01688356164383541,2.4594257360133763e-19,0.01688356164383541,0.01688356164383541,0.02769512246936352,0.0002759294197947779,0.027154300806565754,0.028235944132161284,0.009083686469476753,0.0002489457322641086,0.0085957528342391,0.009571620104714407
10,step,step_r_5_eta_0.05,42010,8,200,8,144,0.01708333333333312,2.4594257360133763e-19,0.01708333333333312,0.01708333333333312,0.025289336956956163,0.00022949831250771688,0.02483952026444104,0.025739153649471287,0.0067907890324334875,0.00020490762536024102,0.006389170086727415,0.00719240797813956
10,step,step_r_5_eta_0.05,42010,9,200,9,142,0.017288732394365985,0.0,0.017288732394365985,0.017288732394365985,0.023678898515522535,0.00019207786457907145,0.023302425900947554,0.024055371130097515,0.005235947546264751,0.00017054315556589377,0.004901682961355599,0.005570212131173902
10,step,step_r_5_eta_0.05,42010,10,200,10,140,0.01749999999999979,2.4594257360133763e-19,0.01749999999999979,0.01749999999999979,0.022696735672792928,0.0001586459187023489,0.022385789672136325,0.02300768167344953,0.004239838906792876,0.00013945330164274363,0.003966510435573099,0.0045131673780126535
10,step,step_r_5_eta_0.05,42010,11,200,11,138,0.017717391304347605,2.4594257360133763e-19,0.017717391304347605,0.017717391304347605,0.022086505335018217,0.0001345063865655411,0.021822872817349757,0.022350137852686677,0.003572686942588501,0.00011665326120135011,0.0033440465506338547,0.0038013273345431473
10,step,step_r_5_eta_0.05,42010,12,200,12,136,0.017941176470588016,0.0,0.017941176470588016,0.017941176470588016,0.021573455191029302,0.00011483787437904071,0.021348372957246384,0.02179853742481222,0.002988540441874444,9.856789021730625e-05,0.002795347377048524,0.0031817335067003643
10,step,step_r_5_eta_0.05,42010,13,200,13,134,0.01817164179104455,2.4594257360133763e-19,0.01817164179104455,0.01817164179104455,0.021278566213485818,9.601283229145231e-05,0.02109038106219457,0.021466751364777065,0.0025923637035329492,8.175867114813738e-05,0.0024321167080826,0.0027526106989832983
10,step,step_r_5_eta_0.05,42010,14,200,14,132,0.01840909090909068,2.4594257360133763e-19,0.01840909090909068,0.01840909090909068,0.02102689558310684,7.987103628233126e-05,0.020870348351993473,0.02118344281422021,0.0022323947123513784,6.735794720413926e-05,0.0021003731358312655,0.0023644162888714912
10,step,step_r_5_eta_0.05,42010,15,200,15,130,0.01865384615384593,2.4594257360133763e-19,0.01865384615384593,0.01865384615384593,0.020857656833646196,5.726171579651857e-05,0.02074542387068502,0.020969889796607372,0.0019372888213620135,4.658714956731592e-05,0.0018459780082100742,0.0020285996345139525
10,step,step_r_5_eta_0.05,42010,16,200,16,128,0.018906249999999764,4.918851472026753e-19,0.018906249999999764,0.018906249999999764,0.02082846766590313,5.0137549184399655e-05,0.020730198069501708,0.020926737262304554,0.0017614463506626925,4.0146770348164034e-05,0.001682758680780291,0.001840134020545094
10,step,step_r_5_eta_0.05,42010,17,200,17,126,0.019166666666666436,2.4594257360133763e-19,0.019166666666666436,0.019166666666666436,0.020866586146498996,4.463211977498784e-05,0.02077910719174002,0.02095406510125797,0.0016374050956641456,3.550961527124366e-05,0.001567806249732508,0.0017070039415957832
10,step,step_r_5_eta_0.05,42010,18,200,18,124,0.019435483870967506,0.0,0.019435483870967506,0.019435483870967506,0.02095603587293722,3.7142767911281876e-05,0.020883236047831107,0.021028835698043334,0.00154914530143681,2.9043136441978964e-05,0.0014922207540105311,0.0016060698488630889
10,step,step_r_5_eta_0.05,42010,19,200,19,122,0.01971311475409812,0.0,0.01971311475409812,0.01971311475409812,0.021093340375594787,3.449559962413691e-05,0.021025729000331478,0.021160951750858095,0.0014950079271472195,2.6923707659242e-05,0.0014422374601351052,0.0015477783941593337
10,step,step_r_5_eta_0.05,42010,20,200,20,120,0.01999999999999976,2.4594257360133763e-19,0.01999999999999976,0.01999999999999976,0.021252768204259285,3.0630364422168904e-05,0.021192732689991833,0.021312803718526736,0.0014527214347346345,2.333761635455268e-05,0.0014069797066797113,0.0014984631627895577
10,step,step_r_5_eta_0.05,42010,21,200,21,118,0.02029661016949128,2.4594257360133763e-19,0.02029661016949128,0.02029661016949128,0.021442280434085848,2.7587162551961673e-05,0.021388209595484004,0.021496351272687692,0.001427799481130993,2.0906972866083164e-05,0.0013868218143134698,0.001468777147948516
10,step,step_r_5_eta_0.05,42010,22,200,22,116,0.02060344827586183,4.918851472026753e-19,0.02060344827586183,0.02060344827586183,0.02165700185237101,2.0427597077525066e-05,0.02161696376209906,0.021697039942642958,0.0014154696077087522,1.433670641482506e-05,0.001387369663135695,0.0014435695522818093
10,step,step_r_5_eta_0.05,42010,23,200,23,114,0.020921052631578698,2.4594257360133763e-19,0.020921052631578698,0.020921052631578698,0.02190257222034577,1.8581868174467115e-05,0.021866151758723817,0.021938992681967726,0.0014218417391171267,1.2859440997395502e-05,0.0013966372347622316,0.0014470462434720218
10,step,step_r_5_eta_0.05,42010,24,200,24,112,0.021249999999999748,2.4594257360133763e-19,0.021249999999999748,0.021249999999999748,0.022168614532409557,1.6311660349434934e-05,0.022136643678124665,0.02220058538669445,0.00143682018868232,1.108036969577974e-05,0.0014151026640785917,0.0014585377132860485
10,step,step_r_5_eta_0.05,42010,25,200,25,110,0.021590909090908834,2.4594257360133763e-19,0.021590909090908834,0.021590909090908834,0.022454899709957576,1.4306005339454146e-05,0.022426859939492245,0.022482939480422907,0.0014594437117266817,9.378967828270503e-06,0.0014410609347832715,0.0014778264886700918
10,step,step_r_5_eta_0.05,42010,26,200,26,108,0.021944444444444183,0.0,0.021944444444444183,0.021944444444444183,0.02276137434178012,1.341551272179844e-05,0.022735079936845395,0.022787668746714843,0.0014899890912613589,8.542912419260806e-06,0.0014732449829196078,0.00150673319960311
10,step,step_r_5_eta_0.05,42010,27,200,27,106,0.022311320754716712,2.4594257360133763e-19,0.022311320754716712,0.022311320754716712,0.02308575870858225,1.2102181222389534e-05,0.023062038433386365,0.023109478983778135,0.0015258369267318378,7.487881236867352e-06,0.0015111606795075777,0.0015405131739560979
10,step,step_r_5_eta_0.05,42010,28,200,28,104,0.022692307692307425,2.4594257360133763e-19,0.022692307692307425,0.022692307692307425,0.023433597636849542,1.1565858387144966e-05,0.023410928554410737,0.023456266719288348,0.001570661761844319,7.042655385595977e-06,0.001556858157288551,0.001584465366400087
10,step,step_r_5_eta_0.05,42010,29,200,29,102,0.023088235294117368,2.4594257360133763e-19,0.023088235294117368,0.023088235294117368,0.023797702926382964,1.0885746322801245e-05,0.023776366863590272,0.023819038989175655,0.0016192891155232198,6.517181176934504e-06,0.0016065154404164281,0.0016320627906300114
10,step,step_r_5_eta_0.05,42010,30,200,30,100,0.023499999999999722,0.0,0.023499999999999722,0.023499999999999722,0.02417704048186344,9.839842143321963e-06,0.024157754391262526,0.02419632657246435,0.0016698668196841971,5.753140706465541e-06,0.0016585906638995247,0.0016811429754688696
10,step,step_r_5_eta_0.05,42010,31,200,31,98,0.02392857142857114,4.918851472026753e-19,0.02392857142857114,0.02392857142857114,0.024582040420505654,9.200476220868725e-06,0.02456400748711275,0.024600073353898556,0.0017287912332056448,5.305257926001706e-06,0.0017183929276706814,0.0017391895387406083
10,step,step_r_5_eta_0.05,42010,32,200,32,96,0.024374999999999706,4.918851472026753e-19,0.024374999999999706,0.024374999999999706,0.025003675385757047,8.536527394075136e-06,0.02498694379206466,0.025020406979449433,0.0017899734969532533,4.827385722156503e-06,0.0017805118209378266,0.00179943517296868
10,step,step_r_5_eta_0.05,42010,33,200,33,94,0.024840425531914602,0.0,0.024840425531914602,0.024840425531914602,0.025450533557918674,8.345374281493484e-06,0.025434176624326947,0.0254668904915104,0.0018581460683076462,4.654573313548902e-06,0.0018490231046130903,0.001867269032002202
10,step,step_r_5_eta_0.05,42010,34,200,34,92,0.025326086956521436,2.4594257360133763e-19,0.025326086956521436,0.025326086956521436,0.025917620080687168,7.757348821502796e-06,0.025902415676997022,0.025932824484377313,0.0019294235420376851,4.266094533691706e-06,0.0019210619967516495,0.0019377850873237208
10,step,step_r_5_eta_0.05,42010,35,200,35,90,0.025833333333333038,7.378277208040128e-19,0.025833333333333038,0.025833333333333038,0.02641153939554629,7.519600247978634e-06,0.026396800979060255,0.02642627781203233,0.0020074781631675837,4.094159238339893e-06,0.0019994536110604375,0.00201550271527473
10,step,step_r_5_eta_0.05,42010,36,200,36,88,0.02636363636363605,2.4594257360133763e-19,0.02636363636363605,0.02636363636363605,0.02692772794091347,6.915418082436623e-06,0.026914173721471896,0.026941282160355046,0.0020885101257618727,3.678656599938519e-06,0.0020812999588259934,0.002095720292697752
10,step,step_r_5_eta_0.05,42010,37,200,37,86,0.026918604651162473,0.0,0.026918604651162473,0.026918604651162473,0.02747297069356967,6.727226019499005e-06,0.027459785330571453,0.027486156056567887,0.002176229303384754,3.566801134742555e-06,0.0021692383731606586,0.0021832202336088493
10,step,step_r_5_eta_0.05,42010,38,200,38,84,0.027499999999999688,7.378277208040128e-19,0.027499999999999688,0.027499999999999688,0.028043175909588977,6.509722219874994e-06,0.028030416854038023,0.02805593496513993,0.002267219901693143,3.4220930125285006e-06,0.002260512599388587,0.0022739272039976987
10,step,step_r_5_eta_0.05,42010,39,200,39,82,0.028109756097560654,4.918851472026753e-19,0.028109756097560654,0.028109756097560654,0.028645436756589485,6.369223427729648e-06,0.028632953078671135,0.028657920434507836,0.002364884878435842,3.3345689615152054e-06,0.002358349123271272,0.002371420633600412
10,step,step_r_5_eta_0.05,42010,40,200,40,80,0.02874999999999966,2.4594257360133763e-19,0.02874999999999966,0.02874999999999966,0.029276467493080268,6.050921508197832e-06,0.0292646076869242,0.029288327299236337,0.0024663921948096285,3.114369128327394e-06,0.0024602880313181067,0.0024724963583011503
10,step,step_r_5_eta_0.05,42010,41,200,41,78,0.02942307692307657,7.378277208040128e-19,0.02942307692307657,0.02942307692307657,0.02994165501556899,5.807071002388635e-06,0.02993027315640431,0.029953036874733673,0.0025739546915038514,2.9396048206558905e-06,0.002568193066055366,0.002579716316952337
10,step,step_r_5_eta_0.05,42010,42,200,42,76,0.03013157894736807,2.4594257360133763e-19,0.03013157894736807,0.03013157894736807,0.030643984140837247,5.500374788727536e-06,0.030633203406251343,0.03065476487542315,0.0026880343077897704,2.7203700035271285e-06,0.0026827023825828572,0.0026933662329966836
10,step,step_r_5_eta_0.05,42010,43,200,43,74,0.030878378378378032,7.378277208040128e-19,0.030878378378378032,0.030878378378378032,0.03138567320209649,5.140261499971425e-06,0.03137559828955654,0.03139574811463643,0.00280873575652387,2.451056973143736e-06,0.0028039316848565083,0.002813539828191232
10,step,step_r_5_eta_0.05,42010,44,200,44,72,0.031666666666666295,4.918851472026753e-19,0.031666666666666295,0.031666666666666295,0.03217032775289225,5.130566034909813e-06,0.032160271843463824,0.03218038366232067,0.0029369166804829473,2.4361546520425824e-06,0.0029321418173649436,0.002941691543600951
10,step,step_r_5_eta_0.05,42010,45,200,45,70,0.03249999999999963,4.918851472026753e-19,0.03249999999999963,0.03249999999999963,0.033000961344408844,5.01176327893944e-06,0.03299113828838212,0.03301078440043557,0.003072663960448613,2.352145699143071e-06,0.0030680537548782925,0.003077274166018933
10,step,step_r_5_eta_0.05,42010,46,200,46,68,0.033382352941176086,0.0,0.033382352941176086,0.033382352941176086,0.03388148147272287,5.027023213836253e-06,0.03387162850722376,0.03389133443822199,0.0032166842692210656,2.350515974586896e-06,0.003212077257910875,0.003221291280531256
10,step,step_r_5_eta_0.05,42010,47,200,47,66,0.034318181818181415,4.918851472026753e-19,0.034318181818181415,0.034318181818181415,0.03481557657973117,4.924008848708436e-06,0.0348059255223877,0.034825227637074636,0.003369283101272462,2.2833736645176076e-06,0.0033648076888900076,0.0033737585136549165
10,step,step_r_5_eta_0.05,42010,48,200,48,64,0.03531249999999958,9.837702944053505e-19,0.03531249999999958,0.03531249999999958,0.03581025781509868,4.988134631638872e-06,0.03580048107122067,0.03582003455897669,0.003532090967743554,2.2897837923273483e-06,0.0035276029915105923,0.0035365789439765157
10,step,step_r_5_eta_0.05,42010,49,200,49,62,0.03637096774193506,4.918851472026753e-19,0.03637096774193506,0.03637096774193506,0.036869859595614465,4.989480279396108e-06,0.03686008021426685,0.03687963897696208,0.0037054839043267774,2.280067021338727e-06,0.0037010149729649537,0.003709952835688601
10,step,step_r_5_eta_0.05,42010,50,200,50,60,0.037499999999999575,4.918851472026753e-19,0.037499999999999575,0.037499999999999575,0.038000334538391904,4.88760292168044e-06,0.03799075483666541,0.038009914240118396,0.0038900980835183618,2.178501920249281e-06,0.0038858282197546733,0.0038943679472820503
10,step,step_r_5_eta_0.05,42010,51,200,51,58,0.03870689655172371,9.837702944053505e-19,0.03870689655172371,0.03870689655172371,0.03920912982068619,4.8473133037875185e-06,0.03919962908661077,0.03921863055476161,0.00408734332913904,2.142590145338858e-06,0.004083143852454176,0.004091542805823904
10,step,step_r_5_eta_0.05,42010,52,200,52,56,0.039999999999999536,4.918851472026753e-19,0.039999999999999536,0.039999999999999536,0.04050576634421668,4.768105796047333e-06,0.04049642085685643,0.04051511183157693,0.004298994696217263,2.075311784043855e-06,0.004294927085120537,0.004303062307313989
10,step,step_r_5_eta_0.05,42010,53,200,53,54,0.04138888888888842,0.0,0.04138888888888842,0.04138888888888842,0.0418979979390234,4.6688201821965005e-06,0.041888847051466296,0.041907148826580504,0.004525793610585461,2.009077126197339e-06,0.004521855819418114,0.004529731401752808
10,step,step_r_5_eta_0.05,42010,54,200,54,52,0.0428846153846149,4.918851472026753e-19,0.0428846153846149,0.0428846153846149,0.043399485460486026,4.677537268797117e-06,0.043390317487439184,0.04340865343353287,0.004770584279823009,2.0005022248056734e-06,0.00476666329546239,0.004774505264183628
10,step,step_r_5_eta_0.05,42010,55,200,55,50,0.0444999999999995,0.0,0.0444999999999995,0.0444999999999995,0.04502166530863816,4.673782243568665e-06,0.04501250469544076,0.045030825921835556,0.005034909681113988,1.9960885019867107e-06,0.005030997347650094,0.0050388220145778815
10,step,step_r_5_eta_0.05,42010,56,200,56,48,0.046249999999999465,9.837702944053505e-19,0.046249999999999465,0.046249999999999465,0.0467789306121381,4.6819814837849565e-06,0.04676975392842988,0.04678810729584632,0.0053207482417425836,1.9813253396340115e-06,0.0053168648440769005,0.005324631639408267
10,step,step_r_5_eta_0.05,42010,57,200,57,46,0.048152173913042925,4.918851472026753e-19,0.048152173913042925,0.048152173913042925,0.04869052310127591,4.693064692380692e-06,0.04868132469447885,0.048699721508072974,0.005631607199141539,1.9654034156772537e-06,0.005627755008446811,0.005635459389836266
10,step,step_r_5_eta_0.05,42010,58,200,58,44,0.050227272727272156,4.918851472026753e-19,0.050227272727272156,0.050227272727272156,0.05077688767556365,4.813618102478294e-06,0.0507674529840828,0.05078632236704451,0.005970757954070396,2.0015817853808416e-06,0.005966834853771049,0.005974681054369742
10,step,step_r_5_eta_0.05,42010,59,200,59,42,0.05249999999999943,1.4756554416080256e-18,0.05249999999999943,0.05249999999999943,0.05306197289543653,4.787965304494257e-06,0.053052588483439723,0.053071357307433335,0.006341663593140399,1.9635267274203714e-06,0.006337815080754655,0.006345512105526143
10,step,step_r_5_eta_0.05,42010,60,200,60,40,0.054999999999999376,4.918851472026753e-19,0.054999999999999376,0.054999999999999376,0.05557621520543457,4.832890462151805e-06,0.05556674274012875,0.05558568767074039,0.006749547414518151,1.968404268351176e-06,0.006745689342152183,0.0067534054868841195
10,step,step_r_5_eta_0.05,42010,61,200,61,38,0.05776315789473619,4.918851472026753e-19,0.05776315789473619,0.05776315789473619,0.05835541356432124,4.8742952371723674e-06,0.05834585994565638,0.058364967182986095,0.007199887559031349,1.9656293534522147e-06,0.007196034925498583,0.007203740192564116
10,step,step_r_5_eta_0.05,42010,62,200,62,36,0.060833333333332636,1.4756554416080256e-18,0.060833333333332636,0.060833333333332636,0.06144406074915536,4.96650365329983e-06,0.06143432640199489,0.06145379509631582,0.007699960977005106,1.983426659479067e-06,0.007696073460752527,0.007703848493257685
10,step,step_r_5_eta_0.05,42010,63,200,63,34,0.06426470588235222,0.0,0.06426470588235222,0.06426470588235222,0.06489745810392819,5.110776692556943e-06,0.06488744098161078,0.0649074752262456,0.0082588610368436,2.027257978086902e-06,0.00825488761120655,0.008262834462480651
10,step,step_r_5_eta_0.05,42010,64,200,64,32,0.06812499999999921,1.967540588810701e-18,0.06812499999999921,0.06812499999999921,0.06878345045353737,5.3529533458176925e-06,0.06877295866497957,0.06879394224209517,0.008887436079472032,2.1192196126261737e-06,0.008883282409031284,0.00889158974991278
10,step,step_r_5_eta_0.05,42010,65,200,65,30,0.0724999999999992,9.837702944053505e-19,0.0724999999999992,0.0724999999999992,0.07318803960286434,5.536567865458046e-06,0.07317718792984804,0.07319889127588064,0.009599294868236432,2.1817795963698736e-06,0.009595018580227547,0.009603571156245317
10,step,step_r_5_eta_0.05,42010,66,200,66,28,0.07749999999999913,9.837702944053505e-19,0.07749999999999913,0.07749999999999913,0.07822107392816963,5.8327027338815476e-06,0.07820964183081122,0.07823250602552803,0.01041186930364118,2.2816766273237116e-06,0.010407397217451627,0.010416341389830735
10,step,step_r_5_eta_0.05,42010,67,200,67,26,0.08326923076922986,9.837702944053505e-19,0.08326923076922986,0.08326923076922986,0.08402915753212623,6.142996861933312e-06,0.08401711725827683,0.08404119780597562,0.011348942881461764,2.39033954187371e-06,0.01134425781595969,0.011353627946963837
10,step,step_r_5_eta_0.05,42010,68,200,68,24,0.08999999999999898,1.967540588810701e-18,0.08999999999999898,0.08999999999999898,0.09080743447904141,6.42495246921231e-06,0.09079484157220176,0.09082002738588106,0.012442134256393723,2.481936398729871e-06,0.012437269661052212,0.012446998851735233
10,step,step_r_5_eta_0.05,42010,69,200,69,22,0.09795454545454438,0.0,0.09795454545454438,0.09795454545454438,0.09881531395114056,6.811342349169807e-06,0.09880196372013618,0.09882866418214493,0.013732113672102229,2.623636566750974e-06,0.013726971344431398,0.01373725599977306
10,step,step_r_5_eta_0.05,42010,70,200,70,20,0.10749999999999883,9.837702944053505e-19,0.10749999999999883,0.10749999999999883,0.10842764387421269,7.3799051612328085e-06,0.10841317926009668,0.1084421084883287,0.015280320756889716,2.844784755843942e-06,0.015274744978768262,0.01528589653501117
10,step,step_r_5_eta_0.05,42010,71,200,71,18,0.11916666666666532,2.951310883216051e-18,0.11916666666666532,0.11916666666666532,0.12017733794151848,7.903675088053639e-06,0.1201618467383459,0.12019282914469107,0.01717186322310706,3.0178925921827844e-06,0.017165948153626383,0.017177778292587736
10,step,step_r_5_eta_0.05,42010,72,200,72,16,0.1337499999999985,1.967540588810701e-18,0.1337499999999985,0.1337499999999985,0.13486414967970262,8.72163281539687e-06,0.13484705527938443,0.1348812440800208,0.01953489807306967,3.3236009408131625e-06,0.019528383815225675,0.019541412330913666
10,step,step_r_5_eta_0.05,42010,73,200,73,14,0.15249999999999833,0.0,0.15249999999999833,0.15249999999999833,0.15374843029431934,9.652256121466226e-06,0.15372951187232126,0.15376734871631742,0.02257215622756039,3.666320119431373e-06,0.022564970240126304,0.022579342214994476
10,step,step_r_5_eta_0.05,42010,74,200,74,12,0.17749999999999802,3.935081177621402e-18,0.17749999999999802,0.17749999999999802,0.1789287665141035,1.0899895201134763e-05,0.17890740271950928,0.17895013030869772,0.026620608395676912,4.144274787460782e-06,0.02661248561709349,0.026628731174260335
10,step,step_r_5_eta_0.05,42010,75,200,75,10,0.2124999999999977,0.0,0.2124999999999977,0.2124999999999977,0.21418215866106638,1.2900106874734535e-05,0.2141568744515919,0.21420744287054086,0.03228678004084085,4.899868621303928e-06,0.0322771762983431,0.03229638378333861
10,step,step_r_5_eta_0.05,42010,76,200,76,8,0.26499999999999707,3.935081177621402e-18,0.26499999999999707,0.26499999999999707,0.267063090258067,1.5670449515089228e-05,0.2670323761770174,0.2670938043391166,0.0407837840372075,5.89795358090801e-06,0.04077222404818892,0.040795344026226074
11,step,step_r_5_eta_0.1,42011,0,200,0,160,0.12437499999999924,0.0,0.12437499999999924,0.12437499999999924,0.12437500000000005,9.837702944053505e-19,0.12437500000000005,0.12437500000000005,0.04992964549801386,0.0,0.04992964549801386,0.04992964549801386
11,step,step_r_5_eta_0.1,42011,1,200,1,158,0.11329113924050559,1.967540588810701e-18,0.11329113924050559,0.11329113924050559,0.11787132166740279,0.00014728184779333684,0.11758264924572785,0.11815999408907772,0.04389355822287135,0.00012170872061556853,0.043655009130464835,0.04413210731527787
11,step,step_r_5_eta_0.1,42011,2,200,2,156,0.10192307692307613,9.837702944053505e-19,0.10192307692307613,0.10192307692307613,0.11217908322638769,0.00022000579115129314,0.11174787187573115,0.11261029457704422,0.03854007967189701,0.0001829870128994614,0.038181425126614064,0.03889873421717995
11,step,step_r_5_eta_0.1,42011,3,200,3,154,0.09025974025973946,9.837702944053505e-19,0.09025974025973946,0.09025974025973946,0.10666296732676468,0.00026198962673315904,0.10614946765836769,0.10717646699516167,0.03335471802711518,0.00021932615140705076,0.03292483877035736,0.033784597283872994
11,step,step_r_5_eta_0.1,42011,4,200,4,152,0.07828947368420971,9.837702944053505e-19,0.07828947368420971,0.07828947368420971,0.10255394850983372,0.0003029034939831379,0.10196025766162677,0.10314763935804068,0.029347289266694256,0.0002546952710321357,0.02884808653547127,0.02984649199791724
11,step,step_r_5_eta_0.1,42011,5,200,5,150,0.06599999999999918,0.0,0.06599999999999918,0.06599999999999918,0.09895438452222372,0.0003067084919329258,0.09835323587803518,0.09955553316641225,0.02578427781165574,0.00025783423941725216,0.025278922702397927,0.026289632920913554
11,step,step_r_5_eta_0.1,42011,6,200,6,148,0.06675675675675595,9.837702944053505e-19,0.06675675675675595,0.06675675675675595,0.09581103590467226,0.0003161918317187983,0.09519129991450341,0.0964307718948411,0.022605795072839125,0.00026516565391963257,0.022086070391156645,0.023125519754521606
11,step,step_r_5_eta_0.1,42011,7,200,7,146,0.06753424657534164,9.837702944053505e-19,0.06753424657534164,0.06753424657534164,0.09345202843664771,0.0003155472712150537,0.0928335557850662,0.09407050108822922,0.020106273306141408,0.00026362949666001745,0.019589559492687775,0.02062298711959504
11,step,step_r_5_eta_0.1,42011,8,200,8,144,0.06833333333333248,9.837702944053505e-19,0.06833333333333248,0.06833333333333248,0.09123420635390475,0.00030215173422074016,0.0906419889548321,0.0918264237529774,0.017718828926861246,0.0002516036223666372,0.01722568582702264,0.018211972026699854
11,step,step_r_5_eta_0.1,42011,9,200,9,142,0.06915492957746394,0.0,0.06915492957746394,0.06915492957746394,0.0897219840363002,0.00027633872171912565,0.08918036014173071,0.0902636079308697,0.015919978413648693,0.0002290238866682542,0.015471091595778915,0.01636886523151847
11,step,step_r_5_eta_0.1,42011,10,200,10,140,0.06999999999999916,9.837702944053505e-19,0.06999999999999916,0.06999999999999916,0.0885906416387461,0.0002702731000353818,0.08806090636267674,0.08912037691481545,0.01444427947323629,0.00022278224745866262,0.014007626268217312,0.014880932678255267
11,step,step_r_5_eta_0.1,42011,11,200,11,138,0.07086956521739042,9.837702944053505e-19,0.07086956521739042,0.07086956521739042,0.08772940287152277,0.00025862712650439023,0.08722249370357417,0.08823631203947137,0.013179325102421778,0.00021145775780299014,0.012764867897127918,0.013593782307715638
11,step,step_r_5_eta_0.1,42011,12,200,12,136,0.07176470588235206,0.0,0.07176470588235206,0.07176470588235206,0.08717582337518047,0.00024080142567510905,0.08670385258085725,0.08764779416950369,0.012166630561727853,0.00019561421083959943,0.011783226708482237,0.012550034414973469
11,step,step_r_5_eta_0.1,42011,13,200,13,134,0.0726865671641782,9.837702944053505e-19,0.0726865671641782,0.0726865671641782,0.08666510113640424,0.00021806723675900364,0.0862376893523566,0.08709251292045189,0.011164076122778801,0.00017588315432302048,0.010819345140305681,0.011508807105251921
11,step,step_r_5_eta_0.1,42011,14,200,14,132,0.07363636363636272,9.837702944053505e-19,0.07363636363636272,0.07363636363636272,0.0864707071183729,0.0001999630563251926,0.08607877952797552,0.08686263470877029,0.010411805375341561,0.00016005795171177088,0.010098091789986491,0.010725518960696631
11,step,step_r_5_eta_0.1,42011,15,200,15,130,0.07461538461538372,9.837702944053505e-19,0.07461538461538372,0.07461538461538372,0.08654126130655948,0.00019293834128427355,0.08616310215764231,0.08691942045547665,0.009864668397412677,0.00015315479878254555,0.009564484991798888,0.010164851803026467
11,step,step_r_5_eta_0.1,42011,16,200,16,128,0.07562499999999905,1.967540588810701e-18,0.07562499999999905,0.07562499999999905,0.08656656685477135,0.00018017255256651287,0.08621342865174099,0.08691970505780171,0.00926570963070348,0.0001410877118665672,0.008989177715445008,0.009542241545961951
11,step,step_r_5_eta_0.1,42011,17,200,17,126,0.07666666666666574,9.837702944053505e-19,0.07666666666666574,0.07666666666666574,0.08683655513349152,0.00016668032133407176,0.08650986170367674,0.0871632485633063,0.008847323111499944,0.00012942131844929794,0.00859365732733932,0.009100988895660567
11,step,step_r_5_eta_0.1,42011,18,200,18,124,0.07774193548387003,0.0,0.07774193548387003,0.07774193548387003,0.08721127120846159,0.00015256957175690272,0.08691223484781806,0.08751030756910512,0.008495701565294188,0.00011716829008335797,0.008266051716730807,0.008725351413857569
11,step,step_r_5_eta_0.1,42011,19,200,19,122,0.07885245901639248,0.0,0.07885245901639248,0.07885245901639248,0.08767755067231463,0.00013739775804608113,0.0874082510665443,0.08794685027808495,0.008193679921304115,0.00010402452202124687,0.007989791858142472,0.008397567984465759
11,step,step_r_5_eta_0.1,42011,20,200,20,120,0.07999999999999904,9.837702944053505e-19,0.07999999999999904,0.07999999999999904,0.08825698369721176,0.00012740818748681196,0.08800726364973761,0.0885067037446859,0.007963436122493759,9.568278707300227e-05,0.007775897859830675,0.008150974385156844
11,step,step_r_5_eta_0.1,42011,21,200,21,118,0.08118644067796511,9.837702944053505e-19,0.08118644067796511,0.08118644067796511,0.08896144393029354,0.00011600430138204925,0.08873407549958472,0.08918881236100236,0.007808015951233578,8.619043905797146e-05,0.0076390826906799535,0.007976949211787201
11,step,step_r_5_eta_0.1,42011,22,200,22,116,0.08241379310344732,1.967540588810701e-18,0.08241379310344732,0.08241379310344732,0.08978003502509718,0.00010544032256865235,0.08957337199286262,0.08998669805733174,0.007714137134158554,7.745583497643014e-05,0.007562323697604751,0.007865950570712358
11,step,step_r_5_eta_0.1,42011,23,200,23,114,0.08368421052631479,9.837702944053505e-19,0.08368421052631479,0.08368421052631479,0.09061175358568828,9.81295701722583e-05,0.09041941962815066,0.0908040875432259,0.007607391401859291,7.1169603400689e-05,0.007467898979193941,0.007746883824524642
11,step,step_r_5_eta_0.1,42011,24,200,24,112,0.08499999999999899,9.837702944053505e-19,0.08499999999999899,0.08499999999999899,0.09163822391762443,9.096247008311764e-05,0.09145993747626152,0.09181651035898733,0.007620390836938715,6.537991162191759e-05,0.007492246210159756,0.007748535463717674
11,step,step_r_5_eta_0.1,42011,25,200,25,110,0.08636363636363534,9.837702944053505e-19,0.08636363636363534,0.08636363636363534,0.09267763424714745,8.341729259023067e-05,0.0925141363536706,0.0928411321406243,0.0076172425270381325,5.8994203569574756e-05,0.007501613888041766,0.007732871166034499
11,step,step_r_5_eta_0.1,42011,26,200,26,108,0.08777777777777673,0.0,0.08777777777777673,0.08777777777777673,0.09386102963747296,7.92979785205689e-05,0.09370560559957265,0.09401645367537327,0.007694237297807703,5.571544806571391e-05,0.007585035019598904,0.0078034395760165015
11,step,step_r_5_eta_0.1,42011,27,200,27,106,0.08924528301886685,9.837702944053505e-19,0.08924528301886685,0.08924528301886685,0.09508576361597225,7.467974093895081e-05,0.0949393913237319,0.0952321359082126,0.007772229719592521,5.2081519540729955e-05,0.007670149941292691,0.007874309497892352
11,step,step_r_5_eta_0.1,42011,28,200,28,104,0.0907692307692297,9.837702944053505e-19,0.0907692307692297,0.0907692307692297,0.09641896396196166,7.295868123070759e-05,0.09627596494674948,0.09656196297717384,0.007897060328493325,5.0239483117073823e-05,0.007798590941583861,0.00799552971540279
11,step,step_r_5_eta_0.1,42011,29,200,29,102,0.09235294117646947,9.837702944053505e-19,0.09235294117646947,0.09235294117646947,0.09780388255451783,6.752451724339959e-05,0.09767153450072076,0.0979362306083149,0.008025103955022272,4.609789075952527e-05,0.007934752089133603,0.00811545582091094
11,step,step_r_5_eta_0.1,42011,30,200,30,100,0.09399999999999889,0.0,0.09399999999999889,0.09399999999999889,0.09926190501378518,6.405804574864095e-05,0.09913635124411785,0.09938745878345251,0.008171078316780793,4.302058272640385e-05,0.008086757974637041,0.008255398658924544
11,step,step_r_5_eta_0.1,42011,31,200,31,98,0.09571428571428456,1.967540588810701e-18,0.09571428571428456,0.09571428571428456,0.10080371141049943,6.0023902872920854e-05,0.10068606456086851,0.10092135826013035,0.008338811609503463,3.963986244532801e-05,0.008261117479110621,0.008416505739896305
11,step,step_r_5_eta_0.1,42011,32,200,32,96,0.09749999999999882,1.967540588810701e-18,0.09749999999999882,0.09749999999999882,0.1024202326856181,5.661865804149928e-05,0.10230926011585677,0.10253120525537944,0.008522413538741159,3.682030587464636e-05,0.008450245739226852,0.008594581338255466
11,step,step_r_5_eta_0.1,42011,33,200,33,94,0.09936170212765841,0.0,0.09936170212765841,0.09936170212765841,0.10416604229833759,5.3147695157441286e-05,0.104061872815829,0.10427021178084618,0.00875542669558446,3.411537439635262e-05,0.00868856056176761,0.00882229282940131
11,step,step_r_5_eta_0.1,42011,34,200,34,92,0.10130434782608574,9.837702944053505e-19,0.10130434782608574,0.10130434782608574,0.1059764565640632,4.9615460384795125e-05,0.105879210261709,0.10607370286641739,0.008991084436783287,3.138099141646193e-05,0.008929577693607022,0.009052591179959551
11,step,step_r_5_eta_0.1,42011,35,200,35,90,0.10333333333333215,2.951310883216051e-18,0.10333333333333215,0.10333333333333215,0.10791421164892245,4.750642430881567e-05,0.10782109905727717,0.10800732424056773,0.009268102771975185,2.973706218318662e-05,0.00920981813009614,0.00932638741385423
11,step,step_r_5_eta_0.1,42011,36,200,36,88,0.1054545454545442,9.837702944053505e-19,0.1054545454545442,0.1054545454545442,0.10993512078250274,4.602347317710289e-05,0.10984491477507562,0.11002532678992986,0.009555362291242278,2.84550366110538e-05,0.009499590419484612,0.009611134162999944
11,step,step_r_5_eta_0.1,42011,37,200,37,86,0.1076744186046499,0.0,0.1076744186046499,0.1076744186046499,0.11207867017820536,4.52158898177968e-05,0.11199004703416247,0.11216729332224824,0.009872728823485473,2.774036244192236e-05,0.009818357713099305,0.009927099933871641
11,step,step_r_5_eta_0.1,42011,38,200,38,84,0.10999999999999875,2.951310883216051e-18,0.10999999999999875,0.10999999999999875,0.11432183255544875,4.391867359308502e-05,0.11423575195520631,0.1144079131556912,0.01020348574844171,2.6611007089709072e-05,0.01015132817454588,0.010255643322337539
11,step,step_r_5_eta_0.1,42011,39,200,39,82,0.11243902439024261,1.967540588810701e-18,0.11243902439024261,0.11243902439024261,0.11669661125017389,4.300696089353236e-05,0.11661231760682256,0.11678090489352522,0.010564348725809474,2.584038790062965e-05,0.01051370156552424,0.010614995886094708
11,step,step_r_5_eta_0.1,42011,40,200,40,80,0.11499999999999864,9.837702944053505e-19,0.11499999999999864,0.11499999999999864,0.11919080141366929,4.257327006762644e-05,0.11910735780433675,0.11927424502300184,0.010942252611115698,2.520208782751292e-05,0.010892856518973773,0.010991648703257622
11,step,step_r_5_eta_0.1,42011,41,200,41,78,0.11769230769230628,2.951310883216051e-18,0.11769230769230628,0.11769230769230628,0.121851302642654,4.209441710857444e-05,0.12176879758512119,0.1219338077001868,0.011363675131139344,2.4788572875665492e-05,0.01131508952830304,0.011412260733975648
11,step,step_r_5_eta_0.1,42011,42,200,42,76,0.12052631578947227,9.837702944053505e-19,0.12052631578947227,0.12052631578947227,0.12464409661992709,4.073448169511028e-05,0.12456425703580468,0.12472393620404951,0.011800202421181027,2.3700616209981658e-05,0.011753749213409463,0.01184665562895259
11,step,step_r_5_eta_0.1,42011,43,200,43,74,0.12351351351351213,2.951310883216051e-18,0.12351351351351213,0.12351351351351213,0.1275821797783786,3.9989349406356156e-05,0.12750380065354214,0.12766055890321507,0.012257100908190504,2.293355694846183e-05,0.012212151136571519,0.012302050679809488
11,step,step_r_5_eta_0.1,42011,44,200,44,72,0.12666666666666518,1.967540588810701e-18,0.12666666666666518,0.12666666666666518,0.13070466439171366,3.99466707180437e-05,0.1306263689171063,0.13078295986632102,0.012751632242247717,2.2679593236267196e-05,0.012707180239504633,0.012796084244990801
11,step,step_r_5_eta_0.1,42011,45,200,45,70,0.12999999999999853,1.967540588810701e-18,0.12999999999999853,0.12999999999999853,0.13402497009482717,3.943451386029468e-05,0.13394767844766098,0.13410226174199336,0.01328483967998151,2.222450524592579e-05,0.013241279649699495,0.013328399710263525
11,step,step_r_5_eta_0.1,42011,46,200,46,68,0.13352941176470434,0.0,0.13352941176470434,0.13352941176470434,0.13753466778936008,3.846608884251842e-05,0.13745927425522875,0.1376100613234914,0.013844787959513891,2.145270831147082e-05,0.013802740651223408,0.013886835267804374
11,step,step_r_5_eta_0.1,42011,47,200,47,66,0.13727272727272566,1.967540588810701e-18,0.13727272727272566,0.13727272727272566,0.141259893249166,3.7977724748729996e-05,0.14118545690865847,0.1413343295896735,0.01443962752545024,2.0985953313294394e-05,0.014398495056956184,0.014480759993944298
11,step,step_r_5_eta_0.1,42011,48,200,48,64,0.14124999999999832,3.935081177621402e-18,0.14124999999999832,0.14124999999999832,0.14522989291364446,3.683451819614761e-05,0.14515769725798003,0.1453020885693089,0.015077677527035982,2.0182695202100024e-05,0.015038119444439866,0.015117235609632098
11,step,step_r_5_eta_0.1,42011,49,200,49,62,0.14548387096774024,1.967540588810701e-18,0.14548387096774024,0.14548387096774024,0.14946625034859826,3.6323951479115566e-05,0.14939505540369918,0.14953744529349733,0.015761133166853986,1.9703572156205776e-05,0.01572251416542782,0.01579975216828015
11,step,step_r_5_eta_0.1,42011,50,200,50,60,0.1499999999999983,1.967540588810701e-18,0.1499999999999983,0.1499999999999983,0.15399576797630263,3.569297962805874e-05,0.15392580973623163,0.15406572621637363,0.016495699566304808,1.9216462537654344e-05,0.016458035299731007,0.01653336383287861
11,step,step_r_5_eta_0.1,42011,51,200,51,58,0.15482758620689485,3.935081177621402e-18,0.15482758620689485,0.15482758620689485,0.15883913442138675,3.5275827343060974e-05,0.15876999379979434,0.15890827504297916,0.017281123096593208,1.8913304967916494e-05,0.017244053018856093,0.017318193174330324
11,step,step_r_5_eta_0.1,42011,52,200,52,56,0.15999999999999814,1.967540588810701e-18,0.15999999999999814,0.15999999999999814,0.16403396102908932,3.560277808068307e-05,0.16396417958405118,0.16410374247412746,0.018123245157651603,1.8979719683728064e-05,0.018086044907071497,0.01816044540823171
11,step,step_r_5_eta_0.1,42011,53,200,53,54,0.16555555555555368,0.0,0.16555555555555368,0.16555555555555368,0.16961325262892266,3.5682544474216264e-05,0.1695433148417532,0.16968319041609212,0.01902695324624409,1.8853597022520923e-05,0.01899000019607995,0.01906390629640823
11,step,step_r_5_eta_0.1,42011,54,200,54,52,0.1715384615384596,1.967540588810701e-18,0.1715384615384596,0.1715384615384596,0.1756431687796139,3.62866405421554e-05,0.17557204696415127,0.1757142905950765,0.020010843905294663,1.900984837256973e-05,0.019973584602484426,0.0200481032081049
11,step,step_r_5_eta_0.1,42011,55,200,55,50,0.177999999999998,0.0,0.177999999999998,0.177999999999998,0.18214915962346212,3.5794217305997134e-05,0.18207900295754237,0.18221931628938187,0.02106804888219661,1.8547802850943384e-05,0.02103169518860876,0.02110440257578446
11,step,step_r_5_eta_0.1,42011,56,200,56,48,0.18499999999999786,3.935081177621402e-18,0.18499999999999786,0.18499999999999786,0.18920775384858415,3.619023391659011e-05,0.18913682099010765,0.18927868670706066,0.02221752837539924,1.857218328405306e-05,0.022181126896162497,0.022253929854635982
11,step,step_r_5_eta_0.1,42011,57,200,57,46,0.1926086956521717,1.967540588810701e-18,0.1926086956521717,0.1926086956521717,0.196878085999039,3.640878138446376e-05,0.19680672478752545,0.19694944721055255,0.023464145116997345,1.8585283204764377e-05,0.023427717961916006,0.023500572272078683
11,step,step_r_5_eta_0.1,42011,58,200,58,44,0.20090909090908862,1.967540588810701e-18,0.20090909090908862,0.20090909090908862,0.20526733803609204,3.646417811624252e-05,0.20519586824698421,0.20533880782519986,0.02483413098677351,1.8502908918149407e-05,0.024797865285293937,0.024870396688253082
11,step,step_r_5_eta_0.1,42011,59,200,59,42,0.20999999999999772,5.902621766432102e-18,0.20999999999999772,0.20999999999999772,0.214458021581095,3.7111088403054846e-05,0.21438528384782501,0.214530759314365,0.02633422544062282,1.865648757519572e-05,0.026297658724975435,0.026370792156270202
11,step,step_r_5_eta_0.1,42011,60,200,60,40,0.2199999999999975,1.967540588810701e-18,0.2199999999999975,0.2199999999999975,0.22456975392490314,3.8099744902631984e-05,0.22449507842489397,0.2246444294249123,0.027983249922367115,1.9041489522904342e-05,0.027945928602902223,0.028020571241832007
11,step,step_r_5_eta_0.1,42011,61,200,61,38,0.23105263157894476,1.967540588810701e-18,0.23105263157894476,0.23105263157894476,0.23575185062471435,3.877974062473667e-05,0.23567584233308986,0.23582785891633884,0.02980745730741278,1.9293538101507122e-05,0.029769641972733824,0.029845272642091733
11,step,step_r_5_eta_0.1,42011,62,200,62,36,0.24333333333333054,5.902621766432102e-18,0.24333333333333054,0.24333333333333054,0.24816714319877156,3.960539204640586e-05,0.2480895166303606,0.24824476976718252,0.03182717100867361,1.95540419938556e-05,0.031788845086365654,0.03186549693098157
11,step,step_r_5_eta_0.1,42011,63,200,63,34,0.2570588235294089,0.0,0.2570588235294089,0.2570588235294089,0.26205608636233835,4.026813726133862e-05,0.26197716081330613,0.26213501191137056,0.03408880004752333,1.974255925166924e-05,0.034050104631390056,0.0341274954636566
11,step,step_r_5_eta_0.1,42011,64,200,64,32,0.27249999999999686,7.870162355242804e-18,0.27249999999999686,0.27249999999999686,0.27768966065140394,4.138295689787382e-05,0.2776085500558841,0.2777707712469238,0.03663512414073319,2.0185944270456336e-05,0.03659555968996309,0.03667468859150328
11,step,step_r_5_eta_0.1,42011,65,200,65,30,0.2899999999999968,3.935081177621402e-18,0.2899999999999968,0.2899999999999968,0.2954162606503008,4.286652125418643e-05,0.2953322422686426,0.295500279031959,0.039522797090663,2.080122366978042e-05,0.03948202669227023,0.039563567489055776
11,step,step_r_5_eta_0.1,42011,66,200,66,28,0.3099999999999965,3.935081177621402e-18,0.3099999999999965,0.3099999999999965,0.3156698061311646,4.476899133238605e-05,0.3155820589081531,0.31575755335417605,0.04281790887883121,2.1620749085160678e-05,0.042775532210624294,0.04286028554703813
11,step,step_r_5_eta_0.1,42011,67,200,67,26,0.33307692307691944,3.935081177621402e-18,0.33307692307691944,0.33307692307691944,0.3390607860804279,4.702385273015812e-05,0.3389686193290768,0.339152952831779,0.04662686657998345,2.2648455118062436e-05,0.04658247560795205,0.04667125755201486
11,step,step_r_5_eta_0.1,42011,68,200,68,24,0.35999999999999593,7.870162355242804e-18,0.35999999999999593,0.35999999999999593,0.36635200995818196,4.900960813137795e-05,0.3662559511262445,0.36644806879011943,0.05106826657439543,2.343032088496935e-05,0.05102234314546089,0.051114190003329965
11,step,step_r_5_eta_0.1,42011,69,200,69,22,0.3918181818181775,0.0,0.3918181818181775,0.3918181818181775,0.3985959744197773,5.141943062153123e-05,0.3984951923357591,0.3986967565037955,0.05630944681377071,2.4457800411816792e-05,0.056261509524963546,0.05635738410257787
11,step,step_r_5_eta_0.1,42011,70,200,70,20,0.42999999999999533,3.935081177621402e-18,0.42999999999999533,0.42999999999999533,0.43730153205247757,5.57408586728753e-05,0.43719227996947874,0.4374107841354764,0.06260078620901215,2.636907278825847e-05,0.06254910282634717,0.06265246959167713
11,step,step_r_5_eta_0.1,42011,71,200,71,18,0.4766666666666613,1.1805243532864205e-17,0.4766666666666613,0.4766666666666613,0.4846112825428739,5.911682292588236e-05,0.48449541356993914,0.48472715151580864,0.07028785298232107,2.785232989210795e-05,0.07023326241573254,0.0703424435489096
11,step,step_r_5_eta_0.1,42011,72,200,72,16,0.534999999999994,7.870162355242804e-18,0.534999999999994,0.534999999999994,0.5437627461735086,6.494973258346828e-05,0.543635444697645,0.5438900476493722,0.0798989033827325,3.039065864015981e-05,0.0798393376917978,0.07995846907366722
11,step,step_r_5_eta_0.1,42011,73,200,73,14,0.6099999999999933,0.0,0.6099999999999933,0.6099999999999933,0.6198157893602736,7.212098183521908e-05,0.6196744322358766,0.6199571464846706,0.09225097815783431,3.351644471430834e-05,0.09218528592619427,0.09231667038947436
11,step,step_r_5_eta_0.1,42011,74,200,74,12,0.7099999999999921,1.5740324710485608e-17,0.7099999999999921,0.7099999999999921,0.7212300421747899,8.224826439922818e-05,0.7210688355765674,0.7213912487730124,0.10871730922534287,3.801577477544616e-05,0.10864279830678299,0.10879182014390275
11,step,step_r_5_eta_0.1,42011,75,200,75,10,0.8499999999999908,0.0,0.8499999999999908,0.8499999999999908,0.8632143962873972,9.613783711608362e-05,0.8630259661266496,0.8634028264481447,0.13176434047713007,4.422333269406393e-05,0.1316776627450497,0.13185101820921044
11,step,step_r_5_eta_0.1,42011,76,200,76,8,1.0599999999999883,1.5740324710485608e-17,1.0599999999999883,1.0599999999999883,1.0762204907016917,0.0001175822510519039,1.0759900294896299,1.0764509519137535,0.16633976414425578,5.386832884630319e-05,0.16623418221971703,0.16644534606879452
12,step,step_r_15_eta_0.001,42012,0,200,0,160,0.18750606250000001,0.0,0.18750606250000001,0.18750606250000001,0.18750606250000018,1.967540588810701e-18,0.18750606250000018,0.18750606250000018,0.1808033980619657,3.935081177621402e-18,0.1808033980619657,0.1808033980619657
12,step,step_r_15_eta_0.001,42012,1,200,1,158,0.17722132911392405,1.967540588810701e-18,0.17722132911392405,0.17722132911392405,0.17722133009273627,3.0291071112418554e-11,0.17722133003336576,0.17722133015210678,0.1712383192452598,1.0946120771362191e-06,0.17123617380558862,0.171240464684931
12,step,step_r_15_eta_0.001,42012,2,200,2,156,0.16667288461538463,0.0,0.16667288461538463,0.16667288461538463,0.1666728868403004,5.425779187371368e-11,0.16667288673395514,0.16667288694664567,0.1613769444820725,1.5206915711729185e-06,0.16137396392659298,0.161379925037552
12,step,step_r_15_eta_0.001,42012,3,200,3,154,0.15585045454545457,0.0,0.15585045454545457,0.15585045454545457,0.15585045816916585,7.522245311566053e-11,0.15585045802172984,0.15585045831660185,0.15120488697283446,1.7939200025401946e-06,0.15120137088962948,0.15120840305603944
12,step,step_r_15_eta_0.001,42012,4,200,4,152,0.14474322368421055,0.0,0.14474322368421055,0.14474322368421055,0.14474322909176474,1.0298083669662268e-10,0.1447432288899223,0.14474322929360717,0.14071472046946293,1.8632652442512591e-06,0.1407110684695842,0.14071837246934166
12,step,step_r_15_eta_0.001,42012,5,200,5,150,0.13333979999999998,1.967540588810701e-18,0.13333979999999998,0.13333979999999998,0.13333980771228304,1.5239789580013446e-10,0.13333980741358317,0.1333398080109829,0.12989368120275452,1.8792062031249394e-06,0.1298899979585964,0.12989736444691263
12,step,step_r_15_eta_0.001,42012,6,200,6,148,0.12162817567567565,2.951310883216051e-18,0.12162817567567565,0.12162817567567565,0.12162818641626344,2.5039147078922743e-10,0.12162818592549615,0.12162818690703073,0.11872519098774341,1.780931824120502e-06,0.11872170036136813,0.11872868161411869
12,step,step_r_15_eta_0.001,42012,7,200,7,146,0.10959568493150687,0.0,0.10959568493150687,0.10959568493150687,0.10959569931800177,3.4994649614263206e-10,0.10959569863210664,0.1095957000038969,0.1071970242684444,1.73473915360351e-06,0.10719362417970334,0.10720042435718545
12,step,step_r_15_eta_0.001,42012,8,200,8,144,0.09722895833333334,0.0,0.09722895833333334,0.09722895833333334,0.09722897770781333,5.018581563730158e-10,0.09722897672417134,0.09722897869145532,0.09529333274821954,1.5957412684554858e-06,0.09529020509533337,0.0952964604011057
12,step,step_r_15_eta_0.001,42012,9,200,9,142,0.08451387323943661,9.837702944053505e-19,0.08451387323943661,0.08451387323943661,0.08451390054401074,9.311351791882177e-10,0.08451389871898579,0.08451390236903569,0.08299824889069775,1.5025962864239143e-06,0.08299530380197635,0.08300119397941914
12,step,step_r_15_eta_0.001,42012,10,200,10,140,0.0714355,0.0,0.0714355,0.0714355,0.07143554233844183,2.4092032708687094e-09,0.07143553761640342,0.07143554706048025,0.07029546001531106,1.4093909257549397e-06,0.07029269760909658,0.07029822242152554
12,step,step_r_15_eta_0.001,42012,11,200,11,138,0.05797804347826086,9.837702944053505e-19,0.05797804347826086,0.05797804347826086,0.057978115049956,4.756939321569849e-09,0.05797810572635493,0.05797812437355707,0.05716632557605839,1.13719543688657e-06,0.057164096673002096,0.05716855447911469
12,step,step_r_15_eta_0.001,42012,12,200,12,136,0.044124779411764715,4.918851472026753e-19,0.044124779411764715,0.044124779411764715,0.044124959514831016,2.0145397458274676e-08,0.044124920029852,0.04412499899981003,0.04359263128142971,9.735099174836155e-07,0.04359072320199144,0.04359453936086798
12,step,step_r_15_eta_0.001,42012,13,200,13,134,0.029857985074626874,2.4594257360133763e-19,0.029857985074626874,0.029857985074626874,0.029860535492766144,1.2951447692570533e-06,0.0298579970090184,0.029863073976513888,0.02955602904611925,1.4085143959776632e-06,0.02955326835790313,0.029558789734335365
12,step,step_r_15_eta_0.001,42012,14,200,14,132,0.015158863636363642,3.689138604020064e-19,0.015158863636363642,0.015158863636363642,0.015176436286213046,6.785132262093717e-06,0.015163137426979343,0.01518973514544675,0.01504756165716906,6.602759628852686e-06,0.015034620248296509,0.01506050306604161
12,step,step_r_15_eta_0.001,42012,15,200,15,130,7.461538461538543e-06,0.0,7.461538461538543e-06,7.461538461538543e-06,0.0010192913390756264,0.00020896252554152716,0.0006097247890142331,0.0014288578891370196,0.0010024175065563665,0.0002072522639123283,0.000596203069288203,0.00140863194382453
12,step,step_r_15_eta_0.001,42012,16,200,16,128,7.562500000000082e-06,0.0,7.562500000000082e-06,7.562500000000082e-06,7.490032297407911e-05,2.87636727288613e-05,1.8523524425510964e-05,0.00013127712152264726,6.646791805745863e-05,2.8472732469127135e-05,1.066136241796944e-05,0.0001222744736969478
12,step,step_r_15_eta_0.001,42012,17,200,17,126,7.666666666666752e-06,1.2008914726627814e-22,7.666666666666752e-06,7.666666666666752e-06,9.965683662232785e-06,1.1494753070356716e-06,7.712712060442868e-06,1.2218655264022701e-05,2.3505661938496732e-06,1.1223286892760995e-06,1.5080196286851839e-07,4.550330424830828e-06
12,step,step_r_15_eta_0.001,42012,18,200,18,124,7.77419354838718e-06,0.0,7.77419354838718e-06,7.77419354838718e-06,8.009146140966716e-06,2.9786360100567777e-08,7.950764875169603e-06,8.06752740676383e-06,4.1088432845832335e-07,2.5284182649361863e-08,3.613273304655741e-07,4.604413264510726e-07
12,step,step_r_15_eta_0.001,42012,19,200,19,122,7.885245901639432e-06,1.2008914726627814e-22,7.885245901639432e-06,7.885245901639432e-06,8.006090821332752e-06,9.785615674826177e-09,7.986911014610092e-06,8.025270628055412e-06,3.4658696928925614e-07,7.348573767051544e-09,3.321837647058351e-07,3.609901738726772e-07
12,step,step_r_15_eta_0.001,42012,20,200,20,120,8.000000000000086e-06,0.0,8.000000000000086e-06,8.000000000000086e-06,8.082103331129353e-06,4.9433728805327135e-09,8.072414320283509e-06,8.091792341975198e-06,3.435475314155447e-07,3.362362575904695e-09,3.369573007667715e-07,3.501377620643179e-07
12,step,step_r_15_eta_0.001,42012,21,200,21,118,8.1186440677967e-06,1.2008914726627814e-22,8.1186440677967e-06,8.1186440677967e-06,8.180243721928857e-06,2.5777999348758805e-09,8.1751912340565e-06,8.185296209801213e-06,3.5417150942659085e-07,1.4422810416213619e-09,3.51344638585013e-07,3.569983802681687e-07
12,step,step_r_15_eta_0.001,42012,22,200,22,116,8.241379310344914e-06,1.2008914726627814e-22,8.241379310344914e-06,8.241379310344914e-06,8.290898106447135e-06,1.7005760998627188e-09,8.287564977291405e-06,8.294231235602866e-06,3.708392049349103e-07,7.919064707016597e-10,3.692870682523351e-07,3.7239134161748554e-07
12,step,step_r_15_eta_0.001,42012,23,200,23,114,8.368421052631668e-06,0.0,8.368421052631668e-06,8.368421052631668e-06,8.40962748122131e-06,1.1128784449404058e-09,8.407446239469227e-06,8.411808722973393e-06,3.9016963145796037e-07,4.4510124950463356e-10,3.8929723300893127e-07,3.910420299069895e-07
12,step,step_r_15_eta_0.001,42012,24,200,24,112,8.500000000000088e-06,1.2008914726627814e-22,8.500000000000088e-06,8.500000000000088e-06,8.535132710476726e-06,7.934519659647135e-10,8.533577544623435e-06,8.536687876330018e-06,4.113778703484754e-07,2.874126559748128e-10,4.1081454154276476e-07,4.1194119915418607e-07
12,step,step_r_15_eta_0.001,42012,25,200,25,110,8.636363636363728e-06,0.0,8.636363636363728e-06,8.636363636363728e-06,8.66788635793418e-06,6.385545037347015e-10,8.66663479110686e-06,8.669137924761501e-06,4.3427313352601934e-07,2.1350927180575386e-10,4.3385465535328006e-07,4.346916116987586e-07
12,step,step_r_15_eta_0.001,42012,26,200,26,108,8.77777777777787e-06,1.2008914726627814e-22,8.77777777777787e-06,8.77777777777787e-06,8.806485582390727e-06,5.029158486690878e-10,8.805499867327336e-06,8.807471297454118e-06,4.582327819203674e-07,1.4540894096734195e-10,4.579477803960714e-07,4.585177834446634e-07
12,step,step_r_15_eta_0.001,42012,27,200,27,106,8.924528301886885e-06,1.2008914726627814e-22,8.924528301886885e-06,8.924528301886885e-06,8.950818314030062e-06,4.5399097126820496e-10,8.949928491726377e-06,8.951708136333747e-06,4.832288053330239e-07,1.2631621278159673e-10,4.829812255559719e-07,4.834763851100759e-07
12,step,step_r_15_eta_0.001,42012,28,200,28,104,9.076923076923172e-06,0.0,9.076923076923172e-06,9.076923076923172e-06,9.100987915243122e-06,3.1786156475766815e-10,9.100364906576197e-06,9.101610923910047e-06,5.091386701982252e-07,6.517646693815214e-11,5.090109243230264e-07,5.09266416073424e-07
12,step,step_r_15_eta_0.001,42012,29,200,29,102,9.235294117647154e-06,1.2008914726627814e-22,9.235294117647154e-06,9.235294117647154e-06,9.257777630791817e-06,2.746553357805176e-10,9.257239306333687e-06,9.258315955249948e-06,5.36189975718972e-07,4.900728637881658e-11,5.360939214376696e-07,5.362860300002745e-07
12,step,step_r_15_eta_0.001,42012,30,200,30,100,9.400000000000096e-06,1.2008914726627814e-22,9.400000000000096e-06,9.400000000000096e-06,9.42121300206491e-06,2.518832967465465e-10,9.420719310803286e-06,9.421706693326533e-06,5.64326184546236e-07,4.245817337376907e-11,5.642429665264235e-07,5.644094025660486e-07
12,step,step_r_15_eta_0.001,42012,31,200,31,98,9.57142857142867e-06,1.2008914726627814e-22,9.57142857142867e-06,9.57142857142867e-06,9.591448424195686e-06,2.1967170305694452e-10,9.591017867657695e-06,9.591878980733678e-06,5.935494950088914e-07,3.439674436315195e-11,5.934820773899396e-07,5.936169126278432e-07
12,step,step_r_15_eta_0.001,42012,32,200,32,96,9.750000000000101e-06,0.0,9.750000000000101e-06,9.750000000000101e-06,9.769052105036608e-06,1.9972679643802385e-10,9.76866064051559e-06,9.769443569557626e-06,6.239589903437523e-07,2.983433529250301e-11,6.23900515046579e-07,6.240174656409256e-07
12,step,step_r_15_eta_0.001,42012,33,200,33,94,9.936170212766061e-06,1.2008914726627814e-22,9.936170212766061e-06,9.936170212766061e-06,9.954320923959189e-06,1.7425391765397933e-10,9.953979386280588e-06,9.95466246163779e-06,6.555895535317513e-07,2.4801009729062615e-11,6.555409435526823e-07,6.556381635108203e-07
12,step,step_r_15_eta_0.001,42012,34,200,34,92,1.01304347826088e-05,0.0,1.01304347826088e-05,1.01304347826088e-05,1.0147871726715994e-05,1.5727970001557584e-10,1.0147563458503964e-05,1.0148179994928023e-05,6.885475810186298e-07,2.183813375198816e-11,6.885047782764759e-07,6.885903837607837e-07
12,step,step_r_15_eta_0.001,42012,35,200,35,90,1.033333333333344e-05,0.0,1.033333333333344e-05,1.033333333333344e-05,1.0350102795212695e-05,1.4105502951352794e-10,1.0349826327354847e-05,1.0350379263070542e-05,7.22892810385563e-07,1.9345425637540974e-11,7.228548933513134e-07,7.229307274198126e-07
12,step,step_r_15_eta_0.001,42012,36,200,36,88,1.054545454545465e-05,2.401782945325563e-22,1.054545454545465e-05,1.054545454545465e-05,1.0561682964069179e-05,1.31642097175597e-10,1.0561424945558714e-05,1.0561940982579643e-05,7.587297121435887e-07,1.783835869787717e-11,7.586947489605409e-07,7.587646753266366e-07
12,step,step_r_15_eta_0.001,42012,37,200,37,86,1.0767441860465225e-05,1.2008914726627814e-22,1.0767441860465225e-05,1.0767441860465225e-05,1.0783186945331097e-05,1.223541457908287e-10,1.0782947131205348e-05,1.0783426759456847e-05,7.961442988301975e-07,1.6765280312642218e-11,7.961114388807848e-07,7.961771587796102e-07
12,step,step_r_15_eta_0.001,42012,38,200,38,84,1.1000000000000115e-05,1.2008914726627814e-22,1.1000000000000115e-05,1.1000000000000115e-05,1.1015321787064231e-05,1.123901108008766e-10,1.1015101502447061e-05,1.1015542071681401e-05,8.352585238891875e-07,1.5774374474415225e-11,8.352276061152177e-07,8.352894416631573e-07
12,step,step_r_15_eta_0.001,42012,39,200,39,82,1.1243902439024506e-05,1.2008914726627814e-22,1.1243902439024506e-05,1.1243902439024506e-05,1.1258896728729979e-05,1.088469517958019e-10,1.125868338870446e-05,1.1259110068755498e-05,8.761942052565359e-07,1.553750136084779e-11,8.761637517538686e-07,8.762246587592032e-07
12,step,step_r_15_eta_0.001,42012,40,200,40,80,1.1500000000000117e-05,0.0,1.1500000000000117e-05,1.1500000000000117e-05,1.1514712017219432e-05,1.0694098305451586e-10,1.1514502412892646e-05,1.1514921621546219e-05,9.190881041259797e-07,1.562298502665744e-11,9.190574830753274e-07,9.19118725176632e-07
12,step,step_r_15_eta_0.001,42012,41,200,41,78,1.1769230769230889e-05,0.0,1.1769230769230889e-05,1.1769230769230889e-05,1.1783686138908677e-05,1.004461040064989e-10,1.1783489264544825e-05,1.178388301327253e-05,9.640825006295999e-07,1.5351759121011417e-11,9.640524111817227e-07,9.64112590077477e-07
12,step,step_r_15_eta_0.001,42012,42,200,42,76,1.2052631578947489e-05,1.2008914726627814e-22,1.2052631578947489e-05,1.2052631578947489e-05,1.2066873280720303e-05,9.562939096844036e-11,1.2066685847114005e-05,1.20670607143266e-05,1.011343060863019e-06,1.4802882285503582e-11,1.0113140472137394e-06,1.0113720745122988e-06
12,step,step_r_15_eta_0.001,42012,43,200,43,74,1.235135135135148e-05,2.401782945325563e-22,1.235135135135148e-05,1.235135135135148e-05,1.2365362310943176e-05,8.561700547368479e-11,1.2365194501612447e-05,1.2365530120273904e-05,1.0610454204379615e-06,1.4117253787491231e-11,1.061017750620538e-06,1.061073090255385e-06
12,step,step_r_15_eta_0.001,42012,44,200,44,72,1.2666666666666794e-05,0.0,1.2666666666666794e-05,1.2666666666666794e-05,1.2680523275782926e-05,8.414141203536504e-11,1.2680358358615337e-05,1.2680688192950515e-05,1.1134097175825234e-06,1.4189133858723942e-11,1.1133819068801602e-06,1.1134375282848866e-06
12,step,step_r_15_eta_0.001,42012,45,200,45,70,1.300000000000013e-05,0.0,1.300000000000013e-05,1.300000000000013e-05,1.301376971426928e-05,8.282148861038252e-11,1.3013607384151604e-05,1.3013932044386956e-05,1.1686674093882252e-06,1.4361356532578236e-11,1.1686392611294215e-06,1.168695557647029e-06
12,step,step_r_15_eta_0.001,42012,46,200,46,68,1.3352941176470722e-05,0.0,1.3352941176470722e-05,1.3352941176470722e-05,1.3366608486308936e-05,8.088623434078625e-11,1.3366449949289628e-05,1.3366767023328243e-05,1.2270440893225514e-06,1.4294975739338031e-11,1.2270160711701022e-06,1.2270721074750006e-06
12,step,step_r_15_eta_0.001,42012,47,200,47,66,1.3727272727272863e-05,1.2008914726627814e-22,1.3727272727272863e-05,1.3727272727272863e-05,1.374087913742972e-05,7.940264569678851e-11,1.3740723508244154e-05,1.3741034766615286e-05,1.288843174480298e-06,1.469610784482806e-11,1.288814370108922e-06,1.288871978851674e-06
12,step,step_r_15_eta_0.001,42012,48,200,48,64,1.412500000000014e-05,0.0,1.412500000000014e-05,1.412500000000014e-05,1.4138577935753905e-05,7.844130633930578e-11,1.413842419079348e-05,1.413873168071433e-05,1.3543829156911466e-06,1.534006490619438e-11,1.3543528491639304e-06,1.3544129822183627e-06
12,step,step_r_15_eta_0.001,42012,49,200,49,62,1.454838709677434e-05,1.2008914726627814e-22,1.454838709677434e-05,1.454838709677434e-05,1.4561939763669927e-05,7.604775945109562e-11,1.4561790710061402e-05,1.4562088817278451e-05,1.4240275082930036e-06,1.5797283683981604e-11,1.423996545616983e-06,1.4240584709690243e-06
12,step,step_r_15_eta_0.001,42012,50,200,50,60,1.5000000000000148e-05,0.0,1.5000000000000148e-05,1.5000000000000148e-05,1.5013566343738442e-05,7.590462086950595e-11,1.5013417570681537e-05,1.5013715116795346e-05,1.498187291362748e-06,1.6668495780812505e-11,1.4981546211110176e-06,1.4982199616144786e-06
12,step,step_r_15_eta_0.001,42012,51,200,51,58,1.5482758620689805e-05,2.401782945325563e-22,1.5482758620689805e-05,1.5482758620689805e-05,1.5496335325442335e-05,7.374907449428753e-11,1.5496190777256326e-05,1.5496479873628344e-05,1.577319312979296e-06,1.719232753577929e-11,1.5772856160173259e-06,1.577353009941266e-06
12,step,step_r_15_eta_0.001,42012,52,200,52,56,1.6000000000000152e-05,2.401782945325563e-22,1.6000000000000152e-05,1.6000000000000152e-05,1.6013643941908487e-05,7.201770245802788e-11,1.601350278721167e-05,1.6013785096605305e-05,1.6619708567982558e-06,1.7963202628135795e-11,1.6619356489211046e-06,1.662006064675407e-06
12,step,step_r_15_eta_0.001,42012,53,200,53,54,1.6555555555555715e-05,2.401782945325563e-22,1.6555555555555715e-05,1.6555555555555715e-05,1.6569292014216698e-05,7.253260356137276e-11,1.6569149850313717e-05,1.656943417811968e-05,1.7527451588956453e-06,1.861473858773386e-11,1.7527086740080134e-06,1.7527816437832772e-06
12,step,step_r_15_eta_0.001,42012,54,200,54,52,1.715384615384632e-05,0.0,1.715384615384632e-05,1.715384615384632e-05,1.7167694882418598e-05,7.306540162068644e-11,1.716755167423142e-05,1.7167838090605775e-05,1.8503449598154154e-06,1.9228931548511866e-11,1.8503072711095803e-06,1.8503826485212504e-06
12,step,step_r_15_eta_0.001,42012,55,200,55,50,1.780000000000017e-05,2.401782945325563e-22,1.780000000000017e-05,1.780000000000017e-05,1.7813985838790458e-05,7.297940187875602e-11,1.7813842799162776e-05,1.781412887841814e-05,1.955592610107056e-06,2.022921449160758e-11,1.9555529608466526e-06,1.9556322593674596e-06
12,step,step_r_15_eta_0.001,42012,56,200,56,48,1.850000000000018e-05,0.0,1.850000000000018e-05,1.850000000000018e-05,1.8514173820711374e-05,7.308357780754483e-11,1.851403057689887e-05,1.8514317064523876e-05,2.0694422263541975e-06,2.119085027814252e-11,2.0694006922876524e-06,2.0694837604207427e-06
12,step,step_r_15_eta_0.001,42012,57,200,57,46,1.9260869565217577e-05,0.0,1.9260869565217577e-05,1.9260869565217577e-05,1.9275249092358862e-05,7.337287297067479e-11,1.927510528152784e-05,1.9275392903189883e-05,2.1930196982427885e-06,2.2061576181102194e-11,2.1929764575534734e-06,2.1930629389321037e-06
12,step,step_r_15_eta_0.001,42012,58,200,58,44,2.0090909090909284e-05,0.0,2.0090909090909284e-05,2.0090909090909284e-05,2.0105564867386764e-05,7.272545205740994e-11,2.010542232550073e-05,2.0105707409272797e-05,2.327652160943229e-06,2.2976991955892057e-11,2.3276071260389955e-06,2.3276971958474627e-06
12,step,step_r_15_eta_0.001,42012,59,200,59,42,2.1000000000000206e-05,2.401782945325563e-22,2.1000000000000206e-05,2.1000000000000206e-05,2.101494380497708e-05,7.282199613685289e-11,2.101480107386465e-05,2.1015086536089507e-05,2.4749180878583102e-06,2.400426362478483e-11,2.4748710395016056e-06,2.474965136215015e-06
12,step,step_r_15_eta_0.001,42012,60,200,60,40,2.200000000000021e-05,0.0,2.200000000000021e-05,2.200000000000021e-05,2.201528466781877e-05,7.411074214700886e-11,2.201513941076416e-05,2.2015429924873376e-05,2.636705805032417e-06,2.5557977531419566e-11,2.6366557113964555e-06,2.6367558986683787e-06
12,step,step_r_15_eta_0.001,42012,61,200,61,38,2.3105263157894954e-05,2.401782945325563e-22,2.3105263157894954e-05,2.3105263157894954e-05,2.3120935846935952e-05,7.411183595478621e-11,2.312079058773748e-05,2.3121081106134424e-05,2.815317060162378e-06,2.6794106581575034e-11,2.815264543713478e-06,2.8153695766112778e-06
12,step,step_r_15_eta_0.001,42012,62,200,62,36,2.4333333333333563e-05,0.0,2.4333333333333563e-05,2.4333333333333563e-05,2.4349472238786402e-05,7.746304461795432e-11,2.434932041121895e-05,2.4349624066353854e-05,3.013563950710397e-06,2.7477230967940094e-11,3.0135100953376997e-06,3.013617806083094e-06
12,step,step_r_15_eta_0.001,42012,63,200,63,34,2.5705882352941422e-05,2.401782945325563e-22,2.5705882352941422e-05,2.5705882352941422e-05,2.5722575431896562e-05,7.799677721310121e-11,2.5722422558213225e-05,2.57227283055799e-05,3.234884184027317e-06,2.976038067639555e-11,3.2348258536811915e-06,3.234942514373443e-06
12,step,step_r_15_eta_0.001,42012,64,200,64,32,2.7250000000000256e-05,0.0,2.7250000000000256e-05,2.7250000000000256e-05,2.726730898493013e-05,7.890893071495728e-11,2.7267154323425927e-05,2.726746364643433e-05,3.4836286046022616e-06,3.1593799782149585e-11,3.4835666807546884e-06,3.4836905284498348e-06
12,step,step_r_15_eta_0.001,42012,65,200,65,30,2.900000000000027e-05,0.0,2.900000000000027e-05,2.900000000000027e-05,2.901802239617801e-05,8.18873161450575e-11,2.9017861897038366e-05,2.9018182895317654e-05,3.7652625473277454e-06,3.311465694568743e-11,3.765197642600132e-06,3.765327452055359e-06
12,step,step_r_15_eta_0.001,42012,66,200,66,28,3.100000000000028e-05,4.803565890651126e-22,3.100000000000028e-05,3.100000000000028e-05,3.1018849103619596e-05,8.452288950159458e-11,3.101868343875617e-05,3.101901476848302e-05,4.086841448684061e-06,3.633125624024343e-11,4.086770239421831e-06,4.086912657946292e-06
12,step,step_r_15_eta_0.001,42012,67,200,67,26,3.330769230769262e-05,0.0,3.330769230769262e-05,3.330769230769262e-05,3.33275568577617e-05,8.803282880846464e-11,3.332738431341723e-05,3.3327729402106166e-05,4.457589949926204e-06,3.85555632656673e-11,4.457514381022203e-06,4.457665518830204e-06
12,step,step_r_15_eta_0.001,42012,68,200,68,24,3.600000000000033e-05,0.0,3.600000000000033e-05,3.600000000000033e-05,3.602103986699875e-05,9.186135548874944e-11,3.6020859818741986e-05,3.602121991525551e-05,4.889810555728793e-06,4.1666773375863046e-11,4.889728888852976e-06,4.889892222604609e-06
12,step,step_r_15_eta_0.001,42012,69,200,69,22,3.918181818181854e-05,4.803565890651126e-22,3.918181818181854e-05,3.918181818181854e-05,3.920425440062013e-05,9.681406174107506e-11,3.920406464505912e-05,3.920444415618114e-05,5.4002501144283554e-06,4.521523962985315e-11,5.400161492558681e-06,5.40033873629803e-06
12,step,step_r_15_eta_0.001,42012,70,200,70,20,4.30000000000004e-05,4.803565890651126e-22,4.30000000000004e-05,4.30000000000004e-05,4.302417451941221e-05,1.0414151148349301e-10,4.30239704020497e-05,4.302437863677471e-05,6.012355926701691e-06,5.0602050642870793e-11,6.012256746682431e-06,6.012455106720951e-06
12,step,step_r_15_eta_0.001,42012,71,200,71,18,4.766666666666711e-05,4.803565890651126e-22,4.766666666666711e-05,4.766666666666711e-05,4.769297088568337e-05,1.1067594976699273e-10,4.7692753960821825e-05,4.769318781054491e-05,6.760072363550799e-06,5.590817658308928e-11,6.759962783524696e-06,6.760181943576902e-06
12,step,step_r_15_eta_0.001,42012,72,200,72,16,5.3500000000000494e-05,4.803565890651126e-22,5.3500000000000494e-05,5.3500000000000494e-05,5.352899595301386e-05,1.1970431379965154e-10,5.352876133255881e-05,5.352923057346891e-05,7.694213505666766e-06,6.442843588046377e-11,7.69408722593244e-06,7.694339785401092e-06
12,step,step_r_15_eta_0.001,42012,73,200,73,14,6.100000000000054e-05,9.607131781302251e-22,6.100000000000054e-05,6.100000000000054e-05,6.103246796384251e-05,1.3204651529166374e-10,6.103220915267254e-05,6.103272677501248e-05,8.894667328974245e-06,7.447962997806157e-11,8.894521348899488e-06,8.894813309049002e-06
12,step,step_r_15_eta_0.001,42012,74,200,74,12,7.100000000000064e-05,0.0,7.100000000000064e-05,7.100000000000064e-05,7.103714225847361e-05,1.5171902784917114e-10,7.103684488917903e-05,7.10374396277682e-05,1.0494627413540362e-05,8.691902971070731e-11,1.0494457052242129e-05,1.0494797774838594e-05
12,step,step_r_15_eta_0.001,42012,75,200,75,10,8.500000000000077e-05,0.0,8.500000000000077e-05,8.500000000000077e-05,8.504370073539925e-05,1.7658809135695813e-10,8.50433546227402e-05,8.50440468480583e-05,1.2733753574107298e-05,1.0503268544033539e-10,1.2733547710043835e-05,1.2733959438170762e-05
12,step,step_r_15_eta_0.001,42012,76,200,76,8,0.00010600000000000095,0.0,0.00010600000000000095,0.00010600000000000095,0.00010605353932736427,2.0745598649457092e-10,0.00010605313271363074,0.0001060539459410978,1.609147907659997e-05,1.3059714230350243e-10,1.6091223106201054e-05,1.6091735046998886e-05
13,step,step_r_15_eta_0.05,42013,0,200,0,160,0.20265624999999987,3.935081177621402e-18,0.20265624999999987,0.20265624999999987,0.20265624999999993,0.0,0.20265624999999993,0.20265624999999993,0.16340650662463393,1.967540588810701e-18,0.16340650662463393,0.16340650662463393
13,step,step_r_15_eta_0.05,42013,1,200,1,158,0.1925632911392403,0.0,0.1925632911392403,0.1925632911392403,0.1927728071192711,1.16373062970603e-05,0.19274999799892886,0.19279561623961336,0.1548791069652483,7.029521007418224e-06,0.15486532910407375,0.15489288482642283
13,step,step_r_15_eta_0.05,42013,2,200,2,156,0.18221153846153823,1.967540588810701e-18,0.18221153846153823,0.18221153846153823,0.1826598896857125,1.6506965025038335e-05,0.18262753603426343,0.18269224333716158,0.14610682262722097,1.002273729145412e-05,0.14608717806212973,0.1461264671923122
13,step,step_r_15_eta_0.05,42013,3,200,3,154,0.17159090909090885,1.967540588810701e-18,0.17159090909090885,0.17159090909090885,0.17238945808173312,2.8810713510427022e-05,0.17233298908325267,0.17244592708021356,0.1371310687141178,1.969670568689416e-05,0.13709246317097148,0.1371696742572641
13,step,step_r_15_eta_0.05,42013,4,200,4,152,0.160690789473684,0.0,0.160690789473684,0.160690789473684,0.1619027105793914,3.60938805862724e-05,0.16183196657344232,0.1619734545853405,0.1279177014340469,2.5093752291014356e-05,0.1278685176795565,0.1279668851885373
13,step,step_r_15_eta_0.05,42013,5,200,5,150,0.14949999999999977,1.967540588810701e-18,0.14949999999999977,0.14949999999999977,0.1513738235845076,6.286748804762334e-05,0.15125060330793424,0.15149704386108095,0.1185958902921534,4.8729729536893136e-05,0.11850038002226108,0.1186914005620457
13,step,step_r_15_eta_0.05,42013,6,200,6,148,0.13800675675675658,1.967540588810701e-18,0.13800675675675658,0.13800675675675658,0.14070532240026165,8.410666781451493e-05,0.1405404733313452,0.1408701714691781,0.10909923404228233,6.725107179338905e-05,0.10896742194156729,0.10923104614299738
13,step,step_r_15_eta_0.05,42013,7,200,7,146,0.12619863013698612,1.967540588810701e-18,0.12619863013698612,0.12619863013698612,0.12995974899645224,0.00010443794098143512,0.12975505063212864,0.13016444736077584,0.09948205988742283,8.48437962446275e-05,0.09931576604678335,0.0996483537280623
13,step,step_r_15_eta_0.05,42013,8,200,8,144,0.11406249999999975,2.951310883216051e-18,0.11406249999999975,0.11406249999999975,0.11921583282036317,0.00013582138399510036,0.11894962290773278,0.11948204273299357,0.08981047333439841,0.0001133965603378194,0.08958821607613629,0.09003273059266054
13,step,step_r_15_eta_0.05,42013,9,200,9,142,0.10158450704225334,1.967540588810701e-18,0.10158450704225334,0.10158450704225334,0.10848662581679341,0.00016582387743666334,0.10816161101701756,0.10881164061656927,0.08011074796355168,0.00014034345880286137,0.07983567478429807,0.08038582114280529
13,step,step_r_15_eta_0.05,42013,10,200,10,140,0.08874999999999979,0.0,0.08874999999999979,0.08874999999999979,0.0984198184397425,0.00022184365791662832,0.0979850048702259,0.09885463200925909,0.07094661039433665,0.00019150777710979364,0.07057125515120145,0.07132196563747185
13,step,step_r_15_eta_0.05,42013,11,200,11,138,0.07554347826086938,1.967540588810701e-18,0.07554347826086938,0.07554347826086938,0.08866463268796468,0.00026941926364766307,0.08813657093121526,0.0891926944447141,0.06202849196200656,0.0002360570729473034,0.06156582009902985,0.06249116382498328
13,step,step_r_15_eta_0.05,42013,12,200,12,136,0.06194852941176451,1.4756554416080256e-18,0.06194852941176451,0.06194852941176451,0.07957654057006217,0.00032912836136471423,0.07893144898178732,0.08022163215833701,0.05368380234175243,0.00029129179835374764,0.05311287041697908,0.05425473426652577
13,step,step_r_15_eta_0.05,42013,13,200,13,134,0.047947761194029645,9.837702944053505e-19,0.047947761194029645,0.047947761194029645,0.0709659862778451,0.00037059673560871104,0.07023961667605202,0.07169235587963818,0.04575552949248718,0.000329678518930815,0.04510935959538278,0.04640169938959158
13,step,step_r_15_eta_0.05,42013,14,200,14,132,0.033522727272727045,4.918851472026753e-19,0.033522727272727045,0.033522727272727045,0.06319318091511468,0.000399075492239091,0.06241099295032606,0.0639753688799033,0.03857513829082738,0.00035719482289384494,0.037875036437955444,0.03927524014369931
13,step,step_r_15_eta_0.05,42013,15,200,15,130,0.01865384615384593,2.4594257360133763e-19,0.01865384615384593,0.01865384615384593,0.056705354928675324,0.00039788764868835144,0.05592549513724616,0.05748521472010449,0.0325600821716143,0.0003575444943417884,0.0318592949627044,0.03326086938052421
13,step,step_r_15_eta_0.05,42013,16,200,16,128,0.018906249999999764,4.918851472026753e-19,0.018906249999999764,0.018906249999999764,0.05081679385185236,0.00040913716445075706,0.05001488500952887,0.051618702694175844,0.027082066638505306,0.00036814152611957824,0.026360509247310933,0.02780362402969968
13,step,step_r_15_eta_0.05,42013,17,200,17,126,0.019166666666666436,2.4594257360133763e-19,0.019166666666666436,0.019166666666666436,0.04585320591030815,0.0003936698300812145,0.04508161304334897,0.04662479877726733,0.022445574634473234,0.00035390669637672286,0.021751917509574857,0.02313923175937161
13,step,step_r_15_eta_0.05,42013,18,200,18,124,0.019435483870967506,0.0,0.019435483870967506,0.019435483870967506,0.04158547482901689,0.0003836944915490008,0.040833433625580846,0.04233751603245293,0.018445750871935625,0.0003448172604889702,0.017769909041377242,0.019121592702494007
13,step,step_r_15_eta_0.05,42013,19,200,19,122,0.01971311475409812,0.0,0.01971311475409812,0.01971311475409812,0.03832626558434676,0.0003407926536288629,0.03765831198323419,0.038994219185459325,0.015362467949195983,0.00030452881066978985,0.014765591480283195,0.01595934441810877
13,step,step_r_15_eta_0.05,42013,20,200,20,120,0.01999999999999976,2.4594257360133763e-19,0.01999999999999976,0.01999999999999976,0.035673755042939896,0.00030525907629797326,0.03507544725339587,0.03627206283248392,0.012819372180927324,0.00027108696666382806,0.01228804172626622,0.013350702635588428
13,step,step_r_15_eta_0.05,42013,21,200,21,118,0.02029661016949128,2.4594257360133763e-19,0.02029661016949128,0.02029661016949128,0.03361373541402368,0.0002726256995377421,0.03307938904292971,0.034148081785117655,0.010811461249632554,0.00024045336861219639,0.010340172647152649,0.011282749852112459
13,step,step_r_15_eta_0.05,42013,22,200,22,116,0.02060344827586183,4.918851472026753e-19,0.02060344827586183,0.02060344827586183,0.03217200876458637,0.00024267993827932353,0.031696356085558895,0.03264766144361384,0.00935732624195852,0.0002126491918147708,0.00894053382600157,0.00977411865791547
13,step,step_r_15_eta_0.05,42013,23,200,23,114,0.020921052631578698,2.4594257360133763e-19,0.020921052631578698,0.020921052631578698,0.030964418241708824,0.00020635162528682011,0.030559969056146656,0.03136886742727099,0.008104017108652484,0.00017927402924742847,0.007752640011327525,0.008455394205977445
13,step,step_r_15_eta_0.05,42013,24,200,24,112,0.021249999999999748,2.4594257360133763e-19,0.021249999999999748,0.021249999999999748,0.030027732223161453,0.00017514153712508407,0.029684454810396287,0.030371009635926618,0.007087792400790858,0.0001508948671393753,0.006792038461197683,0.007383546340384033
13,step,step_r_15_eta_0.05,42013,25,200,25,110,0.021590909090908834,2.4594257360133763e-19,0.021590909090908834,0.021590909090908834,0.029387643604944565,0.00015764707340579768,0.029078655341069203,0.029696631868819927,0.0063293701526269015,0.0001348505088075238,0.006065063155364155,0.0065936771498896485
13,step,step_r_15_eta_0.05,42013,26,200,26,108,0.021944444444444183,0.0,0.021944444444444183,0.021944444444444183,0.028899754919590296,0.00013143676750632368,0.0286421388552779,0.02915737098390269,0.00569207100560315,0.00011098022946780382,0.005474549755846254,0.005909592255360046
13,step,step_r_15_eta_0.05,42013,27,200,27,106,0.022311320754716712,2.4594257360133763e-19,0.022311320754716712,0.022311320754716712,0.02867516391093716,0.00012151245882815617,0.028436999491633974,0.028913328330240344,0.0052747283667058465,0.00010205553431484879,0.005074699519448743,0.00547475721396295
13,step,step_r_15_eta_0.05,42013,28,200,28,104,0.022692307692307425,2.4594257360133763e-19,0.022692307692307425,0.022692307692307425,0.02839442286783175,0.00010429651121325317,0.028190001705853774,0.028598844029809726,0.004797508674344392,8.645040677857205e-05,0.00462806587705839,0.004966951471630393
13,step,step_r_15_eta_0.05,42013,29,200,29,102,0.023088235294117368,2.4594257360133763e-19,0.023088235294117368,0.023088235294117368,0.028231203706570566,8.414058307468477e-05,0.028066288163744183,0.02839611924939695,0.004411197734529363,6.775211781622364e-05,0.004278403583609564,0.004543991885449162
13,step,step_r_15_eta_0.05,42013,30,200,30,100,0.023499999999999722,0.0,0.023499999999999722,0.023499999999999722,0.028213214325243766,7.180608408715514e-05,0.028072474400432944,0.02835395425005459,0.0041405057856039405,5.671759688522258e-05,0.004029339295708904,0.004251672275498977
13,step,step_r_15_eta_0.05,42013,31,200,31,98,0.02392857142857114,4.918851472026753e-19,0.02392857142857114,0.02392857142857114,0.028288792291539994,6.216444995120055e-05,0.02816694996963564,0.028410634613444348,0.003937063213642657,4.807772887980596e-05,0.003842830865038237,0.004031295562247076
13,step,step_r_15_eta_0.05,42013,32,200,32,96,0.024374999999999706,4.918851472026753e-19,0.024374999999999706,0.024374999999999706,0.028444509262168332,5.7751912160830684e-05,0.028331315514333103,0.02855770301000356,0.003790929177266916,4.4297655205789126e-05,0.0037041057730635694,0.003877752581470263
13,step,step_r_15_eta_0.05,42013,33,200,33,94,0.024840425531914602,0.0,0.024840425531914602,0.024840425531914602,0.028632610063396072,5.424158171356322e-05,0.028526296563237487,0.028738923563554657,0.0036580315964962386,4.11109415287112e-05,0.003577454151099965,0.0037386090418925124
13,step,step_r_15_eta_0.05,42013,34,200,34,92,0.025326086956521436,2.4594257360133763e-19,0.025326086956521436,0.025326086956521436,0.02891813947998152,4.981587197999703e-05,0.028820500370900726,0.029015778589062312,0.003589076010245169,3.740821673730685e-05,0.0035157559054400473,0.0036623961150502905
13,step,step_r_15_eta_0.05,42013,35,200,35,90,0.025833333333333038,7.378277208040128e-19,0.025833333333333038,0.025833333333333038,0.02922331683304213,4.5196439679934665e-05,0.02913473181126946,0.029311901854814804,0.0035233554092887497,3.337127835779321e-05,0.003457947703707475,0.0035887631148700245
13,step,step_r_15_eta_0.05,42013,36,200,36,88,0.02636363636363605,2.4594257360133763e-19,0.02636363636363605,0.02636363636363605,0.02957707423969512,4.125649176622849e-05,0.02949621151583331,0.029657936963556928,0.0034809703994602664,3.0112896696297265e-05,0.003421949121935524,0.003539991676985009
13,step,step_r_15_eta_0.05,42013,37,200,37,86,0.026918604651162473,0.0,0.026918604651162473,0.026918604651162473,0.029972442830664917,3.6358614890869416e-05,0.029901179945478813,0.03004370571585102,0.0034563299144639596,2.6266203338287365e-05,0.003404848155920916,0.003507811673007003
13,step,step_r_15_eta_0.05,42013,38,200,38,84,0.027499999999999688,7.378277208040128e-19,0.027499999999999688,0.027499999999999688,0.030409129256691935,3.263351244866453e-05,0.030345167572292553,0.030473090941091317,0.003446266809711403,2.3052075297985802e-05,0.003401084742127351,0.003491448877295455
13,step,step_r_15_eta_0.05,42013,39,200,39,82,0.028109756097560654,4.918851472026753e-19,0.028109756097560654,0.028109756097560654,0.03089987526749858,3.054693640207294e-05,0.030840003272150515,0.030959747262846643,0.0034615154007307846,2.1067541418638418e-05,0.0034202230195502534,0.003502807781911316
13,step,step_r_15_eta_0.05,42013,40,200,40,80,0.02874999999999966,2.4594257360133763e-19,0.02874999999999966,0.02874999999999966,0.03144901693238388,2.834233842061255e-05,0.031393465949079484,0.03150456791568828,0.003501604572294306,1.9245278321229957e-05,0.003463883826784695,0.0035393253178039167
13,step,step_r_15_eta_0.05,42013,41,200,41,78,0.02942307692307657,7.378277208040128e-19,0.02942307692307657,0.02942307692307657,0.032026225397661506,2.6760971039202353e-05,0.03197377389442467,0.03207867690089834,0.003543474486830018,1.7844537807407028e-05,0.0035084991927275,0.003578449780932536
13,step,step_r_15_eta_0.05,42013,42,200,42,76,0.03013157894736807,2.4594257360133763e-19,0.03013157894736807,0.03013157894736807,0.03265401182070327,2.494091594702233e-05,0.03260512762544711,0.03270289601595944,0.0036022685821869484,1.6335884225140107e-05,0.0035702502491056737,0.0036342869152682232
13,step,step_r_15_eta_0.05,42013,43,200,43,74,0.030878378378378032,7.378277208040128e-19,0.030878378378378032,0.030878378378378032,0.03333557580703134,2.2713702396615755e-05,0.03329105695033397,0.0333800946637287,0.003677174835149618,1.4559729279131986e-05,0.003648637765762519,0.0037057119045367168
13,step,step_r_15_eta_0.05,42013,44,200,44,72,0.031666666666666295,4.918851472026753e-19,0.031666666666666295,0.031666666666666295,0.034059428048916464,2.2180601316299313e-05,0.034015954070336515,0.03410290202749641,0.003760929581349419,1.4092949495834128e-05,0.0037333074003375838,0.003788551762361254
13,step,step_r_15_eta_0.05,42013,45,200,45,70,0.03249999999999963,4.918851472026753e-19,0.03249999999999963,0.03249999999999963,0.034838397520665705,2.0931581304029326e-05,0.03479737162130981,0.0348794234200216,0.0038572217176460577,1.3040251173081993e-05,0.003831662825346817,0.0038827806099452984
13,step,step_r_15_eta_0.05,42013,46,200,46,68,0.033382352941176086,0.0,0.033382352941176086,0.033382352941176086,0.035669738915629044,1.9696633933328038e-05,0.03563113351311972,0.035708344318138366,0.003964031279918409,1.2017421546324574e-05,0.003940477133687613,0.0039875854261492046
13,step,step_r_15_eta_0.05,42013,47,200,47,66,0.034318181818181415,4.918851472026753e-19,0.034318181818181415,0.034318181818181415,0.03656530366732627,1.879609991555592e-05,0.03652846331149178,0.03660214402316076,0.0040867990033723375,1.1332434700156734e-05,0.00406458743136003,0.004109010575384645
13,step,step_r_15_eta_0.05,42013,48,200,48,64,0.03531249999999958,9.837702944053505e-19,0.03531249999999958,0.03531249999999958,0.0375251689685221,1.698058316932569e-05,0.03749188702551022,0.03755845091153398,0.004222178421966289,1.0072997783670417e-05,0.004202435346310296,0.004241921497622283
13,step,step_r_15_eta_0.05,42013,49,200,49,62,0.03637096774193506,4.918851472026753e-19,0.03637096774193506,0.03637096774193506,0.038565101737102585,1.6821484834624193e-05,0.03853213162682672,0.03859807184737845,0.004377227849474228,9.833977816610117e-06,0.004357953252953672,0.004396502445994784
13,step,step_r_15_eta_0.05,42013,50,200,50,60,0.037499999999999575,4.918851472026753e-19,0.037499999999999575,0.037499999999999575,0.03967069307817784,1.657655850503056e-05,0.03963820302350798,0.0397031831328477,0.0045401617059369495,9.511604701656064e-06,0.004521518960721704,0.004558804451152195
13,step,step_r_15_eta_0.05,42013,51,200,51,58,0.03870689655172371,9.837702944053505e-19,0.03870689655172371,0.03870689655172371,0.04086180774577586,1.6654588146689666e-05,0.040829164753008344,0.04089445073854337,0.004720181644556605,9.42044780979788e-06,0.004701717566849401,0.004738645722263808
13,step,step_r_15_eta_0.05,42013,52,200,52,56,0.039999999999999536,4.918851472026753e-19,0.039999999999999536,0.039999999999999536,0.042148373783377754,1.619708347588602e-05,0.04211662749976502,0.04218012006699049,0.004919252814524372,9.09351364261407e-06,0.0049014295277848485,0.004937076101263896
13,step,step_r_15_eta_0.05,42013,53,200,53,54,0.04138888888888842,0.0,0.04138888888888842,0.04138888888888842,0.04352985419484325,1.570478685222844e-05,0.043499072812612886,0.04356063557707362,0.005131861791353315,8.664105104975837e-06,0.005114880145347563,0.0051488434373590675
13,step,step_r_15_eta_0.05,42013,54,200,54,52,0.0428846153846149,4.918851472026753e-19,0.0428846153846149,0.0428846153846149,0.04503159766271481,1.5454698823170736e-05,0.045001306453021396,0.04506188887240823,0.00536886604846935,8.420743135593093e-06,0.005352361391923587,0.005385370705015113
13,step,step_r_15_eta_0.05,42013,55,200,55,50,0.0444999999999995,0.0,0.0444999999999995,0.0444999999999995,0.04665572683157219,1.5051002425850836e-05,0.04662622686681752,0.046685226796326855,0.005625830640138918,8.100564305503982e-06,0.0056099535341001296,0.005641707746177706
13,step,step_r_15_eta_0.05,42013,56,200,56,48,0.046249999999999465,9.837702944053505e-19,0.046249999999999465,0.046249999999999465,0.04841726448521792,1.4870563613626466e-05,0.04838811818053521,0.04844641078990063,0.005904925679558488,7.919405878960478e-06,0.0058894036440357254,0.00592044771508125
13,step,step_r_15_eta_0.05,42013,57,200,57,46,0.048152173913042925,4.918851472026753e-19,0.048152173913042925,0.048152173913042925,0.0503377891683174,1.4414971392914441e-05,0.05030953582438729,0.050366042512247515,0.006211612812834564,7.57645279196089e-06,0.00619676296536232,0.006226462660306807
13,step,step_r_15_eta_0.05,42013,58,200,58,44,0.050227272727272156,4.918851472026753e-19,0.050227272727272156,0.050227272727272156,0.05243725569890317,1.4327588983513733e-05,0.05240917362449548,0.052465337773310854,0.006547944250340354,7.468038825422344e-06,0.006533306894242526,0.006562581606438182
13,step,step_r_15_eta_0.05,42013,59,200,59,42,0.05249999999999943,1.4756554416080256e-18,0.05249999999999943,0.05249999999999943,0.05473832845286292,1.3970344522085184e-05,0.05471094657759963,0.0547657103281262,0.006916905773019376,7.204017539359295e-06,0.006902785898642232,0.0069310256473965205
13,step,step_r_15_eta_0.05,42013,60,200,60,40,0.054999999999999376,4.918851472026753e-19,0.054999999999999376,0.054999999999999376,0.05727679970169577,1.4047293302936454e-05,0.057249267006822015,0.05730433239656952,0.007326256278460262,7.122660950219542e-06,0.007312295862997832,0.007340216693922693
13,step,step_r_15_eta_0.05,42013,61,200,61,38,0.05776315789473619,4.918851472026753e-19,0.05776315789473619,0.05776315789473619,0.06008295535461776,1.380022193343141e-05,0.060055906919628234,0.060110003789607284,0.007778411848052653,6.862184140750747e-06,0.007764961967136782,0.007791861728968524
13,step,step_r_15_eta_0.05,42013,62,200,62,36,0.060833333333332636,1.4756554416080256e-18,0.060833333333332636,0.060833333333332636,0.06321247897015309,1.4029907424675117e-05,0.06318498035160072,0.06323997758870545,0.008286620363497317,6.861733071178412e-06,0.008273171366677807,0.008300069360316827
13,step,step_r_15_eta_0.05,42013,63,200,63,34,0.06426470588235222,0.0,0.06426470588235222,0.06426470588235222,0.06671517881644215,1.4267282278757893e-05,0.06668721494317578,0.06674314268970852,0.00885671842193376,6.87983566747694e-06,0.008843233944025506,0.008870202899842014
13,step,step_r_15_eta_0.05,42013,64,200,64,32,0.06812499999999921,1.967540588810701e-18,0.06812499999999921,0.06812499999999921,0.07065580710740721,1.4691350088906804e-05,0.07062701206123295,0.07068460215358147,0.009497526326103371,7.040522409211824e-06,0.009483726902181315,0.009511325750025426
13,step,step_r_15_eta_0.05,42013,65,200,65,30,0.0724999999999992,9.837702944053505e-19,0.0724999999999992,0.0724999999999992,0.07512395661771272,1.5039961734726916e-05,0.07509447829271265,0.07515343494271279,0.010224142108362432,7.133251289342495e-06,0.01021016093583532,0.010238123280889544
13,step,step_r_15_eta_0.05,42013,66,200,66,28,0.07749999999999913,9.837702944053505e-19,0.07749999999999913,0.07749999999999913,0.08023488091141623,1.550959088792907e-05,0.08020448211327588,0.08026527970955658,0.011056270820886916,7.3174579235889045e-06,0.011041928603356682,0.01107061303841715
13,step,step_r_15_eta_0.05,42013,67,200,67,26,0.08326923076922986,9.837702944053505e-19,0.08326923076922986,0.08326923076922986,0.08613723434609014,1.6038901646476263e-05,0.08610579809886304,0.08616867059331723,0.0120185618907354,7.525153359967899e-06,0.012003812590149862,0.012033311191320936
13,step,step_r_15_eta_0.05,42013,68,200,68,24,0.08999999999999898,1.967540588810701e-18,0.08999999999999898,0.08999999999999898,0.09302829235902359,1.6586215794640793e-05,0.0929957833760661,0.09306080134198108,0.013142550617949264,7.72785090108512e-06,0.013127404030183138,0.01315769720571539
13,step,step_r_15_eta_0.05,42013,69,200,69,22,0.09795454545454438,0.0,0.09795454545454438,0.09795454545454438,0.1011771774731897,1.7693523455992197e-05,0.10114249816721596,0.10121185677916344,0.014472345872197891,8.192507603883089e-06,0.014456288557294281,0.014488403187101501
13,step,step_r_15_eta_0.05,42013,70,200,70,20,0.10749999999999883,9.837702944053505e-19,0.10749999999999883,0.10749999999999883,0.11095777585488388,1.8762122091160398e-05,0.11092100209558521,0.11099454961418255,0.016067953388671112,8.620336150106252e-06,0.016051057529816903,0.01608484924752532
13,step,step_r_15_eta_0.05,42013,71,200,71,18,0.11916666666666532,2.951310883216051e-18,0.11916666666666532,0.11916666666666532,0.12291356225786783,2.025272554323957e-05,0.12287386691580308,0.12295325759993257,0.018017750217937525,9.232720603925225e-06,0.01799965408555383,0.018035846350321218
13,step,step_r_15_eta_0.05,42013,72,200,72,16,0.1337499999999985,1.967540588810701e-18,0.1337499999999985,0.1337499999999985,0.13786478694327797,2.191327074489526e-05,0.13782183693261799,0.13790773695393796,0.02045743203831671,9.898155534745e-06,0.020438031653468608,0.02047683242316481
13,step,step_r_15_eta_0.05,42013,73,200,73,14,0.15249999999999833,0.0,0.15249999999999833,0.15249999999999833,0.157093384143759,2.454265797618538e-05,0.1570452805341257,0.15714148775339232,0.023594906766466514,1.1029956409402019e-05,0.023573288051904086,0.02361652548102894
13,step,step_r_15_eta_0.05,42013,74,200,74,12,0.17749999999999802,3.935081177621402e-18,0.17749999999999802,0.17749999999999802,0.1827283803120884,2.7328566510671937e-05,0.1826748163217275,0.18278194430244932,0.027774622204678898,1.220109881641141e-05,0.027750708050998732,0.027798536358359063
13,step,step_r_15_eta_0.05,42013,75,200,75,10,0.2124999999999977,0.0,0.2124999999999977,0.2124999999999977,0.21862755087393204,3.096066361544336e-05,0.21856686797324576,0.21868823377461832,0.03362896832478662,1.3560128624702009e-05,0.03360239047268221,0.03365554617689104
13,step,step_r_15_eta_0.05,42013,76,200,76,8,0.26499999999999707,3.935081177621402e-18,0.26499999999999707,0.26499999999999707,0.2724838861242875,3.7479928413028e-05,0.2724104254645979,0.27255734678397703,0.04241230491413688,1.6220582596166938e-05,0.0423805125722484,0.04244409725602537
14,step,step_r_15_eta_0.1,42014,0,200,0,160,0.24812499999999918,5.902621766432102e-18,0.24812499999999918,0.24812499999999918,0.24812499999999982,1.967540588810701e-18,0.24812499999999982,0.24812499999999982,0.14675999653005034,0.0,0.14675999653005034,0.14675999653005034
14,step,step_r_15_eta_0.1,42014,1,200,1,158,0.23860759493670805,3.935081177621402e-18,0.23860759493670805,0.23860759493670805,0.2399766186788031,4.280368200946021e-05,0.23989272346206456,0.24006051389554164,0.13979835561278608,2.794733781294178e-05,0.13974357883067273,0.13985313239489944
14,step,step_r_15_eta_0.1,42014,2,200,2,156,0.2288461538461531,0.0,0.2288461538461531,0.2288461538461531,0.23180607235194434,6.22212539180486e-05,0.23168411869426497,0.2319280260096237,0.1327666517397892,4.2314015484792825e-05,0.132683716269439,0.13284958721013937
14,step,step_r_15_eta_0.1,42014,3,200,3,154,0.21883116883116804,1.967540588810701e-18,0.21883116883116804,0.21883116883116804,0.2237430393197272,9.192301258607768e-05,0.22356287021505847,0.22392320842439592,0.12576716920526404,6.522822999516212e-05,0.12563932187447352,0.12589501653605456
14,step,step_r_15_eta_0.1,42014,4,200,4,152,0.20855263157894657,1.967540588810701e-18,0.20855263157894657,0.20855263157894657,0.21586063372686431,0.0001221280026393253,0.21562126284169122,0.2161000046120374,0.11886457991326059,9.01762685183128e-05,0.11868783442696469,0.11904132539955649
14,step,step_r_15_eta_0.1,42014,5,200,5,150,0.19799999999999918,1.967540588810701e-18,0.19799999999999918,0.19799999999999918,0.20797750025724115,0.00015620090349442806,0.20767134648639207,0.20828365402809024,0.11192471822357689,0.00011681133621862742,0.11169576800458837,0.1121536684425654
14,step,step_r_15_eta_0.1,42014,6,200,6,148,0.18716216216216133,1.967540588810701e-18,0.18716216216216133,0.18716216216216133,0.20022814441552295,0.00018301200741775733,0.19986944088098413,0.20058684795006176,0.10505460497892943,0.0001392713220355981,0.10478163318773966,0.10532757677011921
14,step,step_r_15_eta_0.1,42014,7,200,7,146,0.17602739726027314,1.967540588810701e-18,0.17602739726027314,0.17602739726027314,0.19264140706716507,0.0002135343867567413,0.19222287966912185,0.19305993446520828,0.09827720146471851,0.00016491638032841745,0.09795396535927481,0.09860043757016221
14,step,step_r_15_eta_0.1,42014,8,200,8,144,0.1645833333333325,1.967540588810701e-18,0.1645833333333325,0.1645833333333325,0.1855233309814091,0.00024258692775660706,0.18504786060300615,0.18599880135981206,0.09185224886778487,0.00019057232750938386,0.09147872710586648,0.09222577062970326
14,step,step_r_15_eta_0.1,42014,9,200,9,142,0.1528169014084499,1.967540588810701e-18,0.1528169014084499,0.1528169014084499,0.1786197460705165,0.0002710059575825641,0.1780885743936547,0.17915091774737832,0.08557222506082741,0.00021621459408397684,0.08514844445642282,0.08599600566523201
14,step,step_r_15_eta_0.1,42014,10,200,10,140,0.14071428571428488,0.0,0.14071428571428488,0.14071428571428488,0.17189051655524096,0.0003065343313858921,0.17128970926572462,0.1724913238447573,0.0794079950376784,0.0002461726757794195,0.07892549659315073,0.07989049348220606
14,step,step_r_15_eta_0.1,42014,11,200,11,138,0.12826086956521654,0.0,0.12826086956521654,0.12826086956521654,0.1657284332815353,0.0003236611634997956,0.16509405740107572,0.1663628091619949,0.07369782435322741,0.00026186522382329184,0.07318456851453377,0.07421108019192106
14,step,step_r_15_eta_0.1,42014,12,200,12,136,0.11544117647058737,0.0,0.11544117647058737,0.11544117647058737,0.16012656075218473,0.0003482721527315055,0.159443947332831,0.16080917417153848,0.0684288600107647,0.0002840460465793703,0.06787212975946914,0.06898559026206026
14,step,step_r_15_eta_0.1,42014,13,200,13,134,0.10223880597014837,9.837702944053505e-19,0.10223880597014837,0.10223880597014837,0.15461013610758245,0.0003668105164062294,0.15389118749542624,0.15532908471973866,0.06321025362606333,0.00030013598395695713,0.0626219870975077,0.06379852015461897
14,step,step_r_15_eta_0.1,42014,14,200,14,132,0.08863636363636275,9.837702944053505e-19,0.08863636363636275,0.08863636363636275,0.14972657568538406,0.00038691022224251917,0.14896823164978873,0.15048491972097938,0.058495058963555016,0.00031708789145637044,0.05787356669630053,0.0591165512308095
14,step,step_r_15_eta_0.1,42014,15,200,15,130,0.07461538461538372,9.837702944053505e-19,0.07461538461538372,0.07461538461538372,0.14553508100574292,0.00038932346260602235,0.14477200701903511,0.14629815499245072,0.05436185568001396,0.00031892565576083464,0.05373676139472273,0.0549869499653052
14,step,step_r_15_eta_0.1,42014,16,200,16,128,0.07562499999999905,1.967540588810701e-18,0.07562499999999905,0.07562499999999905,0.14132374377824677,0.00039718356391017995,0.1405452639929828,0.14210222356351074,0.05018476777249643,0.0003271964390250447,0.04954346275200735,0.05082607279298552
14,step,step_r_15_eta_0.1,42014,17,200,17,126,0.07666666666666574,9.837702944053505e-19,0.07666666666666574,0.07666666666666574,0.13758825731395657,0.0003971624517833398,0.13680981890846122,0.13836669571945193,0.046398830675633336,0.0003277811296023611,0.04575637966161271,0.04704128168965396
14,step,step_r_15_eta_0.1,42014,18,200,18,124,0.07774193548387003,0.0,0.07774193548387003,0.07774193548387003,0.1344743849770574,0.00038980984610737163,0.13371035767868697,0.13523841227542785,0.04310395965305129,0.00032041571373206054,0.04247594485413645,0.04373197445196613
14,step,step_r_15_eta_0.1,42014,19,200,19,122,0.07885245901639248,0.0,0.07885245901639248,0.07885245901639248,0.13177226616311408,0.00038870418688785455,0.13101040595681387,0.13253412636941428,0.04014667067232361,0.00031989349901767524,0.039519679414248964,0.040773661930398254
14,step,step_r_15_eta_0.1,42014,20,200,20,120,0.07999999999999904,9.837702944053505e-19,0.07999999999999904,0.07999999999999904,0.1293998173417356,0.0003658429265916684,0.12868276520561595,0.13011686947785528,0.03744884869571715,0.0002999691029640773,0.03686090925390756,0.03803678813752674
14,step,step_r_15_eta_0.1,42014,21,200,21,118,0.08118644067796511,9.837702944053505e-19,0.08118644067796511,0.08118644067796511,0.1272027515331477,0.00035540382266287376,0.12650616004072845,0.12789934302556694,0.034866018727523714,0.0002896818909193268,0.034298242221321835,0.03543379523372559
14,step,step_r_15_eta_0.1,42014,22,200,22,116,0.08241379310344732,1.967540588810701e-18,0.08241379310344732,0.08241379310344732,0.12565985564929308,0.00034721551655419737,0.12497931323684686,0.1263403980617393,0.03281280902972472,0.00028250850090526654,0.032259092367950395,0.03336652569149905
14,step,step_r_15_eta_0.1,42014,23,200,23,114,0.08368421052631479,9.837702944053505e-19,0.08368421052631479,0.08368421052631479,0.12418734278400224,0.0003256670426462952,0.1235490353804155,0.12482565018758898,0.030799046656613562,0.00026457556694166356,0.030280478545407902,0.031317614767819225
14,step,step_r_15_eta_0.1,42014,24,200,24,112,0.08499999999999899,9.837702944053505e-19,0.08499999999999899,0.08499999999999899,0.1231342800620869,0.00030977958580940087,0.12252711207390048,0.12374144805027333,0.029105774438862867,0.00025109229425761037,0.02861363354211795,0.029597915335607784
14,step,step_r_15_eta_0.1,42014,25,200,25,110,0.08636363636363534,9.837702944053505e-19,0.08636363636363534,0.08636363636363534,0.12235770340258094,0.000301650762529855,0.12176646790802242,0.12294893889713945,0.02760507098720601,0.00024271013812317133,0.027129359116484595,0.028080782857927426
14,step,step_r_15_eta_0.1,42014,26,200,26,108,0.08777777777777673,0.0,0.08777777777777673,0.08777777777777673,0.12161069378729973,0.0002915855739315257,0.12103918606239394,0.12218220151220552,0.026103040306692245,0.0002343244384421261,0.025643764407345677,0.026562316206038813
14,step,step_r_15_eta_0.1,42014,27,200,27,106,0.08924528301886685,9.837702944053505e-19,0.08924528301886685,0.08924528301886685,0.12127944043006916,0.0002715487776146975,0.12074720482594435,0.12181167603419397,0.02490682831751891,0.00021672514554961736,0.02448204703224166,0.025331609602796158
14,step,step_r_15_eta_0.1,42014,28,200,28,104,0.0907692307692297,9.837702944053505e-19,0.0907692307692297,0.0907692307692297,0.12122520328209835,0.0002620826440275762,0.1207115212998043,0.1217388852643924,0.023904291222207812,0.0002080658042742529,0.023496482245830275,0.02431210019858535
14,step,step_r_15_eta_0.1,42014,29,200,29,102,0.09235294117646947,9.837702944053505e-19,0.09235294117646947,0.09235294117646947,0.12148475647939357,0.00025043904068812933,0.12099389595964483,0.1219756169991423,0.02311541280821043,0.00019707113402338145,0.022729153385524604,0.023501672230896258
14,step,step_r_15_eta_0.1,42014,30,200,30,100,0.09399999999999889,0.0,0.09399999999999889,0.09399999999999889,0.12174596737274788,0.00023131678339826062,0.1212925864772873,0.12219934826820847,0.02229387098539333,0.00018065781425706455,0.021939781669449484,0.022647960301337176
14,step,step_r_15_eta_0.1,42014,31,200,31,98,0.09571428571428456,1.967540588810701e-18,0.09571428571428456,0.09571428571428456,0.12226288535173194,0.00022600608845983386,0.12181991341835066,0.12270585728511321,0.021629595650994253,0.00017540717052882458,0.021285797596757756,0.02197339370523075
14,step,step_r_15_eta_0.1,42014,32,200,32,96,0.09749999999999882,1.967540588810701e-18,0.09749999999999882,0.09749999999999882,0.12281285364546354,0.00020712817562338292,0.12240688242124172,0.12321882486968537,0.02096032475888081,0.00015979122262899852,0.020647133962527976,0.021273515555233647
14,step,step_r_15_eta_0.1,42014,33,200,33,94,0.09936170212765841,0.0,0.09936170212765841,0.09936170212765841,0.1237277747041654,0.00020006633188579984,0.12333564469366924,0.12411990471466157,0.020526219528999405,0.0001538264745480148,0.020224719638885297,0.020827719419113513
14,step,step_r_15_eta_0.1,42014,34,200,34,92,0.10130434782608574,9.837702944053505e-19,0.10130434782608574,0.10130434782608574,0.12472341744463748,0.00019667217214987482,0.12433793998722373,0.12510889490205124,0.02010143882406169,0.0001500964152379011,0.019807249850195403,0.020395627797927977
14,step,step_r_15_eta_0.1,42014,35,200,35,90,0.10333333333333215,2.951310883216051e-18,0.10333333333333215,0.10333333333333215,0.12597801469687328,0.0001878999101555186,0.12560973087296845,0.1263462985207781,0.01982886729247091,0.00014226758555601853,0.01955002282478111,0.020107711760160706
14,step,step_r_15_eta_0.1,42014,36,200,36,88,0.1054545454545442,9.837702944053505e-19,0.1054545454545442,0.1054545454545442,0.12737956606409384,0.00017852085073846147,0.12702966519664646,0.12772946693154122,0.019616533209682385,0.00013367167495771093,0.01935453672676527,0.019878529692599498
14,step,step_r_15_eta_0.1,42014,37,200,37,86,0.1076744186046499,0.0,0.1076744186046499,0.1076744186046499,0.12875824136781516,0.0001615497639472238,0.12844160383047862,0.1290748789051517,0.019320854918196795,0.00011921548900943715,0.019087192559738297,0.019554517276655293
14,step,step_r_15_eta_0.1,42014,38,200,38,84,0.10999999999999875,2.951310883216051e-18,0.10999999999999875,0.10999999999999875,0.1304212040834632,0.00015170222351760357,0.13012386772536869,0.1307185404415577,0.01918598066900776,0.00011090848988004974,0.018968600028842864,0.019403361309172657
14,step,step_r_15_eta_0.1,42014,39,200,39,82,0.11243902439024261,1.967540588810701e-18,0.11243902439024261,0.11243902439024261,0.13242786625426317,0.00014856905445702207,0.1321366709075274,0.13271906160099894,0.019240446433974816,0.00010781810552573431,0.019029122947144376,0.019451769920805256
14,step,step_r_15_eta_0.1,42014,40,200,40,80,0.11499999999999864,9.837702944053505e-19,0.11499999999999864,0.11499999999999864,0.13446079568719047,0.00014631273994033465,0.1341740227169074,0.13474756865747353,0.019243849405357616,0.00010522818962864374,0.019037602153685475,0.019450096657029757
14,step,step_r_15_eta_0.1,42014,41,200,41,78,0.11769230769230628,2.951310883216051e-18,0.11769230769230628,0.11769230769230628,0.13668321560009694,0.00014308761689958913,0.13640276387097375,0.13696366732922013,0.019308393865560512,0.00010198934573548376,0.019108494747918963,0.01950829298320206
14,step,step_r_15_eta_0.1,42014,42,200,42,76,0.12052631578947227,9.837702944053505e-19,0.12052631578947227,0.12052631578947227,0.13914100502119114,0.00013730444238198216,0.13887188831412245,0.13941012172825984,0.019462921872505767,9.675892641921953e-05,0.019273274376724096,0.019652569368287437
14,step,step_r_15_eta_0.1,42014,43,200,43,74,0.12351351351351213,2.951310883216051e-18,0.12351351351351213,0.12351351351351213,0.14174754049740687,0.00013466165675795128,0.1414836036501613,0.14201147734465244,0.019639838718500058,9.439203903402323e-05,0.019454830321993372,0.019824847115006743
14,step,step_r_15_eta_0.1,42014,44,200,44,72,0.12666666666666518,1.967540588810701e-18,0.12666666666666518,0.12666666666666518,0.1446209487704463,0.00013134329268872365,0.1443635159167764,0.14487838162411618,0.01991825403419018,9.157749340848996e-05,0.019738762147109536,0.02009774592127082
14,step,step_r_15_eta_0.1,42014,45,200,45,70,0.12999999999999853,1.967540588810701e-18,0.12999999999999853,0.12999999999999853,0.1476771870674355,0.0001291460279412828,0.14742406085267057,0.1479303132822004,0.020223797988284914,8.940138556387643e-05,0.020048571272579717,0.02039902470399011
14,step,step_r_15_eta_0.1,42014,46,200,46,68,0.13352941176470434,0.0,0.13352941176470434,0.13352941176470434,0.15097792764209964,0.00012640799893895983,0.15073016796417926,0.15122568732002,0.02059145996256379,8.697102420690115e-05,0.020420996755118263,0.020761923170009314
14,step,step_r_15_eta_0.1,42014,47,200,47,66,0.13727272727272566,1.967540588810701e-18,0.13727272727272566,0.13727272727272566,0.15454605843007563,0.00012308736934139937,0.1543048071861665,0.15478730967398477,0.021029526390838972,8.385403885763024e-05,0.020865172474678017,0.021193880306999927
14,step,step_r_15_eta_0.1,42014,48,200,48,64,0.14124999999999832,3.935081177621402e-18,0.14124999999999832,0.14124999999999832,0.15837195504044135,0.00012002211590173222,0.15813671169327395,0.15860719838760876,0.021521454888201563,8.122688611286368e-05,0.02136225019142035,0.021680659584982775
14,step,step_r_15_eta_0.1,42014,49,200,49,62,0.14548387096774024,1.967540588810701e-18,0.14548387096774024,0.14548387096774024,0.16244912232409148,0.00011640793073746934,0.16222096277984605,0.1626772818683369,0.022045278088188743,7.815396142795364e-05,0.021892096323789953,0.022198459852587532
14,step,step_r_15_eta_0.1,42014,50,200,50,60,0.1499999999999983,1.967540588810701e-18,0.1499999999999983,0.1499999999999983,0.16683981257698047,0.00011310286130861226,0.1666181309688156,0.16706149418514535,0.02263305219867359,7.502507665562732e-05,0.02248600304842856,0.022780101348918617
14,step,step_r_15_eta_0.1,42014,51,200,51,58,0.15482758620689485,3.935081177621402e-18,0.15482758620689485,0.15482758620689485,0.1716167580808554,0.00010957120848330022,0.17140199851222815,0.17183151764948268,0.023317490903917514,7.192328801557665e-05,0.023176521259406984,0.023458460548428043
14,step,step_r_15_eta_0.1,42014,52,200,52,56,0.15999999999999814,1.967540588810701e-18,0.15999999999999814,0.15999999999999814,0.17675315933235494,0.00010856042100257486,0.1765403809071899,0.17696593775751998,0.02406327966811328,7.076124146058587e-05,0.02392458763485053,0.02420197170137603
14,step,step_r_15_eta_0.1,42014,53,200,53,54,0.16555555555555368,0.0,0.16555555555555368,0.16555555555555368,0.18230802155561152,0.00010772277754248139,0.18209688491162826,0.18251915819959477,0.024890152719966432,6.962512839971038e-05,0.024753687468303,0.025026617971629864
14,step,step_r_15_eta_0.1,42014,54,200,54,52,0.1715384615384596,1.967540588810701e-18,0.1715384615384596,0.1715384615384596,0.18836933483493873,0.00010859608884046457,0.18815648650081143,0.18858218316906603,0.02583141116593405,6.982758182739241e-05,0.02569454910555236,0.02596827322631574
14,step,step_r_15_eta_0.1,42014,55,200,55,50,0.177999999999998,0.0,0.177999999999998,0.177999999999998,0.19491318389594275,0.00010702059766597348,0.19470342352451744,0.19512294426736806,0.026843749829455806,6.831844923040172e-05,0.02670984566896422,0.026977653989947392
14,step,step_r_15_eta_0.1,42014,56,200,56,48,0.18499999999999786,3.935081177621402e-18,0.18499999999999786,0.18499999999999786,0.20203863861762902,0.00010679274691467058,0.20182932483367627,0.20224795240158178,0.02796259019680239,6.761878492683688e-05,0.02783005737834579,0.028095123015258988
14,step,step_r_15_eta_0.1,42014,57,200,57,46,0.1926086956521717,1.967540588810701e-18,0.1926086956521717,0.1926086956521717,0.2097956986358355,0.00010488144044213544,0.2095901310125689,0.2100012662591021,0.029184594612970297,6.577755953723307e-05,0.02905567059627732,0.029313518629663273
14,step,step_r_15_eta_0.1,42014,58,200,58,44,0.20090909090908862,1.967540588810701e-18,0.20090909090908862,0.20090909090908862,0.21831879605558557,0.00010552735030720093,0.21811196244898345,0.2185256296621877,0.03055600329894772,6.566903839870624e-05,0.030427291983686256,0.030684714614209182
14,step,step_r_15_eta_0.1,42014,59,200,59,42,0.20999999999999772,5.902621766432102e-18,0.20999999999999772,0.20999999999999772,0.22767995015025255,0.00010549173380102913,0.22747318635200253,0.22788671394850257,0.03207659508286269,6.540176566045934e-05,0.03194840762216819,0.03220478254355719
14,step,step_r_15_eta_0.1,42014,60,200,60,40,0.2199999999999975,1.967540588810701e-18,0.2199999999999975,0.2199999999999975,0.2380081458767237,0.00010618607028545114,0.2378000211789642,0.2382162705744832,0.03376458855051098,6.515548431221403e-05,0.033636883801259045,0.03389229329976292
14,step,step_r_15_eta_0.1,42014,61,200,61,38,0.23105263157894476,1.967540588810701e-18,0.23105263157894476,0.23105263157894476,0.24944694625660857,0.00010415282685092523,0.24924280671598076,0.24965108579723638,0.0356431282062048,6.309393979929053e-05,0.03551946408419819,0.03576679232821141
14,step,step_r_15_eta_0.1,42014,62,200,62,36,0.24333333333333054,5.902621766432102e-18,0.24333333333333054,0.24333333333333054,0.2621593262868627,0.00010242999383323445,0.2619585634989496,0.26236008907477587,0.03773035325380085,6.152087168412853e-05,0.037609772345299955,0.037850934162301744
14,step,step_r_15_eta_0.1,42014,63,200,63,34,0.2570588235294089,0.0,0.2570588235294089,0.2570588235294089,0.27643742612320354,0.00010533899072386783,0.2762309617013848,0.2766438905450223,0.040104485874638066,6.29632539697642e-05,0.03998107789685733,0.0402278938524188
14,step,step_r_15_eta_0.1,42014,64,200,64,32,0.27249999999999686,7.870162355242804e-18,0.27249999999999686,0.27249999999999686,0.2925196790318779,0.0001081890390116103,0.29230762851541514,0.2927317295483407,0.0427886109641584,6.419132642227793e-05,0.04266279596437073,0.04291442596394606
14,step,step_r_15_eta_0.1,42014,65,200,65,30,0.2899999999999968,3.935081177621402e-18,0.2899999999999968,0.2899999999999968,0.31078719565158125,0.00011044998172153536,0.310570713687407,0.3110036776157555,0.045853987934552726,6.513056398093699e-05,0.04572633202915009,0.045981643839955365
14,step,step_r_15_eta_0.1,42014,66,200,66,28,0.3099999999999965,3.935081177621402e-18,0.3099999999999965,0.3099999999999965,0.33166128507902765,0.00011338604403635307,0.3314390484327164,0.3318835217253389,0.04934974546342428,6.616539627770588e-05,0.04922006128671998,0.04947942964012858
14,step,step_r_15_eta_0.1,42014,67,200,67,26,0.33307692307691944,3.935081177621402e-18,0.33307692307691944,0.33307692307691944,0.35580858284710487,0.00011763302488371728,0.3555780221183328,0.35603914357587696,0.05342110855647583,6.839622776934276e-05,0.05328705195004792,0.05355516516290375
14,step,step_r_15_eta_0.1,42014,68,200,68,24,0.35999999999999593,7.870162355242804e-18,0.35999999999999593,0.35999999999999593,0.3839893778628177,0.00012244726429133277,0.38374938122480673,0.3842293745008287,0.05817220421978628,7.067079845651111e-05,0.058033689454811514,0.05831071898476104
14,step,step_r_15_eta_0.1,42014,69,200,69,22,0.3918181818181775,0.0,0.3918181818181775,0.3918181818181775,0.41733612577075085,0.0001259168377332581,0.4170893287687937,0.41758292277270803,0.06380422630403959,7.22142581523068e-05,0.06366268635806106,0.06394576625001812
14,step,step_r_15_eta_0.1,42014,70,200,70,20,0.42999999999999533,3.935081177621402e-18,0.42999999999999533,0.42999999999999533,0.4573471642333598,0.0001335569303289745,0.457085392649915,0.4576089358168046,0.07055794112087281,7.589271612787958e-05,0.07040919139726216,0.07070669084448346
14,step,step_r_15_eta_0.1,42014,71,200,71,18,0.4766666666666613,1.1805243532864205e-17,0.4766666666666613,0.4766666666666613,0.5063458552254206,0.00014190442865277768,0.5060677225452612,0.50662398790558,0.07886542522587274,8.007771960059633e-05,0.07870847289545557,0.07902237755628991
14,step,step_r_15_eta_0.1,42014,72,200,72,16,0.534999999999994,7.870162355242804e-18,0.534999999999994,0.534999999999994,0.5676215536637169,0.00015303678916264393,0.5673216015569581,0.5679215057704757,0.08925673351227288,8.565422112737974e-05,0.08908885123886322,0.08942461578568255
14,step,step_r_15_eta_0.1,42014,73,200,73,14,0.6099999999999933,0.0,0.6099999999999933,0.6099999999999933,0.6464104554812249,0.00017098260188599693,0.6460753295815284,0.6467455813809214,0.1026178948301868,9.509293777885925e-05,0.10243151267214023,0.10280427698823336
14,step,step_r_15_eta_0.1,42014,74,200,74,12,0.7099999999999921,1.5740324710485608e-17,0.7099999999999921,0.7099999999999921,0.7514780365920736,0.000193029304310949,0.7510996991556241,0.751856374028523,0.12043439993190529,0.00010688244851296472,0.12022491033281987,0.1206438895309907
14,step,step_r_15_eta_0.1,42014,75,200,75,10,0.8499999999999908,0.0,0.8499999999999908,0.8499999999999908,0.8986582942574783,0.00022759322076294105,0.8982122115447829,0.8991043769701738,0.14542582915965782,0.0001254084116557706,0.14518002867281252,0.14567162964650313
14,step,step_r_15_eta_0.1,42014,76,200,76,8,1.0599999999999883,1.5740324710485608e-17,1.0599999999999883,1.0599999999999883,1.1195045704209874,0.00028216839475750074,1.1189515203672626,1.1200576204747121,0.1829386361905621,0.00015522325641832965,0.1826343986079822,0.18324287377314202
15,step,step_r_25_eta_0.001,42015,0,200,0,160,0.31250593750000005,3.935081177621402e-18,0.31250593750000005,0.31250593750000005,0.31250593750000016,0.0,0.31250593750000016,0.31250593750000016,0.2950143494622575,0.0,0.2950143494622575,0.2950143494622575
15,step,step_r_25_eta_0.001,42015,1,200,1,158,0.3038034810126583,3.935081177621402e-18,0.3038034810126583,0.3038034810126583,0.30380348153824216,1.176483691344906e-11,0.3038034815151831,0.3038034815613012,0.28740893066358586,1.571179249061132e-06,0.2874058511522577,0.287412010174914
15,step,step_r_25_eta_0.001,42015,2,200,2,156,0.29487788461538456,3.935081177621402e-18,0.29487788461538456,0.29487788461538456,0.2948778857258826,1.9091224755887416e-11,0.2948778856884638,0.2948778857633014,0.27955622617293185,2.040681131479618e-06,0.27955222643791416,0.27956022590794954
15,step,step_r_25_eta_0.001,42015,3,200,3,154,0.2857204545454546,0.0,0.2857204545454546,0.2857204545454546,0.28572045630482995,2.6089104196936075e-11,0.2857204562536953,0.2857204563559646,0.2714454940050204,2.4123302861980263e-06,0.2714407658376594,0.27145022217238135
15,step,step_r_25_eta_0.001,42015,4,200,4,152,0.2763220394736842,0.0,0.2763220394736842,0.2763220394736842,0.2763220419649574,2.9982373448350526e-11,0.276322041906192,0.27632204202372285,0.2630702421805607,2.602622205628438e-06,0.2630651410410377,0.2630753433200837
15,step,step_r_25_eta_0.001,42015,5,200,5,150,0.266673,0.0,0.266673,0.266673,0.2666730033641768,3.917531336069006e-11,0.2666730032873932,0.26667300344096045,0.25441891637393593,2.824909802561747e-06,0.2544133795507229,0.25442445319714896
15,step,step_r_25_eta_0.001,42015,6,200,6,148,0.25676317567567564,3.935081177621402e-18,0.25676317567567564,0.25676317567567564,0.25676318002176496,4.84767970781867e-11,0.25676317992675046,0.25676318011677945,0.2454769458138855,3.0104089673694584e-06,0.24547104541230944,0.24548284621546154
15,step,step_r_25_eta_0.001,42015,7,200,7,146,0.24658184931506846,3.935081177621402e-18,0.24658184931506846,0.24658184931506846,0.2465818547686917,5.921536503677518e-11,0.2465818546526296,0.24658185488475381,0.23623289019445348,2.9484278192365626e-06,0.23622711127592777,0.2362386691129792
15,step,step_r_25_eta_0.001,42015,8,200,8,144,0.23611770833333343,5.902621766432102e-18,0.23611770833333343,0.23611770833333343,0.2361177150315664,6.909437542416075e-11,0.23611771489614142,0.23611771516699137,0.2266775434393883,2.9821585150042292e-06,0.2266716984086989,0.2266833884700777
15,step,step_r_25_eta_0.001,42015,9,200,9,142,0.2253588028169014,1.967540588810701e-18,0.2253588028169014,0.2253588028169014,0.2253588109942047,8.320200192656508e-11,0.2253588108311288,0.22535881115728063,0.2167998206229209,3.0625637622365722e-06,0.21679381799794692,0.2168058232478949
15,step,step_r_25_eta_0.001,42015,10,200,10,140,0.2142925,0.0,0.2142925,0.2142925,0.21429250993566534,1.1601351495488412e-10,0.21429250970827884,0.21429251016305184,0.2065833919552239,3.1101761405116614e-06,0.2065772960099885,0.2065894879004593
15,step,step_r_25_eta_0.001,42015,11,200,11,138,0.2029054347826087,0.0,0.2029054347826087,0.2029054347826087,0.20290544680382006,1.4610759116071529e-10,0.20290544651744918,0.20290544709019093,0.19601423893742273,2.874930457729618e-06,0.19600860407372558,0.19601987380111988
15,step,step_r_25_eta_0.001,42015,12,200,12,136,0.1911834558823529,3.935081177621402e-18,0.1911834558823529,0.1911834558823529,0.19118347041064482,1.8685453723074137e-10,0.19118347004440991,0.19118347077687972,0.18507174901504264,2.846160549255078e-06,0.18506617054036612,0.18507732748971917
15,step,step_r_25_eta_0.001,42015,13,200,13,134,0.17911156716417914,1.967540588810701e-18,0.17911156716417914,0.17911156716417914,0.17911158492150428,2.5666517584405894e-10,0.17911158441844052,0.17911158542456804,0.17374671898057337,2.6085334478384563e-06,0.1737416062550156,0.17375183170613112
15,step,step_r_25_eta_0.001,42015,14,200,14,132,0.16667386363636363,0.0,0.16667386363636363,0.16667386363636363,0.1666738853505484,3.5654376028595855e-10,0.16667388465172261,0.16667388604937416,0.16201542700811736,2.5499058502520306e-06,0.16201042919265085,0.16202042482358386
15,step,step_r_25_eta_0.001,42015,15,200,15,130,0.1538534615384615,1.967540588810701e-18,0.1538534615384615,0.1538534615384615,0.15385348797119683,4.4102458734504995e-10,0.15385348710678864,0.153853488835605,0.14986183638018669,2.549622233037937e-06,0.14985683912060993,0.14986683363976344
15,step,step_r_25_eta_0.001,42015,16,200,16,128,0.14063242187499997,1.967540588810701e-18,0.14063242187499997,0.14063242187499997,0.14063245528599583,8.178020224722192e-10,0.14063245368310387,0.14063245688888779,0.13726279444221817,2.5066244737644976e-06,0.1372578814582496,0.13726770742618674
15,step,step_r_25_eta_0.001,42015,17,200,17,126,0.12699166666666664,1.967540588810701e-18,0.12699166666666664,0.12699166666666664,0.12699170917584413,1.3798444890182818e-09,0.12699170647134891,0.12699171188033934,0.1242021721154729,2.3916394466275716e-06,0.1241974845021575,0.12420685972878828
15,step,step_r_25_eta_0.001,42015,18,200,18,124,0.11291088709677417,9.837702944053505e-19,0.11291088709677417,0.11291088709677417,0.11291094354140303,2.1176663511357718e-09,0.11291093939077698,0.11291094769202908,0.11065543800698288,2.110207161770735e-06,0.1106513020009458,0.11065957401301996
15,step,step_r_25_eta_0.001,42015,19,200,19,122,0.0983684426229508,9.837702944053505e-19,0.0983684426229508,0.0983684426229508,0.09836851937671237,3.30899550612285e-09,0.09836851289108117,0.09836852586234357,0.09659965678239735,1.902065169462682e-06,0.0965959287346652,0.0966033848301295
15,step,step_r_25_eta_0.001,42015,20,200,20,120,0.08334125,9.837702944053505e-19,0.08334125,0.08334125,0.08334136117579682,5.353115844484576e-09,0.08334135068368977,0.08334137166790388,0.08200680385959229,1.7201822137784544e-06,0.08200343230245329,0.08201017541673129
15,step,step_r_25_eta_0.001,42015,21,200,21,118,0.06780466101694915,0.0,0.06780466101694915,0.06780466101694915,0.06780484100393712,1.2837133911081958e-08,0.06780481584315465,0.06780486616471959,0.06685218659522014,1.4131184139159063e-06,0.06684941688312887,0.06685495630731142
15,step,step_r_25_eta_0.001,42015,22,200,22,116,0.051732327586206904,9.837702944053505e-19,0.051732327586206904,0.051732327586206904,0.051732768445521576,7.346043607521027e-08,0.05173262446306687,0.051732912427976285,0.051107508865472474,1.105722059703323e-06,0.051105341650235454,0.051109676080709494
15,step,step_r_25_eta_0.001,42015,23,200,23,114,0.035096052631578945,0.0,0.035096052631578945,0.035096052631578945,0.03509923325216288,1.4380891305990583e-06,0.03509641459746691,0.035102051906858854,0.03474187955188987,1.5207329643705687e-06,0.0347388989152797,0.03474486018850004
15,step,step_r_25_eta_0.001,42015,24,200,24,112,0.017865625,0.0,0.017865625,0.017865625,0.01790905755846025,2.250396377470238e-05,0.017864949789461834,0.017953165327458664,0.017756916617428918,2.207807102137458e-05,0.017713643598227025,0.01780018963663081
15,step,step_r_25_eta_0.001,42015,25,200,25,110,8.636363636363728e-06,0.0,8.636363636363728e-06,8.636363636363728e-06,0.0013172992555451316,0.00023461785077733086,0.0008574482680215631,0.0017771502430687,0.0012959351810197539,0.0002326582481354992,0.0008399250146741755,0.0017519453473653322
15,step,step_r_25_eta_0.001,42015,26,200,26,108,8.77777777777787e-06,1.2008914726627814e-22,8.77777777777787e-06,8.77777777777787e-06,0.00021685340566831885,8.972745694280087e-05,4.0987590060429126e-05,0.00039271922127620854,0.00020597751499757725,8.896975948861189e-05,3.1596786399897946e-05,0.00038035824359525656
15,step,step_r_25_eta_0.001,42015,27,200,27,106,8.924528301886885e-06,1.2008914726627814e-22,8.924528301886885e-06,8.924528301886885e-06,1.4342104679290536e-05,3.05792962976572e-06,8.348562604949724e-06,2.0335646753631347e-05,5.512850685956479e-06,3.0045592809980696e-06,0.0,1.1401786876712695e-05
15,step,step_r_25_eta_0.001,42015,28,200,28,104,9.076923076923172e-06,0.0,9.076923076923172e-06,9.076923076923172e-06,9.572913363828415e-06,4.5159234094277675e-08,9.48440126500363e-06,9.6614254626532e-06,8.120084773330074e-07,3.86062010846386e-08,7.363403232071158e-07,8.87676631458899e-07
15,step,step_r_25_eta_0.001,42015,29,200,29,102,9.235294117647154e-06,1.2008914726627814e-22,9.235294117647154e-06,9.235294117647154e-06,9.491794872089882e-06,1.841940362372079e-08,9.45569284098739e-06,9.527896903192375e-06,6.538154469197176e-07,1.4681218448454739e-08,6.250402587607463e-07,6.825906350786889e-07
15,step,step_r_25_eta_0.001,42015,30,200,30,100,9.400000000000096e-06,1.2008914726627814e-22,9.400000000000096e-06,9.400000000000096e-06,9.571759749223219e-06,8.084553887901944e-09,9.555914023602932e-06,9.587605474843506e-06,6.252223271620693e-07,5.644640671827304e-09,6.141588314452878e-07,6.362858228788509e-07
15,step,step_r_25_eta_0.001,42015,31,200,31,98,9.57142857142867e-06,1.2008914726627814e-22,9.57142857142867e-06,9.57142857142867e-06,9.694087224159733e-06,3.857693090816415e-09,9.686526145701733e-06,9.701648302617733e-06,6.258198316480968e-07,2.2148130633922707e-09,6.21478798043848e-07,6.301608652523457e-07
15,step,step_r_25_eta_0.001,42015,32,200,32,96,9.750000000000101e-06,0.0,9.750000000000101e-06,9.750000000000101e-06,9.849355162225108e-06,3.073142147134747e-09,9.843331803616724e-06,9.855378520833492e-06,6.454450199538727e-07,1.6881728061228333e-09,6.42136201253872e-07,6.487538386538735e-07
15,step,step_r_25_eta_0.001,42015,33,200,33,94,9.936170212766061e-06,1.2008914726627814e-22,9.936170212766061e-06,9.936170212766061e-06,1.00187320765085e-05,2.2421665552543282e-09,1.0014337430060202e-05,1.0023126722956798e-05,6.701743769495905e-07,1.1566556069779958e-09,6.679073319599136e-07,6.724414219392673e-07
15,step,step_r_25_eta_0.001,42015,34,200,34,92,1.01304347826088e-05,0.0,1.01304347826088e-05,1.01304347826088e-05,1.0201622632374376e-05,1.4935139691566921e-09,1.0198695344994828e-05,1.0204549919753923e-05,6.9884580571335e-07,6.348554671520611e-10,6.97601488997732e-07,7.00090122428968e-07
15,step,step_r_25_eta_0.001,42015,35,200,35,90,1.033333333333344e-05,0.0,1.033333333333344e-05,1.033333333333344e-05,1.039625529345874e-05,1.0536083635072218e-09,1.0394190221066265e-05,1.0398320365851214e-05,7.30541280535446e-07,3.840884802154168e-10,7.297884671142238e-07,7.312940939566682e-07
15,step,step_r_25_eta_0.001,42015,36,200,36,88,1.054545454545465e-05,2.401782945325563e-22,1.054545454545465e-05,1.054545454545465e-05,1.060234249804968e-05,8.958840311767955e-10,1.0600586565348573e-05,1.0604098430750786e-05,7.64728696046495e-07,3.063705928717043e-10,7.641282096844664e-07,7.653291824085235e-07
15,step,step_r_25_eta_0.001,42015,37,200,37,86,1.0767441860465225e-05,1.2008914726627814e-22,1.0767441860465225e-05,1.0767441860465225e-05,1.0819290919193953e-05,6.388627534284619e-10,1.0818038748197234e-05,1.0820543090190672e-05,8.007980632818501e-07,1.7252692959766516e-10,8.004599104998386e-07,8.011362160638615e-07
15,step,step_r_25_eta_0.001,42015,38,200,38,84,1.1000000000000115e-05,1.2008914726627814e-22,1.1000000000000115e-05,1.1000000000000115e-05,1.1048190651750744e-05,5.390210695076109e-10,1.1047134170454509e-05,1.104924713304698e-05,8.390906218172831e-07,1.3472317732495632e-10,8.388265643897262e-07,8.3935467924484e-07
15,step,step_r_25_eta_0.001,42015,39,200,39,82,1.1243902439024506e-05,1.2008914726627814e-22,1.1243902439024506e-05,1.1243902439024506e-05,1.1289334414633184e-05,5.037527530702567e-10,1.1288347059237166e-05,1.12903217700292e-05,8.794873915231276e-07,1.2522996884636505e-10,8.792419407841887e-07,8.797328422620664e-07
15,step,step_r_25_eta_0.001,42015,40,200,40,80,1.1500000000000117e-05,0.0,1.1500000000000117e-05,1.1500000000000117e-05,1.1543169602931337e-05,4.715822966024174e-10,1.1542245301629995e-05,1.1544093904232678e-05,9.21953478731235e-07,1.1552743369950817e-10,9.217270449611839e-07,9.221799125012861e-07
15,step,step_r_25_eta_0.001,42015,41,200,41,78,1.1769230769230889e-05,0.0,1.1769230769230889e-05,1.1769230769230889e-05,1.1810168125154956e-05,4.14186229973218e-10,1.1809356320144209e-05,1.1810979930165702e-05,9.665054694664596e-07,9.48956293084986e-11,9.663194740330149e-07,9.666914648999043e-07
15,step,step_r_25_eta_0.001,42015,42,200,42,76,1.2052631578947489e-05,1.2008914726627814e-22,1.2052631578947489e-05,1.2052631578947489e-05,1.2091925168821126e-05,3.65084190178649e-10,1.2091209603808375e-05,1.2092640733833876e-05,1.013462021338664e-06,7.981411503530668e-11,1.0133055856731948e-06,1.0136184570041332e-06
15,step,step_r_25_eta_0.001,42015,43,200,43,74,1.235135135135148e-05,2.401782945325563e-22,1.235135135135148e-05,1.235135135135148e-05,1.2389271677321578e-05,3.509552300836074e-10,1.2388583805070614e-05,1.2389959549572541e-05,1.062935398238684e-06,7.495829482383771e-11,1.0627884799808293e-06,1.0630823164965388e-06
15,step,step_r_25_eta_0.001,42015,44,200,44,72,1.2666666666666794e-05,0.0,1.2666666666666794e-05,1.2666666666666794e-05,1.2703362524149795e-05,3.167795836864847e-10,1.270274163616577e-05,1.270398341213382e-05,1.1150730781796596e-06,6.147518571451879e-11,1.1149525868156591e-06,1.11519356954366e-06
15,step,step_r_25_eta_0.001,42015,45,200,45,70,1.300000000000013e-05,0.0,1.300000000000013e-05,1.300000000000013e-05,1.3035474404128016e-05,2.8537501422086025e-10,1.3034915069100144e-05,1.3036033739155889e-05,1.170094834355583e-06,5.375732632651734e-11,1.169989469995983e-06,1.170200198715183e-06
15,step,step_r_25_eta_0.001,42015,46,200,46,68,1.3352941176470722e-05,0.0,1.3352941176470722e-05,1.3352941176470722e-05,1.3387333216776131e-05,2.470347308603572e-10,1.3386849028703645e-05,1.3387817404848617e-05,1.2282695006276697e-06,4.365222551234093e-11,1.2281839422656655e-06,1.228355058989674e-06
15,step,step_r_25_eta_0.001,42015,47,200,47,66,1.3727272727272863e-05,1.2008914726627814e-22,1.3727272727272863e-05,1.3727272727272863e-05,1.3760763144553107e-05,2.221413395534972e-10,1.3760327747527582e-05,1.3761198541578632e-05,1.2898950666307077e-06,3.9178272886362915e-11,1.2898182772158505e-06,1.289971856045565e-06
15,step,step_r_25_eta_0.001,42015,48,200,48,64,1.412500000000014e-05,0.0,1.412500000000014e-05,1.412500000000014e-05,1.4157947127539373e-05,2.1540734261344778e-10,1.415752492914785e-05,1.4158369325930895e-05,1.3553206625454038e-06,3.759273744741653e-11,1.355246980780007e-06,1.3553943443108007e-06
15,step,step_r_25_eta_0.001,42015,49,200,49,62,1.454838709677434e-05,1.2008914726627814e-22,1.454838709677434e-05,1.454838709677434e-05,1.4580636525196158e-05,1.9651386985566513e-10,1.4580251358011241e-05,1.4581021692381074e-05,1.424814569994092e-06,3.4004421261486944e-11,1.4247479213284194e-06,1.4248812186597645e-06
15,step,step_r_25_eta_0.001,42015,50,200,50,60,1.5000000000000148e-05,0.0,1.5000000000000148e-05,1.5000000000000148e-05,1.5031837950935174e-05,1.9030684178961826e-10,1.5031464949525267e-05,1.5032210952345081e-05,1.4988595615896666e-06,3.301898741312477e-11,1.4987948443743368e-06,1.4989242788049963e-06
15,step,step_r_25_eta_0.001,42015,51,200,51,58,1.5482758620689805e-05,2.401782945325563e-22,1.5482758620689805e-05,1.5482758620689805e-05,1.551425184467117e-05,1.8401348770311138e-10,1.551389117823527e-05,1.5514612511107068e-05,1.5778835975204012e-06,3.213327311855134e-11,1.577820616305089e-06,1.5779465787357135e-06
15,step,step_r_25_eta_0.001,42015,52,200,52,56,1.6000000000000152e-05,2.401782945325563e-22,1.6000000000000152e-05,1.6000000000000152e-05,1.6031273421540806e-05,1.7442007092764336e-10,1.6030931558201787e-05,1.6031615284879825e-05,1.66243977799953e-06,3.2207266021859246e-11,1.6623766517581272e-06,1.6625029042409327e-06
15,step,step_r_25_eta_0.001,42015,53,200,53,54,1.6555555555555715e-05,2.401782945325563e-22,1.6555555555555715e-05,1.6555555555555715e-05,1.6586695707471304e-05,1.694107153323104e-10,1.6586363662469252e-05,1.6587027752473356e-05,1.7531244364309254e-06,3.144668554343417e-11,1.7530628009272603e-06,1.7531860719345905e-06
15,step,step_r_25_eta_0.001,42015,54,200,54,52,1.715384615384632e-05,0.0,1.715384615384632e-05,1.715384615384632e-05,1.718495821578723e-05,1.6351640416800918e-10,1.7184637723635062e-05,1.71852787079394e-05,1.85064062829264e-06,3.083536522792354e-11,1.8505801909767934e-06,1.8507010656084867e-06
15,step,step_r_25_eta_0.001,42015,55,200,55,50,1.780000000000017e-05,2.401782945325563e-22,1.780000000000017e-05,1.780000000000017e-05,1.7831187356652832e-05,1.5867021769686867e-10,1.7830876363026148e-05,1.7831498350279516e-05,1.955806202557201e-06,3.1069466250898987e-11,1.955745306403349e-06,1.955867098711053e-06
15,step,step_r_25_eta_0.001,42015,56,200,56,48,1.850000000000018e-05,0.0,1.850000000000018e-05,1.850000000000018e-05,1.8531363654305334e-05,1.5851027655254621e-10,1.853105297416329e-05,1.8531674334447378e-05,2.069586930645917e-06,3.121637982539132e-11,2.0695257465414593e-06,2.069648114750375e-06
15,step,step_r_25_eta_0.001,42015,57,200,57,46,1.9260869565217577e-05,0.0,1.9260869565217577e-05,1.9260869565217577e-05,1.929247071062944e-05,1.5421311397986568e-10,1.929216845292604e-05,1.9292772968332842e-05,2.1930902182627108e-06,3.115561392973743e-11,2.1930291532594083e-06,2.1931512832660133e-06
15,step,step_r_25_eta_0.001,42015,58,200,58,44,2.0090909090909284e-05,0.0,2.0090909090909284e-05,2.0090909090909284e-05,2.012273994140673e-05,1.524551901006213e-10,2.0122441129234132e-05,2.0123038753579325e-05,2.3276335060452436e-06,3.2475229747559896e-11,2.3275698545949382e-06,2.327697157495549e-06
15,step,step_r_25_eta_0.001,42015,59,200,59,42,2.1000000000000206e-05,2.401782945325563e-22,2.1000000000000206e-05,2.1000000000000206e-05,2.10322584097264e-05,1.4982400641254765e-10,2.1031964754673833e-05,2.103255206477897e-05,2.4748199282497645e-06,3.321889275366903e-11,2.4747548192199674e-06,2.4748850372795616e-06
15,step,step_r_25_eta_0.001,42015,60,200,60,40,2.200000000000021e-05,0.0,2.200000000000021e-05,2.200000000000021e-05,2.203276049973812e-05,1.472595424102407e-10,2.2032471871034995e-05,2.2033049128441245e-05,2.636543402446867e-06,3.4901240805279774e-11,2.6364749960148883e-06,2.6366118088788453e-06
15,step,step_r_25_eta_0.001,42015,61,200,61,38,2.3105263157894954e-05,2.401782945325563e-22,2.3105263157894954e-05,2.3105263157894954e-05,2.313865969175909e-05,1.4479851760390399e-10,2.3138375886664586e-05,2.3138943496853593e-05,2.815089530058296e-06,3.670064261777718e-11,2.8150175967987652e-06,2.815161463317827e-06
15,step,step_r_25_eta_0.001,42015,62,200,62,36,2.4333333333333563e-05,0.0,2.4333333333333563e-05,2.4333333333333563e-05,2.436754746633617e-05,1.4191975114907855e-10,2.4367269303623918e-05,2.436782562904842e-05,3.0132472706925036e-06,3.775948415419036e-11,3.0131732621035612e-06,3.013321279281446e-06
15,step,step_r_25_eta_0.001,42015,63,200,63,34,2.5705882352941422e-05,2.401782945325563e-22,2.5705882352941422e-05,2.5705882352941422e-05,2.574104201885837e-05,1.441544277913695e-10,2.5740759476179897e-05,2.5741324561536843e-05,3.234491830406052e-06,3.841905429960547e-11,3.234416529059625e-06,3.234567131752479e-06
15,step,step_r_25_eta_0.001,42015,64,200,64,32,2.7250000000000256e-05,0.0,2.7250000000000256e-05,2.7250000000000256e-05,2.728627664788541e-05,1.4865232499710995e-10,2.7285985289328415e-05,2.7286568006442404e-05,3.4831434000241045e-06,4.0237252158933105e-11,3.483064535009873e-06,3.483222265038336e-06
15,step,step_r_25_eta_0.001,42015,65,200,65,30,2.900000000000027e-05,0.0,2.900000000000027e-05,2.900000000000027e-05,2.9037595585167014e-05,1.5321946591575143e-10,2.9037295275013817e-05,2.903789589532021e-05,3.7646976254899614e-06,4.3009262925902204e-11,3.764613327334627e-06,3.764781923645296e-06
15,step,step_r_25_eta_0.001,42015,66,200,66,28,3.100000000000028e-05,4.803565890651126e-22,3.100000000000028e-05,3.100000000000028e-05,3.1039207414479566e-05,1.597770842133443e-10,3.103889425139451e-05,3.103952057756462e-05,4.0861852945690166e-06,4.681227827208759e-11,4.086093542503604e-06,4.0862770466344295e-06
15,step,step_r_25_eta_0.001,42015,67,200,67,26,3.330769230769262e-05,0.0,3.330769230769262e-05,3.330769230769262e-05,3.334879442389476e-05,1.6765223814835688e-10,3.334846582550799e-05,3.3349123022281525e-05,4.4568220703092425e-06,5.0778125235901294e-11,4.45672254518378e-06,4.456921595434705e-06
15,step,step_r_25_eta_0.001,42015,68,200,68,24,3.600000000000033e-05,0.0,3.600000000000033e-05,3.600000000000033e-05,3.604337697086901e-05,1.7426872988318624e-10,3.604303540415844e-05,3.604371853757958e-05,4.888914158625905e-06,5.4580668038988465e-11,4.8888071805165485e-06,4.889021136735261e-06
15,step,step_r_25_eta_0.001,42015,69,200,69,22,3.918181818181854e-05,4.803565890651126e-22,3.918181818181854e-05,3.918181818181854e-05,3.922789448476976e-05,1.836028873952581e-10,3.922753462311046e-05,3.9228254346429055e-05,5.399219456871026e-06,6.014708426916772e-11,5.399101568585858e-06,5.399337345156194e-06
15,step,step_r_25_eta_0.001,42015,70,200,70,20,4.30000000000004e-05,4.803565890651126e-22,4.30000000000004e-05,4.30000000000004e-05,4.304941841827415e-05,1.916809864775557e-10,4.3049042723540655e-05,4.3049794113007645e-05,6.011177388992449e-06,6.558254036279516e-11,6.0110488472133375e-06,6.01130593077156e-06
15,step,step_r_25_eta_0.001,42015,71,200,71,18,4.766666666666711e-05,4.803565890651126e-22,4.766666666666711e-05,4.766666666666711e-05,4.7720225871660125e-05,2.0324973967443957e-10,4.7719827502170365e-05,4.7720624241149884e-05,6.758713041777157e-06,7.244825256373281e-11,6.758571043202133e-06,6.758855040352182e-06
15,step,step_r_25_eta_0.001,42015,72,200,72,16,5.3500000000000494e-05,4.803565890651126e-22,5.3500000000000494e-05,5.3500000000000494e-05,5.3558702988620865e-05,2.1340149033745673e-10,5.35582847216998e-05,5.355912125554193e-05,7.692547276202814e-06,7.964670184407373e-11,7.692391168667199e-06,7.692703383738429e-06
15,step,step_r_25_eta_0.001,42015,73,200,73,14,6.100000000000054e-05,9.607131781302251e-22,6.100000000000054e-05,6.100000000000054e-05,6.106552412567316e-05,2.3517074203810046e-10,6.106506319101877e-05,6.106598506032755e-05,8.8927100778135e-06,9.216659361350564e-11,8.892529431290016e-06,8.892890724336983e-06
15,step,step_r_25_eta_0.001,42015,74,200,74,12,7.100000000000064e-05,0.0,7.100000000000064e-05,7.100000000000064e-05,7.107473654262601e-05,2.693548360132606e-10,7.107420860714742e-05,7.10752644781046e-05,1.0492306913718556e-05,1.0606589120169321e-10,1.04920990245718e-05,1.0492514802865312e-05
15,step,step_r_25_eta_0.001,42015,75,200,75,10,8.500000000000077e-05,0.0,8.500000000000077e-05,8.500000000000077e-05,8.508761085980154e-05,3.1642526480448734e-10,8.508699066628252e-05,8.508823105332056e-05,1.2730932717029339e-05,1.2886779149611495e-10,1.2730680136158007e-05,1.2731185297900671e-05
15,step,step_r_25_eta_0.001,42015,76,200,76,8,0.00010600000000000095,0.0,0.00010600000000000095,0.00010600000000000095,0.00010610712708693182,3.824319823108034e-10,0.00010610637752024649,0.00010610787665361715,1.6087801281309116e-05,1.644420777213566e-10,1.6087478974836783e-05,1.608812358778145e-05
16,step,step_r_25_eta_0.05,42016,0,200,0,160,0.3273437499999999,3.935081177621402e-18,0.3273437499999999,0.3273437499999999,0.32734374999999993,3.935081177621402e-18,0.32734374999999993,0.32734374999999993,0.26680498554764986,3.935081177621402e-18,0.26680498554764986,0.26680498554764986
16,step,step_r_25_eta_0.05,42016,1,200,1,158,0.3188291139240505,3.935081177621402e-18,0.3188291139240505,0.3188291139240505,0.31891791043195616,2.5815547266983557e-06,0.3189128505846918,0.3189229702792205,0.2599884952356744,1.3963469671235748e-06,0.2599857583956188,0.25999123207573
16,step,step_r_25_eta_0.05,42016,2,200,2,156,0.31009615384615374,3.935081177621402e-18,0.31009615384615374,0.31009615384615374,0.3102873087155105,4.67020328396805e-06,0.31027815511707396,0.3102964623139471,0.2529536412306168,2.24036710552905e-06,0.25294925011109,0.25295803235014364
16,step,step_r_25_eta_0.05,42016,3,200,3,154,0.30113636363636337,3.935081177621402e-18,0.30113636363636337,0.30113636363636337,0.3014453036808283,5.686474224108484e-06,0.30143415819134906,0.3014564491703075,0.24569471371392382,2.813810062953326e-06,0.24568919864620042,0.2457002287816472
16,step,step_r_25_eta_0.05,42016,4,200,4,152,0.291940789473684,0.0,0.291940789473684,0.291940789473684,0.2923927023029207,7.481779555169587e-06,0.29237803801499257,0.2924073665908488,0.23820485719965512,3.5590303030897678e-06,0.23819788150026105,0.23821183289904918
16,step,step_r_25_eta_0.05,42016,5,200,5,150,0.2824999999999998,0.0,0.2824999999999998,0.2824999999999998,0.2831289185373184,1.038606172391842e-05,0.28310856185633954,0.2831492752182973,0.2304825808089097,5.3377269485605474e-06,0.23047211886409052,0.2304930427537289
16,step,step_r_25_eta_0.05,42016,6,200,6,148,0.2728040540540539,3.935081177621402e-18,0.2728040540540539,0.2728040540540539,0.2736393152768427,1.3489692497658837e-05,0.2736128754795473,0.2736657550741381,0.2225178369731031,7.031450953761429e-06,0.22250405532923373,0.22253161861697246
16,step,step_r_25_eta_0.05,42016,7,200,7,146,0.2628424657534244,3.935081177621402e-18,0.2628424657534244,0.2628424657534244,0.2639381672186792,1.811899207693126e-05,0.2639026539942084,0.26397368044314995,0.2143131258713735,1.0397256867159688e-05,0.21429274724791386,0.21433350449483313
16,step,step_r_25_eta_0.05,42016,8,200,8,144,0.2526041666666665,3.935081177621402e-18,0.2526041666666665,0.2526041666666665,0.2539922974476893,2.2572225471638928e-05,0.2539480558857649,0.2540365390096137,0.2058501748257671,1.3486080743265057e-05,0.20582374210751028,0.2058766075440239
16,step,step_r_25_eta_0.05,42016,9,200,9,142,0.24207746478873216,1.967540588810701e-18,0.24207746478873216,0.24207746478873216,0.24380560313797217,2.5073274623308857e-05,0.24375645951971048,0.24385474675623386,0.19712496927389586,1.5528019230457644e-05,0.19709453435620417,0.19715540419158756
16,step,step_r_25_eta_0.05,42016,10,200,10,140,0.2312499999999998,0.0,0.2312499999999998,0.2312499999999998,0.23341570906432682,3.30536789481359e-05,0.23335092385358847,0.23348049427506518,0.18816418744326832,2.1738494171866826e-05,0.18812157999469145,0.1882067948918452
16,step,step_r_25_eta_0.05,42016,11,200,11,138,0.2201086956521737,0.0,0.2201086956521737,0.2201086956521737,0.22283555456365398,4.413471463438083e-05,0.2227490505229706,0.22292205860433736,0.17897704814122364,3.0754333756332356e-05,0.17891676964706124,0.17903732663538605
16,step,step_r_25_eta_0.05,42016,12,200,12,136,0.20863970588235276,1.967540588810701e-18,0.20863970588235276,0.20863970588235276,0.2120477226176024,5.699091719700244e-05,0.2119360204198963,0.21215942481530853,0.1695510088323888,4.094620371897797e-05,0.1694707542730996,0.169631263391678
16,step,step_r_25_eta_0.05,42016,13,200,13,134,0.19682835820895497,1.967540588810701e-18,0.19682835820895497,0.19682835820895497,0.2011292619781773,7.581632410405802e-05,0.20098066198293335,0.20127786197342123,0.1599519458427861,5.704406919042952e-05,0.15984013946717285,0.16006375221839936
16,step,step_r_25_eta_0.05,42016,14,200,14,132,0.1846590909090907,0.0,0.1846590909090907,0.1846590909090907,0.19000855537438135,8.991046740837398e-05,0.18983233085826093,0.19018477989050178,0.1501176697710904,6.92049123524436e-05,0.14998202814287961,0.15025331139930118
16,step,step_r_25_eta_0.05,42016,15,200,15,130,0.1721153846153844,0.0,0.1721153846153844,0.1721153846153844,0.17873821621999397,0.00012069673169238375,0.1785016506258769,0.17897478181411106,0.14009729326110126,9.678503938870126e-05,0.1399075945838994,0.14028699193830313
16,step,step_r_25_eta_0.05,42016,16,200,16,128,0.15917968749999978,0.0,0.15917968749999978,0.15917968749999978,0.16735222394483554,0.00014154350464006956,0.167074798675741,0.1676296492139301,0.12991584527805744,0.000114404218876206,0.12969161300906007,0.1301400775470548
16,step,step_r_25_eta_0.05,42016,17,200,17,126,0.1458333333333331,1.967540588810701e-18,0.1458333333333331,0.1458333333333331,0.15602146931454158,0.0001706054310162161,0.1556870826697498,0.15635585595933338,0.11972435924728714,0.0001415025920992421,0.11944701416677263,0.12000170432780165
16,step,step_r_25_eta_0.05,42016,18,200,18,124,0.132056451612903,0.0,0.132056451612903,0.132056451612903,0.14477122104604148,0.0002039016743986265,0.14437157376422016,0.1451708683278628,0.10955264474548074,0.0001724325006190721,0.10921467704426735,0.10989061244669412
16,step,step_r_25_eta_0.05,42016,19,200,19,122,0.1178278688524588,9.837702944053505e-19,0.1178278688524588,0.1178278688524588,0.13400847311448982,0.00025675651809521833,0.1335052303390232,0.13451171588995645,0.09977236421045232,0.00022133140325139035,0.0993385546600796,0.10020617376082505
16,step,step_r_25_eta_0.05,42016,20,200,20,120,0.10312499999999974,9.837702944053505e-19,0.10312499999999974,0.10312499999999974,0.12311747255211639,0.00029098647786317445,0.12254713905550456,0.12368780604872821,0.08983103858360694,0.0002537260434255232,0.08933373553849291,0.09032834162872097
16,step,step_r_25_eta_0.05,42016,21,200,21,118,0.08792372881355906,1.967540588810701e-18,0.08792372881355906,0.08792372881355906,0.11273484919164893,0.000347730495529515,0.11205329742041108,0.11341640096288678,0.08031013072076165,0.0003063506311592684,0.07970968348368948,0.08091057795783382
16,step,step_r_25_eta_0.05,42016,22,200,22,116,0.07219827586206871,0.0,0.07219827586206871,0.07219827586206871,0.10305768227022202,0.0003892540506860139,0.10229474433087743,0.10382062020956662,0.07140896731947347,0.0003467841608786508,0.0707292703641513,0.07208866427479563
16,step,step_r_25_eta_0.05,42016,23,200,23,114,0.05592105263157869,4.918851472026753e-19,0.05592105263157869,0.05592105263157869,0.0939655411515782,0.00042647106649256475,0.09312965786125277,0.09480142444190362,0.06301642096231384,0.0003809756997535829,0.06226970859079682,0.06376313333383087
16,step,step_r_25_eta_0.05,42016,24,200,24,112,0.039062499999999736,4.918851472026753e-19,0.039062499999999736,0.039062499999999736,0.08548900357085013,0.00045310973370746256,0.0846009084927835,0.08637709864891675,0.055147427844007675,0.0004052667250943627,0.054353105062822725,0.055941750625192625
16,step,step_r_25_eta_0.05,42016,25,200,25,110,0.021590909090908834,2.4594257360133763e-19,0.021590909090908834,0.021590909090908834,0.07733469155153044,0.0004912419654741874,0.07637185729920104,0.07829752580385985,0.04755948463517097,0.0004402470625039781,0.04669660039266317,0.04842236887767877
16,step,step_r_25_eta_0.05,42016,26,200,26,108,0.021944444444444183,0.0,0.021944444444444183,0.021944444444444183,0.07061711815949957,0.0005002384736243318,0.06963665075119588,0.07159758556780327,0.041263784019593554,0.0004487644080703707,0.040384205779775625,0.04214336225941148
16,step,step_r_25_eta_0.05,42016,27,200,27,106,0.022311320754716712,2.4594257360133763e-19,0.022311320754716712,0.022311320754716712,0.0650538234704088,0.00048358656463947384,0.06410599380371544,0.06600165313710217,0.036014692695143485,0.0004338904012230381,0.03516426750874633,0.03686511788154064
16,step,step_r_25_eta_0.05,42016,28,200,28,104,0.022692307692307425,2.4594257360133763e-19,0.022692307692307425,0.022692307692307425,0.059899123847348024,0.0004623073375972169,0.05899300146565748,0.060805246229038566,0.03113096116895124,0.0004147314134273013,0.03031808759863373,0.03194383473926875
16,step,step_r_25_eta_0.05,42016,29,200,29,102,0.023088235294117368,2.4594257360133763e-19,0.023088235294117368,0.023088235294117368,0.055312718461188314,0.0004148317488210499,0.05449964823349906,0.05612578868887757,0.026769183135489927,0.0003708776938072642,0.02604226285562769,0.027496103415352163
16,step,step_r_25_eta_0.05,42016,30,200,30,100,0.023499999999999722,0.0,0.023499999999999722,0.023499999999999722,0.05183229860572649,0.0004030437651436167,0.051042332826045,0.05262226438540798,0.023393762761664848,0.0003591514903702212,0.022689825840539215,0.02409769968279048
16,step,step_r_25_eta_0.05,42016,31,200,31,98,0.02392857142857114,4.918851472026753e-19,0.02392857142857114,0.02392857142857114,0.048994885492975086,0.0003677799782700736,0.04827403673556574,0.04971573425038443,0.020591204214109177,0.00032596832116738565,0.019952306304621102,0.02123010212359725
16,step,step_r_25_eta_0.05,42016,32,200,32,96,0.024374999999999706,4.918851472026753e-19,0.024374999999999706,0.024374999999999706,0.046650806749907604,0.0003346002727853601,0.0459949902152483,0.04730662328456691,0.01822708904286776,0.0002953379104385823,0.01764822673840814,0.01880595134732738
16,step,step_r_25_eta_0.05,42016,33,200,33,94,0.024840425531914602,0.0,0.024840425531914602,0.024840425531914602,0.044606718823382234,0.000300691012538025,0.0440173644388077,0.045196073207956766,0.016126386852303932,0.0002644730426881268,0.015608019688635203,0.016644754015972662
16,step,step_r_25_eta_0.05,42016,34,200,34,92,0.025326086956521436,2.4594257360133763e-19,0.025326086956521436,0.025326086956521436,0.043004543167687925,0.0002745219051611305,0.04246648023357211,0.043542606101803744,0.0144026209082888,0.00024038810817539265,0.01393146021626503,0.01487378160031257
16,step,step_r_25_eta_0.05,42016,35,200,35,90,0.025833333333333038,7.378277208040128e-19,0.025833333333333038,0.025833333333333038,0.04169989259741476,0.0002480397529321684,0.04121373468166771,0.04218605051316181,0.012932691439107918,0.00021570117802037644,0.01250991713018798,0.013355465748027855
16,step,step_r_25_eta_0.05,42016,36,200,36,88,0.02636363636363605,2.4594257360133763e-19,0.02636363636363605,0.02636363636363605,0.04068476051516548,0.00023077664400311318,0.04023243829291938,0.04113708273741158,0.011702241151804156,0.00019997517180911787,0.011310289815058286,0.012094192488550027
16,step,step_r_25_eta_0.05,42016,37,200,37,86,0.026918604651162473,0.0,0.026918604651162473,0.026918604651162473,0.03992738333814934,0.00020310216305630198,0.03952930309855899,0.04032546357773969,0.010677775585679457,0.00017421952019733592,0.010336305326092678,0.011019245845266236
16,step,step_r_25_eta_0.05,42016,38,200,38,84,0.027499999999999688,7.378277208040128e-19,0.027499999999999688,0.027499999999999688,0.03944433404559604,0.0001847399786205914,0.03908224368749968,0.0398064244036924,0.00988324492811483,0.00015746041734432544,0.009574622510119951,0.010191867346109707
16,step,step_r_25_eta_0.05,42016,39,200,39,82,0.028109756097560654,4.918851472026753e-19,0.028109756097560654,0.028109756097560654,0.03899100564586196,0.00016623369189004215,0.03866518760975748,0.03931682368196645,0.009093218661036651,0.00014031046706168763,0.008818210145595744,0.009368227176477558
16,step,step_r_25_eta_0.05,42016,40,200,40,80,0.02874999999999966,2.4594257360133763e-19,0.02874999999999966,0.02874999999999966,0.03876879818283409,0.00013341647419977076,0.03850730189340254,0.039030294472265636,0.008481538763041238,0.00011036507773404731,0.008265223210682505,0.008697854315399971
16,step,step_r_25_eta_0.05,42016,41,200,41,78,0.02942307692307657,7.378277208040128e-19,0.02942307692307657,0.02942307692307657,0.0386579893006647,0.00011151055357696691,0.038439428615653845,0.03887654998567555,0.007944982354071588,9.04978658410165e-05,0.007767606537023196,0.00812235817111998
16,step,step_r_25_eta_0.05,42016,42,200,42,76,0.03013157894736807,2.4594257360133763e-19,0.03013157894736807,0.03013157894736807,0.03878902667163324,0.00010029152045525719,0.038592455291540935,0.038985598051725544,0.007589913354244553,8.073934095738539e-05,0.007431664245968078,0.007748162462521029
16,step,step_r_25_eta_0.05,42016,43,200,43,74,0.030878378378378032,7.378277208040128e-19,0.030878378378378032,0.030878378378378032,0.03903729146937476,9.619935024023494e-05,0.038848740742903905,0.03922584219584562,0.007308898450147133,7.666085784415963e-05,0.00715864316877258,0.007459153731521687
16,step,step_r_25_eta_0.05,42016,44,200,44,72,0.031666666666666295,4.918851472026753e-19,0.031666666666666295,0.031666666666666295,0.039353980232876715,9.035313937016426e-05,0.039176888079711196,0.03953107238604223,0.007057877030716066,7.134429389497094e-05,0.0069180422146819225,0.007197711846750209
16,step,step_r_25_eta_0.05,42016,45,200,45,70,0.03249999999999963,4.918851472026753e-19,0.03249999999999963,0.03249999999999963,0.03983207592026416,8.443994755761308e-05,0.03966657362305124,0.03999757821747708,0.0069068312410941225,6.575055463210944e-05,0.006777960154015188,0.007035702328173057
16,step,step_r_25_eta_0.05,42016,46,200,46,68,0.033382352941176086,0.0,0.033382352941176086,0.033382352941176086,0.040407927015314885,8.040432539814944e-05,0.04025033453753451,0.04056551949309526,0.006802371999555888,6.214667521194386e-05,0.006680564516140478,0.006924179482971298
16,step,step_r_25_eta_0.05,42016,47,200,47,66,0.034318181818181415,4.918851472026753e-19,0.034318181818181415,0.034318181818181415,0.041048582941969496,7.581190409826402e-05,0.040899991609936896,0.041197174274002095,0.00671545489382492,5.7931072619202506e-05,0.006601909991491284,0.006828999796158557
16,step,step_r_25_eta_0.05,42016,48,200,48,64,0.03531249999999958,9.837702944053505e-19,0.03531249999999958,0.03531249999999958,0.0418227020773184,7.313406926818022e-05,0.04167935930155277,0.04196604485308403,0.006697437816710144,5.5630826061098364e-05,0.006588401397630391,0.006806474235789896
16,step,step_r_25_eta_0.05,42016,49,200,49,62,0.03637096774193506,4.918851472026753e-19,0.03637096774193506,0.03637096774193506,0.04266200585888816,6.870630724919199e-05,0.04252734149667974,0.042796670221096574,0.006688836456723253,5.1995611344634956e-05,0.006586925058487769,0.006790747854958737
16,step,step_r_25_eta_0.05,42016,50,200,50,60,0.037499999999999575,4.918851472026753e-19,0.037499999999999575,0.037499999999999575,0.043606518809767604,6.540700139936281e-05,0.04347832108702485,0.043734716532510355,0.0067186170269760434,4.920117080759108e-05,0.0066221827321931645,0.006815051321758922
16,step,step_r_25_eta_0.05,42016,51,200,51,58,0.03870689655172371,9.837702944053505e-19,0.03870689655172371,0.03870689655172371,0.044639060114471406,5.8229604038743226e-05,0.04452493009055547,0.04475319013838734,0.006764373509216517,4.285873352480838e-05,0.006680370391507893,0.006848376626925141
16,step,step_r_25_eta_0.05,42016,52,200,52,56,0.039999999999999536,4.918851472026753e-19,0.039999999999999536,0.039999999999999536,0.04578869481479338,5.284399350536531e-05,0.045685120587522866,0.0458922690420639,0.0068493771166090855,3.805816341667918e-05,0.006774783116312394,0.006923971116905777
16,step,step_r_25_eta_0.05,42016,53,200,53,54,0.04138888888888842,0.0,0.04138888888888842,0.04138888888888842,0.04705737968397254,5.165119205978109e-05,0.04695614334753537,0.047158616020409716,0.006965209122482272,3.687950822266993e-05,0.006892925286365838,0.007037492958598705
16,step,step_r_25_eta_0.05,42016,54,200,54,52,0.0428846153846149,4.918851472026753e-19,0.0428846153846149,0.0428846153846149,0.04844395148105329,4.760196450959625e-05,0.048350651630614486,0.0485372513314921,0.007103706181601248,3.337217350321379e-05,0.007038296721534949,0.007169115641667547
16,step,step_r_25_eta_0.05,42016,55,200,55,50,0.0444999999999995,0.0,0.0444999999999995,0.0444999999999995,0.04999635390805929,4.4054047114297e-05,0.049910007975715265,0.05008269984040331,0.007293444023735358,3.0425035642165808e-05,0.007233810953876713,0.007353077093594003
16,step,step_r_25_eta_0.05,42016,56,200,56,48,0.046249999999999465,9.837702944053505e-19,0.046249999999999465,0.046249999999999465,0.05169956452404274,4.23402111846925e-05,0.051616577710120744,0.05178255133796474,0.007513499862929476,2.8637294497885937e-05,0.00745737076571362,0.007569628960145332
16,step,step_r_25_eta_0.05,42016,57,200,57,46,0.048152173913042925,4.918851472026753e-19,0.048152173913042925,0.048152173913042925,0.05358150108930973,4.047880862054803e-05,0.05350216262441346,0.053660839554206,0.0077748816186402015,2.7021842225489167e-05,0.007721918807878243,0.00782784442940216
16,step,step_r_25_eta_0.05,42016,58,200,58,44,0.050227272727272156,4.918851472026753e-19,0.050227272727272156,0.050227272727272156,0.05565101612238807,3.887722105794262e-05,0.0555748167691145,0.05572721547566164,0.008071407306236903,2.559597533544776e-05,0.008021239194579425,0.008121575417894381
16,step,step_r_25_eta_0.05,42016,59,200,59,42,0.05249999999999943,1.4756554416080256e-18,0.05249999999999943,0.05249999999999943,0.05792350517466784,3.5447605960924905e-05,0.05785402786698443,0.057992982482351255,0.008400496363312464,2.288526939483023e-05,0.008355641235298597,0.00844535149132633
16,step,step_r_25_eta_0.05,42016,60,200,60,40,0.054999999999999376,4.918851472026753e-19,0.054999999999999376,0.054999999999999376,0.060451275996482624,3.444310409077003e-05,0.060383767512464714,0.060518784480500534,0.008780085033173034,2.1891311605428863e-05,0.008737178062426394,0.008822992003919674
16,step,step_r_25_eta_0.05,42016,61,200,61,38,0.05776315789473619,4.918851472026753e-19,0.05776315789473619,0.05776315789473619,0.06327215541110101,3.4232315804816536e-05,0.06320506007212356,0.06333925075007846,0.009217893896306024,2.1340083013583884e-05,0.0091760673335994,0.009259720459012648
16,step,step_r_25_eta_0.05,42016,62,200,62,36,0.060833333333332636,1.4756554416080256e-18,0.060833333333332636,0.060833333333332636,0.0664190796475437,3.3712435077386877e-05,0.06635300327479203,0.06648515602029538,0.009711818122957776,2.079906268184904e-05,0.009671051960101353,0.0097525842858142
16,step,step_r_25_eta_0.05,42016,63,200,63,34,0.06426470588235222,0.0,0.06426470588235222,0.06426470588235222,0.06995855371508465,3.447387012485872e-05,0.06989098492963992,0.07002612250052938,0.0102784432711038,2.106431260078003e-05,0.010237157218406272,0.01031972932380133
16,step,step_r_25_eta_0.05,42016,64,200,64,32,0.06812499999999921,1.967540588810701e-18,0.06812499999999921,0.06812499999999921,0.07394634369505709,3.3000384444628004e-05,0.07388166294154562,0.07401102444856857,0.010918813209990694,1.9840330516483133e-05,0.010879926162178387,0.010957700257803002
16,step,step_r_25_eta_0.05,42016,65,200,65,30,0.0724999999999992,9.837702944053505e-19,0.0724999999999992,0.0724999999999992,0.07849130616971105,3.221447914044236e-05,0.07842816579059578,0.07855444654882632,0.011660240209549333,1.9177974067818815e-05,0.011622651380376409,0.011697829038722258
16,step,step_r_25_eta_0.05,42016,66,200,66,28,0.07749999999999913,9.837702944053505e-19,0.07749999999999913,0.07749999999999913,0.08370474090286789,3.405227628398032e-05,0.0836379984413513,0.08377148336438449,0.012518218169631579,2.0170503816132414e-05,0.01247868398215196,0.012557752357111198
16,step,step_r_25_eta_0.05,42016,67,200,67,26,0.08326923076922986,9.837702944053505e-19,0.08326923076922986,0.08326923076922986,0.08970664984264907,3.456646366225371e-05,0.08963889957387106,0.0897744001114271,0.01349939064839181,2.0179541759546225e-05,0.0134598387465431,0.013538942550240522
16,step,step_r_25_eta_0.05,42016,68,200,68,24,0.08999999999999898,1.967540588810701e-18,0.08999999999999898,0.08999999999999898,0.09673143945490396,3.508887077578519e-05,0.09666266526818343,0.0968002136416245,0.014656666809537327,2.0200957880533728e-05,0.01461707293209148,0.014696260686983173
16,step,step_r_25_eta_0.05,42016,69,200,69,22,0.09795454545454438,0.0,0.09795454545454438,0.09795454545454438,0.10505065594949264,3.5128384754354157e-05,0.10498180431537411,0.10511950758361117,0.016033481553929363,1.989477813825902e-05,0.015994487788778374,0.01607247531908035
16,step,step_r_25_eta_0.05,42016,70,200,70,20,0.10749999999999883,9.837702944053505e-19,0.10749999999999883,0.10749999999999883,0.1150612042648353,3.7152771848368036e-05,0.1149883848320125,0.11513402369765811,0.017704113937705112,2.0829547273531983e-05,0.01766328802504899,0.017744939850361234
16,step,step_r_25_eta_0.05,42016,71,200,71,18,0.11916666666666532,2.951310883216051e-18,0.11916666666666532,0.11916666666666532,0.12731917032581955,3.849009806617536e-05,0.12724372973360984,0.12739461091802926,0.019755789016479314,2.1299918133944683e-05,0.019714041176936783,0.019797536856021845
16,step,step_r_25_eta_0.05,42016,72,200,72,16,0.1337499999999985,1.967540588810701e-18,0.1337499999999985,0.1337499999999985,0.14265056761664258,4.0827731415297286e-05,0.1425705452630686,0.14273058997021656,0.02232493944991849,2.225439088994619e-05,0.022281320843774197,0.022368558056062783
16,step,step_r_25_eta_0.05,42016,73,200,73,14,0.15249999999999833,0.0,0.15249999999999833,0.15249999999999833,0.16238087758890984,4.496480566275136e-05,0.16229274656981085,0.16246900860800884,0.025637779960484476,2.4185864576738815e-05,0.02559037566591407,0.025685184255054883
16,step,step_r_25_eta_0.05,42016,74,200,74,12,0.17749999999999802,3.935081177621402e-18,0.17749999999999802,0.17749999999999802,0.18868253348555142,5.0319520155477004e-05,0.18858390722604668,0.18878115974505616,0.03005027768962554,2.6741426425228594e-05,0.029997864493832092,0.03010269088541899
16,step,step_r_25_eta_0.05,42016,75,200,75,10,0.2124999999999977,0.0,0.2124999999999977,0.2124999999999977,0.22556340264648933,5.779580139204844e-05,0.2254501228757609,0.22567668241721775,0.036260179178016674,3.0461503782976017e-05,0.03620047463060204,0.03631988372543131
16,step,step_r_25_eta_0.05,42016,76,200,76,8,0.26499999999999707,3.935081177621402e-18,0.26499999999999707,0.26499999999999707,0.28087994717096093,7.025251025150571e-05,0.28074225225086796,0.2810176420910539,0.04556896808641254,3.666874375482578e-05,0.04549709734865308,0.045640838824172
17,step,step_r_25_eta_0.1,42017,0,200,0,160,0.3718749999999993,0.0,0.3718749999999993,0.3718749999999993,0.37187499999999984,3.935081177621402e-18,0.37187499999999984,0.37187499999999984,0.2395383435108758,3.935081177621402e-18,0.2395383435108758,0.2395383435108758
17,step,step_r_25_eta_0.1,42017,1,200,1,158,0.36392405063291067,0.0,0.36392405063291067,0.36392405063291067,0.3646048929760879,1.7959169969409033e-05,0.36456969300294784,0.36464009294922795,0.23372685528911188,8.626730224045583e-06,0.23370994689787275,0.23374376368035102
17,step,step_r_25_eta_0.1,42017,2,200,2,156,0.35576923076923,3.935081177621402e-18,0.35576923076923,0.35576923076923,0.3572434864416452,3.061304561834229e-05,0.3571834848722333,0.35730348801105716,0.22778476506964423,1.5312677865651735e-05,0.22775475222102756,0.2278147779182609
17,step,step_r_25_eta_0.1,42017,3,200,3,154,0.3474025974025966,3.935081177621402e-18,0.3474025974025966,0.3474025974025966,0.34977300932026556,4.434608779508892e-05,0.3496860909881872,0.3498599276523439,0.22170932627146595,2.4218145664980787e-05,0.22166185870596258,0.2217567938369693
17,step,step_r_25_eta_0.1,42017,4,200,4,152,0.3388157894736835,3.935081177621402e-18,0.3388157894736835,0.3388157894736835,0.3421999351561873,5.050990476831437e-05,0.3421009357428414,0.3422989345695332,0.21549234501733927,2.9186827985102984e-05,0.21543513883448848,0.21554955120019006
17,step,step_r_25_eta_0.1,42017,5,200,5,150,0.32999999999999924,0.0,0.32999999999999924,0.32999999999999924,0.3345380950866996,6.469557395835157e-05,0.3344112917617413,0.334664898411658,0.209153100645046,3.913335413036974e-05,0.20907639927095048,0.20922980201914151
17,step,step_r_25_eta_0.1,42017,6,200,6,148,0.32094594594594517,0.0,0.32094594594594517,0.32094594594594517,0.3268759059714088,8.1087435469589e-05,0.3267169745978884,0.3270348373449292,0.2027461006181455,5.0184250775499304e-05,0.2026477394866255,0.20284446174966547
17,step,step_r_25_eta_0.1,42017,7,200,7,146,0.31164383561643755,3.935081177621402e-18,0.31164383561643755,0.31164383561643755,0.31904172665955516,8.832434308743871e-05,0.3188686109471038,0.31921484237200654,0.19615548310547445,5.6107325431147386e-05,0.1960455127476294,0.1962654534633195
17,step,step_r_25_eta_0.1,42017,8,200,8,144,0.3020833333333326,3.935081177621402e-18,0.3020833333333326,0.3020833333333326,0.31120170677406334,0.00010415557266916462,0.3109975618516318,0.3114058516964949,0.1895026978630956,6.857885380732502e-05,0.18936828330963323,0.18963711241655795
17,step,step_r_25_eta_0.1,42017,9,200,9,142,0.29225352112675973,3.935081177621402e-18,0.29225352112675973,0.29225352112675973,0.3033123220082643,0.00011912940007729211,0.3030788283841128,0.3035458156324158,0.18275643763923,7.961406738728572e-05,0.18260039406715092,0.18291248121130907
17,step,step_r_25_eta_0.1,42017,10,200,10,140,0.28214285714285625,3.935081177621402e-18,0.28214285714285625,0.28214285714285625,0.29553523086072536,0.0001405840895160479,0.2952596860452739,0.2958107756761768,0.17603615217434126,9.754644322372117e-05,0.17584496114562276,0.17622734320305977
17,step,step_r_25_eta_0.1,42017,11,200,11,138,0.2717391304347818,3.935081177621402e-18,0.2717391304347818,0.2717391304347818,0.2876446296006618,0.0001549386379416341,0.2873409498702962,0.2879483093310274,0.16918107550679282,0.00011051315728854917,0.16896446971850726,0.16939768129507837
17,step,step_r_25_eta_0.1,42017,12,200,12,136,0.2610294117647052,7.870162355242804e-18,0.2610294117647052,0.2610294117647052,0.2797714767126307,0.00018101618127820668,0.2794166849973254,0.280126268427936,0.16228351636619562,0.00013166433160680392,0.1620254542762463,0.16254157845614495
17,step,step_r_25_eta_0.1,42017,13,200,13,134,0.24999999999999914,0.0,0.24999999999999914,0.24999999999999914,0.27210597734658476,0.0002028476881833975,0.2717083958777453,0.2725035588154242,0.15549097304734308,0.0001502912288168554,0.15519640223886205,0.1557855438558241
17,step,step_r_25_eta_0.1,42017,14,200,14,132,0.2386363636363628,1.967540588810701e-18,0.2386363636363628,0.2386363636363628,0.2645771679882175,0.00022715412736066122,0.2641319458985906,0.2650223900778444,0.1487671448017451,0.00017158068734014425,0.1484308466545584,0.1491034429489318
17,step,step_r_25_eta_0.1,42017,15,200,15,130,0.2269230769230761,1.967540588810701e-18,0.2269230769230761,0.2269230769230761,0.25721863178263077,0.0002569363845759264,0.25671503646886196,0.2577222270963996,0.1421329774748588,0.00019747297151703516,0.14174593045068543,0.1425200244990322
17,step,step_r_25_eta_0.1,42017,16,200,16,128,0.2148437499999991,0.0,0.2148437499999991,0.2148437499999991,0.25000508473611666,0.0002804620265802684,0.24945537916401933,0.250554790308214,0.13556039091487604,0.0002182216402301151,0.135132676500025,0.13598810532972708
17,step,step_r_25_eta_0.1,42017,17,200,17,126,0.20238095238095152,3.935081177621402e-18,0.20238095238095152,0.20238095238095152,0.24273173624958144,0.0003004312226193653,0.2421428910532475,0.2433205814459154,0.12891901146030477,0.00023640357693158255,0.12845566044951887,0.12938236247109067
17,step,step_r_25_eta_0.1,42017,18,200,18,124,0.18951612903225715,0.0,0.18951612903225715,0.18951612903225715,0.23589461034943454,0.00030138623247091747,0.23530389333379154,0.23648532736507755,0.12257721072292765,0.00023805158713090778,0.12211062961215108,0.12304379183370423
17,step,step_r_25_eta_0.1,42017,19,200,19,122,0.17622950819672042,3.935081177621402e-18,0.17622950819672042,0.17622950819672042,0.22915695588733911,0.00032682123002656,0.22851638627648704,0.22979752549819119,0.1162862741599948,0.0002608378227355497,0.11577503202743313,0.11679751629255648
17,step,step_r_25_eta_0.1,42017,20,200,20,120,0.16249999999999903,1.967540588810701e-18,0.16249999999999903,0.16249999999999903,0.22259276535421402,0.0003333396894105383,0.22193941956296936,0.22324611114545867,0.11008718436404771,0.0002665358924315531,0.10956477401488186,0.11060959471321356
17,step,step_r_25_eta_0.1,42017,21,200,21,118,0.14830508474576173,1.967540588810701e-18,0.14830508474576173,0.14830508474576173,0.21668612816746183,0.00037284400874801354,0.21595535391031573,0.21741690242460793,0.10440789282886588,0.0002997087770638587,0.10382046362582072,0.10499532203191105
17,step,step_r_25_eta_0.1,42017,22,200,22,116,0.13362068965517146,1.967540588810701e-18,0.13362068965517146,0.13362068965517146,0.21123527853275342,0.00039253870010030835,0.21046590268055682,0.21200465438495003,0.0990734260176637,0.0003174546832189984,0.09845121483855446,0.09969563719677293
17,step,step_r_25_eta_0.1,42017,23,200,23,114,0.11842105263157794,9.837702944053505e-19,0.11842105263157794,0.11842105263157794,0.2056577486846546,0.00041437298562041307,0.20484557763283862,0.2064699197364706,0.09361615764524263,0.00033682104276968775,0.09295598840141404,0.09427632688907121
17,step,step_r_25_eta_0.1,42017,24,200,24,112,0.10267857142857043,9.837702944053505e-19,0.10267857142857043,0.10267857142857043,0.20057516832471955,0.0004326298168638547,0.1997272138836664,0.2014231227657727,0.08852366229242413,0.00035218369420554483,0.08783338225178126,0.089213942333067
17,step,step_r_25_eta_0.1,42017,25,200,25,110,0.08636363636363534,9.837702944053505e-19,0.08636363636363534,0.08636363636363534,0.1958889671806804,0.00044557673390984635,0.19501563678221712,0.1967622975791437,0.08371941991502427,0.00036314574136686297,0.08300765426194522,0.08443118556810332
17,step,step_r_25_eta_0.1,42017,26,200,26,108,0.08777777777777673,0.0,0.08777777777777673,0.08777777777777673,0.19150110078100455,0.00045546372041308354,0.1906083918889949,0.1923938096730142,0.07912235022635083,0.0003720900596590357,0.07839305370941912,0.07985164674328254
17,step,step_r_25_eta_0.1,42017,27,200,27,106,0.08924528301886685,9.837702944053505e-19,0.08924528301886685,0.08924528301886685,0.187726764521487,0.00046139825724351806,0.1868224239372897,0.18863110510568432,0.07501109900251121,0.00037625198003814214,0.07427364512163645,0.07574855288338597
17,step,step_r_25_eta_0.1,42017,28,200,28,104,0.0907692307692297,9.837702944053505e-19,0.0907692307692297,0.0907692307692297,0.18434331042279797,0.0004719346776076933,0.1834183184546869,0.18526830239090905,0.07118246246392047,0.00038546297707045654,0.07042695502886238,0.07193796989897856
17,step,step_r_25_eta_0.1,42017,29,200,29,102,0.09235294117646947,9.837702944053505e-19,0.09235294117646947,0.09235294117646947,0.18104442810652288,0.00046991584014817613,0.18012339305983247,0.1819654631532133,0.06738398811800185,0.00038377871024134185,0.06663178184592881,0.06813619439007489
17,step,step_r_25_eta_0.1,42017,30,200,30,100,0.09399999999999889,0.0,0.09399999999999889,0.09399999999999889,0.17794186797006423,0.00046032217098806826,0.1770396365149276,0.17884409942520085,0.06370708000844331,0.0003742748887113063,0.06297350122656915,0.06444065879031748
17,step,step_r_25_eta_0.1,42017,31,200,31,98,0.09571428571428456,1.967540588810701e-18,0.09571428571428456,0.09571428571428456,0.17563112086341134,0.00045059117617982867,0.17474796215809887,0.17651427956872381,0.06064631214368801,0.00036621227342827404,0.05992853608776859,0.061364088199607425
17,step,step_r_25_eta_0.1,42017,32,200,32,96,0.09749999999999882,1.967540588810701e-18,0.09749999999999882,0.09749999999999882,0.17353248774430408,0.00044213243182251354,0.17266590817793195,0.1743990673106762,0.05772042318995023,0.00035791125416666616,0.057018917131783566,0.05842192924811689
17,step,step_r_25_eta_0.1,42017,33,200,33,94,0.09936170212765841,0.0,0.09936170212765841,0.09936170212765841,0.1717470312008872,0.00041529187223137624,0.17093305913131368,0.1725610032704607,0.05500924410497685,0.000333877926440166,0.054354843369154124,0.05566364484079958
17,step,step_r_25_eta_0.1,42017,34,200,34,92,0.10130434782608574,9.837702944053505e-19,0.10130434782608574,0.10130434782608574,0.17040789399427467,0.0004175314823522689,0.16958953228886423,0.1712262556996851,0.052611836196524014,0.0003347233997610939,0.051955778332992274,0.053267894060055755
17,step,step_r_25_eta_0.1,42017,35,200,35,90,0.10333333333333215,2.951310883216051e-18,0.10333333333333215,0.10333333333333215,0.1693319851168217,0.00039731071441874254,0.16855325611656097,0.17011071411708245,0.0503688109097623,0.000316861203847215,0.049747762950221756,0.050989858869302844
17,step,step_r_25_eta_0.1,42017,36,200,36,88,0.1054545454545442,9.837702944053505e-19,0.1054545454545442,0.1054545454545442,0.16837031267327937,0.00038268248431275556,0.16762025500402636,0.16912037034253238,0.048159150011098856,0.0003036492196060991,0.0475639975406709,0.04875430248152681
17,step,step_r_25_eta_0.1,42017,37,200,37,86,0.1076744186046499,0.0,0.1076744186046499,0.1076744186046499,0.16810155580831285,0.0003804483779466847,0.16735587698753734,0.16884723462908835,0.046464850436992645,0.00030137214895464967,0.045874161025041535,0.047055539848943756
17,step,step_r_25_eta_0.1,42017,38,200,38,84,0.10999999999999875,2.951310883216051e-18,0.10999999999999875,0.10999999999999875,0.1681461471388733,0.0003694045305368744,0.16742211425902104,0.16887018001872556,0.04495144993757367,0.0002911228015034595,0.044380849246626886,0.04552205062852045
17,step,step_r_25_eta_0.1,42017,39,200,39,82,0.11243902439024261,1.967540588810701e-18,0.11243902439024261,0.11243902439024261,0.16857432993892082,0.000357388476266357,0.16787384852543877,0.16927481135240288,0.04367787837482735,0.0002802227459087417,0.04312864179284622,0.044227114956808485
17,step,step_r_25_eta_0.1,42017,40,200,40,80,0.11499999999999864,9.837702944053505e-19,0.11499999999999864,0.11499999999999864,0.16911030934772675,0.0003571647889656697,0.16841026636135403,0.16981035233409947,0.042416646900683704,0.00028004060359417086,0.04186776731763913,0.04296552648372828
17,step,step_r_25_eta_0.1,42017,41,200,41,78,0.11769230769230628,2.951310883216051e-18,0.11769230769230628,0.11769230769230628,0.17016957424512413,0.00034583457219021724,0.1694917384836313,0.17084741000661696,0.04148934131950525,0.0002697588671732476,0.04096061393984568,0.042018068699164815
17,step,step_r_25_eta_0.1,42017,42,200,42,76,0.12052631578947227,9.837702944053505e-19,0.12052631578947227,0.12052631578947227,0.17141397085759053,0.0003301556405966381,0.1707668658020211,0.17206107591315994,0.04061695801031382,0.0002553241072674389,0.04011652276006964,0.041117393260558
17,step,step_r_25_eta_0.1,42017,43,200,43,74,0.12351351351351213,2.951310883216051e-18,0.12351351351351213,0.12351351351351213,0.17291349041288015,0.0003194494936054453,0.17228736940541348,0.17353961142034682,0.03984356628908389,0.0002461948869246546,0.03936102431071157,0.040326108267456216
17,step,step_r_25_eta_0.1,42017,44,200,44,72,0.12666666666666518,1.967540588810701e-18,0.12666666666666518,0.12666666666666518,0.17470492388854855,0.0003060761800350825,0.17410501457567978,0.17530483320141732,0.03919361960655498,0.00023453341643658046,0.038733934110339284,0.039653305102770674
17,step,step_r_25_eta_0.1,42017,45,200,45,70,0.12999999999999853,1.967540588810701e-18,0.12999999999999853,0.12999999999999853,0.17666475788325378,0.0002853101531804412,0.1761055499830201,0.17722396578348745,0.0385561057527297,0.00021703437677777744,0.038130718374245254,0.03898149313121414
17,step,step_r_25_eta_0.1,42017,46,200,46,68,0.13352941176470434,0.0,0.13352941176470434,0.13352941176470434,0.17896539152372518,0.00027822008804518164,0.17842008015115662,0.17951070289629373,0.03807215262738632,0.00021020251768476833,0.03766015569272418,0.038484149562048466
17,step,step_r_25_eta_0.1,42017,47,200,47,66,0.13727272727272566,1.967540588810701e-18,0.13727272727272566,0.13727272727272566,0.18174618455555647,0.0002686472832357604,0.18121963588041437,0.18227273323069856,0.03781904875479406,0.0002023268909553152,0.03742248804852164,0.03821560946106648
17,step,step_r_25_eta_0.1,42017,48,200,48,64,0.14124999999999832,3.935081177621402e-18,0.14124999999999832,0.14124999999999832,0.18481878411290467,0.00026469196473824356,0.1842999878620177,0.18533758036379164,0.03764242259112677,0.00019755718304709526,0.03725521051235446,0.03802963466989907
17,step,step_r_25_eta_0.1,42017,49,200,49,62,0.14548387096774024,1.967540588810701e-18,0.14548387096774024,0.14548387096774024,0.18825240469931945,0.00025481104022825207,0.18775297506047206,0.18875183433816684,0.037582405643130576,0.00018845185272560306,0.03721304001178839,0.03795177127447276
17,step,step_r_25_eta_0.1,42017,50,200,50,60,0.1499999999999983,1.967540588810701e-18,0.1499999999999983,0.1499999999999983,0.19220976771037956,0.00025488361062177994,0.1917101958335609,0.19270933958719824,0.037751029953159466,0.00018788276998917664,0.03738277972398068,0.038119280182338254
17,step,step_r_25_eta_0.1,42017,51,200,51,58,0.15482758620689485,3.935081177621402e-18,0.15482758620689485,0.15482758620689485,0.19654619948677626,0.00024907153369993983,0.1960580192807244,0.19703437969282814,0.038010180455873496,0.00018190435187652904,0.0376536479261955,0.03836671298555149
17,step,step_r_25_eta_0.1,42017,52,200,52,56,0.15999999999999814,1.967540588810701e-18,0.15999999999999814,0.15999999999999814,0.20125319911670217,0.0002408501033048216,0.20078113291422472,0.20172526531917961,0.038333821428104625,0.000174705039557412,0.0379913995505721,0.038676243305637154
17,step,step_r_25_eta_0.1,42017,53,200,53,54,0.16555555555555368,0.0,0.16555555555555368,0.16555555555555368,0.20653426638728484,0.00024167815911487018,0.2060605771954197,0.20700795557914997,0.03885248833404535,0.00017476613593461868,0.0385099467076135,0.039195029960477204
17,step,step_r_25_eta_0.1,42017,54,200,54,52,0.1715384615384596,1.967540588810701e-18,0.1715384615384596,0.1715384615384596,0.2121631515425046,0.00022940147183372973,0.21171352465771048,0.2126127784272987,0.03936049537165429,0.00016411922185293308,0.039038821696822545,0.03968216904648604
17,step,step_r_25_eta_0.1,42017,55,200,55,50,0.177999999999998,0.0,0.177999999999998,0.177999999999998,0.218399449345871,0.00021843134282285409,0.2179713239139382,0.2188275747778038,0.040030907120722804,0.00015567556312303058,0.039725783017001665,0.040336031224443944
17,step,step_r_25_eta_0.1,42017,56,200,56,48,0.18499999999999786,3.935081177621402e-18,0.18499999999999786,0.18499999999999786,0.22534033115600555,0.00021386436984186004,0.2249211569911155,0.2257595053208956,0.040897606860060484,0.0001510331583483754,0.040601581869697666,0.0411936318504233
17,step,step_r_25_eta_0.1,42017,57,200,57,46,0.1926086956521717,1.967540588810701e-18,0.1926086956521717,0.1926086956521717,0.2329567856400046,0.0002131910338751511,0.2325389312136093,0.2333746400663999,0.04188778118705711,0.0001490545464301583,0.041595634276054,0.042179928098060225
17,step,step_r_25_eta_0.1,42017,58,200,58,44,0.20090909090908862,1.967540588810701e-18,0.20090909090908862,0.20090909090908862,0.24148571076234573,0.00020695404061900463,0.2410800808427325,0.24189134068195897,0.04312230046638642,0.00014304294186274333,0.04284193630033544,0.043402664632437395
17,step,step_r_25_eta_0.1,42017,59,200,59,42,0.20999999999999772,5.902621766432102e-18,0.20999999999999772,0.20999999999999772,0.25090870102884116,0.00020608057681967412,0.2505047830982746,0.2513126189594077,0.04454141446142794,0.0001423845953051456,0.044262340654629855,0.04482048826822602
17,step,step_r_25_eta_0.1,42017,60,200,60,40,0.2199999999999975,1.967540588810701e-18,0.2199999999999975,0.2199999999999975,0.26136562855541845,0.00020523139086690408,0.2609633750293193,0.2617678820815176,0.046158797966154526,0.00014121278931314248,0.04588202089910077,0.04643557503320828
17,step,step_r_25_eta_0.1,42017,61,200,61,38,0.23105263157894476,1.967540588810701e-18,0.23105263157894476,0.23105263157894476,0.2730556233202065,0.00020711058671710138,0.27264968657024097,0.273461560070172,0.048052036070752674,0.00014098451402964223,0.04777570642325458,0.04832836571825077
17,step,step_r_25_eta_0.1,42017,62,200,62,36,0.24333333333333054,5.902621766432102e-18,0.24333333333333054,0.24333333333333054,0.2861422769310047,0.0002062707579224058,0.28573798624547675,0.28654656761653263,0.05021567947055136,0.00013958972293415088,0.049942083613600426,0.050489275327502296
17,step,step_r_25_eta_0.1,42017,63,200,63,34,0.2570588235294089,0.0,0.2570588235294089,0.2570588235294089,0.3007421725250425,0.000209271550860997,0.30033200028535495,0.30115234476473,0.05260750600284126,0.00013930169444042342,0.05233447468173803,0.05288053732394449
17,step,step_r_25_eta_0.1,42017,64,200,64,32,0.27249999999999686,7.870162355242804e-18,0.27249999999999686,0.27249999999999686,0.317277517005509,0.00021710109087376542,0.3168519988673964,0.3177030351436216,0.05538470440082828,0.0001436128601616036,0.05510322319491154,0.05566618560674502
17,step,step_r_25_eta_0.1,42017,65,200,65,30,0.2899999999999968,3.935081177621402e-18,0.2899999999999968,0.2899999999999968,0.3362293871733069,0.00022395766803437185,0.33579043014395954,0.3366683442026543,0.058671767961001056,0.00014692739547898296,0.05838379026586225,0.058959745656139866
17,step,step_r_25_eta_0.1,42017,66,200,66,28,0.3099999999999965,3.935081177621402e-18,0.3099999999999965,0.3099999999999965,0.35796083715905214,0.00022905877057454065,0.357511881968726,0.35840979234937825,0.062480948896589616,0.00014909075096703505,0.06218873102469423,0.062773166768485
17,step,step_r_25_eta_0.1,42017,67,200,67,26,0.33307692307691944,3.935081177621402e-18,0.33307692307691944,0.33307692307691944,0.3831636823113759,0.00023787893144566348,0.3826974396057424,0.3836299250170094,0.06696036223428947,0.0001541605928685838,0.06665820747226704,0.0672625169963119
17,step,step_r_25_eta_0.1,42017,68,200,68,24,0.35999999999999593,7.870162355242804e-18,0.35999999999999593,0.35999999999999593,0.41260277924444383,0.0002544746198033492,0.4121040089896293,0.41310154949925837,0.07220550687984986,0.00016319478603981404,0.07188564509921183,0.0725253686604879
17,step,step_r_25_eta_0.1,42017,69,200,69,22,0.3918181818181775,0.0,0.3918181818181775,0.3918181818181775,0.4473991206442466,0.000267655101831504,0.4468745166446568,0.44792372464383634,0.0784101402124099,0.00017028086613076447,0.0780763897147936,0.0787438907100262
17,step,step_r_25_eta_0.1,42017,70,200,70,20,0.42999999999999533,3.935081177621402e-18,0.42999999999999533,0.42999999999999533,0.48931835205235186,0.000275815047140223,0.48877775455995703,0.4898589495447467,0.08595142166713415,0.00017380475011006253,0.08561076435691843,0.08629207897734988
17,step,step_r_25_eta_0.1,42017,71,200,71,18,0.4766666666666613,1.1805243532864205e-17,0.4766666666666613,0.4766666666666613,0.540598505103747,0.00029471839378684316,0.5400208570519247,0.5411761531555692,0.09520925405808707,0.00018388038681469365,0.09484884849993028,0.09556965961624386
17,step,step_r_25_eta_0.1,42017,72,200,72,16,0.534999999999994,7.870162355242804e-18,0.534999999999994,0.534999999999994,0.6049264069318894,0.0003161434736926109,0.6043067657234519,0.6055460481403269,0.10691989304671658,0.00019631616498672633,0.10653511336334259,0.10730467273009056
17,step,step_r_25_eta_0.1,42017,73,200,73,14,0.6099999999999933,0.0,0.6099999999999933,0.6099999999999933,0.6877558594769443,0.0003474190292726183,0.68707491817957,0.6884368007743186,0.12203879664449349,0.00021394710316384143,0.12161946032229236,0.12245813296669462
17,step,step_r_25_eta_0.1,42017,74,200,74,12,0.7099999999999921,1.5740324710485608e-17,0.7099999999999921,0.7099999999999921,0.7983193094988354,0.0003914404904666206,0.7975520861375208,0.7990865328601501,0.1422861578550094,0.00024092275342152582,0.1418139492583032,0.14275836645171558
17,step,step_r_25_eta_0.1,42017,75,200,75,10,0.8499999999999908,0.0,0.8499999999999908,0.8499999999999908,0.9531450347038677,0.00044996809134645446,0.9522630972448286,0.9540269721629068,0.17064502852043112,0.0002750935016613328,0.1701058452571749,0.17118421178368734
17,step,step_r_25_eta_0.1,42017,76,200,76,8,1.0599999999999883,1.5740324710485608e-17,1.0599999999999883,1.0599999999999883,1.1855021358758842,0.0005395150463430969,1.1844446863850517,1.1865595853667166,0.21325439423191883,0.0003274260293083001,0.21261263921447457,0.2138961492493631
18,step,step_r_30_eta_0.001,42018,0,200,0,160,0.37500587499999993,3.935081177621402e-18,0.37500587499999993,0.37500587499999993,0.3750058750000002,3.935081177621402e-18,0.3750058750000002,0.3750058750000002,0.3504098762720297,0.0,0.3504098762720297,0.3504098762720297
18,step,step_r_30_eta_0.001,42018,1,200,1,158,0.36709455696202525,3.935081177621402e-18,0.36709455696202525,0.36709455696202525,0.3670945573846333,7.461713206532704e-12,0.36709455737000835,0.3670945573992583,0.34374930966657447,1.6956924003298758e-06,0.3437459861094698,0.3437526332236791
18,step,step_r_30_eta_0.001,42018,2,200,2,156,0.3589803846153846,0.0,0.3589803846153846,0.3589803846153846,0.3589803855180027,1.3796465880165017e-11,0.3589803854909616,0.3589803855450438,0.33686506458349497,2.349653806021689e-06,0.3368604592620352,0.33686966990495476
18,step,step_r_30_eta_0.001,42018,3,200,3,154,0.35065545454545444,7.870162355242804e-18,0.35065545454545444,0.35065545454545444,0.35065545595822323,1.854509980552247e-11,0.35065545592187486,0.3506554559945716,0.32975018315491506,2.7241725806621394e-06,0.32974484377665697,0.32975552253317314
18,step,step_r_30_eta_0.001,42018,4,200,4,152,0.34211144736842103,0.0,0.34211144736842103,0.34211144736842103,0.34211144936024934,2.3896031759267374e-11,0.34211144931341314,0.34211144940708554,0.32239618965279787,2.9760791244250744e-06,0.322390356537714,0.32240202276788177
18,step,step_r_30_eta_0.001,42018,5,200,5,150,0.33333960000000007,3.935081177621402e-18,0.33333960000000007,0.33333960000000007,0.33333960263284496,2.8267875371536435e-11,0.33333960257743994,0.33333960268824997,0.3147916378933934,3.183549757857448e-06,0.314785398135868,0.31479787765091877
18,step,step_r_30_eta_0.001,42018,6,200,6,148,0.3243306756756757,0.0,0.3243306756756757,0.3243306756756757,0.32433067904362545,3.296933014602282e-11,0.3243306789790056,0.3243306791082453,0.3069273868261581,3.5838182727346047e-06,0.30692036254234356,0.30693441110997266
18,step,step_r_30_eta_0.001,42018,7,200,7,146,0.31507493150684934,3.935081177621402e-18,0.31507493150684934,0.31507493150684934,0.3150749356603004,3.887349759543402e-11,0.3150749355841084,0.3150749357364925,0.2987963223800558,3.659816664849151e-06,0.2987891491393927,0.29880349562071895
18,step,step_r_30_eta_0.001,42018,8,200,8,144,0.3055620833333333,3.935081177621402e-18,0.3055620833333333,0.3055620833333333,0.30556208837564486,4.549311145065774e-11,0.30556208828647835,0.30556208846481137,0.29038281017554096,3.731684346016636e-06,0.29037549607422275,0.2903901242768592
18,step,step_r_30_eta_0.001,42018,9,200,9,142,0.29578126760563384,3.935081177621402e-18,0.29578126760563384,0.29578126760563384,0.29578127366600787,5.661932217995017e-11,0.295781273555034,0.29578127377698177,0.2816767438860901,3.7777090158278612e-06,0.2816693395764191,0.2816841481957611
18,step,step_r_30_eta_0.001,42018,10,200,10,140,0.28572100000000006,3.935081177621402e-18,0.28572100000000006,0.28572100000000006,0.28572100722600086,7.260220520220541e-11,0.2857210070837005,0.2857210073683012,0.27266586230299644,3.865064272643372e-06,0.2726582867770221,0.2726734378289708
18,step,step_r_30_eta_0.001,42018,11,200,11,138,0.27536913043478256,3.935081177621402e-18,0.27536913043478256,0.27536913043478256,0.2753691389622686,9.011583543041494e-11,0.27536913878564157,0.27536913913889566,0.26333653825114667,3.8055741563831468e-06,0.26332907932580013,0.2633439971764932
18,step,step_r_30_eta_0.001,42018,12,200,12,136,0.26471279411764703,0.0,0.26471279411764703,0.26471279411764703,0.2647128041328491,1.1180605653186426e-10,0.2647128039137092,0.26471280435198896,0.25367263269125984,3.7113831387954827e-06,0.2536653583803078,0.2536799070022119
18,step,step_r_30_eta_0.001,42018,13,200,13,134,0.25373835820895524,0.0,0.25373835820895524,0.25373835820895524,0.2537383699700106,1.3793035289900665e-10,0.2537383696996671,0.25373837024035406,0.24365991052350378,3.4674633721119565e-06,0.24365311429529443,0.24366670675171312
18,step,step_r_30_eta_0.001,42018,14,200,14,132,0.24243136363636356,5.902621766432102e-18,0.24243136363636356,0.24243136363636356,0.2424313774023341,1.5903916418558573e-10,0.24243137709061732,0.24243137771405085,0.23328203427980476,3.6064376843075448e-06,0.23327496566194353,0.233289102897666
18,step,step_r_30_eta_0.001,42018,15,200,15,130,0.23077646153846146,5.902621766432102e-18,0.23077646153846146,0.23077646153846146,0.23077647753075448,1.8409182210111586e-10,0.2307764771699345,0.23077647789157446,0.2225268011028841,3.5373394374434813e-06,0.22251986791758668,0.2225337342881815
18,step,step_r_30_eta_0.001,42018,16,200,16,128,0.21875734375000008,5.902621766432102e-18,0.21875734375000008,0.21875734375000008,0.21875736240546872,2.0920187800507157e-10,0.21875736199543305,0.2187573628155044,0.21137375602334563,3.4175463012990543e-06,0.21136705763259508,0.21138045441409617
18,step,step_r_30_eta_0.001,42018,17,200,17,126,0.20635666666666672,3.935081177621402e-18,0.20635666666666672,0.20635666666666672,0.20635668874575175,2.720757532643584e-10,0.20635668821248326,0.20635668927902023,0.19980165635608768,3.3134426979868714e-06,0.19979516200839964,0.19980815070377572
18,step,step_r_30_eta_0.001,42018,18,200,18,124,0.19355596774193543,3.935081177621402e-18,0.19355596774193543,0.19355596774193543,0.19355599390905184,3.577877770453358e-10,0.1935559932077878,0.1935559946103159,0.18779387582760512,3.167152376799211e-06,0.1877876682089466,0.18780008344626364
18,step,step_r_30_eta_0.001,42018,19,200,19,122,0.18033557377049184,1.967540588810701e-18,0.18033557377049184,0.18033557377049184,0.1803356051728213,5.044842447728487e-10,0.1803356041840322,0.1803356061616104,0.17532527352984204,2.843476652797246e-06,0.17531970031560254,0.17533084674408153
18,step,step_r_30_eta_0.001,42018,20,200,20,120,0.16667450000000003,1.967540588810701e-18,0.16667450000000003,0.16667450000000003,0.16667453790106254,6.904401621760951e-10,0.16667453654779982,0.16667453925432527,0.16237746453596869,2.566685781526742e-06,0.1623724338318369,0.16238249524010048
18,step,step_r_30_eta_0.001,42018,21,200,21,118,0.15255033898305087,1.967540588810701e-18,0.15255033898305087,0.15255033898305087,0.15255038534251392,9.174246996802536e-10,0.1525503835443615,0.15255038714066632,0.1489185770878312,2.418325126602303e-06,0.14891383717058307,0.14892331700507935
18,step,step_r_30_eta_0.001,42018,22,200,22,116,0.13793913793103446,1.967540588810701e-18,0.13793913793103446,0.13793913793103446,0.137939196513799,1.510217373063506e-09,0.13793919355377293,0.13793919947382505,0.13492816143580597,2.4450238347817607e-06,0.1349233691890898,0.13493295368252214
18,step,step_r_30_eta_0.001,42018,23,200,23,114,0.12281526315789472,9.837702944053505e-19,0.12281526315789472,0.12281526315789472,0.12281534265801419,3.4017029233641784e-09,0.12281533599067647,0.12281534932535192,0.12037782479010083,2.1627621594028467e-06,0.1203735857762684,0.12038206380393325
18,step,step_r_30_eta_0.001,42018,24,200,24,112,0.10715125,0.0,0.10715125,0.10715125,0.107151360047324,5.176788715386019e-09,0.10715134990081812,0.10715137019382989,0.1052372544363,1.9935700196504028e-06,0.10523334703906148,0.10524116183353852
18,step,step_r_30_eta_0.001,42018,25,200,25,110,0.09091763636363638,9.837702944053505e-19,0.09091763636363638,0.09091763636363638,0.09091779698398128,1.017708446187982e-08,0.09091777703689574,0.09091781693106682,0.08947354459200393,1.7074614491492883e-06,0.0894701979675636,0.08947689121644427
18,step,step_r_30_eta_0.001,42018,26,200,26,108,0.07408277777777776,9.837702944053505e-19,0.07408277777777776,0.07408277777777776,0.07408304933498455,2.0104324630085664e-08,0.07408300993050827,0.07408308873946083,0.07305188739466217,1.4106479637454488e-06,0.07304912252465323,0.07305465226467112
18,step,step_r_30_eta_0.001,42018,27,200,27,106,0.05661264150943394,1.4756554416080256e-18,0.05661264150943394,0.05661264150943394,0.05661347577548023,2.1795649693306155e-07,0.05661304858074624,0.05661390297021422,0.05593513788791194,1.1736339604939138e-06,0.05593283756534937,0.05593743821047451
18,step,step_r_30_eta_0.001,42018,28,200,28,104,0.03847057692307693,4.918851472026753e-19,0.03847057692307693,0.03847057692307693,0.038473933292241275,7.939071010611685e-07,0.038472377234323195,0.038475489350159355,0.03808606410786455,1.1288054967080703e-06,0.038083851649091005,0.0380882765666381
18,step,step_r_30_eta_0.001,42018,29,200,29,102,0.019617058823529408,2.4594257360133763e-19,0.019617058823529408,0.019617058823529408,0.019707827638729806,3.416329736081094e-05,0.019640867575902617,0.019774787701556995,0.019540768667469594,3.35352051526215e-05,0.019475039665370456,0.01960649766956873
18,step,step_r_30_eta_0.001,42018,30,200,30,100,9.400000000000096e-06,1.2008914726627814e-22,9.400000000000096e-06,9.400000000000096e-06,0.0020650446845368233,0.00034610953017612424,0.0013866700053916199,0.0027434193636820267,0.0020372921806241563,0.00034334792986907923,0.001364330238080761,0.0027102541231675513
18,step,step_r_30_eta_0.001,42018,31,200,31,98,9.57142857142867e-06,1.2008914726627814e-22,9.57142857142867e-06,9.57142857142867e-06,0.00014759236676498258,8.650616004676524e-05,0.0,0.00031714444045664246,0.00013657191101421339,8.579458023296593e-05,0.0,0.0003047292882708266
18,step,step_r_30_eta_0.001,42018,32,200,32,96,9.750000000000101e-06,0.0,9.750000000000101e-06,9.750000000000101e-06,2.1898022025381345e-05,7.060245218759787e-06,8.059941396612164e-06,3.5736102654150525e-05,1.2225799500139767e-05,6.962471704545912e-06,0.0,2.5872244041049754e-05
18,step,step_r_30_eta_0.001,42018,33,200,33,94,9.936170212766061e-06,1.2008914726627814e-22,9.936170212766061e-06,9.936170212766061e-06,1.089945846212964e-05,1.7712429688165376e-07,1.0552294840241599e-05,1.1246622084017683e-05,1.3583806677053138e-06,1.6475095126724617e-07,1.0354688032215113e-06,1.6812925321891163e-06
18,step,step_r_30_eta_0.001,42018,34,200,34,92,1.01304347826088e-05,0.0,1.01304347826088e-05,1.01304347826088e-05,1.058365432378216e-05,7.463900411375413e-08,1.0437361875719201e-05,1.0729946771845119e-05,9.55767634563256e-07,6.718545200653928e-08,8.240841486304391e-07,1.087451120496073e-06
18,step,step_r_30_eta_0.001,42018,35,200,35,90,1.033333333333344e-05,0.0,1.033333333333344e-05,1.033333333333344e-05,1.0555189616327078e-05,1.4227554612522661e-08,1.0527303609286533e-05,1.0583075623367623e-05,8.069897417317385e-07,1.1302549975557246e-08,7.848367437796464e-07,8.291427396838307e-07
18,step,step_r_30_eta_0.001,42018,36,200,36,88,1.054545454545465e-05,2.401782945325563e-22,1.054545454545465e-05,1.054545454545465e-05,1.0702810174453797e-05,5.3475581393647824e-09,1.0692328960500641e-05,1.0713291388406953e-05,8.029236421627081e-07,3.3230041572855044e-09,7.964105540144285e-07,8.094367303109877e-07
18,step,step_r_30_eta_0.001,42018,37,200,37,86,1.0767441860465225e-05,1.2008914726627814e-22,1.0767441860465225e-05,1.0767441860465225e-05,1.0896192020769086e-05,3.4271982590104294e-09,1.0889474712181425e-05,1.0902909329356747e-05,8.262622626816987e-07,1.816145738670369e-09,8.227026170339048e-07,8.298219083294927e-07
18,step,step_r_30_eta_0.001,42018,38,200,38,84,1.1000000000000115e-05,1.2008914726627814e-22,1.1000000000000115e-05,1.1000000000000115e-05,1.110749953694973e-05,2.778222189426981e-09,1.1102054221458454e-05,1.1112944852441007e-05,8.563215581660765e-07,1.4350274266957725e-09,8.535089044097528e-07,8.591342119224002e-07
18,step,step_r_30_eta_0.001,42018,39,200,39,82,1.1243902439024506e-05,1.2008914726627814e-22,1.1243902439024506e-05,1.1243902439024506e-05,1.1338980732056898e-05,2.3835440642397967e-09,1.1334308985690988e-05,1.1343652478422808e-05,8.926191684394288e-07,1.2005378045763968e-09,8.902661143424591e-07,8.949722225363986e-07
18,step,step_r_30_eta_0.001,42018,40,200,40,80,1.1500000000000117e-05,0.0,1.1500000000000117e-05,1.1500000000000117e-05,1.1584289549546159e-05,1.5571167341779817e-09,1.158123760074717e-05,1.1587341498345147e-05,9.315289922599328e-07,6.328809627245335e-10,9.302885455729928e-07,9.327694389468729e-07
18,step,step_r_30_eta_0.001,42018,41,200,41,78,1.1769230769230889e-05,0.0,1.1769230769230889e-05,1.1769230769230889e-05,1.1845761206933738e-05,1.1309614132343526e-09,1.1843544522563798e-05,1.1847977891303678e-05,9.740159578365912e-07,3.7315903413823685e-10,9.732845661296803e-07,9.747473495435022e-07
18,step,step_r_30_eta_0.001,42018,42,200,42,76,1.2052631578947489e-05,1.2008914726627814e-22,1.2052631578947489e-05,1.2052631578947489e-05,1.2122796560217577e-05,9.502248193942259e-10,1.2120934119571564e-05,1.212465900086359e-05,1.0194624762223004e-06,2.8181517815504643e-10,1.0189101184731166e-06,1.0200148339714842e-06
18,step,step_r_30_eta_0.001,42018,43,200,43,74,1.235135135135148e-05,2.401782945325563e-22,1.235135135135148e-05,1.235135135135148e-05,1.2416731151844253e-05,8.344325695429758e-10,1.2415095664007949e-05,1.2418366639680557e-05,1.0679603765960705e-06,2.39212175988212e-10,1.0674915207311335e-06,1.0684292324610074e-06
18,step,step_r_30_eta_0.001,42018,44,200,44,72,1.2666666666666794e-05,0.0,1.2666666666666794e-05,1.2666666666666794e-05,1.2728214324759296e-05,7.4294309815368e-10,1.2726758156286915e-05,1.2729670493231677e-05,1.1193639571362273e-06,2.0500129721043047e-10,1.1189621545936949e-06,1.1197657596787597e-06
18,step,step_r_30_eta_0.001,42018,45,200,45,70,1.300000000000013e-05,0.0,1.300000000000013e-05,1.300000000000013e-05,1.3058087431320738e-05,6.743375033506734e-10,1.3056765729814171e-05,1.3059409132827304e-05,1.1737933567738416e-06,1.8586231621056256e-10,1.1734290666340688e-06,1.1741576469136144e-06
18,step,step_r_30_eta_0.001,42018,46,200,46,68,1.3352941176470722e-05,0.0,1.3352941176470722e-05,1.3352941176470722e-05,1.340836670305901e-05,6.29013134255768e-10,1.340713383731587e-05,1.3409599568802152e-05,1.231577281500738e-06,1.7353043171320778e-10,1.2312371618545802e-06,1.2319174011468958e-06
18,step,step_r_30_eta_0.001,42018,47,200,47,66,1.3727272727272863e-05,1.2008914726627814e-22,1.3727272727272863e-05,1.3727272727272863e-05,1.378063023304838e-05,5.281906641289833e-10,1.3779594979346686e-05,1.3781665486750073e-05,1.2928766377406871e-06,1.2573416543307406e-10,1.2926301987764382e-06,1.293123076704936e-06
18,step,step_r_30_eta_0.001,42018,48,200,48,64,1.412500000000014e-05,0.0,1.412500000000014e-05,1.412500000000014e-05,1.4176579353533114e-05,4.742549748150376e-10,1.4175649813782477e-05,1.4177508893283751e-05,1.358010087462138e-06,1.0643887963734609e-10,1.3578014672580489e-06,1.3582187076662272e-06
18,step,step_r_30_eta_0.001,42018,49,200,49,62,1.454838709677434e-05,1.2008914726627814e-22,1.454838709677434e-05,1.454838709677434e-05,1.4598490756399323e-05,4.500404565736515e-10,1.4597608677104439e-05,1.4599372835694206e-05,1.427326524745828e-06,9.7722951744717e-11,1.4271349877604082e-06,1.4275180617312476e-06
18,step,step_r_30_eta_0.001,42018,50,200,50,60,1.5000000000000148e-05,0.0,1.5000000000000148e-05,1.5000000000000148e-05,1.5048708867218727e-05,3.971386765790757e-10,1.5047930475412633e-05,1.5049487259024822e-05,1.5011539915736708e-06,8.111455419556934e-11,1.5009950070474475e-06,1.5013129760998942e-06
18,step,step_r_30_eta_0.001,42018,51,200,51,58,1.5482758620689805e-05,2.401782945325563e-22,1.5482758620689805e-05,1.5482758620689805e-05,1.553035945585106e-05,3.563283976933839e-10,1.552966105219158e-05,1.553105785951054e-05,1.5800128689011653e-06,6.893677604755341e-11,1.5798777528201122e-06,1.5801479849822185e-06
18,step,step_r_30_eta_0.001,42018,52,200,52,56,1.6000000000000152e-05,2.401782945325563e-22,1.6000000000000152e-05,1.6000000000000152e-05,1.604675867526709e-05,3.362015747841441e-10,1.6046099720180513e-05,1.6047417630353664e-05,1.6644205723482192e-06,6.271104728407185e-11,1.6642976586955424e-06,1.664543486000896e-06
18,step,step_r_30_eta_0.001,42018,53,200,53,54,1.6555555555555715e-05,2.401782945325563e-22,1.6555555555555715e-05,1.6555555555555715e-05,1.6601589780092127e-05,3.125600650813705e-10,1.6600977162364567e-05,1.6602202397819687e-05,1.754966959988384e-06,5.749576019744108e-11,1.754854268298397e-06,1.7550796516783708e-06
18,step,step_r_30_eta_0.001,42018,54,200,54,52,1.715384615384632e-05,0.0,1.715384615384632e-05,1.715384615384632e-05,1.7199373053053627e-05,2.9899048742376426e-10,1.7198787031698277e-05,1.7199959074408977e-05,1.8523823764183615e-06,5.3529745678854705e-11,1.8522774581168308e-06,1.8524872947198922e-06
18,step,step_r_30_eta_0.001,42018,55,200,55,50,1.780000000000017e-05,2.401782945325563e-22,1.780000000000017e-05,1.780000000000017e-05,1.7845264427989348e-05,2.9024546414049546e-10,1.784469554687963e-05,1.7845833309099065e-05,1.9574827192200587e-06,5.3090369950881693e-11,1.957378662094955e-06,1.9575867763451625e-06
18,step,step_r_30_eta_0.001,42018,56,200,56,48,1.850000000000018e-05,0.0,1.850000000000018e-05,1.850000000000018e-05,1.854515458705741e-05,2.7870502282165054e-10,1.854460832521268e-05,1.8545700848902143e-05,2.071199666405566e-06,5.017781276160968e-11,2.0711013178925533e-06,2.071298014918579e-06
18,step,step_r_30_eta_0.001,42018,57,200,57,46,1.9260869565217577e-05,0.0,1.9260869565217577e-05,1.9260869565217577e-05,1.9306014478746125e-05,2.743538393716247e-10,1.9305476745220957e-05,1.9306552212271293e-05,2.194644405682047e-06,5.040842199904865e-11,2.194545605174929e-06,2.1947432061891655e-06
18,step,step_r_30_eta_0.001,42018,58,200,58,44,2.0090909090909284e-05,0.0,2.0090909090909284e-05,2.0090909090909284e-05,2.0136113334646408e-05,2.563504095669874e-10,2.0135610887843657e-05,2.013661578144916e-05,2.329130456131414e-06,4.789325550033809e-11,2.329036585350633e-06,2.3292243269121948e-06
18,step,step_r_30_eta_0.001,42018,59,200,59,42,2.1000000000000206e-05,2.401782945325563e-22,2.1000000000000206e-05,2.1000000000000206e-05,2.1045495576540504e-05,2.497477543533363e-10,2.1045006070941973e-05,2.1045985082139035e-05,2.4762775640511128e-06,4.9261311811348066e-11,2.4761810118799626e-06,2.476374116222263e-06
18,step,step_r_30_eta_0.001,42018,60,200,60,40,2.200000000000021e-05,0.0,2.200000000000021e-05,2.200000000000021e-05,2.2045972406438357e-05,2.433086472362625e-10,2.2045495521489773e-05,2.204644929138694e-05,2.6379746991135073e-06,4.950501033104969e-11,2.6378776692932584e-06,2.638071728933756e-06
18,step,step_r_30_eta_0.001,42018,61,200,61,38,2.3105263157894954e-05,2.401782945325563e-22,2.3105263157894954e-05,2.3105263157894954e-05,2.3151916332655688e-05,2.363727866444625e-10,2.3151453041993866e-05,2.315237962331751e-05,2.8164965369519784e-06,4.998662962709048e-11,2.816398563157909e-06,2.8165945107460476e-06
18,step,step_r_30_eta_0.001,42018,62,200,62,36,2.4333333333333563e-05,0.0,2.4333333333333563e-05,2.4333333333333563e-05,2.438086699240098e-05,2.3381947491376266e-10,2.4380408706230152e-05,2.438132527857181e-05,3.0146258061569685e-06,5.1149498409118846e-11,3.0145255531400865e-06,3.0147260591738504e-06
18,step,step_r_30_eta_0.001,42018,63,200,63,34,2.5705882352941422e-05,2.401782945325563e-22,2.5705882352941422e-05,2.5705882352941422e-05,2.5754570234810276e-05,2.339623096816564e-10,2.57541116686833e-05,2.575502880093725e-05,3.2358650812070903e-06,5.327710914615638e-11,3.235760658073164e-06,3.2359695043410167e-06
18,step,step_r_30_eta_0.001,42018,64,200,64,32,2.7250000000000256e-05,0.0,2.7250000000000256e-05,2.7250000000000256e-05,2.7300049165257524e-05,2.436903022188605e-10,2.7299571532265176e-05,2.7300526798249872e-05,3.4845343497083417e-06,5.7291588329031286e-11,3.4844220581952168e-06,3.4846466412214667e-06
18,step,step_r_30_eta_0.001,42018,65,200,65,30,2.900000000000027e-05,0.0,2.900000000000027e-05,2.900000000000027e-05,2.9051676703613084e-05,2.444881117415637e-10,2.905119750691407e-05,2.90521559003121e-05,3.766087024252923e-06,5.7778420512730487e-11,3.765973778548718e-06,3.766200269957128e-06
18,step,step_r_30_eta_0.001,42018,66,200,66,28,3.100000000000028e-05,4.803565890651126e-22,3.100000000000028e-05,3.100000000000028e-05,3.105361974394403e-05,2.4965083096300645e-10,3.105313042831535e-05,3.105410905957272e-05,4.087596249342967e-06,6.121190237773301e-11,4.087476274014307e-06,4.087716224671627e-06
18,step,step_r_30_eta_0.001,42018,67,200,67,26,3.330769230769262e-05,0.0,3.330769230769262e-05,3.330769230769262e-05,3.336373701331834e-05,2.4701242632963545e-10,3.3363252868962734e-05,3.336422115767395e-05,4.458271194550528e-06,6.319207874700445e-11,4.458147338076184e-06,4.458395051024872e-06
18,step,step_r_30_eta_0.001,42018,68,200,68,24,3.600000000000033e-05,0.0,3.600000000000033e-05,3.600000000000033e-05,3.6058919450020114e-05,2.5210419775997513e-10,3.60584253257925e-05,3.6059413574247726e-05,4.890402163052588e-06,6.736738576876432e-11,4.890270122976481e-06,4.890534203128695e-06
18,step,step_r_30_eta_0.001,42018,69,200,69,22,3.918181818181854e-05,4.803565890651126e-22,3.918181818181854e-05,3.918181818181854e-05,3.924422534915904e-05,2.6495702577546437e-10,3.9243706033388516e-05,3.924474466492956e-05,5.40074815847129e-06,7.105729006805539e-11,5.4006088861827565e-06,5.400887430759824e-06
18,step,step_r_30_eta_0.001,42018,70,200,70,20,4.30000000000004e-05,4.803565890651126e-22,4.30000000000004e-05,4.30000000000004e-05,4.306668345383002e-05,2.7315052778464004e-10,4.306614807879556e-05,4.306721882886448e-05,6.012762796760077e-06,7.42760657783091e-11,6.012617215671152e-06,6.012908377849002e-06
18,step,step_r_30_eta_0.001,42018,71,200,71,18,4.766666666666711e-05,4.803565890651126e-22,4.766666666666711e-05,4.766666666666711e-05,4.773862874175607e-05,2.9731635259704105e-10,4.773804600170498e-05,4.773921148180716e-05,6.76034754790079e-06,8.35691717467055e-11,6.760183752324167e-06,6.760511343477413e-06
18,step,step_r_30_eta_0.001,42018,72,200,72,16,5.3500000000000494e-05,4.803565890651126e-22,5.3500000000000494e-05,5.3500000000000494e-05,5.3578847885908945e-05,3.152688328548169e-10,5.357822995899655e-05,5.357946581282134e-05,7.694372946103615e-06,9.356899121277157e-11,7.694189550880838e-06,7.694556341326392e-06
18,step,step_r_30_eta_0.001,42018,73,200,73,14,6.100000000000054e-05,9.607131781302251e-22,6.100000000000054e-05,6.100000000000054e-05,6.10876883504119e-05,3.4524841190956565e-10,6.108701166352456e-05,6.108836503729924e-05,8.894688811222148e-06,1.0641026662316224e-10,8.894480247099566e-06,8.89489737534473e-06
18,step,step_r_30_eta_0.001,42018,74,200,74,12,7.100000000000064e-05,0.0,7.100000000000064e-05,7.100000000000064e-05,7.109971749831523e-05,3.851277241203561e-10,7.109896264797596e-05,7.11004723486545e-05,1.0494474170159461e-05,1.2560150524252586e-10,1.0494227991209186e-05,1.0494720349109736e-05
18,step,step_r_30_eta_0.001,42018,75,200,75,10,8.500000000000077e-05,0.0,8.500000000000077e-05,8.500000000000077e-05,8.511662283322253e-05,4.3665874943992375e-10,8.511576698207362e-05,8.511747868437143e-05,1.2733394791728715e-05,1.471394195177295e-10,1.273310639846646e-05,1.273368318499097e-05
18,step,step_r_30_eta_0.001,42018,76,200,76,8,0.00010600000000000095,0.0,0.00010600000000000095,0.00010600000000000095,0.00010614206858240216,5.178576227179201e-10,0.00010614105358146163,0.00010614308358334268,1.609070794514742e-05,1.854335520661296e-10,1.609034449538537e-05,1.609107139490947e-05
19,step,step_r_30_eta_0.05,42019,0,200,0,160,0.38968749999999985,0.0,0.38968749999999985,0.38968749999999985,0.3896875000000003,0.0,0.3896875000000003,0.3896875000000003,0.31698483522873167,7.870162355242804e-18,0.31698483522873167,0.31698483522873167
19,step,step_r_30_eta_0.05,42019,1,200,1,158,0.3819620253164554,7.870162355242804e-18,0.3819620253164554,0.3819620253164554,0.3820320322322972,1.909229551178547e-06,0.3820282901423769,0.3820357743222175,0.31102118716439286,1.4185038988116744e-06,0.3110184068967512,0.31102396743203453
19,step,step_r_30_eta_0.05,42019,2,200,2,156,0.3740384615384614,0.0,0.3740384615384614,0.3740384615384614,0.3741842307836915,2.969320193375836e-06,0.3741784109161125,0.37419005065127053,0.30485672157820803,2.092341245255885e-06,0.30485262058936735,0.3048608225670487
19,step,step_r_30_eta_0.05,42019,3,200,3,154,0.36590909090909074,0.0,0.36590909090909074,0.36590909090909074,0.3661418148602465,4.290648659502112e-06,0.3661334051888739,0.3661502245316191,0.2984900296012224,2.64546816843655e-06,0.29848484448361223,0.29849521471883256
19,step,step_r_30_eta_0.05,42019,4,200,4,152,0.35756578947368395,7.870162355242804e-18,0.35756578947368395,0.35756578947368395,0.35789865119609293,5.7887045764131435e-06,0.35788730533512314,0.3579099970570627,0.29190700329325814,3.174640810941612e-06,0.2919007809972687,0.2919132255892476
19,step,step_r_30_eta_0.05,42019,5,200,5,150,0.34899999999999987,3.935081177621402e-18,0.34899999999999987,0.34899999999999987,0.34944639289966983,7.082233526497438e-06,0.3494325117219579,0.3494602740773818,0.2851044935794916,3.64227052517933e-06,0.28509735472926223,0.28511163242972093
19,step,step_r_30_eta_0.05,42019,6,200,6,148,0.3402027027027025,3.935081177621402e-18,0.3402027027027025,0.3402027027027025,0.3407866970551976,9.071903871119996e-06,0.3407689161236102,0.340804477986785,0.27807665289206507,4.234860599126434e-06,0.2780683525652908,0.27808495321883936
19,step,step_r_30_eta_0.05,42019,7,200,7,146,0.33116438356164357,3.935081177621402e-18,0.33116438356164357,0.33116438356164357,0.33189354113674086,1.0542919757845913e-05,0.33187287701401547,0.33191420525946624,0.27081039821295233,4.889492788909331e-06,0.27080081480708607,0.2708199816188186
19,step,step_r_30_eta_0.05,42019,8,200,8,144,0.32187499999999986,3.935081177621402e-18,0.32187499999999986,0.32187499999999986,0.32278590471088003,1.2806810094454392e-05,0.32276080336309493,0.32281100605866514,0.2633072066777449,6.043683585676487e-06,0.26329536105791695,0.2633190522975728
19,step,step_r_30_eta_0.05,42019,9,200,9,142,0.3123239436619717,3.935081177621402e-18,0.3123239436619717,0.3123239436619717,0.3134443726362811,1.560797586507866e-05,0.3134137810035856,0.31347496426897664,0.25555515191673667,7.390246408394697e-06,0.2555406670337762,0.25556963679969713
19,step,step_r_30_eta_0.05,42019,10,200,10,140,0.30249999999999977,3.935081177621402e-18,0.30249999999999977,0.30249999999999977,0.3038760906395953,1.876619669276379e-05,0.3038393088940775,0.3039128723851131,0.24755028406515606,8.941498700959878e-06,0.24753275872770217,0.24756780940260995
19,step,step_r_30_eta_0.05,42019,11,200,11,138,0.2923913043478259,0.0,0.2923913043478259,0.2923913043478259,0.2940619159794559,2.183849011626996e-05,0.294019112538828,0.2941047194200838,0.23928930799851575,1.1364729436207093e-05,0.23926703312882078,0.23931158286821072
19,step,step_r_30_eta_0.05,42019,12,200,12,136,0.28198529411764683,0.0,0.28198529411764683,0.28198529411764683,0.2840483488438133,2.8224431377508963e-05,0.2839930289583134,0.2841036687293132,0.23078579548712524,1.606660092034012e-05,0.23075430494932136,0.23081728602492912
19,step,step_r_30_eta_0.05,42019,13,200,13,134,0.27126865671641776,3.935081177621402e-18,0.27126865671641776,0.27126865671641776,0.2737739769180063,3.8384314448180416e-05,0.2736987436616879,0.27384921017432473,0.2220098687188209,2.4236236275879158e-05,0.22196236569572017,0.2220573717419216
19,step,step_r_30_eta_0.05,42019,14,200,14,132,0.2602272727272725,3.935081177621402e-18,0.2602272727272725,0.2602272727272725,0.2632518860318536,4.911044660766412e-05,0.2631556295565026,0.2633481425072046,0.21296283550435455,3.2569683328011463e-05,0.21289899892503164,0.21302667208367745
19,step,step_r_30_eta_0.05,42019,15,200,15,130,0.24884615384615358,3.935081177621402e-18,0.24884615384615358,0.24884615384615358,0.25247663719724217,5.824423571555902e-05,0.2523624784952397,0.25259079589924466,0.20363789344105546,3.991004077840968e-05,0.20355966976112977,0.20371611712098114
19,step,step_r_30_eta_0.05,42019,16,200,16,128,0.2371093749999998,0.0,0.2371093749999998,0.2371093749999998,0.24142774787081392,6.708932624021511e-05,0.2412962527913831,0.24155924295024475,0.19402435233612142,4.7541076303891446e-05,0.1939311718265658,0.19411753284567704
19,step,step_r_30_eta_0.05,42019,17,200,17,126,0.22499999999999976,1.967540588810701e-18,0.22499999999999976,0.22499999999999976,0.23022094748528169,8.354339170849913e-05,0.23005720243753303,0.23038469253303034,0.18420077506235347,6.125891687351647e-05,0.18408070758528136,0.18432084253942557
19,step,step_r_30_eta_0.05,42019,18,200,18,124,0.2124999999999998,1.967540588810701e-18,0.2124999999999998,0.2124999999999998,0.2188346265695368,0.00010069375767023662,0.21863726680450316,0.21903198633457047,0.17415575372858633,7.627332177110879e-05,0.17400625801791494,0.1743052494392577
19,step,step_r_30_eta_0.05,42019,19,200,19,122,0.19959016393442602,1.967540588810701e-18,0.19959016393442602,0.19959016393442602,0.2073355571132367,0.00012252737995301647,0.20709540344852878,0.20757571077794462,0.16395178234239022,9.594572096516469e-05,0.1637637287292985,0.16413983595548193
19,step,step_r_30_eta_0.05,42019,20,200,20,120,0.18624999999999978,0.0,0.18624999999999978,0.18624999999999978,0.1958609464984482,0.00016030606911242458,0.19554674660298785,0.19617514639390857,0.15370068451264218,0.00013038533223126868,0.1534451292614689,0.15395623976381548
19,step,step_r_30_eta_0.05,42019,21,200,21,118,0.1724576271186438,3.935081177621402e-18,0.1724576271186438,0.1724576271186438,0.18427162822481158,0.00019682250616558195,0.18388585611272704,0.18465740033689612,0.14329333025881857,0.00016320800991911165,0.1429734425593771,0.14361321795826004
19,step,step_r_30_eta_0.05,42019,22,200,22,116,0.15818965517241357,0.0,0.15818965517241357,0.15818965517241357,0.17269294417259154,0.00023233571423081595,0.17223756617269914,0.17314832217248394,0.13284823724865663,0.00019478167192144762,0.13246646517169058,0.13323000932562268
19,step,step_r_30_eta_0.05,42019,23,200,23,114,0.1434210526315787,0.0,0.1434210526315787,0.1434210526315787,0.16124313928355272,0.0002641789668533117,0.16072534850852022,0.16176093005858522,0.12247594779260455,0.00022488928461631146,0.12203516479475658,0.12291673079045252
19,step,step_r_30_eta_0.05,42019,24,200,24,112,0.1281249999999998,1.967540588810701e-18,0.1281249999999998,0.1281249999999998,0.14993144005487713,0.00030706812514291005,0.14932958652959702,0.15053329358015724,0.11216403809796355,0.0002644245359483525,0.11164576600750478,0.11268231018842231
19,step,step_r_30_eta_0.05,42019,25,200,25,110,0.11227272727272705,1.967540588810701e-18,0.11227272727272705,0.11227272727272705,0.1385071138573567,0.00033324666098188824,0.1378539504018322,0.1391602773128812,0.10171767746692777,0.0002895356611361625,0.10115018757110089,0.10228516736275464
19,step,step_r_30_eta_0.05,42019,26,200,26,108,0.09583333333333308,9.837702944053505e-19,0.09583333333333308,0.09583333333333308,0.12793901566099694,0.0003818756142540714,0.12719053945705897,0.12868749186493492,0.0920015032461933,0.0003349082292911394,0.09134508311678266,0.09265792337560394
19,step,step_r_30_eta_0.05,42019,27,200,27,106,0.07877358490566012,0.0,0.07877358490566012,0.07877358490566012,0.1179674893776469,0.0004034009859128082,0.11717682344525779,0.118758155310036,0.08278740486360929,0.00035755726694881987,0.0820865926203896,0.08348821710682898
19,step,step_r_30_eta_0.05,42019,28,200,28,104,0.06105769230769205,4.918851472026753e-19,0.06105769230769205,0.06105769230769205,0.1082565920653453,0.00044919341182543966,0.10737617297816744,0.10913701115252315,0.07379009337908214,0.00040054007138757934,0.07300503483916249,0.0745751519190018
19,step,step_r_30_eta_0.05,42019,29,200,29,102,0.042647058823529135,0.0,0.042647058823529135,0.042647058823529135,0.09901114907782457,0.0004758869646177781,0.09807841062717373,0.09994388752847541,0.06518593713016281,0.0004264471698399216,0.06435010067727656,0.06602177358304906
19,step,step_r_30_eta_0.05,42019,30,200,30,100,0.023499999999999722,0.0,0.023499999999999722,0.023499999999999722,0.0908158027406331,0.0004919460487450254,0.08985158848509285,0.09178001699617334,0.057514896370545195,0.0004424738528103525,0.0566476476190369,0.05838214512205349
19,step,step_r_30_eta_0.05,42019,31,200,31,98,0.02392857142857114,4.918851472026753e-19,0.02392857142857114,0.02392857142857114,0.08334319989726344,0.0004935718209855308,0.0823757991281318,0.08431060066639508,0.050495147244969625,0.00044416478903777407,0.04962458425845559,0.05136571023148366
19,step,step_r_30_eta_0.05,42019,32,200,32,96,0.024374999999999706,4.918851472026753e-19,0.024374999999999706,0.024374999999999706,0.07688314955544662,0.0004806521791560669,0.07594107128430072,0.07782522782659251,0.04437368166788046,0.00043315223431791735,0.043524703288617336,0.04522266004714358
19,step,step_r_30_eta_0.05,42019,33,200,33,94,0.024840425531914602,0.0,0.024840425531914602,0.024840425531914602,0.07101098196968808,0.00046688734880211927,0.07009588276603593,0.07192608117334023,0.03876604604278641,0.00042067263854138245,0.037941527671245305,0.03959056441432752
19,step,step_r_30_eta_0.05,42019,34,200,34,92,0.025326086956521436,2.4594257360133763e-19,0.025326086956521436,0.025326086956521436,0.06629059909227546,0.0004471276110662798,0.06541422897458554,0.06716696920996537,0.034219196206600605,0.00040227022677177663,0.033430746562127925,0.035007645851073285
19,step,step_r_30_eta_0.05,42019,35,200,35,90,0.025833333333333038,7.378277208040128e-19,0.025833333333333038,0.025833333333333038,0.06233943597776486,0.0004031945804670833,0.061549174600049376,0.06312969735548034,0.030335253922912375,0.00036155533077120963,0.029626605474600803,0.031043902371223946
19,step,step_r_30_eta_0.05,42019,36,200,36,88,0.02636363636363605,2.4594257360133763e-19,0.02636363636363605,0.02636363636363605,0.05846199674226277,0.0003738218594060687,0.05772930589782687,0.059194687586698665,0.02651125765003626,0.0003335930106696756,0.025857415349123697,0.027165099950948825
19,step,step_r_30_eta_0.05,42019,37,200,37,86,0.026918604651162473,0.0,0.026918604651162473,0.026918604651162473,0.05567816345748077,0.00034850298580707274,0.05499509760529891,0.056361229309662635,0.023662963258677908,0.0003093948988986391,0.023056549256836575,0.02426937726051924
19,step,step_r_30_eta_0.05,42019,38,200,38,84,0.027499999999999688,7.378277208040128e-19,0.027499999999999688,0.027499999999999688,0.053185185249823214,0.0003239880463054939,0.052550168679064445,0.05382020182058198,0.021061926247361345,0.0002858460345251003,0.020501668019692148,0.021622184475030542
19,step,step_r_30_eta_0.05,42019,39,200,39,82,0.028109756097560654,4.918851472026753e-19,0.028109756097560654,0.028109756097560654,0.05132300441411381,0.0002917511307478613,0.050751172197848006,0.051894836630379616,0.019013064386526682,0.00025669778638881454,0.018509936725204606,0.019516192047848758
19,step,step_r_30_eta_0.05,42019,40,200,40,80,0.02874999999999966,2.4594257360133763e-19,0.02874999999999966,0.02874999999999966,0.04978428884941644,0.0002683438162322266,0.04925833496960128,0.050310242729231604,0.01722559661828132,0.00023462735142406707,0.01676572700949015,0.017685466227072493
19,step,step_r_30_eta_0.05,42019,41,200,41,78,0.02942307692307657,7.378277208040128e-19,0.02942307692307657,0.02942307692307657,0.04839447639394654,0.00022057659045253522,0.047962146276659574,0.04882680651123351,0.015545868982911559,0.000191700059737551,0.015170136865825959,0.015921601099997157
19,step,step_r_30_eta_0.05,42019,42,200,42,76,0.03013157894736807,2.4594257360133763e-19,0.03013157894736807,0.03013157894736807,0.047549920350833205,0.00020524549053511085,0.04714763918938439,0.04795220151228202,0.01433067480786168,0.00017697019797654519,0.013983813219827652,0.014677536395895708
19,step,step_r_30_eta_0.05,42019,43,200,43,74,0.030878378378378032,7.378277208040128e-19,0.030878378378378032,0.030878378378378032,0.04696303374455143,0.0001976335842657701,0.04657567191939052,0.047350395569712336,0.013317839065809169,0.00016971046649565526,0.012985206551477684,0.013650471580140653
19,step,step_r_30_eta_0.05,42019,44,200,44,72,0.031666666666666295,4.918851472026753e-19,0.031666666666666295,0.031666666666666295,0.04642807608452097,0.00017132685211470127,0.04609227545437616,0.04676387671466579,0.01231837150301024,0.00014562697120957995,0.012032942639439463,0.012603800366581016
19,step,step_r_30_eta_0.05,42019,45,200,45,70,0.03249999999999963,4.918851472026753e-19,0.03249999999999963,0.03249999999999963,0.04614882742737161,0.00015280226824845977,0.04584933498160462,0.04644831987313859,0.01151310695844666,0.00012842251332241257,0.011261398832334731,0.011764815084558587
19,step,step_r_30_eta_0.05,42019,46,200,46,68,0.033382352941176086,0.0,0.033382352941176086,0.033382352941176086,0.04603628037497533,0.0001331713186534204,0.04577526459041462,0.04629729615953603,0.010818473441174679,0.0001093767749644246,0.010604094962244407,0.01103285192010495
19,step,step_r_30_eta_0.05,42019,47,200,47,66,0.034318181818181415,4.918851472026753e-19,0.034318181818181415,0.034318181818181415,0.046305740132278464,0.00012434046537454724,0.04606203282014435,0.04654944744441258,0.010410748084847977,0.00010110307477632714,0.010212586058286375,0.010608910111409579
19,step,step_r_30_eta_0.05,42019,48,200,48,64,0.03531249999999958,9.837702944053505e-19,0.03531249999999958,0.03531249999999958,0.04667214186236973,0.00011622435787495019,0.04644434212093483,0.04689994160380463,0.010044937097800778,9.382227195048108e-05,0.009861045444777835,0.010228828750823721
19,step,step_r_30_eta_0.05,42019,49,200,49,62,0.03637096774193506,4.918851472026753e-19,0.03637096774193506,0.03637096774193506,0.04717612583587192,0.00011037338707682614,0.04695979399720134,0.0473924576745425,0.00974840795146561,8.827832252768662e-05,0.009575382439311345,0.009921433463619875
19,step,step_r_30_eta_0.05,42019,50,200,50,60,0.037499999999999575,4.918851472026753e-19,0.037499999999999575,0.037499999999999575,0.04779386158430547,9.852464738385134e-05,0.04760075327543312,0.04798696989317782,0.00949752176871612,7.7606840714856e-05,0.009345412360915002,0.009649631176517239
19,step,step_r_30_eta_0.05,42019,51,200,51,58,0.03870689655172371,9.837702944053505e-19,0.03870689655172371,0.03870689655172371,0.04859514344466982,8.996610877808682e-05,0.04841880987146477,0.048771477017874876,0.009347499592626889,6.984952471218137e-05,0.009210594524191014,0.009484404661062764
19,step,step_r_30_eta_0.05,42019,52,200,52,56,0.039999999999999536,4.918851472026753e-19,0.039999999999999536,0.039999999999999536,0.049544108749295296,8.648593518738586e-05,0.04937459631632802,0.04971362118226257,0.009260983469580415,6.703252637079571e-05,0.009129599717893655,0.009392367221267175
19,step,step_r_30_eta_0.05,42019,53,200,53,54,0.04138888888888842,0.0,0.04138888888888842,0.04138888888888842,0.05064686062107288,8.057812184234924e-05,0.05048892750226188,0.050804793739883884,0.00923317650736357,6.14625225530457e-05,0.0091127099631596,0.00935364305156754
19,step,step_r_30_eta_0.05,42019,54,200,54,52,0.0428846153846149,4.918851472026753e-19,0.0428846153846149,0.0428846153846149,0.051889150935088,7.581857389518146e-05,0.051740546530253444,0.05203775533992256,0.009243462895918743,5.726219632392485e-05,0.00913122899112385,0.009355696800713636
19,step,step_r_30_eta_0.05,42019,55,200,55,50,0.0444999999999995,0.0,0.0444999999999995,0.0444999999999995,0.053294861757023464,7.09349991739326e-05,0.05315582915864256,0.05343389435540437,0.009303911204236397,5.2570412384529844e-05,0.009200873195962718,0.009406949212510075
19,step,step_r_30_eta_0.05,42019,56,200,56,48,0.046249999999999465,9.837702944053505e-19,0.046249999999999465,0.046249999999999465,0.054889094935166104,6.871069029186266e-05,0.05475442198219405,0.055023767888138155,0.009427497817001284,5.045537336216862e-05,0.009328605285211435,0.009526390348791134
19,step,step_r_30_eta_0.05,42019,57,200,57,46,0.048152173913042925,4.918851472026753e-19,0.048152173913042925,0.048152173913042925,0.05668695465275256,6.67911069211669e-05,0.05655604408318707,0.05681786522231805,0.009611136904860942,4.8797045589611595e-05,0.009515494695505304,0.009706779114216581
19,step,step_r_30_eta_0.05,42019,58,200,58,44,0.050227272727272156,4.918851472026753e-19,0.050227272727272156,0.050227272727272156,0.05865214899688774,6.225867287987386e-05,0.05853012199804319,0.05877417599573229,0.009812456958445216,4.467100137659281e-05,0.009724901795747094,0.009900012121143338
19,step,step_r_30_eta_0.05,42019,59,200,59,42,0.05249999999999943,1.4756554416080256e-18,0.05249999999999943,0.05249999999999943,0.060892053543376685,6.027598584753903e-05,0.06077391261111551,0.06101019447563786,0.010098071825629036,4.238538513394423e-05,0.010014996470766506,0.010181147180491566
19,step,step_r_30_eta_0.05,42019,60,200,60,40,0.054999999999999376,4.918851472026753e-19,0.054999999999999376,0.054999999999999376,0.06338444773359402,5.862141799062176e-05,0.0632695497543324,0.06349934571285563,0.010432661973537205,4.087721463891507e-05,0.010352542632844932,0.010512781314229478
19,step,step_r_30_eta_0.05,42019,61,200,61,38,0.05776315789473619,4.918851472026753e-19,0.05776315789473619,0.05776315789473619,0.06616089659903697,5.633019057001608e-05,0.06605048942551973,0.0662713037725542,0.010819522988749759,3.858528800345376e-05,0.01074389582426299,0.010895150153236529
19,step,step_r_30_eta_0.05,42019,62,200,62,36,0.060833333333332636,1.4756554416080256e-18,0.060833333333332636,0.060833333333332636,0.06926761981979107,5.4445500840378344e-05,0.06916090663814393,0.06937433300143821,0.011263416206990052,3.6559795770842776e-05,0.0111917590072792,0.011335073406700903
19,step,step_r_30_eta_0.05,42019,63,200,63,34,0.06426470588235222,0.0,0.06426470588235222,0.06426470588235222,0.07277180719213161,5.248760547005925e-05,0.07266893148541029,0.07287468289885293,0.011781837411907817,3.473536619704608e-05,0.011713756094161606,0.011849918729654027
19,step,step_r_30_eta_0.05,42019,64,200,64,32,0.06812499999999921,1.967540588810701e-18,0.06812499999999921,0.06812499999999921,0.07673964042274402,5.153992168703591e-05,0.07663862217623743,0.0768406586692506,0.012382466743375281,3.364117325334912e-05,0.012316530043798717,0.012448403442951846
19,step,step_r_30_eta_0.05,42019,65,200,65,30,0.0724999999999992,9.837702944053505e-19,0.0724999999999992,0.0724999999999992,0.08128667063245112,5.329279381929622e-05,0.0811822167565653,0.08139112450833695,0.013100528741279783,3.457097890100988e-05,0.013032769622633803,0.013168287859925762
19,step,step_r_30_eta_0.05,42019,66,200,66,28,0.07749999999999913,9.837702944053505e-19,0.07749999999999913,0.07749999999999913,0.0865254592457155,5.337639580543766e-05,0.08642084150993684,0.08663007698149416,0.013950469325110477,3.433029829872614e-05,0.013883181940444973,0.01401775670977598
19,step,step_r_30_eta_0.05,42019,67,200,67,26,0.08326923076922986,9.837702944053505e-19,0.08326923076922986,0.08326923076922986,0.09263197333923612,5.476852366668143e-05,0.09252462703284942,0.09273931964562282,0.014970781663948971,3.501758461599047e-05,0.01490214719810163,0.015039416129796312
19,step,step_r_30_eta_0.05,42019,68,200,68,24,0.08999999999999898,1.967540588810701e-18,0.08999999999999898,0.08999999999999898,0.09971405396083034,5.566467831024241e-05,0.09960495119134227,0.09982315673031841,0.016130926957843367,3.5168684079132526e-05,0.016061996337048266,0.01619985757863847
19,step,step_r_30_eta_0.05,42019,69,200,69,22,0.09795454545454438,0.0,0.09795454545454438,0.09795454545454438,0.10814634036749844,5.776167010550552e-05,0.10803312749409165,0.10825955324090523,0.017543386665887936,3.606958801427097e-05,0.017472690273379964,0.01761408305839591
19,step,step_r_30_eta_0.05,42019,70,200,70,20,0.10749999999999883,9.837702944053505e-19,0.10749999999999883,0.10749999999999883,0.1182829014405492,5.999787654846215e-05,0.11816530560251422,0.11840049727858419,0.019248815868159422,3.702661505722512e-05,0.01917624370264726,0.019321388033671585
19,step,step_r_30_eta_0.05,42019,71,200,71,18,0.11916666666666532,2.951310883216051e-18,0.11916666666666532,0.11916666666666532,0.13075090394595748,6.475522481496155e-05,0.13062398370532016,0.1308778241865948,0.021385696735821948,3.980274963024795e-05,0.02130768334654666,0.021463710125097235
19,step,step_r_30_eta_0.05,42019,72,200,72,16,0.1337499999999985,1.967540588810701e-18,0.1337499999999985,0.1337499999999985,0.14634049148927614,6.983383729444558e-05,0.14620361716817903,0.14647736581037324,0.02405662620087434,4.273585075078813e-05,0.023972863933402793,0.024140388468345885
19,step,step_r_30_eta_0.05,42019,73,200,73,14,0.15249999999999833,0.0,0.15249999999999833,0.15249999999999833,0.1664232562131634,7.45476388444442e-05,0.1662771428410283,0.1665693695852985,0.027513522468100238,4.5248141272530306e-05,0.027424836111206077,0.0276022088249944
19,step,step_r_30_eta_0.05,42019,74,200,74,12,0.17749999999999802,3.935081177621402e-18,0.17749999999999802,0.17749999999999802,0.19318530227280747,8.017271858277066e-05,0.19302816374438525,0.1933424408012297,0.032110566420433695,4.772681110890435e-05,0.032017021870660245,0.032204110970207145
19,step,step_r_30_eta_0.05,42019,75,200,75,10,0.2124999999999977,0.0,0.2124999999999977,0.2124999999999977,0.2307341802632712,9.080259755559187e-05,0.23055620717206224,0.23091215335448015,0.03859512958384438,5.325107044416555e-05,0.03849075748577382,0.038699501681914945
19,step,step_r_30_eta_0.05,42019,76,200,76,8,0.26499999999999707,3.935081177621402e-18,0.26499999999999707,0.26499999999999707,0.2870881011686558,0.00010834710215491238,0.28687574084843215,0.28730046148887944,0.048338348851927594,6.238305250623614e-05,0.04821607806901537,0.048460619634839816
20,step,step_r_30_eta_0.1,42020,0,200,0,160,0.4337499999999993,0.0,0.4337499999999993,0.4337499999999993,0.4337499999999998,3.935081177621402e-18,0.4337499999999998,0.4337499999999998,0.2843798760981472,3.935081177621402e-18,0.2843798760981472,0.2843798760981472
20,step,step_r_30_eta_0.1,42020,1,200,1,158,0.426582278481012,0.0,0.426582278481012,0.426582278481012,0.427127061115708,1.306604248088674e-05,0.42710145167244545,0.4271526705589705,0.2792795153521393,4.8683309040913685e-06,0.2792699734235673,0.2792890572807113
20,step,step_r_30_eta_0.1,42020,2,200,2,156,0.4192307692307686,3.935081177621402e-18,0.4192307692307686,0.4192307692307686,0.42038997825619967,1.9924181055877655e-05,0.42035092686133013,0.4204290296510692,0.2740386878504145,8.1356598910613e-06,0.274022741957028,0.274054633743801
20,step,step_r_30_eta_0.1,42020,3,200,3,154,0.411688311688311,0.0,0.411688311688311,0.411688311688311,0.41352941755632633,2.8135378459257034e-05,0.4134742722145462,0.41358456289810647,0.26865376600583246,1.249210809517092e-05,0.2686292814739659,0.268678250537699
20,step,step_r_30_eta_0.1,42020,4,200,4,152,0.40394736842105194,0.0,0.40394736842105194,0.40394736842105194,0.40659661478511766,3.6471132646521666e-05,0.40652513136513047,0.40666809820510486,0.2631439355330807,1.765510912691645e-05,0.2631093315191919,0.26317853954696946
20,step,step_r_30_eta_0.1,42020,5,200,5,150,0.3959999999999993,0.0,0.3959999999999993,0.3959999999999993,0.3995316638643024,4.605652135159242e-05,0.39944139308245324,0.39962193464615153,0.2574852422025209,2.3529794417623184e-05,0.25743912380546236,0.25753136059957943
20,step,step_r_30_eta_0.1,42020,6,200,6,148,0.3878378378378371,0.0,0.3878378378378371,0.3878378378378371,0.39235998161564467,5.525325455634074e-05,0.3922516852367142,0.3924682779945751,0.25168705070724884,2.9765214435683112e-05,0.2516287108869549,0.2517453905275428
20,step,step_r_30_eta_0.1,42020,7,200,7,146,0.37945205479451977,3.935081177621402e-18,0.37945205479451977,0.37945205479451977,0.38508881153744084,6.539419201485735e-05,0.3849606389210917,0.38521698415378997,0.245750675252184,3.7073966954751216e-05,0.24567801027695269,0.2458233402274153
20,step,step_r_30_eta_0.1,42020,8,200,8,144,0.37083333333333257,0.0,0.37083333333333257,0.37083333333333257,0.3777217953796507,7.586845238236476e-05,0.37757309321298127,0.3778704975463202,0.23968726300401413,4.460654548961754e-05,0.23959983417485448,0.2397746918331738
20,step,step_r_30_eta_0.1,42020,9,200,9,142,0.3619718309859147,3.935081177621402e-18,0.3619718309859147,0.3619718309859147,0.3703190734508432,8.868007845718702e-05,0.3701452604970671,0.3704928864046193,0.23352169776294812,5.398723710075681e-05,0.23341588277823064,0.2336275127476656
20,step,step_r_30_eta_0.1,42020,10,200,10,140,0.3528571428571422,7.870162355242804e-18,0.3528571428571422,0.3528571428571422,0.3627426966608698,0.00010074505148509688,0.362545236359959,0.36294015696178056,0.22718070375517335,6.31914063504277e-05,0.22705684859872652,0.22730455891162019
20,step,step_r_30_eta_0.1,42020,11,200,11,138,0.34347826086956446,0.0,0.34347826086956446,0.34347826086956446,0.3552465363271517,0.00011869332470038738,0.3550138974107389,0.3554791752435645,0.2208361020596061,7.756448594012903e-05,0.22068407566716344,0.22098812845204877
20,step,step_r_30_eta_0.1,42020,12,200,12,136,0.3338235294117639,0.0,0.3338235294117639,0.3338235294117639,0.34757564494447885,0.00013094433840858812,0.34731899404119804,0.34783229584775965,0.2143011871567642,8.777351308293485e-05,0.21412915107112163,0.21447322324240675
20,step,step_r_30_eta_0.1,42020,13,200,13,134,0.3238805970149245,3.935081177621402e-18,0.3238805970149245,0.3238805970149245,0.33992144964050347,0.00015525792199740766,0.33961714411338856,0.3402257551676184,0.20772397478151666,0.00010745198653533442,0.20751336888790742,0.2079345806751259
20,step,step_r_30_eta_0.1,42020,14,200,14,132,0.31363636363636277,3.935081177621402e-18,0.31363636363636277,0.31363636363636277,0.33236367245117604,0.00017232528597570286,0.3320259148906637,0.3327014300116884,0.2011534472111473,0.00012138871172845754,0.20091552533615953,0.20139136908613509
20,step,step_r_30_eta_0.1,42020,15,200,15,130,0.3030769230769223,3.935081177621402e-18,0.3030769230769223,0.3030769230769223,0.3245881566071174,0.00019254548596292438,0.32421076745463007,0.3249655457596047,0.19436765532540343,0.00013773352969874688,0.1940976976071939,0.19463761304361296
20,step,step_r_30_eta_0.1,42020,16,200,16,128,0.2921874999999991,3.935081177621402e-18,0.2921874999999991,0.2921874999999991,0.3168937099490128,0.00021528961004574953,0.3164717423133231,0.31731567758470247,0.18757567778936704,0.00015588727884984345,0.18727013872282133,0.18788121685591275
20,step,step_r_30_eta_0.1,42020,17,200,17,126,0.28095238095238007,3.935081177621402e-18,0.28095238095238007,0.28095238095238007,0.3089046063337159,0.00024542978399321326,0.3084235639570892,0.30938564871034263,0.18050704943129792,0.00017997176895542425,0.1801543047641453,0.18085979409845054
20,step,step_r_30_eta_0.1,42020,18,200,18,124,0.2693548387096766,3.935081177621402e-18,0.2693548387096766,0.2693548387096766,0.3014975006512394,0.00027090825717237274,0.3009665204671816,0.30202848083529726,0.17383077690396223,0.00020120366795400006,0.1734364177147724,0.17422513609315207
20,step,step_r_30_eta_0.1,42020,19,200,19,122,0.2573770491803269,3.935081177621402e-18,0.2573770491803269,0.2573770491803269,0.29405783480719483,0.0003034385652214319,0.2934630952193608,0.29465257439502884,0.1670852422072177,0.00022870489766168835,0.1666369806078008,0.16753350380663462
20,step,step_r_30_eta_0.1,42020,20,200,20,120,0.2449999999999991,1.967540588810701e-18,0.2449999999999991,0.2449999999999991,0.2866396256365969,0.0003300577501945835,0.2859927124462155,0.2872865388269783,0.16029693286757957,0.00025159561699627126,0.15980380545826686,0.16079006027689227
20,step,step_r_30_eta_0.1,42020,21,200,21,118,0.23220338983050756,1.967540588810701e-18,0.23220338983050756,0.23220338983050756,0.2793684074830264,0.000348664702387341,0.2786850246663472,0.28005179029970556,0.15358262592021904,0.0002688204561740072,0.15305573782611798,0.1541095140143201
20,step,step_r_30_eta_0.1,42020,22,200,22,116,0.21896551724137844,5.902621766432102e-18,0.21896551724137844,0.21896551724137844,0.2724123103021652,0.00037513129006854726,0.2716770529736308,0.27314756763069953,0.1470695350746514,0.0002911079970949114,0.14649896340034538,0.14764010674895742
20,step,step_r_30_eta_0.1,42020,23,200,23,114,0.2052631578947359,1.967540588810701e-18,0.2052631578947359,0.2052631578947359,0.26577200585936783,0.00041116949153871643,0.26496611365595196,0.2665778980627837,0.14076321440632705,0.00032193908985444673,0.14013221379021235,0.14139421502244176
20,step,step_r_30_eta_0.1,42020,24,200,24,112,0.19107142857142762,1.967540588810701e-18,0.19107142857142762,0.19107142857142762,0.2592685224329567,0.00043516095419678867,0.258415606962731,0.26012143790318243,0.13453669082533587,0.00034234179913783075,0.13386570089902572,0.13520768075164602
20,step,step_r_30_eta_0.1,42020,25,200,25,110,0.17636363636363533,1.967540588810701e-18,0.17636363636363533,0.17636363636363533,0.2531409724611477,0.00047033558321141477,0.2522191147180533,0.2540628302042421,0.12856554671648981,0.0003723138051759376,0.12783581165834498,0.12929528177463465
20,step,step_r_30_eta_0.1,42020,26,200,26,108,0.16111111111111007,0.0,0.16111111111111007,0.16111111111111007,0.24718463144179414,0.0004831859998835123,0.24623758688202246,0.24813167600156583,0.12268191897587827,0.00038404854687761655,0.12192918382399814,0.12343465412775839
20,step,step_r_30_eta_0.1,42020,27,200,27,106,0.1452830188679235,1.967540588810701e-18,0.1452830188679235,0.1452830188679235,0.2413861843073885,0.0005006880462922981,0.2404048357366556,0.2423675328781214,0.11689274207803223,0.0003996046096917261,0.11610951704303644,0.11767596711302801
20,step,step_r_30_eta_0.1,42020,28,200,28,104,0.12884615384615272,3.935081177621402e-18,0.12884615384615272,0.12884615384615272,0.23618992217326196,0.0005185906549526964,0.23517348448955466,0.23720635985696925,0.11155227534446684,0.0004162654882685,0.11073639498746057,0.1123681557014731
20,step,step_r_30_eta_0.1,42020,29,200,29,102,0.11176470588235186,9.837702944053505e-19,0.11176470588235186,0.11176470588235186,0.2311839952577664,0.0005162184904841436,0.23017220701641747,0.23219578349911532,0.10632595793346258,0.0004141648080886831,0.10551419490960877,0.1071377209573164
20,step,step_r_30_eta_0.1,42020,30,200,30,100,0.09399999999999889,0.0,0.09399999999999889,0.09399999999999889,0.22639500553749506,0.0005234848491448443,0.22536897523317118,0.22742103584181894,0.101231624055889,0.0004225820821077621,0.10040336317495778,0.10205988493682021
20,step,step_r_30_eta_0.1,42020,31,200,31,98,0.09571428571428456,1.967540588810701e-18,0.09571428571428456,0.09571428571428456,0.22215490748375438,0.0005281576046578176,0.22111971857862506,0.2231900963888837,0.09654435217448717,0.0004275391051685593,0.0957063755283568,0.09738232882061755
20,step,step_r_30_eta_0.1,42020,32,200,32,96,0.09749999999999882,1.967540588810701e-18,0.09749999999999882,0.09749999999999882,0.21805616247456291,0.0005221266452133416,0.21703279424994476,0.21907953069918107,0.09191773408412927,0.00042300056428790333,0.09108865297812499,0.09274681519013356
20,step,step_r_30_eta_0.1,42020,33,200,33,94,0.09936170212765841,0.0,0.09936170212765841,0.09936170212765841,0.21477800646331852,0.000529937940272663,0.2137393281003841,0.21581668482625294,0.08791409144920326,0.00042896678758810733,0.08707331654553056,0.08875486635287595
20,step,step_r_30_eta_0.1,42020,34,200,34,92,0.10130434782608574,9.837702944053505e-19,0.10130434782608574,0.10130434782608574,0.21178600332693662,0.0005385113669126832,0.21073052104778775,0.21284148560608548,0.08410594162852704,0.0004374725700679875,0.08324849539119378,0.0849633878658603
20,step,step_r_30_eta_0.1,42020,35,200,35,90,0.10333333333333215,2.951310883216051e-18,0.10333333333333215,0.10333333333333215,0.2092154313280141,0.0005465118065555286,0.20814426818716525,0.21028659446886294,0.08058881862994197,0.00044440399028350706,0.0797177868089863,0.08145985045089764
20,step,step_r_30_eta_0.1,42020,36,200,36,88,0.1054545454545442,9.837702944053505e-19,0.1054545454545442,0.1054545454545442,0.20656309475694606,0.0005396351471796639,0.20550540986847393,0.2076207796454182,0.07693841522021423,0.00043742981807510514,0.07608105277678702,0.07779577766364144
20,step,step_r_30_eta_0.1,42020,37,200,37,86,0.1076744186046499,0.0,0.1076744186046499,0.1076744186046499,0.20469332086161296,0.0005461261562872117,0.20362291359529003,0.2057637281279359,0.07387151413374074,0.00044371050400256385,0.07300184154589572,0.07474118672158576
20,step,step_r_30_eta_0.1,42020,38,200,38,84,0.10999999999999875,2.951310883216051e-18,0.10999999999999875,0.10999999999999875,0.20298958365949357,0.0005421998087656604,0.20192687203431287,0.20405229528467428,0.07087052083902728,0.0004403735970845226,0.07000738858874161,0.07173365308931295
20,step,step_r_30_eta_0.1,42020,39,200,39,82,0.11243902439024261,1.967540588810701e-18,0.11243902439024261,0.11243902439024261,0.2018670262456849,0.0005259748570299367,0.20083611552590622,0.20289793696546357,0.06826218136409039,0.00042608320519010585,0.06742705828191778,0.069097304446263
20,step,step_r_30_eta_0.1,42020,40,200,40,80,0.11499999999999864,9.837702944053505e-19,0.11499999999999864,0.11499999999999864,0.20093040076177165,0.0005043158239688726,0.19994194174679267,0.20191885977675064,0.0657292850717948,0.0004069162737118691,0.06493172917531954,0.06652684096827007
20,step,step_r_30_eta_0.1,42020,41,200,41,78,0.11769230769230628,2.951310883216051e-18,0.11769230769230628,0.11769230769230628,0.20079895170286072,0.0005028026461460135,0.19981345851641452,0.2017844448893069,0.06376823101511828,0.0004044352936834494,0.06297553783949872,0.06456092419073783
20,step,step_r_30_eta_0.1,42020,42,200,42,76,0.12052631578947227,9.837702944053505e-19,0.12052631578947227,0.12052631578947227,0.2007422324490892,0.00047787791090287665,0.19980559174371956,0.20167887315445884,0.06177685704651054,0.00038305690291781647,0.06102606551679162,0.06252764857622946
20,step,step_r_30_eta_0.1,42020,43,200,43,74,0.12351351351351213,2.951310883216051e-18,0.12351351351351213,0.12351351351351213,0.20104637593176192,0.0004596821855833209,0.2001453988480186,0.20194735301550523,0.05997781149311485,0.0003666978864318994,0.05925908363570833,0.06069653935052138
20,step,step_r_30_eta_0.1,42020,44,200,44,72,0.12666666666666518,1.967540588810701e-18,0.12666666666666518,0.12666666666666518,0.20161758110933004,0.00044318399477167133,0.20074894047957756,0.2024862217390825,0.05828187480356784,0.0003522682478462981,0.0575914290377891,0.058972320569346585
20,step,step_r_30_eta_0.1,42020,45,200,45,70,0.12999999999999853,1.967540588810701e-18,0.12999999999999853,0.12999999999999853,0.20269385919988486,0.00041309570353143205,0.20188419162096324,0.20350352677880648,0.056868946925407435,0.0003277298469768264,0.056226596425332856,0.057511297425482014
20,step,step_r_30_eta_0.1,42020,46,200,46,68,0.13352941176470434,0.0,0.13352941176470434,0.13352941176470434,0.2042722338163467,0.00040676884013669904,0.20347496688967878,0.20506950074301464,0.05573366083173546,0.0003207767921275887,0.05510493831916539,0.05636238334430554
20,step,step_r_30_eta_0.1,42020,47,200,47,66,0.13727272727272566,1.967540588810701e-18,0.13727272727272566,0.13727272727272566,0.20620480108310008,0.00039635921454920625,0.20542793702258363,0.20698166514361652,0.05474668782344372,0.0003110954164056269,0.05413694080728869,0.05535643483959875
20,step,step_r_30_eta_0.1,42020,48,200,48,64,0.14124999999999832,3.935081177621402e-18,0.14124999999999832,0.14124999999999832,0.20848048746692904,0.0003842540560893297,0.20772734951699395,0.20923362541686413,0.053867829712697796,0.00030010723927255926,0.05327961952372358,0.05445603990167201
20,step,step_r_30_eta_0.1,42020,49,200,49,62,0.14548387096774024,1.967540588810701e-18,0.14548387096774024,0.14548387096774024,0.21131021264341407,0.0003804970460244533,0.21056443843320613,0.212055986853622,0.05327660434363613,0.000296043098830919,0.05269635986992753,0.05385684881734473
20,step,step_r_30_eta_0.1,42020,50,200,50,60,0.1499999999999983,1.967540588810701e-18,0.1499999999999983,0.1499999999999983,0.21442605572258855,0.0003692727966830786,0.2137022810410897,0.2151498304040874,0.05269672529331174,0.00028518461119650884,0.05213776345536659,0.0532556871312569
20,step,step_r_30_eta_0.1,42020,51,200,51,58,0.15482758620689485,3.935081177621402e-18,0.15482758620689485,0.15482758620689485,0.21819744554502699,0.0003638216067100332,0.21748435519587533,0.21891053589417864,0.05244417697956104,0.00027968816867494185,0.05189598816895815,0.05299236579016393
20,step,step_r_30_eta_0.1,42020,52,200,52,56,0.15999999999999814,1.967540588810701e-18,0.15999999999999814,0.15999999999999814,0.22239866494462632,0.00036136210648035817,0.22169039521592482,0.22310693467332782,0.05228510551629832,0.0002757892082651284,0.05174455866809867,0.052825652364497974
20,step,step_r_30_eta_0.1,42020,53,200,53,54,0.16555555555555368,0.0,0.16555555555555368,0.16555555555555368,0.2270588205545204,0.00035865277249049935,0.226355861120439,0.22776177998860178,0.052240868377059796,0.00027190367824322394,0.051707937167703076,0.052773799586416516
20,step,step_r_30_eta_0.1,42020,54,200,54,52,0.1715384615384596,1.967540588810701e-18,0.1715384615384596,0.1715384615384596,0.2324604149194529,0.0003516352268207139,0.2317712098748843,0.2331496199640215,0.052483463797975506,0.00026441711956153843,0.05196520624363489,0.05300172135231612
20,step,step_r_30_eta_0.1,42020,55,200,55,50,0.177999999999998,0.0,0.177999999999998,0.177999999999998,0.2384881679348485,0.00035146051367760056,0.23779930532804042,0.2391770305416566,0.05290172429526432,0.0002637156278754103,0.05238484166462851,0.05341860692590012
20,step,step_r_30_eta_0.1,42020,56,200,56,48,0.18499999999999786,3.935081177621402e-18,0.18499999999999786,0.18499999999999786,0.2451805926320999,0.00034609783751301534,0.2445022408705744,0.2458589443936254,0.05348149386618177,0.0002577632235844378,0.05297627794795627,0.05398670978440727
20,step,step_r_30_eta_0.1,42020,57,200,57,46,0.1926086956521717,1.967540588810701e-18,0.1926086956521717,0.1926086956521717,0.2528074944300735,0.00034436129026872627,0.2521325463011468,0.2534824425590002,0.05438621643762009,0.0002544946457885206,0.05388740693187459,0.054885025943365584
20,step,step_r_30_eta_0.1,42020,58,200,58,44,0.20090909090908862,1.967540588810701e-18,0.20090909090908862,0.20090909090908862,0.26108613192631963,0.00034575189404893367,0.26040845821398373,0.26176380563865553,0.055331651996689504,0.00025209437786146663,0.05483754701608103,0.055825756977297976
20,step,step_r_30_eta_0.1,42020,59,200,59,42,0.20999999999999772,5.902621766432102e-18,0.20999999999999772,0.20999999999999772,0.2704695026038725,0.0003402021699148301,0.2698027063508394,0.27113629885690554,0.05661706797973832,0.00024722773203484283,0.056132501624950024,0.05710163433452661
20,step,step_r_30_eta_0.1,42020,60,200,60,40,0.2199999999999975,1.967540588810701e-18,0.2199999999999975,0.2199999999999975,0.28066777866560616,0.0003364499252765783,0.28000833681206405,0.28132722051914827,0.05793528632655775,0.0002420234872394298,0.05746092029156847,0.05840965236154703
20,step,step_r_30_eta_0.1,42020,61,200,61,38,0.23105263157894476,1.967540588810701e-18,0.23105263157894476,0.23105263157894476,0.29229431477698853,0.00033058382650585173,0.29164637047703706,0.29294225907694,0.05965843025060677,0.00023610283302868422,0.059195668697870546,0.060121191803342994
20,step,step_r_30_eta_0.1,42020,62,200,62,36,0.24333333333333054,5.902621766432102e-18,0.24333333333333054,0.24333333333333054,0.3053527108549964,0.0003342023373943815,0.30469767427370337,0.3060077474362894,0.06166931498795468,0.0002370529298728138,0.06120469124540397,0.06213393873050539
20,step,step_r_30_eta_0.1,42020,63,200,63,34,0.2570588235294089,0.0,0.2570588235294089,0.2570588235294089,0.32025779982514313,0.00033301841243543376,0.31960508373676966,0.3209105159135166,0.06415927135411088,0.00023458981120197975,0.063699475324155,0.06461906738406677
20,step,step_r_30_eta_0.1,42020,64,200,64,32,0.27249999999999686,7.870162355242804e-18,0.27249999999999686,0.27249999999999686,0.3371972969343644,0.00034209282617569275,0.33652679499506005,0.33786779887366875,0.06706929342573889,0.0002398725402668857,0.06659914324681579,0.06753944360466199
20,step,step_r_30_eta_0.1,42020,65,200,65,30,0.2899999999999968,3.935081177621402e-18,0.2899999999999968,0.2899999999999968,0.356438060705546,0.0003439009668760512,0.35576401481046893,0.3571121066006231,0.07040298789629695,0.0002397146328588462,0.06993314721589361,0.0708728285767003
20,step,step_r_30_eta_0.1,42020,66,200,66,28,0.3099999999999965,3.935081177621402e-18,0.3099999999999965,0.3099999999999965,0.37859494931292786,0.00035215277453413317,0.37790472987484097,0.37928516875101476,0.07433310674167352,0.00024468154027597794,0.07385353092273261,0.07481268256061444
20,step,step_r_30_eta_0.1,42020,67,200,67,26,0.33307692307691944,3.935081177621402e-18,0.33307692307691944,0.33307692307691944,0.4042647595768566,0.00035985522618426236,0.40355944333353544,0.40497007582017774,0.078948484752695,0.0002481413682634595,0.07846212767089862,0.07943484183449138
20,step,step_r_30_eta_0.1,42020,68,200,68,24,0.35999999999999593,7.870162355242804e-18,0.35999999999999593,0.35999999999999593,0.4346314844843963,0.00038661716415781637,0.433873714842647,0.43538925412614565,0.08462025033091378,0.0002658448687882811,0.08409919438808874,0.08514130627373881
20,step,step_r_30_eta_0.1,42020,69,200,69,22,0.3918181818181775,0.0,0.3918181818181775,0.3918181818181775,0.47048828121662395,0.00040605357307154033,0.46969241621340374,0.47128414621984416,0.09129438786482309,0.0002755687333195158,0.09075427314751684,0.09183450258212934
20,step,step_r_30_eta_0.1,42020,70,200,70,20,0.42999999999999533,3.935081177621402e-18,0.42999999999999533,0.42999999999999533,0.5136644161716803,0.00042545175615757517,0.5128305307296115,0.5144983016137492,0.09940576466173624,0.0002852008300866082,0.0988467710347665,0.09996475828870599
20,step,step_r_30_eta_0.1,42020,71,200,71,18,0.4766666666666613,1.1805243532864205e-17,0.4766666666666613,0.4766666666666613,0.5666379965459302,0.00045218270213807845,0.5657517184497395,0.5675242746421209,0.10946603944961719,0.0003015082596442933,0.10887508326071438,0.11005699563852
20,step,step_r_30_eta_0.1,42020,72,200,72,16,0.534999999999994,7.870162355242804e-18,0.534999999999994,0.534999999999994,0.6328552768142045,0.00048446412635213014,0.6319057271265544,0.6338048265018547,0.12202960743465799,0.0003198326565229058,0.1214027354278731,0.12265647944144288
20,step,step_r_30_eta_0.1,42020,73,200,73,14,0.6099999999999933,0.0,0.6099999999999933,0.6099999999999933,0.7182434734886395,0.0005252967345899963,0.7172138918888431,0.7192730550884359,0.13835664383444052,0.000342734442315935,0.13768488432750128,0.13902840334137975
20,step,step_r_30_eta_0.1,42020,74,200,74,12,0.7099999999999921,1.5740324710485608e-17,0.7099999999999921,0.7099999999999921,0.8323864502523601,0.0005946031041421265,0.8312210281682416,0.8335518723364786,0.16033615685688798,0.0003866186070462182,0.1595783843870774,0.16109392932669858
20,step,step_r_30_eta_0.1,42020,75,200,75,10,0.8499999999999908,0.0,0.8499999999999908,0.8499999999999908,0.9924839579513883,0.0006956904697814337,0.9911204046306167,0.99384751127216,0.19130923140052158,0.00045117039660351184,0.1904249374231787,0.19219352537786447
20,step,step_r_30_eta_0.1,42020,76,200,76,8,1.0599999999999883,1.5740324710485608e-17,1.0599999999999883,1.0599999999999883,1.2326750503266266,0.0008315653472965919,1.2310451822459252,1.234304918407328,0.2377699497009412,0.0005363023783802483,0.23671879703931592,0.23882110236256648
21,misspecified,smooth_elbow,42021,0,200,0,160,0.2714265626914561,3.935081177621402e-18,0.2714265626914561,0.2714265626914561,0.2714265626914561,3.935081177621402e-18,0.2714265626914561,0.2714265626914561,0.23847091361305098,3.935081177621402e-18,0.23847091361305098,0.23847091361305098
21,misspecified,smooth_elbow,42021,1,200,1,158,0.2622041141179303,3.935081177621402e-18,0.2622041141179303,0.2622041141179303,0.2648911361414652,5.217322837540165e-05,0.2647888766138494,0.264993395669081,0.2330233067421235,4.6745715511657004e-05,0.23293168513972065,0.23311492834452632
21,misspecified,smooth_elbow,42021,2,200,2,156,0.2527463943069543,3.935081177621402e-18,0.2527463943069543,0.2527463943069543,0.25833698711161124,7.49871769985401e-05,0.2581900122446941,0.25848396197852835,0.22753235467546584,6.742211644848466e-05,0.22740020732722682,0.22766450202370486
21,misspecified,smooth_elbow,42021,3,200,3,154,0.24304829224604554,1.967540588810701e-18,0.24304829224604554,0.24304829224604554,0.25166798862139883,9.113520893225781e-05,0.2514893636118916,0.25184661363090605,0.2219175289495484,8.243582055302233e-05,0.22175595474126447,0.2220791031578323
21,misspecified,smooth_elbow,42021,4,200,4,152,0.23310933825024985,1.967540588810701e-18,0.23310933825024985,0.23310933825024985,0.2449113064034213,0.00010510176253638344,0.24470530694884998,0.2451173058579926,0.216199801470597,9.510420694279938e-05,0.2160133972249891,0.2163862057162049
21,misspecified,smooth_elbow,42021,5,200,5,150,0.22293592709228957,3.935081177621402e-18,0.22293592709228957,0.22293592709228957,0.23821328968827182,0.0001226324044981512,0.23797293017545545,0.2384536492010882,0.21050923195805166,0.0001112257300449894,0.21029122952716348,0.21072723438893984
21,misspecified,smooth_elbow,42021,6,200,6,148,0.21254355742311978,3.935081177621402e-18,0.21254355742311978,0.21254355742311978,0.23142225651380122,0.0001379651115888855,0.231151844895087,0.23169266813251543,0.20471031217919303,0.00012552558442866803,0.20446428203371284,0.20495634232467322
21,misspecified,smooth_elbow,42021,7,200,7,146,0.20195892443061683,5.902621766432102e-18,0.20195892443061683,0.20195892443061683,0.22463763065918255,0.00015216464520792947,0.224339387954575,0.2249358733637901,0.19889463974084315,0.00013869848523741617,0.1986227907097778,0.19916648877190848
21,misspecified,smooth_elbow,42021,8,200,8,144,0.1912216164983502,3.935081177621402e-18,0.1912216164983502,0.1912216164983502,0.21771338581565175,0.00016030122657090015,0.2173991954115728,0.2180275762197307,0.19292744454767988,0.0001463985518444169,0.1926405033860648,0.19321438570929494
21,misspecified,smooth_elbow,42021,9,200,9,142,0.180385089548623,1.967540588810701e-18,0.180385089548623,0.180385089548623,0.21098247391012642,0.00016957855531659515,0.2106500999417059,0.21131484787854696,0.18711502651359446,0.00015529517266021044,0.18681064797518046,0.18741940505200846
21,misspecified,smooth_elbow,42021,10,200,10,140,0.16951655721444367,1.967540588810701e-18,0.16951655721444367,0.16951655721444367,0.2040683089395183,0.0001795404790107918,0.20371640960065715,0.20442020827837945,0.1811076532590097,0.00016478222434462793,0.18078468009929424,0.18143062641872518
21,misspecified,smooth_elbow,42021,11,200,11,138,0.1586954799609316,1.967540588810701e-18,0.1586954799609316,0.1586954799609316,0.1972702537353391,0.0001985440177700359,0.19688110746050982,0.19765940001016838,0.1751861611076489,0.00018245103535247074,0.17482855707835807,0.17554376513693973
21,misspecified,smooth_elbow,42021,12,200,12,136,0.14801049209645936,0.0,0.14801049209645936,0.14801049209645936,0.19042215174734708,0.0002014510267740078,0.19002730773487003,0.19081699575982414,0.16919524472563974,0.00018558719916678823,0.16883149381527282,0.16955899563600665
21,misspecified,smooth_elbow,42021,13,200,13,134,0.13755487140854236,0.0,0.13755487140854236,0.13755487140854236,0.18367086953672374,0.00021748360789934765,0.183244601665241,0.18409713740820646,0.16326873294723618,0.00020067755311395792,0.16287540494313282,0.16366206095133953
21,misspecified,smooth_elbow,42021,14,200,14,132,0.12742098125346854,1.967540588810701e-18,0.12742098125346854,0.12742098125346854,0.17689216306117359,0.00022228946790769992,0.1764564757040745,0.17732785041827268,0.1572967588482788,0.00020560162653819565,0.15689377966026394,0.15769973803629364
21,misspecified,smooth_elbow,42021,15,200,15,130,0.1176944015083153,9.837702944053505e-19,0.1176944015083153,0.1176944015083153,0.17007976793059704,0.00023452264180982857,0.16962010355264978,0.1705394323085443,0.15127145869322947,0.00021733181383570656,0.15084548833811148,0.15169742904834746
21,misspecified,smooth_elbow,42021,16,200,16,128,0.10844860237166,9.837702944053505e-19,0.10844860237166,0.10844860237166,0.163602847082905,0.00023925811155470827,0.16313390118425777,0.16407179298155225,0.14554154622663862,0.0002215667185807614,0.14510727545822033,0.1459758169950569
21,misspecified,smooth_elbow,42021,17,200,17,126,0.09974093523837009,0.0,0.09974093523837009,0.09974093523837009,0.15711412588057574,0.0002458362905151968,0.15663228675116597,0.15759596500998552,0.13977918575057705,0.00022816483921034688,0.13933198266572477,0.14022638883542932
21,misspecified,smooth_elbow,42021,18,200,18,124,0.09161043346533805,1.967540588810701e-18,0.09161043346533805,0.09161043346533805,0.150735792017736,0.00025472383765923803,0.15023653329592387,0.1512350507395481,0.13410199607993442,0.00023643342169848722,0.13363858657340538,0.13456540558646346
21,misspecified,smooth_elbow,42021,19,200,19,122,0.08407752981584406,9.837702944053505e-19,0.08407752981584406,0.08407752981584406,0.1444670239626388,0.00026184276634028466,0.14395381214061184,0.14498023578466576,0.12850712750354126,0.00024308619582814726,0.1280306785597181,0.12898357644736444
21,misspecified,smooth_elbow,42021,20,200,20,120,0.07714543656277482,9.837702944053505e-19,0.07714543656277482,0.07714543656277482,0.1383526306500984,0.00027415966253514524,0.13781527771152952,0.13888998358866728,0.12303691591863894,0.0002552412914690886,0.12253664298735953,0.12353718884991835
21,misspecified,smooth_elbow,42021,21,200,21,118,0.07080269941997985,9.837702944053505e-19,0.07080269941997985,0.07080269941997985,0.13227911062701075,0.000285435390390896,0.1317196572618446,0.13283856399217692,0.11759073747310855,0.00026624566641945236,0.11706889596692642,0.11811257897929069
21,misspecified,smooth_elbow,42021,22,200,22,116,0.0650263628239839,9.837702944053505e-19,0.0650263628239839,0.0650263628239839,0.1265737881994225,0.00029291782462337974,0.12599966926316067,0.12714790713568433,0.11247266081381571,0.0002733365480763516,0.11193692117958606,0.11300840044804536
21,misspecified,smooth_elbow,42021,23,200,23,114,0.05978524480956203,0.0,0.05978524480956203,0.05978524480956203,0.12072649849427684,0.0002974545861104672,0.12014348750550033,0.12130950948305336,0.10720729831285343,0.00027804020461852754,0.10666233951180111,0.10775225711390575
21,misspecified,smooth_elbow,42021,24,200,24,112,0.05504295609301901,0.0,0.05504295609301901,0.05504295609301901,0.11502225639305678,0.0002978222894262336,0.11443852470578136,0.1156059880803322,0.10206220878274812,0.0002786388380987455,0.10151607666007458,0.10260834090542166
21,misspecified,smooth_elbow,42021,25,200,25,110,0.05076045159024222,1.4756554416080256e-18,0.05076045159024222,0.05076045159024222,0.10979332465313703,0.00030018363224588036,0.10920496473393511,0.11038168457233895,0.09734460166903355,0.00028096837117047216,0.09679390366153943,0.09789529967652767
21,misspecified,smooth_elbow,42021,26,200,26,108,0.04689803411882431,4.918851472026753e-19,0.04689803411882431,0.04689803411882431,0.10456002190692057,0.0003049959258366062,0.10396222989228082,0.10515781392156032,0.09261221943460278,0.00028559855456559844,0.0920524462676542,0.09317199260155136
21,misspecified,smooth_elbow,42021,27,200,27,106,0.04341682258416995,4.918851472026753e-19,0.04341682258416995,0.04341682258416995,0.09934227428231412,0.0003084079911104298,0.09873779461973768,0.09994675394489057,0.08787783298151482,0.0002889409272823738,0.08731150876404137,0.08844415719898827
21,misspecified,smooth_elbow,42021,28,200,28,104,0.04027975028060659,4.918851472026753e-19,0.04027975028060659,0.04027975028060659,0.09480866474920692,0.00030622897229876437,0.09420845596350134,0.0954088735349125,0.08377832415374335,0.0002869551807444785,0.08321589199948418,0.08434075630800253
21,misspecified,smooth_elbow,42021,29,200,29,102,0.037452181336391784,0.0,0.037452181336391784,0.037452181336391784,0.08990654711610478,0.00029191985378536394,0.08933438420268547,0.0904787100295241,0.07931400162695074,0.000273420937881356,0.07877809658870327,0.0798499066651982
21,misspecified,smooth_elbow,42021,30,200,30,100,0.034902235272397976,4.918851472026753e-19,0.034902235272397976,0.034902235272397976,0.08540649840499677,0.0002901065550974655,0.08483788955700573,0.0859751072529878,0.07522242190814016,0.0002720126661822687,0.07468927708242291,0.0757555667338574
21,misspecified,smooth_elbow,42021,31,200,31,98,0.03260090027410817,0.0,0.03260090027410817,0.03260090027410817,0.08126309023851959,0.00029272059355782545,0.08068935787514625,0.08183682260189293,0.07145762151942119,0.00027446454498690286,0.07091967101124685,0.07199557202759552
21,misspecified,smooth_elbow,42021,32,200,32,96,0.030522001664809575,2.4594257360133763e-19,0.030522001664809575,0.030522001664809575,0.07728444119720536,0.0002798618317358175,0.07673591200700315,0.07783297038740757,0.06783539971553547,0.00026224683508481206,0.06732139591876923,0.0683494035123017
21,misspecified,smooth_elbow,42021,33,200,33,94,0.028642077268543557,2.4594257360133763e-19,0.028642077268543557,0.028642077268543557,0.07341451485112298,0.00027312869633285355,0.07287918260631059,0.07394984709593537,0.06430833635187104,0.0002562054708089217,0.06380617362908556,0.06481049907465652
21,misspecified,smooth_elbow,42021,34,200,34,92,0.026940197990146526,0.0,0.026940197990146526,0.026940197990146526,0.06970238929309244,0.00026022106062656165,0.06919235601426438,0.07021242257192051,0.06091783306044127,0.00024402202472538126,0.06043954989197952,0.061396116228903015
21,misspecified,smooth_elbow,42021,35,200,35,90,0.025397760872761167,0.0,0.025397760872761167,0.025397760872761167,0.06649590718198976,0.00025236204430685116,0.06600127757514833,0.0669905367888312,0.057998738505532506,0.00023671245135223343,0.05753478210088213,0.05846269491018288
21,misspecified,smooth_elbow,42021,36,200,36,88,0.023998273243348113,2.4594257360133763e-19,0.023998273243348113,0.023998273243348113,0.06333590852391602,0.0002583682416130287,0.06282950677035448,0.06384231027747755,0.05511955043068729,0.00024241452620679956,0.05464441795932196,0.05559468290205261
21,misspecified,smooth_elbow,42021,37,200,37,86,0.022727140083276646,2.4594257360133763e-19,0.022727140083276646,0.022727140083276646,0.06037051171319464,0.0002454957849563386,0.05988933997468021,0.06085168345170906,0.05241377821863054,0.00023026197308542728,0.0519624647513831,0.052865091685877975
21,misspecified,smooth_elbow,42021,38,200,38,84,0.021571462085723657,2.4594257360133763e-19,0.021571462085723657,0.021571462085723657,0.05745493972961493,0.00022961658795363915,0.057004891217225795,0.05790498824200406,0.04974973338243575,0.00021510003413046503,0.04932813731554003,0.05017132944933146
21,misspecified,smooth_elbow,42021,39,200,39,82,0.02051984859146236,2.4594257360133763e-19,0.02051984859146236,0.02051984859146236,0.054938012116755315,0.00020123285395458616,0.05454359572300432,0.05533242851050631,0.04745362300679665,0.00018854311544983903,0.047084078500514964,0.04782316751307833
21,misspecified,smooth_elbow,42021,40,200,40,80,0.019562247379778328,2.4594257360133763e-19,0.019562247379778328,0.019562247379778328,0.052515575219109226,0.0001873928811226253,0.05214828517210888,0.05288286526610957,0.04523935414047212,0.00017537313640278012,0.044895622793122675,0.04558308548782157
21,misspecified,smooth_elbow,42021,41,200,41,78,0.018689791844896355,2.4594257360133763e-19,0.018689791844896355,0.018689791844896355,0.05023675402333467,0.00018328373084751395,0.04987751791087354,0.0505959901357958,0.04315367140691844,0.00017138273823896622,0.04281776123997007,0.043489581573866815
21,misspecified,smooth_elbow,42021,42,200,42,76,0.01789466518742493,2.4594257360133763e-19,0.01789466518742493,0.01789466518742493,0.04821536719894365,0.00017819531981535182,0.04786610437210556,0.048564630025781735,0.041307564404013605,0.00016645602055902735,0.04098131060371791,0.0416338182043093
21,misspecified,smooth_elbow,42021,43,200,43,74,0.017169980727895582,2.4594257360133763e-19,0.017169980727895582,0.017169980727895582,0.04636177818274358,0.00017426697148318287,0.04602021491863654,0.046703341446850614,0.039613803197567556,0.00016257214774507205,0.03929516178798721,0.0399324446071479
21,misspecified,smooth_elbow,42021,44,200,44,72,0.016509677183967276,2.4594257360133763e-19,0.016509677183967276,0.016509677183967276,0.044608674060598014,0.0001643793173503167,0.04428649059859139,0.04493085752260464,0.038011320317939225,0.0001534427715912109,0.03771057248562045,0.038312068150258
21,misspecified,smooth_elbow,42021,45,200,45,70,0.01590842765804722,2.4594257360133763e-19,0.01590842765804722,0.01590842765804722,0.04296217139609884,0.0001625645762150893,0.04264354482671727,0.043280797965480414,0.03650238364414078,0.00015179830816560867,0.036204858960136185,0.03679990832814538
21,misspecified,smooth_elbow,42021,46,200,46,68,0.015361561098231167,3.689138604020064e-19,0.015361561098231167,0.015361561098231167,0.04147025167516099,0.00015511931329514862,0.041166217821102496,0.04177428552921948,0.0351356518798783,0.00014478669660967453,0.034851869954523336,0.03541943380523326
21,misspecified,smooth_elbow,42021,47,200,47,66,0.014864995082398105,1.2297128680066881e-19,0.014864995082398105,0.014864995082398105,0.03999842926046443,0.00014653154886643978,0.039711227424686205,0.040285631096242655,0.033780160733556025,0.00013666083909332679,0.0335123054889331,0.03404801597817895
21,misspecified,smooth_elbow,42021,48,200,48,64,0.014415178907045103,1.2297128680066881e-19,0.014415178907045103,0.014415178907045103,0.038669572347322406,0.00014184046112697746,0.03839156504351353,0.038947579651131284,0.03255415941547972,0.00013207969426756738,0.03229528321471529,0.03281303561624415
21,misspecified,smooth_elbow,42021,49,200,49,62,0.014009046123435455,0.0,0.014009046123435455,0.014009046123435455,0.03741904098102266,0.000135149985819854,0.037154147008815745,0.037683934953229574,0.03139601808758537,0.0001257190168999781,0.03114960881446141,0.031642427360709324
21,misspecified,smooth_elbow,42021,50,200,50,60,0.01364397584601071,1.2297128680066881e-19,0.01364397584601071,0.01364397584601071,0.03634267991106562,0.00013370345506251256,0.0360806211391431,0.03660473868298814,0.030397475959452854,0.00012434336670273023,0.030153762960715504,0.030641188958190204
21,misspecified,smooth_elbow,42021,51,200,51,58,0.013317762359996412,1.2297128680066881e-19,0.013317762359996412,0.013317762359996412,0.03539194045407161,0.0001286871086974226,0.03513971372102466,0.03564416718711856,0.029510405023870576,0.00011957589452459016,0.02927603627060238,0.029744773777138772
21,misspecified,smooth_elbow,42021,52,200,52,56,0.013028592780145086,1.2297128680066881e-19,0.013028592780145086,0.013028592780145086,0.0344584977879239,0.0001234683482575125,0.03421649982533917,0.034700495750508625,0.02863475916569248,0.0001146764013457974,0.028409993419054716,0.028859524912330244
21,misspecified,smooth_elbow,42021,53,200,53,54,0.01277503276918193,2.4594257360133763e-19,0.01277503276918193,0.01277503276918193,0.03370840188657845,0.00011628633258180567,0.03348048067471811,0.03393632309843879,0.027921984472858714,0.00010770713315646406,0.027710878491872044,0.028133090453845384
21,misspecified,smooth_elbow,42021,54,200,54,52,0.012556020627194058,1.2297128680066881e-19,0.012556020627194058,0.012556020627194058,0.03304277500473301,0.00011146300317547188,0.03282430751850909,0.03326124249095693,0.027284627035503443,0.00010311203070815588,0.027082527455315458,0.027486726615691428
21,misspecified,smooth_elbow,42021,55,200,55,50,0.012370870433955985,0.0,0.012370870433955985,0.012370870433955985,0.03246113339664955,0.00010877460189819777,0.03224793517692908,0.03267433161637002,0.026717989931624372,0.0001006443803225484,0.026520726946192178,0.026915252917056567
21,misspecified,smooth_elbow,42021,56,200,56,48,0.01221928539767156,0.0,0.01221928539767156,0.01221928539767156,0.03195631831123478,0.0001023329094407938,0.03175574580873082,0.03215689081373874,0.026216532964282252,9.441499330363115e-05,0.026031479577407136,0.02640158635115737
21,misspecified,smooth_elbow,42021,57,200,57,46,0.012101383184209714,1.2297128680066881e-19,0.012101383184209714,0.012101383184209714,0.03156555113755154,0.00010476761083179631,0.03136020662032121,0.03177089565478186,0.025814739786072727,9.65579263225866e-05,0.02562548625048046,0.026003993321664996
21,misspecified,smooth_elbow,42021,58,200,58,44,0.012017735842991034,1.2297128680066881e-19,0.012017735842991034,0.012017735842991034,0.031266792302403076,0.00010595391548378255,0.031059122628054863,0.03147446197675129,0.025489756238115387,9.745853267588847e-05,0.025298737514070645,0.02568077496216013
21,misspecified,smooth_elbow,42021,59,200,59,42,0.011969428119171012,2.4594257360133763e-19,0.011969428119171012,0.011969428119171012,0.031058455396185555,0.0001045844266720864,0.030853469919908266,0.03126344087246284,0.025238730486560286,9.616110390953797e-05,0.02505025472289759,0.025427206250222982
21,misspecified,smooth_elbow,42021,60,200,60,40,0.01195813961659298,1.2297128680066881e-19,0.01195813961659298,0.01195813961659298,0.030891327513932865,0.00010284856431479304,0.03068974432787587,0.03109291069998986,0.025016605917208282,9.438579443226406e-05,0.024831609760121044,0.02520160207429552
21,misspecified,smooth_elbow,42021,61,200,61,38,0.01198625871996076,0.0,0.01198625871996076,0.01198625871996076,0.03088586635285562,9.689883579272518e-05,0.03069594463470188,0.03107578807100936,0.024932366156366473,8.86599811107533e-05,0.024758592593389396,0.02510613971934355
21,misspecified,smooth_elbow,42021,62,200,62,36,0.012057039828766176,1.2297128680066881e-19,0.012057039828766176,0.012057039828766176,0.030993869044433763,9.850952551050508e-05,0.030800790374433173,0.03118694771443435,0.02494165284967163,8.997618860972503e-05,0.024765299519996568,0.025118006179346692
21,misspecified,smooth_elbow,42021,63,200,63,34,0.01217482100900551,1.2297128680066881e-19,0.01217482100900551,0.01217482100900551,0.031209180703591244,9.882870551732342e-05,0.03101547644077729,0.0314028849664052,0.025037012310497136,9.024982612377586e-05,0.024860122651294534,0.025213901969699738
21,misspecified,smooth_elbow,42021,64,200,64,32,0.012345327828097209,0.0,0.012345327828097209,0.012345327828097209,0.03152237647947517,9.701537172075214e-05,0.0313322263509025,0.031712526608047846,0.025202811515170866,8.833337521945572e-05,0.025029678099740733,0.025375944930601
21,misspecified,smooth_elbow,42021,65,200,65,30,0.01257610297707704,0.0,0.01257610297707704,0.01257610297707704,0.03198164642505431,9.738551758507056e-05,0.031790770810587565,0.03217252203952105,0.02548314329813363,8.853511631480022e-05,0.02530961447015662,0.025656672126110638
21,misspecified,smooth_elbow,42021,66,200,66,28,0.012877124004173606,1.2297128680066881e-19,0.012877124004173606,0.012877124004173606,0.03262897785548156,9.76500351939752e-05,0.03243758378650136,0.03282037192446175,0.02591221328870839,8.860754490828214e-05,0.025738542500688157,0.026085884076728624
21,misspecified,smooth_elbow,42021,67,200,67,26,0.01326170991944927,3.689138604020064e-19,0.01326170991944927,0.01326170991944927,0.03348405066661364,0.00010141723153123641,0.03328527289281242,0.03368282844041486,0.02650305953838677,9.192388367365544e-05,0.02632288872638641,0.026683230350387135
21,misspecified,smooth_elbow,42021,68,200,68,24,0.013747884679818126,0.0,0.013747884679818126,0.013747884679818126,0.03456784177177776,0.00010015892887884129,0.03437153027117523,0.03476415327238029,0.027266939305902575,9.05375112047582e-05,0.02708948578394125,0.0274443928278639
21,misspecified,smooth_elbow,42021,69,200,69,22,0.014360487824043144,0.0,0.014360487824043144,0.014360487824043144,0.036065782181932,0.00010277923523130792,0.03586433488087864,0.036267229482985365,0.028365816998772306,9.284787710010769e-05,0.028183835159656095,0.028547798837888518
21,misspecified,smooth_elbow,42021,70,200,70,20,0.01513455481083306,1.2297128680066881e-19,0.01513455481083306,0.01513455481083306,0.03793203806397334,0.00010649330413933166,0.03772331118786025,0.03814076494008643,0.02974180692545585,9.594387917784963e-05,0.029553756922267263,0.029929856928644437
21,misspecified,smooth_elbow,42021,71,200,71,18,0.01612095416973341,0.0,0.01612095416973341,0.01612095416973341,0.040361115152975365,0.00010868105940152666,0.040148100276548374,0.040574130029402355,0.03155360016657184,9.767177912369184e-05,0.031362163479489405,0.031745036853654277
21,misspecified,smooth_elbow,42021,72,200,72,16,0.01739625574716641,0.0,0.01739625574716641,0.01739625574716641,0.043474839376695516,0.00011726571383156196,0.04324499857758565,0.04370468017580538,0.03388380062928645,0.0001052378228956286,0.03367753449641102,0.03409006676216188
21,misspecified,smooth_elbow,42021,73,200,73,14,0.019081060714797368,2.4594257360133763e-19,0.019081060714797368,0.019081060714797368,0.04750751952010282,0.00012988339839628318,0.047252948059246104,0.047762090980959536,0.036902531712030714,0.00011637276749203861,0.03667444108774632,0.03713062233631511
21,misspecified,smooth_elbow,42021,74,200,74,12,0.021376664959644572,4.918851472026753e-19,0.021376664959644572,0.021376664959644572,0.05314935594058746,0.0001387787878704635,0.05287734951636135,0.05342136236481357,0.041163294817207687,0.00012412277200104892,0.04092001418408563,0.04140657545032974
21,misspecified,smooth_elbow,42021,75,200,75,10,0.024645722131522777,2.4594257360133763e-19,0.024645722131522777,0.024645722131522777,0.061113082327467254,0.00015260544676436993,0.06081397565180909,0.061412189003125416,0.04718197604946188,0.00013624616763834022,0.046914933560890736,0.04744901853803302
21,misspecified,smooth_elbow,42021,76,200,76,8,0.02961390524514285,4.918851472026753e-19,0.02961390524514285,0.02961390524514285,0.07326410187298807,0.00017974236258402507,0.07291180684232337,0.07361639690365276,0.05639171092612634,0.00016044826242152737,0.05607723233178015,0.05670618952047253
22,misspecified,power_exponential_mixture,42022,0,200,0,160,0.03992881206222304,0.0,0.03992881206222304,0.03992881206222304,0.03992881206222304,4.918851472026753e-19,0.03992881206222304,0.03992881206222304,0.03793931528302451,4.918851472026753e-19,0.03793931528302451,0.03793931528302451
22,misspecified,power_exponential_mixture,42022,1,200,1,158,0.0277760122149094,7.378277208040128e-19,0.0277760122149094,0.0277760122149094,0.03449519881118107,0.00018456640109828628,0.03413344866502843,0.03485694895733371,0.03273648438615803,0.00018009555755407918,0.03238349709335204,0.033089471678964026
22,misspecified,power_exponential_mixture,42022,2,200,2,156,0.022217923220501975,2.4594257360133763e-19,0.022217923220501975,0.022217923220501975,0.030031339537748836,0.0001921457343793043,0.0296547338983654,0.030407945177132273,0.028471759049211717,0.0001873598502491284,0.028104533742723425,0.02883898435570001
22,misspecified,power_exponential_mixture,42022,3,200,3,154,0.01843574517984667,0.0,0.01843574517984667,0.01843574517984667,0.02628049130579829,0.0001804896069954576,0.02592673167608719,0.026634250935509387,0.024893136944947943,0.0001758275764640576,0.02454851489507839,0.025237758994817495
22,misspecified,power_exponential_mixture,42022,4,200,4,152,0.0155442535520351,2.4594257360133763e-19,0.0155442535520351,0.0155442535520351,0.02308971816625087,0.00016491043329778883,0.022766493716987204,0.023412942615514534,0.021852105023094,0.0001604522800899716,0.021537618554117656,0.022166591492070342
22,misspecified,power_exponential_mixture,42022,5,200,5,150,0.013222097371307777,1.2297128680066881e-19,0.013222097371307777,0.013222097371307777,0.020529908857549253,0.0001441535926568895,0.02024736781594175,0.020812449899156756,0.01942098284983613,0.00014014142181316186,0.01914630566308233,0.019695660036589926
22,misspecified,power_exponential_mixture,42022,6,200,6,148,0.01130942151303138,1.2297128680066881e-19,0.01130942151303138,0.01130942151303138,0.018296892130254497,0.00011384812105331666,0.018073749812989995,0.018520034447519,0.017301304797066663,0.00011052855199455259,0.01708466883515734,0.017517940758975985
22,misspecified,power_exponential_mixture,42022,7,200,7,146,0.009710708719024592,1.2297128680066881e-19,0.009710708719024592,0.009710708719024592,0.016353669402547056,9.951568725034997e-05,0.01615861865553637,0.01654872014955774,0.0154581462597982,9.650410266800159e-05,0.015268998218568915,0.015647294301027483
22,misspecified,power_exponential_mixture,42022,8,200,8,144,0.008361915330728055,0.0,0.008361915330728055,0.008361915330728055,0.014640679943817281,8.993682347148452e-05,0.014464403769813172,0.01481695611782139,0.013834757308202068,8.723099034770455e-05,0.013663784567120568,0.014005730049283568
22,misspecified,power_exponential_mixture,42022,9,200,9,142,0.007216761535926166,1.844569302010032e-19,0.007216761535926166,0.007216761535926166,0.013141545541166888,7.545428889179509e-05,0.01299365513493897,0.013289435947394807,0.012415177249783227,7.314509072833636e-05,0.012271812871955686,0.012558541627610767
22,misspecified,power_exponential_mixture,42022,10,200,10,140,0.006240098084454728,0.0,0.006240098084454728,0.006240098084454728,0.011779647459571017,6.955867647322645e-05,0.011643312453683493,0.011915982465458542,0.011125051530561696,6.740777210344813e-05,0.010992932297238937,0.011257170763884454
22,misspecified,power_exponential_mixture,42022,11,200,11,138,0.00540431288323484,6.148564340033441e-20,0.00540431288323484,0.00540431288323484,0.01059597143412774,6.64557650926516e-05,0.010465718134546142,0.010726224733709338,0.010004577732625301,6.435943070478358e-05,0.009878433248443926,0.010130722216806677
22,misspecified,power_exponential_mixture,42022,12,200,12,136,0.004687201400991368,0.0,0.004687201400991368,0.004687201400991368,0.009520641701546656,6.293018128305939e-05,0.009397298546231858,0.009643984856861453,0.008986608927407179,6.0963404914189376e-05,0.008867120653775368,0.00910609720103899
22,misspecified,power_exponential_mixture,42022,13,200,13,134,0.004070609304564008,0.0,0.004070609304564008,0.004070609304564008,0.008508214653180097,5.398656516885762e-05,0.008402400985449136,0.008614028320911057,0.008026817443466162,5.230748886075883e-05,0.007924294765299074,0.00812934012163325
22,misspecified,power_exponential_mixture,42022,14,200,14,132,0.0035395145428758,3.0742821700167204e-20,0.0035395145428758,0.0035395145428758,0.007657835529372071,5.014402662970441e-05,0.00755955323717785,0.007756117821566292,0.007222301860675085,4.8570000812321616e-05,0.0071271046590829345,0.007317499062267235
22,misspecified,power_exponential_mixture,42022,15,200,15,130,0.0030813761325102634,0.0,0.0030813761325102634,0.0030813761325102634,0.006853814609668595,4.2045503323118245e-05,0.006771405423155283,0.006936223796181907,0.006460455643429047,4.06985450047128e-05,0.0063806864952198105,0.006540224791638284
22,misspecified,power_exponential_mixture,42022,16,200,16,128,0.002685654016540063,6.148564340033441e-20,0.002685654016540063,0.002685654016540063,0.006139978750736768,3.88632313502915e-05,0.006063806817290196,0.0062161506841833395,0.005784481755501067,3.760506269542609e-05,0.005710775832618032,0.005858187678384102
22,misspecified,power_exponential_mixture,42022,17,200,17,126,0.0023434440149786755,3.0742821700167204e-20,0.0023434440149786755,0.0023434440149786755,0.0054962560070715115,3.605630793179322e-05,0.005425585643525197,0.005566926370617826,0.00517469840261625,3.4876242541328495e-05,0.005106340967235247,0.005243055837997254
22,misspecified,power_exponential_mixture,42022,18,200,18,124,0.00204719343433462,0.0,0.00204719343433462,0.00204719343433462,0.004899066272475896,3.107700354919098e-05,0.004838155345519481,0.00495997719943231,0.004608581743541752,3.0044528420180546e-05,0.004549694467838198,0.004667469019245306
22,misspecified,power_exponential_mixture,42022,19,200,19,122,0.0017904752028625075,1.5371410850083602e-20,0.0017904752028625075,0.0017904752028625075,0.004394280386351066,2.8366382679493785e-05,0.004338682276299259,0.004449878496402874,0.004130827292321226,2.74261135390167e-05,0.0040770721097847535,0.004184582474857699
22,misspecified,power_exponential_mixture,42022,20,200,20,120,0.0015678057312262445,0.0,0.0015678057312262445,0.0015678057312262445,0.003934858238176099,2.6124307168669538e-05,0.0038836545961255064,0.003986061880226691,0.003695840449152138,2.526829990569721e-05,0.0036463145813369715,0.0037453663169673044
22,misspecified,power_exponential_mixture,42022,21,200,21,118,0.0013744962470541853,3.0742821700167204e-20,0.0013744962470541853,0.0013744962470541853,0.003523380705532006,2.3816781373800197e-05,0.003476699814039358,0.0035700615970246543,0.0033062451305074575,2.3018558497918298e-05,0.0032611287558515375,0.0033513615051633775
22,misspecified,power_exponential_mixture,42022,22,200,22,116,0.0012065302774606692,1.5371410850083602e-20,0.0012065302774606692,0.0012065302774606692,0.003152117064888128,2.14372186701766e-05,0.003110100116294582,0.0031941340134816745,0.002954800838597703,2.0727175435504184e-05,0.002914175574744115,0.002995426102451291
22,misspecified,power_exponential_mixture,42022,23,200,23,114,0.0010604618988058665,1.5371410850083602e-20,0.0010604618988058665,0.0010604618988058665,0.0028271173791095477,1.995824846819046e-05,0.0027879992121118942,0.002866235546107201,0.0026473492622551605,1.9294990105859457e-05,0.002609531081647676,0.002685167442862645
22,misspecified,power_exponential_mixture,42022,24,200,24,112,0.0009333307063520696,2.30571162751254e-20,0.0009333307063520696,0.0009333307063520696,0.002535446352207575,1.8927718546956883e-05,0.0024983480238555396,0.0025725446805596104,0.00237145578941717,1.8287114722789604e-05,0.0023356130445605023,0.0024072985342738374
22,misspecified,power_exponential_mixture,42022,25,200,25,110,0.0008225903963110613,7.685705425041801e-21,0.0008225903963110613,0.0008225903963110613,0.00226469387565421,1.7072656410177646e-05,0.002231231469090262,0.002298156282218158,0.0021152068013181534,1.6499581374488233e-05,0.0020828676218241564,0.0021475459808121505
22,misspecified,power_exponential_mixture,42022,26,200,26,108,0.0007260485321925432,7.685705425041801e-21,0.0007260485321925432,0.0007260485321925432,0.002031468108248633,1.5319005413297357e-05,0.00200144285763857,0.002061493358858696,0.0018946228751006303,1.4793554501924141e-05,0.0018656275082768589,0.0019236182419244017
22,misspecified,power_exponential_mixture,42022,27,200,27,106,0.0006418155698270842,7.685705425041801e-21,0.0006418155698270842,0.0006418155698270842,0.0018195534585967643,1.3006380228568935e-05,0.0017940609533487692,0.0018450459638447594,0.0016941570921830934,1.256022644214182e-05,0.0016695390483564953,0.0017187751360096914
22,misspecified,power_exponential_mixture,42022,28,200,28,104,0.0005682615946521603,0.0,0.0005682615946521603,0.0005682615946521603,0.001635146396955387,1.1423851675793975e-05,0.0016127556476708308,0.0016575371462399433,0.0015198637682337895,1.1024101453867801e-05,0.0014982565293842087,0.0015414710070833703
22,misspecified,power_exponential_mixture,42022,29,200,29,102,0.0005039795162219589,7.685705425041801e-21,0.0005039795162219589,0.0005039795162219589,0.001462884894101671,1.0478042997441552e-05,0.0014423479298266856,0.0014834218583766564,0.0013570603502738986,1.0108336374331654e-05,0.0013372480109802086,0.0013768726895675887
22,misspecified,power_exponential_mixture,42022,30,200,30,100,0.0004477536923182975,1.15285581375627e-20,0.0004477536923182975,0.0004477536923182975,0.0013134778509558763,9.769068793086832e-06,0.0012943304761214261,0.0013326252257903264,0.0012160597831629876,9.422261381898404e-06,0.0011975921508544666,0.0012345274154715086
22,misspecified,power_exponential_mixture,42022,31,200,31,98,0.000398533134974947,0.0,0.000398533134974947,0.000398533134974947,0.001173354808384465,8.549620535665435e-06,0.0011565975521345608,0.0011901120646343692,0.0010836683452021794,8.246505130867329e-06,0.0010675051951456794,0.0010998314952586795
22,misspecified,power_exponential_mixture,42022,32,200,32,96,0.0003554085947799378,0.0,0.0003554085947799378,0.0003554085947799378,0.0010485000599167033,7.678066625789706e-06,0.0010334510493301555,0.001063549070503251,0.0009657656787979592,7.39773272010551e-06,0.0009512661226665524,0.000980265234929366
22,misspecified,power_exponential_mixture,42022,33,200,33,94,0.0003175929363185092,3.8428527125209005e-21,0.0003175929363185092,0.0003175929363185092,0.0009377201759729298,6.7928020578144245e-06,0.0009244062839396135,0.000951034068006246,0.0008612175198516989,6.536079398482494e-06,0.0008484068042306732,0.0008740282354727245
22,misspecified,power_exponential_mixture,42022,34,200,34,92,0.00028440431265414366,3.8428527125209005e-21,0.00028440431265414366,0.00028440431265414366,0.0008431435132828057,6.1677592368032765e-06,0.0008310547051786712,0.0008552323213869401,0.0007720619158771011,5.932242948489317e-06,0.000760434719698062,0.0007836891120561403
22,misspecified,power_exponential_mixture,42022,35,200,35,90,0.0002552517248480544,3.8428527125209005e-21,0.0002552517248480544,0.0002552517248480544,0.0007634491463515846,5.3636444003957125e-06,0.0007529364033268091,0.0007739618893763602,0.000697077883639135,5.149875965171428e-06,0.000686984126747399,0.000707171640530871
22,misspecified,power_exponential_mixture,42022,36,200,36,88,0.00022962261711367103,0.0,0.00022962261711367103,0.00022962261711367103,0.0006910901118042293,5.170971758156399e-06,0.0006809550071582428,0.0007012252164502158,0.000629010255294119,4.9668799756120505e-06,0.0006192751705419194,0.0006387453400463186
22,misspecified,power_exponential_mixture,42022,37,200,37,86,0.00020707221191877727,1.9214263562604502e-21,0.00020707221191877727,0.00020707221191877727,0.0006271789467958903,4.726573932368371e-06,0.0006179148618884483,0.0006364430317033323,0.0005689663398691919,4.535207771609886e-06,0.0005600773326368366,0.0005778553471015472
22,misspecified,power_exponential_mixture,42022,38,200,38,84,0.0001872143342252771,1.9214263562604502e-21,0.0001872143342252771,0.0001872143342252771,0.0005700425903767267,4.385567460680262e-06,0.0005614468781537933,0.00057863830259966,0.0005152922426191096,4.2053167585789074e-06,0.0005070498217722949,0.0005235346634659242
22,misspecified,power_exponential_mixture,42022,39,200,39,82,0.00016971351170046043,1.9214263562604502e-21,0.00016971351170046043,0.00016971351170046043,0.0005182475399818321,3.9676179922482696e-06,0.0005104710087170256,0.0005260240712466387,0.00046664810768256155,3.80442648577052e-06,0.00045919143177045133,0.0004741047835946718
22,misspecified,power_exponential_mixture,42022,40,200,40,80,0.00015427816942035954,1.9214263562604502e-21,0.00015427816942035954,0.00015427816942035954,0.00046994832003991333,3.510024397493197e-06,0.00046306867222082666,0.000476827967859,0.0004212699047751114,3.361703561450644e-06,0.0004146809657946681,0.00042785884375555466
22,misspecified,power_exponential_mixture,42022,41,200,41,78,0.00014065476433975779,1.9214263562604502e-21,0.00014065476433975779,0.00014065476433975779,0.00042784756700685474,2.9864500203999093e-06,0.0004219941249668709,0.00043370100904683857,0.00038175369124685444,2.8572955422678084e-06,0.00037615339198400954,0.00038735399050969933
22,misspecified,power_exponential_mixture,42022,42,200,42,76,0.00012862272745409788,1.9214263562604502e-21,0.00012862272745409788,0.00012862272745409788,0.00039058019347162166,2.509630777101765e-06,0.0003856613171485022,0.0003954990697947411,0.0003467992904942596,2.3964884401656625e-06,0.00034210217315153494,0.0003514964078369843
22,misspecified,power_exponential_mixture,42022,43,200,43,74,0.00011799010080283579,9.607131781302251e-22,0.00011799010080283579,0.00011799010080283579,0.00035798919982745067,2.241880648408799e-06,0.00035359511375656944,0.0003623832858983319,0.0003162568292582049,2.137074210724897e-06,0.00031206816380518413,0.0003204454947112257
22,misspecified,power_exponential_mixture,42022,44,200,44,72,0.00010858977281807937,9.607131781302251e-22,0.00010858977281807937,0.00010858977281807937,0.0003280037095084303,1.951286189453086e-06,0.00032417918857710224,0.00033182823043975836,0.00028815623586360634,1.8561033520129962e-06,0.00028451827329366086,0.0002917941984335518
22,misspecified,power_exponential_mixture,42022,45,200,45,70,0.00010027622946707563,9.607131781302251e-22,0.00010027622946707563,0.00010027622946707563,0.0003010831934886151,1.91620275158553e-06,0.0002973274360955075,0.00030483895088172274,0.0002629128826195901,1.822871124317099e-06,0.0002593400552159286,0.0002664857100232516
22,misspecified,power_exponential_mixture,42022,46,200,46,68,9.292275055592205e-05,0.0,9.292275055592205e-05,9.292275055592205e-05,0.0002789439638327733,1.7799940445186358e-06,0.0002754551755055168,0.0002824327521600298,0.00024218756421736854,1.690534268584187e-06,0.00023887411705094354,0.00024550101138379356
22,misspecified,power_exponential_mixture,42022,47,200,47,66,8.641899077671199e-05,0.0,8.641899077671199e-05,8.641899077671199e-05,0.00025861489520380193,1.675254930637304e-06,0.00025533139553975283,0.00026189839486785103,0.00022314430659313954,1.5893273242264523e-06,0.0002200292250376557,0.00022625938814862338
22,misspecified,power_exponential_mixture,42022,48,200,48,64,8.066889386364573e-05,9.607131781302251e-22,8.066889386364573e-05,8.066889386364573e-05,0.00024066778464589518,1.6130770879274694e-06,0.00023750615355355733,0.00024382941573823302,0.00020632265487874611,1.5279234564210825e-06,0.0002033279249041608,0.00020931738485333143
22,misspecified,power_exponential_mixture,42022,49,200,49,62,7.558889580846439e-05,0.0,7.558889580846439e-05,7.558889580846439e-05,0.00022468391380695994,1.4774906560885419e-06,0.0002217880321210264,0.00022757979549289348,0.0001913130686365338,1.3969765961740296e-06,0.0001885749945080327,0.0001940511427650349
22,misspecified,power_exponential_mixture,42022,50,200,50,60,7.110637967410362e-05,0.0,7.110637967410362e-05,7.110637967410362e-05,0.00020927350869316788,1.342072743593549e-06,0.00020664304611572453,0.00021190397127061124,0.00017679809799017634,1.2671656578284327e-06,0.00017431445330083262,0.00017928174267952006
22,misspecified,power_exponential_mixture,42022,51,200,51,58,6.715835031685984e-05,9.607131781302251e-22,6.715835031685984e-05,6.715835031685984e-05,0.00019630121775746128,1.2074491363332535e-06,0.0001939346174502481,0.00019866781806467446,0.00016455775577865907,1.137597883134454e-06,0.00016232806392771555,0.0001667874476296026
22,misspecified,power_exponential_mixture,42022,52,200,52,56,6.369030244514268e-05,9.607131781302251e-22,6.369030244514268e-05,6.369030244514268e-05,0.0001856116644772187,1.0240371053985738e-06,0.0001836045517506375,0.00018761877720379993,0.00015445156040408723,9.622440744174863e-07,0.00015256556201822895,0.0001563375587899455
22,misspecified,power_exponential_mixture,42022,53,200,53,54,6.0655260062790585e-05,1.4410697671953375e-21,6.0655260062790585e-05,6.0655260062790585e-05,0.0001763245066591085,9.397735790437804e-07,0.0001744825504441827,0.0001781664628740343,0.00014563122239004246,8.791400984019305e-07,0.0001439081077971747,0.00014735433698291023
22,misspecified,power_exponential_mixture,42022,54,200,54,52,5.8012969623945696e-05,4.803565890651126e-22,5.8012969623945696e-05,5.8012969623945696e-05,0.00016764609373587247,9.29545705358611e-07,0.0001658241841533696,0.00016946800331837534,0.0001373572191048561,8.694742865713303e-07,0.00013565304950317628,0.0001390613887065359
22,misspecified,power_exponential_mixture,42022,55,200,55,50,5.5729233334336066e-05,1.4410697671953375e-21,5.5729233334336066e-05,5.5729233334336066e-05,0.00015932290634447017,8.587432662623957e-07,0.00015763976954259588,0.00016100604314634446,0.00012936053858231072,8.022908793579748e-07,0.00012778804845876908,0.00013093302870585235
22,misspecified,power_exponential_mixture,42022,56,200,56,48,5.377537316870937e-05,4.803565890651126e-22,5.377537316870937e-05,5.377537316870937e-05,0.00015230407695790028,8.335484465269731e-07,0.00015067032200270742,0.00015393783191309314,0.0001225533339706059,7.782581771376154e-07,0.00012102794794341618,0.00012407871999779564
22,misspecified,power_exponential_mixture,42022,57,200,57,46,5.212782058585521e-05,4.803565890651126e-22,5.212782058585521e-05,5.212782058585521e-05,0.00014650897197031348,7.778981533818203e-07,0.00014498429158968512,0.00014803365235094184,0.00011683600955744256,7.235376863496867e-07,0.00011541787569219716,0.00011825414342268795
22,misspecified,power_exponential_mixture,42022,58,200,58,44,5.07678319476558e-05,9.607131781302251e-22,5.07678319476558e-05,5.07678319476558e-05,0.00014177341811866877,7.253102285801037e-07,0.00014035181007065176,0.00014319502616668578,0.0001120643281371283,6.729324982467504e-07,0.00011074538044056467,0.00011338327583369193
22,misspecified,power_exponential_mixture,42022,59,200,59,42,4.968133576604925e-05,0.0,4.968133576604925e-05,4.968133576604925e-05,0.0001375250320255891,6.587210800858869e-07,0.00013623393870862077,0.00013881612534255743,0.00010769072928605599,6.087703560366046e-07,0.00010649753938822425,0.00010888391918388773
22,misspecified,power_exponential_mixture,42022,60,200,60,40,4.885892582447261e-05,4.803565890651126e-22,4.885892582447261e-05,4.885892582447261e-05,0.0001335800947692498,6.373423061823748e-07,0.00013233090384913234,0.00013482928568936726,0.00010354114658763392,5.874550106966989e-07,0.00010238973476666839,0.00010469255840859945
22,misspecified,power_exponential_mixture,42022,61,200,61,38,4.829602504719455e-05,0.0,4.829602504719455e-05,4.829602504719455e-05,0.00013054666908332986,6.093863207685436e-07,0.00012935227189462352,0.0001317410662720362,0.00010018336247936892,5.603464140631072e-07,9.908508350780524e-05,0.00010128164145093261
22,misspecified,power_exponential_mixture,42022,62,200,62,36,4.799326046771222e-05,4.803565890651126e-22,4.799326046771222e-05,4.799326046771222e-05,0.00012849286967870022,5.609432130988347e-07,0.0001273934209810265,0.00012959231837637395,9.763565661291342e-05,5.148767070181929e-07,9.662649826715776e-05,9.864481495866908e-05
22,misspecified,power_exponential_mixture,42022,63,200,63,34,4.7957112631848586e-05,4.803565890651126e-22,4.7957112631848586e-05,4.7957112631848586e-05,0.00012717477775496183,5.63268037094991e-07,0.00012607077240225564,0.00012827878310766802,9.568559856829567e-05,5.165990156337061e-07,9.46730644976536e-05,9.669813263893773e-05
22,misspecified,power_exponential_mixture,42022,64,200,64,32,4.820093806231635e-05,0.0,4.820093806231635e-05,4.820093806231635e-05,0.00012614293514633153,5.441247151750447e-07,0.00012507645070458846,0.0001272094195880746,9.388979812673129e-05,4.974048567378874e-07,9.291488460752502e-05,9.486471164593755e-05
22,misspecified,power_exponential_mixture,42022,65,200,65,30,4.8746519311967815e-05,4.803565890651126e-22,4.8746519311967815e-05,4.8746519311967815e-05,0.00012617598152654365,5.117618443196204e-07,0.0001251729283116772,0.0001271790347414101,9.295041917228692e-05,4.6674412801286977e-07,9.20356006813817e-05,9.386523766319214e-05
22,misspecified,power_exponential_mixture,42022,66,200,66,28,4.962638845316102e-05,4.803565890651126e-22,4.962638845316102e-05,4.962638845316102e-05,0.0001271677556510204,5.170268602031381e-07,0.00012615438300502224,0.00012818112829701857,9.273697558502378e-05,4.700130494196741e-07,9.181575000816122e-05,9.365820116188633e-05
22,misspecified,power_exponential_mixture,42022,67,200,67,26,5.0887323918606885e-05,1.4410697671953375e-21,5.0887323918606885e-05,5.0887323918606885e-05,0.00012882597353852887,5.368173329404906e-07,0.00012777381156596552,0.00012987813551109222,9.295430995882856e-05,4.871672777515174e-07,9.199946209443559e-05,9.390915782322153e-05
22,misspecified,power_exponential_mixture,42022,68,200,68,24,5.259568979009744e-05,0.0,5.259568979009744e-05,5.259568979009744e-05,0.00013154563825996707,5.275008456773165e-07,0.00013051173660243954,0.0001325795399174946,9.39059730186855e-05,4.765523352303476e-07,9.297193044163402e-05,9.484001559573698e-05
22,misspecified,power_exponential_mixture,42022,69,200,69,22,5.4845775644143085e-05,0.0,5.4845775644143085e-05,5.4845775644143085e-05,0.00013569222468776172,5.332725255677589e-07,0.0001346470105376489,0.00013673743883787454,9.586312040940464e-05,4.798568816805297e-07,9.492260092131081e-05,9.680363989749847e-05
22,misspecified,power_exponential_mixture,42022,70,200,70,20,5.7773223805144634e-05,4.803565890651126e-22,5.7773223805144634e-05,5.7773223805144634e-05,0.0001413333977484401,5.363241495828376e-07,0.00014028220241525774,0.00014238459308162248,9.880292107923549e-05,4.816473103738955e-07,9.785889235090265e-05,9.974694980756832e-05
22,misspecified,power_exponential_mixture,42022,71,200,71,18,6.157748797730782e-05,9.607131781302251e-22,6.157748797730782e-05,6.157748797730782e-05,0.000149173989167818,5.206851959908653e-07,0.0001481534461836759,0.0001501945321519601,0.00010324314510338332,4.6577360986789763e-07,0.00010233022882804224,0.00010415606137872439
22,misspecified,power_exponential_mixture,42022,72,200,72,16,6.656121325949177e-05,9.607131781302251e-22,6.656121325949177e-05,6.656121325949177e-05,0.00015963951473518034,5.354239230527516e-07,0.00015859008384599694,0.00016068894562436373,0.00010939414904944701,4.777180944723187e-07,0.00010845782158428126,0.00011033047651461276
22,misspecified,power_exponential_mixture,42022,73,200,73,14,7.320344671129172e-05,9.607131781302251e-22,7.320344671129172e-05,7.320344671129172e-05,0.00017401903012171548,5.807741282833711e-07,0.00017288071283028008,0.00017515734741315088,0.00011813045987663622,5.174246778974611e-07,0.0001171163075079572,0.00011914461224531525
22,misspecified,power_exponential_mixture,42022,74,200,74,12,8.230613521027332e-05,9.607131781302251e-22,8.230613521027332e-05,8.230613521027332e-05,0.0001935904699091573,6.26906760937753e-07,0.0001923617326577193,0.00019481920716059528,0.00013011184727261576,5.56596508746585e-07,0.00012902091811547246,0.00013120277642975905
22,misspecified,power_exponential_mixture,42022,75,200,75,10,9.531650019359476e-05,0.0,9.531650019359476e-05,9.531650019359476e-05,0.00022191410407807724,7.034710883759554e-07,0.00022053530074486036,0.00022329290741129412,0.0001476929771254116,6.221416023186581e-07,0.00014647357958486704,0.00014891237466595618
22,misspecified,power_exponential_mixture,42022,76,200,76,8,0.0001151330602796521,2.882139534390675e-21,0.0001151330602796521,0.0001151330602796521,0.00026516730450758084,8.416353075087128e-07,0.00026351769930486375,0.00026681690971029794,0.0001747240477976873,7.413163975878852e-07,0.00017327106765841505,0.00017617702793695954
23,misspecified,lognormal_shaped_decay,42023,0,200,0,160,0.036630773629630575,0.0,0.036630773629630575,0.036630773629630575,0.036630773629630575,0.0,0.036630773629630575,0.036630773629630575,0.03562104477655252,4.918851472026753e-19,0.03562104477655252,0.03562104477655252
23,misspecified,lognormal_shaped_decay,42023,1,200,1,158,0.024436226460385395,2.4594257360133763e-19,0.024436226460385395,0.024436226460385395,0.029237667777613323,0.00016446187969668013,0.02891532249340783,0.029560013061818817,0.028436750009364103,0.00016156094694219771,0.028120090553357395,0.028753409465370812
23,misspecified,lognormal_shaped_decay,42023,2,200,2,156,0.015590581571495931,2.4594257360133763e-19,0.015590581571495931,0.015590581571495931,0.02306853264469239,0.00019567130362618983,0.022685016889585057,0.02345204839979972,0.022438384686435425,0.0001922349051927288,0.022061604272257677,0.022815165100613172
23,misspecified,lognormal_shaped_decay,42023,3,200,3,154,0.010213632437562932,0.0,0.010213632437562932,0.010213632437562932,0.01784019547193541,0.00018593229924491602,0.017475768165415375,0.018204622778455446,0.017347180777047423,0.00018275205837029612,0.016988986742641644,0.017705374811453203
23,misspecified,lognormal_shaped_decay,42023,4,200,4,152,0.006920788413909278,6.148564340033441e-20,0.006920788413909278,0.006920788413909278,0.0136124849496614,0.00017363609438601248,0.013272158204664816,0.013952811694657983,0.013227584261278801,0.00017069977974118916,0.01289301269298607,0.013562155829571532
23,misspecified,lognormal_shaped_decay,42023,5,200,5,150,0.004837988976778147,6.148564340033441e-20,0.004837988976778147,0.004837988976778147,0.010201993957717401,0.00014534636958973417,0.009917115073321523,0.01048687284211328,0.009901907498476614,0.00014290302919093837,0.009621817561262375,0.010181997435690853
23,misspecified,lognormal_shaped_decay,42023,6,200,6,148,0.003475175948540541,3.0742821700167204e-20,0.003475175948540541,0.003475175948540541,0.007816548303468613,0.00012429707650237832,0.007572926033523951,0.008060170573413274,0.007578918726874518,0.00012223596460899337,0.007339336236240891,0.007818501217508145
23,misspecified,lognormal_shaped_decay,42023,7,200,7,146,0.0025555333159408265,0.0,0.0025555333159408265,0.0025555333159408265,0.006094092311970172,9.663818545730212e-05,0.00590468146847386,0.006283503155466484,0.005902934637030838,9.502317816022995e-05,0.005716689207836787,0.006089180066224889
23,misspecified,lognormal_shaped_decay,42023,8,200,8,144,0.0019178618471481917,0.0,0.0019178618471481917,0.0019178618471481917,0.004674911008336211,6.43193027125725e-05,0.004548845175019569,0.0048009768416528535,0.004521801256859528,6.319223471459776e-05,0.004397944476818917,0.00464565803690014
23,misspecified,lognormal_shaped_decay,42023,9,200,9,142,0.0014650719513679305,1.5371410850083602e-20,0.0014650719513679305,0.0014650719513679305,0.0036547947706260975,4.8813258429901416e-05,0.0035591207841034907,0.0037504687571487043,0.003530418565509694,4.792946113266974e-05,0.0034364768216896616,0.003624360309329727
23,misspecified,lognormal_shaped_decay,42023,10,200,10,140,0.0011367869487044866,1.5371410850083602e-20,0.0011367869487044866,0.0011367869487044866,0.002877361930827516,3.6086187430819346e-05,0.00280663300346311,0.002948090858191922,0.0027751764567311033,3.5380905773905285e-05,0.0027058298814142488,0.002844523032047958
23,misspecified,lognormal_shaped_decay,42023,11,200,11,138,0.0008943541090298457,7.685705425041801e-21,0.0008943541090298457,0.0008943541090298457,0.002307537331109688,3.078709591465665e-05,0.002247194623116961,0.002367880039102415,0.002223033516970352,3.0182504839356252e-05,0.0021638758074852137,0.0022821912264554905
23,misspecified,lognormal_shaped_decay,42023,12,200,12,136,0.000712375573554374,7.685705425041801e-21,0.000712375573554374,0.000712375573554374,0.0018580725801005584,2.4523976570935408e-05,0.001810005586021525,0.0019061395741795917,0.0017875006506691412,2.4019891207212284e-05,0.001740421663903005,0.0018345796374352773
23,misspecified,lognormal_shaped_decay,42023,13,200,13,134,0.0005737700526956347,7.685705425041801e-21,0.0005737700526956347,0.0005737700526956347,0.001510641104465001,1.9347156943771052e-05,0.0014727206768552097,0.0015485615320747922,0.0014513891854752675,1.8942307146413415e-05,0.0014142622634682972,0.0014885161074822378
23,misspecified,lognormal_shaped_decay,42023,14,200,14,132,0.00046680764987714127,7.685705425041801e-21,0.00046680764987714127,0.00046680764987714127,0.0012396990555955114,1.5464816272185322e-05,0.0012093880157020283,0.0012700100954889946,0.0011894891714876368,1.5146022334857219e-05,0.0011598029677113166,0.001219175375263957
23,misspecified,lognormal_shaped_decay,42023,15,200,15,130,0.0003832810694815737,3.8428527125209005e-21,0.0003832810694815737,0.0003832810694815737,0.0010273237811467086,1.167568917529252e-05,0.0010044394303631353,0.001050208131930282,0.0009844944710131257,1.1427816877972992e-05,0.0009620959499322986,0.0010068929920939527
23,misspecified,lognormal_shaped_decay,42023,16,200,16,128,0.00031734988448235994,7.685705425041801e-21,0.00031734988448235994,0.00031734988448235994,0.0008595050275263322,1.0012826791012954e-05,0.0008398798870159469,0.0008791301680367176,0.0008227249373641709,9.789960562591853e-06,0.0008035366146614909,0.000841913260066851
23,misspecified,lognormal_shaped_decay,42023,17,200,17,126,0.00026479382128514166,0.0,0.00026479382128514166,0.00026479382128514166,0.0007196825207023852,8.105372532919288e-06,0.0007037959905378634,0.000735569050866907,0.0006879520611444422,7.928224871000265e-06,0.0006724127403972816,0.0007034913818916027
23,misspecified,lognormal_shaped_decay,42023,18,200,18,124,0.00022252051054912517,3.8428527125209005e-21,0.00022252051054912517,0.00022252051054912517,0.00060814974789659,6.423441789831318e-06,0.0005955598019885207,0.0006207396938046594,0.0005806135944263239,6.275878736519562e-06,0.0005683128721027456,0.0005929143167499023
23,misspecified,lognormal_shaped_decay,42023,19,200,19,122,0.00018823498504478466,1.9214263562604502e-21,0.00018823498504478466,0.00018823498504478466,0.0005121106918037321,5.42592770332768e-06,0.0005014758735052098,0.0005227455101022544,0.00048819680345356544,5.293448840113342e-06,0.0004778216437269433,0.0004985719631801876
23,misspecified,lognormal_shaped_decay,42023,20,200,20,120,0.00016021402718027197,3.8428527125209005e-21,0.00016021402718027197,0.00016021402718027197,0.0004405650273365619,4.748667746834942e-06,0.0004312576385527654,0.0004498724161203584,0.0004195190717653211,4.631998391026264e-06,0.0004104403549189096,0.0004285977886117326
23,misspecified,lognormal_shaped_decay,42023,21,200,21,118,0.00013714971754563967,1.9214263562604502e-21,0.00013714971754563967,0.00013714971754563967,0.0003794062442683782,4.159174463663512e-06,0.0003712542623195977,0.0003875582262171587,0.00036086986598313843,4.05611867948931e-06,0.0003529198733713394,0.0003688198585949375
23,misspecified,lognormal_shaped_decay,42023,22,200,22,116,0.00011803941797883484,0.0,0.00011803941797883484,0.00011803941797883484,0.00032339890325777237,3.314186567125137e-06,0.0003169030975862071,0.0003298947089293376,0.0003070965602436639,3.2270759085491334e-06,0.00030077149146290756,0.0003134216290244202
23,misspecified,lognormal_shaped_decay,42023,23,200,23,114,0.00010210739127252212,1.9214263562604502e-21,0.00010210739127252212,0.00010210739127252212,0.0002799399040743146,2.7332967671235452e-06,0.00027458264241075246,0.0002852971657378767,0.0002654724289715655,2.6613423756768716e-06,0.00026025619791523883,0.0002706886600278922
23,misspecified,lognormal_shaped_decay,42023,24,200,24,112,8.874828135539369e-05,0.0,8.874828135539369e-05,8.874828135539369e-05,0.00024357010565087087,2.2912013838459193e-06,0.00023907935093853285,0.0002480608603632089,0.00023067658628440118,2.2292600745742373e-06,0.00022630723653823567,0.0002350459360305667
23,misspecified,lognormal_shaped_decay,42023,25,200,25,110,7.74858973363468e-05,0.0,7.74858973363468e-05,7.74858973363468e-05,0.00021323979486091707,2.0141197215368594e-06,0.00020929212020670483,0.0002171874695151293,0.00020169611898601558,1.9597693169983816e-06,0.00019785497112469874,0.00020553726684733242
23,misspecified,lognormal_shaped_decay,42023,26,200,26,108,6.794284215862072e-05,9.607131781302251e-22,6.794284215862072e-05,6.794284215862072e-05,0.0001886549045958079,1.8211090449968026e-06,0.00018508553086761414,0.00019222427832400163,0.00017825320764841657,1.773058002290589e-06,0.00017477801396392702,0.00018172840133290612
23,misspecified,lognormal_shaped_decay,42023,27,200,27,106,5.981791334906195e-05,0.0,5.981791334906195e-05,5.981791334906195e-05,0.0001667012096024159,1.652316548936166e-06,0.00016346266916650103,0.0001699397500383308,0.00015733464293729641,1.6095192131911062e-06,0.00015417998527944186,0.00016048930059515097
23,misspecified,lognormal_shaped_decay,42023,28,200,28,104,5.2869132999429305e-05,0.0,5.2869132999429305e-05,5.2869132999429305e-05,0.00014712745098876943,1.3885033644144488e-06,0.0001444059843945171,0.00014984891758302175,0.00013867213485585161,1.3523985896082518e-06,0.00013602143362021943,0.0001413228360914838
23,misspecified,lognormal_shaped_decay,42023,29,200,29,102,4.690089544007321e-05,4.803565890651126e-22,4.690089544007321e-05,4.690089544007321e-05,0.00012951169380662707,9.629494641227194e-07,0.00012762431285694655,0.0001313990747563076,0.00012187295626461529,9.342874199078797e-07,0.00012004175292159585,0.00012370415960763473
23,misspecified,lognormal_shaped_decay,42023,30,200,30,100,4.1754155005112126e-05,4.803565890651126e-22,4.1754155005112126e-05,4.1754155005112126e-05,0.00011480041103523569,8.398063548735785e-07,0.00011315439057968347,0.0001164464314907879,0.00010787804110776067,8.140773932825182e-07,0.00010628244941692693,0.00010947363279859441
23,misspecified,lognormal_shaped_decay,42023,31,200,31,98,3.729887795154921e-05,4.803565890651126e-22,3.729887795154921e-05,3.729887795154921e-05,0.00010253397604620182,7.407163961880988e-07,0.00010108217190967315,0.00010398578018273049,9.62291541877271e-05,7.177903192973236e-07,9.482228516190434e-05,9.763602321354986e-05
23,misspecified,lognormal_shaped_decay,42023,32,200,32,96,3.342819454604286e-05,0.0,3.342819454604286e-05,3.342819454604286e-05,9.265831515202719e-05,6.691041475837184e-07,9.13468710227631e-05,9.396975928129128e-05,8.68745172237513e-05,6.485102405474271e-07,8.560343715227835e-05,8.814559729522426e-05
23,misspecified,lognormal_shaped_decay,42023,33,200,33,94,3.005383775018281e-05,4.803565890651126e-22,3.005383775018281e-05,3.005383775018281e-05,8.304314634403915e-05,5.875513796925849e-07,8.189154563984169e-05,8.419474704823661e-05,7.77496167683499e-05,5.688885085422695e-07,7.663459529160705e-05,7.886463824509275e-05
23,misspecified,lognormal_shaped_decay,42023,34,200,34,92,2.710256269523391e-05,2.401782945325563e-22,2.710256269523391e-05,2.710256269523391e-05,7.520211392440576e-05,5.313671254862265e-07,7.416063435845275e-05,7.624359349035877e-05,7.033235147573035e-05,5.141773022895864e-07,6.932456396324275e-05,7.134013898821794e-05
23,misspecified,lognormal_shaped_decay,42023,35,200,35,90,2.451331902891827e-05,0.0,2.451331902891827e-05,2.451331902891827e-05,6.821135544003933e-05,4.619938827707645e-07,6.730584742980862e-05,6.911686345027003e-05,6.372306954986341e-05,4.466047123533885e-07,6.284772431365077e-05,6.459841478607606e-05
23,misspecified,lognormal_shaped_decay,42023,36,200,36,88,2.2235004995637774e-05,0.0,2.2235004995637774e-05,2.2235004995637774e-05,6.188979657899935e-05,4.2488677182672626e-07,6.105701850621897e-05,6.272257465177973e-05,5.774451402668472e-05,4.1051389816055456e-07,5.693990678629003e-05,5.8549121267079404e-05
23,misspecified,lognormal_shaped_decay,42023,37,200,37,86,2.0224673832411555e-05,2.401782945325563e-22,2.0224673832411555e-05,2.0224673832411555e-05,5.6020868933655344e-05,3.657986522248652e-07,5.5303903575294606e-05,5.673783429201608e-05,5.219551110029266e-05,3.528241555217298e-07,5.150397575547007e-05,5.288704644511525e-05
23,misspecified,lognormal_shaped_decay,42023,38,200,38,84,1.8446093952579013e-05,2.401782945325563e-22,1.8446093952579013e-05,1.8446093952579013e-05,5.101271338160518e-05,3.458120170510169e-07,5.0334921828185186e-05,5.169050493502517e-05,4.746995163485993e-05,3.332801613012911e-07,4.68167225187094e-05,4.8123180751010466e-05
23,misspecified,lognormal_shaped_decay,42023,39,200,39,82,1.6868587425353177e-05,2.401782945325563e-22,1.6868587425353177e-05,1.6868587425353177e-05,4.652068356504973e-05,3.171765847695134e-07,4.589901745890149e-05,4.714234967119798e-05,4.32326936383128e-05,3.0503261493272307e-07,4.263482971304466e-05,4.3830557563580936e-05
23,misspecified,lognormal_shaped_decay,42023,40,200,40,80,1.5466088556770075e-05,0.0,1.5466088556770075e-05,1.5466088556770075e-05,4.267305299418967e-05,2.854487634111873e-07,4.211357341790374e-05,4.3232532570475596e-05,3.961212847989196e-05,2.7444192101297797e-07,3.9074222314706526e-05,4.0150034645077395e-05
23,misspecified,lognormal_shaped_decay,42023,41,200,41,78,1.421637745135223e-05,3.6026744179883437e-22,1.421637745135223e-05,1.421637745135223e-05,3.945606781347432e-05,2.5528230918047054e-07,3.89557144874806e-05,3.995642113946804e-05,3.6591427181901834e-05,2.455485645463764e-07,3.6110151995390935e-05,3.707270236841273e-05
23,misspecified,lognormal_shaped_decay,42023,42,200,42,76,1.3100453377267371e-05,0.0,1.3100453377267371e-05,1.3100453377267371e-05,3.614200745650927e-05,2.257748644860946e-07,3.569948872211652e-05,3.6584526190902015e-05,3.3471586663880824e-05,2.1687935421071324e-07,3.3046503129627826e-05,3.389667019813382e-05
23,misspecified,lognormal_shaped_decay,42023,43,200,43,74,1.2102020365912014e-05,0.0,1.2102020365912014e-05,1.2102020365912014e-05,3.33728028071297e-05,2.0012753993199498e-07,3.298055282886299e-05,3.376505278539641e-05,3.086974616737256e-05,1.9223057919969734e-07,3.049297423214115e-05,3.124651810260396e-05
23,misspecified,lognormal_shaped_decay,42023,44,200,44,72,1.1207063331824258e-05,0.0,1.1207063331824258e-05,1.1207063331824258e-05,3.097433643937731e-05,1.879438524816655e-07,3.060596648851325e-05,3.134270639024138e-05,2.8619814050944243e-05,1.8042068376383916e-07,2.826618951076712e-05,2.8973438591121366e-05
23,misspecified,lognormal_shaped_decay,42023,45,200,45,70,1.0403497529808515e-05,0.0,1.0403497529808515e-05,1.0403497529808515e-05,2.8755283417936033e-05,1.810037693686857e-07,2.840051602997341e-05,2.9110050805898657e-05,2.6538559863780576e-05,1.737784141160532e-07,2.619795417211311e-05,2.687916555544804e-05
23,misspecified,lognormal_shaped_decay,42023,46,200,46,68,9.680877691626531e-06,0.0,9.680877691626531e-06,9.680877691626531e-06,2.6779118479120543e-05,1.5824469957929766e-07,2.646895886794512e-05,2.7089278090295967e-05,2.4685043102277174e-05,1.5197239836530953e-07,2.438717720148117e-05,2.498290900307318e-05
23,misspecified,lognormal_shaped_decay,42023,47,200,47,66,9.030155942444101e-06,1.2008914726627814e-22,9.030155942444101e-06,9.030155942444101e-06,2.5036057428475812e-05,1.4484724072274253e-07,2.4752156836659236e-05,2.531995802029239e-05,2.3053306634544085e-05,1.390915698749925e-07,2.27806871575891e-05,2.332592611149907e-05
23,misspecified,lognormal_shaped_decay,42023,48,200,48,64,8.443479766212059e-06,1.2008914726627814e-22,8.443479766212059e-06,8.443479766212059e-06,2.338000530304328e-05,1.3373604655855627e-07,2.3117882651788507e-05,2.364212795429805e-05,2.1501674268807393e-05,1.2834099541290117e-07,2.1250125917798108e-05,2.1753222619816678e-05
23,misspecified,lognormal_shaped_decay,42023,49,200,49,62,7.914023004567048e-06,1.2008914726627814e-22,7.914023004567048e-06,7.914023004567048e-06,2.1950383722648252e-05,1.2854305260081335e-07,2.169843933955066e-05,2.2202328105745845e-05,2.016530712905598e-05,1.2333116947566666e-07,1.9923578036883674e-05,2.0407036221228287e-05
23,misspecified,lognormal_shaped_decay,42023,50,200,50,60,7.435844238715449e-06,0.0,7.435844238715449e-06,7.435844238715449e-06,2.063060481728692e-05,1.1859797375198697e-07,2.0398152788733024e-05,2.0863056845840813e-05,1.8930752111450685e-05,1.1369703510858646e-07,1.8707905922637856e-05,1.9153598300263514e-05
23,misspecified,lognormal_shaped_decay,42023,51,200,51,58,7.003767997259593e-06,0.0,7.003767997259593e-06,7.003767997259593e-06,1.9392743208194748e-05,1.0447668250822314e-07,1.918796891047863e-05,1.9597517505910865e-05,1.7772285526722822e-05,1.000438124744932e-07,1.7576199654272816e-05,1.7968371399172828e-05
23,misspecified,lognormal_shaped_decay,42023,52,200,52,56,6.613285116451077e-06,6.004457363313907e-23,6.613285116451077e-06,6.613285116451077e-06,1.8338805747427634e-05,9.879301456672494e-08,1.8145171438876855e-05,1.8532440055978414e-05,1.6787588236563524e-05,9.447667548479929e-08,1.6602413952613318e-05,1.697276252051373e-05
23,misspecified,lognormal_shaped_decay,42023,53,200,53,54,6.260469301243457e-06,6.004457363313907e-23,6.260469301243457e-06,6.260469301243457e-06,1.7325898334300825e-05,9.459115434427476e-08,1.7140499671786046e-05,1.7511296996815605e-05,1.5840619695192165e-05,9.045290830195304e-08,1.5663331994920337e-05,1.6017907395463993e-05
23,misspecified,lognormal_shaped_decay,42023,54,200,54,52,5.941907534626608e-06,0.0,5.941907534626608e-06,5.941907534626608e-06,1.646760717636979e-05,9.020365108352592e-08,1.6290808020246078e-05,1.6644406332493503e-05,1.5040103462144305e-05,8.624249516682332e-08,1.4871068171617332e-05,1.5209138752671278e-05
23,misspecified,lognormal_shaped_decay,42023,55,200,55,50,5.654642491372893e-06,0.0,5.654642491372893e-06,5.654642491372893e-06,1.5722004020499634e-05,8.469440878466313e-08,1.5556002979281696e-05,1.5888005061717573e-05,1.4345014006125057e-05,8.092560540930059e-08,1.4186399819522827e-05,1.4503628192727286e-05
23,misspecified,lognormal_shaped_decay,42023,56,200,56,48,5.396125558833119e-06,0.0,5.396125558833119e-06,5.396125558833119e-06,1.4999494911685877e-05,7.738653934096086e-08,1.4847817294577593e-05,1.5151172528794161e-05,1.3670171914381422e-05,7.392947688040851e-08,1.3525270139695822e-05,1.3815073689067022e-05
23,misspecified,lognormal_shaped_decay,42023,57,200,57,46,5.164179478605304e-06,0.0,5.164179478605304e-06,5.164179478605304e-06,1.4374354612711265e-05,7.101493421995222e-08,1.423516534164016e-05,1.4513543883782371e-05,1.3086140093609205e-05,6.7836717698219e-08,1.2953180126920696e-05,1.3219100060297714e-05
23,misspecified,lognormal_shaped_decay,42023,58,200,58,44,4.956970026868943e-06,0.0,4.956970026868943e-06,4.956970026868943e-06,1.3797735303870357e-05,6.611868080072603e-08,1.3668142689500933e-05,1.392732791823978e-05,1.2546841664325573e-05,6.308544125031753e-08,1.242319419947495e-05,1.2670489129176195e-05
23,misspecified,lognormal_shaped_decay,42023,59,200,59,42,4.772986580939048e-06,6.004457363313907e-23,4.772986580939048e-06,4.772986580939048e-06,1.3331744561462986e-05,6.333047029323045e-08,1.3207616839688254e-05,1.3455872283237717e-05,1.2111506135450794e-05,6.03934231553057e-08,1.1993135026066395e-05,1.2229877244835194e-05
23,misspecified,lognormal_shaped_decay,42023,60,200,60,40,4.611031918298647e-06,6.004457363313907e-23,4.611031918298647e-06,4.611031918298647e-06,1.2843853563785034e-05,6.265513106549695e-08,1.272104950689666e-05,1.2966657620673407e-05,1.1653575711716706e-05,5.970721654297342e-08,1.1536549567292477e-05,1.1770601856140935e-05
23,misspecified,lognormal_shaped_decay,42023,61,200,61,38,4.470222223572587e-06,0.0,4.470222223572587e-06,4.470222223572587e-06,1.2440856755753237e-05,5.9390624716461195e-08,1.2324451131308973e-05,1.2557262380197501e-05,1.12748633415852e-05,5.650949869447937e-08,1.1164104724144021e-05,1.138562195902638e-05
23,misspecified,lognormal_shaped_decay,42023,62,200,62,36,4.349999132350674e-06,6.004457363313907e-23,4.349999132350674e-06,4.349999132350674e-06,1.2060890303991921e-05,5.412821758997912e-08,1.1954798997515563e-05,1.216698161046828e-05,1.091601424856143e-05,5.149459819183449e-08,1.0815084836105435e-05,1.1016943661017426e-05
23,misspecified,lognormal_shaped_decay,42023,63,200,63,34,4.250156868331647e-06,0.0,4.250156868331647e-06,4.250156868331647e-06,1.1795407453251726e-05,5.182243221277007e-08,1.1693835486114696e-05,1.1896979420388756e-05,1.0664648832029826e-05,4.9294811818692596e-08,1.056803100086519e-05,1.0761266663194463e-05
23,misspecified,lognormal_shaped_decay,42023,64,200,64,32,4.170889381070482e-06,6.004457363313907e-23,4.170889381070482e-06,4.170889381070482e-06,1.1577532313353928e-05,5.064336810756457e-08,1.1478271311863102e-05,1.1676793314844754e-05,1.0456246223753139e-05,4.813910555602871e-08,1.0361893576863322e-05,1.0550598870642955e-05
23,misspecified,lognormal_shaped_decay,42023,65,200,65,30,4.1128652942987576e-06,6.004457363313907e-23,4.1128652942987576e-06,4.1128652942987576e-06,1.1443301555041844e-05,5.1486852693292115e-08,1.1342387323762992e-05,1.1544215786320697e-05,1.032512790347379e-05,4.895482877393661e-08,1.0229176439076873e-05,1.0421079367870705e-05
23,misspecified,lognormal_shaped_decay,42023,66,200,66,28,4.077343192038876e-06,1.2008914726627814e-22,4.077343192038876e-06,4.077343192038876e-06,1.134662296294775e-05,4.988019233606438e-08,1.1248857785969064e-05,1.1444388139926437e-05,1.0226402057464277e-05,4.740443138821807e-08,1.0133489371943369e-05,1.0319314742985185e-05
23,misspecified,lognormal_shaped_decay,42023,67,200,67,26,4.066347707254365e-06,6.004457363313907e-23,4.066347707254365e-06,4.066347707254365e-06,1.1321726665720622e-05,4.62478485920538e-08,1.1231080882480196e-05,1.1412372448961048e-05,1.019327228392049e-05,4.3875068124352334e-08,1.0107277150396759e-05,1.0279267417444221e-05
23,misspecified,lognormal_shaped_decay,42023,68,200,68,24,4.082940727821161e-06,0.0,4.082940727821161e-06,4.082940727821161e-06,1.1334528618407817e-05,4.642791694468463e-08,1.1243529901196236e-05,1.1425527335619399e-05,1.0191831798987612e-05,4.3967304719589856e-08,1.0105655881737216e-05,1.0278007716238007e-05
23,misspecified,lognormal_shaped_decay,42023,69,200,69,22,4.1316471799044776e-06,6.004457363313907e-23,4.1316471799044776e-06,4.1316471799044776e-06,1.1472626456039212e-05,4.693751661640223e-08,1.1380628923471063e-05,1.1564623988607361e-05,1.0305194095887222e-05,4.443587524819316e-08,1.0218099780400764e-05,1.0392288411373681e-05
23,misspecified,lognormal_shaped_decay,42023,70,200,70,20,4.219142591566626e-06,6.004457363313907e-23,4.219142591566626e-06,4.219142591566626e-06,1.1745262137854872e-05,4.730508799030284e-08,1.1652544165393879e-05,1.1837980110315865e-05,1.054038917877863e-05,4.476725517708508e-08,1.0452645358631543e-05,1.0628132998925716e-05
23,misspecified,lognormal_shaped_decay,42023,71,200,71,18,4.355405094176647e-06,6.004457363313907e-23,4.355405094176647e-06,4.355405094176647e-06,1.2112856909232633e-05,4.915719704520608e-08,1.201650880302403e-05,1.2209205015441236e-05,1.0857638113037465e-05,4.651921020110306e-08,1.0766460461043303e-05,1.0948815765031627e-05
23,misspecified,lognormal_shaped_decay,42023,72,200,72,16,4.5557373317607926e-06,0.0,4.5557373317607926e-06,4.5557373317607926e-06,1.2669047624511709e-05,5.181956162853673e-08,1.2567481283719777e-05,1.2770613965303641e-05,1.1343620827272728e-05,4.897798709385283e-08,1.1247623972568777e-05,1.143961768197668e-05
23,misspecified,lognormal_shaped_decay,42023,73,200,73,14,4.8445272926029835e-06,6.004457363313907e-23,4.8445272926029835e-06,4.8445272926029835e-06,1.3476115375843683e-05,5.478136400327334e-08,1.3368743902397268e-05,1.3583486849290098e-05,1.2053219386876231e-05,5.17298706631423e-08,1.1951828840376472e-05,1.215460993337599e-05
23,misspecified,lognormal_shaped_decay,42023,74,200,74,12,5.262775911099632e-06,0.0,5.262775911099632e-06,5.262775911099632e-06,1.4658546911272183e-05,5.883555122699194e-08,1.4543229230867279e-05,1.4773864591677087e-05,1.3097436692416908e-05,5.5534351692312767e-08,1.2988589363099975e-05,1.3206284021733841e-05
23,misspecified,lognormal_shaped_decay,42023,75,200,75,10,5.88466399535347e-06,0.0,5.88466399535347e-06,5.88466399535347e-06,1.636901995732476e-05,6.751503641242879e-08,1.6236690485956398e-05,1.650134942869312e-05,1.460873256640008e-05,6.373787952527211e-08,1.4483806322530548e-05,1.4733658810269613e-05
23,misspecified,lognormal_shaped_decay,42023,76,200,76,8,6.858976307113019e-06,1.2008914726627814e-22,6.858976307113019e-06,6.858976307113019e-06,1.9150813874804774e-05,7.930584730712113e-08,1.8995374414082817e-05,1.930625333552673e-05,1.7077612255731336e-05,7.482708762735343e-08,1.6930951163981723e-05,1.7224273347480948e-05
