setup,algorithm,trial,trial_seed,exact_trace,estimate,squared_error,relative_error,b_final,r_pilot_actual,q_0,q_adapt_raw,q_target,r_actual,ell_eff,guard_applied,guard_relaxed_for_pilot_floor,max_adjacent_log_gap,gap_location,stop_reason,query_count
Power-Law (c=2.0),Hutch++ (Standard),0,1000,1.6429360655148941,1.6432536156410555,1.0083808262513022e-07,0.00019328209589330222,0,0,53,53,53,53,54,False,False,,0,not_applicable,160
Power-Law (c=2.0),Hutch++ (Standard),1,1001,1.6429360655148941,1.6423516057094154,3.415932642202243e-07,0.00035574105270831213,0,0,53,53,53,53,54,False,False,,0,not_applicable,160
Power-Law (c=2.0),Hutch++ (Standard),2,1002,1.6429360655148941,1.6426963980200535,5.744050808317473e-08,0.00014587755413689844,0,0,53,53,53,53,54,False,False,,0,not_applicable,160
Power-Law (c=2.0),Hutch++ (Standard),3,1003,1.6429360655148941,1.6426642251605499,7.389717825000404e-08,0.00016546009309196665,0,0,53,53,53,53,54,False,False,,0,not_applicable,160
Power-Law (c=2.0),Hutch++ (Standard),4,1004,1.6429360655148941,1.643256739724516,1.0283194871655661e-07,0.00019518362056364393,0,0,53,53,53,53,54,False,False,,0,not_applicable,160
Power-Law (c=2.0),Hutch++ (Standard),5,1005,1.6429360655148941,1.642613342877923,1.041499004135704e-07,0.00019643042948840715,0,0,53,53,53,53,54,False,False,,0,not_applicable,160
Power-Law (c=2.0),Hutch++ (Standard),6,1006,1.6429360655148941,1.6429527949129055,2.798727578218004e-10,1.0182622661032303e-05,0,0,53,53,53,53,54,False,False,,0,not_applicable,160
Power-Law (c=2.0),Hutch++ (Standard),7,1007,1.6429360655148941,1.6427201817245827,4.660581091924036e-08,0.00013140121203912916,0,0,53,53,53,53,54,False,False,,0,not_applicable,160
Power-Law (c=2.0),Hutch++ (Standard),8,1008,1.6429360655148941,1.643153956184629,4.7476343957464876e-08,0.0001326227321368585,0,0,53,53,53,53,54,False,False,,0,not_applicable,160
Power-Law (c=2.0),Hutch++ (Standard),9,1009,1.6429360655148941,1.643190330596084,6.465073151248808e-08,0.00015476261464269307,0,0,53,53,53,53,54,False,False,,0,not_applicable,160
Power-Law (c=2.0),Hutch++ (Standard),10,1010,1.6429360655148941,1.6431523712437628,4.6788168341402184e-08,0.0001316580318667908,0,0,53,53,53,53,54,False,False,,0,not_applicable,160
Power-Law (c=2.0),Hutch++ (Standard),11,1011,1.6429360655148941,1.6426989346226406,5.6231060060951996e-08,0.000144333609341765,0,0,53,53,53,53,54,False,False,,0,not_applicable,160
Power-Law (c=2.0),Hutch++ (Standard),12,1012,1.6429360655148941,1.6425463103597893,1.5190908093081738e-07,0.00023723087178241246,0,0,53,53,53,53,54,False,False,,0,not_applicable,160
Power-Law (c=2.0),Hutch++ (Standard),13,1013,1.6429360655148941,1.6436376746589392,4.922553910076215e-07,0.00042704592027150015,0,0,53,53,53,53,54,False,False,,0,not_applicable,160
Power-Law (c=2.0),Hutch++ (Standard),14,1014,1.6429360655148941,1.643757522098188,6.747909182367243e-07,0.0004999930310960438,0,0,53,53,53,53,54,False,False,,0,not_applicable,160
Power-Law (c=2.0),Hutch++ (Standard),15,1015,1.6429360655148941,1.6430767671876194,1.979696070769327e-08,8.564038228790692e-05,0,0,53,53,53,53,54,False,False,,0,not_applicable,160
Power-Law (c=2.0),Hutch++ (Standard),16,1016,1.6429360655148941,1.643129601235457,3.745607513380462e-08,0.00011779869261209243,0,0,53,53,53,53,54,False,False,,0,not_applicable,160
Power-Law (c=2.0),Hutch++ (Standard),17,1017,1.6429360655148941,1.6424711594771066,2.1613762397125613e-07,0.00028297268989696295,0,0,53,53,53,53,54,False,False,,0,not_applicable,160
Power-Law (c=2.0),Hutch++ (Standard),18,1018,1.6429360655148941,1.64395200205727,1.0321270581346206e-06,0.0006183664499795786,0,0,53,53,53,53,54,False,False,,0,not_applicable,160
Power-Law (c=2.0),Hutch++ (Standard),19,1019,1.6429360655148941,1.64226521214877,4.500442388401133e-07,0.00040832591127878926,0,0,53,53,53,53,54,False,False,,0,not_applicable,160
Power-Law (c=2.0),Hutch++ (Standard),20,1020,1.6429360655148941,1.6424636058019602,2.2321818034564958e-07,0.00028757035824513474,0,0,53,53,53,53,54,False,False,,0,not_applicable,160
Power-Law (c=2.0),Hutch++ (Standard),21,1021,1.6429360655148941,1.6430229091531527,7.541817505993308e-09,5.2858805696373247e-05,0,0,53,53,53,53,54,False,False,,0,not_applicable,160
Power-Law (c=2.0),Hutch++ (Standard),22,1022,1.6429360655148941,1.6431851294650608,6.203285127262118e-08,0.00015159686088490914,0,0,53,53,53,53,54,False,False,,0,not_applicable,160
Power-Law (c=2.0),Hutch++ (Standard),23,1023,1.6429360655148941,1.6431744270579907,5.68162252273601e-08,0.00014508266517469762,0,0,53,53,53,53,54,False,False,,0,not_applicable,160
Power-Law (c=2.0),Hutch++ (Standard),24,1024,1.6429360655148941,1.6432939950101961,1.2811352360714493e-07,0.00021785966162342783,0,0,53,53,53,53,54,False,False,,0,not_applicable,160
Power-Law (c=2.0),Hutch++ (Standard),25,1025,1.6429360655148941,1.642834848133292,1.0244958338401544e-08,6.160762048306468e-05,0,0,53,53,53,53,54,False,False,,0,not_applicable,160
Power-Law (c=2.0),Hutch++ (Standard),26,1026,1.6429360655148941,1.64311607005001,3.2401632662293946e-08,0.0001095627145171314,0,0,53,53,53,53,54,False,False,,0,not_applicable,160
Power-Law (c=2.0),Hutch++ (Standard),27,1027,1.6429360655148941,1.6436053350942004,4.479217697847541e-07,0.0004073619134390928,0,0,53,53,53,53,54,False,False,,0,not_applicable,160
Power-Law (c=2.0),Hutch++ (Standard),28,1028,1.6429360655148941,1.642505750252644,1.8517122492548935e-07,0.00026191844666540674,0,0,53,53,53,53,54,False,False,,0,not_applicable,160
Power-Law (c=2.0),Hutch++ (Standard),29,1029,1.6429360655148941,1.6423334839728483,3.6310451481434677e-07,0.0003667711450822618,0,0,53,53,53,53,54,False,False,,0,not_applicable,160
Power-Law (c=2.0),Hutch++ (Standard),30,1030,1.6429360655148941,1.642946189999652,1.0250519161296423e-10,6.162433810062919e-06,0,0,53,53,53,53,54,False,False,,0,not_applicable,160
Power-Law (c=2.0),Hutch++ (Standard),31,1031,1.6429360655148941,1.6421740392823378,5.806839791039158e-07,0.0004638197727538842,0,0,53,53,53,53,54,False,False,,0,not_applicable,160
Power-Law (c=2.0),Hutch++ (Standard),32,1032,1.6429360655148941,1.6431991752872945,6.922675233259293e-08,0.00016014608110629473,0,0,53,53,53,53,54,False,False,,0,not_applicable,160
Power-Law (c=2.0),Hutch++ (Standard),33,1033,1.6429360655148941,1.6432265157878174,8.436136104121523e-08,0.0001767873254594761,0,0,53,53,53,53,54,False,False,,0,not_applicable,160
Power-Law (c=2.0),Hutch++ (Standard),34,1034,1.6429360655148941,1.6431079041553547,2.952851835533127e-08,0.00010459240871719447,0,0,53,53,53,53,54,False,False,,0,not_applicable,160
Power-Law (c=2.0),Hutch++ (Standard),35,1035,1.6429360655148941,1.6431858460684778,6.239032494858545e-08,0.00015203303331552998,0,0,53,53,53,53,54,False,False,,0,not_applicable,160
Power-Law (c=2.0),Hutch++ (Standard),36,1036,1.6429360655148941,1.64324620861525,9.618874269832005e-08,0.00018877368807326123,0,0,53,53,53,53,54,False,False,,0,not_applicable,160
Power-Law (c=2.0),Hutch++ (Standard),37,1037,1.6429360655148941,1.6437682548942572,6.925391631246154e-07,0.000506525723569296,0,0,53,53,53,53,54,False,False,,0,not_applicable,160
Power-Law (c=2.0),Hutch++ (Standard),38,1038,1.6429360655148941,1.643363501895877,1.8270185978772432e-07,0.0002601661683340682,0,0,53,53,53,53,54,False,False,,0,not_applicable,160
Power-Law (c=2.0),Hutch++ (Standard),39,1039,1.6429360655148941,1.6430839957528838,2.1883355311673402e-08,9.004016717064713e-05,0,0,53,53,53,53,54,False,False,,0,not_applicable,160
Power-Law (c=2.0),Hutch++ (Standard),40,1040,1.6429360655148941,1.6429524010106713,2.668484222861194e-10,9.942867601519235e-06,0,0,53,53,53,53,54,False,False,,0,not_applicable,160
Power-Law (c=2.0),Hutch++ (Standard),41,1041,1.6429360655148941,1.6428381808417267,9.581409241089351e-09,5.957911279811506e-05,0,0,53,53,53,53,54,False,False,,0,not_applicable,160
Power-Law (c=2.0),Hutch++ (Standard),42,1042,1.6429360655148941,1.642461772057855,2.2495428339019431e-07,0.00028868649669003146,0,0,53,53,53,53,54,False,False,,0,not_applicable,160
Power-Law (c=2.0),Hutch++ (Standard),43,1043,1.6429360655148941,1.642258552586331,4.590237683703075e-07,0.00041237936325348474,0,0,53,53,53,53,54,False,False,,0,not_applicable,160
Power-Law (c=2.0),Hutch++ (Standard),44,1044,1.6429360655148941,1.6426451854824828,8.461119325559268e-08,0.00017704890562502066,0,0,53,53,53,53,54,False,False,,0,not_applicable,160
Power-Law (c=2.0),Hutch++ (Standard),45,1045,1.6429360655148941,1.64316405013575,5.197698734682517e-08,0.00013876658114781023,0,0,53,53,53,53,54,False,False,,0,not_applicable,160
Power-Law (c=2.0),Hutch++ (Standard),46,1046,1.6429360655148941,1.6429005936993466,1.2582496982378166e-09,2.1590502693366048e-05,0,0,53,53,53,53,54,False,False,,0,not_applicable,160
Power-Law (c=2.0),Hutch++ (Standard),47,1047,1.6429360655148941,1.6434962402357092,3.1379571784021157e-07,0.00034095953736305927,0,0,53,53,53,53,54,False,False,,0,not_applicable,160
Power-Law (c=2.0),Hutch++ (Standard),48,1048,1.6429360655148941,1.6435956578926874,4.350621048429241e-07,0.0004014717259168039,0,0,53,53,53,53,54,False,False,,0,not_applicable,160
Power-Law (c=2.0),Hutch++ (Standard),49,1049,1.6429360655148941,1.642611670868425,1.0523188665778032e-07,0.00019744812551021924,0,0,53,53,53,53,54,False,False,,0,not_applicable,160
Power-Law (c=2.0),Sequential Pilot Safe (Ours),0,1000,1.6429360655148941,1.6426458607727301,8.42187923744813e-08,0.00017663787913321097,24,24,53,62,62,62,36,False,False,1.38642322316468,1,horizon_resolved_stop_at_b=24,160
Power-Law (c=2.0),Sequential Pilot Safe (Ours),1,1001,1.6429360655148941,1.642550954280947,1.483106625121979e-07,0.00023440427295405957,24,24,53,62,62,62,36,False,False,1.3863657648384204,1,horizon_resolved_stop_at_b=24,160
Power-Law (c=2.0),Sequential Pilot Safe (Ours),2,1002,1.6429360655148941,1.6423554704711383,3.3709060483385664e-07,0.0003533887020575518,24,24,53,62,62,62,36,False,False,1.3864659084925037,1,horizon_resolved_stop_at_b=24,160
Power-Law (c=2.0),Sequential Pilot Safe (Ours),3,1003,1.6429360655148941,1.64276353165703,2.9767932109503566e-08,0.00010501556419977118,24,24,53,62,62,62,36,False,False,1.3863384451444303,1,horizon_resolved_stop_at_b=24,160
Power-Law (c=2.0),Sequential Pilot Safe (Ours),4,1004,1.6429360655148941,1.6425716305508022,1.3281284305265458e-07,0.00022181932196958193,24,24,53,62,62,62,36,False,False,1.3863129500694147,1,horizon_resolved_stop_at_b=24,160
Power-Law (c=2.0),Sequential Pilot Safe (Ours),5,1005,1.6429360655148941,1.6424863612523828,2.022339237208693e-07,0.0002737198798849208,24,24,53,62,62,62,36,False,False,1.386323045394348,1,horizon_resolved_stop_at_b=24,160
Power-Law (c=2.0),Sequential Pilot Safe (Ours),6,1006,1.6429360655148941,1.642786925642859,2.224270143062217e-08,9.077643078477302e-05,24,24,53,62,62,62,36,False,False,1.3863564052174604,1,horizon_resolved_stop_at_b=24,160
Power-Law (c=2.0),Sequential Pilot Safe (Ours),7,1007,1.6429360655148941,1.642621074629876,9.921925764453935e-08,0.00019172437176943164,24,24,53,62,62,62,36,False,False,1.3863907004814047,1,horizon_resolved_stop_at_b=24,160
Power-Law (c=2.0),Sequential Pilot Safe (Ours),8,1008,1.6429360655148941,1.6428340427057098,1.0408653593869468e-08,6.209785719956896e-05,24,24,53,62,62,62,36,False,False,1.386447105820855,1,horizon_resolved_stop_at_b=24,160
Power-Law (c=2.0),Sequential Pilot Safe (Ours),9,1009,1.6429360655148941,1.6424685884394028,2.1853481610992602e-07,0.0002845375941910573,24,24,53,61,61,61,38,False,False,1.3863248543032642,1,horizon_resolved_stop_at_b=24,160
Power-Law (c=2.0),Sequential Pilot Safe (Ours),10,1010,1.6429360655148941,1.6422791664235223,4.3151641624508015e-07,0.0003998324129344109,24,24,53,62,62,62,36,False,False,1.3864157506337695,1,horizon_resolved_stop_at_b=24,160
Power-Law (c=2.0),Sequential Pilot Safe (Ours),11,1011,1.6429360655148941,1.6429823172320837,2.1392213429800006e-09,2.815186674658086e-05,24,24,53,62,62,62,36,False,False,1.3863924222644164,1,horizon_resolved_stop_at_b=24,160
Power-Law (c=2.0),Sequential Pilot Safe (Ours),12,1012,1.6429360655148941,1.6420630927295559,7.620814839412507e-07,0.0005313492129498525,24,24,53,62,62,62,36,False,False,1.3864828994018628,1,horizon_resolved_stop_at_b=24,160
Power-Law (c=2.0),Sequential Pilot Safe (Ours),13,1013,1.6429360655148941,1.6428616221978052,5.541807459205331e-09,4.5311146703457e-05,24,24,53,62,62,62,36,False,False,1.386361734980455,1,horizon_resolved_stop_at_b=24,160
Power-Law (c=2.0),Sequential Pilot Safe (Ours),14,1014,1.6429360655148941,1.642921572020421,2.100613820395307e-10,8.821703276980625e-06,24,24,53,62,62,62,36,False,False,1.3864231221386647,1,horizon_resolved_stop_at_b=24,160
Power-Law (c=2.0),Sequential Pilot Safe (Ours),15,1015,1.6429360655148941,1.6428419419044586,8.859254041410273e-09,5.728988024009518e-05,24,24,53,62,62,62,36,False,False,1.3863483170526198,1,horizon_resolved_stop_at_b=24,160
Power-Law (c=2.0),Sequential Pilot Safe (Ours),16,1016,1.6429360655148941,1.6434522018244622,2.663966900545138e-07,0.00031415483560297996,24,24,53,62,62,62,36,False,False,1.3863531839585126,1,horizon_resolved_stop_at_b=24,160
Power-Law (c=2.0),Sequential Pilot Safe (Ours),17,1017,1.6429360655148941,1.6431233926839697,3.509146827385829e-08,0.00011401975585509967,24,24,53,61,61,61,38,False,False,1.3863778507320885,1,horizon_resolved_stop_at_b=24,160
Power-Law (c=2.0),Sequential Pilot Safe (Ours),18,1018,1.6429360655148941,1.6429106004179135,6.484711642338093e-10,1.549974920823672e-05,24,24,53,62,62,62,36,False,False,1.3863537183559826,1,horizon_resolved_stop_at_b=24,160
Power-Law (c=2.0),Sequential Pilot Safe (Ours),19,1019,1.6429360655148941,1.6434159421137824,2.3028155016056638e-07,0.00029208476760650436,24,24,53,62,62,62,36,False,False,1.3863577815170482,1,horizon_resolved_stop_at_b=24,160
Power-Law (c=2.0),Sequential Pilot Safe (Ours),20,1020,1.6429360655148941,1.642762147798538,3.0247372062562594e-08,0.00010585787238270553,24,24,53,61,61,61,38,False,False,1.3865108538326414,1,horizon_resolved_stop_at_b=24,160
Power-Law (c=2.0),Sequential Pilot Safe (Ours),21,1021,1.6429360655148941,1.6429925119232045,3.1861970111413783e-09,3.435703281167125e-05,24,24,53,62,62,62,36,False,False,1.38635176160346,1,horizon_resolved_stop_at_b=24,160
Power-Law (c=2.0),Sequential Pilot Safe (Ours),22,1022,1.6429360655148941,1.6432239286271346,8.286517138878325e-08,0.00017521260764963368,24,24,53,62,62,62,36,False,False,1.386377484898677,1,horizon_resolved_stop_at_b=24,160
Power-Law (c=2.0),Sequential Pilot Safe (Ours),23,1023,1.6429360655148941,1.6430242515768199,7.776781517969113e-09,5.367589389310473e-05,24,24,53,62,62,62,36,False,False,1.386430359967091,1,horizon_resolved_stop_at_b=24,160
Power-Law (c=2.0),Sequential Pilot Safe (Ours),24,1024,1.6429360655148941,1.6429592975035883,5.397252986846026e-10,1.4140531200073285e-05,24,24,53,62,62,62,36,False,False,1.3863300577630187,1,horizon_resolved_stop_at_b=24,160
Power-Law (c=2.0),Sequential Pilot Safe (Ours),25,1025,1.6429360655148941,1.6431023430169123,2.7648207677393126e-08,0.00010120753053529844,24,24,53,62,62,62,36,False,False,1.386351721034305,1,horizon_resolved_stop_at_b=24,160
Power-Law (c=2.0),Sequential Pilot Safe (Ours),26,1026,1.6429360655148941,1.6433261117968436,1.5213610206262615e-07,0.00023740807091434597,24,24,53,62,62,62,36,False,False,1.3864191975231086,1,horizon_resolved_stop_at_b=24,160
Power-Law (c=2.0),Sequential Pilot Safe (Ours),27,1027,1.6429360655148941,1.6427296327439127,4.261448893506904e-08,0.00012564869401459526,24,24,53,62,62,62,36,False,False,1.3863189274430552,1,horizon_resolved_stop_at_b=24,160
Power-Law (c=2.0),Sequential Pilot Safe (Ours),28,1028,1.6429360655148941,1.6430925091105153,2.447459861088004e-08,9.52219620135616e-05,24,24,53,62,62,62,36,False,False,1.386409721256634,1,horizon_resolved_stop_at_b=24,160
Power-Law (c=2.0),Sequential Pilot Safe (Ours),29,1029,1.6429360655148941,1.6431869328487518,6.293441919687433e-08,0.00015269451996544108,24,24,53,62,62,62,36,False,False,1.3863686759390228,1,horizon_resolved_stop_at_b=24,160
Power-Law (c=2.0),Sequential Pilot Safe (Ours),30,1030,1.6429360655148941,1.642225523356669,5.048701586153129e-07,0.0004324831459601006,24,24,53,62,62,62,36,False,False,1.3864031330047197,1,horizon_resolved_stop_at_b=24,160
Power-Law (c=2.0),Sequential Pilot Safe (Ours),31,1031,1.6429360655148941,1.6424551305421071,2.3129844804963824e-07,0.00029272896424991534,24,24,53,62,62,62,36,False,False,1.3864840921989119,1,horizon_resolved_stop_at_b=24,160
Power-Law (c=2.0),Sequential Pilot Safe (Ours),32,1032,1.6429360655148941,1.6431956419384641,6.737991967338997e-08,0.00015799545035165142,24,24,53,62,62,62,36,False,False,1.386393177351135,1,horizon_resolved_stop_at_b=24,160
Power-Law (c=2.0),Sequential Pilot Safe (Ours),33,1033,1.6429360655148941,1.6426418967903678,8.653523848946953e-08,0.00017905062205459272,24,24,53,61,61,61,38,False,False,1.3863612554379372,1,horizon_resolved_stop_at_b=24,160
Power-Law (c=2.0),Sequential Pilot Safe (Ours),34,1034,1.6429360655148941,1.6428477971832727,7.791298367235149e-09,5.372596869360938e-05,24,24,53,62,62,62,36,False,False,1.3864029202229777,1,horizon_resolved_stop_at_b=24,160
Power-Law (c=2.0),Sequential Pilot Safe (Ours),35,1035,1.6429360655148941,1.6434773255224333,2.929623957613125e-07,0.0003294467867010693,24,24,53,61,61,61,38,False,False,1.3863395225478299,1,horizon_resolved_stop_at_b=24,160
Power-Law (c=2.0),Sequential Pilot Safe (Ours),36,1036,1.6429360655148941,1.6433693833181693,1.8776431863520788e-07,0.00026374599253766823,24,24,53,62,62,62,36,False,False,1.386324156276023,1,horizon_resolved_stop_at_b=24,160
Power-Law (c=2.0),Sequential Pilot Safe (Ours),37,1037,1.6429360655148941,1.6429203524580922,2.4690015406051547e-10,9.564009903818354e-06,24,24,53,62,62,62,36,False,False,1.3863359703441578,1,horizon_resolved_stop_at_b=24,160
Power-Law (c=2.0),Sequential Pilot Safe (Ours),38,1038,1.6429360655148941,1.643032197885733,9.241432723094455e-09,5.851254522719536e-05,24,24,53,62,62,62,36,False,False,1.3863293001198629,1,horizon_resolved_stop_at_b=24,160
Power-Law (c=2.0),Sequential Pilot Safe (Ours),39,1039,1.6429360655148941,1.6430342061065641,9.631575733340636e-09,5.973488179484206e-05,24,24,53,62,62,62,36,False,False,1.3863451561313385,1,horizon_resolved_stop_at_b=24,160
Power-Law (c=2.0),Sequential Pilot Safe (Ours),40,1040,1.6429360655148941,1.6430865839216457,2.2655790771046353e-08,9.161549856442435e-05,24,24,53,62,62,62,36,False,False,1.3863218548681258,1,horizon_resolved_stop_at_b=24,160
Power-Law (c=2.0),Sequential Pilot Safe (Ours),41,1041,1.6429360655148941,1.642738925345932,3.886424621845172e-08,0.00011999259928622613,24,24,53,62,62,62,36,False,False,1.3864365397484413,1,horizon_resolved_stop_at_b=24,160
Power-Law (c=2.0),Sequential Pilot Safe (Ours),42,1042,1.6429360655148941,1.6425964346191257,1.1534914536043463e-07,0.00020672191870226166,24,24,53,62,62,62,36,False,False,1.3863656254527883,1,horizon_resolved_stop_at_b=24,160
Power-Law (c=2.0),Sequential Pilot Safe (Ours),43,1043,1.6429360655148941,1.6423088692486387,3.9337515640471853e-07,0.0003817533009471313,24,24,53,62,62,62,36,False,False,1.3863296265838276,1,horizon_resolved_stop_at_b=24,160
Power-Law (c=2.0),Sequential Pilot Safe (Ours),44,1044,1.6429360655148941,1.6428807510192185,3.0596934318504154e-09,3.3668075609688856e-05,24,24,53,62,62,62,36,False,False,1.3863476872170089,1,horizon_resolved_stop_at_b=24,160
Power-Law (c=2.0),Sequential Pilot Safe (Ours),45,1045,1.6429360655148941,1.6433079592547197,1.3830495372147234e-07,0.0002263592282326888,24,24,53,62,62,62,36,False,False,1.3863441874558977,1,horizon_resolved_stop_at_b=24,160
Power-Law (c=2.0),Sequential Pilot Safe (Ours),46,1046,1.6429360655148941,1.6431222879353524,3.467878988134525e-08,0.00011334733247816986,24,24,53,62,62,62,36,False,False,1.386385828387511,1,horizon_resolved_stop_at_b=24,160
Power-Law (c=2.0),Sequential Pilot Safe (Ours),47,1047,1.6429360655148941,1.6431881835739284,6.356351569119522e-08,0.00015345579437093423,24,24,53,62,62,62,36,False,False,1.3863621538278832,1,horizon_resolved_stop_at_b=24,160
Power-Law (c=2.0),Sequential Pilot Safe (Ours),48,1048,1.6429360655148941,1.6426143256218757,1.0351655875950727e-07,0.00019583226625291208,24,24,53,62,62,62,36,False,False,1.3864166491390002,1,horizon_resolved_stop_at_b=24,160
Power-Law (c=2.0),Sequential Pilot Safe (Ours),49,1049,1.6429360655148941,1.642882715837553,2.846188072406251e-09,3.247215668398134e-05,24,24,53,62,62,62,36,False,False,1.3863376520948845,1,horizon_resolved_stop_at_b=24,160
Power-Law (c=2.0),Sequential Pilot Trust-Region (s=4),0,1000,1.6429360655148941,1.6429759162913573,1.588084384718299e-09,2.4255829121804742e-05,24,24,53,62,57,57,46,True,False,1.38642322316468,1,horizon_resolved_stop_at_b=24,160
Power-Law (c=2.0),Sequential Pilot Trust-Region (s=4),1,1001,1.6429360655148941,1.6435432436755868,3.6866531882213064e-07,0.00036956895246095805,24,24,53,62,57,57,46,True,False,1.3863657648384204,1,horizon_resolved_stop_at_b=24,160
Power-Law (c=2.0),Sequential Pilot Trust-Region (s=4),2,1002,1.6429360655148941,1.6431348631085831,3.9520483256542766e-08,0.00012100141804770246,24,24,53,62,57,57,46,True,False,1.3864659084925037,1,horizon_resolved_stop_at_b=24,160
Power-Law (c=2.0),Sequential Pilot Trust-Region (s=4),3,1003,1.6429360655148941,1.6433535556382934,1.7429800313597203e-07,0.0002541122154187237,24,24,53,62,57,57,46,True,False,1.3863384451444303,1,horizon_resolved_stop_at_b=24,160
Power-Law (c=2.0),Sequential Pilot Trust-Region (s=4),4,1004,1.6429360655148941,1.6432123964280132,7.635877354521993e-08,0.00016819334538892717,24,24,53,62,57,57,46,True,False,1.3863129500694147,1,horizon_resolved_stop_at_b=24,160
Power-Law (c=2.0),Sequential Pilot Trust-Region (s=4),5,1005,1.6429360655148941,1.6429094042448427,7.108233207571216e-10,1.6227819579278005e-05,24,24,53,62,57,57,46,True,False,1.386323045394348,1,horizon_resolved_stop_at_b=24,160
Power-Law (c=2.0),Sequential Pilot Trust-Region (s=4),6,1006,1.6429360655148941,1.642468456773062,2.1865793543775137e-07,0.00028461773507023263,24,24,53,62,57,57,46,True,False,1.3863564052174604,1,horizon_resolved_stop_at_b=24,160
Power-Law (c=2.0),Sequential Pilot Trust-Region (s=4),7,1007,1.6429360655148941,1.6432826305052928,1.2010729257001334e-07,0.00021094246920073094,24,24,53,62,57,57,46,True,False,1.3863907004814047,1,horizon_resolved_stop_at_b=24,160
Power-Law (c=2.0),Sequential Pilot Trust-Region (s=4),8,1008,1.6429360655148941,1.6430235545421437,7.654329889069374e-09,5.32516322977627e-05,24,24,53,62,57,57,46,True,False,1.386447105820855,1,horizon_resolved_stop_at_b=24,160
Power-Law (c=2.0),Sequential Pilot Trust-Region (s=4),9,1009,1.6429360655148941,1.6425711888154444,1.3313500580133176e-07,0.00022208819144485845,24,24,53,61,57,57,46,True,False,1.3863248543032642,1,horizon_resolved_stop_at_b=24,160
Power-Law (c=2.0),Sequential Pilot Trust-Region (s=4),10,1010,1.6429360655148941,1.6436323432439397,4.848026759648549e-07,0.0004238008670333477,24,24,53,62,57,57,46,True,False,1.3864157506337695,1,horizon_resolved_stop_at_b=24,160
Power-Law (c=2.0),Sequential Pilot Trust-Region (s=4),11,1011,1.6429360655148941,1.6419582750260293,9.560742401144958e-07,0.0005951482284603555,24,24,53,62,57,57,46,True,False,1.3863924222644164,1,horizon_resolved_stop_at_b=24,160
Power-Law (c=2.0),Sequential Pilot Trust-Region (s=4),12,1012,1.6429360655148941,1.642955673465635,3.8447173225567756e-10,1.1934701022408238e-05,24,24,53,62,57,57,46,True,False,1.3864828994018628,1,horizon_resolved_stop_at_b=24,160
Power-Law (c=2.0),Sequential Pilot Trust-Region (s=4),13,1013,1.6429360655148941,1.6425454176544034,1.5260575090596175e-07,0.0002377742315665046,24,24,53,62,57,57,46,True,False,1.386361734980455,1,horizon_resolved_stop_at_b=24,160
Power-Law (c=2.0),Sequential Pilot Trust-Region (s=4),14,1014,1.6429360655148941,1.643013657131048,6.020458897381784e-09,4.722741059898277e-05,24,24,53,62,57,57,46,True,False,1.3864231221386647,1,horizon_resolved_stop_at_b=24,160
Power-Law (c=2.0),Sequential Pilot Trust-Region (s=4),15,1015,1.6429360655148941,1.642622563473504,9.828352995571206e-08,0.00019081816266037864,24,24,53,62,57,57,46,True,False,1.3863483170526198,1,horizon_resolved_stop_at_b=24,160
Power-Law (c=2.0),Sequential Pilot Trust-Region (s=4),16,1016,1.6429360655148941,1.6428138456925008,1.4937684985863143e-08,7.439110076085101e-05,24,24,53,62,57,57,46,True,False,1.3863531839585126,1,horizon_resolved_stop_at_b=24,160
Power-Law (c=2.0),Sequential Pilot Trust-Region (s=4),17,1017,1.6429360655148941,1.6435250249021731,3.468731598640394e-07,0.00035847979701779056,24,24,53,61,57,57,46,True,False,1.3863778507320885,1,horizon_resolved_stop_at_b=24,160
Power-Law (c=2.0),Sequential Pilot Trust-Region (s=4),18,1018,1.6429360655148941,1.6430868126913967,2.272471122348838e-08,9.175474302787155e-05,24,24,53,62,57,57,46,True,False,1.3863537183559826,1,horizon_resolved_stop_at_b=24,160
Power-Law (c=2.0),Sequential Pilot Trust-Region (s=4),19,1019,1.6429360655148941,1.6430595222329099,1.5241561223214044e-08,7.514395758123006e-05,24,24,53,62,57,57,46,True,False,1.3863577815170482,1,horizon_resolved_stop_at_b=24,160
Power-Law (c=2.0),Sequential Pilot Trust-Region (s=4),20,1020,1.6429360655148941,1.6431906232832685,6.479965743973061e-08,0.0001549407635010889,24,24,53,61,57,57,46,True,False,1.3865108538326414,1,horizon_resolved_stop_at_b=24,160
Power-Law (c=2.0),Sequential Pilot Trust-Region (s=4),21,1021,1.6429360655148941,1.6431871316020696,6.30341801296213e-08,0.0001528154944342446,24,24,53,62,57,57,46,True,False,1.38635176160346,1,horizon_resolved_stop_at_b=24,160
Power-Law (c=2.0),Sequential Pilot Trust-Region (s=4),22,1022,1.6429360655148941,1.6427928169604684,2.052014834505625e-08,8.719058363407364e-05,24,24,53,62,57,57,46,True,False,1.386377484898677,1,horizon_resolved_stop_at_b=24,160
Power-Law (c=2.0),Sequential Pilot Trust-Region (s=4),23,1023,1.6429360655148941,1.643712380749613,6.026653436566342e-07,0.0004725170084300186,24,24,53,62,57,57,46,True,False,1.386430359967091,1,horizon_resolved_stop_at_b=24,160
Power-Law (c=2.0),Sequential Pilot Trust-Region (s=4),24,1024,1.6429360655148941,1.6429503579091156,2.0427253258162646e-10,8.699300308427337e-06,24,24,53,62,57,57,46,True,False,1.3863300577630187,1,horizon_resolved_stop_at_b=24,160
Power-Law (c=2.0),Sequential Pilot Trust-Region (s=4),25,1025,1.6429360655148941,1.6427401556835532,3.838066201601171e-08,0.000119243734100804,24,24,53,62,57,57,46,True,False,1.386351721034305,1,horizon_resolved_stop_at_b=24,160
Power-Law (c=2.0),Sequential Pilot Trust-Region (s=4),26,1026,1.6429360655148941,1.6423433759915083,3.5128087113136945e-07,0.00036075020557791554,24,24,53,62,57,57,46,True,False,1.3864191975231086,1,horizon_resolved_stop_at_b=24,160
Power-Law (c=2.0),Sequential Pilot Trust-Region (s=4),27,1027,1.6429360655148941,1.6431402309694407,4.168353283022018e-08,0.00012426865465553936,24,24,53,62,57,57,46,True,False,1.3863189274430552,1,horizon_resolved_stop_at_b=24,160
Power-Law (c=2.0),Sequential Pilot Trust-Region (s=4),28,1028,1.6429360655148941,1.642263155117357,4.5280840311359296e-07,0.00040957795720812277,24,24,53,62,57,57,46,True,False,1.386409721256634,1,horizon_resolved_stop_at_b=24,160
Power-Law (c=2.0),Sequential Pilot Trust-Region (s=4),29,1029,1.6429360655148941,1.6424778593211318,2.0995291600218578e-07,0.00027889471987381005,24,24,53,62,57,57,46,True,False,1.3863686759390228,1,horizon_resolved_stop_at_b=24,160
Power-Law (c=2.0),Sequential Pilot Trust-Region (s=4),30,1030,1.6429360655148941,1.6423589096142683,3.331089336271691e-07,0.0003512954111485233,24,24,53,62,57,57,46,True,False,1.3864031330047197,1,horizon_resolved_stop_at_b=24,160
Power-Law (c=2.0),Sequential Pilot Trust-Region (s=4),31,1031,1.6429360655148941,1.6426017028269955,1.1179840705881633e-07,0.00020351533752098293,24,24,53,62,57,57,46,True,False,1.3864840921989119,1,horizon_resolved_stop_at_b=24,160
Power-Law (c=2.0),Sequential Pilot Trust-Region (s=4),32,1032,1.6429360655148941,1.6431594207839202,4.9887576201703566e-08,0.0001359488501800346,24,24,53,62,57,57,46,True,False,1.386393177351135,1,horizon_resolved_stop_at_b=24,160
Power-Law (c=2.0),Sequential Pilot Trust-Region (s=4),33,1033,1.6429360655148941,1.6428932729358492,1.8312048213171666e-09,2.6046405543800443e-05,24,24,53,61,57,57,46,True,False,1.3863612554379372,1,horizon_resolved_stop_at_b=24,160
Power-Law (c=2.0),Sequential Pilot Trust-Region (s=4),34,1034,1.6429360655148941,1.6425637648757305,1.3860776592162734e-07,0.00022660689419276,24,24,53,62,57,57,46,True,False,1.3864029202229777,1,horizon_resolved_stop_at_b=24,160
Power-Law (c=2.0),Sequential Pilot Trust-Region (s=4),35,1035,1.6429360655148941,1.6426113906034365,1.0541379813000095e-07,0.00019761871339518507,24,24,53,61,57,57,46,True,False,1.3863395225478299,1,horizon_resolved_stop_at_b=24,160
Power-Law (c=2.0),Sequential Pilot Trust-Region (s=4),36,1036,1.6429360655148941,1.6431296575183454,3.7477863800272466e-08,0.0001178329501157965,24,24,53,62,57,57,46,True,False,1.386324156276023,1,horizon_resolved_stop_at_b=24,160
Power-Law (c=2.0),Sequential Pilot Trust-Region (s=4),37,1037,1.6429360655148941,1.6431531998507074,4.714731978907155e-08,0.00013216237708265548,24,24,53,62,57,57,46,True,False,1.3863359703441578,1,horizon_resolved_stop_at_b=24,160
Power-Law (c=2.0),Sequential Pilot Trust-Region (s=4),38,1038,1.6429360655148941,1.643510125850225,3.2954526860011747e-07,0.0003494112445275807,24,24,53,62,57,57,46,True,False,1.3863293001198629,1,horizon_resolved_stop_at_b=24,160
Power-Law (c=2.0),Sequential Pilot Trust-Region (s=4),39,1039,1.6429360655148941,1.642551911337047,1.4757443235737813e-07,0.00023382174505171775,24,24,53,62,57,57,46,True,False,1.3863451561313385,1,horizon_resolved_stop_at_b=24,160
Power-Law (c=2.0),Sequential Pilot Trust-Region (s=4),40,1040,1.6429360655148941,1.6427084205108429,5.1822247869497216e-08,0.00013855986780588093,24,24,53,62,57,57,46,True,False,1.3863218548681258,1,horizon_resolved_stop_at_b=24,160
Power-Law (c=2.0),Sequential Pilot Trust-Region (s=4),41,1041,1.6429360655148941,1.6426290714093126,9.424538086181487e-08,0.0001868570007228716,24,24,53,62,57,57,46,True,False,1.3864365397484413,1,horizon_resolved_stop_at_b=24,160
Power-Law (c=2.0),Sequential Pilot Trust-Region (s=4),42,1042,1.6429360655148941,1.6430201367678365,7.067975571306369e-09,5.117134787351589e-05,24,24,53,62,57,57,46,True,False,1.3863656254527883,1,horizon_resolved_stop_at_b=24,160
Power-Law (c=2.0),Sequential Pilot Trust-Region (s=4),43,1043,1.6429360655148941,1.6427833382071952,2.3325630516950062e-08,9.295998237826801e-05,24,24,53,62,57,57,46,True,False,1.3863296265838276,1,horizon_resolved_stop_at_b=24,160
Power-Law (c=2.0),Sequential Pilot Trust-Region (s=4),44,1044,1.6429360655148941,1.64358362454147,4.1933269289974763e-07,0.0003941474292079754,24,24,53,62,57,57,46,True,False,1.3863476872170089,1,horizon_resolved_stop_at_b=24,160
Power-Law (c=2.0),Sequential Pilot Trust-Region (s=4),45,1045,1.6429360655148941,1.6432911529738599,1.2608710351473931e-07,0.00021612980956410284,24,24,53,62,57,57,46,True,False,1.3863441874558977,1,horizon_resolved_stop_at_b=24,160
Power-Law (c=2.0),Sequential Pilot Trust-Region (s=4),46,1046,1.6429360655148941,1.6433829050500688,1.9966557019510534e-07,0.00027197621657579235,24,24,53,62,57,57,46,True,False,1.386385828387511,1,horizon_resolved_stop_at_b=24,160
Power-Law (c=2.0),Sequential Pilot Trust-Region (s=4),47,1047,1.6429360655148941,1.6433427941636358,1.654281937072446e-07,0.0002475620672519756,24,24,53,62,57,57,46,True,False,1.3863621538278832,1,horizon_resolved_stop_at_b=24,160
Power-Law (c=2.0),Sequential Pilot Trust-Region (s=4),48,1048,1.6429360655148941,1.642878679623996,3.2931404741684554e-09,3.492886430739699e-05,24,24,53,62,57,57,46,True,False,1.3864166491390002,1,horizon_resolved_stop_at_b=24,160
Power-Law (c=2.0),Sequential Pilot Trust-Region (s=4),49,1049,1.6429360655148941,1.6431842017272038,6.157157985939447e-08,0.00015103217801230395,24,24,53,62,57,57,46,True,False,1.3863376520948845,1,horizon_resolved_stop_at_b=24,160
Power-Law (c=0.5),Hutch++ (Standard),0,1000,43.28336199418217,43.11726942214233,0.027586742486810718,0.003837330659808006,0,0,53,53,53,53,54,False,False,,0,not_applicable,160
Power-Law (c=0.5),Hutch++ (Standard),1,1001,43.28336199418217,43.18264247259529,0.010144422028690371,0.002326980089957427,0,0,53,53,53,53,54,False,False,,0,not_applicable,160
Power-Law (c=0.5),Hutch++ (Standard),2,1002,43.28336199418217,43.11033821155245,0.029937229355496545,0.003997466339444159,0,0,53,53,53,53,54,False,False,,0,not_applicable,160
Power-Law (c=0.5),Hutch++ (Standard),3,1003,43.28336199418217,43.37169729199957,0.007803124840487795,0.00204086036175443,0,0,53,53,53,53,54,False,False,,0,not_applicable,160
Power-Law (c=0.5),Hutch++ (Standard),4,1004,43.28336199418217,43.20123791108536,0.006744365024492586,0.0018973591540290603,0,0,53,53,53,53,54,False,False,,0,not_applicable,160
Power-Law (c=0.5),Hutch++ (Standard),5,1005,43.28336199418217,43.26832485033146,0.00022611569518701168,0.00034741164174662264,0,0,53,53,53,53,54,False,False,,0,not_applicable,160
Power-Law (c=0.5),Hutch++ (Standard),6,1006,43.28336199418217,43.271737512748004,0.00013512856861332554,0.0002685669712008708,0,0,53,53,53,53,54,False,False,,0,not_applicable,160
Power-Law (c=0.5),Hutch++ (Standard),7,1007,43.28336199418217,43.15336302553503,0.016899731849320983,0.0030034397204315353,0,0,53,53,53,53,54,False,False,,0,not_applicable,160
Power-Law (c=0.5),Hutch++ (Standard),8,1008,43.28336199418217,43.347991051249,0.004176915017346819,0.0014931616697314585,0,0,53,53,53,53,54,False,False,,0,not_applicable,160
Power-Law (c=0.5),Hutch++ (Standard),9,1009,43.28336199418217,43.32975213195938,0.002152044882988425,0.00107177759859422,0,0,53,53,53,53,54,False,False,,0,not_applicable,160
Power-Law (c=0.5),Hutch++ (Standard),10,1010,43.28336199418217,43.46730754881942,0.03383596707080468,0.0042497982171988465,0,0,53,53,53,53,54,False,False,,0,not_applicable,160
Power-Law (c=0.5),Hutch++ (Standard),11,1011,43.28336199418217,43.366438808056856,0.00690175700356878,0.0019193706322038922,0,0,53,53,53,53,54,False,False,,0,not_applicable,160
Power-Law (c=0.5),Hutch++ (Standard),12,1012,43.28336199418217,43.07189090015143,0.04472002361055885,0.004885736326562761,0,0,53,53,53,53,54,False,False,,0,not_applicable,160
Power-Law (c=0.5),Hutch++ (Standard),13,1013,43.28336199418217,43.382224705100555,0.009773835610131645,0.0022840811425801624,0,0,53,53,53,53,54,False,False,,0,not_applicable,160
Power-Law (c=0.5),Hutch++ (Standard),14,1014,43.28336199418217,43.286956308182724,1.2919093134560063e-05,8.304146986166546e-05,0,0,53,53,53,53,54,False,False,,0,not_applicable,160
Power-Law (c=0.5),Hutch++ (Standard),15,1015,43.28336199418217,43.279687862289705,1.3499245163242427e-05,8.488554777608894e-05,0,0,53,53,53,53,54,False,False,,0,not_applicable,160
Power-Law (c=0.5),Hutch++ (Standard),16,1016,43.28336199418217,43.328322229224696,0.002021422735078983,0.0010387417467378572,0,0,53,53,53,53,54,False,False,,0,not_applicable,160
Power-Law (c=0.5),Hutch++ (Standard),17,1017,43.28336199418217,43.06536754498907,0.04752157987900289,0.005036449091510055,0,0,53,53,53,53,54,False,False,,0,not_applicable,160
Power-Law (c=0.5),Hutch++ (Standard),18,1018,43.28336199418217,43.6466217367019,0.1319576405355008,0.008392595348035974,0,0,53,53,53,53,54,False,False,,0,not_applicable,160
Power-Law (c=0.5),Hutch++ (Standard),19,1019,43.28336199418217,43.35329951698561,0.00489125709588107,0.001615806156944002,0,0,53,53,53,53,54,False,False,,0,not_applicable,160
Power-Law (c=0.5),Hutch++ (Standard),20,1020,43.28336199418217,43.461545738715635,0.031749446815966434,0.004116679858588925,0,0,53,53,53,53,54,False,False,,0,not_applicable,160
Power-Law (c=0.5),Hutch++ (Standard),21,1021,43.28336199418217,43.53270669936435,0.0621727820023856,0.005760751792240393,0,0,53,53,53,53,54,False,False,,0,not_applicable,160
Power-Law (c=0.5),Hutch++ (Standard),22,1022,43.28336199418217,43.18379274832538,0.009914034720490213,0.0023004046189890465,0,0,53,53,53,53,54,False,False,,0,not_applicable,160
Power-Law (c=0.5),Hutch++ (Standard),23,1023,43.28336199418217,43.13978273157491,0.020615004650844867,0.0033171929349332897,0,0,53,53,53,53,54,False,False,,0,not_applicable,160
Power-Law (c=0.5),Hutch++ (Standard),24,1024,43.28336199418217,43.242062407843626,0.0017056558317350265,0.0009541677086936388,0,0,53,53,53,53,54,False,False,,0,not_applicable,160
Power-Law (c=0.5),Hutch++ (Standard),25,1025,43.28336199418217,43.17118129523776,0.012584509215657215,0.002591774154685404,0,0,53,53,53,53,54,False,False,,0,not_applicable,160
Power-Law (c=0.5),Hutch++ (Standard),26,1026,43.28336199418217,43.22943271069277,0.0029083676176803663,0.0012459587473045996,0,0,53,53,53,53,54,False,False,,0,not_applicable,160
Power-Law (c=0.5),Hutch++ (Standard),27,1027,43.28336199418217,43.39876789617225,0.013318522214143936,0.0026662878453293888,0,0,53,53,53,53,54,False,False,,0,not_applicable,160
Power-Law (c=0.5),Hutch++ (Standard),28,1028,43.28336199418217,43.372493653509665,0.007944452694472132,0.002059259152269009,0,0,53,53,53,53,54,False,False,,0,not_applicable,160
Power-Law (c=0.5),Hutch++ (Standard),29,1029,43.28336199418217,43.20769044345195,0.005726183589916314,0.0017482826482007466,0,0,53,53,53,53,54,False,False,,0,not_applicable,160
Power-Law (c=0.5),Hutch++ (Standard),30,1030,43.28336199418217,43.43344302605178,0.022524316127047216,0.0034674069886203355,0,0,53,53,53,53,54,False,False,,0,not_applicable,160
Power-Law (c=0.5),Hutch++ (Standard),31,1031,43.28336199418217,43.50205782317993,0.047827865621017325,0.0050526534659473795,0,0,53,53,53,53,54,False,False,,0,not_applicable,160
Power-Law (c=0.5),Hutch++ (Standard),32,1032,43.28336199418217,43.51041404953844,0.05155263584150561,0.005245712091098336,0,0,53,53,53,53,54,False,False,,0,not_applicable,160
Power-Law (c=0.5),Hutch++ (Standard),33,1033,43.28336199418217,43.29308273787187,9.449285788080343e-05,0.00022458384103814734,0,0,53,53,53,53,54,False,False,,0,not_applicable,160
Power-Law (c=0.5),Hutch++ (Standard),34,1034,43.28336199418217,43.44242299707574,0.025300402641506924,0.0036748763396647777,0,0,53,53,53,53,54,False,False,,0,not_applicable,160
Power-Law (c=0.5),Hutch++ (Standard),35,1035,43.28336199418217,43.37181727263558,0.007824336286270191,0.002043632342268119,0,0,53,53,53,53,54,False,False,,0,not_applicable,160
Power-Law (c=0.5),Hutch++ (Standard),36,1036,43.28336199418217,43.321246113606136,0.0014352065045291724,0.0008752582442430461,0,0,53,53,53,53,54,False,False,,0,not_applicable,160
Power-Law (c=0.5),Hutch++ (Standard),37,1037,43.28336199418217,43.28496641752839,2.574174273880879e-06,3.706790028073629e-05,0,0,53,53,53,53,54,False,False,,0,not_applicable,160
Power-Law (c=0.5),Hutch++ (Standard),38,1038,43.28336199418217,43.24799254074544,0.0012509982364129592,0.0008171604932510409,0,0,53,53,53,53,54,False,False,,0,not_applicable,160
Power-Law (c=0.5),Hutch++ (Standard),39,1039,43.28336199418217,43.117985171645934,0.027349493432182497,0.0038207942940861927,0,0,53,53,53,53,54,False,False,,0,not_applicable,160
Power-Law (c=0.5),Hutch++ (Standard),40,1040,43.28336199418217,43.20642722874459,0.005918958132936213,0.0017774674122570683,0,0,53,53,53,53,54,False,False,,0,not_applicable,160
Power-Law (c=0.5),Hutch++ (Standard),41,1041,43.28336199418217,43.086787331849614,0.038641597871159436,0.004541575637284846,0,0,53,53,53,53,54,False,False,,0,not_applicable,160
Power-Law (c=0.5),Hutch++ (Standard),42,1042,43.28336199418217,43.42434025648103,0.019874870440805797,0.0032571005532751347,0,0,53,53,53,53,54,False,False,,0,not_applicable,160
Power-Law (c=0.5),Hutch++ (Standard),43,1043,43.28336199418217,43.426442804001994,0.02047211813869587,0.0033056768981821042,0,0,53,53,53,53,54,False,False,,0,not_applicable,160
Power-Law (c=0.5),Hutch++ (Standard),44,1044,43.28336199418217,43.29467595921679,0.00012800580480453635,0.0002613929351453279,0,0,53,53,53,53,54,False,False,,0,not_applicable,160
Power-Law (c=0.5),Hutch++ (Standard),45,1045,43.28336199418217,43.29036517707072,4.904457057042599e-05,0.00016179849637113432,0,0,53,53,53,53,54,False,False,,0,not_applicable,160
Power-Law (c=0.5),Hutch++ (Standard),46,1046,43.28336199418217,43.076323146475715,0.04286508445961744,0.004783335632160124,0,0,53,53,53,53,54,False,False,,0,not_applicable,160
Power-Law (c=0.5),Hutch++ (Standard),47,1047,43.28336199418217,43.16404782937384,0.014235869923909284,0.0027565826523449615,0,0,53,53,53,53,54,False,False,,0,not_applicable,160
Power-Law (c=0.5),Hutch++ (Standard),48,1048,43.28336199418217,43.1322404845328,0.02283771067870506,0.0034914457354233265,0,0,53,53,53,53,54,False,False,,0,not_applicable,160
Power-Law (c=0.5),Hutch++ (Standard),49,1049,43.28336199418217,43.2151518766552,0.00465262013304355,0.0015758969355509373,0,0,53,53,53,53,54,False,False,,0,not_applicable,160
Power-Law (c=0.5),Sequential Pilot Safe (Ours),0,1000,43.28336199418217,43.491375261470175,0.04326951936783002,0.0048058481990369,16,16,53,32,32,32,96,False,False,0.42205616008551283,1,horizon_resolved_stop_at_b=16,160
Power-Law (c=0.5),Sequential Pilot Safe (Ours),1,1001,43.28336199418217,43.28762099738729,1.813910830122966e-05,9.839816060714766e-05,16,16,53,34,34,34,92,False,False,0.40916870148962214,1,horizon_resolved_stop_at_b=16,160
Power-Law (c=0.5),Sequential Pilot Safe (Ours),2,1002,43.28336199418217,43.27139603999568,0.0001431840595932584,0.0002764562093883038,12,12,53,32,32,32,96,False,False,0.34850964696976533,1,horizon_resolved_stop_at_b=12,160
Power-Law (c=0.5),Sequential Pilot Safe (Ours),3,1003,43.28336199418217,43.11165058891664,0.029484806698264216,0.003967145742713181,16,16,53,34,34,34,92,False,False,0.4862129600590384,1,horizon_resolved_stop_at_b=16,160
Power-Law (c=0.5),Sequential Pilot Safe (Ours),4,1004,43.28336199418217,43.327774376508195,0.0019724597038728166,0.0010260843954772348,16,16,53,34,34,34,92,False,False,0.5421984452790316,1,horizon_resolved_stop_at_b=16,160
Power-Law (c=0.5),Sequential Pilot Safe (Ours),5,1005,43.28336199418217,43.308137478784566,0.0006138246372834503,0.0005724020376634305,12,12,53,35,35,35,90,False,False,0.34530369416882056,1,horizon_resolved_stop_at_b=12,160
Power-Law (c=0.5),Sequential Pilot Safe (Ours),6,1006,43.28336199418217,43.1652128746028,0.013959214457380539,0.0027296659532882834,12,12,53,31,31,31,98,False,False,0.49277063393984755,2,horizon_resolved_stop_at_b=12,160
Power-Law (c=0.5),Sequential Pilot Safe (Ours),7,1007,43.28336199418217,43.24526660642177,0.0014512585686152343,0.0008801392961461843,12,12,53,33,33,33,94,False,False,0.45867235606930923,2,horizon_resolved_stop_at_b=12,160
Power-Law (c=0.5),Sequential Pilot Safe (Ours),8,1008,43.28336199418217,43.096381367045964,0.03496175492424965,0.004319919214254672,12,12,53,34,34,34,92,False,False,0.5263131327213674,2,horizon_resolved_stop_at_b=12,160
Power-Law (c=0.5),Sequential Pilot Safe (Ours),9,1009,43.28336199418217,43.12022874969967,0.026612455455387766,0.003768959640991593,16,16,53,34,34,34,92,False,False,0.4708788764906531,1,horizon_resolved_stop_at_b=16,160
Power-Law (c=0.5),Sequential Pilot Safe (Ours),10,1010,43.28336199418217,43.107252721839465,0.03101447580507771,0.004068752153919518,12,12,53,30,30,30,100,False,False,0.4162563751656421,1,horizon_resolved_stop_at_b=12,160
Power-Law (c=0.5),Sequential Pilot Safe (Ours),11,1011,43.28336199418217,43.49164568741083,0.04338209686496982,0.004812096002539133,12,12,53,33,33,33,94,False,False,0.4596340072561028,1,horizon_resolved_stop_at_b=12,160
Power-Law (c=0.5),Sequential Pilot Safe (Ours),12,1012,43.28336199418217,43.30607676150876,0.0005159606547011383,0.0005247921205761128,36,36,53,46,46,46,68,False,False,0.3999698616267927,1,max_pilot_reached,160
Power-Law (c=0.5),Sequential Pilot Safe (Ours),13,1013,43.28336199418217,43.57159892059333,0.0830805257469518,0.006659300782825084,12,12,53,34,34,34,92,False,False,0.6490001323205074,1,horizon_resolved_stop_at_b=12,160
Power-Law (c=0.5),Sequential Pilot Safe (Ours),14,1014,43.28336199418217,43.42140410162655,0.019055623427685034,0.003189264906523019,16,16,53,35,35,35,90,False,False,0.49930491301529256,1,horizon_resolved_stop_at_b=16,160
Power-Law (c=0.5),Sequential Pilot Safe (Ours),15,1015,43.28336199418217,43.13881092305247,0.020895012164744937,0.003339645177034403,12,12,53,33,33,33,94,False,False,0.6057551483692902,1,horizon_resolved_stop_at_b=12,160
Power-Law (c=0.5),Sequential Pilot Safe (Ours),16,1016,43.28336199418217,43.019254509629555,0.06975276339671119,0.0061018246361758365,12,12,53,32,32,32,96,False,False,0.33841602664591597,2,horizon_resolved_stop_at_b=12,160
Power-Law (c=0.5),Sequential Pilot Safe (Ours),17,1017,43.28336199418217,43.337217218503525,0.0029003851867032554,0.0012442477164456831,16,16,53,34,34,34,92,False,False,0.5561525178807605,1,horizon_resolved_stop_at_b=16,160
Power-Law (c=0.5),Sequential Pilot Safe (Ours),18,1018,43.28336199418217,43.305255598203466,0.00047932989704121254,0.0005058203201552732,12,12,53,34,34,34,92,False,False,0.5957466884289329,1,horizon_resolved_stop_at_b=12,160
Power-Law (c=0.5),Sequential Pilot Safe (Ours),19,1019,43.28336199418217,43.2379451695634,0.0020626879584520375,0.0010492905940364282,16,16,53,32,32,32,96,False,False,0.5446170483302875,1,horizon_resolved_stop_at_b=16,160
Power-Law (c=0.5),Sequential Pilot Safe (Ours),20,1020,43.28336199418217,43.47384006433762,0.03628189521014455,0.004400722619029749,16,16,53,33,33,33,94,False,False,0.5684943159303094,1,horizon_resolved_stop_at_b=16,160
Power-Law (c=0.5),Sequential Pilot Safe (Ours),21,1021,43.28336199418217,43.49998701717044,0.04692640058466755,0.005004810463137889,16,16,53,34,34,34,92,False,False,0.4949107097893417,1,horizon_resolved_stop_at_b=16,160
Power-Law (c=0.5),Sequential Pilot Safe (Ours),22,1022,43.28336199418217,43.27338183981776,9.960348113751887e-05,0.00023057715261940164,36,36,53,46,46,46,68,False,False,0.45111613795706396,1,max_pilot_reached,160
Power-Law (c=0.5),Sequential Pilot Safe (Ours),23,1023,43.28336199418217,43.196848155017676,0.007484644366980312,0.0019987781719942345,12,12,53,29,29,29,102,False,False,0.46018481739643413,2,horizon_resolved_stop_at_b=12,160
Power-Law (c=0.5),Sequential Pilot Safe (Ours),24,1024,43.28336199418217,43.26356042571349,0.00039210211381979904,0.0004574868392002682,16,16,53,33,33,33,94,False,False,0.462778752722035,1,horizon_resolved_stop_at_b=16,160
Power-Law (c=0.5),Sequential Pilot Safe (Ours),25,1025,43.28336199418217,43.355485365507306,0.005201780691303117,0.0016663070519990562,12,12,53,32,32,32,96,False,False,0.5732225402067439,1,horizon_resolved_stop_at_b=12,160
Power-Law (c=0.5),Sequential Pilot Safe (Ours),26,1026,43.28336199418217,43.126453684697516,0.024620217585332643,0.003625141445938202,16,16,53,33,33,33,94,False,False,0.5126084740339373,1,horizon_resolved_stop_at_b=16,160
Power-Law (c=0.5),Sequential Pilot Safe (Ours),27,1027,43.28336199418217,43.225131810459985,0.0033907542963197324,0.0013453248786453916,16,16,53,35,35,35,90,False,False,0.5818502390993499,1,horizon_resolved_stop_at_b=16,160
Power-Law (c=0.5),Sequential Pilot Safe (Ours),28,1028,43.28336199418217,43.19276144717053,0.00820845911880835,0.0020931956954687954,16,16,53,33,33,33,94,False,False,0.5626664162801841,1,horizon_resolved_stop_at_b=16,160
Power-Law (c=0.5),Sequential Pilot Safe (Ours),29,1029,43.28336199418217,43.3669657157861,0.006989582266027215,0.0019315440795741813,16,16,53,31,31,31,98,False,False,0.5745326363655332,1,horizon_resolved_stop_at_b=16,160
Power-Law (c=0.5),Sequential Pilot Safe (Ours),30,1030,43.28336199418217,43.5256815071897,0.05871874638420648,0.005598444802880625,12,12,53,32,32,32,96,False,False,0.5144664374590685,2,horizon_resolved_stop_at_b=12,160
Power-Law (c=0.5),Sequential Pilot Safe (Ours),31,1031,43.28336199418217,43.123960335595,0.025408888760341145,0.003682746700882361,36,36,53,46,46,46,68,False,False,0.4652812613080893,1,max_pilot_reached,160
Power-Law (c=0.5),Sequential Pilot Safe (Ours),32,1032,43.28336199418217,43.21271065229712,0.004991612110158701,0.0016322979230344867,12,12,53,34,34,34,92,False,False,0.37519320860478433,2,horizon_resolved_stop_at_b=12,160
Power-Law (c=0.5),Sequential Pilot Safe (Ours),33,1033,43.28336199418217,43.3177899028453,0.0011852808949165505,0.0007954074516613013,16,16,53,32,32,32,96,False,False,0.5047757396545434,1,horizon_resolved_stop_at_b=16,160
Power-Law (c=0.5),Sequential Pilot Safe (Ours),34,1034,43.28336199418217,43.49123135549953,0.04320967137448592,0.00480252345798132,12,12,53,30,30,30,100,False,False,0.7301303025469379,1,horizon_resolved_stop_at_b=12,160
Power-Law (c=0.5),Sequential Pilot Safe (Ours),35,1035,43.28336199418217,43.22958201451394,0.0028922862131157702,0.0012425092966545368,16,16,53,33,33,33,94,False,False,0.6165467272850679,1,horizon_resolved_stop_at_b=16,160
Power-Law (c=0.5),Sequential Pilot Safe (Ours),36,1036,43.28336199418217,43.20776993427029,0.005714159521721827,0.0017464461268522603,16,16,53,35,35,35,90,False,False,0.47123837965449256,1,horizon_resolved_stop_at_b=16,160
Power-Law (c=0.5),Sequential Pilot Safe (Ours),37,1037,43.28336199418217,43.3498378565223,0.004419040273863505,0.001535829456802873,16,16,53,34,34,34,92,False,False,0.6442046418780112,1,horizon_resolved_stop_at_b=16,160
Power-Law (c=0.5),Sequential Pilot Safe (Ours),38,1038,43.28336199418217,43.53956378301076,0.06563935659896983,0.005919174875163984,16,16,53,34,34,34,92,False,False,0.42569800786305734,2,horizon_resolved_stop_at_b=16,160
Power-Law (c=0.5),Sequential Pilot Safe (Ours),39,1039,43.28336199418217,43.49741998434183,0.0458208231511929,0.0049455028513827465,16,16,53,34,34,34,92,False,False,0.35350773006366615,1,horizon_resolved_stop_at_b=16,160
Power-Law (c=0.5),Sequential Pilot Safe (Ours),40,1040,43.28336199418217,43.2327498711137,0.002561587001498511,0.0011693205133944636,12,12,53,35,35,35,90,False,False,0.4512704530292755,2,horizon_resolved_stop_at_b=12,160
Power-Law (c=0.5),Sequential Pilot Safe (Ours),41,1041,43.28336199418217,43.30570966058375,0.0004994181935962695,0.000516310780215801,16,16,53,33,33,33,94,False,False,0.46166361653060306,1,horizon_resolved_stop_at_b=16,160
Power-Law (c=0.5),Sequential Pilot Safe (Ours),42,1042,43.28336199418217,43.136400541188685,0.021597668665956974,0.003395333592922859,36,36,53,46,46,46,68,False,False,0.4645442757705113,1,max_pilot_reached,160
Power-Law (c=0.5),Sequential Pilot Safe (Ours),43,1043,43.28336199418217,43.36040251335301,0.005935241594111998,0.0017799107005872495,16,16,53,32,32,32,96,False,False,0.5761860349910263,1,horizon_resolved_stop_at_b=16,160
Power-Law (c=0.5),Sequential Pilot Safe (Ours),44,1044,43.28336199418217,43.38853963142055,0.011062335375047635,0.0024299784580623434,16,16,53,31,31,31,98,False,False,0.6956563101739603,1,horizon_resolved_stop_at_b=16,160
Power-Law (c=0.5),Sequential Pilot Safe (Ours),45,1045,43.28336199418217,43.189327733119214,0.00884244225365664,0.0021725267338428547,16,16,53,31,31,31,98,False,False,0.5400063356812657,1,horizon_resolved_stop_at_b=16,160
Power-Law (c=0.5),Sequential Pilot Safe (Ours),46,1046,43.28336199418217,43.323877241682176,0.0016414852799865546,0.0009360466847619055,12,12,53,33,33,33,94,False,False,0.4351400846548248,2,horizon_resolved_stop_at_b=12,160
Power-Law (c=0.5),Sequential Pilot Safe (Ours),47,1047,43.28336199418217,43.219162087470984,0.004121628021725274,0.001483246766270548,16,16,53,34,34,34,92,False,False,0.5860694847072722,1,horizon_resolved_stop_at_b=16,160
Power-Law (c=0.5),Sequential Pilot Safe (Ours),48,1048,43.28336199418217,43.49900355481806,0.04650128267348123,0.004982088976010519,16,16,53,32,32,32,96,False,False,0.4171404279764733,1,horizon_resolved_stop_at_b=16,160
Power-Law (c=0.5),Sequential Pilot Safe (Ours),49,1049,43.28336199418217,43.515801600495166,0.05402817058293958,0.005370183728894181,16,16,53,32,32,32,96,False,False,0.411604373095804,1,horizon_resolved_stop_at_b=16,160
Power-Law (c=0.5),Sequential Pilot Trust-Region (s=4),0,1000,43.28336199418217,43.035970499822,0.06120255148175937,0.005715625657577737,16,16,53,32,49,49,62,True,False,0.42205616008551283,1,horizon_resolved_stop_at_b=16,160
Power-Law (c=0.5),Sequential Pilot Trust-Region (s=4),1,1001,43.28336199418217,43.189891763584,0.008736684008075377,0.002159495618910915,16,16,53,34,49,49,62,True,False,0.40916870148962214,1,horizon_resolved_stop_at_b=16,160
Power-Law (c=0.5),Sequential Pilot Trust-Region (s=4),2,1002,43.28336199418217,43.43152183494929,0.021951338416136664,0.0034230206236527754,12,12,53,32,49,49,62,True,False,0.34850964696976533,1,horizon_resolved_stop_at_b=12,160
Power-Law (c=0.5),Sequential Pilot Trust-Region (s=4),3,1003,43.28336199418217,43.0542631968987,0.05248625891673245,0.005292999127800278,16,16,53,34,49,49,62,True,False,0.4862129600590384,1,horizon_resolved_stop_at_b=16,160
Power-Law (c=0.5),Sequential Pilot Trust-Region (s=4),4,1004,43.28336199418217,43.41239815150597,0.01665032989689141,0.0029811953457113613,16,16,53,34,49,49,62,True,False,0.5421984452790316,1,horizon_resolved_stop_at_b=16,160
Power-Law (c=0.5),Sequential Pilot Trust-Region (s=4),5,1005,43.28336199418217,43.38893081880397,0.011144776732028005,0.002439016281498375,12,12,53,35,49,49,62,True,False,0.34530369416882056,1,horizon_resolved_stop_at_b=12,160
Power-Law (c=0.5),Sequential Pilot Trust-Region (s=4),6,1006,43.28336199418217,43.487601053020164,0.041713593155028615,0.004718650525932897,12,12,53,31,49,49,62,True,False,0.49277063393984755,2,horizon_resolved_stop_at_b=12,160
Power-Law (c=0.5),Sequential Pilot Trust-Region (s=4),7,1007,43.28336199418217,43.17254448589335,0.012280520143343842,0.0025602795897352072,12,12,53,33,49,49,62,True,False,0.45867235606930923,2,horizon_resolved_stop_at_b=12,160
Power-Law (c=0.5),Sequential Pilot Trust-Region (s=4),8,1008,43.28336199418217,43.196163074864856,0.007603651530107852,0.0020146059663534686,12,12,53,34,49,49,62,True,False,0.5263131327213674,2,horizon_resolved_stop_at_b=12,160
Power-Law (c=0.5),Sequential Pilot Trust-Region (s=4),9,1009,43.28336199418217,43.35296800157617,0.0048449962653336325,0.001608146968882784,16,16,53,34,49,49,62,True,False,0.4708788764906531,1,horizon_resolved_stop_at_b=16,160
Power-Law (c=0.5),Sequential Pilot Trust-Region (s=4),10,1010,43.28336199418217,43.14132888101749,0.020173405235250522,0.003281471369617038,12,12,53,30,49,49,62,True,False,0.4162563751656421,1,horizon_resolved_stop_at_b=12,160
Power-Law (c=0.5),Sequential Pilot Trust-Region (s=4),11,1011,43.28336199418217,43.2111864397188,0.005209310662095015,0.0016675126685647057,12,12,53,33,49,49,62,True,False,0.4596340072561028,1,horizon_resolved_stop_at_b=12,160
Power-Law (c=0.5),Sequential Pilot Trust-Region (s=4),12,1012,43.28336199418217,43.27931193206044,1.640300318991062e-05,9.357087654787846e-05,36,36,53,46,49,49,62,True,False,0.3999698616267927,1,max_pilot_reached,160
Power-Law (c=0.5),Sequential Pilot Trust-Region (s=4),13,1013,43.28336199418217,43.40429732390237,0.014625353974532802,0.002794037342488608,12,12,53,34,49,49,62,True,False,0.6490001323205074,1,horizon_resolved_stop_at_b=12,160
Power-Law (c=0.5),Sequential Pilot Trust-Region (s=4),14,1014,43.28336199418217,43.22321187051119,0.0036180373776341142,0.0013896823375010544,16,16,53,35,49,49,62,True,False,0.49930491301529256,1,horizon_resolved_stop_at_b=16,160
Power-Law (c=0.5),Sequential Pilot Trust-Region (s=4),15,1015,43.28336199418217,43.29647619140688,0.00017198216884857314,0.00030298471792630186,12,12,53,33,49,49,62,True,False,0.6057551483692902,1,horizon_resolved_stop_at_b=12,160
Power-Law (c=0.5),Sequential Pilot Trust-Region (s=4),16,1016,43.28336199418217,43.135053232511765,0.02199548878820954,0.0034264612275345294,12,12,53,32,49,49,62,True,False,0.33841602664591597,2,horizon_resolved_stop_at_b=12,160
Power-Law (c=0.5),Sequential Pilot Trust-Region (s=4),17,1017,43.28336199418217,43.36439494083403,0.006566338443083118,0.0018721500114235905,16,16,53,34,49,49,62,True,False,0.5561525178807605,1,horizon_resolved_stop_at_b=16,160
Power-Law (c=0.5),Sequential Pilot Trust-Region (s=4),18,1018,43.28336199418217,43.2996631634822,0.0002657281205481937,0.00037661513683293925,12,12,53,34,49,49,62,True,False,0.5957466884289329,1,horizon_resolved_stop_at_b=12,160
Power-Law (c=0.5),Sequential Pilot Trust-Region (s=4),19,1019,43.28336199418217,43.432300136830705,0.022182570335594565,0.003441002172348615,16,16,53,32,49,49,62,True,False,0.5446170483302875,1,horizon_resolved_stop_at_b=16,160
Power-Law (c=0.5),Sequential Pilot Trust-Region (s=4),20,1020,43.28336199418217,43.65851501357321,0.14073978795821065,0.008667372452293811,16,16,53,33,49,49,62,True,False,0.5684943159303094,1,horizon_resolved_stop_at_b=16,160
Power-Law (c=0.5),Sequential Pilot Trust-Region (s=4),21,1021,43.28336199418217,43.077395124068246,0.04242235158452682,0.004758569127361466,16,16,53,34,49,49,62,True,False,0.4949107097893417,1,horizon_resolved_stop_at_b=16,160
Power-Law (c=0.5),Sequential Pilot Trust-Region (s=4),22,1022,43.28336199418217,43.1439906733631,0.019424365066853033,0.0032199744751298773,36,36,53,46,49,49,62,True,False,0.45111613795706396,1,max_pilot_reached,160
Power-Law (c=0.5),Sequential Pilot Trust-Region (s=4),23,1023,43.28336199418217,43.368569574263574,0.007260331703328545,0.001968598929372793,12,12,53,29,49,49,62,True,False,0.46018481739643413,2,horizon_resolved_stop_at_b=12,160
Power-Law (c=0.5),Sequential Pilot Trust-Region (s=4),24,1024,43.28336199418217,43.38296497875192,0.009920754535201708,0.002301184103562407,16,16,53,33,49,49,62,True,False,0.462778752722035,1,horizon_resolved_stop_at_b=16,160
Power-Law (c=0.5),Sequential Pilot Trust-Region (s=4),25,1025,43.28336199418217,43.485583235878494,0.04089343059320203,0.0046720317549154905,12,12,53,32,49,49,62,True,False,0.5732225402067439,1,horizon_resolved_stop_at_b=12,160
Power-Law (c=0.5),Sequential Pilot Trust-Region (s=4),26,1026,43.28336199418217,43.026199754524704,0.06613241750564511,0.00594136471404495,16,16,53,33,49,49,62,True,False,0.5126084740339373,1,horizon_resolved_stop_at_b=16,160
Power-Law (c=0.5),Sequential Pilot Trust-Region (s=4),27,1027,43.28336199418217,43.41560795012839,0.017488992864128892,0.003055353139249973,16,16,53,35,49,49,62,True,False,0.5818502390993499,1,horizon_resolved_stop_at_b=16,160
Power-Law (c=0.5),Sequential Pilot Trust-Region (s=4),28,1028,43.28336199418217,43.590192396728696,0.09414489592686186,0.007088876381362559,16,16,53,33,49,49,62,True,False,0.5626664162801841,1,horizon_resolved_stop_at_b=16,160
Power-Law (c=0.5),Sequential Pilot Trust-Region (s=4),29,1029,43.28336199418217,43.074261389472376,0.04372306289000249,0.0048309695706609404,16,16,53,31,49,49,62,True,False,0.5745326363655332,1,horizon_resolved_stop_at_b=16,160
Power-Law (c=0.5),Sequential Pilot Trust-Region (s=4),30,1030,43.28336199418217,43.42676539474142,0.02056453529195694,0.0033131298945429898,12,12,53,32,49,49,62,True,False,0.5144664374590685,2,horizon_resolved_stop_at_b=12,160
Power-Law (c=0.5),Sequential Pilot Trust-Region (s=4),31,1031,43.28336199418217,43.32623638019625,0.0018382129760840817,0.0009905511965507638,36,36,53,46,49,49,62,True,False,0.4652812613080893,1,max_pilot_reached,160
Power-Law (c=0.5),Sequential Pilot Trust-Region (s=4),32,1032,43.28336199418217,43.595104449196064,0.09718335825808853,0.007202362308542349,12,12,53,34,49,49,62,True,False,0.37519320860478433,2,horizon_resolved_stop_at_b=12,160
Power-Law (c=0.5),Sequential Pilot Trust-Region (s=4),33,1033,43.28336199418217,43.53266245305393,0.062150718793669214,0.0057597295446982,16,16,53,32,49,49,62,True,False,0.5047757396545434,1,horizon_resolved_stop_at_b=16,160
Power-Law (c=0.5),Sequential Pilot Trust-Region (s=4),34,1034,43.28336199418217,43.42308330627921,0.01952204505411783,0.003228060521634573,12,12,53,30,49,49,62,True,False,0.7301303025469379,1,horizon_resolved_stop_at_b=12,160
Power-Law (c=0.5),Sequential Pilot Trust-Region (s=4),35,1035,43.28336199418217,43.41339973366569,0.016909813689983684,0.0030043354649991884,16,16,53,33,49,49,62,True,False,0.6165467272850679,1,horizon_resolved_stop_at_b=16,160
Power-Law (c=0.5),Sequential Pilot Trust-Region (s=4),36,1036,43.28336199418217,43.16535140241769,0.013926499768602971,0.002726465466807847,16,16,53,35,49,49,62,True,False,0.47123837965449256,1,horizon_resolved_stop_at_b=16,160
Power-Law (c=0.5),Sequential Pilot Trust-Region (s=4),37,1037,43.28336199418217,43.01918229385798,0.06979091406337984,0.006103493078003067,16,16,53,34,49,49,62,True,False,0.6442046418780112,1,horizon_resolved_stop_at_b=16,160
Power-Law (c=0.5),Sequential Pilot Trust-Region (s=4),38,1038,43.28336199418217,43.36034851208672,0.005926923939067755,0.0017786630787806866,16,16,53,34,49,49,62,True,False,0.42569800786305734,2,horizon_resolved_stop_at_b=16,160
Power-Law (c=0.5),Sequential Pilot Trust-Region (s=4),39,1039,43.28336199418217,43.51510944467897,0.05370688081176564,0.0053541924614808655,16,16,53,34,49,49,62,True,False,0.35350773006366615,1,horizon_resolved_stop_at_b=16,160
Power-Law (c=0.5),Sequential Pilot Trust-Region (s=4),40,1040,43.28336199418217,43.05808935496638,0.050747761979249885,0.0052046012332885505,12,12,53,35,49,49,62,True,False,0.4512704530292755,2,horizon_resolved_stop_at_b=12,160
Power-Law (c=0.5),Sequential Pilot Trust-Region (s=4),41,1041,43.28336199418217,43.55870494660749,0.07581374145029163,0.006361404006979144,16,16,53,33,49,49,62,True,False,0.46166361653060306,1,horizon_resolved_stop_at_b=16,160
Power-Law (c=0.5),Sequential Pilot Trust-Region (s=4),42,1042,43.28336199418217,43.07297309839129,0.044263487472107885,0.0048607336883665355,36,36,53,46,49,49,62,True,False,0.4645442757705113,1,max_pilot_reached,160
Power-Law (c=0.5),Sequential Pilot Trust-Region (s=4),43,1043,43.28336199418217,43.2597279260553,0.0005585691762257356,0.0005460312470655817,16,16,53,32,49,49,62,True,False,0.5761860349910263,1,horizon_resolved_stop_at_b=16,160
Power-Law (c=0.5),Sequential Pilot Trust-Region (s=4),44,1044,43.28336199418217,43.25796671324859,0.0006449202936954524,0.0005867215429567014,16,16,53,31,49,49,62,True,False,0.6956563101739603,1,horizon_resolved_stop_at_b=16,160
Power-Law (c=0.5),Sequential Pilot Trust-Region (s=4),45,1045,43.28336199418217,43.2589124401394,0.0005977806928905722,0.0005648718795471864,16,16,53,31,49,49,62,True,False,0.5400063356812657,1,horizon_resolved_stop_at_b=16,160
Power-Law (c=0.5),Sequential Pilot Trust-Region (s=4),46,1046,43.28336199418217,43.05874247875586,0.050453926710351205,0.005189511744871012,12,12,53,33,49,49,62,True,False,0.4351400846548248,2,horizon_resolved_stop_at_b=12,160
Power-Law (c=0.5),Sequential Pilot Trust-Region (s=4),47,1047,43.28336199418217,43.22000078311626,0.004014643067738807,0.0014638699062800766,16,16,53,34,49,49,62,True,False,0.5860694847072722,1,horizon_resolved_stop_at_b=16,160
Power-Law (c=0.5),Sequential Pilot Trust-Region (s=4),48,1048,43.28336199418217,43.21470592809786,0.0047136554101739146,0.001586199937369557,16,16,53,32,49,49,62,True,False,0.4171404279764733,1,horizon_resolved_stop_at_b=16,160
Power-Law (c=0.5),Sequential Pilot Trust-Region (s=4),49,1049,43.28336199418217,43.3256220874109,0.0017859154797006725,0.0009763588427906083,16,16,53,32,49,49,62,True,False,0.411604373095804,1,horizon_resolved_stop_at_b=16,160
Exponential (alpha=0.05),Hutch++ (Standard),0,1000,19.50416649279501,19.417860363079715,0.007448748026433623,0.004425009894536066,0,0,53,53,53,53,54,False,False,,0,not_applicable,160
Exponential (alpha=0.05),Hutch++ (Standard),1,1001,19.50416649279501,19.47715587332447,0.000729573564182384,0.001384864074069467,0,0,53,53,53,53,54,False,False,,0,not_applicable,160
Exponential (alpha=0.05),Hutch++ (Standard),2,1002,19.50416649279501,19.57533535172299,0.005065006481110652,0.003648905425118774,0,0,53,53,53,53,54,False,False,,0,not_applicable,160
Exponential (alpha=0.05),Hutch++ (Standard),3,1003,19.50416649279501,19.47386539871043,0.0009181563027226656,0.001553570315131131,0,0,53,53,53,53,54,False,False,,0,not_applicable,160
Exponential (alpha=0.05),Hutch++ (Standard),4,1004,19.50416649279501,19.3610165896443,0.020491894772057897,0.007339452480760535,0,0,53,53,53,53,54,False,False,,0,not_applicable,160
Exponential (alpha=0.05),Hutch++ (Standard),5,1005,19.50416649279501,19.454561519108516,0.002460653414437902,0.0025433013866457644,0,0,53,53,53,53,54,False,False,,0,not_applicable,160
Exponential (alpha=0.05),Hutch++ (Standard),6,1006,19.50416649279501,19.513818428890996,9.315987040097008e-05,0.0004948653457993235,0,0,53,53,53,53,54,False,False,,0,not_applicable,160
Exponential (alpha=0.05),Hutch++ (Standard),7,1007,19.50416649279501,19.546986522989997,0.0018335549858994303,0.002195429894981828,0,0,53,53,53,53,54,False,False,,0,not_applicable,160
Exponential (alpha=0.05),Hutch++ (Standard),8,1008,19.50416649279501,19.490835659431404,0.00017771111816826545,0.0006834864421677189,0,0,53,53,53,53,54,False,False,,0,not_applicable,160
Exponential (alpha=0.05),Hutch++ (Standard),9,1009,19.50416649279501,19.56542658319311,0.0037527986755830013,0.003140871998848391,0,0,53,53,53,53,54,False,False,,0,not_applicable,160
Exponential (alpha=0.05),Hutch++ (Standard),10,1010,19.50416649279501,19.503195429748423,9.429634404492101e-07,4.978746704951199e-05,0,0,53,53,53,53,54,False,False,,0,not_applicable,160
Exponential (alpha=0.05),Hutch++ (Standard),11,1011,19.50416649279501,19.4393103863739,0.004206314540106454,0.003325243682936627,0,0,53,53,53,53,54,False,False,,0,not_applicable,160
Exponential (alpha=0.05),Hutch++ (Standard),12,1012,19.50416649279501,19.548986645638397,0.002008846100904445,0.002297978376053265,0,0,53,53,53,53,54,False,False,,0,not_applicable,160
Exponential (alpha=0.05),Hutch++ (Standard),13,1013,19.50416649279501,19.496548166895725,5.803888950774731e-05,0.0003905999214117293,0,0,53,53,53,53,54,False,False,,0,not_applicable,160
Exponential (alpha=0.05),Hutch++ (Standard),14,1014,19.50416649279501,19.509741796640228,3.108401296648014e-05,0.0002858519407776561,0,0,53,53,53,53,54,False,False,,0,not_applicable,160
Exponential (alpha=0.05),Hutch++ (Standard),15,1015,19.50416649279501,19.621899039864843,0.013860952639550062,0.0060362767674959445,0,0,53,53,53,53,54,False,False,,0,not_applicable,160
Exponential (alpha=0.05),Hutch++ (Standard),16,1016,19.50416649279501,19.565453640782614,0.0037561145084543147,0.0031422592711276664,0,0,53,53,53,53,54,False,False,,0,not_applicable,160
Exponential (alpha=0.05),Hutch++ (Standard),17,1017,19.50416649279501,19.43531504379299,0.004740522029678006,0.0035300892774605894,0,0,53,53,53,53,54,False,False,,0,not_applicable,160
Exponential (alpha=0.05),Hutch++ (Standard),18,1018,19.50416649279501,19.500176027740046,1.5923811354897953e-05,0.00020459551842111532,0,0,53,53,53,53,54,False,False,,0,not_applicable,160
Exponential (alpha=0.05),Hutch++ (Standard),19,1019,19.50416649279501,19.55736304524539,0.0028298731926056898,0.0027274455675933658,0,0,53,53,53,53,54,False,False,,0,not_applicable,160
Exponential (alpha=0.05),Hutch++ (Standard),20,1020,19.50416649279501,19.6032615812411,0.009819836554137993,0.005080713830180563,0,0,53,53,53,53,54,False,False,,0,not_applicable,160
Exponential (alpha=0.05),Hutch++ (Standard),21,1021,19.50416649279501,19.468999254640206,0.0012367346394368149,0.0018030628567386692,0,0,53,53,53,53,54,False,False,,0,not_applicable,160
Exponential (alpha=0.05),Hutch++ (Standard),22,1022,19.50416649279501,19.477234095370406,0.0007253540310369037,0.0013808535440135142,0,0,53,53,53,53,54,False,False,,0,not_applicable,160
Exponential (alpha=0.05),Hutch++ (Standard),23,1023,19.50416649279501,19.352927543302833,0.022873219843497695,0.007754186755329804,0,0,53,53,53,53,54,False,False,,0,not_applicable,160
Exponential (alpha=0.05),Hutch++ (Standard),24,1024,19.50416649279501,19.49645926795944,5.940131466603494e-05,0.0003951578673417099,0,0,53,53,53,53,54,False,False,,0,not_applicable,160
Exponential (alpha=0.05),Hutch++ (Standard),25,1025,19.50416649279501,19.450486144190485,0.002881579826303493,0.0027522503268394708,0,0,53,53,53,53,54,False,False,,0,not_applicable,160
Exponential (alpha=0.05),Hutch++ (Standard),26,1026,19.50416649279501,19.58778473465067,0.0069920103710311154,0.004287198937034609,0,0,53,53,53,53,54,False,False,,0,not_applicable,160
Exponential (alpha=0.05),Hutch++ (Standard),27,1027,19.50416649279501,19.434450962054445,0.004860255226438883,0.003574391695554897,0,0,53,53,53,53,54,False,False,,0,not_applicable,160
Exponential (alpha=0.05),Hutch++ (Standard),28,1028,19.50416649279501,19.453755417442732,0.002541276518173203,0.0025846311028416284,0,0,53,53,53,53,54,False,False,,0,not_applicable,160
Exponential (alpha=0.05),Hutch++ (Standard),29,1029,19.50416649279501,19.4466910056937,0.003303431617532917,0.0029468312384711465,0,0,53,53,53,53,54,False,False,,0,not_applicable,160
Exponential (alpha=0.05),Hutch++ (Standard),30,1030,19.50416649279501,19.62532801440375,0.014680114318544537,0.006212084051553568,0,0,53,53,53,53,54,False,False,,0,not_applicable,160
Exponential (alpha=0.05),Hutch++ (Standard),31,1031,19.50416649279501,19.446310586821294,0.003347305856039625,0.002966335731141845,0,0,53,53,53,53,54,False,False,,0,not_applicable,160
Exponential (alpha=0.05),Hutch++ (Standard),32,1032,19.50416649279501,19.503407335617023,5.763196208912453e-07,3.892282083773203e-05,0,0,53,53,53,53,54,False,False,,0,not_applicable,160
Exponential (alpha=0.05),Hutch++ (Standard),33,1033,19.50416649279501,19.509435019308743,2.7757371625890013e-05,0.0002701231306489085,0,0,53,53,53,53,54,False,False,,0,not_applicable,160
Exponential (alpha=0.05),Hutch++ (Standard),34,1034,19.50416649279501,19.551054886138072,0.0021985214302935496,0.0024040193340423605,0,0,53,53,53,53,54,False,False,,0,not_applicable,160
Exponential (alpha=0.05),Hutch++ (Standard),35,1035,19.50416649279501,19.463186552849994,0.0016793554778972751,0.002101086450433871,0,0,53,53,53,53,54,False,False,,0,not_applicable,160
Exponential (alpha=0.05),Hutch++ (Standard),36,1036,19.50416649279501,19.39280860282811,0.012400579657880231,0.005709441108802909,0,0,53,53,53,53,54,False,False,,0,not_applicable,160
Exponential (alpha=0.05),Hutch++ (Standard),37,1037,19.50416649279501,19.471977599062544,0.0010361248797200694,0.001650359872817845,0,0,53,53,53,53,54,False,False,,0,not_applicable,160
Exponential (alpha=0.05),Hutch++ (Standard),38,1038,19.50416649279501,19.4503565669892,0.0028955081152269692,0.002758893892014795,0,0,53,53,53,53,54,False,False,,0,not_applicable,160
Exponential (alpha=0.05),Hutch++ (Standard),39,1039,19.50416649279501,19.54829954794416,0.0019477265567978861,0.0022627501239518622,0,0,53,53,53,53,54,False,False,,0,not_applicable,160
Exponential (alpha=0.05),Hutch++ (Standard),40,1040,19.50416649279501,19.45747031602548,0.002180532924891481,0.0023941641795758362,0,0,53,53,53,53,54,False,False,,0,not_applicable,160
Exponential (alpha=0.05),Hutch++ (Standard),41,1041,19.50416649279501,19.569404412648975,0.0042559861868721564,0.003344819676250345,0,0,53,53,53,53,54,False,False,,0,not_applicable,160
Exponential (alpha=0.05),Hutch++ (Standard),42,1042,19.50416649279501,19.470812386069827,0.001112496435434988,0.0017101016204668688,0,0,53,53,53,53,54,False,False,,0,not_applicable,160
Exponential (alpha=0.05),Hutch++ (Standard),43,1043,19.50416649279501,19.52413728398875,0.0003988325009039148,0.001023924360013854,0,0,53,53,53,53,54,False,False,,0,not_applicable,160
Exponential (alpha=0.05),Hutch++ (Standard),44,1044,19.50416649279501,19.42099730383407,0.006917113992420701,0.004264175502791379,0,0,53,53,53,53,54,False,False,,0,not_applicable,160
Exponential (alpha=0.05),Hutch++ (Standard),45,1045,19.50416649279501,19.529645607324046,0.0006491852771836347,0.0013063421366120026,0,0,53,53,53,53,54,False,False,,0,not_applicable,160
Exponential (alpha=0.05),Hutch++ (Standard),46,1046,19.50416649279501,19.500590581422813,1.2787142141820014e-05,0.00018334089659866637,0,0,53,53,53,53,54,False,False,,0,not_applicable,160
Exponential (alpha=0.05),Hutch++ (Standard),47,1047,19.50416649279501,19.542569055391414,0.0014747568139706387,0.0019689414879938113,0,0,53,53,53,53,54,False,False,,0,not_applicable,160
Exponential (alpha=0.05),Hutch++ (Standard),48,1048,19.50416649279501,19.41451435163578,0.008037506414434688,0.004596563569755684,0,0,53,53,53,53,54,False,False,,0,not_applicable,160
Exponential (alpha=0.05),Hutch++ (Standard),49,1049,19.50416649279501,19.606792340482006,0.010532064613474116,0.005261739727504116,0,0,53,53,53,53,54,False,False,,0,not_applicable,160
Exponential (alpha=0.05),Sequential Pilot Safe (Ours),0,1000,19.50416649279501,19.631027385408835,0.016093686074776056,0.006504297051642113,36,36,53,41,41,41,78,False,False,0.2214673924638848,30,max_pilot_reached,160
Exponential (alpha=0.05),Sequential Pilot Safe (Ours),1,1001,19.50416649279501,19.531076412759337,0.000724143792486378,0.0013797010999811628,36,36,53,41,41,41,78,False,False,0.48278492986581334,35,max_pilot_reached,160
Exponential (alpha=0.05),Sequential Pilot Safe (Ours),2,1002,19.50416649279501,19.57688139713679,0.005287457313434162,0.00372817286853253,36,36,53,41,41,41,78,False,False,0.21425837847403217,35,max_pilot_reached,160
Exponential (alpha=0.05),Sequential Pilot Safe (Ours),3,1003,19.50416649279501,19.353364499402304,0.022741241211214364,0.0077317835370414555,36,36,53,41,41,41,78,False,False,0.23756757335968626,34,max_pilot_reached,160
Exponential (alpha=0.05),Sequential Pilot Safe (Ours),4,1004,19.50416649279501,19.649186905962026,0.02103092023513147,0.0074353555800800684,36,36,53,41,41,41,78,False,False,0.15964271421457954,33,max_pilot_reached,160
Exponential (alpha=0.05),Sequential Pilot Safe (Ours),5,1005,19.50416649279501,19.422304740698994,0.006701346456229814,0.004197141781283388,36,36,53,41,41,41,78,False,False,0.13524513311097008,33,max_pilot_reached,160
Exponential (alpha=0.05),Sequential Pilot Safe (Ours),6,1006,19.50416649279501,19.629297244520654,0.015657705027424293,0.006415590831418835,36,36,53,41,41,41,78,False,False,0.3114996396822147,35,max_pilot_reached,160
Exponential (alpha=0.05),Sequential Pilot Safe (Ours),7,1007,19.50416649279501,19.449986312568065,0.002935491929424439,0.002777877242124722,36,36,53,41,41,41,78,False,False,0.24707399922980144,34,max_pilot_reached,160
Exponential (alpha=0.05),Sequential Pilot Safe (Ours),8,1008,19.50416649279501,19.346272061716675,0.024930651365551504,0.008095420593167299,36,36,53,41,41,41,78,False,False,0.20563499543742436,34,max_pilot_reached,160
Exponential (alpha=0.05),Sequential Pilot Safe (Ours),9,1009,19.50416649279501,19.390772484858015,0.0128582010360156,0.00581383510948212,36,36,53,41,41,41,78,False,False,0.15938154510723468,35,max_pilot_reached,160
Exponential (alpha=0.05),Sequential Pilot Safe (Ours),10,1010,19.50416649279501,19.719048692856806,0.046174359903396876,0.01101724598901333,36,36,53,41,41,41,78,False,False,0.2240454815132118,35,max_pilot_reached,160
Exponential (alpha=0.05),Sequential Pilot Safe (Ours),11,1011,19.50416649279501,19.400285286517647,0.010791305017640335,0.005326103338778354,36,36,53,41,41,41,78,False,False,0.1695372477638486,35,max_pilot_reached,160
Exponential (alpha=0.05),Sequential Pilot Safe (Ours),12,1012,19.50416649279501,19.550190614544984,0.0021182197828563225,0.0023597071818974935,36,36,53,41,41,41,78,False,False,0.18956621852650946,33,max_pilot_reached,160
Exponential (alpha=0.05),Sequential Pilot Safe (Ours),13,1013,19.50416649279501,19.541098944095996,0.0013640059590995788,0.00189356727008188,36,36,53,41,41,41,78,False,False,0.15931741574585567,33,max_pilot_reached,160
Exponential (alpha=0.05),Sequential Pilot Safe (Ours),14,1014,19.50416649279501,19.293907650567423,0.044208780734886,0.010780201363911647,36,36,53,41,41,41,78,False,False,0.19335290085187173,35,max_pilot_reached,160
Exponential (alpha=0.05),Sequential Pilot Safe (Ours),15,1015,19.50416649279501,19.544731800886993,0.0016455442205973573,0.002079827820735962,36,36,53,41,41,41,78,False,False,0.18282200967736406,35,max_pilot_reached,160
Exponential (alpha=0.05),Sequential Pilot Safe (Ours),16,1016,19.50416649279501,19.468826987044558,0.0012488806666863378,0.0018118952052377224,36,36,53,41,41,41,78,False,False,0.18944869492127658,34,max_pilot_reached,160
Exponential (alpha=0.05),Sequential Pilot Safe (Ours),17,1017,19.50416649279501,19.431032507877116,0.005348579749970913,0.0037496595891401657,36,36,53,41,41,41,78,False,False,0.2620886058276586,35,max_pilot_reached,160
Exponential (alpha=0.05),Sequential Pilot Safe (Ours),18,1018,19.50416649279501,19.351684814293307,0.02325066227869716,0.00781790283414738,36,36,53,41,41,41,78,False,False,0.17221089626159403,32,max_pilot_reached,160
Exponential (alpha=0.05),Sequential Pilot Safe (Ours),19,1019,19.50416649279501,19.377583141261585,0.016023344885435026,0.006490067216160575,36,36,53,41,41,41,78,False,False,0.13097069970583597,33,max_pilot_reached,160
Exponential (alpha=0.05),Sequential Pilot Safe (Ours),20,1020,19.50416649279501,19.505281710530557,1.2437105976753902e-06,5.7178436000202346e-05,36,36,53,41,41,41,78,False,False,0.1903928008396667,35,max_pilot_reached,160
Exponential (alpha=0.05),Sequential Pilot Safe (Ours),21,1021,19.50416649279501,19.399724863202536,0.010908053991931854,0.005354836856579184,36,36,53,41,41,41,78,False,False,0.1555520887541606,35,max_pilot_reached,160
Exponential (alpha=0.05),Sequential Pilot Safe (Ours),22,1022,19.50416649279501,19.48762560516478,0.00027360096359594667,0.0008480694438463632,36,36,53,41,41,41,78,False,False,0.15146738285990002,35,max_pilot_reached,160
Exponential (alpha=0.05),Sequential Pilot Safe (Ours),23,1023,19.50416649279501,19.322044668978876,0.033168358710115586,0.009337585581184048,36,36,53,41,41,41,78,False,False,0.15202129553748422,25,max_pilot_reached,160
Exponential (alpha=0.05),Sequential Pilot Safe (Ours),24,1024,19.50416649279501,19.447113153240934,0.0032550835542728184,0.0029251872708917367,36,36,53,41,41,41,78,False,False,0.1809318599298051,33,max_pilot_reached,160
Exponential (alpha=0.05),Sequential Pilot Safe (Ours),25,1025,19.50416649279501,19.566848781407096,0.003929069305648613,0.0032137896605445534,36,36,53,41,41,41,78,False,False,0.20518742150643066,32,max_pilot_reached,160
Exponential (alpha=0.05),Sequential Pilot Safe (Ours),26,1026,19.50416649279501,19.699201621954167,0.03803870160612836,0.009999664903968222,36,36,53,41,41,41,78,False,False,0.2412341705216372,35,max_pilot_reached,160
Exponential (alpha=0.05),Sequential Pilot Safe (Ours),27,1027,19.50416649279501,19.556734501030995,0.0027633954898984184,0.002695219416600162,36,36,53,41,41,41,78,False,False,0.17993413228749056,35,max_pilot_reached,160
Exponential (alpha=0.05),Sequential Pilot Safe (Ours),28,1028,19.50416649279501,19.36407084083615,0.019626791697778742,0.007182857673544519,36,36,53,41,41,41,78,False,False,0.2161136800710315,35,max_pilot_reached,160
Exponential (alpha=0.05),Sequential Pilot Safe (Ours),29,1029,19.50416649279501,19.44865960712159,0.0030810143571621423,0.0028458988849344,36,36,53,41,41,41,78,False,False,0.1564121871873212,34,max_pilot_reached,160
Exponential (alpha=0.05),Sequential Pilot Safe (Ours),30,1030,19.50416649279501,19.39255819638057,0.012456411828533905,0.005722279721908177,36,36,53,41,41,41,78,False,False,0.13216424321176334,32,max_pilot_reached,160
Exponential (alpha=0.05),Sequential Pilot Safe (Ours),31,1031,19.50416649279501,19.376962107958306,0.016180955521684668,0.0065219082745061555,36,36,53,41,41,41,78,False,False,0.13073360964967917,27,max_pilot_reached,160
Exponential (alpha=0.05),Sequential Pilot Safe (Ours),32,1032,19.50416649279501,19.35605186519748,0.021937942908355792,0.007593999346357475,36,36,53,41,41,41,78,False,False,0.24642474284121807,34,max_pilot_reached,160
Exponential (alpha=0.05),Sequential Pilot Safe (Ours),33,1033,19.50416649279501,19.256406217331737,0.061385154097637826,0.012702940961604249,36,36,53,41,41,41,78,False,False,0.17443906965127232,35,max_pilot_reached,160
Exponential (alpha=0.05),Sequential Pilot Safe (Ours),34,1034,19.50416649279501,19.59219079620175,0.007748277990241282,0.00451310254346187,36,36,53,41,41,41,78,False,False,0.2505521780142854,35,max_pilot_reached,160
Exponential (alpha=0.05),Sequential Pilot Safe (Ours),35,1035,19.50416649279501,19.533669687351836,0.0008704384890578118,0.0015126611315445214,36,36,53,41,41,41,78,False,False,0.1826606623399223,34,max_pilot_reached,160
Exponential (alpha=0.05),Sequential Pilot Safe (Ours),36,1036,19.50416649279501,19.582217959197326,0.006092031407551616,0.004001784256258642,36,36,53,41,41,41,78,False,False,0.11984036734670511,18,max_pilot_reached,160
Exponential (alpha=0.05),Sequential Pilot Safe (Ours),37,1037,19.50416649279501,19.399580326437167,0.01093826619343067,0.005362247415006387,36,36,53,41,41,41,78,False,False,0.2552024223428071,34,max_pilot_reached,160
Exponential (alpha=0.05),Sequential Pilot Safe (Ours),38,1038,19.50416649279501,19.464599428398138,0.001565552584986336,0.002028646772036626,36,36,53,41,41,41,78,False,False,0.16817716227254786,35,max_pilot_reached,160
Exponential (alpha=0.05),Sequential Pilot Safe (Ours),39,1039,19.50416649279501,19.70934837061101,0.042099602984099566,0.01051989983226378,36,36,53,41,41,41,78,False,False,0.2384148051491206,31,max_pilot_reached,160
Exponential (alpha=0.05),Sequential Pilot Safe (Ours),40,1040,19.50416649279501,19.516841857124824,0.00016066486089347828,0.00064987982616405,36,36,53,41,41,41,78,False,False,0.1389576771739307,30,max_pilot_reached,160
Exponential (alpha=0.05),Sequential Pilot Safe (Ours),41,1041,19.50416649279501,19.520582589513335,0.0002694882314653535,0.0008416712769749884,36,36,53,41,41,41,78,False,False,0.2514899893937903,35,max_pilot_reached,160
Exponential (alpha=0.05),Sequential Pilot Safe (Ours),42,1042,19.50416649279501,19.39039439259269,0.012944090784447193,0.005833220314456928,36,36,53,41,41,41,78,False,False,0.22483232232381445,35,max_pilot_reached,160
Exponential (alpha=0.05),Sequential Pilot Safe (Ours),43,1043,19.50416649279501,19.444506024638464,0.0035593714606584007,0.0030588576127355345,36,36,53,41,41,41,78,False,False,0.1664552394578398,34,max_pilot_reached,160
Exponential (alpha=0.05),Sequential Pilot Safe (Ours),44,1044,19.50416649279501,19.755788032999874,0.06331339949506712,0.012900912238306271,36,36,53,41,41,41,78,False,False,0.1300169617724145,35,max_pilot_reached,160
Exponential (alpha=0.05),Sequential Pilot Safe (Ours),45,1045,19.50416649279501,19.498509303779297,3.200378755952008e-05,0.00029005028324610775,36,36,53,41,41,41,78,False,False,0.2810574501578804,35,max_pilot_reached,160
Exponential (alpha=0.05),Sequential Pilot Safe (Ours),46,1046,19.50416649279501,19.6272703175615,0.015154551672138283,0.00631166806394746,36,36,53,41,41,41,78,False,False,0.4614264253936353,35,max_pilot_reached,160
Exponential (alpha=0.05),Sequential Pilot Safe (Ours),47,1047,19.50416649279501,19.604442841205703,0.01005534605058238,0.005141278323671729,36,36,53,41,41,41,78,False,False,0.2330416635837551,34,max_pilot_reached,160
Exponential (alpha=0.05),Sequential Pilot Safe (Ours),48,1048,19.50416649279501,19.739665338236694,0.05545970620436553,0.012074284001250591,36,36,53,40,40,40,80,False,False,0.1620551450228076,35,max_pilot_reached,160
Exponential (alpha=0.05),Sequential Pilot Safe (Ours),49,1049,19.50416649279501,19.276694093103053,0.051743692621618036,0.011662759327653831,36,36,53,41,41,41,78,False,False,0.18745310124041836,35,max_pilot_reached,160
Exponential (alpha=0.05),Sequential Pilot Trust-Region (s=4),0,1000,19.50416649279501,19.514595755173904,0.00010876951376777598,0.0005347197165664495,36,36,53,41,49,49,62,True,False,0.2214673924638848,30,max_pilot_reached,160
Exponential (alpha=0.05),Sequential Pilot Trust-Region (s=4),1,1001,19.50416649279501,19.309176214803315,0.03802120851127892,0.009997365335438815,36,36,53,41,49,49,62,True,False,0.48278492986581334,35,max_pilot_reached,160
Exponential (alpha=0.05),Sequential Pilot Trust-Region (s=4),2,1002,19.50416649279501,19.5524364324412,0.0023299870734467907,0.002474852727699024,36,36,53,41,49,49,62,True,False,0.21425837847403217,35,max_pilot_reached,160
Exponential (alpha=0.05),Sequential Pilot Trust-Region (s=4),3,1003,19.50416649279501,19.534887401153163,0.0009437742103499666,0.001575094653211683,36,36,53,41,49,49,62,True,False,0.23756757335968626,34,max_pilot_reached,160
Exponential (alpha=0.05),Sequential Pilot Trust-Region (s=4),4,1004,19.50416649279501,19.615238124278665,0.01233690732044058,0.005694764322519727,36,36,53,41,49,49,62,True,False,0.15964271421457954,33,max_pilot_reached,160
Exponential (alpha=0.05),Sequential Pilot Trust-Region (s=4),5,1005,19.50416649279501,19.46845567876916,0.0012752622383889222,0.00183093258761111,36,36,53,41,49,49,62,True,False,0.13524513311097008,33,max_pilot_reached,160
Exponential (alpha=0.05),Sequential Pilot Trust-Region (s=4),6,1006,19.50416649279501,19.578951667928454,0.005592822419739635,0.003834317921817808,36,36,53,41,49,49,62,True,False,0.3114996396822147,35,max_pilot_reached,160
Exponential (alpha=0.05),Sequential Pilot Trust-Region (s=4),7,1007,19.50416649279501,19.457191109265725,0.0022066866577235443,0.0024084794162641805,36,36,53,41,49,49,62,True,False,0.24707399922980144,34,max_pilot_reached,160
Exponential (alpha=0.05),Sequential Pilot Trust-Region (s=4),8,1008,19.50416649279501,19.455391361924708,0.002379013391415276,0.0025007544356392694,36,36,53,41,49,49,62,True,False,0.20563499543742436,34,max_pilot_reached,160
Exponential (alpha=0.05),Sequential Pilot Trust-Region (s=4),9,1009,19.50416649279501,19.394695587803938,0.011983879039564759,0.005612693320245878,36,36,53,41,49,49,62,True,False,0.15938154510723468,35,max_pilot_reached,160
Exponential (alpha=0.05),Sequential Pilot Trust-Region (s=4),10,1010,19.50416649279501,19.506886831504474,7.400242694199072e-06,0.00013947474815020807,36,36,53,41,49,49,62,True,False,0.2240454815132118,35,max_pilot_reached,160
Exponential (alpha=0.05),Sequential Pilot Trust-Region (s=4),11,1011,19.50416649279501,19.549733297467945,0.002076333688101285,0.0023362600339658884,36,36,53,41,49,49,62,True,False,0.1695372477638486,35,max_pilot_reached,160
Exponential (alpha=0.05),Sequential Pilot Trust-Region (s=4),12,1012,19.50416649279501,19.53916999072171,0.001225244867104397,0.0017946677157226491,36,36,53,41,49,49,62,True,False,0.18956621852650946,33,max_pilot_reached,160
Exponential (alpha=0.05),Sequential Pilot Trust-Region (s=4),13,1013,19.50416649279501,19.379533066581835,0.015533490929635206,0.006390092407138578,36,36,53,41,49,49,62,True,False,0.15931741574585567,33,max_pilot_reached,160
Exponential (alpha=0.05),Sequential Pilot Trust-Region (s=4),14,1014,19.50416649279501,19.415141568590517,0.007925437129615987,0.0045644054688202635,36,36,53,41,49,49,62,True,False,0.19335290085187173,35,max_pilot_reached,160
Exponential (alpha=0.05),Sequential Pilot Trust-Region (s=4),15,1015,19.50416649279501,19.585535029816185,0.0066208388169661046,0.004171854103646613,36,36,53,41,49,49,62,True,False,0.18282200967736406,35,max_pilot_reached,160
Exponential (alpha=0.05),Sequential Pilot Trust-Region (s=4),16,1016,19.50416649279501,19.563361061287843,0.003503996939052487,0.003034970426175256,36,36,53,41,49,49,62,True,False,0.18944869492127658,34,max_pilot_reached,160
Exponential (alpha=0.05),Sequential Pilot Trust-Region (s=4),17,1017,19.50416649279501,19.590215466560686,0.00740442588612569,0.004411825227059119,36,36,53,41,49,49,62,True,False,0.2620886058276586,35,max_pilot_reached,160
Exponential (alpha=0.05),Sequential Pilot Trust-Region (s=4),18,1018,19.50416649279501,19.478440919264457,0.0006618051334759487,0.0013189783598318535,36,36,53,41,49,49,62,True,False,0.17221089626159403,32,max_pilot_reached,160
Exponential (alpha=0.05),Sequential Pilot Trust-Region (s=4),19,1019,19.50416649279501,19.52053176585833,0.00026782216243696636,0.0008390654924609877,36,36,53,41,49,49,62,True,False,0.13097069970583597,33,max_pilot_reached,160
Exponential (alpha=0.05),Sequential Pilot Trust-Region (s=4),20,1020,19.50416649279501,19.49580368620063,6.993653413501567e-05,0.000428770262880492,36,36,53,41,49,49,62,True,False,0.1903928008396667,35,max_pilot_reached,160
Exponential (alpha=0.05),Sequential Pilot Trust-Region (s=4),21,1021,19.50416649279501,19.71845045648172,0.0459176170932861,0.010986573754170191,36,36,53,41,49,49,62,True,False,0.1555520887541606,35,max_pilot_reached,160
Exponential (alpha=0.05),Sequential Pilot Trust-Region (s=4),22,1022,19.50416649279501,19.35919573510514,0.02101652058517571,0.0074328096893259065,36,36,53,41,49,49,62,True,False,0.15146738285990002,35,max_pilot_reached,160
Exponential (alpha=0.05),Sequential Pilot Trust-Region (s=4),23,1023,19.50416649279501,19.57490659873337,0.005004162588170285,0.0036269227892661376,36,36,53,41,49,49,62,True,False,0.15202129553748422,25,max_pilot_reached,160
Exponential (alpha=0.05),Sequential Pilot Trust-Region (s=4),24,1024,19.50416649279501,19.499572615980497,2.1103704186930905e-05,0.0002355331008998097,36,36,53,41,49,49,62,True,False,0.1809318599298051,33,max_pilot_reached,160
Exponential (alpha=0.05),Sequential Pilot Trust-Region (s=4),25,1025,19.50416649279501,19.504406453746906,5.758125843416359e-08,1.2303061091241485e-05,36,36,53,41,49,49,62,True,False,0.20518742150643066,32,max_pilot_reached,160
Exponential (alpha=0.05),Sequential Pilot Trust-Region (s=4),26,1026,19.50416649279501,19.50879546524746,2.142738596552018e-05,0.00023733249273470532,36,36,53,41,49,49,62,True,False,0.2412341705216372,35,max_pilot_reached,160
Exponential (alpha=0.05),Sequential Pilot Trust-Region (s=4),27,1027,19.50416649279501,19.462049527019953,0.001773838806097423,0.0021593830113487045,36,36,53,41,49,49,62,True,False,0.17993413228749056,35,max_pilot_reached,160
Exponential (alpha=0.05),Sequential Pilot Trust-Region (s=4),28,1028,19.50416649279501,19.483500060300674,0.00042710143204301,0.00105959065218049,36,36,53,41,49,49,62,True,False,0.2161136800710315,35,max_pilot_reached,160
Exponential (alpha=0.05),Sequential Pilot Trust-Region (s=4),29,1029,19.50416649279501,19.497766986178707,4.0953684932125156e-05,0.0003281097204881087,36,36,53,41,49,49,62,True,False,0.1564121871873212,34,max_pilot_reached,160
Exponential (alpha=0.05),Sequential Pilot Trust-Region (s=4),30,1030,19.50416649279501,19.463455287506797,0.0016574022360191698,0.00208730812994515,36,36,53,41,49,49,62,True,False,0.13216424321176334,32,max_pilot_reached,160
Exponential (alpha=0.05),Sequential Pilot Trust-Region (s=4),31,1031,19.50416649279501,19.306790489670682,0.03895728660933531,0.010119684078642461,36,36,53,41,49,49,62,True,False,0.13073360964967917,27,max_pilot_reached,160
Exponential (alpha=0.05),Sequential Pilot Trust-Region (s=4),32,1032,19.50416649279501,19.385356198828724,0.01411588595235568,0.00609153403249388,36,36,53,41,49,49,62,True,False,0.24642474284121807,34,max_pilot_reached,160
Exponential (alpha=0.05),Sequential Pilot Trust-Region (s=4),33,1033,19.50416649279501,19.557292119739373,0.002822332238231411,0.002723809139138859,36,36,53,41,49,49,62,True,False,0.17443906965127232,35,max_pilot_reached,160
Exponential (alpha=0.05),Sequential Pilot Trust-Region (s=4),34,1034,19.50416649279501,19.511206370319762,4.955987556348635e-05,0.00036094223905189807,36,36,53,41,49,49,62,True,False,0.2505521780142854,35,max_pilot_reached,160
Exponential (alpha=0.05),Sequential Pilot Trust-Region (s=4),35,1035,19.50416649279501,19.553802714427526,0.0024637544979521082,0.0025449035030976883,36,36,53,41,49,49,62,True,False,0.1826606623399223,34,max_pilot_reached,160
Exponential (alpha=0.05),Sequential Pilot Trust-Region (s=4),36,1036,19.50416649279501,19.60526235114002,0.010220372574513992,0.005183295496495783,36,36,53,41,49,49,62,True,False,0.11984036734670511,18,max_pilot_reached,160
Exponential (alpha=0.05),Sequential Pilot Trust-Region (s=4),37,1037,19.50416649279501,19.53668035863128,0.0010571514716188517,0.001667021548871577,36,36,53,41,49,49,62,True,False,0.2552024223428071,34,max_pilot_reached,160
Exponential (alpha=0.05),Sequential Pilot Trust-Region (s=4),38,1038,19.50416649279501,19.344908443514676,0.025363126260577837,0.00816533479342308,36,36,53,41,49,49,62,True,False,0.16817716227254786,35,max_pilot_reached,160
Exponential (alpha=0.05),Sequential Pilot Trust-Region (s=4),39,1039,19.50416649279501,19.545071372916883,0.001673209217784691,0.0020972380510073186,36,36,53,41,49,49,62,True,False,0.2384148051491206,31,max_pilot_reached,160
Exponential (alpha=0.05),Sequential Pilot Trust-Region (s=4),40,1040,19.50416649279501,19.336115592418434,0.028241105117378467,0.008616153909404796,36,36,53,41,49,49,62,True,False,0.1389576771739307,30,max_pilot_reached,160
Exponential (alpha=0.05),Sequential Pilot Trust-Region (s=4),41,1041,19.50416649279501,19.419455800407768,0.007175901404726249,0.004343210073526423,36,36,53,41,49,49,62,True,False,0.2514899893937903,35,max_pilot_reached,160
Exponential (alpha=0.05),Sequential Pilot Trust-Region (s=4),42,1042,19.50416649279501,19.44814300848243,0.003138630794522193,0.0028723854635509874,36,36,53,41,49,49,62,True,False,0.22483232232381445,35,max_pilot_reached,160
Exponential (alpha=0.05),Sequential Pilot Trust-Region (s=4),43,1043,19.50416649279501,19.22890912319032,0.0757666195216938,0.014112747125409013,36,36,53,41,49,49,62,True,False,0.1664552394578398,34,max_pilot_reached,160
Exponential (alpha=0.05),Sequential Pilot Trust-Region (s=4),44,1044,19.50416649279501,19.41236954955575,0.008426678788072496,0.004706529923910034,36,36,53,41,49,49,62,True,False,0.1300169617724145,35,max_pilot_reached,160
Exponential (alpha=0.05),Sequential Pilot Trust-Region (s=4),45,1045,19.50416649279501,19.548021521654878,0.0019232635562997018,0.002248495411278746,36,36,53,41,49,49,62,True,False,0.2810574501578804,35,max_pilot_reached,160
Exponential (alpha=0.05),Sequential Pilot Trust-Region (s=4),46,1046,19.50416649279501,19.486870990814325,0.00029913438876395066,0.0008867593489358373,36,36,53,41,49,49,62,True,False,0.4614264253936353,35,max_pilot_reached,160
Exponential (alpha=0.05),Sequential Pilot Trust-Region (s=4),47,1047,19.50416649279501,19.432999027072587,0.005064808177352545,0.0036488339939425175,36,36,53,41,49,49,62,True,False,0.2330416635837551,34,max_pilot_reached,160
Exponential (alpha=0.05),Sequential Pilot Trust-Region (s=4),48,1048,19.50416649279501,19.493287278595563,0.0001183573015974815,0.0005577892397230791,36,36,53,40,49,49,62,True,False,0.1620551450228076,35,max_pilot_reached,160
Exponential (alpha=0.05),Sequential Pilot Trust-Region (s=4),49,1049,19.50416649279501,19.597565700003045,0.008723411907089201,0.0047886797542738375,36,36,53,41,49,49,62,True,False,0.18745310124041836,35,max_pilot_reached,160
"Step (r=10, eta=0.01)",Hutch++ (Standard),0,1000,14.900000000000002,14.892815026445803,5.1623844974547034e-05,0.0004822129902147354,0,0,53,53,53,53,54,False,False,,0,not_applicable,160
"Step (r=10, eta=0.01)",Hutch++ (Standard),1,1001,14.900000000000002,14.894474678844006,3.052917387690212e-05,0.00037082692322123925,0,0,53,53,53,53,54,False,False,,0,not_applicable,160
"Step (r=10, eta=0.01)",Hutch++ (Standard),2,1002,14.900000000000002,14.893702506696751,3.9658421904487284e-05,0.0004226505572651469,0,0,53,53,53,53,54,False,False,,0,not_applicable,160
"Step (r=10, eta=0.01)",Hutch++ (Standard),3,1003,14.900000000000002,14.89227780192483,5.963234311218404e-05,0.0005182683271927251,0,0,53,53,53,53,54,False,False,,0,not_applicable,160
"Step (r=10, eta=0.01)",Hutch++ (Standard),4,1004,14.900000000000002,14.894638165360181,2.8749270704784217e-05,0.0003598546738134888,0,0,53,53,53,53,54,False,False,,0,not_applicable,160
"Step (r=10, eta=0.01)",Hutch++ (Standard),5,1005,14.900000000000002,14.900973255781778,9.472268167610291e-07,6.531917998498768e-05,0,0,53,53,53,53,54,False,False,,0,not_applicable,160
"Step (r=10, eta=0.01)",Hutch++ (Standard),6,1006,14.900000000000002,14.900114531338946,1.3117427600384636e-08,7.686667043244688e-06,0,0,53,53,53,53,54,False,False,,0,not_applicable,160
"Step (r=10, eta=0.01)",Hutch++ (Standard),7,1007,14.900000000000002,14.909242348466666,8.54210051792453e-05,0.0006202918434002644,0,0,53,53,53,53,54,False,False,,0,not_applicable,160
"Step (r=10, eta=0.01)",Hutch++ (Standard),8,1008,14.900000000000002,14.883877659842483,0.0002599298521547573,0.0010820362521824986,0,0,53,53,53,53,54,False,False,,0,not_applicable,160
"Step (r=10, eta=0.01)",Hutch++ (Standard),9,1009,14.900000000000002,14.91879165004214,0.0003531261113061729,0.001261184566586421,0,0,53,53,53,53,54,False,False,,0,not_applicable,160
"Step (r=10, eta=0.01)",Hutch++ (Standard),10,1010,14.900000000000002,14.931301784881082,0.000979801736741418,0.002100790931616117,0,0,53,53,53,53,54,False,False,,0,not_applicable,160
"Step (r=10, eta=0.01)",Hutch++ (Standard),11,1011,14.900000000000002,14.912665621877188,0.00016041797753586122,0.0008500417367239152,0,0,53,53,53,53,54,False,False,,0,not_applicable,160
"Step (r=10, eta=0.01)",Hutch++ (Standard),12,1012,14.900000000000002,14.904026262196622,1.6210787275928184e-05,0.00027021893937044376,0,0,53,53,53,53,54,False,False,,0,not_applicable,160
"Step (r=10, eta=0.01)",Hutch++ (Standard),13,1013,14.900000000000002,14.901849428906047,3.420387278514406e-06,0.0001241227453721404,0,0,53,53,53,53,54,False,False,,0,not_applicable,160
"Step (r=10, eta=0.01)",Hutch++ (Standard),14,1014,14.900000000000002,14.903124706412932,9.763790167003442e-06,0.00020971183979393365,0,0,53,53,53,53,54,False,False,,0,not_applicable,160
"Step (r=10, eta=0.01)",Hutch++ (Standard),15,1015,14.900000000000002,14.911081632863432,0.00012280258691985184,0.00074373374922349,0,0,53,53,53,53,54,False,False,,0,not_applicable,160
"Step (r=10, eta=0.01)",Hutch++ (Standard),16,1016,14.900000000000002,14.891072706465557,7.969656985013739e-05,0.0005991472170768226,0,0,53,53,53,53,54,False,False,,0,not_applicable,160
"Step (r=10, eta=0.01)",Hutch++ (Standard),17,1017,14.900000000000002,14.890846835295104,8.37804241149929e-05,0.0006143063560334316,0,0,53,53,53,53,54,False,False,,0,not_applicable,160
"Step (r=10, eta=0.01)",Hutch++ (Standard),18,1018,14.900000000000002,14.911863802145561,0.0001407498013489661,0.0007962283319166994,0,0,53,53,53,53,54,False,False,,0,not_applicable,160
"Step (r=10, eta=0.01)",Hutch++ (Standard),19,1019,14.900000000000002,14.90058216199953,3.3891259369455187e-07,3.9071275136113876e-05,0,0,53,53,53,53,54,False,False,,0,not_applicable,160
"Step (r=10, eta=0.01)",Hutch++ (Standard),20,1020,14.900000000000002,14.912412085830255,0.00015405987465755614,0.000833025894647822,0,0,53,53,53,53,54,False,False,,0,not_applicable,160
"Step (r=10, eta=0.01)",Hutch++ (Standard),21,1021,14.900000000000002,14.912081913990576,0.0001459726456756307,0.0008108667107767866,0,0,53,53,53,53,54,False,False,,0,not_applicable,160
"Step (r=10, eta=0.01)",Hutch++ (Standard),22,1022,14.900000000000002,14.899551115299166,2.0149747464436085e-07,3.012648998897352e-05,0,0,53,53,53,53,54,False,False,,0,not_applicable,160
"Step (r=10, eta=0.01)",Hutch++ (Standard),23,1023,14.900000000000002,14.905371038869614,2.8848058538880438e-05,0.0003604724073564943,0,0,53,53,53,53,54,False,False,,0,not_applicable,160
"Step (r=10, eta=0.01)",Hutch++ (Standard),24,1024,14.900000000000002,14.892665222538886,5.37989604040968e-05,0.0004922669436990673,0,0,53,53,53,53,54,False,False,,0,not_applicable,160
"Step (r=10, eta=0.01)",Hutch++ (Standard),25,1025,14.900000000000002,14.909432370623232,8.896961557397631e-05,0.000633045008270484,0,0,53,53,53,53,54,False,False,,0,not_applicable,160
"Step (r=10, eta=0.01)",Hutch++ (Standard),26,1026,14.900000000000002,14.902850225796193,8.123787089273172e-06,0.00019129032189201992,0,0,53,53,53,53,54,False,False,,0,not_applicable,160
"Step (r=10, eta=0.01)",Hutch++ (Standard),27,1027,14.900000000000002,14.913831903273113,0.0001913215481567022,0.0009283156559134981,0,0,53,53,53,53,54,False,False,,0,not_applicable,160
"Step (r=10, eta=0.01)",Hutch++ (Standard),28,1028,14.900000000000002,14.893629957808749,4.057743751835082e-05,0.0004275196101512475,0,0,53,53,53,53,54,False,False,,0,not_applicable,160
"Step (r=10, eta=0.01)",Hutch++ (Standard),29,1029,14.900000000000002,14.911838134532307,0.00014014142920493845,0.0007945056733090215,0,0,53,53,53,53,54,False,False,,0,not_applicable,160
"Step (r=10, eta=0.01)",Hutch++ (Standard),30,1030,14.900000000000002,14.903734114512634,1.3943611193448527e-05,0.00025061171225717764,0,0,53,53,53,53,54,False,False,,0,not_applicable,160
"Step (r=10, eta=0.01)",Hutch++ (Standard),31,1031,14.900000000000002,14.903616048225622,1.307580477000959e-05,0.00024268780037718155,0,0,53,53,53,53,54,False,False,,0,not_applicable,160
"Step (r=10, eta=0.01)",Hutch++ (Standard),32,1032,14.900000000000002,14.874437021165932,0.0006534658868711389,0.0017156361633604393,0,0,53,53,53,53,54,False,False,,0,not_applicable,160
"Step (r=10, eta=0.01)",Hutch++ (Standard),33,1033,14.900000000000002,14.892513951176628,5.6040926985937635e-05,0.0005024193841190531,0,0,53,53,53,53,54,False,False,,0,not_applicable,160
"Step (r=10, eta=0.01)",Hutch++ (Standard),34,1034,14.900000000000002,14.899694106511166,9.35708265121418e-08,2.052976435139642e-05,0,0,53,53,53,53,54,False,False,,0,not_applicable,160
"Step (r=10, eta=0.01)",Hutch++ (Standard),35,1035,14.900000000000002,14.878336865782682,0.0004692913841176264,0.0014539016253234988,0,0,53,53,53,53,54,False,False,,0,not_applicable,160
"Step (r=10, eta=0.01)",Hutch++ (Standard),36,1036,14.900000000000002,14.893552538164474,4.1569764120586095e-05,0.00043271555943138855,0,0,53,53,53,53,54,False,False,,0,not_applicable,160
"Step (r=10, eta=0.01)",Hutch++ (Standard),37,1037,14.900000000000002,14.91147694542932,0.00013172027638752262,0.0007702647939138991,0,0,53,53,53,53,54,False,False,,0,not_applicable,160
"Step (r=10, eta=0.01)",Hutch++ (Standard),38,1038,14.900000000000002,14.900315843349095,9.975702116590615e-08,2.1197540207543886e-05,0,0,53,53,53,53,54,False,False,,0,not_applicable,160
"Step (r=10, eta=0.01)",Hutch++ (Standard),39,1039,14.900000000000002,14.934965343239766,0.0012225752278744691,0.0023466673315277456,0,0,53,53,53,53,54,False,False,,0,not_applicable,160
"Step (r=10, eta=0.01)",Hutch++ (Standard),40,1040,14.900000000000002,14.884519665891162,0.00023964074412132473,0.0010389485979087456,0,0,53,53,53,53,54,False,False,,0,not_applicable,160
"Step (r=10, eta=0.01)",Hutch++ (Standard),41,1041,14.900000000000002,14.905908993159848,3.491620016310352e-05,0.0003965767221372967,0,0,53,53,53,53,54,False,False,,0,not_applicable,160
"Step (r=10, eta=0.01)",Hutch++ (Standard),42,1042,14.900000000000002,14.890179457419592,9.644305657365216e-05,0.0006590968174772025,0,0,53,53,53,53,54,False,False,,0,not_applicable,160
"Step (r=10, eta=0.01)",Hutch++ (Standard),43,1043,14.900000000000002,14.885972280120527,0.00019677692501703488,0.0009414577100319191,0,0,53,53,53,53,54,False,False,,0,not_applicable,160
"Step (r=10, eta=0.01)",Hutch++ (Standard),44,1044,14.900000000000002,14.909011554264438,8.120811026087877e-05,0.0006048022996265924,0,0,53,53,53,53,54,False,False,,0,not_applicable,160
"Step (r=10, eta=0.01)",Hutch++ (Standard),45,1045,14.900000000000002,14.912956693826077,0.0001678759149026444,0.0008695767668506565,0,0,53,53,53,53,54,False,False,,0,not_applicable,160
"Step (r=10, eta=0.01)",Hutch++ (Standard),46,1046,14.900000000000002,14.901970807854749,3.884083600331216e-06,0.0001322689835400457,0,0,53,53,53,53,54,False,False,,0,not_applicable,160
"Step (r=10, eta=0.01)",Hutch++ (Standard),47,1047,14.900000000000002,14.876159535219674,0.0005683677609420533,0.0016000311933105946,0,0,53,53,53,53,54,False,False,,0,not_applicable,160
"Step (r=10, eta=0.01)",Hutch++ (Standard),48,1048,14.900000000000002,14.886003972576823,0.00019588878363037743,0.0009393306995422119,0,0,53,53,53,53,54,False,False,,0,not_applicable,160
"Step (r=10, eta=0.01)",Hutch++ (Standard),49,1049,14.900000000000002,14.885248987989728,0.0002175923553272498,0.000990000806058662,0,0,53,53,53,53,54,False,False,,0,not_applicable,160
"Step (r=10, eta=0.01)",Sequential Pilot Safe (Ours),0,1000,14.900000000000002,14.932048289665236,0.0010270928704667222,0.0021508919238411844,24,24,53,62,62,62,36,False,False,4.593055075740097,10,horizon_resolved_stop_at_b=24,160
"Step (r=10, eta=0.01)",Sequential Pilot Safe (Ours),1,1001,14.900000000000002,14.906173480391526,3.81118601445353e-05,0.00041432754305532356,24,24,53,62,62,62,36,False,False,4.59612867563689,10,horizon_resolved_stop_at_b=24,160
"Step (r=10, eta=0.01)",Sequential Pilot Safe (Ours),2,1002,14.900000000000002,14.919428155621766,0.000377453230863477,0.0013039030618633503,24,24,53,62,62,62,36,False,False,4.596586899513879,10,horizon_resolved_stop_at_b=24,160
"Step (r=10, eta=0.01)",Sequential Pilot Safe (Ours),3,1003,14.900000000000002,14.917381947040223,0.0003021320829090399,0.0011665736268604548,24,24,53,62,62,62,36,False,False,4.592932434597735,10,horizon_resolved_stop_at_b=24,160
"Step (r=10, eta=0.01)",Sequential Pilot Safe (Ours),4,1004,14.900000000000002,14.877614163013783,0.000501125697573565,0.001502405166860327,24,24,53,62,62,62,36,False,False,4.597872201780044,10,horizon_resolved_stop_at_b=24,160
"Step (r=10, eta=0.01)",Sequential Pilot Safe (Ours),5,1005,14.900000000000002,14.899967383186894,1.0638564973337607e-09,2.1890478596092083e-06,24,24,53,62,62,62,36,False,False,4.597662538178525,10,horizon_resolved_stop_at_b=24,160
"Step (r=10, eta=0.01)",Sequential Pilot Safe (Ours),6,1006,14.900000000000002,14.913854862554725,0.0001919572164102659,0.0009298565472968464,24,24,53,62,62,62,36,False,False,4.589614281687967,10,horizon_resolved_stop_at_b=24,160
"Step (r=10, eta=0.01)",Sequential Pilot Safe (Ours),7,1007,14.900000000000002,14.900985204366595,9.706276439539055e-07,6.61210984290601e-05,24,24,53,62,62,62,36,False,False,4.595718548940131,10,horizon_resolved_stop_at_b=24,160
"Step (r=10, eta=0.01)",Sequential Pilot Safe (Ours),8,1008,14.900000000000002,14.924990080944571,0.0006245041456161164,0.0016771866405751081,24,24,53,62,62,62,36,False,False,4.593887988622738,10,horizon_resolved_stop_at_b=24,160
"Step (r=10, eta=0.01)",Sequential Pilot Safe (Ours),9,1009,14.900000000000002,14.900685876447008,4.704265005580552e-07,4.603197630915104e-05,24,24,53,62,62,62,36,False,False,4.591170149117744,10,horizon_resolved_stop_at_b=24,160
"Step (r=10, eta=0.01)",Sequential Pilot Safe (Ours),10,1010,14.900000000000002,14.913687666117632,0.00018735220374770274,0.0009186353099080203,24,24,53,62,62,62,36,False,False,4.591599964844771,10,horizon_resolved_stop_at_b=24,160
"Step (r=10, eta=0.01)",Sequential Pilot Safe (Ours),11,1011,14.900000000000002,14.895231184779377,2.2741598608469964e-05,0.0003200547127936614,24,24,53,62,62,62,36,False,False,4.590864457981693,10,horizon_resolved_stop_at_b=24,160
"Step (r=10, eta=0.01)",Sequential Pilot Safe (Ours),12,1012,14.900000000000002,14.890826949988847,8.414484650714838e-05,0.0006156409403459644,24,24,53,62,62,62,36,False,False,4.5946010847376275,10,horizon_resolved_stop_at_b=24,160
"Step (r=10, eta=0.01)",Sequential Pilot Safe (Ours),13,1013,14.900000000000002,14.900243438744756,5.926242244722417e-08,1.6338170788834384e-05,24,24,53,62,62,62,36,False,False,4.597486509157057,10,horizon_resolved_stop_at_b=24,160
"Step (r=10, eta=0.01)",Sequential Pilot Safe (Ours),14,1014,14.900000000000002,14.901192951581962,1.4231334768997543e-06,8.006386456104252e-05,24,24,53,62,62,62,36,False,False,4.592096062703585,10,horizon_resolved_stop_at_b=24,160
"Step (r=10, eta=0.01)",Sequential Pilot Safe (Ours),15,1015,14.900000000000002,14.913850161893603,0.0001918269844789418,0.0009295410666845934,24,24,53,62,62,62,36,False,False,4.592675692657812,10,horizon_resolved_stop_at_b=24,160
"Step (r=10, eta=0.01)",Sequential Pilot Safe (Ours),16,1016,14.900000000000002,14.889832358476646,0.00010338093414747825,0.0006823920485473994,24,24,53,62,62,62,36,False,False,4.597475174555172,10,horizon_resolved_stop_at_b=24,160
"Step (r=10, eta=0.01)",Sequential Pilot Safe (Ours),17,1017,14.900000000000002,14.896627918261778,1.1370935249263103e-05,0.0002263142106190535,24,24,53,62,62,62,36,False,False,4.595751614998085,10,horizon_resolved_stop_at_b=24,160
"Step (r=10, eta=0.01)",Sequential Pilot Safe (Ours),18,1018,14.900000000000002,14.875466266978428,0.0006019040559738716,0.001646559263192887,24,24,53,62,62,62,36,False,False,4.592960448758024,10,horizon_resolved_stop_at_b=24,160
"Step (r=10, eta=0.01)",Sequential Pilot Safe (Ours),19,1019,14.900000000000002,14.9117959906467,0.0001391453953369921,0.0007916772246106192,24,24,53,62,62,62,36,False,False,4.599115981152717,10,horizon_resolved_stop_at_b=24,160
"Step (r=10, eta=0.01)",Sequential Pilot Safe (Ours),20,1020,14.900000000000002,14.909308324987443,8.664491407180706e-05,0.0006247197978147909,24,24,53,62,62,62,36,False,False,4.594697505615057,10,horizon_resolved_stop_at_b=24,160
"Step (r=10, eta=0.01)",Sequential Pilot Safe (Ours),21,1021,14.900000000000002,14.92093363184272,0.00043821694212645764,0.0014049417344106049,24,24,53,62,62,62,36,False,False,4.597315319825258,10,horizon_resolved_stop_at_b=24,160
"Step (r=10, eta=0.01)",Sequential Pilot Safe (Ours),22,1022,14.900000000000002,14.917967195397939,0.00032282011046763285,0.0012058520401299706,24,24,53,62,62,62,36,False,False,4.588325089866578,10,horizon_resolved_stop_at_b=24,160
"Step (r=10, eta=0.01)",Sequential Pilot Safe (Ours),23,1023,14.900000000000002,14.92556506921472,0.0006535727639533116,0.0017157764573636101,24,24,53,62,62,62,36,False,False,4.596621550964031,10,horizon_resolved_stop_at_b=24,160
"Step (r=10, eta=0.01)",Sequential Pilot Safe (Ours),24,1024,14.900000000000002,14.87296226316376,0.0007310392132258655,0.001814613210486025,24,24,53,62,62,62,36,False,False,4.5940607889863925,10,horizon_resolved_stop_at_b=24,160
"Step (r=10, eta=0.01)",Sequential Pilot Safe (Ours),25,1025,14.900000000000002,14.910950431578055,0.00011991195174561252,0.0007349282938290364,24,24,53,62,62,62,36,False,False,4.592175169620446,10,horizon_resolved_stop_at_b=24,160
"Step (r=10, eta=0.01)",Sequential Pilot Safe (Ours),26,1026,14.900000000000002,14.89394964673518,3.6606774629141635e-05,0.00040606397750482884,24,24,53,62,62,62,36,False,False,4.597572594723715,10,horizon_resolved_stop_at_b=24,160
"Step (r=10, eta=0.01)",Sequential Pilot Safe (Ours),27,1027,14.900000000000002,14.90457849401283,2.096260742549731e-05,0.0003072814773709735,24,24,53,62,62,62,36,False,False,4.588335520444326,10,horizon_resolved_stop_at_b=24,160
"Step (r=10, eta=0.01)",Sequential Pilot Safe (Ours),28,1028,14.900000000000002,14.876406939272428,0.0005566325144949972,0.001583426894468057,24,24,53,62,62,62,36,False,False,4.590167218854938,10,horizon_resolved_stop_at_b=24,160
"Step (r=10, eta=0.01)",Sequential Pilot Safe (Ours),29,1029,14.900000000000002,14.911398915484789,0.00012993527422930414,0.000765027884884996,24,24,53,62,62,62,36,False,False,4.590848788364664,10,horizon_resolved_stop_at_b=24,160
"Step (r=10, eta=0.01)",Sequential Pilot Safe (Ours),30,1030,14.900000000000002,14.913352985498955,0.00017830222173524692,0.0008961735234196589,24,24,53,62,62,62,36,False,False,4.5885688316182875,10,horizon_resolved_stop_at_b=24,160
"Step (r=10, eta=0.01)",Sequential Pilot Safe (Ours),31,1031,14.900000000000002,14.907222981555268,5.217146254771309e-05,0.00048476386276953125,24,24,53,62,62,62,36,False,False,4.5895723723073445,10,horizon_resolved_stop_at_b=24,160
"Step (r=10, eta=0.01)",Sequential Pilot Safe (Ours),32,1032,14.900000000000002,14.879564254815786,0.00041761968123419307,0.0013715265224305802,24,24,53,62,62,62,36,False,False,4.592406990014002,10,horizon_resolved_stop_at_b=24,160
"Step (r=10, eta=0.01)",Sequential Pilot Safe (Ours),33,1033,14.900000000000002,14.928870862446082,0.0008335266983804887,0.0019376417749047165,24,24,53,62,62,62,36,False,False,4.593983508314407,10,horizon_resolved_stop_at_b=24,160
"Step (r=10, eta=0.01)",Sequential Pilot Safe (Ours),34,1034,14.900000000000002,14.879589192760694,0.0004166010521602012,0.0013698528348529077,24,24,53,62,62,62,36,False,False,4.58255010911575,10,horizon_resolved_stop_at_b=24,160
"Step (r=10, eta=0.01)",Sequential Pilot Safe (Ours),35,1035,14.900000000000002,14.88858879395349,0.0001302156234359551,0.000765852754799472,24,24,53,62,62,62,36,False,False,4.589378884652437,10,horizon_resolved_stop_at_b=24,160
"Step (r=10, eta=0.01)",Sequential Pilot Safe (Ours),36,1036,14.900000000000002,14.884963021650112,0.00022611071789506847,0.001009193177844984,24,24,53,62,62,62,36,False,False,4.592919745064329,10,horizon_resolved_stop_at_b=24,160
"Step (r=10, eta=0.01)",Sequential Pilot Safe (Ours),37,1037,14.900000000000002,14.918512871347493,0.0003427264055287664,0.0012424745870799566,24,24,53,62,62,62,36,False,False,4.593089800634205,10,horizon_resolved_stop_at_b=24,160
"Step (r=10, eta=0.01)",Sequential Pilot Safe (Ours),38,1038,14.900000000000002,14.863392493827337,0.001340109508181686,0.0024568796089036726,24,24,53,62,62,62,36,False,False,4.597372858617289,10,horizon_resolved_stop_at_b=24,160
"Step (r=10, eta=0.01)",Sequential Pilot Safe (Ours),39,1039,14.900000000000002,14.868691768602323,0.0009802053532506074,0.0021012235837368394,24,24,53,62,62,62,36,False,False,4.594528842952556,10,horizon_resolved_stop_at_b=24,160
"Step (r=10, eta=0.01)",Sequential Pilot Safe (Ours),40,1040,14.900000000000002,14.88982349551502,0.00010356124353284468,0.0006829868781866649,24,24,53,62,62,62,36,False,False,4.584345772350003,10,horizon_resolved_stop_at_b=24,160
"Step (r=10, eta=0.01)",Sequential Pilot Safe (Ours),41,1041,14.900000000000002,14.90964028946383,9.29351809463953e-05,0.0006469992928743698,24,24,53,62,62,62,36,False,False,4.592631123655771,10,horizon_resolved_stop_at_b=24,160
"Step (r=10, eta=0.01)",Sequential Pilot Safe (Ours),42,1042,14.900000000000002,14.871299199621024,0.0008237359423939397,0.0019262282133542233,24,24,53,62,62,62,36,False,False,4.592530877579541,10,horizon_resolved_stop_at_b=24,160
"Step (r=10, eta=0.01)",Sequential Pilot Safe (Ours),43,1043,14.900000000000002,14.869213337425657,0.0009478185924665568,0.0020662189647211206,24,24,53,62,62,62,36,False,False,4.592591747784322,10,horizon_resolved_stop_at_b=24,160
"Step (r=10, eta=0.01)",Sequential Pilot Safe (Ours),44,1044,14.900000000000002,14.91318946063123,0.00017396187174271185,0.0008851987000824123,24,24,53,62,62,62,36,False,False,4.593175699623647,10,horizon_resolved_stop_at_b=24,160
"Step (r=10, eta=0.01)",Sequential Pilot Safe (Ours),45,1045,14.900000000000002,14.893370121942741,4.395528305414952e-05,0.00044495825887657016,24,24,53,62,62,62,36,False,False,4.594393501838478,10,horizon_resolved_stop_at_b=24,160
"Step (r=10, eta=0.01)",Sequential Pilot Safe (Ours),46,1046,14.900000000000002,14.887924650559924,0.0001458140640999931,0.0008104261369179894,24,24,53,62,62,62,36,False,False,4.595878248316781,10,horizon_resolved_stop_at_b=24,160
"Step (r=10, eta=0.01)",Sequential Pilot Safe (Ours),47,1047,14.900000000000002,14.87465924901352,0.0006421536605588788,0.0017007215427168997,24,24,53,62,62,62,36,False,False,4.59743762254637,10,horizon_resolved_stop_at_b=24,160
"Step (r=10, eta=0.01)",Sequential Pilot Safe (Ours),48,1048,14.900000000000002,14.898594645566904,1.9750210826284334e-06,9.431908946966997e-05,24,24,53,62,62,62,36,False,False,4.580332114474303,10,horizon_resolved_stop_at_b=24,160
"Step (r=10, eta=0.01)",Sequential Pilot Safe (Ours),49,1049,14.900000000000002,14.917622145493159,0.00031054001178197377,0.0011826943283997607,24,24,53,62,62,62,36,False,False,4.5866745470888945,10,horizon_resolved_stop_at_b=24,160
"Step (r=10, eta=0.01)",Sequential Pilot Trust-Region (s=4),0,1000,14.900000000000002,14.907937252785192,6.299998177600953e-05,0.0005327015292073957,24,24,53,62,57,57,46,True,False,4.593055075740097,10,horizon_resolved_stop_at_b=24,160
"Step (r=10, eta=0.01)",Sequential Pilot Trust-Region (s=4),1,1001,14.900000000000002,14.860798673966388,0.0015367439627937492,0.0026309614787660795,24,24,53,62,57,57,46,True,False,4.59612867563689,10,horizon_resolved_stop_at_b=24,160
"Step (r=10, eta=0.01)",Sequential Pilot Trust-Region (s=4),2,1002,14.900000000000002,14.912948432813948,0.00016766191233727866,0.0008690223365064562,24,24,53,62,57,57,46,True,False,4.596586899513879,10,horizon_resolved_stop_at_b=24,160
"Step (r=10, eta=0.01)",Sequential Pilot Trust-Region (s=4),3,1003,14.900000000000002,14.899265019018621,5.401970429918193e-07,4.932758264302202e-05,24,24,53,62,57,57,46,True,False,4.592932434597735,10,horizon_resolved_stop_at_b=24,160
"Step (r=10, eta=0.01)",Sequential Pilot Trust-Region (s=4),4,1004,14.900000000000002,14.9074783354868,5.59255016531055e-05,0.0005019017105233701,24,24,53,62,57,57,46,True,False,4.597872201780044,10,horizon_resolved_stop_at_b=24,160
"Step (r=10, eta=0.01)",Sequential Pilot Trust-Region (s=4),5,1005,14.900000000000002,14.900857017910562,7.344796990206826e-07,5.751798057449877e-05,24,24,53,62,57,57,46,True,False,4.597662538178525,10,horizon_resolved_stop_at_b=24,160
"Step (r=10, eta=0.01)",Sequential Pilot Trust-Region (s=4),6,1006,14.900000000000002,14.884225001086701,0.00024885059071464517,0.0010587247592819407,24,24,53,62,57,57,46,True,False,4.589614281687967,10,horizon_resolved_stop_at_b=24,160
"Step (r=10, eta=0.01)",Sequential Pilot Trust-Region (s=4),7,1007,14.900000000000002,14.91323070494969,0.0001750515534656994,0.0008879667751468477,24,24,53,62,57,57,46,True,False,4.595718548940131,10,horizon_resolved_stop_at_b=24,160
"Step (r=10, eta=0.01)",Sequential Pilot Trust-Region (s=4),8,1008,14.900000000000002,14.911503170290565,0.00013232292673369693,0.000772024851715654,24,24,53,62,57,57,46,True,False,4.593887988622738,10,horizon_resolved_stop_at_b=24,160
"Step (r=10, eta=0.01)",Sequential Pilot Trust-Region (s=4),9,1009,14.900000000000002,14.882555403979648,0.0003043139303133575,0.0011707782563996105,24,24,53,62,57,57,46,True,False,4.591170149117744,10,horizon_resolved_stop_at_b=24,160
"Step (r=10, eta=0.01)",Sequential Pilot Trust-Region (s=4),10,1010,14.900000000000002,14.893846403954964,3.786674428551361e-05,0.00041299302315694707,24,24,53,62,57,57,46,True,False,4.591599964844771,10,horizon_resolved_stop_at_b=24,160
"Step (r=10, eta=0.01)",Sequential Pilot Trust-Region (s=4),11,1011,14.900000000000002,14.897135010091075,8.208167178253706e-06,0.00019228120194141133,24,24,53,62,57,57,46,True,False,4.590864457981693,10,horizon_resolved_stop_at_b=24,160
"Step (r=10, eta=0.01)",Sequential Pilot Trust-Region (s=4),12,1012,14.900000000000002,14.889461136520044,0.00011106764344919536,0.0007073062738226938,24,24,53,62,57,57,46,True,False,4.5946010847376275,10,horizon_resolved_stop_at_b=24,160
"Step (r=10, eta=0.01)",Sequential Pilot Trust-Region (s=4),13,1013,14.900000000000002,14.880837031031056,0.00036721937970477387,0.001286105299929238,24,24,53,62,57,57,46,True,False,4.597486509157057,10,horizon_resolved_stop_at_b=24,160
"Step (r=10, eta=0.01)",Sequential Pilot Trust-Region (s=4),14,1014,14.900000000000002,14.899828926891544,2.9266008437439993e-08,1.1481416675025191e-05,24,24,53,62,57,57,46,True,False,4.592096062703585,10,horizon_resolved_stop_at_b=24,160
"Step (r=10, eta=0.01)",Sequential Pilot Trust-Region (s=4),15,1015,14.900000000000002,14.88357282158264,0.00026985219075587193,0.0011024951957961644,24,24,53,62,57,57,46,True,False,4.592675692657812,10,horizon_resolved_stop_at_b=24,160
"Step (r=10, eta=0.01)",Sequential Pilot Trust-Region (s=4),16,1016,14.900000000000002,14.894123635893932,3.4531655107112544e-05,0.0003943868527564025,24,24,53,62,57,57,46,True,False,4.597475174555172,10,horizon_resolved_stop_at_b=24,160
"Step (r=10, eta=0.01)",Sequential Pilot Trust-Region (s=4),17,1017,14.900000000000002,14.898613443565978,1.922538744734182e-06,9.305747879357715e-05,24,24,53,62,57,57,46,True,False,4.595751614998085,10,horizon_resolved_stop_at_b=24,160
"Step (r=10, eta=0.01)",Sequential Pilot Trust-Region (s=4),18,1018,14.900000000000002,14.889788499301693,0.0001042747465115744,0.0006853356173362046,24,24,53,62,57,57,46,True,False,4.592960448758024,10,horizon_resolved_stop_at_b=24,160
"Step (r=10, eta=0.01)",Sequential Pilot Trust-Region (s=4),19,1019,14.900000000000002,14.889993966342692,0.00010012070955122962,0.0006715458830409699,24,24,53,62,57,57,46,True,False,4.599115981152717,10,horizon_resolved_stop_at_b=24,160
"Step (r=10, eta=0.01)",Sequential Pilot Trust-Region (s=4),20,1020,14.900000000000002,14.88643685855154,0.00018395880595097107,0.0009102779495611663,24,24,53,62,57,57,46,True,False,4.594697505615057,10,horizon_resolved_stop_at_b=24,160
"Step (r=10, eta=0.01)",Sequential Pilot Trust-Region (s=4),21,1021,14.900000000000002,14.90386050356258,1.490348775667614e-05,0.00025909419883072697,24,24,53,62,57,57,46,True,False,4.597315319825258,10,horizon_resolved_stop_at_b=24,160
"Step (r=10, eta=0.01)",Sequential Pilot Trust-Region (s=4),22,1022,14.900000000000002,14.873802888723958,0.0006862886392094413,0.0017581953876539718,24,24,53,62,57,57,46,True,False,4.588325089866578,10,horizon_resolved_stop_at_b=24,160
"Step (r=10, eta=0.01)",Sequential Pilot Trust-Region (s=4),23,1023,14.900000000000002,14.906629053126679,4.3944345356300935e-05,0.00044490289440782607,24,24,53,62,57,57,46,True,False,4.596621550964031,10,horizon_resolved_stop_at_b=24,160
"Step (r=10, eta=0.01)",Sequential Pilot Trust-Region (s=4),24,1024,14.900000000000002,14.88340402379719,0.0002754264261242894,0.0011138239062289672,24,24,53,62,57,57,46,True,False,4.5940607889863925,10,horizon_resolved_stop_at_b=24,160
"Step (r=10, eta=0.01)",Sequential Pilot Trust-Region (s=4),25,1025,14.900000000000002,14.917064226095205,0.00029118781222819094,0.0011452500735035253,24,24,53,62,57,57,46,True,False,4.592175169620446,10,horizon_resolved_stop_at_b=24,160
"Step (r=10, eta=0.01)",Sequential Pilot Trust-Region (s=4),26,1026,14.900000000000002,14.900091514394719,8.374884440316557e-09,6.141905685667178e-06,24,24,53,62,57,57,46,True,False,4.597572594723715,10,horizon_resolved_stop_at_b=24,160
"Step (r=10, eta=0.01)",Sequential Pilot Trust-Region (s=4),27,1027,14.900000000000002,14.894719417875592,2.7884547572638012e-05,0.0003544014848597288,24,24,53,62,57,57,46,True,False,4.588335520444326,10,horizon_resolved_stop_at_b=24,160
"Step (r=10, eta=0.01)",Sequential Pilot Trust-Region (s=4),28,1028,14.900000000000002,14.892056768360982,6.309492887112833e-05,0.0005331027945651005,24,24,53,62,57,57,46,True,False,4.590167218854938,10,horizon_resolved_stop_at_b=24,160
"Step (r=10, eta=0.01)",Sequential Pilot Trust-Region (s=4),29,1029,14.900000000000002,14.878409303021611,0.00046615819601271186,0.0014490400656638402,24,24,53,62,57,57,46,True,False,4.590848788364664,10,horizon_resolved_stop_at_b=24,160
"Step (r=10, eta=0.01)",Sequential Pilot Trust-Region (s=4),30,1030,14.900000000000002,14.909680954961276,9.372088896221507e-05,0.0006497285208908703,24,24,53,62,57,57,46,True,False,4.5885688316182875,10,horizon_resolved_stop_at_b=24,160
"Step (r=10, eta=0.01)",Sequential Pilot Trust-Region (s=4),31,1031,14.900000000000002,14.908299874226554,6.888791217657637e-05,0.0005570385386947416,24,24,53,62,57,57,46,True,False,4.5895723723073445,10,horizon_resolved_stop_at_b=24,160
"Step (r=10, eta=0.01)",Sequential Pilot Trust-Region (s=4),32,1032,14.900000000000002,14.907133015593873,5.087991146240251e-05,0.00047872587878326805,24,24,53,62,57,57,46,True,False,4.592406990014002,10,horizon_resolved_stop_at_b=24,160
"Step (r=10, eta=0.01)",Sequential Pilot Trust-Region (s=4),33,1033,14.900000000000002,14.888345846434305,0.00013581929533285046,0.0007821579574293355,24,24,53,62,57,57,46,True,False,4.593983508314407,10,horizon_resolved_stop_at_b=24,160
"Step (r=10, eta=0.01)",Sequential Pilot Trust-Region (s=4),34,1034,14.900000000000002,14.894243952711534,3.313208038708125e-05,0.00038631189855490764,24,24,53,62,57,57,46,True,False,4.58255010911575,10,horizon_resolved_stop_at_b=24,160
"Step (r=10, eta=0.01)",Sequential Pilot Trust-Region (s=4),35,1035,14.900000000000002,14.898919286060309,1.1679426194470074e-06,7.253113689215516e-05,24,24,53,62,57,57,46,True,False,4.589378884652437,10,horizon_resolved_stop_at_b=24,160
"Step (r=10, eta=0.01)",Sequential Pilot Trust-Region (s=4),36,1036,14.900000000000002,14.869290581291171,0.0009430683974343018,0.0020610348126732236,24,24,53,62,57,57,46,True,False,4.592919745064329,10,horizon_resolved_stop_at_b=24,160
"Step (r=10, eta=0.01)",Sequential Pilot Trust-Region (s=4),37,1037,14.900000000000002,14.90343201095987,1.1778699228652572e-05,0.0002303363060313947,24,24,53,62,57,57,46,True,False,4.593089800634205,10,horizon_resolved_stop_at_b=24,160
"Step (r=10, eta=0.01)",Sequential Pilot Trust-Region (s=4),38,1038,14.900000000000002,14.903702652308574,1.3709634118174604e-05,0.00024850015493772755,24,24,53,62,57,57,46,True,False,4.597372858617289,10,horizon_resolved_stop_at_b=24,160
"Step (r=10, eta=0.01)",Sequential Pilot Trust-Region (s=4),39,1039,14.900000000000002,14.890811668093036,8.442544323256734e-05,0.0006166665709373076,24,24,53,62,57,57,46,True,False,4.594528842952556,10,horizon_resolved_stop_at_b=24,160
"Step (r=10, eta=0.01)",Sequential Pilot Trust-Region (s=4),40,1040,14.900000000000002,14.916137327501406,0.0002604133388875791,0.001083042114188207,24,24,53,62,57,57,46,True,False,4.584345772350003,10,horizon_resolved_stop_at_b=24,160
"Step (r=10, eta=0.01)",Sequential Pilot Trust-Region (s=4),41,1041,14.900000000000002,14.915141700741758,0.00022927110135289498,0.0010162215262923505,24,24,53,62,57,57,46,True,False,4.592631123655771,10,horizon_resolved_stop_at_b=24,160
"Step (r=10, eta=0.01)",Sequential Pilot Trust-Region (s=4),42,1042,14.900000000000002,14.897806603396255,4.81098866133014e-06,0.00014720782575485157,24,24,53,62,57,57,46,True,False,4.592530877579541,10,horizon_resolved_stop_at_b=24,160
"Step (r=10, eta=0.01)",Sequential Pilot Trust-Region (s=4),43,1043,14.900000000000002,14.915211642145213,0.00023139405675394876,0.0010209155802154795,24,24,53,62,57,57,46,True,False,4.592591747784322,10,horizon_resolved_stop_at_b=24,160
"Step (r=10, eta=0.01)",Sequential Pilot Trust-Region (s=4),44,1044,14.900000000000002,14.877411301648168,0.0005102492932301467,0.0015160200236130179,24,24,53,62,57,57,46,True,False,4.593175699623647,10,horizon_resolved_stop_at_b=24,160
"Step (r=10, eta=0.01)",Sequential Pilot Trust-Region (s=4),45,1045,14.900000000000002,14.888547459070965,0.0001311606937312657,0.0007686269079890545,24,24,53,62,57,57,46,True,False,4.594393501838478,10,horizon_resolved_stop_at_b=24,160
"Step (r=10, eta=0.01)",Sequential Pilot Trust-Region (s=4),46,1046,14.900000000000002,14.87070479872878,0.0008582088175213671,0.001966120890685994,24,24,53,62,57,57,46,True,False,4.595878248316781,10,horizon_resolved_stop_at_b=24,160
"Step (r=10, eta=0.01)",Sequential Pilot Trust-Region (s=4),47,1047,14.900000000000002,14.909730435341697,9.468137193889712e-05,0.0006530493517915763,24,24,53,62,57,57,46,True,False,4.59743762254637,10,horizon_resolved_stop_at_b=24,160
"Step (r=10, eta=0.01)",Sequential Pilot Trust-Region (s=4),48,1048,14.900000000000002,14.930925448137955,0.0009563833425332381,0.0020755334320774013,24,24,53,62,57,57,46,True,False,4.580332114474303,10,horizon_resolved_stop_at_b=24,160
"Step (r=10, eta=0.01)",Sequential Pilot Trust-Region (s=4),49,1049,14.900000000000002,14.90709443418498,5.033099640498626e-05,0.0004761365224817534,24,24,53,62,57,57,46,True,False,4.5866745470888945,10,horizon_resolved_stop_at_b=24,160
"Step (r=20, eta=0.01)",Hutch++ (Standard),0,1000,24.800000000000004,24.783508901849714,0.00027195631820249594,0.0006649636350923357,0,0,53,53,53,53,54,False,False,,0,not_applicable,160
"Step (r=20, eta=0.01)",Hutch++ (Standard),1,1001,24.800000000000004,24.793721864197725,3.941498915186554e-05,0.0002531506371886955,0,0,53,53,53,53,54,False,False,,0,not_applicable,160
"Step (r=20, eta=0.01)",Hutch++ (Standard),2,1002,24.800000000000004,24.782180532611527,0.00031753341800901336,0.0007185269108257058,0,0,53,53,53,53,54,False,False,,0,not_applicable,160
"Step (r=20, eta=0.01)",Hutch++ (Standard),3,1003,24.800000000000004,24.8045493862232,2.069691500780966e-05,0.00018344299287082456,0,0,53,53,53,53,54,False,False,,0,not_applicable,160
"Step (r=20, eta=0.01)",Hutch++ (Standard),4,1004,24.800000000000004,24.83217476047211,0.0010352152114374011,0.0012973693738752457,0,0,53,53,53,53,54,False,False,,0,not_applicable,160
"Step (r=20, eta=0.01)",Hutch++ (Standard),5,1005,24.800000000000004,24.7979641724229,4.144593923693387e-06,8.208982165738215e-05,0,0,53,53,53,53,54,False,False,,0,not_applicable,160
"Step (r=20, eta=0.01)",Hutch++ (Standard),6,1006,24.800000000000004,24.778682379669664,0.00045444093654851644,0.000859581464933056,0,0,53,53,53,53,54,False,False,,0,not_applicable,160
"Step (r=20, eta=0.01)",Hutch++ (Standard),7,1007,24.800000000000004,24.813029578946505,0.0001697699275231,0.0005253862478427789,0,0,53,53,53,53,54,False,False,,0,not_applicable,160
"Step (r=20, eta=0.01)",Hutch++ (Standard),8,1008,24.800000000000004,24.816017907691034,0.0002565733667983459,0.0006458833746382911,0,0,53,53,53,53,54,False,False,,0,not_applicable,160
"Step (r=20, eta=0.01)",Hutch++ (Standard),9,1009,24.800000000000004,24.821564137674322,0.000465012033636935,0.0008695216804160427,0,0,53,53,53,53,54,False,False,,0,not_applicable,160
"Step (r=20, eta=0.01)",Hutch++ (Standard),10,1010,24.800000000000004,24.813578958254663,0.000184388107281761,0.00054753863930075,0,0,53,53,53,53,54,False,False,,0,not_applicable,160
"Step (r=20, eta=0.01)",Hutch++ (Standard),11,1011,24.800000000000004,24.816759539609997,0.0002808821679389128,0.0006757878874997038,0,0,53,53,53,53,54,False,False,,0,not_applicable,160
"Step (r=20, eta=0.01)",Hutch++ (Standard),12,1012,24.800000000000004,24.806022601440993,3.627172811700526e-05,0.00024284683229795182,0,0,53,53,53,53,54,False,False,,0,not_applicable,160
"Step (r=20, eta=0.01)",Hutch++ (Standard),13,1013,24.800000000000004,24.79685980043895,9.860853283255184e-06,0.00012662095004257348,0,0,53,53,53,53,54,False,False,,0,not_applicable,160
"Step (r=20, eta=0.01)",Hutch++ (Standard),14,1014,24.800000000000004,24.78847266362103,0.0001328794839940498,0.0004648119507651372,0,0,53,53,53,53,54,False,False,,0,not_applicable,160
"Step (r=20, eta=0.01)",Hutch++ (Standard),15,1015,24.800000000000004,24.78420537163269,0.0002494702852615405,0.0006368801761013458,0,0,53,53,53,53,54,False,False,,0,not_applicable,160
"Step (r=20, eta=0.01)",Hutch++ (Standard),16,1016,24.800000000000004,24.81660550545911,0.00027574281155233634,0.0006695768330283913,0,0,53,53,53,53,54,False,False,,0,not_applicable,160
"Step (r=20, eta=0.01)",Hutch++ (Standard),17,1017,24.800000000000004,24.780423426074698,0.00038324224665297886,0.0007893779808591211,0,0,53,53,53,53,54,False,False,,0,not_applicable,160
"Step (r=20, eta=0.01)",Hutch++ (Standard),18,1018,24.800000000000004,24.789157863528374,0.00011755192326946419,0.00043718292224317255,0,0,53,53,53,53,54,False,False,,0,not_applicable,160
"Step (r=20, eta=0.01)",Hutch++ (Standard),19,1019,24.800000000000004,24.821406748299708,0.0004582488727668712,0.0008631753346654753,0,0,53,53,53,53,54,False,False,,0,not_applicable,160
"Step (r=20, eta=0.01)",Hutch++ (Standard),20,1020,24.800000000000004,24.803497617481067,1.2233328043837702e-05,0.00014103296294608995,0,0,53,53,53,53,54,False,False,,0,not_applicable,160
"Step (r=20, eta=0.01)",Hutch++ (Standard),21,1021,24.800000000000004,24.82196211683454,0.00048233457585385224,0.0008855692271990713,0,0,53,53,53,53,54,False,False,,0,not_applicable,160
"Step (r=20, eta=0.01)",Hutch++ (Standard),22,1022,24.800000000000004,24.794801948464784,2.701973976280894e-05,0.0002095988522266359,0,0,53,53,53,53,54,False,False,,0,not_applicable,160
"Step (r=20, eta=0.01)",Hutch++ (Standard),23,1023,24.800000000000004,24.79229561503752,5.935754765014344e-05,0.0003106606839711129,0,0,53,53,53,53,54,False,False,,0,not_applicable,160
"Step (r=20, eta=0.01)",Hutch++ (Standard),24,1024,24.800000000000004,24.766646882853806,0.0011124304233680394,0.0013448837558951,0,0,53,53,53,53,54,False,False,,0,not_applicable,160
"Step (r=20, eta=0.01)",Hutch++ (Standard),25,1025,24.800000000000004,24.8004655438128,2.167310416308373e-07,1.877192793524463e-05,0,0,53,53,53,53,54,False,False,,0,not_applicable,160
"Step (r=20, eta=0.01)",Hutch++ (Standard),26,1026,24.800000000000004,24.798577082493647,2.024694229897008e-06,5.737570590148888e-05,0,0,53,53,53,53,54,False,False,,0,not_applicable,160
"Step (r=20, eta=0.01)",Hutch++ (Standard),27,1027,24.800000000000004,24.802753694542666,7.582833634285562e-06,0.00011103607026862229,0,0,53,53,53,53,54,False,False,,0,not_applicable,160
"Step (r=20, eta=0.01)",Hutch++ (Standard),28,1028,24.800000000000004,24.78187919464944,0.00032836358655298606,0.0007306776351033394,0,0,53,53,53,53,54,False,False,,0,not_applicable,160
"Step (r=20, eta=0.01)",Hutch++ (Standard),29,1029,24.800000000000004,24.79737507510842,6.890230686460489e-06,0.00010584374562841177,0,0,53,53,53,53,54,False,False,,0,not_applicable,160
"Step (r=20, eta=0.01)",Hutch++ (Standard),30,1030,24.800000000000004,24.797353251089756,7.005279793898789e-06,0.0001067237463809663,0,0,53,53,53,53,54,False,False,,0,not_applicable,160
"Step (r=20, eta=0.01)",Hutch++ (Standard),31,1031,24.800000000000004,24.79860322681959,1.9509753175228524e-06,5.6321499210227665e-05,0,0,53,53,53,53,54,False,False,,0,not_applicable,160
"Step (r=20, eta=0.01)",Hutch++ (Standard),32,1032,24.800000000000004,24.797621627044414,5.656657915882769e-06,9.590213530605563e-05,0,0,53,53,53,53,54,False,False,,0,not_applicable,160
"Step (r=20, eta=0.01)",Hutch++ (Standard),33,1033,24.800000000000004,24.791699110065398,6.890477370644658e-05,0.0003347133038147662,0,0,53,53,53,53,54,False,False,,0,not_applicable,160
"Step (r=20, eta=0.01)",Hutch++ (Standard),34,1034,24.800000000000004,24.808550638953612,7.31134265149561e-05,0.0003447838287745104,0,0,53,53,53,53,54,False,False,,0,not_applicable,160
"Step (r=20, eta=0.01)",Hutch++ (Standard),35,1035,24.800000000000004,24.776771892088412,0.000539544997152569,0.0009366172544996827,0,0,53,53,53,53,54,False,False,,0,not_applicable,160
"Step (r=20, eta=0.01)",Hutch++ (Standard),36,1036,24.800000000000004,24.817548629620138,0.0003079544015446262,0.0007076060330698983,0,0,53,53,53,53,54,False,False,,0,not_applicable,160
"Step (r=20, eta=0.01)",Hutch++ (Standard),37,1037,24.800000000000004,24.78698239028386,0.00016945816272184283,0.0005249036175864456,0,0,53,53,53,53,54,False,False,,0,not_applicable,160
"Step (r=20, eta=0.01)",Hutch++ (Standard),38,1038,24.800000000000004,24.800346917908694,1.2035203536977603e-07,1.3988625350399323e-05,0,0,53,53,53,53,54,False,False,,0,not_applicable,160
"Step (r=20, eta=0.01)",Hutch++ (Standard),39,1039,24.800000000000004,24.79286169805751,5.095535462220706e-05,0.0002878347557457073,0,0,53,53,53,53,54,False,False,,0,not_applicable,160
"Step (r=20, eta=0.01)",Hutch++ (Standard),40,1040,24.800000000000004,24.785321421854242,0.0002154606563812519,0.0005918781510388041,0,0,53,53,53,53,54,False,False,,0,not_applicable,160
"Step (r=20, eta=0.01)",Hutch++ (Standard),41,1041,24.800000000000004,24.827770958123885,0.0007712261151183506,0.0011197966985435875,0,0,53,53,53,53,54,False,False,,0,not_applicable,160
"Step (r=20, eta=0.01)",Hutch++ (Standard),42,1042,24.800000000000004,24.7960806360836,1.5361413509198522e-05,0.00015803886759687796,0,0,53,53,53,53,54,False,False,,0,not_applicable,160
"Step (r=20, eta=0.01)",Hutch++ (Standard),43,1043,24.800000000000004,24.786981772757567,0.00016947424053573052,0.0005249285178402041,0,0,53,53,53,53,54,False,False,,0,not_applicable,160
"Step (r=20, eta=0.01)",Hutch++ (Standard),44,1044,24.800000000000004,24.80070749760731,5.005528643422008e-07,2.8528129326811686e-05,0,0,53,53,53,53,54,False,False,,0,not_applicable,160
"Step (r=20, eta=0.01)",Hutch++ (Standard),45,1045,24.800000000000004,24.799907729221513,8.513896563447744e-09,3.720595906919754e-06,0,0,53,53,53,53,54,False,False,,0,not_applicable,160
"Step (r=20, eta=0.01)",Hutch++ (Standard),46,1046,24.800000000000004,24.783234172433602,0.0002810929739863398,0.0006760414341291304,0,0,53,53,53,53,54,False,False,,0,not_applicable,160
"Step (r=20, eta=0.01)",Hutch++ (Standard),47,1047,24.800000000000004,24.77763409196137,0.0005002338423926046,0.0009018511305900549,0,0,53,53,53,53,54,False,False,,0,not_applicable,160
"Step (r=20, eta=0.01)",Hutch++ (Standard),48,1048,24.800000000000004,24.800126367759596,1.5968810664179417e-08,5.095474177077294e-06,0,0,53,53,53,53,54,False,False,,0,not_applicable,160
"Step (r=20, eta=0.01)",Hutch++ (Standard),49,1049,24.800000000000004,24.8111213017112,0.00012368335175144533,0.0004484395851288605,0,0,53,53,53,53,54,False,False,,0,not_applicable,160
"Step (r=20, eta=0.01)",Sequential Pilot Safe (Ours),0,1000,24.800000000000004,24.806471228281943,4.187679547696174e-05,0.00026093662427171686,36,36,53,59,59,59,42,False,False,4.592171545841735,20,max_pilot_reached,160
"Step (r=20, eta=0.01)",Sequential Pilot Safe (Ours),1,1001,24.800000000000004,24.785556645082494,0.00020861050127317403,0.000582393343448003,36,36,53,59,59,59,42,False,False,4.596589660842364,20,max_pilot_reached,160
"Step (r=20, eta=0.01)",Sequential Pilot Safe (Ours),2,1002,24.800000000000004,24.7874770876921,0.00015682333267146543,0.000504956141447761,36,36,53,59,59,59,42,False,False,4.589763886574153,20,max_pilot_reached,160
"Step (r=20, eta=0.01)",Sequential Pilot Safe (Ours),3,1003,24.800000000000004,24.79753789441836,6.061963895155174e-06,9.92784508726816e-05,36,36,53,59,59,59,42,False,False,4.592180165957035,20,max_pilot_reached,160
"Step (r=20, eta=0.01)",Sequential Pilot Safe (Ours),4,1004,24.800000000000004,24.794099302075534,3.481823599585256e-05,0.00023793136792220467,36,36,53,59,59,59,42,False,False,4.583306477202392,20,max_pilot_reached,160
"Step (r=20, eta=0.01)",Sequential Pilot Safe (Ours),5,1005,24.800000000000004,24.83260570308494,0.0010631318736630223,0.0013147460921345267,36,36,53,59,59,59,42,False,False,4.5850118874543515,20,max_pilot_reached,160
"Step (r=20, eta=0.01)",Sequential Pilot Safe (Ours),6,1006,24.800000000000004,24.79349923079871,4.22600002085121e-05,0.0002621277903748184,36,36,53,59,59,59,42,False,False,4.575590002296966,20,max_pilot_reached,160
"Step (r=20, eta=0.01)",Sequential Pilot Safe (Ours),7,1007,24.800000000000004,24.780231888814207,0.00039077821985405086,0.0007971012574918331,36,36,53,59,59,59,42,False,False,4.592581569142331,20,max_pilot_reached,160
"Step (r=20, eta=0.01)",Sequential Pilot Safe (Ours),8,1008,24.800000000000004,24.79599864640154,1.6010830619947796e-05,0.0001613449031639062,36,36,53,59,59,59,42,False,False,4.5853284694697365,20,max_pilot_reached,160
"Step (r=20, eta=0.01)",Sequential Pilot Safe (Ours),9,1009,24.800000000000004,24.80004699713414,2.2087306168642116e-09,1.8950457312332816e-06,36,36,53,59,59,59,42,False,False,4.592789248121223,20,max_pilot_reached,160
"Step (r=20, eta=0.01)",Sequential Pilot Safe (Ours),10,1010,24.800000000000004,24.809451410075688,8.932915241874014e-05,0.0003811052449872561,36,36,53,59,59,59,42,False,False,4.585029884782757,20,max_pilot_reached,160
"Step (r=20, eta=0.01)",Sequential Pilot Safe (Ours),11,1011,24.800000000000004,24.776619478433492,0.0005466487887221402,0.0009427629663916192,36,36,53,59,59,59,42,False,False,4.5854777977283,20,max_pilot_reached,160
"Step (r=20, eta=0.01)",Sequential Pilot Safe (Ours),12,1012,24.800000000000004,24.795037714630922,2.462427608420581e-05,0.00020009215197911502,36,36,53,59,59,59,42,False,False,4.595531232080235,20,max_pilot_reached,160
"Step (r=20, eta=0.01)",Sequential Pilot Safe (Ours),13,1013,24.800000000000004,24.824218133988083,0.000586518013864533,0.000976537660809625,36,36,53,59,59,59,42,False,False,4.590718079243878,20,max_pilot_reached,160
"Step (r=20, eta=0.01)",Sequential Pilot Safe (Ours),14,1014,24.800000000000004,24.80882715312005,7.791863220471636e-05,0.00035593359355019284,36,36,53,59,59,59,42,False,False,4.596067446045429,20,max_pilot_reached,160
"Step (r=20, eta=0.01)",Sequential Pilot Safe (Ours),15,1015,24.800000000000004,24.815069421513414,0.00022708746474880935,0.0006076379642503833,36,36,53,59,59,59,42,False,False,4.590559182617393,20,max_pilot_reached,160
"Step (r=20, eta=0.01)",Sequential Pilot Safe (Ours),16,1016,24.800000000000004,24.813447824990707,0.00018084399698056614,0.000542251007689622,36,36,53,59,59,59,42,False,False,4.588050691230472,20,max_pilot_reached,160
"Step (r=20, eta=0.01)",Sequential Pilot Safe (Ours),17,1017,24.800000000000004,24.80391306418619,1.5312071325211323e-05,0.00015778484621717647,36,36,53,59,59,59,42,False,False,4.588683038511154,20,max_pilot_reached,160
"Step (r=20, eta=0.01)",Sequential Pilot Safe (Ours),18,1018,24.800000000000004,24.805209932988813,2.7143401747876886e-05,0.00021007794309712392,36,36,53,59,59,59,42,False,False,4.591719839366985,20,max_pilot_reached,160
"Step (r=20, eta=0.01)",Sequential Pilot Safe (Ours),19,1019,24.800000000000004,24.789355300222738,0.00011330963334813648,0.0004292217652123569,36,36,53,59,59,59,42,False,False,4.593326323904161,20,max_pilot_reached,160
"Step (r=20, eta=0.01)",Sequential Pilot Safe (Ours),20,1020,24.800000000000004,24.79482141004881,2.681779388259392e-05,0.00020881411093518913,36,36,53,59,59,59,42,False,False,4.591444023957839,20,max_pilot_reached,160
"Step (r=20, eta=0.01)",Sequential Pilot Safe (Ours),21,1021,24.800000000000004,24.78666570229435,0.00017780349530301774,0.0005376732945828349,36,36,53,59,59,59,42,False,False,4.59164379448738,20,max_pilot_reached,160
"Step (r=20, eta=0.01)",Sequential Pilot Safe (Ours),22,1022,24.800000000000004,24.805639820981447,3.180758070272719e-05,0.00022741213634851697,36,36,53,59,59,59,42,False,False,4.59133995782254,20,max_pilot_reached,160
"Step (r=20, eta=0.01)",Sequential Pilot Safe (Ours),23,1023,24.800000000000004,24.808146481061012,6.636515367736046e-05,0.00032848713955677025,36,36,53,59,59,59,42,False,False,4.59143821243422,20,max_pilot_reached,160
"Step (r=20, eta=0.01)",Sequential Pilot Safe (Ours),24,1024,24.800000000000004,24.78850711374458,0.0001320864344801393,0.0004634228328800445,36,36,53,59,59,59,42,False,False,4.592197740251047,20,max_pilot_reached,160
"Step (r=20, eta=0.01)",Sequential Pilot Safe (Ours),25,1025,24.800000000000004,24.785065049576417,0.00022305274415500653,0.0006022157428865792,36,36,53,59,59,59,42,False,False,4.589285335293915,20,max_pilot_reached,160
"Step (r=20, eta=0.01)",Sequential Pilot Safe (Ours),26,1026,24.800000000000004,24.780713472998023,0.00037197012379813673,0.0007776825404024538,36,36,53,59,59,59,42,False,False,4.5944937871013405,20,max_pilot_reached,160
"Step (r=20, eta=0.01)",Sequential Pilot Safe (Ours),27,1027,24.800000000000004,24.821172379785896,0.0004482696657980309,0.0008537249913665964,36,36,53,59,59,59,42,False,False,4.597288003574655,20,max_pilot_reached,160
"Step (r=20, eta=0.01)",Sequential Pilot Safe (Ours),28,1028,24.800000000000004,24.80249012276027,6.200711361185088e-06,0.00010040817581709907,36,36,53,59,59,59,42,False,False,4.587353241369034,20,max_pilot_reached,160
"Step (r=20, eta=0.01)",Sequential Pilot Safe (Ours),29,1029,24.800000000000004,24.815960481748995,0.0002547369776598644,0.0006435678124593013,36,36,53,59,59,59,42,False,False,4.595098543887062,20,max_pilot_reached,160
"Step (r=20, eta=0.01)",Sequential Pilot Safe (Ours),30,1030,24.800000000000004,24.82484101686187,0.0006170761187315559,0.0010016539057204395,36,36,53,59,59,59,42,False,False,4.592049738022618,20,max_pilot_reached,160
"Step (r=20, eta=0.01)",Sequential Pilot Safe (Ours),31,1031,24.800000000000004,24.794231357591258,3.327723523998765e-05,0.0002326065487397748,36,36,53,59,59,59,42,False,False,4.588536161302037,20,max_pilot_reached,160
"Step (r=20, eta=0.01)",Sequential Pilot Safe (Ours),32,1032,24.800000000000004,24.797433286824727,6.588016524140039e-06,0.00010349649900310088,36,36,53,59,59,59,42,False,False,4.586376254989518,20,max_pilot_reached,160
"Step (r=20, eta=0.01)",Sequential Pilot Safe (Ours),33,1033,24.800000000000004,24.800674153710133,4.5448322488087485e-07,2.7183617343916642e-05,36,36,53,59,59,59,42,False,False,4.588424014333607,20,max_pilot_reached,160
"Step (r=20, eta=0.01)",Sequential Pilot Safe (Ours),34,1034,24.800000000000004,24.7849101468206,0.00022770366897597338,0.000608461821750167,36,36,53,59,59,59,42,False,False,4.590707131450136,20,max_pilot_reached,160
"Step (r=20, eta=0.01)",Sequential Pilot Safe (Ours),35,1035,24.800000000000004,24.79204889594277,6.322005572896622e-05,0.00032060903456589525,36,36,53,59,59,59,42,False,False,4.59387891196061,20,max_pilot_reached,160
"Step (r=20, eta=0.01)",Sequential Pilot Safe (Ours),36,1036,24.800000000000004,24.785867065631717,0.00019973983385832665,0.0005698763858180509,36,36,53,59,59,59,42,False,False,4.585413432624962,20,max_pilot_reached,160
"Step (r=20, eta=0.01)",Sequential Pilot Safe (Ours),37,1037,24.800000000000004,24.79998667462307,1.7756567041818507e-10,5.373135860257009e-07,36,36,53,59,59,59,42,False,False,4.581340493182614,20,max_pilot_reached,160
"Step (r=20, eta=0.01)",Sequential Pilot Safe (Ours),38,1038,24.800000000000004,24.78074394705516,0.0003707955750146183,0.0007764537477759499,36,36,53,59,59,59,42,False,False,4.590273887533383,20,max_pilot_reached,160
"Step (r=20, eta=0.01)",Sequential Pilot Safe (Ours),39,1039,24.800000000000004,24.79992338025472,5.870585367172558e-09,3.0895058581698946e-06,36,36,53,59,59,59,42,False,False,4.590053652768314,20,max_pilot_reached,160
"Step (r=20, eta=0.01)",Sequential Pilot Safe (Ours),40,1040,24.800000000000004,24.816715563897077,0.00027941007639711786,0.0006740146732690574,36,36,53,59,59,59,42,False,False,4.593743209442373,20,max_pilot_reached,160
"Step (r=20, eta=0.01)",Sequential Pilot Safe (Ours),41,1041,24.800000000000004,24.823204283843943,0.0005384387887100586,0.0009356566066104174,36,36,53,59,59,59,42,False,False,4.574864922124374,20,max_pilot_reached,160
"Step (r=20, eta=0.01)",Sequential Pilot Safe (Ours),42,1042,24.800000000000004,24.82056148725176,0.0004227747580040558,0.0008290922278933196,36,36,53,59,59,59,42,False,False,4.5944421508874305,20,max_pilot_reached,160
"Step (r=20, eta=0.01)",Sequential Pilot Safe (Ours),43,1043,24.800000000000004,24.818688960791885,0.00034927725548045634,0.0007535871287048693,36,36,53,59,59,59,42,False,False,4.5879503045784595,20,max_pilot_reached,160
"Step (r=20, eta=0.01)",Sequential Pilot Safe (Ours),44,1044,24.800000000000004,24.787355266130437,0.0001598892946321915,0.0005098683011922442,36,36,53,59,59,59,42,False,False,4.5951551852593155,20,max_pilot_reached,160
"Step (r=20, eta=0.01)",Sequential Pilot Safe (Ours),45,1045,24.800000000000004,24.816077816171223,0.00025849617283550246,0.0006482990391620454,36,36,53,59,59,59,42,False,False,4.592062348892327,20,max_pilot_reached,160
"Step (r=20, eta=0.01)",Sequential Pilot Safe (Ours),46,1046,24.800000000000004,24.813146503419812,0.00017283055216702191,0.0005301009443470944,36,36,53,59,59,59,42,False,False,4.584646070163858,20,max_pilot_reached,160
"Step (r=20, eta=0.01)",Sequential Pilot Safe (Ours),47,1047,24.800000000000004,24.822637442883824,0.0005124538203182063,0.0009128001162830587,36,36,53,59,59,59,42,False,False,4.595112873119795,20,max_pilot_reached,160
"Step (r=20, eta=0.01)",Sequential Pilot Safe (Ours),48,1048,24.800000000000004,24.788627894056244,0.00012932479359610487,0.0004585526590225865,36,36,53,59,59,59,42,False,False,4.587583215432823,20,max_pilot_reached,160
"Step (r=20, eta=0.01)",Sequential Pilot Safe (Ours),49,1049,24.800000000000004,24.77237956374967,0.0007628884986587799,0.0011137272681586402,36,36,53,59,59,59,42,False,False,4.589417304082597,20,max_pilot_reached,160
"Step (r=20, eta=0.01)",Sequential Pilot Trust-Region (s=4),0,1000,24.800000000000004,24.828707849582663,0.0008241406276605831,0.0011575745799459333,36,36,53,59,57,57,46,True,False,4.592171545841735,20,max_pilot_reached,160
"Step (r=20, eta=0.01)",Sequential Pilot Trust-Region (s=4),1,1001,24.800000000000004,24.81781755769123,0.0003174653620802164,0.0007184499069043302,36,36,53,59,57,57,46,True,False,4.596589660842364,20,max_pilot_reached,160
"Step (r=20, eta=0.01)",Sequential Pilot Trust-Region (s=4),2,1002,24.800000000000004,24.818456552386962,0.00034064432601252435,0.0007442158220547572,36,36,53,59,57,57,46,True,False,4.589763886574153,20,max_pilot_reached,160
"Step (r=20, eta=0.01)",Sequential Pilot Trust-Region (s=4),3,1003,24.800000000000004,24.781953207101715,0.00032568673391374347,0.0007276932620277924,36,36,53,59,57,57,46,True,False,4.592180165957035,20,max_pilot_reached,160
"Step (r=20, eta=0.01)",Sequential Pilot Trust-Region (s=4),4,1004,24.800000000000004,24.82104652643715,0.000442956275069504,0.0008486502595623563,36,36,53,59,57,57,46,True,False,4.583306477202392,20,max_pilot_reached,160
"Step (r=20, eta=0.01)",Sequential Pilot Trust-Region (s=4),5,1005,24.800000000000004,24.777015691696505,0.0005282784281903064,0.0009267866251411002,36,36,53,59,57,57,46,True,False,4.5850118874543515,20,max_pilot_reached,160
"Step (r=20, eta=0.01)",Sequential Pilot Trust-Region (s=4),6,1006,24.800000000000004,24.781188650045603,0.00035386688710693965,0.0007585221755806823,36,36,53,59,57,57,46,True,False,4.575590002296966,20,max_pilot_reached,160
"Step (r=20, eta=0.01)",Sequential Pilot Trust-Region (s=4),7,1007,24.800000000000004,24.789504591647503,0.00011015359648574452,0.00042320194969761466,36,36,53,59,57,57,46,True,False,4.592581569142331,20,max_pilot_reached,160
"Step (r=20, eta=0.01)",Sequential Pilot Trust-Region (s=4),8,1008,24.800000000000004,24.83543922482839,0.0012559386564369786,0.0014290010011446465,36,36,53,59,57,57,46,True,False,4.5853284694697365,20,max_pilot_reached,160
"Step (r=20, eta=0.01)",Sequential Pilot Trust-Region (s=4),9,1009,24.800000000000004,24.789563593040267,0.00010891859022925428,0.00042082286127973195,36,36,53,59,57,57,46,True,False,4.592789248121223,20,max_pilot_reached,160
"Step (r=20, eta=0.01)",Sequential Pilot Trust-Region (s=4),10,1010,24.800000000000004,24.778021798530414,0.00048304133983789575,0.0008862178011931521,36,36,53,59,57,57,46,True,False,4.585029884782757,20,max_pilot_reached,160
"Step (r=20, eta=0.01)",Sequential Pilot Trust-Region (s=4),11,1011,24.800000000000004,24.799816323283885,3.373713604440941e-08,7.4063191983632045e-06,36,36,53,59,57,57,46,True,False,4.5854777977283,20,max_pilot_reached,160
"Step (r=20, eta=0.01)",Sequential Pilot Trust-Region (s=4),12,1012,24.800000000000004,24.794073079408527,3.512838769767845e-05,0.00023898873352731323,36,36,53,59,57,57,46,True,False,4.595531232080235,20,max_pilot_reached,160
"Step (r=20, eta=0.01)",Sequential Pilot Trust-Region (s=4),13,1013,24.800000000000004,24.797317529815373,7.195646291433512e-06,0.00010816412034801847,36,36,53,59,57,57,46,True,False,4.590718079243878,20,max_pilot_reached,160
"Step (r=20, eta=0.01)",Sequential Pilot Trust-Region (s=4),14,1014,24.800000000000004,24.803283183521888,1.0779294038368096e-05,0.0001323864323340167,36,36,53,59,57,57,46,True,False,4.596067446045429,20,max_pilot_reached,160
"Step (r=20, eta=0.01)",Sequential Pilot Trust-Region (s=4),15,1015,24.800000000000004,24.812739064265543,0.00016228375836152003,0.0005136719461910686,36,36,53,59,57,57,46,True,False,4.590559182617393,20,max_pilot_reached,160
"Step (r=20, eta=0.01)",Sequential Pilot Trust-Region (s=4),16,1016,24.800000000000004,24.803151054378787,9.929143698048514e-06,0.0001270586443057725,36,36,53,59,57,57,46,True,False,4.588050691230472,20,max_pilot_reached,160
"Step (r=20, eta=0.01)",Sequential Pilot Trust-Region (s=4),17,1017,24.800000000000004,24.796698219219568,1.0901756322058563e-05,0.0001331363217917864,36,36,53,59,57,57,46,True,False,4.588683038511154,20,max_pilot_reached,160
"Step (r=20, eta=0.01)",Sequential Pilot Trust-Region (s=4),18,1018,24.800000000000004,24.79506377320199,2.436633500144885e-05,0.00019904140314579643,36,36,53,59,57,57,46,True,False,4.591719839366985,20,max_pilot_reached,160
"Step (r=20, eta=0.01)",Sequential Pilot Trust-Region (s=4),19,1019,24.800000000000004,24.812565709598708,0.00015789705771895515,0.0005066818386574085,36,36,53,59,57,57,46,True,False,4.593326323904161,20,max_pilot_reached,160
"Step (r=20, eta=0.01)",Sequential Pilot Trust-Region (s=4),20,1020,24.800000000000004,24.80137344786308,1.886359032591765e-06,5.538096222086126e-05,36,36,53,59,57,57,46,True,False,4.591444023957839,20,max_pilot_reached,160
"Step (r=20, eta=0.01)",Sequential Pilot Trust-Region (s=4),21,1021,24.800000000000004,24.821556543717808,0.0004646845770575769,0.0008692154724920796,36,36,53,59,57,57,46,True,False,4.59164379448738,20,max_pilot_reached,160
"Step (r=20, eta=0.01)",Sequential Pilot Trust-Region (s=4),22,1022,24.800000000000004,24.800640867824406,4.1071156835301625e-07,2.5841444532315538e-05,36,36,53,59,57,57,46,True,False,4.59133995782254,20,max_pilot_reached,160
"Step (r=20, eta=0.01)",Sequential Pilot Trust-Region (s=4),23,1023,24.800000000000004,24.788180323472808,0.00013970475320754965,0.0004765998599675832,36,36,53,59,57,57,46,True,False,4.59143821243422,20,max_pilot_reached,160
"Step (r=20, eta=0.01)",Sequential Pilot Trust-Region (s=4),24,1024,24.800000000000004,24.797203023681398,7.823076526845153e-06,0.00011278130316961391,36,36,53,59,57,57,46,True,False,4.592197740251047,20,max_pilot_reached,160
"Step (r=20, eta=0.01)",Sequential Pilot Trust-Region (s=4),25,1025,24.800000000000004,24.829040755163497,0.0008433654604659339,0.0011709981920763226,36,36,53,59,57,57,46,True,False,4.589285335293915,20,max_pilot_reached,160
"Step (r=20, eta=0.01)",Sequential Pilot Trust-Region (s=4),26,1026,24.800000000000004,24.795025016150834,2.47504642995018e-05,0.00020060418746653002,36,36,53,59,57,57,46,True,False,4.5944937871013405,20,max_pilot_reached,160
"Step (r=20, eta=0.01)",Sequential Pilot Trust-Region (s=4),27,1027,24.800000000000004,24.789350354674013,0.00011341494556939716,0.00042942118249962797,36,36,53,59,57,57,46,True,False,4.597288003574655,20,max_pilot_reached,160
"Step (r=20, eta=0.01)",Sequential Pilot Trust-Region (s=4),28,1028,24.800000000000004,24.780384941086577,0.0003847505361772106,0.0007909297948962484,36,36,53,59,57,57,46,True,False,4.587353241369034,20,max_pilot_reached,160
"Step (r=20, eta=0.01)",Sequential Pilot Trust-Region (s=4),29,1029,24.800000000000004,24.781203924232884,0.0003532924642433387,0.0007579062809322827,36,36,53,59,57,57,46,True,False,4.595098543887062,20,max_pilot_reached,160
"Step (r=20, eta=0.01)",Sequential Pilot Trust-Region (s=4),30,1030,24.800000000000004,24.80706579961719,4.992552423024634e-05,0.00028491127488659075,36,36,53,59,57,57,46,True,False,4.592049738022618,20,max_pilot_reached,160
"Step (r=20, eta=0.01)",Sequential Pilot Trust-Region (s=4),31,1031,24.800000000000004,24.798943880837143,1.1153876861623885e-06,4.258545011536612e-05,36,36,53,59,57,57,46,True,False,4.588536161302037,20,max_pilot_reached,160
"Step (r=20, eta=0.01)",Sequential Pilot Trust-Region (s=4),32,1032,24.800000000000004,24.81578916075195,0.00024929759725081396,0.000636659707739786,36,36,53,59,57,57,46,True,False,4.586376254989518,20,max_pilot_reached,160
"Step (r=20, eta=0.01)",Sequential Pilot Trust-Region (s=4),33,1033,24.800000000000004,24.783100816712036,0.000285582395800349,0.0006814186809664659,36,36,53,59,57,57,46,True,False,4.588424014333607,20,max_pilot_reached,160
"Step (r=20, eta=0.01)",Sequential Pilot Trust-Region (s=4),34,1034,24.800000000000004,24.795813483785544,1.75269180139391e-05,0.00016881113767985126,36,36,53,59,57,57,46,True,False,4.590707131450136,20,max_pilot_reached,160
"Step (r=20, eta=0.01)",Sequential Pilot Trust-Region (s=4),35,1035,24.800000000000004,24.828147583936357,0.0007922864814539983,0.0011349832232400122,36,36,53,59,57,57,46,True,False,4.59387891196061,20,max_pilot_reached,160
"Step (r=20, eta=0.01)",Sequential Pilot Trust-Region (s=4),36,1036,24.800000000000004,24.79877783960505,1.4936760309909625e-06,4.928066108680279e-05,36,36,53,59,57,57,46,True,False,4.585413432624962,20,max_pilot_reached,160
"Step (r=20, eta=0.01)",Sequential Pilot Trust-Region (s=4),37,1037,24.800000000000004,24.81265979929892,0.0001602705182888376,0.0005104757781821023,36,36,53,59,57,57,46,True,False,4.581340493182614,20,max_pilot_reached,160
"Step (r=20, eta=0.01)",Sequential Pilot Trust-Region (s=4),38,1038,24.800000000000004,24.810400855809345,0.0001081778015666914,0.00041938934715082533,36,36,53,59,57,57,46,True,False,4.590273887533383,20,max_pilot_reached,160
"Step (r=20, eta=0.01)",Sequential Pilot Trust-Region (s=4),39,1039,24.800000000000004,24.802123762328733,4.510366428928971e-06,8.563557777133581e-05,36,36,53,59,57,57,46,True,False,4.590053652768314,20,max_pilot_reached,160
"Step (r=20, eta=0.01)",Sequential Pilot Trust-Region (s=4),40,1040,24.800000000000004,24.80629253309135,3.95959727057002e-05,0.00025373117303819563,36,36,53,59,57,57,46,True,False,4.593743209442373,20,max_pilot_reached,160
"Step (r=20, eta=0.01)",Sequential Pilot Trust-Region (s=4),41,1041,24.800000000000004,24.7916804884501,6.921427242897057e-05,0.00033546417539931725,36,36,53,59,57,57,46,True,False,4.574864922124374,20,max_pilot_reached,160
"Step (r=20, eta=0.01)",Sequential Pilot Trust-Region (s=4),42,1042,24.800000000000004,24.789820460315553,0.0001036230281873096,0.00041046530985688884,36,36,53,59,57,57,46,True,False,4.5944421508874305,20,max_pilot_reached,160
"Step (r=20, eta=0.01)",Sequential Pilot Trust-Region (s=4),43,1043,24.800000000000004,24.814227042129254,0.00020240872774743765,0.0005736710535987665,36,36,53,59,57,57,46,True,False,4.5879503045784595,20,max_pilot_reached,160
"Step (r=20, eta=0.01)",Sequential Pilot Trust-Region (s=4),44,1044,24.800000000000004,24.803991421119147,1.5931442550335188e-05,0.00016094439996541538,36,36,53,59,57,57,46,True,False,4.5951551852593155,20,max_pilot_reached,160
"Step (r=20, eta=0.01)",Sequential Pilot Trust-Region (s=4),45,1045,24.800000000000004,24.797076138199994,8.548967825557894e-06,0.00011789765322621087,36,36,53,59,57,57,46,True,False,4.592062348892327,20,max_pilot_reached,160
"Step (r=20, eta=0.01)",Sequential Pilot Trust-Region (s=4),46,1046,24.800000000000004,24.779376101565443,0.00042534518663908883,0.0008316088078452026,36,36,53,59,57,57,46,True,False,4.584646070163858,20,max_pilot_reached,160
"Step (r=20, eta=0.01)",Sequential Pilot Trust-Region (s=4),47,1047,24.800000000000004,24.819800796576025,0.0003920715450449723,0.0007984192167750476,36,36,53,59,57,57,46,True,False,4.595112873119795,20,max_pilot_reached,160
"Step (r=20, eta=0.01)",Sequential Pilot Trust-Region (s=4),48,1048,24.800000000000004,24.801248176870914,1.5579455010731558e-06,5.032971253666894e-05,36,36,53,59,57,57,46,True,False,4.587583215432823,20,max_pilot_reached,160
"Step (r=20, eta=0.01)",Sequential Pilot Trust-Region (s=4),49,1049,24.800000000000004,24.818185026353827,0.00033069518348923774,0.000733267191686412,36,36,53,59,57,57,46,True,False,4.589417304082597,20,max_pilot_reached,160
